id,scrimId,event_type,match_time,player_team,player_name,player_hero,ultimate_id,MapDataId
1,34,dva_remech,127.43,T_a02bf5e9,P_99d0c092,D.Va,3,203
2,34,dva_remech,352.37,T_a02bf5e9,P_99d0c092,D.Va,6,203
3,34,dva_remech,495.12,T_5568bd9d,P_5d0e2b9c,D.Va,8,203
7,69,dva_remech,593.29,T_5568bd9d,P_5d0e2b9c,D.Va,8,210
8,69,dva_remech,749.86,T_5568bd9d,P_5d0e2b9c,D.Va,10,210
9,70,dva_remech,467.27,T_a02bf5e9,P_ecbf7f52,D.Va,4,211
10,70,dva_remech,871.64,T_a02bf5e9,P_ecbf7f52,D.Va,6,211
11,71,dva_remech,467.27,T_a02bf5e9,P_ecbf7f52,D.Va,4,212
12,71,dva_remech,871.64,T_a02bf5e9,P_ecbf7f52,D.Va,6,212
13,73,dva_remech,533.71,T_5568bd9d,P_5d0e2b9c,D.Va,3,214
14,73,dva_remech,639.41,T_5568bd9d,P_5d0e2b9c,D.Va,7,214
17,74,dva_remech,40.54,T_5568bd9d,P_5d0e2b9c,D.Va,0,217
18,74,dva_remech,366.9,T_5568bd9d,P_5d0e2b9c,D.Va,4,217
19,75,dva_remech,134.32,T_5568bd9d,P_5d0e2b9c,D.Va,2,220
20,75,dva_remech,435.54,T_5568bd9d,P_5d0e2b9c,D.Va,5,220
21,94,dva_remech,784.18,T_5568bd9d,P_5d0e2b9c,D.Va,6,290
22,95,dva_remech,139.49,T_beaf8cb4,P_b12fcdd1,D.Va,2,296
23,95,dva_remech,454.83,T_beaf8cb4,P_b12fcdd1,D.Va,7,296
24,95,dva_remech,583.05,T_beaf8cb4,P_b12fcdd1,D.Va,9,296
25,95,dva_remech,702.91,T_beaf8cb4,P_b12fcdd1,D.Va,11,296
26,95,dva_remech,742.96,T_7f8fc438,P_99d0c092,D.Va,5,296
27,95,dva_remech,319.95,T_beaf8cb4,P_b12fcdd1,D.Va,5,297
28,95,dva_remech,633.77,T_beaf8cb4,P_b12fcdd1,D.Va,9,297
29,95,dva_remech,141.71,T_beaf8cb4,P_b12fcdd1,D.Va,2,298
30,95,dva_remech,411.44,T_beaf8cb4,P_b12fcdd1,D.Va,6,298
31,95,dva_remech,627.53,T_beaf8cb4,P_b12fcdd1,D.Va,8,298
32,95,dva_remech,139.49,T_beaf8cb4,P_b12fcdd1,D.Va,2,300
33,95,dva_remech,454.83,T_beaf8cb4,P_b12fcdd1,D.Va,7,300
34,95,dva_remech,583.05,T_beaf8cb4,P_b12fcdd1,D.Va,9,300
35,95,dva_remech,702.91,T_beaf8cb4,P_b12fcdd1,D.Va,11,300
36,95,dva_remech,742.96,T_7f8fc438,P_99d0c092,D.Va,5,300
37,95,dva_remech,141.71,T_beaf8cb4,P_b12fcdd1,D.Va,2,302
38,95,dva_remech,411.44,T_beaf8cb4,P_b12fcdd1,D.Va,6,302
39,95,dva_remech,627.53,T_beaf8cb4,P_b12fcdd1,D.Va,8,302
40,95,dva_remech,141.71,T_beaf8cb4,P_b12fcdd1,D.Va,2,303
41,95,dva_remech,411.44,T_beaf8cb4,P_b12fcdd1,D.Va,6,303
42,95,dva_remech,627.53,T_beaf8cb4,P_b12fcdd1,D.Va,8,303
43,95,dva_remech,141.71,T_beaf8cb4,P_b12fcdd1,D.Va,2,304
44,95,dva_remech,411.44,T_beaf8cb4,P_b12fcdd1,D.Va,6,304
45,95,dva_remech,627.53,T_beaf8cb4,P_b12fcdd1,D.Va,8,304
46,96,dva_remech,139.49,T_beaf8cb4,P_b12fcdd1,D.Va,2,305
47,96,dva_remech,454.83,T_beaf8cb4,P_b12fcdd1,D.Va,7,305
48,96,dva_remech,583.05,T_beaf8cb4,P_b12fcdd1,D.Va,9,305
49,96,dva_remech,702.91,T_beaf8cb4,P_b12fcdd1,D.Va,11,305
50,96,dva_remech,742.96,T_7f8fc438,P_99d0c092,D.Va,5,305
51,96,dva_remech,319.95,T_beaf8cb4,P_b12fcdd1,D.Va,5,306
52,96,dva_remech,633.77,T_beaf8cb4,P_b12fcdd1,D.Va,9,306
53,96,dva_remech,141.71,T_beaf8cb4,P_b12fcdd1,D.Va,2,307
54,96,dva_remech,411.44,T_beaf8cb4,P_b12fcdd1,D.Va,6,307
55,96,dva_remech,627.53,T_beaf8cb4,P_b12fcdd1,D.Va,8,307
56,99,dva_remech,167.95,T_5568bd9d,P_6696ec60,D.Va,2,321
57,99,dva_remech,408.75,T_5568bd9d,P_6696ec60,D.Va,5,321
58,99,dva_remech,735.54,T_a02bf5e9,P_d311918f,D.Va,8,321
59,99,dva_remech,303.92,T_a02bf5e9,P_d311918f,D.Va,3,323
60,99,dva_remech,490.17,T_a02bf5e9,P_d311918f,D.Va,5,323
61,100,dva_remech,108.99,T_5568bd9d,P_6a668438,D.Va,1,327
62,100,dva_remech,159.38,T_5568bd9d,P_6a668438,D.Va,3,327
63,100,dva_remech,222.02,T_5568bd9d,P_6a668438,D.Va,4,327
64,100,dva_remech,402.96,T_5568bd9d,P_6a668438,D.Va,6,327
65,100,dva_remech,609.55,T_5568bd9d,P_6a668438,D.Va,8,327
66,104,dva_remech,539.57,T_5568bd9d,P_af63c2c0,D.Va,5,339
67,114,dva_remech,161.26,T_92ddd88e,P_4f47c2eb,D.Va,4,385
68,114,dva_remech,190.23,T_92ddd88e,P_4f47c2eb,D.Va,5,385
69,115,dva_remech,76,T_5568bd9d,P_5d0e2b9c,D.Va,1,392
70,115,dva_remech,636.23,T_5568bd9d,P_5d0e2b9c,D.Va,7,392
71,115,dva_remech,867.75,T_5568bd9d,P_5d0e2b9c,D.Va,10,392
72,115,dva_remech,910.43,T_5568bd9d,P_5d0e2b9c,D.Va,11,392
73,115,dva_remech,984.69,T_5568bd9d,P_5d0e2b9c,D.Va,13,392
74,115,dva_remech,481.88,T_5568bd9d,P_5d0e2b9c,D.Va,6,394
75,115,dva_remech,917.72,T_5568bd9d,P_5d0e2b9c,D.Va,9,394
76,133,dva_remech,612.48,T_5568bd9d,P_3802796b,D.Va,4,450
77,142,dva_remech,0,T_a02bf5e9,P_99d0c092,D.Va,2,488
78,142,dva_remech,0,T_a02bf5e9,P_99d0c092,D.Va,7,488
85,156,dva_remech,202.84,T_b16cd221,P_e2119203,D.Va,3,541
86,156,dva_remech,318.76,T_b16cd221,P_e2119203,D.Va,5,541
87,156,dva_remech,257.57,T_6245d371,P_8357e10e,D.Va,2,544
94,170,dva_remech,257.57,T_6245d371,P_8357e10e,D.Va,2,588
95,171,dva_remech,178.27,T_b733c15a,P_c580c001,D.Va,2,590
96,171,dva_remech,436.18,T_b733c15a,P_c580c001,D.Va,4,590
97,178,dva_remech,555.87,T_f87f7ea4,P_735bc8f1,D.Va,3,610
98,178,dva_remech,85.34,T_7f8fc438,P_99d0c092,D.Va,2,611
99,178,dva_remech,269.52,T_7f8fc438,P_99d0c092,D.Va,4,611
100,178,dva_remech,356.73,T_f87f7ea4,P_735bc8f1,D.Va,4,611
101,178,dva_remech,411.32,T_7f8fc438,P_99d0c092,D.Va,6,611
102,208,dva_remech,111.88,T_7f8fc438,P_99d0c092,D.Va,2,708
103,208,dva_remech,468.86,T_7f8fc438,P_99d0c092,D.Va,5,708
104,208,dva_remech,559.89,T_7f8fc438,P_99d0c092,D.Va,7,708
105,208,dva_remech,602.55,T_7f8fc438,P_99d0c092,D.Va,8,708
110,228,dva_remech,0,T_5568bd9d,P_aedb6a9e,D.Va,9,747
113,244,dva_remech,791.37,T_a02bf5e9,P_eb33580d,D.Va,5,792
114,252,dva_remech,262.33,T_566f2633,P_75ace21a,D.Va,2,822
115,252,dva_remech,427.92,T_566f2633,P_75ace21a,D.Va,4,822
116,252,dva_remech,371.76,T_566f2633,P_75ace21a,D.Va,2,825
117,252,dva_remech,560.52,T_566f2633,P_75ace21a,D.Va,5,825
118,252,dva_remech,571.42,T_71e9144f,P_2bfbdde1,D.Va,6,825
119,252,dva_remech,658.02,T_566f2633,P_75ace21a,D.Va,9,825
132,261,dva_remech,554.74,T_7bf56e68,P_eca9f253,D.Va,3,854
133,281,dva_remech,801.97,T_a02bf5e9,P_5a638b6c,D.Va,4,900
137,285,dva_remech,384.69,T_a02bf5e9,P_8f220ed3,D.Va,5,918
143,292,dva_remech,315.85,T_7f8fc438,P_99d0c092,D.Va,2,937
144,293,dva_remech,420.02,T_a02bf5e9,P_4d3d25cb,D.Va,4,944
145,293,dva_remech,437.6,T_5568bd9d,P_9871455a,D.Va,3,944
146,293,dva_remech,643.09,T_a02bf5e9,P_4d3d25cb,D.Va,6,944
147,293,dva_remech,863.29,T_a02bf5e9,P_4d3d25cb,D.Va,10,944
148,293,dva_remech,448.89,T_a02bf5e9,P_4d3d25cb,D.Va,4,947
149,293,dva_remech,732.52,T_5568bd9d,P_9871455a,D.Va,8,947
150,294,dva_remech,58.46,T_5568bd9d,P_66f6b315,D.Va,1,949
151,294,dva_remech,202.2,T_5568bd9d,P_66f6b315,D.Va,3,949
152,296,dva_remech,760.56,T_a02bf5e9,P_a01ea2e4,D.Va,5,966
153,296,dva_remech,888.62,T_a02bf5e9,P_a01ea2e4,D.Va,7,966
156,300,dva_remech,194.08,T_a02bf5e9,P_d1458e89,D.Va,4,993
157,306,dva_remech,680.05,T_a02bf5e9,P_c6fdfe36,D.Va,4,1021
158,306,dva_remech,755.78,T_a02bf5e9,P_c6fdfe36,D.Va,6,1021
159,312,dva_remech,573.93,T_5568bd9d,P_1f6fe584,D.Va,6,1060
160,312,dva_remech,646.76,T_5568bd9d,P_1f6fe584,D.Va,7,1060
161,312,dva_remech,191.47,T_5568bd9d,P_1f6fe584,D.Va,2,1061
162,312,dva_remech,337.39,T_5568bd9d,P_1f6fe584,D.Va,5,1061
163,312,dva_remech,444.44,T_5568bd9d,P_1f6fe584,D.Va,7,1061
164,312,dva_remech,905.98,T_5568bd9d,P_1f6fe584,D.Va,12,1061
165,314,dva_remech,662.36,T_5568bd9d,P_14c2aa76,D.Va,5,1065
166,315,dva_remech,662.36,T_5568bd9d,P_14c2aa76,D.Va,5,1071
167,319,dva_remech,419.03,T_a02bf5e9,P_0f66b5ed,D.Va,3,1089
176,339,dva_remech,195.83,T_30161e91,P_01c03a43,D.Va,2,1189
177,339,dva_remech,469.27,T_30161e91,P_01c03a43,D.Va,4,1189
178,339,dva_remech,649.09,T_30161e91,P_01c03a43,D.Va,6,1189
187,344,dva_remech,625.13,T_c8373fd8,P_672c303d,D.Va,4,1204
193,350,dva_remech,144.11,T_a02bf5e9,P_ab7fc22e,D.Va,2,1249
194,350,dva_remech,473.32,T_a02bf5e9,P_ab7fc22e,D.Va,5,1249
195,350,dva_remech,698.34,T_a02bf5e9,P_ab7fc22e,D.Va,8,1249
196,350,dva_remech,833.1,T_a02bf5e9,P_ab7fc22e,D.Va,12,1249
197,351,dva_remech,410.9,T_a02bf5e9,P_f1451817,D.Va,4,1257
198,351,dva_remech,496.18,T_a02bf5e9,P_f1451817,D.Va,5,1257
199,351,dva_remech,133.71,T_a02bf5e9,P_f1451817,D.Va,1,1260
200,351,dva_remech,270.71,T_a02bf5e9,P_f1451817,D.Va,3,1260
204,354,dva_remech,110.14,T_5568bd9d,P_5b00f262,D.Va,2,1274
205,354,dva_remech,253.9,T_5568bd9d,P_5b00f262,D.Va,4,1274
206,354,dva_remech,263.84,T_a02bf5e9,P_f4d3ce08,D.Va,3,1274
207,354,dva_remech,396.76,T_5568bd9d,P_5b00f262,D.Va,6,1274
208,354,dva_remech,432.23,T_5568bd9d,P_5b00f262,D.Va,7,1274
209,354,dva_remech,443.57,T_a02bf5e9,P_f4d3ce08,D.Va,5,1274
210,354,dva_remech,600.76,T_a02bf5e9,P_f4d3ce08,D.Va,6,1274
211,354,dva_remech,765.83,T_a02bf5e9,P_f4d3ce08,D.Va,10,1274
212,354,dva_remech,464.16,T_a02bf5e9,P_f4d3ce08,D.Va,3,1276
213,354,dva_remech,164.63,T_a02bf5e9,P_f4d3ce08,D.Va,1,1278
214,354,dva_remech,410.78,T_a02bf5e9,P_f4d3ce08,D.Va,5,1278
215,354,dva_remech,534.01,T_a02bf5e9,P_f4d3ce08,D.Va,8,1278
216,355,dva_remech,498.96,T_fc5934b1,P_671b2eeb,D.Va,4,1280
217,355,dva_remech,723.64,T_fc5934b1,P_671b2eeb,D.Va,7,1280
218,355,dva_remech,751.95,T_4408f908,P_f65b6b44,D.Va,4,1280
219,355,dva_remech,768.42,T_4408f908,P_f65b6b44,D.Va,5,1280
220,355,dva_remech,809.85,T_4408f908,P_f65b6b44,D.Va,5,1280
221,355,dva_remech,890.98,T_fc5934b1,P_671b2eeb,D.Va,9,1280
222,356,dva_remech,498.96,T_fc5934b1,P_671b2eeb,D.Va,4,1288
223,356,dva_remech,723.64,T_fc5934b1,P_671b2eeb,D.Va,7,1288
224,356,dva_remech,751.95,T_4408f908,P_f65b6b44,D.Va,4,1288
225,356,dva_remech,768.42,T_4408f908,P_f65b6b44,D.Va,5,1288
226,356,dva_remech,809.85,T_4408f908,P_f65b6b44,D.Va,5,1288
227,356,dva_remech,890.98,T_fc5934b1,P_671b2eeb,D.Va,9,1288
228,375,dva_remech,357.1,T_5568bd9d,P_98c9e478,D.Va,3,1306
231,381,dva_remech,257.15,T_a02bf5e9,P_8fd2ec67,D.Va,2,1339
232,381,dva_remech,741.54,T_a02bf5e9,P_8fd2ec67,D.Va,4,1339
233,395,dva_remech,137.9,T_5568bd9d,P_1f6fe584,D.Va,2,1398
234,395,dva_remech,156.28,T_5568bd9d,P_1f6fe584,D.Va,3,1398
235,395,dva_remech,312.81,T_5568bd9d,P_1f6fe584,D.Va,5,1398
236,395,dva_remech,543.96,T_5568bd9d,P_1f6fe584,D.Va,9,1398
239,404,dva_remech,862.57,T_4407b417,P_bf071a41,D.Va,7,1426
243,417,dva_remech,253.77,T_5568bd9d,P_8fd2ec67,Ramattra,3,1486
244,417,dva_remech,498.86,T_5568bd9d,P_8fd2ec67,D.Va,5,1486
245,417,dva_remech,686.83,T_5568bd9d,P_8fd2ec67,D.Va,7,1486
246,418,dva_remech,180.8,T_5568bd9d,P_66f6b315,D.Va,2,1492
247,418,dva_remech,551.34,T_5568bd9d,P_66f6b315,D.Va,6,1492
248,418,dva_remech,763.32,T_5568bd9d,P_66f6b315,D.Va,8,1492
249,418,dva_remech,865.85,T_5568bd9d,P_66f6b315,D.Va,10,1492
250,419,dva_remech,44.96,T_e9654697,P_1de66280,D.Va,1,1495
251,419,dva_remech,451.05,T_e9654697,P_1de66280,D.Va,3,1500
252,419,dva_remech,624.56,T_e9654697,P_1de66280,D.Va,6,1500
253,419,dva_remech,637.32,T_e9654697,P_1de66280,D.Va,7,1500
254,419,dva_remech,771.79,T_e9654697,P_1de66280,D.Va,9,1500
255,419,dva_remech,799.41,T_e9654697,P_1de66280,D.Va,10,1500
256,421,dva_remech,304.95,T_5568bd9d,P_1f6fe584,D.Va,6,1510
257,421,dva_remech,597.5,T_5568bd9d,P_1f6fe584,D.Va,3,1511
258,421,dva_remech,680.11,T_5568bd9d,P_1f6fe584,D.Va,5,1511
262,426,dva_remech,330.88,T_107b38a8,P_f4d3ce08,D.Va,2,1529
263,429,dva_remech,165.61,T_a06a679c,P_d7081854,D.Va,2,1550
264,429,dva_remech,346.75,T_a06a679c,P_d7081854,D.Va,4,1550
265,430,dva_remech,608.84,T_5568bd9d,P_9358f7d7,D.Va,4,1557
267,433,dva_remech,244.6,T_5568bd9d,P_1f6fe584,D.Va,2,1574
268,433,dva_remech,506.24,T_5568bd9d,P_1f6fe584,D.Va,6,1574
269,433,dva_remech,602.3,T_5568bd9d,P_1f6fe584,D.Va,8,1574
270,433,dva_remech,58.32,T_5568bd9d,P_1f6fe584,D.Va,1,1575
271,433,dva_remech,375.53,T_5568bd9d,P_1f6fe584,D.Va,7,1575
272,433,dva_remech,58.32,T_5568bd9d,P_1f6fe584,D.Va,1,1576
273,433,dva_remech,375.53,T_5568bd9d,P_1f6fe584,D.Va,7,1576
274,449,dva_remech,434.38,T_5568bd9d,P_cea9a24c,D.Va,2,1630
275,449,dva_remech,596.59,T_5568bd9d,P_cea9a24c,D.Va,6,1630
276,450,dva_remech,434.38,T_5568bd9d,P_cea9a24c,D.Va,2,1631
277,450,dva_remech,596.59,T_5568bd9d,P_cea9a24c,D.Va,6,1631
278,451,dva_remech,434.38,T_5568bd9d,P_cea9a24c,D.Va,2,1632
279,451,dva_remech,596.59,T_5568bd9d,P_cea9a24c,D.Va,6,1632
280,452,dva_remech,434.38,T_5568bd9d,P_cea9a24c,D.Va,2,1633
281,452,dva_remech,596.59,T_5568bd9d,P_cea9a24c,D.Va,6,1633
282,452,dva_remech,413.11,T_5568bd9d,P_cea9a24c,D.Va,4,1636
283,453,dva_remech,548.53,T_a02bf5e9,P_57745b4b,D.Va,2,1640
287,454,dva_remech,540.86,T_5568bd9d,P_cea9a24c,D.Va,6,1648
288,455,dva_remech,149.99,T_5568bd9d,P_0f66b5ed,D.Va,3,1652
289,454,dva_remech,191.56,T_5568bd9d,P_cea9a24c,D.Va,2,1656
290,454,dva_remech,434.22,T_5568bd9d,P_cea9a24c,D.Va,6,1656
291,454,dva_remech,562.81,T_5568bd9d,P_cea9a24c,D.Va,8,1656
293,460,dva_remech,93.36,T_5568bd9d,P_1f6fe584,D.Va,1,1683
294,460,dva_remech,66.16,T_a02bf5e9,P_1f6fe584,D.Va,1,1685
295,469,dva_remech,481.8,T_a02bf5e9,P_7b9f6961,D.Va,4,1707
296,469,dva_remech,792.61,T_a02bf5e9,P_7b9f6961,D.Va,7,1707
297,470,dva_remech,195.85,T_5568bd9d,P_063266d2,D.Va,4,1709
298,470,dva_remech,405.57,T_5568bd9d,P_063266d2,D.Va,6,1709
299,470,dva_remech,776.68,T_5568bd9d,P_063266d2,D.Va,8,1709
300,470,dva_remech,940.62,T_5568bd9d,P_063266d2,D.Va,12,1709
301,471,dva_remech,153.25,T_f5419237,P_d239eb04,D.Va,2,1723
302,471,dva_remech,222.75,T_f5419237,P_d239eb04,D.Va,3,1723
303,471,dva_remech,426.57,T_f5419237,P_d239eb04,D.Va,6,1723
304,471,dva_remech,538.14,T_f5419237,P_d239eb04,D.Va,8,1723
306,473,dva_remech,343.49,T_112451a5,P_bab96bbf,D.Va,4,1732
307,473,dva_remech,591.6,T_112451a5,P_bab96bbf,D.Va,7,1732
308,473,dva_remech,715.3,T_112451a5,P_bab96bbf,D.Va,9,1732
309,474,dva_remech,343.49,T_112451a5,P_bab96bbf,D.Va,4,1735
310,474,dva_remech,591.6,T_112451a5,P_bab96bbf,D.Va,7,1735
311,474,dva_remech,715.3,T_112451a5,P_bab96bbf,D.Va,9,1735
312,487,dva_remech,493.76,T_a02bf5e9,P_cf633bc5,D.Va,8,1780
313,487,dva_remech,826.84,T_a02bf5e9,P_cf633bc5,D.Va,8,1784
314,487,dva_remech,846.93,T_a02bf5e9,P_cf633bc5,D.Va,10,1784
315,494,dva_remech,405.51,T_967fa57b,P_1f6fe584,D.Va,5,1820
316,494,dva_remech,155.7,T_967fa57b,P_1f6fe584,D.Va,2,1821
317,494,dva_remech,312.35,T_967fa57b,P_1f6fe584,D.Va,4,1821
318,494,dva_remech,370.82,T_967fa57b,P_1f6fe584,D.Va,6,1821
319,495,dva_remech,74.01,T_b7e00eb0,P_ef1e2905,D.Va,2,1827
320,495,dva_remech,189.25,T_b92f091c,P_063266d2,D.Va,3,1827
321,495,dva_remech,232.21,T_b7e00eb0,P_ef1e2905,D.Va,6,1827
322,495,dva_remech,293.23,T_b7e00eb0,P_ef1e2905,D.Va,7,1827
323,495,dva_remech,382.52,T_b92f091c,P_063266d2,D.Va,5,1827
324,495,dva_remech,718.31,T_b7e00eb0,P_ef1e2905,D.Va,12,1827
325,495,dva_remech,779.25,T_b7e00eb0,P_ef1e2905,D.Va,14,1827
326,495,dva_remech,945.98,T_b7e00eb0,P_ef1e2905,D.Va,16,1827
327,495,dva_remech,987.81,T_b7e00eb0,P_ef1e2905,D.Va,17,1827
328,501,dva_remech,620.31,T_967fa57b,P_1f6fe584,D.Va,6,1837
329,501,dva_remech,144.14,T_967fa57b,P_1f6fe584,D.Va,1,1843
331,502,dva_remech,620.31,T_967fa57b,P_1f6fe584,D.Va,6,1846
334,503,dva_remech,855.01,T_f5419237,P_2bfbdde1,D.Va,6,1858
336,508,dva_remech,128.17,T_06ca9822,P_750dc144,D.Va,2,1874
337,508,dva_remech,174.78,T_06ca9822,P_750dc144,D.Va,3,1874
343,513,dva_remech,138.93,T_f89d2836,P_b7084e6a,D.Va,2,1895
344,528,dva_remech,380.42,T_5568bd9d,P_c65e98be,D.Va,3,1965
345,536,dva_remech,176.41,T_a02bf5e9,P_6ca8b1c5,D.Va,2,1998
346,536,dva_remech,443.12,T_5568bd9d,P_063266d2,D.Va,4,1998
347,536,dva_remech,155.01,T_a02bf5e9,P_6ca8b1c5,D.Va,2,2000
348,536,dva_remech,292.74,T_a02bf5e9,P_6ca8b1c5,D.Va,3,2000
349,536,dva_remech,352.26,T_5568bd9d,P_063266d2,D.Va,2,2000
350,536,dva_remech,493.57,T_5568bd9d,P_063266d2,D.Va,3,2000
351,536,dva_remech,724.28,T_5568bd9d,P_063266d2,D.Va,6,2000
353,545,dva_remech,355.48,T_5568bd9d,P_6c73460e,D.Va,4,2048
354,547,dva_remech,367.96,T_5568bd9d,P_e5416907,D.Va,4,2064
355,547,dva_remech,420.77,T_5568bd9d,P_e5416907,D.Va,5,2064
356,549,dva_remech,871.55,T_5568bd9d,P_063266d2,D.Va,8,2068
357,559,dva_remech,218.46,T_545a476b,P_585afe11,D.Va,3,2095
358,559,dva_remech,319.55,T_545a476b,P_585afe11,D.Va,5,2095
359,559,dva_remech,421.65,T_545a476b,P_585afe11,D.Va,8,2095
360,559,dva_remech,434.83,T_545a476b,P_585afe11,D.Va,9,2095
361,559,dva_remech,570.37,T_545a476b,P_585afe11,D.Va,11,2095
362,560,dva_remech,218.46,T_545a476b,P_585afe11,D.Va,3,2096
363,560,dva_remech,319.55,T_545a476b,P_585afe11,D.Va,5,2096
364,560,dva_remech,421.65,T_545a476b,P_585afe11,D.Va,8,2096
365,560,dva_remech,434.83,T_545a476b,P_585afe11,D.Va,9,2096
366,560,dva_remech,570.37,T_545a476b,P_585afe11,D.Va,11,2096
369,563,dva_remech,367.96,T_5568bd9d,P_e5416907,D.Va,4,2104
370,563,dva_remech,420.77,T_5568bd9d,P_e5416907,D.Va,5,2104
371,564,dva_remech,298.14,T_bfd8a0de,P_f9362958,D.Va,2,2106
372,564,dva_remech,615.61,T_bfd8a0de,P_f9362958,D.Va,5,2106
375,568,dva_remech,201.16,T_a02bf5e9,P_0366ed55,D.Va,2,2129
376,568,dva_remech,270.74,T_a02bf5e9,P_0366ed55,D.Va,3,2129
377,568,dva_remech,689.84,T_a02bf5e9,P_f37068a2,D.Va,5,2136
381,576,dva_remech,328.8,T_6693c46d,P_2be50ced,D.Va,2,2172
382,576,dva_remech,470.83,T_6693c46d,P_2be50ced,D.Va,4,2172
383,576,dva_remech,716.68,T_6693c46d,P_2be50ced,D.Va,6,2172
384,577,dva_remech,502.26,T_9132db8b,P_07fbe5c9,D.Va,5,2177
385,581,dva_remech,335.68,T_3e0bb6bb,P_5dfca063,D.Va,3,2192
386,581,dva_remech,683.53,T_3e0bb6bb,P_5dfca063,D.Va,6,2192
387,581,dva_remech,228.39,T_3e0bb6bb,P_5dfca063,D.Va,2,2195
388,581,dva_remech,620.02,T_3e0bb6bb,P_5dfca063,D.Va,5,2195
389,582,dva_remech,126.19,T_5568bd9d,P_063266d2,D.Va,2,2198
390,582,dva_remech,149.6,T_5568bd9d,P_063266d2,D.Va,3,2198
391,582,dva_remech,349.08,T_5568bd9d,P_063266d2,D.Va,5,2198
392,582,dva_remech,536.03,T_5568bd9d,P_063266d2,D.Va,7,2198
393,582,dva_remech,646.5,T_5568bd9d,P_063266d2,D.Va,9,2198
394,533,dva_remech,556.5,T_6f1da461,P_66f6b315,D.Va,4,2244
395,607,dva_remech,203.8,T_78387d52,P_8ce8687a,D.Va,3,2249
396,607,dva_remech,247.34,T_78387d52,P_8ce8687a,D.Va,4,2249
397,608,dva_remech,556.5,T_6f1da461,P_66f6b315,D.Va,4,2252
398,609,dva_remech,317.2,T_a02bf5e9,P_180980c7,D.Va,3,2257
399,609,dva_remech,363.74,T_a02bf5e9,P_180980c7,D.Va,5,2257
400,609,dva_remech,748.88,T_a02bf5e9,P_180980c7,D.Va,9,2257
401,609,dva_remech,905.45,T_a02bf5e9,P_180980c7,D.Va,11,2257
402,609,dva_remech,406.21,T_a02bf5e9,P_180980c7,D.Va,4,2258
403,609,dva_remech,637.59,T_a02bf5e9,P_180980c7,D.Va,6,2258
404,609,dva_remech,817.7,T_a02bf5e9,P_180980c7,D.Va,8,2258
405,615,dva_remech,170.31,T_5568bd9d,P_063266d2,D.Va,2,2279
406,619,dva_remech,629.29,T_a02bf5e9,P_f695116a,D.Va,2,2302
407,619,dva_remech,737.3,T_e5823043,P_f695116a,D.Va,3,2303
408,619,dva_remech,763.33,T_e5823043,P_f695116a,D.Va,5,2303
409,621,dva_remech,75.68,T_0cac1da9,P_2be50ced,D.Va,1,2314
410,621,dva_remech,188.95,T_0cac1da9,P_2be50ced,D.Va,3,2314
411,621,dva_remech,648.85,T_0cac1da9,P_2be50ced,D.Va,8,2314
412,621,dva_remech,493.04,T_342d2e4b,P_0dec2868,D.Va,3,2317
413,622,dva_remech,470.31,T_0cac1da9,P_2be50ced,D.Va,3,2322
414,622,dva_remech,706.33,T_f65c9ba1,P_dcb12144,D.Va,5,2322
432,631,dva_remech,226.51,T_1e658c0a,P_ab7fc22e,D.Va,2,2382
434,632,dva_remech,142.69,T_b92f091c,P_063266d2,D.Va,2,2390
435,632,dva_remech,246.19,T_b92f091c,P_063266d2,D.Va,4,2390
436,632,dva_remech,341.43,T_b92f091c,P_063266d2,D.Va,4,2391
437,632,dva_remech,622.46,T_b92f091c,P_063266d2,D.Va,7,2391
438,641,dva_remech,281.64,T_b5608b55,P_3ddd745b,D.Va,2,2402
439,641,dva_remech,281.64,T_b5608b55,P_3ddd745b,D.Va,2,2404
440,641,dva_remech,281.64,T_b5608b55,P_3ddd745b,D.Va,2,2408
441,641,dva_remech,281.64,T_b5608b55,P_3ddd745b,D.Va,2,2409
442,642,dva_remech,635.43,T_0cac1da9,P_2be50ced,D.Va,6,2410
443,645,dva_remech,230.8,T_5568bd9d,P_98c9e478,D.Va,2,2429
444,645,dva_remech,591.47,T_5568bd9d,P_98c9e478,D.Va,5,2430
445,645,dva_remech,405.19,T_a02bf5e9,P_0f66b5ed,D.Va,2,2432
450,654,dva_remech,92.27,T_0cac1da9,P_2be50ced,D.Va,1,2460
451,654,dva_remech,121.1,T_0cac1da9,P_2be50ced,D.Va,3,2460
452,654,dva_remech,231.76,T_0cac1da9,P_2be50ced,D.Va,5,2460
453,654,dva_remech,334.49,T_0cac1da9,P_2be50ced,D.Va,7,2460
454,654,dva_remech,410.65,T_0cac1da9,P_2be50ced,D.Va,8,2460
455,654,dva_remech,614.03,T_0cac1da9,P_2be50ced,D.Va,10,2460
456,654,dva_remech,202.01,T_a55c988b,P_92776a01,D.Va,1,2462
457,654,dva_remech,279.34,T_0cac1da9,P_2be50ced,D.Va,3,2462
458,654,dva_remech,329.1,T_a55c988b,P_92776a01,D.Va,3,2462
459,655,dva_remech,187.75,T_0cac1da9,P_2be50ced,D.Va,2,2470
460,656,dva_remech,107.24,T_014a95e2,P_14e5b4cf,D.Va,1,2472
461,656,dva_remech,120.95,T_014a95e2,P_14e5b4cf,D.Va,3,2472
462,656,dva_remech,775.82,T_0cac1da9,P_2be50ced,D.Va,5,2475
463,656,dva_remech,843.58,T_0cac1da9,P_2be50ced,D.Va,7,2475
464,656,dva_remech,973.11,T_0cac1da9,P_2be50ced,D.Va,9,2475
470,659,dva_remech,223.98,T_5568bd9d,P_a994815b,D.Va,2,2485
471,659,dva_remech,373.88,T_5568bd9d,P_a994815b,D.Va,3,2485
478,664,dva_remech,145.97,T_a3408080,P_1f6fe584,D.Va,2,2515
479,664,dva_remech,509.15,T_a3408080,P_1f6fe584,D.Va,7,2515
480,664,dva_remech,145.97,T_a3408080,P_1f6fe584,D.Va,2,2516
481,664,dva_remech,509.15,T_a3408080,P_1f6fe584,D.Va,7,2516
482,664,dva_remech,292.55,T_a3408080,P_1f6fe584,D.Va,3,2517
483,664,dva_remech,416.86,T_a3408080,P_1f6fe584,D.Va,5,2517
484,664,dva_remech,572.28,T_a3408080,P_1f6fe584,D.Va,9,2517
485,664,dva_remech,686.76,T_a3408080,P_1f6fe584,D.Va,11,2517
486,664,dva_remech,114.04,T_a3408080,P_1f6fe584,D.Va,2,2519
487,664,dva_remech,378.94,T_a3408080,P_1f6fe584,D.Va,5,2519
488,664,dva_remech,752.11,T_a3408080,P_1f6fe584,D.Va,9,2519
489,664,dva_remech,916.67,T_a3408080,P_1f6fe584,D.Va,12,2519
497,666,dva_remech,180.4,T_a02bf5e9,P_41dab37f,D.Va,2,2531
500,672,dva_remech,503.92,T_a02bf5e9,P_80ba3b78,D.Va,4,2574
501,672,dva_remech,577.52,T_a02bf5e9,P_80ba3b78,D.Va,6,2574
502,672,dva_remech,728.62,T_a02bf5e9,P_80ba3b78,D.Va,8,2574
503,672,dva_remech,857.99,T_a02bf5e9,P_80ba3b78,D.Va,10,2574
504,672,dva_remech,382.58,T_a02bf5e9,P_c5a2358f,D.Va,3,2582
505,672,dva_remech,500.94,T_a02bf5e9,P_c5a2358f,D.Va,5,2582
506,681,dva_remech,479.43,T_5568bd9d,P_a994815b,D.Va,4,2612
507,681,dva_remech,206.89,T_5568bd9d,P_a994815b,D.Va,2,2613
508,681,dva_remech,258.56,T_5568bd9d,P_a994815b,D.Va,3,2613
509,684,dva_remech,436.51,T_0cac1da9,P_2be50ced,D.Va,3,2636
510,684,dva_remech,470.26,T_0cac1da9,P_2be50ced,D.Va,5,2636
511,684,dva_remech,436.51,T_0cac1da9,P_2be50ced,D.Va,3,2637
512,684,dva_remech,470.26,T_0cac1da9,P_2be50ced,D.Va,5,2637
513,685,dva_remech,578.45,T_fffd4f85,P_ad901cd5,D.Va,5,2643
514,690,dva_remech,193.92,T_a02bf5e9,P_424a0ce5,D.Va,2,2659
515,691,dva_remech,353.33,T_5568bd9d,P_a994815b,D.Va,4,2665
516,691,dva_remech,503.43,T_5568bd9d,P_a994815b,D.Va,5,2665
518,691,dva_remech,49.15,T_5568bd9d,P_a994815b,D.Va,1,2667
519,691,dva_remech,242.71,T_5568bd9d,P_a994815b,D.Va,3,2667
520,693,dva_remech,705.63,T_a3408080,P_1f6fe584,D.Va,4,2676
521,702,dva_remech,177.01,T_a3408080,P_1f6fe584,D.Va,2,2717
522,702,dva_remech,289.25,T_ec64cb45,P_c322036a,D.Va,2,2717
523,702,dva_remech,333.77,T_a3408080,P_1f6fe584,D.Va,4,2717
524,702,dva_remech,411.25,T_ec64cb45,P_c322036a,D.Va,5,2717
525,702,dva_remech,482.9,T_a3408080,P_1f6fe584,D.Va,5,2717
526,702,dva_remech,576.33,T_a3408080,P_1f6fe584,D.Va,7,2717
527,702,dva_remech,716.32,T_a3408080,P_1f6fe584,D.Va,9,2717
528,702,dva_remech,855.66,T_a3408080,P_1f6fe584,D.Va,11,2717
529,702,dva_remech,103.58,T_ec64cb45,P_c322036a,D.Va,1,2719
530,702,dva_remech,212.28,T_ec64cb45,P_c322036a,D.Va,3,2719
531,702,dva_remech,216.33,T_a3408080,P_1f6fe584,D.Va,2,2719
532,702,dva_remech,243.42,T_ec64cb45,P_c322036a,D.Va,4,2719
533,702,dva_remech,330.24,T_ec64cb45,P_c322036a,D.Va,5,2719
534,702,dva_remech,363.42,T_a3408080,P_1f6fe584,D.Va,4,2719
535,702,dva_remech,572.27,T_ec64cb45,P_c322036a,D.Va,11,2719
537,708,dva_remech,374.24,T_c65064ab,P_14a87760,D.Va,3,2748
538,708,dva_remech,634.46,T_c65064ab,P_14a87760,D.Va,6,2748
539,708,dva_remech,661.91,T_a3408080,P_1f6fe584,D.Va,6,2748
543,709,dva_remech,480.72,T_a3408080,P_1f6fe584,D.Va,5,2753
544,709,dva_remech,88.3,T_a3408080,P_1f6fe584,D.Va,2,2755
545,709,dva_remech,432.18,T_a3408080,P_1f6fe584,D.Va,6,2755
546,709,dva_remech,88.3,T_a3408080,P_1f6fe584,D.Va,2,2756
547,709,dva_remech,432.18,T_a3408080,P_1f6fe584,D.Va,6,2756
550,710,dva_remech,397.48,T_5568bd9d,P_14b1563c,D.Va,4,2762
551,710,dva_remech,397.48,T_5568bd9d,P_14b1563c,D.Va,4,2765
552,715,dva_remech,703.56,T_a02bf5e9,P_ab7fc22e,D.Va,5,2767
553,715,dva_remech,713.33,T_5568bd9d,P_a994815b,D.Va,4,2767
554,715,dva_remech,765.07,T_a02bf5e9,P_ab7fc22e,D.Va,6,2767
555,716,dva_remech,115.61,T_a3408080,P_1f6fe584,D.Va,1,2773
556,716,dva_remech,287.51,T_a3408080,P_1f6fe584,D.Va,2,2773
557,716,dva_remech,404.87,T_a3408080,P_1f6fe584,D.Va,4,2773
558,716,dva_remech,498.54,T_a3408080,P_1f6fe584,D.Va,6,2773
559,716,dva_remech,811.99,T_a3408080,P_1f6fe584,D.Va,7,2777
565,718,dva_remech,110.33,T_8a528a6a,P_f8acacc0,D.Va,2,2784
566,718,dva_remech,130.15,T_a02bf5e9,P_10c75b3a,D.Va,2,2784
567,718,dva_remech,402.41,T_a02bf5e9,P_10c75b3a,D.Va,7,2784
568,718,dva_remech,558.56,T_a02bf5e9,P_10c75b3a,D.Va,9,2784
569,718,dva_remech,610.45,T_a02bf5e9,P_10c75b3a,D.Va,10,2784
570,718,dva_remech,679.52,T_8a528a6a,P_f8acacc0,D.Va,11,2784
571,718,dva_remech,716.73,T_a02bf5e9,P_10c75b3a,D.Va,12,2784
572,718,dva_remech,749.09,T_8a528a6a,P_f8acacc0,D.Va,12,2784
573,718,dva_remech,832.84,T_8a528a6a,P_f8acacc0,D.Va,14,2784
574,718,dva_remech,133.4,T_a02bf5e9,P_10c75b3a,D.Va,2,2785
575,718,dva_remech,275.53,T_8a528a6a,P_f8acacc0,D.Va,4,2785
576,720,dva_remech,189.59,T_8ce1db6a,P_62ab6c80,D.Va,2,2796
577,720,dva_remech,189.57,T_8ce1db6a,P_62ab6c80,D.Va,2,2799
578,722,dva_remech,123.95,T_0cac1da9,P_2be50ced,D.Va,2,2803
579,722,dva_remech,398.39,T_0cac1da9,P_2be50ced,D.Va,5,2803
580,722,dva_remech,480.47,T_0cac1da9,P_2be50ced,D.Va,7,2803
581,723,dva_remech,123.95,T_0cac1da9,P_2be50ced,D.Va,2,2804
582,723,dva_remech,398.39,T_0cac1da9,P_2be50ced,D.Va,5,2804
583,723,dva_remech,480.47,T_0cac1da9,P_2be50ced,D.Va,7,2804
590,721,dva_remech,120.76,T_996a74bf,P_7759a3ca,D.Va,2,2809
591,721,dva_remech,123.95,T_0cac1da9,P_2be50ced,D.Va,2,2812
592,721,dva_remech,398.39,T_0cac1da9,P_2be50ced,D.Va,5,2812
593,721,dva_remech,480.47,T_0cac1da9,P_2be50ced,D.Va,7,2812
598,728,dva_remech,409.61,T_45d24cb5,P_60874605,D.Va,4,2832
599,729,dva_remech,49.54,T_45d24cb5,P_b3c35e54,D.Va,1,2835
600,729,dva_remech,131.13,T_45d24cb5,P_b3c35e54,D.Va,3,2835
594,725,dva_remech,682.89,T_0cac1da9,P_2be50ced,D.Va,5,2817
595,725,dva_remech,858.3,T_0cac1da9,P_2be50ced,D.Va,9,2817
596,727,dva_remech,154.64,T_0cac1da9,P_2be50ced,D.Va,2,2828
597,727,dva_remech,261.48,T_0cac1da9,P_2be50ced,D.Va,4,2828
601,730,dva_remech,115.31,T_a3408080,P_1f6fe584,D.Va,1,2840
602,730,dva_remech,180.08,T_a3408080,P_1f6fe584,D.Va,3,2840
603,734,dva_remech,340.35,T_a02bf5e9,P_dfa42848,D.Va,4,2862
604,734,dva_remech,422.18,T_a02bf5e9,P_dfa42848,D.Va,6,2862
605,734,dva_remech,170.41,T_a02bf5e9,P_dfa42848,D.Va,2,2865
606,734,dva_remech,295.17,T_a02bf5e9,P_dfa42848,D.Va,4,2865
607,734,dva_remech,451.09,T_a02bf5e9,P_dfa42848,D.Va,6,2865
608,735,dva_remech,170.59,T_8a528a6a,P_f8acacc0,D.Va,2,2873
609,735,dva_remech,851.59,T_8a528a6a,P_f8acacc0,D.Va,8,2873
610,735,dva_remech,530.28,T_8a528a6a,P_f8acacc0,D.Va,6,2874
611,738,dva_remech,192.56,T_8a528a6a,P_f8acacc0,D.Va,2,2876
612,738,dva_remech,774.02,T_8a528a6a,P_f8acacc0,D.Va,10,2876
613,739,dva_remech,192.56,T_8a528a6a,P_f8acacc0,D.Va,2,2877
614,739,dva_remech,774.02,T_8a528a6a,P_f8acacc0,D.Va,10,2877
615,740,dva_remech,192.56,T_8a528a6a,P_f8acacc0,D.Va,2,2878
616,740,dva_remech,774.02,T_8a528a6a,P_f8acacc0,D.Va,10,2878
617,741,dva_remech,192.56,T_8a528a6a,P_f8acacc0,D.Va,2,2879
618,741,dva_remech,774.02,T_8a528a6a,P_f8acacc0,D.Va,10,2879
619,742,dva_remech,192.56,T_8a528a6a,P_f8acacc0,D.Va,2,2880
620,742,dva_remech,774.02,T_8a528a6a,P_f8acacc0,D.Va,10,2880
623,744,dva_remech,192.56,T_8a528a6a,P_f8acacc0,D.Va,2,2882
624,744,dva_remech,774.02,T_8a528a6a,P_f8acacc0,D.Va,10,2882
630,745,dva_remech,192.56,T_8a528a6a,P_f8acacc0,D.Va,2,2893
631,745,dva_remech,774.02,T_8a528a6a,P_f8acacc0,D.Va,10,2893
632,745,dva_remech,192.56,T_8a528a6a,P_f8acacc0,D.Va,2,2894
633,745,dva_remech,774.02,T_8a528a6a,P_f8acacc0,D.Va,10,2894
634,745,dva_remech,192.56,T_8a528a6a,P_f8acacc0,D.Va,2,2898
635,745,dva_remech,774.02,T_8a528a6a,P_f8acacc0,D.Va,10,2898
637,748,dva_remech,767.24,T_4d01c8f1,P_d6a1c001,D.Va,5,2901
638,749,dva_remech,767.24,T_4d01c8f1,P_d6a1c001,D.Va,5,2902
639,750,dva_remech,767.24,T_4d01c8f1,P_d6a1c001,D.Va,5,2903
640,751,dva_remech,767.24,T_4d01c8f1,P_d6a1c001,D.Va,5,2904
642,753,dva_remech,85.74,T_5568bd9d,P_b346e79c,D.Va,1,2917
643,753,dva_remech,314.93,T_a02bf5e9,P_0f6ac5b8,D.Va,4,2917
644,753,dva_remech,321.83,T_5568bd9d,P_b346e79c,D.Va,4,2917
645,753,dva_remech,440.69,T_a02bf5e9,P_0f6ac5b8,D.Va,6,2917
646,753,dva_remech,444.45,T_5568bd9d,P_b346e79c,D.Va,6,2917
647,753,dva_remech,473.39,T_5568bd9d,P_b346e79c,D.Va,7,2917
648,753,dva_remech,694.22,T_a02bf5e9,P_0f6ac5b8,D.Va,10,2917
649,753,dva_remech,903,T_a02bf5e9,P_0f6ac5b8,D.Va,12,2917
650,753,dva_remech,42.3,T_a02bf5e9,P_0f6ac5b8,D.Va,1,2919
651,753,dva_remech,182.85,T_a02bf5e9,P_0f6ac5b8,D.Va,3,2919
652,754,dva_remech,331.54,T_5568bd9d,P_063266d2,D.Va,2,2923
655,761,dva_remech,370.37,T_5568bd9d,P_a994815b,D.Va,2,2958
656,761,dva_remech,531.31,T_5568bd9d,P_a994815b,D.Va,5,2958
657,761,dva_remech,686.21,T_a02bf5e9,P_6ca8b1c5,D.Va,4,2958
658,761,dva_remech,877.36,T_5568bd9d,P_a994815b,D.Va,10,2958
659,761,dva_remech,370.37,T_5568bd9d,P_a994815b,D.Va,2,2959
660,761,dva_remech,531.31,T_5568bd9d,P_a994815b,D.Va,5,2959
661,761,dva_remech,686.21,T_a02bf5e9,P_6ca8b1c5,D.Va,4,2959
662,761,dva_remech,877.36,T_5568bd9d,P_a994815b,D.Va,10,2959
663,761,dva_remech,340.35,T_5568bd9d,P_a994815b,D.Va,3,2961
664,762,dva_remech,473.65,T_d2af3e4d,P_f1643884,D.Va,3,2964
665,762,dva_remech,610.29,T_d2af3e4d,P_f1643884,D.Va,6,2964
666,763,dva_remech,446.27,T_2f40a4c4,P_1e8ac7bb,D.Va,4,2968
667,763,dva_remech,563.57,T_2f40a4c4,P_1e8ac7bb,D.Va,6,2968
668,764,dva_remech,140.25,T_5568bd9d,P_4fffac62,D.Va,2,2970
669,764,dva_remech,840.75,T_5568bd9d,P_4fffac62,D.Va,5,2970
670,764,dva_remech,243.37,T_5568bd9d,P_4fffac62,D.Va,2,2973
671,764,dva_remech,415.57,T_5568bd9d,P_4fffac62,D.Va,6,2973
672,764,dva_remech,489.58,T_5568bd9d,P_4fffac62,D.Va,8,2973
673,765,dva_remech,473.65,T_d2af3e4d,P_f1643884,D.Va,3,2975
674,765,dva_remech,610.29,T_d2af3e4d,P_f1643884,D.Va,6,2975
675,766,dva_remech,473.65,T_d2af3e4d,P_f1643884,D.Va,3,2976
676,766,dva_remech,610.29,T_d2af3e4d,P_f1643884,D.Va,6,2976
677,767,dva_remech,789.22,T_5568bd9d,P_59d7f4d4,D.Va,7,2977
678,768,dva_remech,487.98,T_5568bd9d,P_f65b6b44,D.Va,3,2982
679,768,dva_remech,162.98,T_a02bf5e9,P_ccd6a30e,D.Va,2,2983
680,768,dva_remech,249.24,T_a02bf5e9,P_ccd6a30e,D.Va,4,2983
681,768,dva_remech,380.19,T_a02bf5e9,P_ccd6a30e,D.Va,5,2983
682,768,dva_remech,491.69,T_a02bf5e9,P_ccd6a30e,D.Va,7,2983
683,768,dva_remech,647.67,T_a02bf5e9,P_ccd6a30e,D.Va,9,2983
684,768,dva_remech,876.68,T_a02bf5e9,P_ccd6a30e,D.Va,13,2983
685,768,dva_remech,1005.89,T_a02bf5e9,P_ccd6a30e,D.Va,15,2983
686,771,dva_remech,331.54,T_5568bd9d,P_063266d2,D.Va,2,3005
691,775,dva_remech,744.18,T_5568bd9d,P_307e5413,D.Va,7,3017
692,776,dva_remech,460.17,T_5568bd9d,P_d984d8a3,D.Va,3,3022
693,776,dva_remech,636.37,T_a02bf5e9,P_2c82baa7,D.Va,4,3022
694,776,dva_remech,693.75,T_5568bd9d,P_d984d8a3,D.Va,5,3022
695,776,dva_remech,84.06,T_5568bd9d,P_d984d8a3,D.Va,1,3023
696,776,dva_remech,151.17,T_5568bd9d,P_d984d8a3,D.Va,3,3023
697,776,dva_remech,500.29,T_5568bd9d,P_d984d8a3,D.Va,7,3023
698,776,dva_remech,530.96,T_a02bf5e9,P_2c82baa7,D.Va,4,3023
699,776,dva_remech,715.19,T_5568bd9d,P_d984d8a3,D.Va,9,3023
700,776,dva_remech,786.83,T_5568bd9d,P_d984d8a3,D.Va,10,3023
701,776,dva_remech,84.06,T_5568bd9d,P_d984d8a3,D.Va,1,3024
702,776,dva_remech,151.17,T_5568bd9d,P_d984d8a3,D.Va,3,3024
703,776,dva_remech,500.29,T_5568bd9d,P_d984d8a3,D.Va,7,3024
704,776,dva_remech,530.96,T_a02bf5e9,P_2c82baa7,D.Va,4,3024
705,776,dva_remech,715.19,T_5568bd9d,P_d984d8a3,D.Va,9,3024
706,776,dva_remech,786.83,T_5568bd9d,P_d984d8a3,D.Va,10,3024
710,779,dva_remech,169.85,T_a02bf5e9,P_bb043039,D.Va,2,3038
711,781,dva_remech,178.59,T_5568bd9d,P_d984d8a3,D.Va,2,3048
712,781,dva_remech,200.63,T_5568bd9d,P_d984d8a3,D.Va,2,3049
713,781,dva_remech,309.45,T_5568bd9d,P_d984d8a3,D.Va,4,3049
714,781,dva_remech,549.52,T_a02bf5e9,P_a75f15f1,D.Va,8,3049
715,783,dva_remech,57.81,T_5568bd9d,P_d9dbeaea,D.Va,1,3060
716,783,dva_remech,259.89,T_5568bd9d,P_d9dbeaea,D.Va,5,3060
717,784,dva_remech,801.7,T_3d8065a6,P_6696ec60,D.Va,8,3065
718,784,dva_remech,900.45,T_3d8065a6,P_6696ec60,D.Va,10,3065
719,784,dva_remech,273.72,T_f89d2836,P_3a46960e,D.Va,2,3066
720,785,dva_remech,304.45,T_f89d2836,P_3a46960e,D.Va,4,3068
724,786,dva_remech,312.47,T_a02bf5e9,P_253e2e52,D.Va,1,3079
725,786,dva_remech,320.58,T_5568bd9d,P_4fffac62,D.Va,3,3079
726,786,dva_remech,567.52,T_5568bd9d,P_4fffac62,D.Va,7,3079
727,790,dva_remech,810.05,T_f89d2836,P_3a46960e,D.Va,7,3090
729,792,dva_remech,193.75,T_f89d2836,P_3a46960e,D.Va,2,3102
730,792,dva_remech,312.35,T_f89d2836,P_3a46960e,D.Va,4,3102
731,792,dva_remech,113.77,T_f89d2836,P_3a46960e,D.Va,2,3103
732,792,dva_remech,383.1,T_f89d2836,P_3a46960e,D.Va,4,3103
733,792,dva_remech,634.51,T_f89d2836,P_3a46960e,D.Va,8,3103
734,793,dva_remech,509.87,T_a02bf5e9,P_ee21f7d8,D.Va,6,3106
735,793,dva_remech,522.29,T_5568bd9d,P_932876fe,D.Va,3,3106
736,793,dva_remech,559.95,T_a02bf5e9,P_ee21f7d8,D.Va,7,3106
737,793,dva_remech,606.65,T_a02bf5e9,P_ee21f7d8,D.Va,8,3106
738,793,dva_remech,610.18,T_5568bd9d,P_932876fe,D.Va,7,3106
750,793,dva_remech,158.76,T_a02bf5e9,P_ee21f7d8,D.Va,2,3108
756,794,dva_remech,484.26,T_f89d2836,P_3a46960e,D.Va,4,3112
758,794,dva_remech,588.93,T_f89d2836,P_3a46960e,D.Va,3,3116
759,795,dva_remech,518.14,T_a02bf5e9,P_60a4470d,D.Va,5,3118
760,1703,dva_remech,367.96,T_5568bd9d,P_e5416907,D.Va,4,3123
761,1703,dva_remech,420.77,T_5568bd9d,P_e5416907,D.Va,5,3123
762,797,dva_remech,273.09,T_5568bd9d,P_d984d8a3,D.Va,2,3136
763,797,dva_remech,502.82,T_5568bd9d,P_d984d8a3,D.Va,6,3136
768,799,dva_remech,377.72,T_0cac1da9,P_2be50ced,D.Va,2,3147
769,799,dva_remech,476.88,T_0cac1da9,P_2be50ced,D.Va,4,3147
774,800,dva_remech,377.72,T_0cac1da9,P_2be50ced,D.Va,2,3153
775,800,dva_remech,476.88,T_0cac1da9,P_2be50ced,D.Va,4,3153
776,802,dva_remech,811.26,T_0cac1da9,P_2be50ced,D.Va,7,3154
778,801,dva_remech,735.92,T_0cac1da9,P_2be50ced,D.Va,6,3161
779,806,dva_remech,164.42,T_aefb449f,P_e9d6682a,D.Va,2,3171
780,807,dva_remech,82.64,T_a02bf5e9,P_5e11b2e2,D.Va,1,3172
781,808,dva_remech,402.5,T_7e4eb8f8,P_ba3f2bd5,D.Va,3,3178
782,808,dva_remech,461.88,T_0cac1da9,P_2be50ced,D.Va,4,3178
783,808,dva_remech,471.09,T_7e4eb8f8,P_ba3f2bd5,D.Va,5,3178
787,809,dva_remech,371.24,T_a02bf5e9,P_fd2f21a4,D.Va,3,3185
788,809,dva_remech,163.3,T_118b16fa,P_fd2f21a4,D.Va,2,3186
789,809,dva_remech,410.63,T_118b16fa,P_fd2f21a4,D.Va,4,3186
790,809,dva_remech,662.1,T_118b16fa,P_fd2f21a4,D.Va,6,3186
791,811,dva_remech,53.05,T_5568bd9d,P_3981f701,D.Va,1,3201
792,811,dva_remech,65.97,T_a02bf5e9,P_bdd84792,D.Va,1,3201
793,811,dva_remech,152.93,T_a02bf5e9,P_bdd84792,D.Va,4,3201
794,811,dva_remech,220.11,T_5568bd9d,P_3981f701,D.Va,4,3201
795,811,dva_remech,357.09,T_5568bd9d,P_3981f701,D.Va,5,3201
796,813,dva_remech,483.91,T_5568bd9d,P_d984d8a3,D.Va,6,3205
797,813,dva_remech,342.25,T_a02bf5e9,P_4edec932,D.Va,2,3207
798,813,dva_remech,432.21,T_a02bf5e9,P_4edec932,D.Va,4,3207
800,815,dva_remech,106.22,T_a02bf5e9,P_b6fbb622,D.Va,1,3216
801,815,dva_remech,152.77,T_a02bf5e9,P_b6fbb622,D.Va,3,3216
802,815,dva_remech,276.07,T_a02bf5e9,P_b6fbb622,D.Va,5,3216
803,815,dva_remech,608.4,T_a02bf5e9,P_b6fbb622,D.Va,10,3216
804,815,dva_remech,646.53,T_a02bf5e9,P_b6fbb622,D.Va,12,3216
805,816,dva_remech,116.92,T_f89d2836,P_3a46960e,D.Va,2,3218
806,816,dva_remech,557.58,T_f89d2836,P_3a46960e,D.Va,8,3218
807,816,dva_remech,765.56,T_f89d2836,P_3a46960e,D.Va,10,3218
808,816,dva_remech,483.4,T_f89d2836,P_3a46960e,D.Va,5,3221
809,817,dva_remech,163.43,T_f89d2836,P_3a46960e,D.Va,2,3223
810,818,dva_remech,121.21,T_5568bd9d,P_a994815b,D.Va,2,3231
811,818,dva_remech,383.89,T_a02bf5e9,P_e6e45a07,D.Va,2,3234
813,819,dva_remech,107.8,T_5568bd9d,P_d984d8a3,D.Va,2,3243
814,820,dva_remech,221.47,T_5568bd9d,P_d9dbeaea,D.Va,2,3252
815,820,dva_remech,330.36,T_5568bd9d,P_d9dbeaea,D.Va,3,3252
816,820,dva_remech,357.47,T_5568bd9d,P_d9dbeaea,D.Va,4,3252
817,820,dva_remech,398.53,T_a02bf5e9,P_9c46fe01,D.Va,3,3252
821,822,dva_remech,405,T_5568bd9d,P_a994815b,D.Va,2,3260
822,822,dva_remech,554.65,T_5568bd9d,P_a994815b,D.Va,4,3260
823,822,dva_remech,647.08,T_a02bf5e9,P_a75f15f1,D.Va,4,3260
824,822,dva_remech,229.57,T_a02bf5e9,P_a75f15f1,D.Va,3,3261
825,823,dva_remech,655.61,T_f89d2836,P_3a46960e,D.Va,8,3265
826,823,dva_remech,173.36,T_f89d2836,P_3a46960e,D.Va,2,3267
827,824,dva_remech,553.22,T_0870238b,P_cf64e663,D.Va,2,3269
828,824,dva_remech,187.22,T_0870238b,P_cf64e663,D.Va,1,3272
829,825,dva_remech,385.87,T_5a16ee7f,P_e393dfb8,D.Va,2,3276
830,825,dva_remech,452.53,T_5a16ee7f,P_e393dfb8,D.Va,3,3276
831,825,dva_remech,601.92,T_5a16ee7f,P_e393dfb8,D.Va,6,3276
832,826,dva_remech,97.47,T_5568bd9d,P_d984d8a3,D.Va,2,3283
833,826,dva_remech,473.13,T_a02bf5e9,P_7ab6c99f,D.Va,9,3283
834,827,dva_remech,229.71,T_a02bf5e9,P_9871455a,D.Va,2,3291
835,827,dva_remech,273.23,T_a02bf5e9,P_9871455a,D.Va,2,3291
836,827,dva_remech,277.09,T_5568bd9d,P_b4041d27,D.Va,3,3291
837,828,dva_remech,229.71,T_a02bf5e9,P_9871455a,D.Va,2,3299
838,828,dva_remech,273.23,T_a02bf5e9,P_9871455a,D.Va,2,3299
839,828,dva_remech,277.09,T_5568bd9d,P_b4041d27,D.Va,3,3299
840,828,dva_remech,229.71,T_a02bf5e9,P_9871455a,D.Va,2,3300
841,828,dva_remech,273.23,T_a02bf5e9,P_9871455a,D.Va,2,3300
842,828,dva_remech,277.09,T_5568bd9d,P_b4041d27,D.Va,3,3300
843,832,dva_remech,339.53,T_5568bd9d,P_c92a7921,D.Va,6,3323
844,833,dva_remech,291.7,T_a02bf5e9,P_105c37a6,D.Va,3,3329
845,833,dva_remech,864.33,T_a02bf5e9,P_105c37a6,D.Va,9,3329
846,834,dva_remech,253.18,T_5568bd9d,P_d9dbeaea,D.Va,2,3336
847,834,dva_remech,265.26,T_a02bf5e9,P_fb6ede0a,D.Va,2,3336
848,834,dva_remech,292.93,T_5568bd9d,P_d9dbeaea,D.Va,3,3336
849,834,dva_remech,486.94,T_5568bd9d,P_d9dbeaea,D.Va,6,3336
850,834,dva_remech,640.79,T_a02bf5e9,P_fb6ede0a,D.Va,6,3336
851,834,dva_remech,656.64,T_5568bd9d,P_d9dbeaea,D.Va,8,3336
852,834,dva_remech,63.13,T_a02bf5e9,P_a0a60ebf,D.Va,2,3339
853,834,dva_remech,666.95,T_5568bd9d,P_d9dbeaea,D.Va,5,3339
854,834,dva_remech,786.74,T_5568bd9d,P_d9dbeaea,D.Va,7,3339
855,834,dva_remech,166.1,T_a02bf5e9,P_a0a60ebf,D.Va,2,3340
856,834,dva_remech,207.58,T_5568bd9d,P_d9dbeaea,D.Va,2,3340
857,834,dva_remech,298.34,T_5568bd9d,P_d9dbeaea,D.Va,3,3340
858,834,dva_remech,365.67,T_a02bf5e9,P_a0a60ebf,D.Va,4,3340
859,834,dva_remech,370.66,T_5568bd9d,P_d9dbeaea,D.Va,5,3340
860,835,dva_remech,292.75,T_a02bf5e9,P_e50894ee,D.Va,3,3345
861,835,dva_remech,515,T_a02bf5e9,P_e50894ee,D.Va,6,3347
862,835,dva_remech,747.56,T_a02bf5e9,P_e50894ee,D.Va,9,3347
863,835,dva_remech,515,T_a02bf5e9,P_e50894ee,D.Va,6,3348
864,835,dva_remech,747.56,T_a02bf5e9,P_e50894ee,D.Va,9,3348
865,835,dva_remech,515,T_a02bf5e9,P_e50894ee,D.Va,6,3349
866,835,dva_remech,747.56,T_a02bf5e9,P_e50894ee,D.Va,9,3349
867,533,dva_remech,515,T_a02bf5e9,P_e50894ee,D.Va,6,3350
868,533,dva_remech,747.56,T_a02bf5e9,P_e50894ee,D.Va,9,3350
869,835,dva_remech,515,T_a02bf5e9,P_e50894ee,D.Va,6,3351
870,835,dva_remech,747.56,T_a02bf5e9,P_e50894ee,D.Va,9,3351
871,841,dva_remech,139.34,T_7c9ebfb0,P_0e5fbff8,D.Va,3,3355
872,841,dva_remech,206.7,T_7c9ebfb0,P_0e5fbff8,D.Va,4,3355
873,841,dva_remech,317.46,T_7c9ebfb0,P_0e5fbff8,D.Va,6,3355
874,841,dva_remech,364.49,T_7c9ebfb0,P_0e5fbff8,D.Va,7,3355
875,841,dva_remech,460.23,T_7c9ebfb0,P_0e5fbff8,D.Va,8,3355
876,841,dva_remech,139.34,T_7c9ebfb0,P_0e5fbff8,D.Va,3,3356
877,841,dva_remech,206.7,T_7c9ebfb0,P_0e5fbff8,D.Va,4,3356
878,841,dva_remech,317.46,T_7c9ebfb0,P_0e5fbff8,D.Va,6,3356
879,841,dva_remech,364.49,T_7c9ebfb0,P_0e5fbff8,D.Va,7,3356
880,841,dva_remech,460.23,T_7c9ebfb0,P_0e5fbff8,D.Va,8,3356
881,841,dva_remech,139.34,T_7c9ebfb0,P_0e5fbff8,D.Va,3,3357
882,841,dva_remech,206.7,T_7c9ebfb0,P_0e5fbff8,D.Va,4,3357
883,841,dva_remech,317.46,T_7c9ebfb0,P_0e5fbff8,D.Va,6,3357
884,841,dva_remech,364.49,T_7c9ebfb0,P_0e5fbff8,D.Va,7,3357
885,841,dva_remech,460.23,T_7c9ebfb0,P_0e5fbff8,D.Va,8,3357
886,844,dva_remech,180.7,T_a02bf5e9,P_e2ff5e43,D.Va,2,3380
887,844,dva_remech,215.66,T_a02bf5e9,P_e2ff5e43,D.Va,2,3380
888,845,dva_remech,785.92,T_a02bf5e9,P_189f1741,D.Va,5,3385
889,847,dva_remech,256.45,T_574fdbc7,P_f7fdfc4b,D.Va,5,3395
890,849,dva_remech,158.77,T_5568bd9d,P_4fffac62,D.Va,2,3409
891,851,dva_remech,121.02,T_5568bd9d,P_d9dbeaea,D.Va,2,3426
892,851,dva_remech,285.86,T_5568bd9d,P_d9dbeaea,D.Va,4,3426
893,851,dva_remech,424.11,T_5568bd9d,P_d9dbeaea,D.Va,6,3426
894,851,dva_remech,657.68,T_5568bd9d,P_d9dbeaea,D.Va,9,3426
895,851,dva_remech,830.63,T_5568bd9d,P_d9dbeaea,D.Va,11,3426
896,851,dva_remech,136.88,T_5568bd9d,P_d9dbeaea,D.Va,2,3427
897,851,dva_remech,234.45,T_5568bd9d,P_d9dbeaea,D.Va,4,3427
898,852,dva_remech,214.17,T_a02bf5e9,P_9547094d,D.Va,4,3428
899,852,dva_remech,240.58,T_a02bf5e9,P_9547094d,D.Va,5,3428
900,852,dva_remech,172.7,T_b56b2566,P_9547094d,D.Va,2,3430
901,852,dva_remech,388.27,T_b56b2566,P_9547094d,D.Va,5,3430
902,852,dva_remech,437.89,T_b56b2566,P_9547094d,D.Va,8,3431
903,854,dva_remech,534.82,T_a02bf5e9,P_3a46960e,D.Va,4,3440
904,855,dva_remech,674.59,T_a02bf5e9,P_e9558475,D.Va,7,3448
905,855,dva_remech,841.27,T_a02bf5e9,P_e9558475,D.Va,9,3448
906,855,dva_remech,298.58,T_5568bd9d,P_6bed278a,D.Va,1,3449
907,857,dva_remech,499.5,T_9c351c5b,P_9a41c709,D.Va,4,3457
908,857,dva_remech,149.19,T_9c351c5b,P_e5d2fa12,D.Va,2,3458
909,857,dva_remech,831.54,T_9c351c5b,P_e5d2fa12,D.Va,9,3458
910,857,dva_remech,149.19,T_9c351c5b,P_e5d2fa12,D.Va,2,3459
911,857,dva_remech,831.54,T_9c351c5b,P_e5d2fa12,D.Va,9,3459
912,857,dva_remech,149.19,T_9c351c5b,P_e5d2fa12,D.Va,2,3461
913,857,dva_remech,831.54,T_9c351c5b,P_e5d2fa12,D.Va,9,3461
914,857,dva_remech,149.19,T_9c351c5b,P_e5d2fa12,D.Va,2,3462
915,857,dva_remech,831.54,T_9c351c5b,P_e5d2fa12,D.Va,9,3462
916,858,dva_remech,242.02,T_5568bd9d,P_e9558475,D.Va,2,3464
917,858,dva_remech,417.89,T_a02bf5e9,P_b8809733,D.Va,4,3464
918,858,dva_remech,683.41,T_a02bf5e9,P_b8809733,D.Va,10,3464
919,858,dva_remech,242.33,T_5568bd9d,P_e9558475,D.Va,2,3466
920,858,dva_remech,426.04,T_a02bf5e9,P_b8809733,D.Va,3,3466
921,858,dva_remech,566.03,T_5568bd9d,P_e9558475,D.Va,4,3466
922,858,dva_remech,183.7,T_a02bf5e9,P_b8809733,D.Va,2,3467
923,858,dva_remech,280.66,T_a02bf5e9,P_b8809733,D.Va,4,3467
924,858,dva_remech,568.69,T_a02bf5e9,P_b8809733,D.Va,10,3467
925,858,dva_remech,621.97,T_5568bd9d,P_e9558475,D.Va,4,3467
928,859,dva_remech,79.21,T_5568bd9d,P_e9558475,D.Va,1,3469
929,859,dva_remech,494.24,T_a02bf5e9,P_91032400,D.Va,5,3469
933,860,dva_remech,298.02,T_5568bd9d,P_52837dc5,D.Va,3,3473
934,860,dva_remech,346.8,T_a02bf5e9,P_8edf436c,D.Va,3,3473
935,860,dva_remech,447.64,T_a02bf5e9,P_8edf436c,D.Va,5,3473
936,860,dva_remech,490.66,T_5568bd9d,P_52837dc5,D.Va,7,3473
937,860,dva_remech,545.91,T_a02bf5e9,P_8edf436c,D.Va,7,3473
938,860,dva_remech,758.07,T_5568bd9d,P_52837dc5,D.Va,10,3473
945,860,dva_remech,302.91,T_5568bd9d,P_52837dc5,D.Va,6,3476
946,860,dva_remech,358.77,T_5568bd9d,P_52837dc5,D.Va,7,3476
947,860,dva_remech,447.91,T_5568bd9d,P_52837dc5,D.Va,10,3476
948,860,dva_remech,821.05,T_5568bd9d,P_52837dc5,D.Va,16,3476
949,860,dva_remech,830.26,T_a02bf5e9,P_5799b87d,D.Va,9,3476
950,863,dva_remech,458.58,T_da38c0e7,P_c5a2358f,D.Va,4,3489
951,863,dva_remech,642.77,T_801994be,P_e5d2fa12,D.Va,4,3489
952,863,dva_remech,844.37,T_801994be,P_e5d2fa12,D.Va,6,3489
954,869,dva_remech,61.6,T_a02bf5e9,P_dc28f1fd,D.Va,1,3495
955,869,dva_remech,148.83,T_a02bf5e9,P_dc28f1fd,D.Va,2,3495
956,869,dva_remech,186.98,T_5568bd9d,P_9358f7d7,D.Va,2,3495
957,869,dva_remech,209.79,T_a02bf5e9,P_dc28f1fd,D.Va,4,3495
958,869,dva_remech,469.27,T_a02bf5e9,P_dc28f1fd,D.Va,8,3495
959,869,dva_remech,565.44,T_5568bd9d,P_9358f7d7,D.Va,6,3495
960,869,dva_remech,719.23,T_5568bd9d,P_9358f7d7,D.Va,8,3495
961,869,dva_remech,130.89,T_5568bd9d,P_9358f7d7,D.Va,2,3496
962,869,dva_remech,312.57,T_5568bd9d,P_9358f7d7,D.Va,4,3496
963,869,dva_remech,396.55,T_a02bf5e9,P_dc28f1fd,D.Va,3,3496
964,869,dva_remech,500.38,T_5568bd9d,P_9358f7d7,D.Va,6,3496
965,869,dva_remech,507.64,T_a02bf5e9,P_dc28f1fd,D.Va,5,3496
966,869,dva_remech,683.76,T_a02bf5e9,P_dc28f1fd,D.Va,7,3496
967,869,dva_remech,778.2,T_a02bf5e9,P_dc28f1fd,D.Va,9,3496
968,869,dva_remech,197.59,T_5568bd9d,P_9358f7d7,D.Va,2,3497
969,869,dva_remech,398.24,T_a02bf5e9,P_dc28f1fd,D.Va,6,3498
970,869,dva_remech,410.42,T_5568bd9d,P_9358f7d7,D.Va,6,3498
971,869,dva_remech,445.41,T_a02bf5e9,P_dc28f1fd,D.Va,10,3498
972,869,dva_remech,496.55,T_a02bf5e9,P_dc28f1fd,D.Va,11,3498
973,869,dva_remech,552.93,T_a02bf5e9,P_dc28f1fd,D.Va,12,3498
974,869,dva_remech,196.15,T_a02bf5e9,P_dc28f1fd,D.Va,2,3499
975,869,dva_remech,205.8,T_5568bd9d,P_9358f7d7,D.Va,2,3499
976,869,dva_remech,431.82,T_5568bd9d,P_9358f7d7,D.Va,5,3499
977,869,dva_remech,488.59,T_5568bd9d,P_9358f7d7,D.Va,7,3499
978,869,dva_remech,650.08,T_5568bd9d,P_9358f7d7,D.Va,9,3499
979,869,dva_remech,759.75,T_a02bf5e9,P_dc28f1fd,D.Va,7,3499
980,869,dva_remech,176.61,T_a02bf5e9,P_dc28f1fd,D.Va,2,3500
981,869,dva_remech,519.74,T_a02bf5e9,P_dc28f1fd,D.Va,4,3500
982,869,dva_remech,196.15,T_a02bf5e9,P_dc28f1fd,D.Va,2,3501
983,869,dva_remech,205.8,T_5568bd9d,P_9358f7d7,D.Va,2,3501
984,869,dva_remech,431.82,T_5568bd9d,P_9358f7d7,D.Va,5,3501
985,869,dva_remech,488.59,T_5568bd9d,P_9358f7d7,D.Va,7,3501
986,869,dva_remech,650.08,T_5568bd9d,P_9358f7d7,D.Va,9,3501
987,869,dva_remech,759.75,T_a02bf5e9,P_dc28f1fd,D.Va,7,3501
988,869,dva_remech,196.15,T_a02bf5e9,P_dc28f1fd,D.Va,2,3502
989,869,dva_remech,205.8,T_5568bd9d,P_9358f7d7,D.Va,2,3502
990,869,dva_remech,431.82,T_5568bd9d,P_9358f7d7,D.Va,5,3502
991,869,dva_remech,488.59,T_5568bd9d,P_9358f7d7,D.Va,7,3502
992,869,dva_remech,650.08,T_5568bd9d,P_9358f7d7,D.Va,9,3502
993,869,dva_remech,759.75,T_a02bf5e9,P_dc28f1fd,D.Va,7,3502
994,872,dva_remech,559.46,T_5568bd9d,P_52837dc5,D.Va,5,3515
995,874,dva_remech,651.84,T_a02bf5e9,P_7547e4a4,D.Va,5,3521
996,877,dva_remech,267.33,T_78479f5d,P_1f6fe584,D.Va,3,3539
997,877,dva_remech,664.11,T_78479f5d,P_1f6fe584,D.Va,8,3539
998,877,dva_remech,525.42,T_78479f5d,P_1f6fe584,D.Va,4,3541
999,877,dva_remech,368.15,T_78479f5d,P_1f6fe584,D.Va,2,3542
1000,877,dva_remech,413.61,T_78479f5d,P_1f6fe584,D.Va,4,3542
1001,877,dva_remech,586.98,T_78479f5d,P_1f6fe584,D.Va,6,3542
1002,877,dva_remech,368.15,T_78479f5d,P_1f6fe584,D.Va,2,3543
1003,877,dva_remech,413.61,T_78479f5d,P_1f6fe584,D.Va,4,3543
1004,877,dva_remech,586.98,T_78479f5d,P_1f6fe584,D.Va,6,3543
1005,877,dva_remech,134.83,T_78479f5d,P_1f6fe584,D.Va,2,3545
1006,877,dva_remech,234.82,T_7ff3844e,P_7aebb6dd,D.Va,2,3545
1007,884,dva_remech,627.52,T_6877e283,P_f5beb119,D.Va,6,3550
1008,884,dva_remech,53.81,T_a0d3c623,P_84da18c9,D.Va,1,3551
1009,884,dva_remech,394.82,T_a0d3c623,P_84da18c9,D.Va,4,3551
1010,884,dva_remech,516.56,T_a0d3c623,P_84da18c9,D.Va,6,3551
1013,887,dva_remech,153.97,T_78479f5d,P_1f6fe584,D.Va,2,3556
1014,887,dva_remech,330.61,T_78479f5d,P_1f6fe584,D.Va,4,3556
1015,887,dva_remech,621.88,T_78479f5d,P_1f6fe584,D.Va,10,3556
1016,887,dva_remech,447.67,T_5568bd9d,P_1f6fe584,D.Va,5,3559
1017,888,dva_remech,732.17,T_8329997e,P_84da18c9,D.Va,7,3561
1018,888,dva_remech,833.02,T_8329997e,P_84da18c9,D.Va,9,3561
1019,888,dva_remech,221.73,T_8329997e,P_84da18c9,D.Va,2,3563
1020,888,dva_remech,598.8,T_8329997e,P_84da18c9,D.Va,8,3563
1021,888,dva_remech,777.35,T_6877e283,P_ccb13449,D.Va,7,3563
1022,888,dva_remech,206.14,T_8329997e,P_84da18c9,D.Va,4,3566
1026,533,dva_remech,53.81,T_a0d3c623,P_84da18c9,D.Va,1,3572
1027,533,dva_remech,394.82,T_a0d3c623,P_84da18c9,D.Va,4,3572
1028,533,dva_remech,516.56,T_a0d3c623,P_84da18c9,D.Va,6,3572
1029,533,dva_remech,53.81,T_a0d3c623,P_84da18c9,D.Va,1,3573
1030,533,dva_remech,394.82,T_a0d3c623,P_84da18c9,D.Va,4,3573
1031,533,dva_remech,516.56,T_a0d3c623,P_84da18c9,D.Va,6,3573
1032,533,dva_remech,53.81,T_a0d3c623,P_84da18c9,D.Va,1,3574
1033,533,dva_remech,394.82,T_a0d3c623,P_84da18c9,D.Va,4,3574
1034,533,dva_remech,516.56,T_a0d3c623,P_84da18c9,D.Va,6,3574
1035,891,dva_remech,140.96,T_5568bd9d,P_99d0c092,D.Va,2,3575
1036,891,dva_remech,280.02,T_5568bd9d,P_99d0c092,D.Va,3,3575
1037,891,dva_remech,345.29,T_a02bf5e9,P_44109cb3,D.Va,3,3579
1038,891,dva_remech,476.66,T_a02bf5e9,P_44109cb3,D.Va,5,3579
1039,894,dva_remech,305.04,T_5568bd9d,P_1f6fe584,D.Va,3,3588
1040,894,dva_remech,589.55,T_5568bd9d,P_1f6fe584,D.Va,7,3588
1041,894,dva_remech,119.35,T_5568bd9d,P_1f6fe584,D.Va,2,3590
1042,894,dva_remech,252.91,T_5568bd9d,P_1f6fe584,D.Va,4,3590
1043,894,dva_remech,449.24,T_5568bd9d,P_1f6fe584,D.Va,5,3590
1044,894,dva_remech,523.3,T_5568bd9d,P_1f6fe584,D.Va,7,3590
1045,894,dva_remech,747.54,T_5568bd9d,P_1f6fe584,D.Va,9,3590
1046,906,dva_remech,278.04,T_6da1ba9e,P_b7084e6a,D.Va,2,3600
1047,906,dva_remech,660.04,T_1e08f45a,P_1f6fe584,D.Va,6,3602
1048,906,dva_remech,346.73,T_6da1ba9e,P_b7084e6a,D.Va,1,3603
1049,906,dva_remech,386.06,T_6da1ba9e,P_b7084e6a,D.Va,4,3603
1050,906,dva_remech,793.25,T_1e08f45a,P_1f6fe584,D.Va,6,3603
1051,909,dva_remech,173.15,T_a02bf5e9,P_584cd1a0,D.Va,2,3614
1052,909,dva_remech,394.23,T_a02bf5e9,P_584cd1a0,D.Va,4,3614
1053,909,dva_remech,598.03,T_5568bd9d,P_52837dc5,D.Va,7,3614
1054,909,dva_remech,60.03,T_a02bf5e9,P_584cd1a0,D.Va,1,3617
1055,909,dva_remech,72.28,T_5568bd9d,P_52837dc5,D.Va,1,3617
1056,909,dva_remech,223.07,T_5568bd9d,P_52837dc5,D.Va,3,3617
1057,909,dva_remech,301.03,T_a02bf5e9,P_584cd1a0,D.Va,6,3617
1058,909,dva_remech,498.44,T_a02bf5e9,P_584cd1a0,D.Va,8,3617
1059,909,dva_remech,635.99,T_a02bf5e9,P_584cd1a0,D.Va,6,3620
1060,912,dva_remech,587.7,T_47153176,P_2acf5472,D.Va,6,3621
1061,913,dva_remech,587.7,T_47153176,P_2acf5472,D.Va,6,3622
1062,913,dva_remech,190.31,T_1e08f45a,P_1f6fe584,D.Va,2,3627
1063,914,dva_remech,882.5,T_75f50b54,P_9fd0ec9d,D.Va,5,3630
1064,919,dva_remech,266.86,T_b8c7971d,P_01a9dfc0,D.Va,3,3637
1065,919,dva_remech,166.42,T_b8c7971d,P_01a9dfc0,D.Va,2,3638
1066,919,dva_remech,870.6,T_b8c7971d,P_01a9dfc0,D.Va,8,3638
1067,919,dva_remech,285.08,T_b8c7971d,P_01a9dfc0,D.Va,3,3639
1068,919,dva_remech,553.75,T_b8c7971d,P_01a9dfc0,D.Va,4,3641
1071,920,dva_remech,166.2,T_2649596f,P_acc4dc9c,D.Va,2,3644
1072,920,dva_remech,456.19,T_2649596f,P_acc4dc9c,D.Va,7,3644
1073,920,dva_remech,48.88,T_a02bf5e9,P_5dde5e89,D.Va,1,3650
1074,920,dva_remech,48.88,T_a02bf5e9,P_5dde5e89,D.Va,1,3651
1075,920,dva_remech,488.77,T_2649596f,P_acc4dc9c,D.Va,6,3655
1076,920,dva_remech,520.26,T_2649596f,P_acc4dc9c,D.Va,7,3655
1077,934,dva_remech,48.88,T_a02bf5e9,P_5dde5e89,D.Va,1,3661
1078,938,dva_remech,488.77,T_2649596f,P_acc4dc9c,D.Va,6,3667
1079,938,dva_remech,520.26,T_2649596f,P_acc4dc9c,D.Va,7,3667
1080,938,dva_remech,488.77,T_2649596f,P_acc4dc9c,D.Va,6,3668
1081,938,dva_remech,520.26,T_2649596f,P_acc4dc9c,D.Va,7,3668
1082,938,dva_remech,105.85,T_2649596f,P_acc4dc9c,D.Va,2,3669
1083,938,dva_remech,185.31,T_68c6a1f8,P_d0c2e333,D.Va,2,3670
1084,938,dva_remech,185.31,T_68c6a1f8,P_d0c2e333,D.Va,2,3671
1085,938,dva_remech,105.85,T_2649596f,P_acc4dc9c,D.Va,2,3672
1086,938,dva_remech,185.31,T_68c6a1f8,P_d0c2e333,D.Va,2,3674
1087,938,dva_remech,105.85,T_2649596f,P_acc4dc9c,D.Va,2,3675
1088,938,dva_remech,166.2,T_2649596f,P_acc4dc9c,D.Va,2,3676
1089,938,dva_remech,456.19,T_2649596f,P_acc4dc9c,D.Va,7,3676
1090,938,dva_remech,488.77,T_2649596f,P_acc4dc9c,D.Va,6,3677
1091,938,dva_remech,520.26,T_2649596f,P_acc4dc9c,D.Va,7,3677
1092,940,dva_remech,783.25,T_553ef4f1,P_da9b8447,D.Va,5,3679
1093,940,dva_remech,468.94,T_553ef4f1,P_da9b8447,D.Va,4,3682
1069,920,dva_remech,185.31,T_68c6a1f8,P_d0c2e333,D.Va,2,
1094,940,dva_remech,868.31,T_553ef4f1,P_da9b8447,D.Va,10,3682
1098,943,dva_remech,150.18,T_5a16ee7f,P_63576f56,D.Va,2,3691
1099,943,dva_remech,199.09,T_5a16ee7f,P_63576f56,D.Va,3,3691
1100,951,dva_remech,459.8,T_5568bd9d,P_910c78b6,D.Va,3,3706
1101,954,dva_remech,495.04,T_e7ab2fad,P_5d86acee,D.Va,4,3714
1102,954,dva_remech,510.05,T_e7ab2fad,P_5d86acee,D.Va,5,3714
1103,954,dva_remech,304.73,T_9a31ae66,P_5d86acee,D.Va,3,3717
1104,954,dva_remech,656.52,T_2649596f,P_9d644d1a,D.Va,5,3717
1105,955,dva_remech,346.38,T_5568bd9d,P_c8b961cb,D.Va,2,3721
1106,955,dva_remech,479.44,T_5568bd9d,P_c8b961cb,D.Va,5,3721
1107,955,dva_remech,511.17,T_a02bf5e9,P_f0263c4c,D.Va,5,3721
1108,955,dva_remech,632.46,T_5568bd9d,P_c8b961cb,D.Va,9,3721
1119,960,dva_remech,537.04,T_5568bd9d,P_ae82701a,D.Va,4,3742
1120,960,dva_remech,626.24,T_5568bd9d,P_ae82701a,D.Va,6,3742
1121,960,dva_remech,795.29,T_5568bd9d,P_ae82701a,D.Va,8,3742
1122,960,dva_remech,846.23,T_a02bf5e9,P_93f136a4,D.Va,5,3742
1123,960,dva_remech,679.46,T_5568bd9d,P_ae82701a,D.Va,4,3744
1124,960,dva_remech,963.9,T_5568bd9d,P_ae82701a,D.Va,9,3744
1125,961,dva_remech,346.38,T_5568bd9d,P_c8b961cb,D.Va,2,3748
1126,961,dva_remech,479.44,T_5568bd9d,P_c8b961cb,D.Va,5,3748
1127,961,dva_remech,511.17,T_a02bf5e9,P_f0263c4c,D.Va,5,3748
1128,961,dva_remech,632.46,T_5568bd9d,P_c8b961cb,D.Va,9,3748
1129,965,dva_remech,130.44,T_a02bf5e9,P_a93c5bc6,D.Va,2,3767
1130,965,dva_remech,336.08,T_a02bf5e9,P_a93c5bc6,D.Va,4,3767
1131,965,dva_remech,463.5,T_5568bd9d,P_891a6409,D.Va,3,3768
1132,966,dva_remech,337.74,T_4d01c8f1,P_8bfa8e23,D.Va,1,3771
1133,966,dva_remech,378.46,T_4d01c8f1,P_8bfa8e23,D.Va,3,3771
1134,966,dva_remech,684.78,T_a91a165f,P_a0a536f4,D.Va,5,3771
1135,968,dva_remech,337.74,T_4d01c8f1,P_8bfa8e23,D.Va,1,3773
1136,968,dva_remech,378.46,T_4d01c8f1,P_8bfa8e23,D.Va,3,3773
1137,968,dva_remech,684.78,T_a91a165f,P_a0a536f4,D.Va,5,3773
1138,970,dva_remech,449.32,T_a02bf5e9,P_54688a51,D.Va,3,3777
1139,972,dva_remech,106.14,T_1699ed97,P_b68ab2be,D.Va,2,3781
1140,971,dva_remech,802.01,T_a02bf5e9,P_aeac54b1,D.Va,8,3782
1141,975,dva_remech,305.25,T_8b7c3d9b,P_bb981dab,D.Va,3,3802
1142,975,dva_remech,488.95,T_8b7c3d9b,P_bb981dab,D.Va,6,3803
1143,975,dva_remech,658.69,T_8b7c3d9b,P_bb981dab,D.Va,8,3803
1144,975,dva_remech,744.54,T_8b7c3d9b,P_bb981dab,D.Va,9,3803
1145,980,dva_remech,441.57,T_26e6dabd,P_8fb33721,D.Va,4,3819
1146,981,dva_remech,219.77,T_bcf820e4,P_da9b8447,D.Va,2,3821
1151,982,dva_remech,174.73,T_3238eb96,P_891a6409,D.Va,2,3829
1152,982,dva_remech,509.05,T_3238eb96,P_891a6409,D.Va,5,3829
1153,982,dva_remech,644.53,T_3238eb96,P_891a6409,D.Va,7,3829
1154,982,dva_remech,727.11,T_3238eb96,P_891a6409,D.Va,9,3829
1159,982,dva_remech,207.61,T_04b64bac,P_c2f58459,D.Va,2,3832
1160,982,dva_remech,329.81,T_04b64bac,P_c2f58459,D.Va,4,3832
1161,982,dva_remech,208.57,T_04b64bac,P_c2f58459,D.Va,4,3833
1162,982,dva_remech,370.16,T_3238eb96,P_891a6409,D.Va,4,3833
1163,982,dva_remech,552.4,T_3238eb96,P_891a6409,D.Va,6,3833
1164,982,dva_remech,678.13,T_3238eb96,P_891a6409,D.Va,8,3833
1165,982,dva_remech,319.79,T_3238eb96,P_891a6409,D.Va,2,3834
1166,982,dva_remech,398.02,T_04b64bac,P_c2f58459,D.Va,3,3834
1167,982,dva_remech,586.61,T_3238eb96,P_891a6409,D.Va,7,3834
1168,982,dva_remech,716.66,T_04b64bac,P_c2f58459,D.Va,5,3834
1169,982,dva_remech,734.04,T_3238eb96,P_891a6409,D.Va,9,3834
1170,984,dva_remech,157.36,T_3238eb96,P_891a6409,D.Va,2,3837
1171,984,dva_remech,313.24,T_3238eb96,P_891a6409,D.Va,4,3837
1172,984,dva_remech,483.16,T_3238eb96,P_891a6409,D.Va,7,3837
1173,984,dva_remech,533.8,T_00cb894d,P_411a5d02,D.Va,4,3837
1174,984,dva_remech,600.61,T_3238eb96,P_891a6409,D.Va,9,3837
1175,984,dva_remech,723.02,T_00cb894d,P_411a5d02,D.Va,6,3837
1176,984,dva_remech,157.36,T_3238eb96,P_891a6409,D.Va,2,3842
1177,984,dva_remech,313.24,T_3238eb96,P_891a6409,D.Va,4,3842
1178,984,dva_remech,483.16,T_3238eb96,P_891a6409,D.Va,7,3842
1179,984,dva_remech,533.8,T_00cb894d,P_411a5d02,D.Va,4,3842
1180,984,dva_remech,600.61,T_3238eb96,P_891a6409,D.Va,9,3842
1181,984,dva_remech,723.02,T_00cb894d,P_411a5d02,D.Va,6,3842
1182,984,dva_remech,157.36,T_3238eb96,P_891a6409,D.Va,2,3843
1183,984,dva_remech,313.24,T_3238eb96,P_891a6409,D.Va,4,3843
1184,984,dva_remech,483.16,T_3238eb96,P_891a6409,D.Va,7,3843
1185,984,dva_remech,533.8,T_00cb894d,P_411a5d02,D.Va,4,3843
1186,984,dva_remech,600.61,T_3238eb96,P_891a6409,D.Va,9,3843
1187,984,dva_remech,723.02,T_00cb894d,P_411a5d02,D.Va,6,3843
1113,533,dva_remech,127.43,T_a02bf5e9,P_99d0c092,D.Va,3,
1114,533,dva_remech,352.37,T_a02bf5e9,P_99d0c092,D.Va,6,
1115,533,dva_remech,495.12,T_5568bd9d,P_5d0e2b9c,D.Va,8,
1116,533,dva_remech,127.43,T_a02bf5e9,P_99d0c092,D.Va,3,
1117,533,dva_remech,352.37,T_a02bf5e9,P_99d0c092,D.Va,6,
1118,533,dva_remech,495.12,T_5568bd9d,P_5d0e2b9c,D.Va,8,
1147,982,dva_remech,262.72,T_3238eb96,P_07cc4a1a,D.Va,2,
1148,982,dva_remech,357.97,T_04b64bac,P_c2f58459,D.Va,4,
1188,984,dva_remech,157.36,T_3238eb96,P_891a6409,D.Va,2,
1189,984,dva_remech,313.24,T_3238eb96,P_891a6409,D.Va,4,
1095,942,dva_remech,180.81,T_674c7502,P_5207756d,D.Va,2,
1096,942,dva_remech,366.86,T_674c7502,P_5207756d,D.Va,4,
1097,942,dva_remech,531.13,T_674c7502,P_5207756d,D.Va,7,
1194,986,dva_remech,538.98,T_a02bf5e9,P_c301e22b,D.Va,4,3856
1195,986,dva_remech,700.01,T_a02bf5e9,P_c301e22b,D.Va,6,3856
1200,990,dva_remech,53.09,T_dfd70c07,P_41dab37f,D.Va,1,3877
1201,990,dva_remech,112.31,T_3238eb96,P_891a6409,D.Va,2,3881
1202,990,dva_remech,165.3,T_dfd70c07,P_d225e044,D.Va,2,3881
1203,990,dva_remech,217.18,T_dfd70c07,P_d225e044,D.Va,3,3881
1204,992,dva_remech,280.65,T_3238eb96,P_891a6409,D.Va,3,3888
1205,992,dva_remech,306.16,T_3238eb96,P_891a6409,D.Va,4,3888
1206,998,dva_remech,112.92,T_9a31ae66,P_8b3b709d,D.Va,2,3899
1207,998,dva_remech,186.26,T_9a31ae66,P_8b3b709d,D.Va,3,3899
1208,998,dva_remech,256.65,T_2649596f,P_03920c74,D.Va,3,3899
1209,998,dva_remech,450.54,T_9a31ae66,P_8b3b709d,D.Va,7,3899
1210,998,dva_remech,529.04,T_9a31ae66,P_8b3b709d,D.Va,8,3899
1211,998,dva_remech,571,T_9a31ae66,P_8b3b709d,D.Va,9,3899
1212,998,dva_remech,783.73,T_9a31ae66,P_8b3b709d,D.Va,13,3899
1213,998,dva_remech,110.39,T_9a31ae66,P_8b3b709d,D.Va,2,3900
1214,998,dva_remech,236.13,T_9a31ae66,P_8b3b709d,D.Va,3,3900
1215,998,dva_remech,289.38,T_9a31ae66,P_8b3b709d,D.Va,5,3900
1218,1002,dva_remech,105.51,T_1699ed97,P_6b3d6bde,D.Va,1,3914
1219,1002,dva_remech,235.06,T_899dd41d,P_8fb33721,D.Va,3,3914
1220,1002,dva_remech,272.27,T_899dd41d,P_8fb33721,D.Va,4,3914
1221,1002,dva_remech,394.89,T_899dd41d,P_8fb33721,D.Va,6,3914
1222,1002,dva_remech,603.22,T_1699ed97,P_6b3d6bde,D.Va,7,3914
1223,1003,dva_remech,79.47,T_1699ed97,P_f8917dd1,D.Va,2,3921
1224,1003,dva_remech,150.26,T_1699ed97,P_f8917dd1,D.Va,3,3921
1225,1003,dva_remech,208.52,T_1699ed97,P_f8917dd1,D.Va,5,3921
1226,1003,dva_remech,384.69,T_a02bf5e9,P_c25271cb,D.Va,3,3921
1227,1003,dva_remech,391.93,T_1699ed97,P_f8917dd1,D.Va,7,3921
1228,1003,dva_remech,410.53,T_a02bf5e9,P_c25271cb,D.Va,4,3921
1229,1003,dva_remech,643.93,T_a02bf5e9,P_c25271cb,D.Va,7,3921
1230,1003,dva_remech,79.47,T_1699ed97,P_f8917dd1,D.Va,2,3923
1231,1003,dva_remech,150.26,T_1699ed97,P_f8917dd1,D.Va,3,3923
1232,1003,dva_remech,208.52,T_1699ed97,P_f8917dd1,D.Va,5,3923
1233,1003,dva_remech,384.69,T_a02bf5e9,P_c25271cb,D.Va,3,3923
1234,1003,dva_remech,391.93,T_1699ed97,P_f8917dd1,D.Va,7,3923
1235,1003,dva_remech,410.53,T_a02bf5e9,P_c25271cb,D.Va,4,3923
1236,1003,dva_remech,643.93,T_a02bf5e9,P_c25271cb,D.Va,7,3923
1237,1004,dva_remech,111.87,T_3238eb96,P_891a6409,D.Va,2,3927
1238,1004,dva_remech,365.82,T_3238eb96,P_891a6409,D.Va,5,3927
1239,1004,dva_remech,572.38,T_3238eb96,P_891a6409,D.Va,8,3927
1240,1004,dva_remech,615.14,T_3238eb96,P_891a6409,D.Va,9,3927
1241,1004,dva_remech,737.04,T_3238eb96,P_891a6409,D.Va,12,3927
1242,1004,dva_remech,847.95,T_3238eb96,P_891a6409,D.Va,14,3927
1243,1004,dva_remech,510.34,T_3238eb96,P_891a6409,D.Va,4,3928
1244,1003,dva_remech,563.01,T_a02bf5e9,P_c25271cb,D.Va,5,3931
1245,1003,dva_remech,685.75,T_a02bf5e9,P_c25271cb,D.Va,7,3931
1246,1009,dva_remech,354.46,T_a02bf5e9,P_8098d870,D.Va,3,3934
1247,1009,dva_remech,410.33,T_a02bf5e9,P_8098d870,D.Va,5,3934
1250,1010,dva_remech,634.6,T_3238eb96,P_891a6409,D.Va,5,3945
1251,1010,dva_remech,790.13,T_3238eb96,P_891a6409,D.Va,7,3945
1252,1011,dva_remech,868.05,T_5568bd9d,P_07630316,D.Va,10,3949
1254,1014,dva_remech,321.73,T_2649596f,P_acc4dc9c,D.Va,3,3965
1255,1014,dva_remech,430.13,T_2649596f,P_acc4dc9c,D.Va,5,3965
1256,1014,dva_remech,560.3,T_2649596f,P_acc4dc9c,D.Va,7,3965
1257,1014,dva_remech,682.41,T_2649596f,P_acc4dc9c,D.Va,11,3965
1258,1014,dva_remech,152.61,T_2649596f,P_acc4dc9c,D.Va,2,3966
1259,1014,dva_remech,242.7,T_2649596f,P_acc4dc9c,D.Va,3,3966
1260,1014,dva_remech,256.56,T_2649596f,P_acc4dc9c,D.Va,5,3966
1261,1014,dva_remech,289.24,T_2649596f,P_acc4dc9c,D.Va,6,3966
1262,1014,dva_remech,364.09,T_2649596f,P_acc4dc9c,D.Va,8,3966
1263,1014,dva_remech,498.22,T_2649596f,P_acc4dc9c,D.Va,10,3966
1264,1014,dva_remech,588.23,T_2649596f,P_acc4dc9c,D.Va,11,3966
1265,1021,dva_remech,40.22,T_41f135cc,P_8b3b709d,D.Va,1,3968
1266,1021,dva_remech,247.13,T_41f135cc,P_8b3b709d,D.Va,3,3968
1267,1021,dva_remech,326.31,T_41f135cc,P_8b3b709d,D.Va,4,3968
1268,1021,dva_remech,382.72,T_41f135cc,P_8b3b709d,D.Va,6,3968
1269,1021,dva_remech,304.11,T_41f135cc,P_8b3b709d,D.Va,3,3969
1270,1021,dva_remech,354.83,T_41f135cc,P_8b3b709d,D.Va,4,3969
1271,1021,dva_remech,573.66,T_41f135cc,P_8b3b709d,D.Va,7,3969
1272,1021,dva_remech,137.23,T_05e2eced,P_8b3b709d,D.Va,2,3970
1273,1021,dva_remech,275.71,T_05e2eced,P_8b3b709d,D.Va,4,3970
1274,1021,dva_remech,355.29,T_05e2eced,P_8b3b709d,D.Va,6,3970
1275,1021,dva_remech,524.37,T_05e2eced,P_8b3b709d,D.Va,8,3970
1276,1021,dva_remech,555.61,T_05e2eced,P_8b3b709d,D.Va,9,3970
1277,1021,dva_remech,630.1,T_05e2eced,P_8b3b709d,D.Va,9,3970
1278,1021,dva_remech,674.88,T_05e2eced,P_8b3b709d,D.Va,11,3970
1279,1021,dva_remech,736.15,T_05e2eced,P_8b3b709d,D.Va,12,3970
1280,1021,dva_remech,747.03,T_05e2eced,P_8b3b709d,D.Va,14,3970
1281,1023,dva_remech,644.54,T_5568bd9d,P_4591205e,D.Va,4,3978
1282,1023,dva_remech,176.78,T_5568bd9d,P_4591205e,D.Va,3,3979
1283,1023,dva_remech,408.58,T_a02bf5e9,P_4ed389c2,D.Va,4,3979
1284,1023,dva_remech,469.76,T_a02bf5e9,P_4ed389c2,D.Va,5,3979
1285,1023,dva_remech,672.52,T_a02bf5e9,P_4ed389c2,D.Va,8,3979
1286,1024,dva_remech,241.03,T_5568bd9d,P_1be20e40,D.Va,2,3986
1287,1025,dva_remech,319.22,T_3238eb96,P_891a6409,D.Va,3,3991
1288,1025,dva_remech,407.17,T_3238eb96,P_891a6409,D.Va,5,3991
1216,999,dva_remech,280.65,T_3238eb96,P_891a6409,D.Va,3,
1217,999,dva_remech,306.16,T_3238eb96,P_891a6409,D.Va,4,
1248,1010,dva_remech,162.95,T_4994897b,P_ee091133,D.Va,1,
1249,1010,dva_remech,430.04,T_4994897b,P_ee091133,D.Va,8,
1253,1013,dva_remech,146.38,T_a02bf5e9,P_7380f13c,D.Va,1,
1289,1025,dva_remech,693.25,T_3238eb96,P_891a6409,D.Va,8,3991
1291,1050,dva_remech,335.24,T_1699ed97,P_b68ab2be,D.Va,3,4057
1292,1056,dva_remech,581.69,T_3238eb96,P_891a6409,D.Va,5,4082
1293,1056,dva_remech,668.08,T_3238eb96,P_891a6409,D.Va,7,4082
1294,1057,dva_remech,675.39,T_5568bd9d,P_b68ab2be,D.Va,3,4092
1295,1057,dva_remech,375.84,T_a02bf5e9,P_ccd6a30e,D.Va,4,4094
1296,1057,dva_remech,479.46,T_a02bf5e9,P_ccd6a30e,D.Va,5,4094
1297,1057,dva_remech,100.06,T_a02bf5e9,P_ccd6a30e,D.Va,2,4097
1298,1057,dva_remech,676.22,T_a02bf5e9,P_ccd6a30e,D.Va,7,4097
1299,1058,dva_remech,128.38,T_a02bf5e9,P_08d1ea79,D.Va,3,4099
1300,1058,dva_remech,229.15,T_1699ed97,P_1be20e40,D.Va,3,4099
1301,1058,dva_remech,614.32,T_a02bf5e9,P_08d1ea79,D.Va,8,4099
1302,1058,dva_remech,736.84,T_a02bf5e9,P_08d1ea79,D.Va,9,4099
1303,1058,dva_remech,213.61,T_a02bf5e9,P_08d1ea79,D.Va,4,4101
1304,1058,dva_remech,332.06,T_a02bf5e9,P_08d1ea79,D.Va,7,4101
1305,1059,dva_remech,289.77,T_3238eb96,P_891a6409,D.Va,3,4107
1306,1059,dva_remech,501.14,T_3238eb96,P_891a6409,D.Va,6,4107
1307,1059,dva_remech,118.3,T_d26e7e80,P_21a37cb4,D.Va,2,4108
1309,1063,dva_remech,371.31,T_a02bf5e9,P_eb78a531,D.Va,3,4130
1310,1063,dva_remech,620.75,T_a02bf5e9,P_eb78a531,D.Va,5,4130
1311,1063,dva_remech,819.62,T_a02bf5e9,P_eb78a531,D.Va,7,4130
1312,1068,dva_remech,487.85,T_3238eb96,P_891a6409,D.Va,6,4140
1315,1084,dva_remech,611.67,T_1699ed97,P_b68ab2be,D.Va,5,4207
1316,1084,dva_remech,607.29,T_70cf47d6,P_d9415b95,D.Va,4,4209
1318,1087,dva_remech,307.11,T_3238eb96,P_891a6409,D.Va,3,4226
1319,1089,dva_remech,486.01,T_70180e67,P_6a5de7b1,D.Va,3,4247
1320,1096,dva_remech,343.76,T_a02bf5e9,P_62f8b58f,D.Va,3,4279
1321,1096,dva_remech,343.76,T_a02bf5e9,P_62f8b58f,D.Va,3,4280
1322,1101,dva_remech,399.85,T_a34bd8eb,P_bfa4b1ca,D.Va,5,4305
1323,1101,dva_remech,607.27,T_a34bd8eb,P_bfa4b1ca,D.Va,9,4305
1324,1102,dva_remech,818.69,T_ef2c9796,P_548c8a17,D.Va,5,4311
1325,1102,dva_remech,140.24,T_1699ed97,P_1be20e40,D.Va,2,4312
1326,1102,dva_remech,308.13,T_1699ed97,P_1be20e40,D.Va,5,4312
1327,1102,dva_remech,559.85,T_ef2c9796,P_548c8a17,D.Va,3,4314
1330,1103,dva_remech,668.23,T_3238eb96,P_891a6409,D.Va,6,4322
1331,1103,dva_remech,803.58,T_3238eb96,P_891a6409,D.Va,8,4322
1332,1108,dva_remech,123.74,T_3238eb96,P_891a6409,D.Va,2,4350
1333,1108,dva_remech,340.43,T_3238eb96,P_891a6409,D.Va,7,4350
1334,1108,dva_remech,470.82,T_3238eb96,P_891a6409,D.Va,9,4350
1335,1108,dva_remech,537.6,T_3238eb96,P_891a6409,D.Va,11,4350
1336,1108,dva_remech,583.11,T_3238eb96,P_891a6409,D.Va,12,4350
1337,1108,dva_remech,659.69,T_3238eb96,P_891a6409,D.Va,14,4350
1338,1108,dva_remech,895.05,T_3238eb96,P_891a6409,D.Va,16,4350
1347,1123,dva_remech,241.64,T_3238eb96,P_891a6409,D.Va,4,4415
1348,1123,dva_remech,638.32,T_3238eb96,P_891a6409,D.Va,9,4415
1349,1123,dva_remech,754.72,T_3238eb96,P_891a6409,D.Va,11,4415
1350,1123,dva_remech,617.41,T_3238eb96,P_891a6409,D.Va,4,4416
1351,1123,dva_remech,709.28,T_3238eb96,P_891a6409,D.Va,6,4416
1352,1123,dva_remech,854.54,T_3238eb96,P_891a6409,D.Va,8,4416
1353,1129,dva_remech,683.31,T_a02bf5e9,P_8923831f,D.Va,8,4451
1354,1129,dva_remech,542.19,T_a02bf5e9,P_8923831f,D.Va,5,4452
1355,1129,dva_remech,648.67,T_a02bf5e9,P_8923831f,D.Va,7,4452
1356,1132,dva_remech,490.02,T_3238eb96,P_891a6409,D.Va,4,4471
1070,920,dva_remech,105.85,T_2649596f,P_acc4dc9c,D.Va,2,
1360,1193,dva_remech,106.73,T_3238eb96,P_891a6409,D.Va,2,4527
1361,1193,dva_remech,542.66,T_3238eb96,P_891a6409,D.Va,9,4527
1362,1215,dva_remech,787.2,T_f58d45ac,P_07630316,D.Va,6,4581
1363,1215,dva_remech,931.54,T_f58d45ac,P_07630316,D.Va,8,4581
1364,1216,dva_remech,572.28,T_3238eb96,P_891a6409,D.Va,4,4587
1365,1216,dva_remech,711.82,T_3238eb96,P_891a6409,D.Va,6,4587
1366,1216,dva_remech,848.63,T_3238eb96,P_891a6409,D.Va,8,4587
1367,1219,dva_remech,196.77,T_5568bd9d,P_61850dee,D.Va,2,4599
1368,1219,dva_remech,329.4,T_a02bf5e9,P_0a04b3e7,D.Va,2,4599
1369,1239,dva_remech,523.26,T_3238eb96,P_891a6409,D.Va,3,4674
1370,1239,dva_remech,614.07,T_3238eb96,P_891a6409,D.Va,4,4674
1371,1239,dva_remech,673.38,T_3238eb96,P_891a6409,D.Va,6,4674
1377,1243,dva_remech,81.68,T_eb73c192,P_717eee02,D.Va,1,4694
1378,1243,dva_remech,124.3,T_eb73c192,P_717eee02,D.Va,4,4694
1379,1243,dva_remech,256.54,T_eb73c192,P_717eee02,D.Va,6,4694
1380,1243,dva_remech,616.21,T_eb73c192,P_717eee02,D.Va,10,4694
1308,1059,dva_remech,759.51,T_3238eb96,P_891a6409,D.Va,6,
1381,1243,dva_remech,442.49,T_eb73c192,P_717eee02,D.Va,5,4695
1382,1243,dva_remech,126.83,T_eb73c192,P_717eee02,D.Va,3,4696
1383,1243,dva_remech,166.38,T_eb73c192,P_717eee02,D.Va,4,4696
1384,1243,dva_remech,437.97,T_eb73c192,P_717eee02,D.Va,8,4696
1385,1243,dva_remech,557.75,T_eb73c192,P_717eee02,D.Va,11,4696
1387,1244,dva_remech,147.91,T_5568bd9d,P_fbfc0345,D.Va,2,4698
1388,1244,dva_remech,291.23,T_5568bd9d,P_fbfc0345,D.Va,3,4698
1389,1244,dva_remech,253.29,T_5b9402a1,P_fbfc0345,D.Va,3,4699
1390,1244,dva_remech,110.71,T_5b9402a1,P_fbfc0345,D.Va,1,4700
1391,1244,dva_remech,420.76,T_5b9402a1,P_fbfc0345,D.Va,5,4700
1392,1244,dva_remech,198.6,T_5b9402a1,P_fbfc0345,D.Va,3,4702
1393,1244,dva_remech,471.38,T_5b9402a1,P_fbfc0345,D.Va,7,4702
1394,1247,dva_remech,256.05,T_a02bf5e9,P_92776a01,D.Va,2,4715
1109,958,dva_remech,267.76,T_a02bf5e9,P_41fa3028,D.Va,4,
1110,958,dva_remech,342.34,T_a02bf5e9,P_41fa3028,D.Va,5,
1111,958,dva_remech,454.8,T_5568bd9d,P_c8b961cb,D.Va,4,
1112,958,dva_remech,623.21,T_a02bf5e9,P_41fa3028,D.Va,9,
1395,1256,dva_remech,589.25,T_7f8ba35f,P_ebd79dc7,D.Va,4,4747
1396,1256,dva_remech,698.45,T_7f8ba35f,P_ebd79dc7,D.Va,5,4747
1397,1256,dva_remech,920.49,T_7f8ba35f,P_ebd79dc7,D.Va,9,4747
1398,1256,dva_remech,107.31,T_3238eb96,P_891a6409,D.Va,2,4748
1399,1256,dva_remech,383.45,T_3238eb96,P_891a6409,D.Va,6,4748
1400,1256,dva_remech,586.29,T_3238eb96,P_891a6409,D.Va,5,4749
1401,1256,dva_remech,698.36,T_3238eb96,P_891a6409,D.Va,7,4749
1402,1256,dva_remech,801.55,T_3238eb96,P_891a6409,D.Va,9,4749
1403,1261,dva_remech,135.1,T_6775d51a,P_df3dc221,D.Va,2,4759
1404,1261,dva_remech,371.5,T_6775d51a,P_df3dc221,D.Va,5,4759
1405,1261,dva_remech,489.91,T_6775d51a,P_df3dc221,D.Va,7,4759
1411,1261,dva_remech,385.03,T_6775d51a,P_2caf192a,D.Va,4,4762
1412,1261,dva_remech,455.04,T_2bfdcb8b,P_df3dc221,D.Va,3,4762
1413,1263,dva_remech,290.88,T_3238eb96,P_891a6409,D.Va,3,4773
1414,1263,dva_remech,530.68,T_3238eb96,P_891a6409,D.Va,6,4773
1415,1263,dva_remech,666.69,T_3238eb96,P_891a6409,D.Va,8,4773
1416,1263,dva_remech,767.88,T_3238eb96,P_891a6409,D.Va,10,4773
1417,1269,dva_remech,66.21,T_7e239be7,P_45f4fe4c,D.Va,1,4785
1418,1269,dva_remech,129.59,T_7e239be7,P_45f4fe4c,D.Va,3,4785
1419,1282,dva_remech,0,T_5568bd9d,P_aedb6a9e,D.Va,9,4829
1420,1283,dva_remech,206.84,T_a02bf5e9,P_44fd5156,D.Va,2,4831
1421,1283,dva_remech,259.2,T_a02bf5e9,P_44fd5156,D.Va,3,4831
1422,1283,dva_remech,436.84,T_a02bf5e9,P_44fd5156,D.Va,4,4834
1423,1283,dva_remech,590.27,T_a02bf5e9,P_44fd5156,D.Va,6,4834
1424,1283,dva_remech,705.98,T_a02bf5e9,P_44fd5156,D.Va,8,4834
1428,1289,dva_remech,203.8,T_5568bd9d,P_2caf192a,D.Va,2,4847
1429,1289,dva_remech,289.5,T_5568bd9d,P_2caf192a,D.Va,3,4847
1430,1289,dva_remech,410,T_5568bd9d,P_2caf192a,D.Va,5,4847
1431,1292,dva_remech,575.99,T_5b9402a1,P_9d644d1a,D.Va,5,4862
1432,1293,dva_remech,357.58,T_c2f547c5,P_7570059a,D.Va,10,4871
1433,1293,dva_remech,357.58,T_c2f547c5,P_7570059a,D.Va,10,4872
1434,1296,dva_remech,201.66,T_f5b16258,P_1a4a673b,D.Va,1,4887
1435,1296,dva_remech,701.65,T_a02bf5e9,P_6696ec60,D.Va,7,4887
1436,1300,dva_remech,489.98,T_a02bf5e9,P_de0971db,D.Va,3,4908
1437,1303,dva_remech,120.2,T_a02bf5e9,P_8015ed2c,D.Va,2,4914
1438,1303,dva_remech,194.72,T_5568bd9d,P_2caf192a,D.Va,3,4914
1439,1303,dva_remech,266.81,T_a02bf5e9,P_8015ed2c,D.Va,4,4914
1440,1303,dva_remech,318.63,T_a02bf5e9,P_8015ed2c,D.Va,5,4914
1441,1303,dva_remech,489.73,T_a02bf5e9,P_8015ed2c,D.Va,7,4914
1442,1303,dva_remech,666.96,T_5568bd9d,P_2caf192a,D.Va,8,4914
1443,1303,dva_remech,702.33,T_a02bf5e9,P_8015ed2c,D.Va,9,4914
1444,1303,dva_remech,83.44,T_5568bd9d,P_fc577068,D.Va,1,4916
1445,1303,dva_remech,300.11,T_5568bd9d,P_fc577068,D.Va,7,4916
1446,1303,dva_remech,596.52,T_5568bd9d,P_fc577068,D.Va,10,4916
1447,1308,dva_remech,287.52,T_7ba5dfb5,P_8eb55bf5,D.Va,2,4929
1461,1320,dva_remech,163.3,T_3238eb96,P_891a6409,D.Va,2,4968
1462,1320,dva_remech,308.88,T_3238eb96,P_891a6409,D.Va,4,4968
1463,1320,dva_remech,572.01,T_3238eb96,P_891a6409,D.Va,8,4968
1464,1320,dva_remech,621.12,T_7f8ba35f,P_1c023801,D.Va,4,4968
1465,1320,dva_remech,774.05,T_3238eb96,P_891a6409,D.Va,10,4968
1466,1320,dva_remech,783.07,T_7f8ba35f,P_1c023801,D.Va,8,4968
1467,1320,dva_remech,938.18,T_3238eb96,P_891a6409,D.Va,12,4968
1469,1321,dva_remech,348.89,T_a02bf5e9,P_0e787c36,D.Va,4,4974
1479,1333,dva_remech,661.59,T_5568bd9d,P_b7803ad7,D.Va,7,4998
1480,1333,dva_remech,937.17,T_5568bd9d,P_b7803ad7,D.Va,10,4998
1483,1337,dva_remech,267.41,T_1699ed97,P_393a6ca8,D.Va,2,5011
1484,1339,dva_remech,607,T_5568bd9d,P_8ddf948b,D.Va,7,5016
1485,1339,dva_remech,208.26,T_5568bd9d,P_8ddf948b,D.Va,3,5018
1486,1340,dva_remech,127.82,T_7f8ba35f,P_1c023801,D.Va,2,5020
1487,1340,dva_remech,213.07,T_7f8ba35f,P_1c023801,D.Va,2,5020
1488,1340,dva_remech,270.33,T_7f8ba35f,P_1c023801,D.Va,4,5020
1489,1340,dva_remech,401.17,T_3238eb96,P_891a6409,D.Va,2,5020
1490,1342,dva_remech,232.32,T_5568bd9d,P_1be20e40,D.Va,2,5023
1149,982,dva_remech,393.56,T_3238eb96,P_07cc4a1a,D.Va,4,
1150,982,dva_remech,646.58,T_04b64bac,P_c2f58459,D.Va,6,
1493,1353,dva_remech,342.55,T_969420ad,P_a2b404a7,D.Va,3,5046
1502,1363,dva_remech,184.86,T_13ab2299,P_4cf49365,D.Va,2,5083
1503,1363,dva_remech,307.37,T_467b3697,P_55f28a10,D.Va,3,5083
1504,1363,dva_remech,672.58,T_467b3697,P_55f28a10,D.Va,6,5083
1505,1363,dva_remech,741.93,T_13ab2299,P_4cf49365,D.Va,6,5083
1506,1363,dva_remech,793.62,T_13ab2299,P_4cf49365,D.Va,7,5083
1507,1363,dva_remech,840.79,T_13ab2299,P_4cf49365,D.Va,8,5083
1508,1363,dva_remech,926.18,T_13ab2299,P_4cf49365,D.Va,10,5083
1509,1363,dva_remech,943.34,T_13ab2299,P_4cf49365,D.Va,11,5083
1190,984,dva_remech,483.16,T_3238eb96,P_891a6409,D.Va,7,
1191,984,dva_remech,533.8,T_00cb894d,P_411a5d02,D.Va,4,
1192,984,dva_remech,600.61,T_3238eb96,P_891a6409,D.Va,9,
1193,984,dva_remech,723.02,T_00cb894d,P_411a5d02,D.Va,6,
1510,1373,dva_remech,190.1,T_7ba5dfb5,P_9d0caaee,D.Va,2,5112
1511,1373,dva_remech,192.75,T_38270be3,P_02509de3,D.Va,2,5112
1512,1373,dva_remech,237.32,T_7ba5dfb5,P_9d0caaee,D.Va,3,5112
1513,1375,dva_remech,393.73,T_5568bd9d,P_b5f70e2b,D.Va,4,5122
1514,1375,dva_remech,479.9,T_5568bd9d,P_b5f70e2b,D.Va,6,5122
1515,1375,dva_remech,298.89,T_a02bf5e9,P_e95eadad,D.Va,3,5127
1516,1375,dva_remech,304.54,T_5568bd9d,P_b5f70e2b,D.Va,4,5127
1517,1375,dva_remech,610.47,T_a02bf5e9,P_e95eadad,D.Va,7,5127
1518,1379,dva_remech,356.69,T_7f8ba35f,P_1c023801,D.Va,2,5135
1519,1379,dva_remech,408.17,T_3238eb96,P_891a6409,D.Va,3,5135
1520,1390,dva_remech,76.97,T_a02bf5e9,P_9a222e15,D.Va,1,5159
1521,1394,dva_remech,141.89,T_a02bf5e9,P_30293991,D.Va,2,5178
1522,1394,dva_remech,224.53,T_a02bf5e9,P_30293991,D.Va,4,5178
1523,1394,dva_remech,267.4,T_a02bf5e9,P_30293991,D.Va,5,5178
1524,1394,dva_remech,361.63,T_a02bf5e9,P_30293991,D.Va,6,5178
1525,1394,dva_remech,410.25,T_a02bf5e9,P_30293991,D.Va,8,5178
1526,1394,dva_remech,506.66,T_a02bf5e9,P_30293991,D.Va,10,5178
1527,1397,dva_remech,233.48,T_a02bf5e9,P_a1a5e7c7,D.Va,4,5187
1528,1409,dva_remech,169,T_a02bf5e9,P_e5416907,D.Va,4,5226
1529,1409,dva_remech,488.44,T_a02bf5e9,P_e5416907,D.Va,7,5226
1530,1409,dva_remech,548.26,T_a02bf5e9,P_e5416907,D.Va,8,5226
1531,1411,dva_remech,170.54,T_a02bf5e9,P_26c422aa,D.Va,2,5235
1532,1411,dva_remech,418.22,T_a02bf5e9,P_26c422aa,D.Va,3,5236
1533,1411,dva_remech,643.46,T_a02bf5e9,P_26c422aa,D.Va,5,5236
1534,1412,dva_remech,211.64,T_5568bd9d,P_e5416907,D.Va,2,5243
1535,1412,dva_remech,799.54,T_5568bd9d,P_e5416907,D.Va,7,5243
1536,1412,dva_remech,136.22,T_5568bd9d,P_e5416907,D.Va,2,5246
1537,1412,dva_remech,249.19,T_5568bd9d,P_e5416907,D.Va,4,5246
1538,1419,dva_remech,86.84,T_dc7a587c,P_b08d9241,D.Va,1,5254
1543,1419,dva_remech,345.72,T_dc7a587c,P_b08d9241,D.Va,3,5266
1544,1419,dva_remech,612.16,T_dc7a587c,P_b08d9241,D.Va,7,5266
1545,1419,dva_remech,808.63,T_dc7a587c,P_b08d9241,D.Va,9,5266
1546,1419,dva_remech,696.35,T_dc7a587c,P_b08d9241,D.Va,3,5270
1547,1426,dva_remech,620.79,T_5568bd9d,P_8fd2ec67,D.Va,4,5271
1548,1426,dva_remech,885.18,T_5568bd9d,P_8fd2ec67,D.Va,7,5272
1549,1426,dva_remech,657.92,T_5568bd9d,P_8fd2ec67,D.Va,5,5273
1550,1427,dva_remech,234.9,T_a02bf5e9,P_05bc2a8b,D.Va,3,5279
1551,1427,dva_remech,342.78,T_a02bf5e9,P_05bc2a8b,D.Va,4,5279
1552,1427,dva_remech,602.59,T_a02bf5e9,P_05bc2a8b,D.Va,6,5279
1553,1427,dva_remech,631.44,T_a02bf5e9,P_05bc2a8b,D.Va,5,5280
1554,1430,dva_remech,745.04,T_a02bf5e9,P_8fd2ec67,D.Va,8,5293
1558,1434,dva_remech,114.39,T_5568bd9d,P_5133d4ac,D.Va,1,5312
1559,1434,dva_remech,213.8,T_5568bd9d,P_5133d4ac,D.Va,4,5312
1560,1434,dva_remech,271.89,T_5568bd9d,P_5133d4ac,D.Va,5,5312
1561,1437,dva_remech,547.47,T_ecb05279,P_5133d4ac,D.Va,5,5324
1562,1439,dva_remech,439.3,T_a02bf5e9,P_e2aef5d8,D.Va,3,5338
1563,1439,dva_remech,554.8,T_5568bd9d,P_5133d4ac,D.Va,5,5338
1564,1439,dva_remech,696.78,T_5568bd9d,P_5133d4ac,D.Va,9,5338
1565,1442,dva_remech,209.67,T_a02bf5e9,P_3519608c,D.Va,2,5353
1566,1442,dva_remech,574.51,T_a02bf5e9,P_3519608c,D.Va,5,5354
1567,1442,dva_remech,549.44,T_a02bf5e9,P_aee61731,D.Va,4,5357
1568,1443,dva_remech,209.87,T_5568bd9d,P_5133d4ac,D.Va,4,5364
1572,1445,dva_remech,631.55,T_dfa2d504,P_3f6604e6,D.Va,6,5381
1573,1451,dva_remech,424.82,T_1699ed97,P_c5163101,D.Va,5,5394
1574,1451,dva_remech,195.91,T_1699ed97,P_c5163101,D.Va,2,5396
1575,1451,dva_remech,512.54,T_1699ed97,P_c5163101,D.Va,8,5396
1576,1452,dva_remech,695.58,T_a02bf5e9,P_f331c559,D.Va,6,5400
1577,1452,dva_remech,502.71,T_5568bd9d,P_f331c559,D.Va,4,5401
1578,1453,dva_remech,167.42,T_a02bf5e9,P_6d7cdf4e,D.Va,1,5405
1579,1453,dva_remech,222.58,T_a02bf5e9,P_4d0b8315,D.Va,3,5410
1580,1453,dva_remech,363.29,T_a02bf5e9,P_4d0b8315,D.Va,5,5410
1581,1455,dva_remech,322.02,T_a02bf5e9,P_cec0d57b,D.Va,2,5412
1582,1455,dva_remech,458,T_a02bf5e9,P_cec0d57b,D.Va,4,5412
1583,1462,dva_remech,198.12,T_5568bd9d,P_5133d4ac,D.Va,2,5443
1584,1462,dva_remech,343.68,T_5568bd9d,P_5133d4ac,D.Va,4,5443
1585,1462,dva_remech,595.97,T_5568bd9d,P_5133d4ac,D.Va,8,5443
1586,1462,dva_remech,666.83,T_5568bd9d,P_5133d4ac,D.Va,9,5443
1587,1462,dva_remech,337.62,T_5568bd9d,P_5133d4ac,D.Va,3,5444
1588,1462,dva_remech,363.7,T_a02bf5e9,P_3519608c,D.Va,3,5444
1589,1462,dva_remech,520.64,T_5568bd9d,P_5133d4ac,D.Va,5,5444
1590,1464,dva_remech,131.75,T_b55b70a5,P_99332ccc,D.Va,3,5450
1591,1464,dva_remech,246.18,T_b55b70a5,P_99332ccc,D.Va,4,5450
1592,1464,dva_remech,466.98,T_b55b70a5,P_99332ccc,D.Va,6,5450
1593,1465,dva_remech,405.53,T_a02bf5e9,P_b8809733,D.Va,6,5457
1594,1465,dva_remech,468.96,T_a02bf5e9,P_b8809733,D.Va,7,5457
1596,1473,dva_remech,267.48,T_a02bf5e9,P_8fd2ec67,D.Va,2,5466
1597,1473,dva_remech,742.42,T_a02bf5e9,P_8fd2ec67,D.Va,6,5466
1598,1473,dva_remech,776.61,T_a02bf5e9,P_8fd2ec67,D.Va,7,5466
1602,1473,dva_remech,829.2,T_a02bf5e9,P_8fd2ec67,D.Va,7,5471
1603,1473,dva_remech,106.25,T_5568bd9d,P_5133d4ac,D.Va,1,5472
1604,1473,dva_remech,161.35,T_5568bd9d,P_5133d4ac,D.Va,2,5472
1605,1476,dva_remech,670.91,T_a02bf5e9,P_3519608c,D.Va,5,5494
1606,1479,dva_remech,192.47,T_1699ed97,P_c5163101,D.Va,2,5502
1607,1481,dva_remech,405.41,T_a02bf5e9,P_59d7f4d4,D.Va,3,5510
1608,1481,dva_remech,773.81,T_a02bf5e9,P_59d7f4d4,D.Va,6,5510
1609,1481,dva_remech,405.41,T_a02bf5e9,P_59d7f4d4,D.Va,3,5513
1610,1481,dva_remech,773.81,T_a02bf5e9,P_59d7f4d4,D.Va,6,5513
1611,1485,dva_remech,464.95,T_a02bf5e9,P_6df2b2f7,D.Va,5,5516
1612,1485,dva_remech,593.17,T_a02bf5e9,P_6df2b2f7,D.Va,7,5516
1613,1485,dva_remech,730.78,T_a02bf5e9,P_6df2b2f7,D.Va,9,5516
1614,1486,dva_remech,187.01,T_a02bf5e9,P_d6d72544,D.Va,4,5525
1615,1486,dva_remech,254.32,T_a02bf5e9,P_d6d72544,D.Va,5,5525
1616,1486,dva_remech,427.71,T_a02bf5e9,P_d6d72544,D.Va,8,5525
1617,1486,dva_remech,523.19,T_a02bf5e9,P_d6d72544,D.Va,10,5525
1618,1487,dva_remech,260.65,T_5568bd9d,P_5711e1d2,D.Va,2,5532
1621,1490,dva_remech,219.07,T_a02bf5e9,P_0c00d56a,D.Va,2,5535
1622,1490,dva_remech,304.46,T_a02bf5e9,P_0c00d56a,D.Va,3,5535
1623,1490,dva_remech,53.81,T_5568bd9d,P_9be3f49d,D.Va,1,5538
1624,1490,dva_remech,155.92,T_5568bd9d,P_9be3f49d,D.Va,3,5538
1625,1490,dva_remech,412.59,T_5568bd9d,P_9be3f49d,D.Va,5,5538
1626,1492,dva_remech,261.66,T_a02bf5e9,P_651faaec,D.Va,3,5543
1631,1493,dva_remech,360.42,T_a02bf5e9,P_0e787c36,D.Va,6,5549
1632,1493,dva_remech,360.42,T_a02bf5e9,P_0e787c36,D.Va,6,5552
1634,1496,dva_remech,51.12,T_5568bd9d,P_9be3f49d,D.Va,1,5554
1635,1496,dva_remech,184.45,T_5568bd9d,P_9be3f49d,D.Va,3,5554
1636,1496,dva_remech,654.04,T_5568bd9d,P_9be3f49d,D.Va,6,5555
1637,1496,dva_remech,820.87,T_5568bd9d,P_9be3f49d,D.Va,8,5555
1638,1496,dva_remech,312.9,T_5568bd9d,P_9be3f49d,D.Va,2,5556
1639,1496,dva_remech,714.24,T_5568bd9d,P_9be3f49d,D.Va,5,5557
1640,1498,dva_remech,371.43,T_a02bf5e9,P_33315154,D.Va,5,5562
1641,1498,dva_remech,501.57,T_a02bf5e9,P_33315154,D.Va,7,5562
1642,1500,dva_remech,50.05,T_a02bf5e9,P_4a9291ba,D.Va,1,5571
1643,1500,dva_remech,175.64,T_5568bd9d,P_5711e1d2,D.Va,2,5571
1644,1500,dva_remech,178.73,T_a02bf5e9,P_4a9291ba,D.Va,3,5571
1645,1500,dva_remech,274.73,T_a02bf5e9,P_4a9291ba,D.Va,3,5571
1646,1500,dva_remech,286.11,T_5568bd9d,P_5711e1d2,D.Va,3,5571
1647,1500,dva_remech,388.5,T_5568bd9d,P_5711e1d2,D.Va,5,5571
1648,1500,dva_remech,445.37,T_a02bf5e9,P_4a9291ba,D.Va,7,5571
1649,1500,dva_remech,716.03,T_a02bf5e9,P_4a9291ba,D.Va,11,5571
1650,1500,dva_remech,401.94,T_a02bf5e9,P_4a9291ba,D.Va,3,5572
1651,1500,dva_remech,413.34,T_5568bd9d,P_5711e1d2,D.Va,3,5572
1652,1500,dva_remech,427.44,T_a02bf5e9,P_4a9291ba,D.Va,4,5572
1653,1500,dva_remech,494.27,T_a02bf5e9,P_4a9291ba,D.Va,5,5572
1654,1500,dva_remech,530.73,T_5568bd9d,P_5711e1d2,D.Va,5,5572
1655,1500,dva_remech,537.83,T_a02bf5e9,P_4a9291ba,D.Va,6,5572
1656,1500,dva_remech,500.13,T_a02bf5e9,P_4a9291ba,D.Va,3,5573
1657,1501,dva_remech,357.81,T_5568bd9d,P_5711e1d2,D.Va,4,5578
1658,1501,dva_remech,809.23,T_5568bd9d,P_5711e1d2,D.Va,5,5580
1659,1503,dva_remech,731.4,T_915af013,P_99332ccc,D.Va,8,5587
1660,1503,dva_remech,750.21,T_915af013,P_99332ccc,D.Va,9,5587
1661,1503,dva_remech,244.49,T_915af013,P_99332ccc,D.Va,2,5588
1662,1504,dva_remech,514.18,T_5568bd9d,P_9be3f49d,D.Va,4,5593
1666,1504,dva_remech,670.62,T_5568bd9d,P_9be3f49d,D.Va,7,5596
1667,1504,dva_remech,792.21,T_5568bd9d,P_9be3f49d,D.Va,8,5596
1668,1504,dva_remech,855.1,T_5568bd9d,P_9be3f49d,D.Va,10,5596
1673,1506,dva_remech,620.23,T_a02bf5e9,P_e2aef5d8,D.Va,3,5614
1674,1506,dva_remech,413.33,T_a02bf5e9,P_e2aef5d8,D.Va,3,5615
1675,1507,dva_remech,562.23,T_0d0b6c05,P_ee72b96b,D.Va,4,5622
1676,1507,dva_remech,657.28,T_0d0b6c05,P_ee72b96b,D.Va,5,5622
1678,1509,dva_remech,560.21,T_a02bf5e9,P_c8b961cb,D.Va,4,5630
1679,1509,dva_remech,560.21,T_a02bf5e9,P_c8b961cb,D.Va,4,5631
1680,1509,dva_remech,205.35,T_a02bf5e9,P_c8b961cb,D.Va,2,5632
1681,1509,dva_remech,222.74,T_a02bf5e9,P_c8b961cb,D.Va,3,5632
1682,1509,dva_remech,353.17,T_a02bf5e9,P_c8b961cb,D.Va,5,5632
1683,1509,dva_remech,821.42,T_a02bf5e9,P_c8b961cb,D.Va,7,5632
1684,1509,dva_remech,288.49,T_a02bf5e9,P_c8b961cb,D.Va,4,5633
1685,1510,dva_remech,123.34,T_5568bd9d,P_5711e1d2,D.Va,2,5635
1686,1510,dva_remech,461.39,T_a02bf5e9,P_64b6f39e,D.Va,4,5635
1687,1510,dva_remech,466.97,T_5568bd9d,P_5711e1d2,D.Va,7,5635
1688,1510,dva_remech,627.21,T_5568bd9d,P_5711e1d2,D.Va,9,5635
1689,1510,dva_remech,748.74,T_5568bd9d,P_5711e1d2,D.Va,11,5635
1690,1510,dva_remech,833.51,T_a02bf5e9,P_64b6f39e,D.Va,7,5635
1691,1511,dva_remech,664.25,T_a02bf5e9,P_cec0d57b,D.Va,5,5650
1692,1511,dva_remech,1015.89,T_1699ed97,P_55f13ccb,D.Va,7,5650
1693,1512,dva_remech,168.33,T_a02bf5e9,P_027e0b89,D.Va,2,5653
1694,1512,dva_remech,229.11,T_a02bf5e9,P_027e0b89,D.Va,3,5655
1695,1512,dva_remech,329.63,T_a02bf5e9,P_027e0b89,D.Va,5,5655
1696,1512,dva_remech,615.37,T_a02bf5e9,P_027e0b89,D.Va,9,5655
1697,1526,dva_remech,83.39,T_2493ae81,P_ada3d7ca,D.Va,1,5721
1698,1526,dva_remech,148.37,T_2493ae81,P_ada3d7ca,D.Va,3,5721
1699,1526,dva_remech,614.07,T_033b8b16,P_254a2aa1,D.Va,4,5721
1700,1528,dva_remech,722.68,T_3af87b19,P_3519608c,D.Va,5,5727
1701,1529,dva_remech,722.68,T_92470a2c,P_3519608c,D.Va,5,5728
1702,1529,dva_remech,697.4,T_a02bf5e9,P_3519608c,D.Va,8,5730
1703,1529,dva_remech,697.4,T_a02bf5e9,P_3519608c,D.Va,8,5731
1704,1529,dva_remech,140.91,T_5568bd9d,P_5133d4ac,D.Va,2,5733
1707,1529,dva_remech,140.91,T_5568bd9d,P_5133d4ac,D.Va,2,5736
1708,1530,dva_remech,151.19,T_5568bd9d,P_ada3d7ca,D.Va,3,5737
1709,1530,dva_remech,254.01,T_5568bd9d,P_ada3d7ca,D.Va,4,5737
1710,1534,dva_remech,292.97,T_a02bf5e9,P_89a6644c,D.Va,2,5745
1711,1534,dva_remech,673.98,T_a02bf5e9,P_89a6644c,D.Va,6,5745
1712,1535,dva_remech,123.91,T_5568bd9d,P_5711e1d2,D.Va,1,5748
1713,1535,dva_remech,332.47,T_5568bd9d,P_5711e1d2,D.Va,5,5748
1714,1535,dva_remech,64.08,T_5568bd9d,P_5711e1d2,D.Va,1,5750
1715,1535,dva_remech,153.16,T_5568bd9d,P_5711e1d2,D.Va,3,5750
1716,1537,dva_remech,64.08,T_5568bd9d,P_5711e1d2,D.Va,1,5763
1717,1537,dva_remech,153.16,T_5568bd9d,P_5711e1d2,D.Va,3,5763
1718,1537,dva_remech,123.91,T_5568bd9d,P_5711e1d2,D.Va,1,5765
1719,1537,dva_remech,332.47,T_5568bd9d,P_5711e1d2,D.Va,5,5765
1720,1540,dva_remech,136.03,T_a02bf5e9,P_4d25b49a,D.Va,2,5769
1721,1540,dva_remech,251.15,T_a02bf5e9,P_4d25b49a,D.Va,3,5769
1722,1540,dva_remech,369.64,T_a02bf5e9,P_4d25b49a,D.Va,6,5769
1723,1540,dva_remech,549.08,T_5568bd9d,P_0dec2868,D.Va,4,5769
1724,1540,dva_remech,136.03,T_a02bf5e9,P_4d25b49a,D.Va,2,5772
1725,1540,dva_remech,251.15,T_a02bf5e9,P_4d25b49a,D.Va,3,5772
1726,1540,dva_remech,369.64,T_a02bf5e9,P_4d25b49a,D.Va,6,5772
1727,1540,dva_remech,549.08,T_5568bd9d,P_0dec2868,D.Va,4,5772
1728,1547,dva_remech,125.11,T_e8c429ce,P_ed195883,D.VA,1,5779
1729,1548,dva_remech,375.85,T_a02bf5e9,P_ff9c0556,D.Va,3,5782
1730,1549,dva_remech,235.78,T_5568bd9d,P_9be3f49d,D.Va,2,5786
1731,1549,dva_remech,516.3,T_5568bd9d,P_9be3f49d,D.Va,5,5786
1732,1549,dva_remech,623.65,T_5568bd9d,P_9be3f49d,D.Va,7,5786
1733,1549,dva_remech,49.87,T_a02bf5e9,P_c8b961cb,D.Va,1,5787
1734,1549,dva_remech,313.99,T_a02bf5e9,P_c8b961cb,D.Va,3,5787
1735,1549,dva_remech,920.12,T_a02bf5e9,P_c8b961cb,D.Va,10,5787
1736,1550,dva_remech,268.24,T_5568bd9d,P_9547094d,D.Va,2,5789
1738,1553,dva_remech,313.53,T_a02bf5e9,P_89a6644c,D.Va,3,5796
1739,1553,dva_remech,396.45,T_a02bf5e9,P_89a6644c,D.Va,4,5796
1740,1553,dva_remech,705.6,T_a02bf5e9,P_89a6644c,D.Va,6,5798
1741,1552,dva_remech,379.7,T_a02bf5e9,P_1de66280,D.Va,8,5800
1742,1552,dva_remech,561.18,T_a02bf5e9,P_1de66280,D.Va,10,5800
1743,1552,dva_remech,692.95,T_a02bf5e9,P_1de66280,D.Va,12,5800
1744,1552,dva_remech,852.78,T_a02bf5e9,P_1de66280,D.Va,14,5800
1745,1552,dva_remech,584.37,T_a02bf5e9,P_1de66280,D.Va,4,5802
1746,1555,dva_remech,141.25,T_a02bf5e9,P_a81f1915,D.Va,2,5808
1747,1555,dva_remech,260.88,T_a02bf5e9,P_a81f1915,D.Va,4,5808
1748,1555,dva_remech,382.55,T_a02bf5e9,P_a81f1915,D.Va,4,5808
1750,1557,dva_remech,351.33,T_a02bf5e9,P_ecbf7f52,D.Va,3,5815
1751,1564,dva_remech,307.08,T_5568bd9d,P_e2aef5d8,D.Va,2,5844
1752,1564,dva_remech,182.77,T_a02bf5e9,P_07630316,D.Va,2,5845
1753,1564,dva_remech,328.5,T_a02bf5e9,P_07630316,D.Va,4,5845
1754,1565,dva_remech,122.38,T_5568bd9d,P_5711e1d2,D.Va,2,5849
1755,1568,dva_remech,170.51,T_3238eb96,P_891a6409,D.Va,3,5860
1756,1568,dva_remech,725.32,T_3238eb96,P_891a6409,D.Va,11,5860
1757,1568,dva_remech,780.04,T_3238eb96,P_891a6409,D.Va,12,5860
1758,1568,dva_remech,311.79,T_3238eb96,P_891a6409,D.Va,2,5863
1759,1568,dva_remech,367.83,T_3238eb96,P_891a6409,D.Va,4,5863
1760,1568,dva_remech,384.67,T_3238eb96,P_891a6409,D.Va,5,5863
1761,1568,dva_remech,489.74,T_3238eb96,P_891a6409,D.Va,7,5863
1762,1568,dva_remech,132.03,T_99940b25,P_b1299717,D.Va,2,5865
1763,1568,dva_remech,321.79,T_3238eb96,P_891a6409,D.Va,4,5865
1787,1570,dva_remech,141.31,T_a02bf5e9,P_07630316,D.Va,2,5879
1788,1570,dva_remech,193.88,T_5568bd9d,P_b8809733,D.Va,2,5879
1789,1570,dva_remech,254.91,T_a02bf5e9,P_07630316,D.Va,4,5879
1790,1570,dva_remech,367.08,T_5568bd9d,P_b8809733,D.Va,4,5879
1791,1570,dva_remech,610.55,T_a02bf5e9,P_07630316,D.Va,8,5879
1792,1570,dva_remech,737.38,T_5568bd9d,P_b8809733,D.Va,9,5879
1793,1570,dva_remech,778.19,T_a02bf5e9,P_07630316,D.Va,10,5879
1794,1570,dva_remech,181.46,T_a02bf5e9,P_07630316,D.Va,2,5880
1795,1570,dva_remech,380.32,T_5568bd9d,P_b8809733,D.Va,7,5880
1796,1570,dva_remech,610.75,T_a02bf5e9,P_07630316,D.Va,6,5880
1797,1570,dva_remech,623.43,T_5568bd9d,P_b8809733,D.Va,6,5882
1800,1570,dva_remech,623.43,T_5568bd9d,P_b8809733,D.Va,6,5885
1801,1581,dva_remech,769.04,T_5568bd9d,P_9af499d1,D.Va,5,5922
1802,1582,dva_remech,348.73,T_a02bf5e9,P_995ef026,D.Va,3,5934
1803,1582,dva_remech,473.81,T_a02bf5e9,P_995ef026,D.Va,5,5934
1804,1582,dva_remech,842.88,T_a02bf5e9,P_995ef026,D.Va,8,5934
1805,1582,dva_remech,61.95,T_a02bf5e9,P_995ef026,D.Va,1,5935
1806,1582,dva_remech,194.79,T_a02bf5e9,P_995ef026,D.Va,3,5935
1807,1582,dva_remech,552.67,T_a02bf5e9,P_995ef026,D.Va,9,5935
1808,1582,dva_remech,410.07,T_a02bf5e9,P_995ef026,D.Va,6,5936
1809,1582,dva_remech,553.31,T_a02bf5e9,P_995ef026,D.Va,10,5936
1810,1583,dva_remech,202.33,T_a02bf5e9,P_8fd2ec67,D.Va,2,5939
1811,1583,dva_remech,432.6,T_a02bf5e9,P_8fd2ec67,D.Va,4,5939
1812,1583,dva_remech,473.39,T_a02bf5e9,P_8fd2ec67,D.Va,5,5939
1813,1584,dva_remech,315.24,T_5568bd9d,P_b8809733,D.Va,4,5940
1814,1584,dva_remech,518.66,T_5568bd9d,P_b8809733,D.Va,6,5940
1815,1586,dva_remech,202.33,T_a02bf5e9,P_8fd2ec67,D.Va,2,5950
1816,1586,dva_remech,432.6,T_a02bf5e9,P_8fd2ec67,D.Va,4,5950
1817,1586,dva_remech,473.39,T_a02bf5e9,P_8fd2ec67,D.Va,5,5950
1818,1586,dva_remech,629.35,T_a02bf5e9,P_b0577e37,D.Va,6,5953
1820,1584,dva_remech,202.33,T_a02bf5e9,P_8fd2ec67,D.Va,2,5963
1821,1584,dva_remech,432.6,T_a02bf5e9,P_8fd2ec67,D.Va,4,5963
1822,1584,dva_remech,473.39,T_a02bf5e9,P_8fd2ec67,D.Va,5,5963
1825,1592,dva_remech,659.62,T_a02bf5e9,P_b8809733,D.Va,3,5981
1826,1592,dva_remech,891.65,T_a02bf5e9,P_b8809733,D.Va,7,5981
1827,1592,dva_remech,139.68,T_a02bf5e9,P_b8809733,D.Va,2,5983
1828,1592,dva_remech,400.25,T_a02bf5e9,P_b8809733,D.Va,6,5983
1829,1592,dva_remech,950.89,T_5568bd9d,P_ecbf7f52,D.Va,5,5983
1830,1601,dva_remech,375.89,T_5568bd9d,P_9b54f7e4,D.Va,4,6012
1831,1601,dva_remech,500.21,T_5568bd9d,P_9b54f7e4,D.Va,6,6012
1832,1601,dva_remech,605.75,T_5568bd9d,P_9b54f7e4,D.Va,8,6012
1833,1601,dva_remech,705.47,T_5568bd9d,P_9b54f7e4,D.Va,10,6012
1834,1601,dva_remech,190.98,T_5568bd9d,P_9b54f7e4,D.Va,4,6014
1835,1601,dva_remech,304.8,T_5568bd9d,P_9b54f7e4,D.Va,6,6014
1836,1601,dva_remech,561.68,T_5568bd9d,P_9b54f7e4,D.Va,8,6014
1837,1601,dva_remech,650.9,T_5568bd9d,P_9b54f7e4,D.Va,9,6014
1838,1601,dva_remech,683.99,T_5568bd9d,P_9b54f7e4,D.Va,11,6014
1839,1601,dva_remech,190.98,T_5568bd9d,P_9b54f7e4,D.Va,4,6015
1840,1601,dva_remech,304.8,T_5568bd9d,P_9b54f7e4,D.Va,6,6015
1841,1601,dva_remech,561.68,T_5568bd9d,P_9b54f7e4,D.Va,8,6015
1842,1601,dva_remech,650.9,T_5568bd9d,P_9b54f7e4,D.Va,9,6015
1843,1601,dva_remech,683.99,T_5568bd9d,P_9b54f7e4,D.Va,11,6015
1844,1601,dva_remech,190.98,T_5568bd9d,P_9b54f7e4,D.Va,4,6016
1845,1601,dva_remech,304.8,T_5568bd9d,P_9b54f7e4,D.Va,6,6016
1846,1601,dva_remech,561.68,T_5568bd9d,P_9b54f7e4,D.Va,8,6016
1847,1601,dva_remech,650.9,T_5568bd9d,P_9b54f7e4,D.Va,9,6016
1848,1601,dva_remech,683.99,T_5568bd9d,P_9b54f7e4,D.Va,11,6016
1849,1601,dva_remech,190.98,T_5568bd9d,P_9b54f7e4,D.Va,4,6017
1850,1601,dva_remech,304.8,T_5568bd9d,P_9b54f7e4,D.Va,6,6017
1851,1601,dva_remech,561.68,T_5568bd9d,P_9b54f7e4,D.Va,8,6017
1852,1601,dva_remech,650.9,T_5568bd9d,P_9b54f7e4,D.Va,9,6017
1853,1601,dva_remech,683.99,T_5568bd9d,P_9b54f7e4,D.Va,11,6017
1854,1601,dva_remech,190.98,T_5568bd9d,P_9b54f7e4,D.Va,4,6018
1855,1601,dva_remech,304.8,T_5568bd9d,P_9b54f7e4,D.Va,6,6018
1856,1601,dva_remech,561.68,T_5568bd9d,P_9b54f7e4,D.Va,8,6018
1857,1601,dva_remech,650.9,T_5568bd9d,P_9b54f7e4,D.Va,9,6018
1858,1601,dva_remech,683.99,T_5568bd9d,P_9b54f7e4,D.Va,11,6018
1859,1601,dva_remech,190.98,T_5568bd9d,P_9b54f7e4,D.Va,4,6019
1860,1601,dva_remech,304.8,T_5568bd9d,P_9b54f7e4,D.Va,6,6019
1861,1601,dva_remech,561.68,T_5568bd9d,P_9b54f7e4,D.Va,8,6019
1862,1601,dva_remech,650.9,T_5568bd9d,P_9b54f7e4,D.Va,9,6019
1863,1601,dva_remech,683.99,T_5568bd9d,P_9b54f7e4,D.Va,11,6019
1864,1601,dva_remech,190.98,T_5568bd9d,P_9b54f7e4,D.Va,4,6020
1865,1601,dva_remech,304.8,T_5568bd9d,P_9b54f7e4,D.Va,6,6020
1866,1601,dva_remech,561.68,T_5568bd9d,P_9b54f7e4,D.Va,8,6020
1867,1601,dva_remech,650.9,T_5568bd9d,P_9b54f7e4,D.Va,9,6020
1868,1601,dva_remech,683.99,T_5568bd9d,P_9b54f7e4,D.Va,11,6020
1869,1602,dva_remech,150.82,T_3238eb96,P_891a6409,D.Va,2,6023
1870,1602,dva_remech,737.05,T_3238eb96,P_891a6409,D.Va,5,6024
1871,1602,dva_remech,860.5,T_3238eb96,P_891a6409,D.Va,7,6024
1872,1602,dva_remech,973.52,T_3238eb96,P_891a6409,D.Va,9,6024
1873,1602,dva_remech,1027.83,T_3238eb96,P_891a6409,D.Va,10,6024
1874,1604,dva_remech,140.93,T_a02bf5e9,P_b8809733,D.Va,2,6032
1875,1604,dva_remech,574.25,T_a02bf5e9,P_b8809733,D.Va,6,6032
1876,1604,dva_remech,417.13,T_5568bd9d,P_aee61731,D.Va,3,6033
1877,1605,dva_remech,258.78,T_5568bd9d,P_9b54f7e4,D.Va,4,6036
1878,1606,dva_remech,188.34,T_3238eb96,P_891a6409,D.Va,2,6044
1879,1606,dva_remech,616.94,T_5ec108cc,P_ed6ddaae,D.Va,4,6044
1880,1606,dva_remech,669,T_5ec108cc,P_ed6ddaae,D.Va,4,6044
1881,1606,dva_remech,683.94,T_3238eb96,P_891a6409,D.Va,6,6044
1882,1606,dva_remech,249,T_3238eb96,P_891a6409,D.Va,2,6046
1883,1606,dva_remech,359.83,T_3238eb96,P_891a6409,D.Va,4,6046
1884,1606,dva_remech,454.01,T_3238eb96,P_891a6409,D.Va,6,6046
1885,1606,dva_remech,249,T_3238eb96,P_891a6409,D.Va,2,6047
1886,1606,dva_remech,359.83,T_3238eb96,P_891a6409,D.Va,4,6047
1887,1606,dva_remech,454.01,T_3238eb96,P_891a6409,D.Va,6,6047
1888,1609,dva_remech,174.76,T_5568bd9d,P_a53e7aa6,D.Va,3,6053
1889,1609,dva_remech,388.58,T_5568bd9d,P_a53e7aa6,D.Va,4,6053
1890,1609,dva_remech,519.83,T_5568bd9d,P_a53e7aa6,D.Va,5,6053
1891,1609,dva_remech,742.35,T_5568bd9d,P_a53e7aa6,D.Va,13,6053
1892,1610,dva_remech,335.1,T_a02bf5e9,P_a53e7aa6,D.Va,8,6058
1894,1623,dva_remech,759.47,T_5568bd9d,P_ecbf7f52,D.Va,6,6066
1895,1623,dva_remech,405.69,T_5568bd9d,P_ecbf7f52,D.Va,4,6067
1896,1623,dva_remech,960.68,T_5568bd9d,P_ecbf7f52,D.Va,7,6068
1897,1623,dva_remech,262.53,T_5568bd9d,P_ecbf7f52,D.Va,2,6070
1898,1623,dva_remech,488.32,T_5568bd9d,P_ecbf7f52,D.Va,4,6070
1899,1625,dva_remech,145.63,T_a02bf5e9,P_b8809733,D.Va,1,6077
1900,1625,dva_remech,182.45,T_a02bf5e9,P_b8809733,D.Va,3,6077
1901,1625,dva_remech,356.46,T_a02bf5e9,P_b8809733,D.Va,7,6077
1902,1625,dva_remech,585.77,T_a02bf5e9,P_b8809733,D.Va,9,6077
1903,1625,dva_remech,746.54,T_a02bf5e9,P_b8809733,D.Va,11,6077
1906,1626,dva_remech,53.68,T_a02bf5e9,P_c35d58b6,D.Va,1,6080
1908,1628,dva_remech,322.47,T_5568bd9d,P_ecbf7f52,D.Va,3,6082
1909,1628,dva_remech,389.01,T_5568bd9d,P_ecbf7f52,D.Va,8,6083
1910,1628,dva_remech,389.01,T_5568bd9d,P_ecbf7f52,D.Va,8,6085
1911,1628,dva_remech,389.01,T_5568bd9d,P_ecbf7f52,D.Va,8,6088
1912,1628,dva_remech,389.01,T_5568bd9d,P_ecbf7f52,D.Va,8,6090
1913,1628,dva_remech,389.01,T_5568bd9d,P_ecbf7f52,D.Va,8,6091
1918,1632,dva_remech,322.47,T_5568bd9d,P_ecbf7f52,D.Va,3,6113
1919,1632,dva_remech,389.01,T_5568bd9d,P_ecbf7f52,D.Va,8,6114
1921,1632,dva_remech,389.01,T_5568bd9d,P_ecbf7f52,D.Va,8,6116
1922,1633,dva_remech,582.72,T_a02bf5e9,P_8fd2ec67,D.Va,3,6121
1923,1633,dva_remech,405.32,T_5568bd9d,P_b8809733,D.Va,3,6122
1924,1633,dva_remech,716.79,T_a02bf5e9,P_8fd2ec67,D.Va,4,6122
1925,1636,dva_remech,461.51,T_a02bf5e9,P_de0a3d5d,D.Va,2,6129
1926,1636,dva_remech,311.33,T_a02bf5e9,P_de0a3d5d,D.Va,4,6130
1927,1636,dva_remech,582.28,T_a02bf5e9,P_de0a3d5d,D.Va,6,6130
1928,1636,dva_remech,106.07,T_a02bf5e9,P_de0a3d5d,D.Va,1,6131
1929,1636,dva_remech,219.17,T_a02bf5e9,P_de0a3d5d,D.Va,5,6131
1930,1636,dva_remech,626.59,T_a02bf5e9,P_de0a3d5d,D.Va,9,6131
1931,1636,dva_remech,330.93,T_a02bf5e9,P_de0a3d5d,D.Va,3,6132
1932,1636,dva_remech,710.95,T_a02bf5e9,P_de0a3d5d,D.Va,7,6132
1933,1636,dva_remech,151.28,T_a02bf5e9,P_de0a3d5d,D.Va,2,6142
1934,1643,dva_remech,108.63,T_5568bd9d,P_f0b59b0d,D.Va,2,6172
1935,1643,dva_remech,150.48,T_5568bd9d,P_f0b59b0d,D.Va,3,6172
1938,1645,dva_remech,581.02,T_a02bf5e9,P_02900057,D.Va,4,6178
1939,1645,dva_remech,702.01,T_a02bf5e9,P_02900057,D.Va,6,6178
1942,1653,dva_remech,610.21,T_a02bf5e9,P_37204758,D.Va,3,6196
1943,1653,dva_remech,785.25,T_a02bf5e9,P_37204758,D.Va,7,6197
1944,1653,dva_remech,888.22,T_a02bf5e9,P_37204758,D.Va,9,6197
1945,1653,dva_remech,187.86,T_a02bf5e9,P_37204758,D.Va,2,6199
1946,1653,dva_remech,399.28,T_a02bf5e9,P_37204758,D.Va,6,6199
1947,1653,dva_remech,421.72,T_a02bf5e9,P_37204758,D.Va,7,6199
1948,1653,dva_remech,542.63,T_a02bf5e9,P_37204758,D.Va,9,6199
1949,1653,dva_remech,621.87,T_a02bf5e9,P_37204758,D.Va,10,6199
1950,1653,dva_remech,740.25,T_a02bf5e9,P_37204758,D.Va,12,6199
1951,1653,dva_remech,844.77,T_a02bf5e9,P_37204758,D.Va,14,6199
1952,1653,dva_remech,911.65,T_a02bf5e9,P_37204758,D.Va,15,6199
1313,1068,dva_remech,171.04,T_3238eb96,P_891a6409,D.Va,2,
1314,1068,dva_remech,416.79,T_3238eb96,P_891a6409,D.Va,7,
1958,1663,dva_remech,925.01,T_a02bf5e9,P_71899e6f,D.Va,6,6222
1960,1664,dva_remech,461.57,T_4bc42396,P_891a6409,D.Va,3,6231
1961,1664,dva_remech,686.12,T_4bc42396,P_891a6409,D.Va,5,6231
1962,1664,dva_remech,799.24,T_4bc42396,P_891a6409,D.Va,7,6231
1963,1664,dva_remech,155.89,T_4bc42396,P_891a6409,D.Va,2,6232
1964,1664,dva_remech,680.75,T_4bc42396,P_891a6409,D.Va,8,6232
1965,1664,dva_remech,702.47,T_4bc42396,P_891a6409,D.Va,9,6232
1966,1673,dva_remech,80.2,T_3238eb96,P_891a6409,D.Va,0,6303
1967,1673,dva_remech,137.58,T_3238eb96,P_891a6409,D.Va,2,6303
1968,1673,dva_remech,389.38,T_3238eb96,P_891a6409,D.Va,5,6303
1969,1673,dva_remech,614.99,T_6a59b9b6,P_02ce5688,D.Va,5,6303
1970,1673,dva_remech,742.53,T_3238eb96,P_891a6409,D.Va,8,6303
1971,1671,dva_remech,294.15,T_a02bf5e9,P_6cddcbde,D.Va,3,6305
1972,1673,dva_remech,208.38,T_3238eb96,P_891a6409,D.Va,2,6311
1973,1673,dva_remech,466.12,T_3238eb96,P_891a6409,D.Va,5,6311
1974,1673,dva_remech,511.3,T_3238eb96,P_891a6409,D.Va,6,6311
1975,1673,dva_remech,573.7,T_3238eb96,P_891a6409,D.Va,8,6311
1976,1676,dva_remech,398.24,T_e77473c8,P_69325c2d,D.Va,5,6314
1977,1676,dva_remech,748.09,T_e77473c8,P_69325c2d,D.Va,10,6314
1978,1676,dva_remech,835.37,T_e77473c8,P_69325c2d,D.Va,12,6314
1979,1677,dva_remech,197.17,T_616470b8,P_affe27fb,D.Va,2,6315
1980,1677,dva_remech,145.65,T_4aa2650a,P_2d0baec2,D.Va,2,6316
230,379,dva_remech,166.62,T_a02bf5e9,P_cb3dec71,D.Va,2,
352,539,dva_remech,184.77,T_a02bf5e9,P_ba7dcd3b,D.Va,2,
1988,1683,dva_remech,313.82,T_a02bf5e9,P_b7803ad7,D.Va,2,6327
1989,1690,dva_remech,139.42,T_a02bf5e9,P_8057d1d2,D.Va,2,6356
1990,1690,dva_remech,160.23,T_5568bd9d,P_bf7eb2e9,D.Va,2,6356
1991,1690,dva_remech,281.52,T_5568bd9d,P_bf7eb2e9,D.Va,4,6356
1992,1690,dva_remech,290.52,T_a02bf5e9,P_8057d1d2,D.Va,4,6356
1993,1690,dva_remech,312.99,T_5568bd9d,P_bf7eb2e9,D.Va,5,6356
1994,1690,dva_remech,423.5,T_5568bd9d,P_bf7eb2e9,D.Va,7,6356
1995,1690,dva_remech,602.32,T_5568bd9d,P_bf7eb2e9,D.Va,9,6356
1996,1690,dva_remech,389.67,T_5568bd9d,P_bf7eb2e9,D.Va,5,6358
1997,1691,dva_remech,237.57,T_a02bf5e9,P_d260d328,D.Va,4,6361
1998,1691,dva_remech,263.98,T_5568bd9d,P_7c02b005,D.Va,2,6365
1999,1692,dva_remech,249.03,T_5568bd9d,P_881579d1,D.Va,1,6367
2000,1694,dva_remech,742.13,T_a02bf5e9,P_2a312ff7,D.Va,6,6376
2001,1694,dva_remech,847.26,T_a02bf5e9,P_2a312ff7,D.Va,8,6376
2002,1695,dva_remech,252.15,T_a02bf5e9,P_e23a6eb5,D.Va,3,6382
2003,1695,dva_remech,264.45,T_5568bd9d,P_bf7eb2e9,D.Va,3,6382
2004,1696,dva_remech,192.45,T_a02bf5e9,P_3d9d87d1,D.Va,3,6390
2005,1696,dva_remech,571.15,T_a02bf5e9,P_3d9d87d1,D.Va,7,6391
2006,1696,dva_remech,619.54,T_a02bf5e9,P_3d9d87d1,D.Va,8,6391
2007,1696,dva_remech,530.99,T_a02bf5e9,P_3d9d87d1,D.Va,4,6393
2008,1696,dva_remech,561.32,T_a02bf5e9,P_3d9d87d1,D.Va,8,6394
2009,1696,dva_remech,727.6,T_a02bf5e9,P_3d9d87d1,D.Va,10,6394
2010,1704,dva_remech,182.42,T_a02bf5e9,P_3c47c44e,D.Va,2,6427
2011,1704,dva_remech,680.64,T_a02bf5e9,P_3c47c44e,D.Va,5,6428
2012,1704,dva_remech,120.06,T_5568bd9d,P_c9b061f8,D.Va,1,6429
2013,1704,dva_remech,377.17,T_5568bd9d,P_c9b061f8,D.Va,5,6429
2014,1704,dva_remech,601.52,T_a02bf5e9,P_3c47c44e,D.Va,4,6429
2015,1704,dva_remech,845.8,T_a02bf5e9,P_3c47c44e,D.Va,7,6429
2016,1704,dva_remech,910.9,T_a02bf5e9,P_3c47c44e,D.Va,8,6429
2017,1704,dva_remech,616.05,T_a02bf5e9,P_3c47c44e,D.Va,5,6430
2018,1705,dva_remech,243.22,T_ed2937da,P_59feff10,D.Va,3,6436
2019,1707,dva_remech,216.01,T_29e0905e,P_2d0baec2,D.Va,3,6450
2020,1708,dva_remech,92.03,T_3238eb96,P_891a6409,D.Va,2,6451
2021,1708,dva_remech,682.31,T_3238eb96,P_891a6409,D.Va,9,6451
2022,1708,dva_remech,495.87,T_3238eb96,P_891a6409,D.Va,6,6453
2028,1708,dva_remech,495.87,T_3238eb96,P_891a6409,D.Va,6,6459
2029,1709,dva_remech,41.63,T_5568bd9d,P_b922ec7b,D.Va,1,6464
2030,1709,dva_remech,391.25,T_5568bd9d,P_b922ec7b,D.Va,4,6464
2031,1709,dva_remech,65.41,T_a02bf5e9,P_c935d958,D.Va,1,6467
2032,1709,dva_remech,314.09,T_a02bf5e9,P_c935d958,D.Va,3,6467
2033,1709,dva_remech,388.81,T_5568bd9d,P_3f31de54,D.Va,4,6467
2034,1709,dva_remech,468.76,T_a02bf5e9,P_c935d958,D.Va,6,6467
2035,1709,dva_remech,668.31,T_a02bf5e9,P_c935d958,D.Va,9,6467
2036,1709,dva_remech,767.91,T_5568bd9d,P_3f31de54,D.Va,10,6467
2037,1709,dva_remech,826.07,T_a02bf5e9,P_c935d958,D.Va,13,6467
2038,1709,dva_remech,897.87,T_5568bd9d,P_3f31de54,D.Va,12,6467
2039,1709,dva_remech,611.76,T_a02bf5e9,P_c935d958,D.Va,6,6468
2041,1723,dva_remech,168.27,T_a02bf5e9,P_ada3d7ca,D.Va,2,6492
2042,1723,dva_remech,454.47,T_a02bf5e9,P_ada3d7ca,D.Va,3,6494
2043,1727,dva_remech,171.11,T_5568bd9d,P_b922ec7b,D.Va,3,6513
2044,1727,dva_remech,664.42,T_5568bd9d,P_b922ec7b,D.Va,6,6513
2045,1730,dva_remech,420.49,T_5568bd9d,P_b922ec7b,D.Va,3,6534
2046,1730,dva_remech,348.04,T_5568bd9d,P_b922ec7b,D.Va,2,6535
2047,1730,dva_remech,492.73,T_5568bd9d,P_b922ec7b,D.Va,4,6535
2048,1732,dva_remech,146.24,T_5568bd9d,P_b922ec7b,D.Va,2,6550
2049,1732,dva_remech,398.69,T_5568bd9d,P_b922ec7b,D.Va,3,6551
2050,1732,dva_remech,579.14,T_5568bd9d,P_b922ec7b,D.Va,5,6551
2063,533,dva_remech,623.43,T_5568bd9d,P_b8809733,D.Va,6,6573
2064,533,dva_remech,99.83,T_3238eb96,P_891a6409,D.Va,1,6574
2065,533,dva_remech,238.42,T_f9bed691,P_d9ec55c6,D.Va,3,6574
2066,533,dva_remech,623.43,T_5568bd9d,P_b8809733,D.Va,6,6575
2067,1737,dva_remech,495.52,T_5568bd9d,P_5711e1d2,D.Va,5,6584
2068,1737,dva_remech,511,T_5568bd9d,P_5711e1d2,D.Va,6,6584
2069,1739,dva_remech,472.99,T_a02bf5e9,P_aa4ac54f,D.Va,4,6591
2070,1739,dva_remech,727.53,T_a02bf5e9,P_aa4ac54f,D.Va,7,6591
2071,1739,dva_remech,290.43,T_a02bf5e9,P_aa4ac54f,D.Va,2,6594
2072,1738,dva_remech,136.48,T_5568bd9d,P_d2a6c09f,D.Va,2,6595
2073,1738,dva_remech,493.49,T_5568bd9d,P_d2a6c09f,D.Va,4,6597
2074,1738,dva_remech,1003.29,T_5568bd9d,P_d2a6c09f,D.Va,12,6597
2080,1746,dva_remech,404.82,T_5568bd9d,P_d2a6c09f,D.Va,4,6625
2084,1746,dva_remech,172.19,T_a02bf5e9,P_d2a6c09f,D.Va,2,6629
2085,1746,dva_remech,331.07,T_a02bf5e9,P_d2a6c09f,D.Va,4,6629
2086,1746,dva_remech,893.56,T_a02bf5e9,P_d2a6c09f,D.Va,8,6629
2087,1747,dva_remech,215.29,T_5568bd9d,P_d2a6c09f,D.Va,2,6636
2088,1747,dva_remech,645.65,T_5568bd9d,P_d2a6c09f,D.Va,7,6636
2089,1749,dva_remech,167.69,T_5568bd9d,P_d2a6c09f,D.Va,1,6638
2090,1749,dva_remech,626.4,T_5568bd9d,P_d2a6c09f,D.Va,4,6638
2091,1749,dva_remech,662.77,T_a02bf5e9,P_8e3a347c,D.Va,7,6638
2092,1749,dva_remech,534.18,T_a02bf5e9,P_8e3a347c,D.Va,5,6640
2093,1749,dva_remech,767.74,T_5568bd9d,P_d2a6c09f,D.Va,10,6640
2094,1751,dva_remech,713.71,T_5568bd9d,P_2d0a0051,D.Va,6,6655
2095,1752,dva_remech,255.29,T_5568bd9d,P_d2a6c09f,D.Va,2,6657
2096,1752,dva_remech,815.97,T_a02bf5e9,P_8b9e994c,D.Va,5,6657
2097,1755,dva_remech,182.29,T_4bc42396,P_891a6409,D.Va,2,6665
2098,1755,dva_remech,355.16,T_4bc42396,P_891a6409,D.Va,6,6665
2099,1755,dva_remech,593.83,T_4bc42396,P_891a6409,D.Va,8,6665
2100,1755,dva_remech,735.98,T_4bc42396,P_891a6409,D.Va,10,6665
2101,1755,dva_remech,831.24,T_4bc42396,P_891a6409,D.Va,12,6665
2102,1756,dva_remech,610.14,T_5568bd9d,P_d2a6c09f,D.Va,3,6667
2103,1756,dva_remech,75.25,T_5568bd9d,P_d2a6c09f,D.Va,1,6669
2104,1756,dva_remech,292.08,T_5568bd9d,P_d2a6c09f,D.Va,5,6669
2105,1756,dva_remech,346.36,T_5568bd9d,P_d2a6c09f,D.Va,5,6669
2106,1756,dva_remech,557.77,T_5568bd9d,P_d2a6c09f,D.Va,8,6669
2107,1756,dva_remech,771.06,T_5568bd9d,P_d2a6c09f,D.Va,10,6669
2108,1756,dva_remech,340.58,T_5568bd9d,P_d2a6c09f,D.Va,7,6670
2109,1756,dva_remech,255.04,T_5568bd9d,P_d2a6c09f,D.Va,4,6671
2110,1756,dva_remech,377.94,T_5568bd9d,P_d2a6c09f,D.Va,6,6671
2111,1756,dva_remech,156.07,T_5568bd9d,P_d2a6c09f,D.Va,2,6672
2112,1756,dva_remech,376.26,T_5568bd9d,P_d2a6c09f,D.Va,4,6672
2113,1756,dva_remech,477.83,T_5568bd9d,P_d2a6c09f,D.Va,6,6672
2114,1757,dva_remech,205.71,T_a02bf5e9,P_7d800f37,D.Va,2,6673
2115,1757,dva_remech,303.89,T_a02bf5e9,P_7d800f37,D.Va,4,6673
2116,1757,dva_remech,343.12,T_5568bd9d,P_d2a6c09f,D.Va,3,6673
2117,1757,dva_remech,470.39,T_a02bf5e9,P_7d800f37,D.Va,6,6673
2118,1757,dva_remech,560.86,T_a02bf5e9,P_7d800f37,D.Va,8,6673
2119,1757,dva_remech,718.91,T_5568bd9d,P_d2a6c09f,D.Va,7,6673
2120,1757,dva_remech,782.92,T_a02bf5e9,P_7d800f37,D.Va,10,6673
2121,1757,dva_remech,856.3,T_5568bd9d,P_d2a6c09f,D.Va,9,6673
2122,1757,dva_remech,408.93,T_5568bd9d,P_d2a6c09f,D.Va,4,6676
2123,1757,dva_remech,208.35,T_a02bf5e9,P_7d800f37,D.Va,3,6677
2124,1757,dva_remech,655.06,T_5568bd9d,P_d2a6c09f,D.Va,10,6677
2125,1758,dva_remech,743.14,T_5568bd9d,P_d2840da0,D.Va,4,6679
2126,1758,dva_remech,949.36,T_5568bd9d,P_d2840da0,D.Va,6,6679
2127,1758,dva_remech,1000.97,T_a02bf5e9,P_8b9e994c,D.Va,8,6679
2128,1758,dva_remech,1083.74,T_a02bf5e9,P_8b9e994c,D.Va,10,6679
2130,1758,dva_remech,187.92,T_5568bd9d,P_d2840da0,D.Va,3,6683
2131,1758,dva_remech,743.14,T_5568bd9d,P_d2840da0,D.Va,4,6684
2132,1758,dva_remech,949.36,T_5568bd9d,P_d2840da0,D.Va,6,6684
2133,1758,dva_remech,1000.97,T_a02bf5e9,P_8b9e994c,D.Va,8,6684
2134,1758,dva_remech,1083.74,T_a02bf5e9,P_8b9e994c,D.Va,10,6684
2135,1758,dva_remech,743.14,T_5568bd9d,P_d2840da0,D.Va,4,6685
2136,1758,dva_remech,949.36,T_5568bd9d,P_d2840da0,D.Va,6,6685
2137,1758,dva_remech,1000.97,T_a02bf5e9,P_8b9e994c,D.Va,8,6685
2138,1758,dva_remech,1083.74,T_a02bf5e9,P_8b9e994c,D.Va,10,6685
2139,1758,dva_remech,743.14,T_5568bd9d,P_d2840da0,D.Va,4,6686
2140,1758,dva_remech,949.36,T_5568bd9d,P_d2840da0,D.Va,6,6686
2141,1758,dva_remech,1000.97,T_a02bf5e9,P_8b9e994c,D.Va,8,6686
2142,1758,dva_remech,1083.74,T_a02bf5e9,P_8b9e994c,D.Va,10,6686
2143,1760,dva_remech,277.63,T_cb79cd49,P_2d0baec2,D.Va,4,6695
2144,1760,dva_remech,378.1,T_e9d6682a,P_c3ad4f22,D.Va,3,6695
2145,1760,dva_remech,471.85,T_cb79cd49,P_2d0baec2,D.Va,8,6695
2146,1762,dva_remech,180.03,T_5568bd9d,P_8b9e994c,D.Va,2,6702
2147,1762,dva_remech,393.61,T_5568bd9d,P_8b9e994c,D.Va,4,6702
2148,1762,dva_remech,718.98,T_5568bd9d,P_8b9e994c,D.Va,6,6702
2149,1762,dva_remech,178,T_5568bd9d,P_8b9e994c,D.Va,0,6706
2150,1762,dva_remech,233.51,T_5568bd9d,P_8b9e994c,D.Va,2,6706
2151,1762,dva_remech,466.82,T_5568bd9d,P_8b9e994c,D.Va,5,6706
2152,1763,dva_remech,180.03,T_5568bd9d,P_8b9e994c,D.Va,2,6708
2153,1763,dva_remech,393.61,T_5568bd9d,P_8b9e994c,D.Va,4,6708
2154,1763,dva_remech,718.98,T_5568bd9d,P_8b9e994c,D.Va,6,6708
2155,1763,dva_remech,178,T_5568bd9d,P_8b9e994c,D.Va,0,6710
2156,1763,dva_remech,233.51,T_5568bd9d,P_8b9e994c,D.Va,2,6710
2157,1763,dva_remech,466.82,T_5568bd9d,P_8b9e994c,D.Va,5,6710
2158,1764,dva_remech,152.29,T_a02bf5e9,P_717342af,D.Va,2,6716
2159,1764,dva_remech,235.04,T_a02bf5e9,P_717342af,D.Va,4,6716
2160,1764,dva_remech,292.07,T_a02bf5e9,P_717342af,D.Va,6,6716
2161,1764,dva_remech,490.28,T_a02bf5e9,P_717342af,D.Va,8,6716
2162,1764,dva_remech,711.04,T_a02bf5e9,P_717342af,D.Va,11,6716
2163,1765,dva_remech,156.66,T_a02bf5e9,P_8e3a347c,D.Va,2,6724
2164,1765,dva_remech,478.93,T_5568bd9d,P_d2a6c09f,D.Va,6,6724
2165,1765,dva_remech,555.17,T_5568bd9d,P_d2a6c09f,D.Va,7,6724
2166,1765,dva_remech,721.58,T_a02bf5e9,P_8e3a347c,D.Va,9,6724
2167,1765,dva_remech,246.09,T_a02bf5e9,P_8e3a347c,D.Va,3,6726
2168,1765,dva_remech,321,T_a02bf5e9,P_8e3a347c,D.Va,5,6726
2169,1765,dva_remech,618.2,T_5568bd9d,P_d2a6c09f,D.Va,6,6726
2170,1766,dva_remech,252.25,T_5568bd9d,P_8e3a347c,D.Va,4,6729
2171,1766,dva_remech,516.48,T_5568bd9d,P_8e3a347c,D.Va,6,6729
2177,1766,dva_remech,182.35,T_a02bf5e9,P_d2a6c09f,D.Va,2,6731
2178,1766,dva_remech,185.95,T_5568bd9d,P_8e3a347c,D.Va,2,6731
2179,1766,dva_remech,488.86,T_a02bf5e9,P_d2a6c09f,D.Va,8,6731
2180,1766,dva_remech,642.32,T_5568bd9d,P_8e3a347c,D.Va,7,6731
2181,1766,dva_remech,772.97,T_5568bd9d,P_8e3a347c,D.Va,9,6731
2182,1766,dva_remech,445.78,T_a02bf5e9,P_d2a6c09f,D.Va,4,6732
2183,1766,dva_remech,604.79,T_a02bf5e9,P_d2a6c09f,D.Va,6,6732
2184,1766,dva_remech,163.37,T_a02bf5e9,P_d2a6c09f,D.Va,2,6733
2185,1767,dva_remech,115.8,T_5568bd9d,P_2d0a0051,D.Va,2,6738
2186,1767,dva_remech,240.15,T_5568bd9d,P_2d0a0051,D.Va,6,6738
2187,1767,dva_remech,428.84,T_5568bd9d,P_2d0a0051,D.Va,8,6738
2188,1767,dva_remech,582.59,T_5568bd9d,P_2d0a0051,D.Va,10,6738
2218,1767,dva_remech,212.28,T_5568bd9d,P_2d0a0051,D.Va,2,6767
2219,1767,dva_remech,454.56,T_a02bf5e9,P_f2ed1249,D.Va,3,6767
2220,1767,dva_remech,459.72,T_5568bd9d,P_2d0a0051,D.Va,5,6767
2221,1767,dva_remech,670.57,T_a02bf5e9,P_f2ed1249,D.Va,5,6767
2284,1866,dva_remech,275.77,T_a02bf5e9,P_0d6d5f92,D.Va,3,6937
2285,1866,dva_remech,613.27,T_a02bf5e9,P_0d6d5f92,D.Va,8,6937
2286,1866,dva_remech,650.76,T_a02bf5e9,P_0d6d5f92,D.Va,9,6937
2319,1903,dva_remech,620.53,T_a02bf5e9,P_4f41a80d,D.Va,5,6970
2320,1903,dva_remech,417.49,T_a02bf5e9,P_4f41a80d,D.Va,3,6972