id,scrimId,event_type,match_time,player_team,player_name,player_hero,ultimate_id,MapDataId
1,29,echo_duplicate_end,112.44,T_5568bd9d,P_c0be11da,Echo,1,50
2,29,echo_duplicate_end,212.51,T_5568bd9d,P_c0be11da,Echo,2,50
3,29,echo_duplicate_end,356.09,T_5568bd9d,P_c0be11da,Echo,3,50
4,29,echo_duplicate_end,471.5,T_5568bd9d,P_c0be11da,Echo,4,50
5,29,echo_duplicate_end,617.43,T_5568bd9d,P_c0be11da,Echo,5,50
6,29,echo_duplicate_end,707.48,T_5568bd9d,P_c0be11da,Echo,6,50
7,36,echo_duplicate_end,345.72,T_a02bf5e9,P_d5de8689,Echo,1,54
8,36,echo_duplicate_end,515.39,T_5568bd9d,P_c0be11da,Echo,2,54
9,36,echo_duplicate_end,518.65,T_a02bf5e9,P_d5de8689,Echo,2,54
10,36,echo_duplicate_end,722.78,T_5568bd9d,P_c0be11da,Echo,3,54
11,36,echo_duplicate_end,869.56,T_5568bd9d,P_c0be11da,Echo,4,54
12,36,echo_duplicate_end,1015.8,T_5568bd9d,P_c0be11da,Echo,5,54
13,37,echo_duplicate_end,112.44,T_5568bd9d,P_c0be11da,Echo,1,57
14,37,echo_duplicate_end,212.51,T_5568bd9d,P_c0be11da,Echo,2,57
15,37,echo_duplicate_end,356.09,T_5568bd9d,P_c0be11da,Echo,3,57
16,37,echo_duplicate_end,471.5,T_5568bd9d,P_c0be11da,Echo,4,57
17,37,echo_duplicate_end,617.43,T_5568bd9d,P_c0be11da,Echo,5,57
18,37,echo_duplicate_end,707.48,T_5568bd9d,P_c0be11da,Echo,6,57
19,37,echo_duplicate_end,112.44,T_5568bd9d,P_c0be11da,Echo,1,58
20,37,echo_duplicate_end,212.51,T_5568bd9d,P_c0be11da,Echo,2,58
21,37,echo_duplicate_end,356.09,T_5568bd9d,P_c0be11da,Echo,3,58
22,37,echo_duplicate_end,471.5,T_5568bd9d,P_c0be11da,Echo,4,58
23,37,echo_duplicate_end,617.43,T_5568bd9d,P_c0be11da,Echo,5,58
24,37,echo_duplicate_end,707.48,T_5568bd9d,P_c0be11da,Echo,6,58
25,37,echo_duplicate_end,112.44,T_5568bd9d,P_c0be11da,Echo,1,59
26,37,echo_duplicate_end,212.51,T_5568bd9d,P_c0be11da,Echo,2,59
27,37,echo_duplicate_end,356.09,T_5568bd9d,P_c0be11da,Echo,3,59
28,37,echo_duplicate_end,471.5,T_5568bd9d,P_c0be11da,Echo,4,59
29,37,echo_duplicate_end,617.43,T_5568bd9d,P_c0be11da,Echo,5,59
30,37,echo_duplicate_end,707.48,T_5568bd9d,P_c0be11da,Echo,6,59
31,37,echo_duplicate_end,112.44,T_5568bd9d,P_c0be11da,Echo,1,60
32,37,echo_duplicate_end,212.51,T_5568bd9d,P_c0be11da,Echo,2,60
33,37,echo_duplicate_end,356.09,T_5568bd9d,P_c0be11da,Echo,3,60
34,37,echo_duplicate_end,471.5,T_5568bd9d,P_c0be11da,Echo,4,60
35,37,echo_duplicate_end,617.43,T_5568bd9d,P_c0be11da,Echo,5,60
36,37,echo_duplicate_end,707.48,T_5568bd9d,P_c0be11da,Echo,6,60
37,29,echo_duplicate_end,112.44,T_5568bd9d,P_c0be11da,Echo,1,62
38,29,echo_duplicate_end,212.51,T_5568bd9d,P_c0be11da,Echo,2,62
39,29,echo_duplicate_end,356.09,T_5568bd9d,P_c0be11da,Echo,3,62
40,29,echo_duplicate_end,471.5,T_5568bd9d,P_c0be11da,Echo,4,62
41,29,echo_duplicate_end,617.43,T_5568bd9d,P_c0be11da,Echo,5,62
42,29,echo_duplicate_end,707.48,T_5568bd9d,P_c0be11da,Echo,6,62
43,38,echo_duplicate_end,112.44,T_5568bd9d,P_c0be11da,Echo,1,66
44,38,echo_duplicate_end,212.51,T_5568bd9d,P_c0be11da,Echo,2,66
45,38,echo_duplicate_end,356.09,T_5568bd9d,P_c0be11da,Echo,3,66
46,38,echo_duplicate_end,471.5,T_5568bd9d,P_c0be11da,Echo,4,66
47,38,echo_duplicate_end,617.43,T_5568bd9d,P_c0be11da,Echo,5,66
48,38,echo_duplicate_end,707.48,T_5568bd9d,P_c0be11da,Echo,6,66
49,40,echo_duplicate_end,187.35,T_5568bd9d,P_c0be11da,Echo,1,72
50,40,echo_duplicate_end,311.33,T_5568bd9d,P_c0be11da,Echo,2,72
51,40,echo_duplicate_end,515.16,T_5568bd9d,P_c0be11da,Echo,3,72
52,43,echo_duplicate_end,69.02,T_a02bf5e9,P_fdf75f04,Echo,1,84
53,43,echo_duplicate_end,239.33,T_a02bf5e9,P_fdf75f04,Echo,2,84
54,43,echo_duplicate_end,456.41,T_a02bf5e9,P_fdf75f04,Echo,3,84
55,43,echo_duplicate_end,619.95,T_a02bf5e9,P_fdf75f04,Echo,4,84
56,43,echo_duplicate_end,697.2,T_5568bd9d,P_77749036,Echo,5,84
57,43,echo_duplicate_end,816.4,T_a02bf5e9,P_fdf75f04,Echo,5,84
58,43,echo_duplicate_end,823.91,T_5568bd9d,P_77749036,Echo,7,84
4745,1767,echo_duplicate_end,475.58,T_5568bd9d,P_f08a06b6,Echo,3,6734
4746,1767,echo_duplicate_end,763.14,T_5568bd9d,P_f08a06b6,Echo,5,6734
4747,1767,echo_duplicate_end,924.86,T_5568bd9d,P_f08a06b6,Echo,7,6734
4748,1767,echo_duplicate_end,148.79,T_a02bf5e9,P_a04ae112,Echo,1,6737
4749,1767,echo_duplicate_end,288.48,T_a02bf5e9,P_a04ae112,Echo,2,6737
4750,1767,echo_duplicate_end,509.71,T_a02bf5e9,P_a04ae112,Echo,4,6737
4751,1767,echo_duplicate_end,641.98,T_a02bf5e9,P_a04ae112,Echo,6,6737
69,44,echo_duplicate_end,157.17,T_5568bd9d,P_c0be11da,Echo,1,93
70,44,echo_duplicate_end,394.21,T_5568bd9d,P_c0be11da,Echo,2,93
71,44,echo_duplicate_end,537.89,T_5568bd9d,P_c0be11da,Echo,4,93
72,44,echo_duplicate_end,706.45,T_5568bd9d,P_c0be11da,Echo,5,93
73,44,echo_duplicate_end,798.58,T_5568bd9d,P_c0be11da,Echo,7,93
74,44,echo_duplicate_end,100.19,T_5568bd9d,P_c0be11da,Echo,1,94
75,44,echo_duplicate_end,321.4,T_5568bd9d,P_c0be11da,Echo,2,94
76,44,echo_duplicate_end,439.16,T_5568bd9d,P_c0be11da,Echo,4,94
77,44,echo_duplicate_end,598.18,T_5568bd9d,P_c0be11da,Echo,6,94
78,44,echo_duplicate_end,686.66,T_5568bd9d,P_f081f9e5,Echo,3,95
79,44,echo_duplicate_end,792.54,T_5568bd9d,P_f081f9e5,Echo,4,95
80,44,echo_duplicate_end,813.76,T_a02bf5e9,P_8bb7be67,Echo,4,95
81,45,echo_duplicate_end,157.17,T_5568bd9d,P_c0be11da,Echo,1,100
82,45,echo_duplicate_end,394.21,T_5568bd9d,P_c0be11da,Echo,2,100
83,45,echo_duplicate_end,537.89,T_5568bd9d,P_c0be11da,Echo,4,100
84,45,echo_duplicate_end,706.45,T_5568bd9d,P_c0be11da,Echo,5,100
85,45,echo_duplicate_end,798.58,T_5568bd9d,P_c0be11da,Echo,7,100
105,49,echo_duplicate_end,144.26,T_5568bd9d,P_5b8a2340,Echo,1,111
106,49,echo_duplicate_end,201.02,T_a02bf5e9,P_c0be11da,Echo,1,111
107,49,echo_duplicate_end,463.8,T_5568bd9d,P_5b8a2340,Echo,2,111
108,49,echo_duplicate_end,496.94,T_a02bf5e9,P_c0be11da,Echo,2,111
109,49,echo_duplicate_end,657.2,T_a02bf5e9,P_c0be11da,Echo,4,111
110,49,echo_duplicate_end,908.91,T_a02bf5e9,P_c0be11da,Echo,6,111
111,52,echo_duplicate_end,157.17,T_5568bd9d,P_c0be11da,Echo,1,121
112,52,echo_duplicate_end,394.21,T_5568bd9d,P_c0be11da,Echo,2,121
113,52,echo_duplicate_end,537.89,T_5568bd9d,P_c0be11da,Echo,4,121
114,52,echo_duplicate_end,706.45,T_5568bd9d,P_c0be11da,Echo,5,121
115,52,echo_duplicate_end,798.58,T_5568bd9d,P_c0be11da,Echo,7,121
121,56,echo_duplicate_end,291.98,T_5568bd9d,P_c0be11da,Echo,2,136
122,56,echo_duplicate_end,452.73,T_5568bd9d,P_c0be11da,Echo,3,136
123,56,echo_duplicate_end,600.16,T_5568bd9d,P_c0be11da,Echo,4,136
124,57,echo_duplicate_end,580.23,T_5568bd9d,P_f081f9e5,Echo,3,142
125,57,echo_duplicate_end,580.23,T_5568bd9d,P_f081f9e5,Echo,3,143
126,58,echo_duplicate_end,541.71,T_a02bf5e9,P_2e36c240,Echo,2,
127,58,echo_duplicate_end,543.39,T_5568bd9d,P_c0be11da,Echo,2,
128,58,echo_duplicate_end,125.19,T_5568bd9d,P_c0be11da,Echo,1,151
129,58,echo_duplicate_end,282.58,T_5568bd9d,P_c0be11da,Echo,3,151
130,58,echo_duplicate_end,125.19,T_5568bd9d,P_c0be11da,Echo,1,152
131,58,echo_duplicate_end,282.58,T_5568bd9d,P_c0be11da,Echo,3,152
132,58,echo_duplicate_end,54.35,T_5568bd9d,P_c0be11da,Echo,1,153
133,58,echo_duplicate_end,212.11,T_5568bd9d,P_c0be11da,Echo,3,153
134,58,echo_duplicate_end,417.99,T_5568bd9d,P_c0be11da,Echo,5,153
135,58,echo_duplicate_end,530.31,T_5568bd9d,P_c0be11da,Echo,7,153
136,59,echo_duplicate_end,197.21,T_5568bd9d,P_c0be11da,Echo,1,158
137,59,echo_duplicate_end,345.18,T_5568bd9d,P_c0be11da,Echo,3,158
138,59,echo_duplicate_end,536.94,T_5568bd9d,P_c0be11da,Echo,5,158
139,59,echo_duplicate_end,186.86,T_5568bd9d,P_c0be11da,Echo,1,159
140,59,echo_duplicate_end,303.51,T_5568bd9d,P_c0be11da,Echo,2,159
141,59,echo_duplicate_end,614.88,T_5568bd9d,P_c0be11da,Echo,4,159
142,59,echo_duplicate_end,740.29,T_5568bd9d,P_c0be11da,Echo,5,159
143,60,echo_duplicate_end,210.46,T_5568bd9d,P_c0be11da,Echo,1,160
144,60,echo_duplicate_end,401.77,T_5568bd9d,P_c0be11da,Echo,2,160
145,60,echo_duplicate_end,626.9,T_5568bd9d,P_c0be11da,Echo,4,160
146,60,echo_duplicate_end,572.52,T_a02bf5e9,P_cbc713bc,Echo,3,161
147,60,echo_duplicate_end,201.03,T_5568bd9d,P_c0be11da,Echo,1,166
148,60,echo_duplicate_end,419.41,T_5568bd9d,P_c0be11da,Echo,2,166
149,60,echo_duplicate_end,566.21,T_5568bd9d,P_c0be11da,Echo,3,166
150,61,echo_duplicate_end,372.99,T_5568bd9d,P_c0be11da,Echo,2,168
151,61,echo_duplicate_end,394.85,T_5568bd9d,P_c0be11da,Echo,2,171
152,61,echo_duplicate_end,561.62,T_5568bd9d,P_c0be11da,Echo,4,171
153,34,echo_duplicate_end,210.67,T_5568bd9d,P_c0be11da,Echo,1,191
154,67,echo_duplicate_end,291.98,T_5568bd9d,P_c0be11da,Echo,2,199
155,67,echo_duplicate_end,452.73,T_5568bd9d,P_c0be11da,Echo,3,199
156,67,echo_duplicate_end,600.16,T_5568bd9d,P_c0be11da,Echo,4,199
157,70,echo_duplicate_end,400.94,T_a02bf5e9,P_29d685c1,Echo,2,211
158,71,echo_duplicate_end,400.94,T_a02bf5e9,P_29d685c1,Echo,2,212
159,75,echo_duplicate_end,389.6,T_a02bf5e9,P_ccb13449,Echo,2,220
160,75,echo_duplicate_end,480.34,T_a02bf5e9,P_ccb13449,Echo,4,220
161,75,echo_duplicate_end,739.42,T_a02bf5e9,P_ccb13449,Echo,6,220
162,75,echo_duplicate_end,418.75,T_a02bf5e9,P_ccb13449,Echo,3,227
163,75,echo_duplicate_end,510.86,T_a02bf5e9,P_ccb13449,Echo,5,227
164,75,echo_duplicate_end,651.81,T_a02bf5e9,P_ccb13449,Echo,6,227
165,85,echo_duplicate_end,128.54,T_a02bf5e9,P_168ddb84,Echo,1,252
166,85,echo_duplicate_end,193.3,T_5568bd9d,P_29d685c1,Echo,1,252
167,85,echo_duplicate_end,267.26,T_a02bf5e9,P_168ddb84,Echo,2,252
168,85,echo_duplicate_end,374.68,T_5568bd9d,P_29d685c1,Echo,2,252
169,85,echo_duplicate_end,491.86,T_a02bf5e9,P_168ddb84,Echo,3,252
170,85,echo_duplicate_end,548.06,T_5568bd9d,P_29d685c1,Echo,3,252
171,85,echo_duplicate_end,596.1,T_a02bf5e9,P_168ddb84,Echo,4,252
172,85,echo_duplicate_end,672.16,T_5568bd9d,P_29d685c1,Echo,5,252
173,85,echo_duplicate_end,714.23,T_a02bf5e9,P_168ddb84,Echo,5,252
174,86,echo_duplicate_end,128.54,T_a02bf5e9,P_168ddb84,Echo,1,253
175,86,echo_duplicate_end,193.3,T_5568bd9d,P_29d685c1,Echo,1,253
176,86,echo_duplicate_end,267.26,T_a02bf5e9,P_168ddb84,Echo,2,253
177,86,echo_duplicate_end,374.68,T_5568bd9d,P_29d685c1,Echo,2,253
178,86,echo_duplicate_end,491.86,T_a02bf5e9,P_168ddb84,Echo,3,253
179,86,echo_duplicate_end,548.06,T_5568bd9d,P_29d685c1,Echo,3,253
180,86,echo_duplicate_end,596.1,T_a02bf5e9,P_168ddb84,Echo,4,253
181,86,echo_duplicate_end,672.16,T_5568bd9d,P_29d685c1,Echo,5,253
182,86,echo_duplicate_end,714.23,T_a02bf5e9,P_168ddb84,Echo,5,253
183,85,echo_duplicate_end,162.71,T_a02bf5e9,P_168ddb84,Echo,1,267
184,85,echo_duplicate_end,164.66,T_5568bd9d,P_29d685c1,Echo,1,267
185,85,echo_duplicate_end,294.39,T_a02bf5e9,P_168ddb84,Echo,2,267
186,85,echo_duplicate_end,411.58,T_a02bf5e9,P_168ddb84,Echo,4,267
187,85,echo_duplicate_end,522.9,T_5568bd9d,P_29d685c1,Echo,3,267
188,85,echo_duplicate_end,540.05,T_a02bf5e9,P_168ddb84,Echo,4,267
189,85,echo_duplicate_end,683.05,T_5568bd9d,P_29d685c1,Echo,4,267
190,85,echo_duplicate_end,686.79,T_a02bf5e9,P_168ddb84,Echo,6,267
191,85,echo_duplicate_end,128.54,T_a02bf5e9,P_168ddb84,Echo,1,268
192,85,echo_duplicate_end,193.3,T_5568bd9d,P_29d685c1,Echo,1,268
193,85,echo_duplicate_end,267.26,T_a02bf5e9,P_168ddb84,Echo,2,268
194,85,echo_duplicate_end,374.68,T_5568bd9d,P_29d685c1,Echo,2,268
195,85,echo_duplicate_end,491.86,T_a02bf5e9,P_168ddb84,Echo,3,268
196,85,echo_duplicate_end,548.06,T_5568bd9d,P_29d685c1,Echo,3,268
197,85,echo_duplicate_end,596.1,T_a02bf5e9,P_168ddb84,Echo,4,268
198,85,echo_duplicate_end,672.16,T_5568bd9d,P_29d685c1,Echo,5,268
199,85,echo_duplicate_end,714.23,T_a02bf5e9,P_168ddb84,Echo,5,268
200,91,echo_duplicate_end,163.05,T_5568bd9d,P_bf1116e0,Echo,1,277
201,91,echo_duplicate_end,170.27,T_a02bf5e9,P_d3f568a6,Echo,1,277
202,91,echo_duplicate_end,355.97,T_a02bf5e9,P_ef7ba914,Echo,3,277
203,91,echo_duplicate_end,361.97,T_5568bd9d,P_bf1116e0,Echo,2,277
204,91,echo_duplicate_end,438.29,T_a02bf5e9,P_ef7ba914,Echo,4,277
205,92,echo_duplicate_end,147.58,T_3454a3d6,P_a389f52e,Echo,1,280
206,92,echo_duplicate_end,236.72,T_7f8fc438,P_f1a57263,Echo,1,280
207,92,echo_duplicate_end,269.23,T_3454a3d6,P_a389f52e,Echo,2,280
208,92,echo_duplicate_end,416.89,T_3454a3d6,P_a389f52e,Echo,4,280
209,92,echo_duplicate_end,426.28,T_7f8fc438,P_f1a57263,Echo,2,280
210,92,echo_duplicate_end,527.31,T_3454a3d6,P_a389f52e,Echo,5,280
211,92,echo_duplicate_end,670.34,T_7f8fc438,P_f1a57263,Echo,3,280
212,92,echo_duplicate_end,671.44,T_3454a3d6,P_a389f52e,Echo,6,280
213,92,echo_duplicate_end,832.34,T_7f8fc438,P_f1a57263,Echo,4,280
214,92,echo_duplicate_end,843.57,T_3454a3d6,P_a389f52e,Echo,8,280
215,93,echo_duplicate_end,163.05,T_5568bd9d,P_bf1116e0,Echo,1,288
216,93,echo_duplicate_end,170.27,T_a02bf5e9,P_d3f568a6,Echo,1,288
217,93,echo_duplicate_end,355.97,T_a02bf5e9,P_ef7ba914,Echo,3,288
218,93,echo_duplicate_end,361.97,T_5568bd9d,P_bf1116e0,Echo,2,288
219,93,echo_duplicate_end,438.29,T_a02bf5e9,P_ef7ba914,Echo,4,288
228,97,echo_duplicate_end,356.57,T_5568bd9d,P_c0be11da,Echo,2,318
229,97,echo_duplicate_end,467.79,T_a02bf5e9,P_e175374e,Echo,3,318
230,97,echo_duplicate_end,477.6,T_5568bd9d,P_c0be11da,Echo,3,318
231,97,echo_duplicate_end,562.77,T_a02bf5e9,P_e175374e,Echo,4,318
232,97,echo_duplicate_end,606.52,T_5568bd9d,P_c0be11da,Echo,4,318
233,100,echo_duplicate_end,674.53,T_a02bf5e9,P_dfa6fa8f,Echo,3,328
234,104,echo_duplicate_end,352.81,T_5568bd9d,P_8fec16ab,Echo,2,339
235,104,echo_duplicate_end,506.62,T_5568bd9d,P_8fec16ab,Echo,4,339
236,105,echo_duplicate_end,138.37,T_5568bd9d,P_8fec16ab,Echo,1,341
237,105,echo_duplicate_end,242.26,T_5568bd9d,P_8fec16ab,Echo,1,341
238,105,echo_duplicate_end,406.38,T_a02bf5e9,P_2d7ce92b,Echo,2,341
239,105,echo_duplicate_end,657.18,T_a02bf5e9,P_2d7ce92b,Echo,3,341
240,105,echo_duplicate_end,749.5,T_a02bf5e9,P_2d7ce92b,Echo,4,341
241,105,echo_duplicate_end,103.29,T_a02bf5e9,P_2d7ce92b,Echo,1,342
242,105,echo_duplicate_end,189.12,T_5568bd9d,P_8fec16ab,Echo,1,342
243,105,echo_duplicate_end,272.77,T_a02bf5e9,P_2d7ce92b,Echo,2,342
244,105,echo_duplicate_end,310.58,T_5568bd9d,P_8fec16ab,Echo,2,342
245,105,echo_duplicate_end,439.28,T_a02bf5e9,P_2d7ce92b,Echo,4,342
246,105,echo_duplicate_end,453.14,T_5568bd9d,P_8fec16ab,Echo,3,342
247,105,echo_duplicate_end,618.12,T_a02bf5e9,P_2d7ce92b,Echo,5,342
248,105,echo_duplicate_end,624.61,T_5568bd9d,P_8fec16ab,Echo,4,342
249,105,echo_duplicate_end,761.96,T_5568bd9d,P_8fec16ab,Echo,6,342
250,105,echo_duplicate_end,174.76,T_5568bd9d,P_8fec16ab,Echo,1,343
251,105,echo_duplicate_end,341.53,T_5568bd9d,P_8fec16ab,Echo,3,343
252,105,echo_duplicate_end,489.64,T_5568bd9d,P_8fec16ab,Echo,5,343
253,105,echo_duplicate_end,625.13,T_5568bd9d,P_8fec16ab,Echo,6,343
254,105,echo_duplicate_end,749.95,T_5568bd9d,P_8fec16ab,Echo,7,343
255,105,echo_duplicate_end,973.08,T_5568bd9d,P_8fec16ab,Echo,8,343
256,105,echo_duplicate_end,104.27,T_5568bd9d,P_8fec16ab,Echo,1,344
257,105,echo_duplicate_end,305.48,T_5568bd9d,P_8fec16ab,Echo,3,344
258,105,echo_duplicate_end,487.46,T_5568bd9d,P_8fec16ab,Echo,4,344
284,106,echo_duplicate_end,120.62,T_5568bd9d,P_03f14011,Echo,1,350
285,106,echo_duplicate_end,230.8,T_5568bd9d,P_03f14011,Echo,3,350
286,106,echo_duplicate_end,234.52,T_a02bf5e9,P_dfa6fa8f,Echo,1,350
287,106,echo_duplicate_end,334.07,T_5568bd9d,P_03f14011,Echo,4,350
288,106,echo_duplicate_end,417.77,T_a02bf5e9,P_dfa6fa8f,Echo,2,350
289,106,echo_duplicate_end,517.3,T_a02bf5e9,P_dfa6fa8f,Echo,4,350
290,106,echo_duplicate_end,555.44,T_5568bd9d,P_03f14011,Echo,5,350
291,106,echo_duplicate_end,656.19,T_a02bf5e9,P_dfa6fa8f,Echo,5,350
292,106,echo_duplicate_end,730.88,T_5568bd9d,P_03f14011,Echo,7,350
293,106,echo_duplicate_end,856,T_a02bf5e9,P_dfa6fa8f,Echo,6,350
294,106,echo_duplicate_end,901.64,T_5568bd9d,P_03f14011,Echo,8,350
295,106,echo_duplicate_end,141.81,T_5568bd9d,P_03f14011,Echo,1,351
296,106,echo_duplicate_end,329.54,T_5568bd9d,P_03f14011,Echo,3,351
297,106,echo_duplicate_end,506.49,T_5568bd9d,P_03f14011,Echo,4,351
298,106,echo_duplicate_end,724.92,T_5568bd9d,P_03f14011,Echo,6,351
299,106,echo_duplicate_end,141.81,T_5568bd9d,P_03f14011,Echo,1,352
300,108,echo_duplicate_end,251.84,T_01659e9a,P_29239831,Echo,1,360
310,109,echo_duplicate_end,98.01,T_a02bf5e9,P_168ddb84,Echo,1,367
311,109,echo_duplicate_end,177.49,T_5568bd9d,P_29d685c1,Echo,1,367
312,109,echo_duplicate_end,258.03,T_a02bf5e9,P_168ddb84,Echo,2,367
313,109,echo_duplicate_end,312.05,T_5568bd9d,P_29d685c1,Echo,2,367
314,109,echo_duplicate_end,356.11,T_a02bf5e9,P_168ddb84,Echo,3,367
315,109,echo_duplicate_end,413.22,T_5568bd9d,P_29d685c1,Echo,3,367
316,109,echo_duplicate_end,497.96,T_a02bf5e9,P_168ddb84,Echo,4,367
317,109,echo_duplicate_end,533.64,T_5568bd9d,P_29d685c1,Echo,4,367
318,109,echo_duplicate_end,600.17,T_a02bf5e9,P_168ddb84,Echo,5,367
319,112,echo_duplicate_end,125.85,T_5568bd9d,P_c0be11da,Echo,1,370
320,112,echo_duplicate_end,328.73,T_5568bd9d,P_c0be11da,Echo,2,371
321,112,echo_duplicate_end,515.42,T_5568bd9d,P_c0be11da,Echo,3,371
322,112,echo_duplicate_end,631.1,T_5568bd9d,P_c0be11da,Echo,4,371
323,112,echo_duplicate_end,403.26,T_5568bd9d,P_c0be11da,Echo,2,373
324,112,echo_duplicate_end,557.37,T_5568bd9d,P_c0be11da,Echo,3,373
325,112,echo_duplicate_end,692.28,T_5568bd9d,P_c0be11da,Echo,5,373
326,112,echo_duplicate_end,814.51,T_5568bd9d,P_c0be11da,Echo,6,373
327,112,echo_duplicate_end,104.11,T_5568bd9d,P_c0be11da,Echo,1,375
328,112,echo_duplicate_end,149.23,T_a02bf5e9,P_c3bd3e2f,Echo,1,375
329,112,echo_duplicate_end,211.82,T_5568bd9d,P_c0be11da,Echo,3,375
330,112,echo_duplicate_end,425.95,T_5568bd9d,P_c0be11da,Echo,4,375
331,112,echo_duplicate_end,554.57,T_5568bd9d,P_c0be11da,Echo,6,375
332,112,echo_duplicate_end,658.29,T_5568bd9d,P_c0be11da,Echo,7,375
333,112,echo_duplicate_end,810.17,T_5568bd9d,P_c0be11da,Echo,8,375
334,113,echo_duplicate_end,179.07,T_504e1cd5,P_ed5d8c57,Echo,1,379
335,113,echo_duplicate_end,331.87,T_504e1cd5,P_ed5d8c57,Echo,2,379
336,113,echo_duplicate_end,479.04,T_504e1cd5,P_ed5d8c57,Echo,3,379
337,113,echo_duplicate_end,615.93,T_504e1cd5,P_ed5d8c57,Echo,5,379
338,114,echo_duplicate_end,173.71,T_92ddd88e,P_4134dca6,Echo,1,385
339,114,echo_duplicate_end,147.14,T_7f8fc438,P_84d34cb8,Echo,1,389
340,114,echo_duplicate_end,329.9,T_7f8fc438,P_84d34cb8,Echo,2,389
341,114,echo_duplicate_end,565.97,T_7f8fc438,P_84d34cb8,Echo,3,389
342,115,echo_duplicate_end,442.25,T_5568bd9d,P_f081f9e5,Echo,2,391
343,115,echo_duplicate_end,569.59,T_5568bd9d,P_f081f9e5,Echo,4,391
344,115,echo_duplicate_end,720.2,T_5568bd9d,P_f081f9e5,Echo,5,391
345,115,echo_duplicate_end,638.43,T_5568bd9d,P_f081f9e5,Echo,4,392
346,115,echo_duplicate_end,796.14,T_5568bd9d,P_f081f9e5,Echo,6,392
347,115,echo_duplicate_end,946.87,T_5568bd9d,P_f081f9e5,Echo,8,392
348,115,echo_duplicate_end,850.2,T_a02bf5e9,P_459d64d6,Echo,4,393
349,115,echo_duplicate_end,71.52,T_5568bd9d,P_f081f9e5,Echo,0,394
350,115,echo_duplicate_end,277.54,T_5568bd9d,P_f081f9e5,Echo,1,394
351,115,echo_duplicate_end,410.76,T_5568bd9d,P_f081f9e5,Echo,3,394
352,115,echo_duplicate_end,499.08,T_5568bd9d,P_f081f9e5,Echo,5,394
353,115,echo_duplicate_end,587.96,T_5568bd9d,P_f081f9e5,Echo,7,394
354,115,echo_duplicate_end,771.32,T_5568bd9d,P_f081f9e5,Echo,8,394
355,115,echo_duplicate_end,892.32,T_5568bd9d,P_f081f9e5,Echo,10,394
356,115,echo_duplicate_end,209.74,T_a02bf5e9,P_459d64d6,Echo,1,395
357,115,echo_duplicate_end,217.07,T_5568bd9d,P_f081f9e5,Echo,1,395
358,115,echo_duplicate_end,343.18,T_5568bd9d,P_f081f9e5,Echo,2,395
359,115,echo_duplicate_end,354.02,T_a02bf5e9,P_459d64d6,Echo,2,395
360,115,echo_duplicate_end,519.12,T_a02bf5e9,P_459d64d6,Echo,3,395
361,115,echo_duplicate_end,680.79,T_a02bf5e9,P_459d64d6,Echo,4,395
362,116,echo_duplicate_end,313.2,T_a02bf5e9,P_b0cf3b85,Echo,2,396
363,116,echo_duplicate_end,329.54,T_5568bd9d,P_029ea786,Echo,2,396
364,116,echo_duplicate_end,481.3,T_5568bd9d,P_029ea786,Echo,3,396
365,116,echo_duplicate_end,485.83,T_a02bf5e9,P_b0cf3b85,Echo,3,396
366,116,echo_duplicate_end,694.72,T_a02bf5e9,P_b0cf3b85,Echo,4,396
367,116,echo_duplicate_end,729.11,T_5568bd9d,P_029ea786,Echo,5,396
368,116,echo_duplicate_end,810.38,T_a02bf5e9,P_b0cf3b85,Echo,5,396
369,116,echo_duplicate_end,118.04,T_5568bd9d,P_029ea786,Echo,1,397
370,116,echo_duplicate_end,262.94,T_5568bd9d,P_029ea786,Echo,3,397
371,116,echo_duplicate_end,129.74,T_a02bf5e9,P_29d685c1,Echo,1,398
372,116,echo_duplicate_end,212.01,T_5568bd9d,P_029ea786,Echo,1,398
373,116,echo_duplicate_end,242.38,T_a02bf5e9,P_29d685c1,Echo,3,398
374,116,echo_duplicate_end,342.26,T_5568bd9d,P_029ea786,Echo,3,398
375,116,echo_duplicate_end,366.73,T_a02bf5e9,P_29d685c1,Echo,4,398
376,116,echo_duplicate_end,479.88,T_a02bf5e9,P_29d685c1,Echo,5,398
377,116,echo_duplicate_end,524.74,T_5568bd9d,P_029ea786,Echo,4,398
378,116,echo_duplicate_end,630.33,T_a02bf5e9,P_29d685c1,Echo,6,398
379,116,echo_duplicate_end,640.85,T_5568bd9d,P_029ea786,Echo,5,398
380,116,echo_duplicate_end,767.07,T_5568bd9d,P_029ea786,Echo,7,398
381,116,echo_duplicate_end,603.73,T_a02bf5e9,P_0a25543a,Echo,3,399
382,116,echo_duplicate_end,771.07,T_a02bf5e9,P_0a25543a,Echo,5,399
383,117,echo_duplicate_end,110.65,T_5568bd9d,P_c0be11da,Echo,1,400
384,117,echo_duplicate_end,246.87,T_5568bd9d,P_c0be11da,Echo,2,400
385,117,echo_duplicate_end,400.38,T_5568bd9d,P_c0be11da,Echo,3,400
386,117,echo_duplicate_end,656.53,T_5568bd9d,P_c0be11da,Echo,5,400
387,117,echo_duplicate_end,207.39,T_5568bd9d,P_c0be11da,Echo,1,402
388,117,echo_duplicate_end,459.67,T_5568bd9d,P_c0be11da,Echo,3,402
389,117,echo_duplicate_end,662.69,T_5568bd9d,P_c0be11da,Echo,5,402
390,117,echo_duplicate_end,132.68,T_5568bd9d,P_f081f9e5,Echo,1,403
391,117,echo_duplicate_end,283.89,T_5568bd9d,P_f081f9e5,Echo,2,403
392,117,echo_duplicate_end,413.75,T_5568bd9d,P_f081f9e5,Echo,3,403
393,117,echo_duplicate_end,631.28,T_5568bd9d,P_f081f9e5,Echo,6,403
394,117,echo_duplicate_end,751.34,T_5568bd9d,P_f081f9e5,Echo,7,403
395,117,echo_duplicate_end,905.28,T_5568bd9d,P_f081f9e5,Echo,8,403
396,117,echo_duplicate_end,144.24,T_5568bd9d,P_c0be11da,Echo,1,405
397,117,echo_duplicate_end,295.14,T_5568bd9d,P_c0be11da,Echo,2,405
398,117,echo_duplicate_end,437.95,T_5568bd9d,P_c0be11da,Echo,4,405
399,117,echo_duplicate_end,619.62,T_5568bd9d,P_c0be11da,Echo,6,405
400,117,echo_duplicate_end,144.24,T_5568bd9d,P_c0be11da,Echo,1,406
401,117,echo_duplicate_end,295.14,T_5568bd9d,P_c0be11da,Echo,2,406
402,117,echo_duplicate_end,437.95,T_5568bd9d,P_c0be11da,Echo,4,406
403,117,echo_duplicate_end,619.62,T_5568bd9d,P_c0be11da,Echo,6,406
404,125,echo_duplicate_end,162.79,T_5568bd9d,P_c0be11da,Echo,1,412
405,125,echo_duplicate_end,291.78,T_5568bd9d,P_c0be11da,Echo,3,412
406,125,echo_duplicate_end,490.53,T_5568bd9d,P_c0be11da,Echo,5,412
407,127,echo_duplicate_end,167.4,T_a02bf5e9,P_739ca80a,Echo,1,415
408,127,echo_duplicate_end,333.61,T_a02bf5e9,P_739ca80a,Echo,2,415
409,127,echo_duplicate_end,449.72,T_a02bf5e9,P_739ca80a,Echo,3,415
410,127,echo_duplicate_end,616.71,T_a02bf5e9,P_739ca80a,Echo,5,415
411,127,echo_duplicate_end,152.37,T_5568bd9d,P_f081f9e5,Echo,1,416
412,127,echo_duplicate_end,324.28,T_5568bd9d,P_f081f9e5,Echo,3,416
413,127,echo_duplicate_end,533.13,T_5568bd9d,P_f081f9e5,Echo,6,416
414,127,echo_duplicate_end,685.06,T_5568bd9d,P_f081f9e5,Echo,7,416
415,127,echo_duplicate_end,789.21,T_5568bd9d,P_f081f9e5,Echo,8,416
416,127,echo_duplicate_end,213.74,T_a02bf5e9,P_739ca80a,Echo,1,417
417,127,echo_duplicate_end,358.39,T_a02bf5e9,P_739ca80a,Echo,3,417
418,127,echo_duplicate_end,495.53,T_a02bf5e9,P_739ca80a,Echo,4,417
419,127,echo_duplicate_end,595.99,T_a02bf5e9,P_739ca80a,Echo,6,417
420,127,echo_duplicate_end,752.42,T_a02bf5e9,P_739ca80a,Echo,8,417
428,129,echo_duplicate_end,162.81,T_a02bf5e9,P_60c2c916,Echo,1,433
429,133,echo_duplicate_end,108.04,T_a02bf5e9,P_b0cf3b85,Echo,1,446
430,133,echo_duplicate_end,346.52,T_a02bf5e9,P_b0cf3b85,Echo,2,446
431,133,echo_duplicate_end,575.98,T_a02bf5e9,P_b0cf3b85,Echo,3,446
432,133,echo_duplicate_end,135.34,T_a02bf5e9,P_b0cf3b85,Echo,1,447
433,133,echo_duplicate_end,242.6,T_a02bf5e9,P_b0cf3b85,Echo,2,447
434,133,echo_duplicate_end,368.37,T_a02bf5e9,P_b0cf3b85,Echo,3,447
435,133,echo_duplicate_end,600.7,T_a02bf5e9,P_b0cf3b85,Echo,5,447
440,133,echo_duplicate_end,156.02,T_a02bf5e9,P_0a25543a,Echo,1,449
441,133,echo_duplicate_end,328.66,T_a02bf5e9,P_0a25543a,Echo,2,449
442,133,echo_duplicate_end,485.05,T_a02bf5e9,P_0a25543a,Echo,3,449
443,133,echo_duplicate_end,598.81,T_a02bf5e9,P_0a25543a,Echo,4,449
444,133,echo_duplicate_end,188.13,T_a02bf5e9,P_0a25543a,Echo,1,451
445,139,echo_duplicate_end,124.76,T_326e943d,P_29092de3,Echo,1,471
446,139,echo_duplicate_end,279.12,T_326e943d,P_29092de3,Echo,2,471
447,139,echo_duplicate_end,457.77,T_326e943d,P_29092de3,Echo,4,471
448,139,echo_duplicate_end,838.67,T_326e943d,P_29092de3,Echo,2,472
449,140,echo_duplicate_end,142.56,T_a02bf5e9,P_1658d18d,Echo,1,473
450,140,echo_duplicate_end,183.36,T_a02bf5e9,P_1658d18d,Echo,1,475
451,140,echo_duplicate_end,304.66,T_a02bf5e9,P_1658d18d,Echo,3,475
452,140,echo_duplicate_end,417.32,T_a02bf5e9,P_1658d18d,Echo,4,475
453,140,echo_duplicate_end,581.08,T_a02bf5e9,P_1658d18d,Echo,5,475
454,140,echo_duplicate_end,808.05,T_a02bf5e9,P_1658d18d,Echo,7,475
455,140,echo_duplicate_end,813.34,T_5568bd9d,P_f081f9e5,Echo,5,475
456,140,echo_duplicate_end,114.07,T_5568bd9d,P_f081f9e5,Echo,1,476
457,140,echo_duplicate_end,149.57,T_a02bf5e9,P_ab058ed0,Echo,1,476
458,140,echo_duplicate_end,204.6,T_5568bd9d,P_f081f9e5,Echo,2,476
459,140,echo_duplicate_end,273.37,T_a02bf5e9,P_ab058ed0,Echo,2,476
460,140,echo_duplicate_end,315.09,T_5568bd9d,P_f081f9e5,Echo,3,476
461,140,echo_duplicate_end,402.78,T_a02bf5e9,P_ab058ed0,Echo,4,476
462,140,echo_duplicate_end,413.78,T_5568bd9d,P_f081f9e5,Echo,5,476
463,140,echo_duplicate_end,546.09,T_a02bf5e9,P_ab058ed0,Echo,5,476
464,140,echo_duplicate_end,584.57,T_5568bd9d,P_f081f9e5,Echo,6,476
465,140,echo_duplicate_end,675.35,T_a02bf5e9,P_ab058ed0,Echo,6,476
466,140,echo_duplicate_end,735.97,T_5568bd9d,P_f081f9e5,Echo,8,476
467,140,echo_duplicate_end,787.94,T_a02bf5e9,P_ab058ed0,Echo,7,476
468,140,echo_duplicate_end,899.08,T_5568bd9d,P_f081f9e5,Echo,9,476
469,140,echo_duplicate_end,164.73,T_a02bf5e9,P_ab058ed0,Echo,1,477
470,140,echo_duplicate_end,176.53,T_5568bd9d,P_f081f9e5,Echo,1,477
471,140,echo_duplicate_end,318.14,T_a02bf5e9,P_ab058ed0,Echo,2,477
472,140,echo_duplicate_end,321.56,T_5568bd9d,P_f081f9e5,Echo,3,477
473,140,echo_duplicate_end,445.25,T_5568bd9d,P_f081f9e5,Echo,5,477
474,140,echo_duplicate_end,600.38,T_a02bf5e9,P_ab058ed0,Echo,3,477
475,140,echo_duplicate_end,604.93,T_5568bd9d,P_f081f9e5,Echo,6,477
478,141,echo_duplicate_end,142.56,T_a02bf5e9,P_1658d18d,Echo,1,480
479,141,echo_duplicate_end,183.36,T_a02bf5e9,P_1658d18d,Echo,1,482
480,141,echo_duplicate_end,304.66,T_a02bf5e9,P_1658d18d,Echo,3,482
481,141,echo_duplicate_end,417.32,T_a02bf5e9,P_1658d18d,Echo,4,482
482,141,echo_duplicate_end,581.08,T_a02bf5e9,P_1658d18d,Echo,5,482
483,141,echo_duplicate_end,808.05,T_a02bf5e9,P_1658d18d,Echo,7,482
484,141,echo_duplicate_end,813.34,T_5568bd9d,P_f081f9e5,Echo,5,482
485,141,echo_duplicate_end,114.07,T_5568bd9d,P_f081f9e5,Echo,1,483
486,141,echo_duplicate_end,149.57,T_a02bf5e9,P_ab058ed0,Echo,1,483
487,141,echo_duplicate_end,204.6,T_5568bd9d,P_f081f9e5,Echo,2,483
488,141,echo_duplicate_end,273.37,T_a02bf5e9,P_ab058ed0,Echo,2,483
489,141,echo_duplicate_end,315.09,T_5568bd9d,P_f081f9e5,Echo,3,483
490,141,echo_duplicate_end,402.78,T_a02bf5e9,P_ab058ed0,Echo,4,483
491,141,echo_duplicate_end,413.78,T_5568bd9d,P_f081f9e5,Echo,5,483
492,141,echo_duplicate_end,546.09,T_a02bf5e9,P_ab058ed0,Echo,5,483
493,141,echo_duplicate_end,584.57,T_5568bd9d,P_f081f9e5,Echo,6,483
494,141,echo_duplicate_end,675.35,T_a02bf5e9,P_ab058ed0,Echo,6,483
495,141,echo_duplicate_end,735.97,T_5568bd9d,P_f081f9e5,Echo,8,483
496,141,echo_duplicate_end,787.94,T_a02bf5e9,P_ab058ed0,Echo,7,483
497,141,echo_duplicate_end,899.08,T_5568bd9d,P_f081f9e5,Echo,9,483
498,141,echo_duplicate_end,164.73,T_a02bf5e9,P_ab058ed0,Echo,1,484
499,141,echo_duplicate_end,176.53,T_5568bd9d,P_f081f9e5,Echo,1,484
500,141,echo_duplicate_end,318.14,T_a02bf5e9,P_ab058ed0,Echo,2,484
501,141,echo_duplicate_end,321.56,T_5568bd9d,P_f081f9e5,Echo,3,484
502,141,echo_duplicate_end,445.25,T_5568bd9d,P_f081f9e5,Echo,5,484
503,141,echo_duplicate_end,600.38,T_a02bf5e9,P_ab058ed0,Echo,3,484
504,141,echo_duplicate_end,604.93,T_5568bd9d,P_f081f9e5,Echo,6,484
507,142,echo_duplicate_end,0,T_5568bd9d,P_2e36c240,Echo,2,487
508,142,echo_duplicate_end,0,T_5568bd9d,P_2e36c240,Echo,5,487
509,142,echo_duplicate_end,0,T_5568bd9d,P_2e36c240,Echo,1,488
516,146,echo_duplicate_end,213.77,T_a02bf5e9,P_299f64fc,Echo,1,500
517,146,echo_duplicate_end,669.7,T_5568bd9d,P_3c33904c,Echo,3,500
518,148,echo_duplicate_end,213.77,T_a02bf5e9,P_299f64fc,Echo,1,506
519,148,echo_duplicate_end,669.7,T_5568bd9d,P_3c33904c,Echo,3,506
538,151,echo_duplicate_end,167.98,T_a02bf5e9,P_6769084c,Echo,1,514
539,151,echo_duplicate_end,567.69,T_a02bf5e9,P_6769084c,Echo,3,514
540,151,echo_duplicate_end,683.28,T_a02bf5e9,P_6769084c,Echo,4,514
541,151,echo_duplicate_end,122.67,T_a02bf5e9,P_6769084c,Echo,1,515
542,151,echo_duplicate_end,384.57,T_a02bf5e9,P_6769084c,Echo,2,515
543,151,echo_duplicate_end,554.79,T_a02bf5e9,P_6769084c,Echo,3,515
544,151,echo_duplicate_end,685.28,T_a02bf5e9,P_6769084c,Echo,4,515
545,151,echo_duplicate_end,820.34,T_a02bf5e9,P_6769084c,Echo,5,515
546,152,echo_duplicate_end,167.98,T_a02bf5e9,P_6769084c,Echo,1,516
547,152,echo_duplicate_end,567.69,T_a02bf5e9,P_6769084c,Echo,3,516
548,152,echo_duplicate_end,683.28,T_a02bf5e9,P_6769084c,Echo,4,516
549,152,echo_duplicate_end,122.67,T_a02bf5e9,P_6769084c,Echo,1,517
550,152,echo_duplicate_end,384.57,T_a02bf5e9,P_6769084c,Echo,2,517
551,152,echo_duplicate_end,554.79,T_a02bf5e9,P_6769084c,Echo,3,517
552,152,echo_duplicate_end,685.28,T_a02bf5e9,P_6769084c,Echo,4,517
553,152,echo_duplicate_end,820.34,T_a02bf5e9,P_6769084c,Echo,5,517
554,153,echo_duplicate_end,167.98,T_a02bf5e9,P_6769084c,Echo,1,519
555,153,echo_duplicate_end,567.69,T_a02bf5e9,P_6769084c,Echo,3,519
556,153,echo_duplicate_end,683.28,T_a02bf5e9,P_6769084c,Echo,4,519
557,153,echo_duplicate_end,122.67,T_a02bf5e9,P_6769084c,Echo,1,520
558,153,echo_duplicate_end,384.57,T_a02bf5e9,P_6769084c,Echo,2,520
559,153,echo_duplicate_end,554.79,T_a02bf5e9,P_6769084c,Echo,3,520
560,153,echo_duplicate_end,685.28,T_a02bf5e9,P_6769084c,Echo,4,520
561,153,echo_duplicate_end,820.34,T_a02bf5e9,P_6769084c,Echo,5,520
562,153,echo_duplicate_end,217.98,T_a02bf5e9,P_6769084c,Echo,1,522
563,153,echo_duplicate_end,359.11,T_a02bf5e9,P_6769084c,Echo,3,522
564,156,echo_duplicate_end,211.39,T_6245d371,P_5f051ef4,Echo,1,542
565,156,echo_duplicate_end,411.82,T_6245d371,P_5f051ef4,Echo,3,542
575,157,echo_duplicate_end,78.54,T_9b28cc4d,P_b0cf3b85,Echo,1,554
576,157,echo_duplicate_end,181.17,T_9b28cc4d,P_b0cf3b85,Echo,3,554
577,157,echo_duplicate_end,406.07,T_9b28cc4d,P_b0cf3b85,Echo,4,554
578,158,echo_duplicate_end,634.44,T_5568bd9d,P_f081f9e5,Echo,3,560
579,158,echo_duplicate_end,769.08,T_5568bd9d,P_f081f9e5,Echo,5,560
582,171,echo_duplicate_end,201.74,T_b733c15a,P_697711b2,Echo,1,589
583,171,echo_duplicate_end,467.51,T_b733c15a,P_697711b2,Echo,2,589
584,172,echo_duplicate_end,442.36,T_a02bf5e9,P_19736ab5,Echo,3,596
585,172,echo_duplicate_end,652.85,T_a02bf5e9,P_19736ab5,Echo,4,596
586,176,echo_duplicate_end,461.4,T_a02bf5e9,P_b0cf3b85,Echo,3,599
587,176,echo_duplicate_end,555.77,T_a02bf5e9,P_b0cf3b85,Echo,4,599
592,177,echo_duplicate_end,182.51,T_a02bf5e9,P_412f2f03,Echo,1,614
593,177,echo_duplicate_end,188.79,T_5568bd9d,P_f081f9e5,Echo,1,614
594,177,echo_duplicate_end,304.87,T_5568bd9d,P_f081f9e5,Echo,3,614
595,177,echo_duplicate_end,352.01,T_a02bf5e9,P_412f2f03,Echo,2,614
596,177,echo_duplicate_end,458.57,T_a02bf5e9,P_412f2f03,Echo,4,614
597,177,echo_duplicate_end,483.72,T_5568bd9d,P_f081f9e5,Echo,4,614
598,177,echo_duplicate_end,612.79,T_a02bf5e9,P_412f2f03,Echo,6,614
599,179,echo_duplicate_end,375.14,T_a02bf5e9,P_5a031194,Echo,3,616
600,179,echo_duplicate_end,481.01,T_a02bf5e9,P_5a031194,Echo,4,616
601,179,echo_duplicate_end,643.25,T_a02bf5e9,P_5a031194,Echo,5,616
602,180,echo_duplicate_end,375.14,T_a02bf5e9,P_5a031194,Echo,3,617
603,180,echo_duplicate_end,481.01,T_a02bf5e9,P_5a031194,Echo,4,617
604,180,echo_duplicate_end,643.25,T_a02bf5e9,P_5a031194,Echo,5,617
605,180,echo_duplicate_end,192.23,T_a02bf5e9,P_5a031194,Echo,1,620
606,180,echo_duplicate_end,398.8,T_a02bf5e9,P_5a031194,Echo,2,620
607,181,echo_duplicate_end,128.07,T_a02bf5e9,P_a150f590,Echo,1,625
608,181,echo_duplicate_end,325.03,T_a02bf5e9,P_a150f590,Echo,2,625
609,181,echo_duplicate_end,468.76,T_a02bf5e9,P_a150f590,Echo,4,625
610,181,echo_duplicate_end,633.82,T_5568bd9d,P_f081f9e5,Echo,3,625
611,181,echo_duplicate_end,636.7,T_a02bf5e9,P_ff74d82c,Echo,4,625
612,181,echo_duplicate_end,774.38,T_5568bd9d,P_f081f9e5,Echo,5,625
613,181,echo_duplicate_end,867.79,T_a02bf5e9,P_ff74d82c,Echo,6,625
614,181,echo_duplicate_end,875.32,T_5568bd9d,P_f081f9e5,Echo,6,625
615,181,echo_duplicate_end,156.47,T_a02bf5e9,P_ff74d82c,Echo,1,626
616,181,echo_duplicate_end,112.52,T_a02bf5e9,P_a150f590,Echo,1,627
617,181,echo_duplicate_end,228.83,T_a02bf5e9,P_a150f590,Echo,3,627
618,189,echo_duplicate_end,375.14,T_a02bf5e9,P_5a031194,Echo,3,632
619,189,echo_duplicate_end,481.01,T_a02bf5e9,P_5a031194,Echo,4,632
620,189,echo_duplicate_end,643.25,T_a02bf5e9,P_5a031194,Echo,5,632
621,206,echo_duplicate_end,321.12,T_3f339a89,P_6769084c,Echo,2,689
622,206,echo_duplicate_end,392.14,T_17b75721,P_1aac68d1,Echo,1,689
623,206,echo_duplicate_end,516.34,T_3f339a89,P_6769084c,Echo,3,689
624,206,echo_duplicate_end,664.21,T_3f339a89,P_6769084c,Echo,4,689
625,206,echo_duplicate_end,253.04,T_3f339a89,P_6769084c,Echo,1,692
626,206,echo_duplicate_end,392.24,T_3f339a89,P_6769084c,Echo,2,692
627,206,echo_duplicate_end,536.52,T_3f339a89,P_6769084c,Echo,3,692
628,206,echo_duplicate_end,708.76,T_3f339a89,P_6769084c,Echo,4,692
629,206,echo_duplicate_end,832.61,T_3f339a89,P_6769084c,Echo,6,692
630,206,echo_duplicate_end,168.78,T_3f339a89,P_6769084c,Echo,1,694
631,206,echo_duplicate_end,179.2,T_17b75721,P_1aac68d1,Echo,1,694
632,206,echo_duplicate_end,246.35,T_3f339a89,P_6769084c,Echo,3,694
633,206,echo_duplicate_end,350.56,T_17b75721,P_1aac68d1,Echo,3,694
634,206,echo_duplicate_end,488.5,T_17b75721,P_1aac68d1,Echo,5,694
635,206,echo_duplicate_end,494.65,T_3f339a89,P_6769084c,Echo,4,694
636,206,echo_duplicate_end,705.07,T_3f339a89,P_6769084c,Echo,5,694
637,206,echo_duplicate_end,812.49,T_17b75721,P_1aac68d1,Echo,6,694
638,206,echo_duplicate_end,866.22,T_3f339a89,P_6769084c,Echo,7,694
639,206,echo_duplicate_end,971.35,T_17b75721,P_1aac68d1,Echo,8,694
640,205,echo_duplicate_end,184.67,T_8e0805e1,P_f081f9e5,Echo,1,695
641,205,echo_duplicate_end,442.24,T_8e0805e1,P_f081f9e5,Echo,2,695
642,205,echo_duplicate_end,578.11,T_8e0805e1,P_f081f9e5,Echo,3,695
643,205,echo_duplicate_end,732.15,T_8e0805e1,P_f081f9e5,Echo,5,695
644,218,echo_duplicate_end,552.31,T_9a920426,P_4dc2b977,Echo,4,714
645,218,echo_duplicate_end,672.69,T_9a920426,P_4dc2b977,Echo,6,714
646,218,echo_duplicate_end,846.96,T_9a920426,P_4dc2b977,Echo,7,714
647,218,echo_duplicate_end,92.97,T_0040c1c4,P_5af6b009,Echo,1,716
648,218,echo_duplicate_end,269.63,T_0040c1c4,P_5af6b009,Echo,2,716
649,223,echo_duplicate_end,235.57,T_a02bf5e9,P_632e55b8,Echo,2,727
650,223,echo_duplicate_end,330.35,T_a02bf5e9,P_632e55b8,Echo,3,727
651,223,echo_duplicate_end,174.4,T_5568bd9d,P_58f25a77,Echo,1,730
652,223,echo_duplicate_end,342.39,T_5568bd9d,P_58f25a77,Echo,2,730
653,223,echo_duplicate_end,571.63,T_5568bd9d,P_58f25a77,Echo,3,730
654,223,echo_duplicate_end,765.19,T_5568bd9d,P_58f25a77,Echo,4,730
655,223,echo_duplicate_end,172.08,T_5568bd9d,P_58f25a77,Echo,1,732
656,223,echo_duplicate_end,403.33,T_5568bd9d,P_58f25a77,Echo,2,732
657,223,echo_duplicate_end,592.1,T_5568bd9d,P_58f25a77,Echo,3,732
658,223,echo_duplicate_end,165.34,T_5568bd9d,P_58f25a77,Echo,1,734
659,223,echo_duplicate_end,365.03,T_5568bd9d,P_58f25a77,Echo,2,734
660,223,echo_duplicate_end,525.81,T_5568bd9d,P_58f25a77,Echo,3,734
661,223,echo_duplicate_end,667.84,T_5568bd9d,P_58f25a77,Echo,4,734
662,223,echo_duplicate_end,782.96,T_5568bd9d,P_58f25a77,Echo,6,734
666,227,echo_duplicate_end,64.06,T_a02bf5e9,P_6486f5ac,Echo,1,743
667,228,echo_duplicate_end,0,T_a02bf5e9,P_9db011a0,Echo,4,747
668,228,echo_duplicate_end,0,T_5568bd9d,P_e21f9a0c,Echo,4,747
669,228,echo_duplicate_end,0,T_a02bf5e9,P_9db011a0,Echo,5,747
670,228,echo_duplicate_end,0,T_5568bd9d,P_e21f9a0c,Echo,5,747
671,229,echo_duplicate_end,231.72,T_a6df6ff4,P_aa793901,Echo,1,749
672,229,echo_duplicate_end,210.81,T_af393e70,P_6769084c,Echo,1,753
673,229,echo_duplicate_end,377.67,T_af393e70,P_6769084c,Echo,2,753
674,229,echo_duplicate_end,504.46,T_af393e70,P_6769084c,Echo,3,753
678,244,echo_duplicate_end,145.52,T_5568bd9d,P_16b8a620,Echo,1,791
679,244,echo_duplicate_end,493.6,T_5568bd9d,P_16b8a620,Echo,3,791
680,244,echo_duplicate_end,677.9,T_5568bd9d,P_16b8a620,Echo,5,791
681,244,echo_duplicate_end,520.37,T_a02bf5e9,P_42964a40,Echo,3,792
682,245,echo_duplicate_end,720.44,T_5568bd9d,P_4bc579fa,Echo,5,797
683,248,echo_duplicate_end,501.09,T_5568bd9d,P_9871455a,Echo,4,806
684,248,echo_duplicate_end,611,T_5568bd9d,P_9871455a,Echo,6,806
685,248,echo_duplicate_end,687.87,T_5568bd9d,P_9871455a,Echo,7,806
686,248,echo_duplicate_end,855.54,T_5568bd9d,P_9871455a,Echo,8,806
687,249,echo_duplicate_end,212.62,T_8b3a2c80,P_1047354a,Echo,1,812
688,249,echo_duplicate_end,610.69,T_8b3a2c80,P_1047354a,Echo,4,812
689,249,echo_duplicate_end,405.78,T_8b3a2c80,P_1047354a,Echo,2,813
690,249,echo_duplicate_end,550.76,T_8b3a2c80,P_1047354a,Echo,3,813
699,251,echo_duplicate_end,155.44,T_5568bd9d,P_8aad7293,Echo,1,820
700,252,echo_duplicate_end,296.38,T_71e9144f,P_cb4edabe,Echo,2,822
701,252,echo_duplicate_end,433.7,T_71e9144f,P_cb4edabe,Echo,4,822
706,252,echo_duplicate_end,282.25,T_71e9144f,P_cb4edabe,Echo,1,825
739,261,echo_duplicate_end,136.78,T_7dac2c2c,P_547f9335,Echo,1,850
740,261,echo_duplicate_end,362.39,T_7dac2c2c,P_547f9335,Echo,3,850
741,261,echo_duplicate_end,728.51,T_7dac2c2c,P_547f9335,Echo,4,850
742,271,echo_duplicate_end,101.58,T_a02bf5e9,P_08c2054a,Echo,1,857
743,271,echo_duplicate_end,242.2,T_a02bf5e9,P_08c2054a,Echo,2,857
744,271,echo_duplicate_end,417.18,T_5568bd9d,P_8dd28327,Echo,3,857
745,271,echo_duplicate_end,500.69,T_5568bd9d,P_8dd28327,Echo,4,857
746,271,echo_duplicate_end,708.45,T_a02bf5e9,P_08c2054a,Echo,5,857
750,271,echo_duplicate_end,145.92,T_a02bf5e9,P_08c2054a,Echo,1,859
751,271,echo_duplicate_end,303,T_a02bf5e9,P_08c2054a,Echo,2,859
752,271,echo_duplicate_end,490.57,T_a02bf5e9,P_08c2054a,Echo,3,859
753,271,echo_duplicate_end,641.97,T_a02bf5e9,P_08c2054a,Echo,5,859
754,271,echo_duplicate_end,855.9,T_a02bf5e9,P_08c2054a,Echo,6,859
755,271,echo_duplicate_end,78.86,T_a02bf5e9,P_08c2054a,Echo,1,860
756,271,echo_duplicate_end,122.99,T_5568bd9d,P_f081f9e5,Echo,1,860
757,271,echo_duplicate_end,230.19,T_a02bf5e9,P_08c2054a,Echo,2,860
758,271,echo_duplicate_end,252.86,T_5568bd9d,P_f081f9e5,Echo,2,860
759,271,echo_duplicate_end,376.47,T_5568bd9d,P_f081f9e5,Echo,3,860
760,271,echo_duplicate_end,409.43,T_a02bf5e9,P_08c2054a,Echo,4,860
761,271,echo_duplicate_end,612.03,T_a02bf5e9,P_08c2054a,Echo,5,860
762,271,echo_duplicate_end,713.55,T_a02bf5e9,P_08c2054a,Echo,7,860
763,271,echo_duplicate_end,726.2,T_5568bd9d,P_f081f9e5,Echo,5,860
764,271,echo_duplicate_end,825.08,T_a02bf5e9,P_08c2054a,Echo,8,860
765,271,echo_duplicate_end,153.19,T_a02bf5e9,P_08c2054a,Echo,1,861
766,271,echo_duplicate_end,260.05,T_a02bf5e9,P_08c2054a,Echo,2,861
767,271,echo_duplicate_end,386.03,T_a02bf5e9,P_08c2054a,Echo,4,861
768,271,echo_duplicate_end,643.4,T_a02bf5e9,P_08c2054a,Echo,5,861
769,271,echo_duplicate_end,122.59,T_a02bf5e9,P_08c2054a,Echo,1,862
770,271,echo_duplicate_end,354.48,T_a02bf5e9,P_08c2054a,Echo,2,862
771,271,echo_duplicate_end,124.14,T_a02bf5e9,P_08c2054a,Echo,1,863
772,271,echo_duplicate_end,255.81,T_a02bf5e9,P_08c2054a,Echo,2,863
773,271,echo_duplicate_end,617.66,T_a02bf5e9,P_08c2054a,Echo,4,863
774,276,echo_duplicate_end,211.8,T_5568bd9d,P_5d6da981,Echo,1,868
783,277,echo_duplicate_end,582.61,T_5568bd9d,P_9c394fa2,Echo,2,878
784,278,echo_duplicate_end,608.16,T_a02bf5e9,P_23d4c857,Echo,3,884
785,278,echo_duplicate_end,631.67,T_5568bd9d,P_12c35ab6,Echo,4,884
786,278,echo_duplicate_end,731.65,T_a02bf5e9,P_23d4c857,Echo,5,884
787,278,echo_duplicate_end,753.03,T_5568bd9d,P_12c35ab6,Echo,6,884
791,280,echo_duplicate_end,582.61,T_5568bd9d,P_9c394fa2,Echo,2,895
792,281,echo_duplicate_end,181.1,T_a02bf5e9,P_49c68a2b,Echo,1,900
793,281,echo_duplicate_end,385.93,T_a02bf5e9,P_49c68a2b,Echo,2,900
794,281,echo_duplicate_end,547.44,T_a02bf5e9,P_49c68a2b,Echo,3,900
795,281,echo_duplicate_end,655.81,T_a02bf5e9,P_49c68a2b,Echo,5,900
796,281,echo_duplicate_end,814.52,T_a02bf5e9,P_49c68a2b,Echo,6,900
797,281,echo_duplicate_end,855.06,T_5568bd9d,P_9871455a,Echo,5,900
798,281,echo_duplicate_end,953.44,T_a02bf5e9,P_49c68a2b,Echo,7,900
807,285,echo_duplicate_end,809.81,T_a02bf5e9,P_ca2c1e2a,Echo,5,920
809,287,echo_duplicate_end,675.77,T_0ff7da8a,P_7359b808,Echo,3,930
811,291,echo_duplicate_end,472.25,T_a02bf5e9,P_ebd092c8,Echo,2,936
812,292,echo_duplicate_end,138.27,T_4d76fcf8,P_8c5e2a72,Echo,1,937
813,292,echo_duplicate_end,232.24,T_4d76fcf8,P_8c5e2a72,Echo,2,937
814,292,echo_duplicate_end,317.81,T_4d76fcf8,P_8c5e2a72,Echo,3,937
815,292,echo_duplicate_end,515.23,T_4d76fcf8,P_8c5e2a72,Echo,6,937
816,292,echo_duplicate_end,634.94,T_4d76fcf8,P_8c5e2a72,Echo,7,937
817,293,echo_duplicate_end,454.19,T_a02bf5e9,P_84d69c58,Echo,2,944
818,293,echo_duplicate_end,634.15,T_a02bf5e9,P_84d69c58,Echo,5,944
819,293,echo_duplicate_end,784.58,T_a02bf5e9,P_84d69c58,Echo,6,944
820,293,echo_duplicate_end,905.57,T_a02bf5e9,P_84d69c58,Echo,7,944
821,294,echo_duplicate_end,120.23,T_5568bd9d,P_3899b296,Echo,1,948
822,294,echo_duplicate_end,553.66,T_5568bd9d,P_3899b296,Echo,3,949
823,294,echo_duplicate_end,671.73,T_5568bd9d,P_3899b296,Echo,4,949
825,296,echo_duplicate_end,149.38,T_a02bf5e9,P_932887d7,Echo,1,955
826,296,echo_duplicate_end,307.56,T_a02bf5e9,P_932887d7,Echo,3,955
846,301,echo_duplicate_end,157.75,T_92d237bd,P_da0c9cb8,Echo,1,995
847,301,echo_duplicate_end,178.28,T_a02bf5e9,P_84ac0601,Echo,1,995
848,301,echo_duplicate_end,282.46,T_a02bf5e9,P_84ac0601,Echo,2,995
849,301,echo_duplicate_end,385.13,T_92d237bd,P_da0c9cb8,Echo,2,995
850,301,echo_duplicate_end,441.21,T_a02bf5e9,P_84ac0601,Echo,4,995
851,301,echo_duplicate_end,760.78,T_92d237bd,P_da0c9cb8,Echo,4,995
852,301,echo_duplicate_end,921.82,T_92d237bd,P_da0c9cb8,Echo,5,995
853,301,echo_duplicate_end,130.11,T_92d237bd,P_da0c9cb8,Echo,1,996
854,301,echo_duplicate_end,294.53,T_92d237bd,P_da0c9cb8,Echo,2,996
855,301,echo_duplicate_end,649.68,T_a02bf5e9,P_fc5f5cfb,Echo,4,996
858,302,echo_duplicate_end,147.75,T_5568bd9d,P_da0c9cb8,Echo,1,1000
859,302,echo_duplicate_end,285.36,T_5568bd9d,P_da0c9cb8,Echo,2,1000
860,302,echo_duplicate_end,542.77,T_5568bd9d,P_da0c9cb8,Echo,3,1000
861,302,echo_duplicate_end,680.61,T_5568bd9d,P_da0c9cb8,Echo,4,1000
862,302,echo_duplicate_end,205.43,T_5568bd9d,P_da0c9cb8,Echo,1,1001
863,302,echo_duplicate_end,469.05,T_5568bd9d,P_da0c9cb8,Echo,4,1001
864,302,echo_duplicate_end,584.39,T_5568bd9d,P_da0c9cb8,Echo,6,1001
865,302,echo_duplicate_end,667.25,T_5568bd9d,P_da0c9cb8,Echo,7,1001
866,302,echo_duplicate_end,817.33,T_5568bd9d,P_da0c9cb8,Echo,8,1001
867,303,echo_duplicate_end,582.72,T_5568bd9d,P_e3eb7fba,Echo,3,1006
868,303,echo_duplicate_end,729.2,T_5568bd9d,P_e3eb7fba,Echo,4,1006
869,303,echo_duplicate_end,628.76,T_a02bf5e9,P_b37324e8,Echo,3,1007
870,303,echo_duplicate_end,828.74,T_a02bf5e9,P_b37324e8,Echo,4,1007
871,305,echo_duplicate_end,513.46,T_a02bf5e9,P_9c394fa2,Echo,2,1015
872,305,echo_duplicate_end,656.84,T_a02bf5e9,P_9c394fa2,Echo,3,1015
873,305,echo_duplicate_end,220.72,T_5568bd9d,P_74b0cd03,Echo,1,1017
874,306,echo_duplicate_end,540.12,T_5568bd9d,P_49af297e,Echo,4,1021
875,306,echo_duplicate_end,644.38,T_5568bd9d,P_49af297e,Echo,5,1021
876,306,echo_duplicate_end,761.2,T_5568bd9d,P_49af297e,Echo,6,1021
877,308,echo_duplicate_end,180.27,T_5568bd9d,P_7359b808,Echo,1,1037
878,308,echo_duplicate_end,356.98,T_5568bd9d,P_7359b808,Echo,2,1037
879,308,echo_duplicate_end,224.75,T_a02bf5e9,P_8456d751,Echo,1,1038
880,311,echo_duplicate_end,430.31,T_d1af2858,P_116e4dbe,Echo,2,1050
888,312,echo_duplicate_end,168.81,T_a02bf5e9,P_6b973f94,Echo,1,1059
889,312,echo_duplicate_end,300,T_a02bf5e9,P_6b973f94,Echo,3,1059
890,312,echo_duplicate_end,484.54,T_a02bf5e9,P_6b973f94,Echo,4,1059
891,312,echo_duplicate_end,1001.97,T_5568bd9d,P_5a09da5a,Echo,5,1061
892,316,echo_duplicate_end,149.2,T_0ff7da8a,P_7359b808,Echo,1,1074
893,316,echo_duplicate_end,234.29,T_f9cfdbf8,P_ad8510bb,Echo,1,1074
894,316,echo_duplicate_end,590.18,T_f9cfdbf8,P_ad8510bb,Echo,3,1074
895,316,echo_duplicate_end,299.33,T_f9cfdbf8,P_ad8510bb,Echo,2,1077
896,316,echo_duplicate_end,446.37,T_f9cfdbf8,P_ad8510bb,Echo,3,1077
897,316,echo_duplicate_end,299.33,T_f9cfdbf8,P_ad8510bb,Echo,2,1078
898,316,echo_duplicate_end,446.37,T_f9cfdbf8,P_ad8510bb,Echo,3,1078
899,316,echo_duplicate_end,299.33,T_f9cfdbf8,P_ad8510bb,Echo,2,1079
900,316,echo_duplicate_end,446.37,T_f9cfdbf8,P_ad8510bb,Echo,3,1079
912,318,echo_duplicate_end,134.46,T_5568bd9d,P_952fcc7d,Echo,1,1086
913,318,echo_duplicate_end,355.56,T_5568bd9d,P_952fcc7d,Echo,2,1086
914,318,echo_duplicate_end,597.71,T_5568bd9d,P_952fcc7d,Echo,4,1086
915,319,echo_duplicate_end,152.08,T_5568bd9d,P_5d6da981,Echo,1,1089
916,319,echo_duplicate_end,203,T_a02bf5e9,P_ab7fc22e,Echo,1,1089
917,319,echo_duplicate_end,409.73,T_5568bd9d,P_5d6da981,Echo,2,1089
918,319,echo_duplicate_end,419.97,T_a02bf5e9,P_ab7fc22e,Echo,2,1089
919,319,echo_duplicate_end,520.91,T_5568bd9d,P_5d6da981,Echo,4,1089
920,319,echo_duplicate_end,619.67,T_a02bf5e9,P_ab7fc22e,Echo,3,1089
921,319,echo_duplicate_end,676.68,T_5568bd9d,P_5d6da981,Echo,6,1089
943,322,echo_duplicate_end,149.97,T_5568bd9d,P_7c40e33d,Echo,1,1105
944,322,echo_duplicate_end,273.31,T_5568bd9d,P_7c40e33d,Echo,3,1105
955,328,echo_duplicate_end,650.53,T_a02bf5e9,P_542ed8f0,Echo,3,1147
956,328,echo_duplicate_end,432.41,T_5568bd9d,P_542ed8f0,Echo,2,1149
957,329,echo_duplicate_end,650.53,T_a02bf5e9,P_542ed8f0,Echo,3,1151
959,329,echo_duplicate_end,432.41,T_5568bd9d,P_542ed8f0,Echo,2,1155
960,333,echo_duplicate_end,131.11,T_a02bf5e9,P_dfd2dfbe,Echo,1,1165
961,333,echo_duplicate_end,347.63,T_a02bf5e9,P_dfd2dfbe,Echo,2,1165
962,333,echo_duplicate_end,550.2,T_a02bf5e9,P_dfd2dfbe,Echo,4,1165
963,333,echo_duplicate_end,655.43,T_5568bd9d,P_36659917,Echo,5,1165
964,333,echo_duplicate_end,768.52,T_5568bd9d,P_36659917,Echo,7,1165
965,333,echo_duplicate_end,779.01,T_a02bf5e9,P_dfd2dfbe,Echo,5,1165
966,333,echo_duplicate_end,880.68,T_a02bf5e9,P_dfd2dfbe,Echo,6,1165
967,333,echo_duplicate_end,947.87,T_5568bd9d,P_36659917,Echo,8,1165
968,333,echo_duplicate_end,170.36,T_a02bf5e9,P_dfd2dfbe,Echo,1,1167
969,333,echo_duplicate_end,340.83,T_a02bf5e9,P_dfd2dfbe,Echo,3,1167
970,333,echo_duplicate_end,497.97,T_a02bf5e9,P_dfd2dfbe,Echo,4,1167
971,333,echo_duplicate_end,164.97,T_a02bf5e9,P_dfd2dfbe,Echo,1,1168
972,333,echo_duplicate_end,428.72,T_a02bf5e9,P_dfd2dfbe,Echo,2,1168
973,333,echo_duplicate_end,611.92,T_a02bf5e9,P_dfd2dfbe,Echo,3,1168
974,333,echo_duplicate_end,753.78,T_a02bf5e9,P_dfd2dfbe,Echo,5,1168
975,338,echo_duplicate_end,137.21,T_5568bd9d,P_1c20e30b,Echo,1,1180
976,338,echo_duplicate_end,171.08,T_a02bf5e9,P_42964a40,Echo,1,1180
977,338,echo_duplicate_end,288,T_5568bd9d,P_1c20e30b,Echo,2,1180
978,338,echo_duplicate_end,353.79,T_a02bf5e9,P_42964a40,Echo,3,1180
979,338,echo_duplicate_end,376.77,T_5568bd9d,P_1c20e30b,Echo,4,1180
980,338,echo_duplicate_end,536.11,T_5568bd9d,P_1c20e30b,Echo,5,1180
981,338,echo_duplicate_end,676.02,T_5568bd9d,P_1c20e30b,Echo,7,1180
982,338,echo_duplicate_end,795.12,T_5568bd9d,P_1c20e30b,Echo,9,1180
983,338,echo_duplicate_end,362.96,T_5568bd9d,P_1c20e30b,Echo,2,1183
984,338,echo_duplicate_end,485.93,T_5568bd9d,P_1c20e30b,Echo,3,1183
985,338,echo_duplicate_end,149.11,T_5568bd9d,P_1c20e30b,Echo,1,1184
986,338,echo_duplicate_end,277.91,T_5568bd9d,P_1c20e30b,Echo,2,1184
987,338,echo_duplicate_end,456.54,T_5568bd9d,P_1c20e30b,Echo,3,1184
988,338,echo_duplicate_end,566.8,T_5568bd9d,P_1c20e30b,Echo,5,1184
997,339,echo_duplicate_end,158.42,T_30161e91,P_f3a6290f,Echo,1,1189
998,339,echo_duplicate_end,421.74,T_30161e91,P_f3a6290f,Echo,2,1189
999,339,echo_duplicate_end,677.79,T_30161e91,P_f3a6290f,Echo,4,1189
1000,339,echo_duplicate_end,786.28,T_30161e91,P_f3a6290f,Echo,6,1189
1006,345,echo_duplicate_end,93.58,T_6f51c467,P_77eccc69,Echo,1,1215
1007,345,echo_duplicate_end,156.29,T_32495e59,P_6c28374c,Echo,1,1215
1008,345,echo_duplicate_end,202.15,T_6f51c467,P_77eccc69,Echo,2,1215
1009,345,echo_duplicate_end,387.04,T_6f51c467,P_77eccc69,Echo,4,1215
1010,345,echo_duplicate_end,584.74,T_6f51c467,P_77eccc69,Echo,6,1215
1017,347,echo_duplicate_end,533.47,T_a02bf5e9,P_9db011a0,Echo,3,1233
1018,348,echo_duplicate_end,533.47,T_a02bf5e9,P_9db011a0,Echo,3,1234
1019,349,echo_duplicate_end,533.47,T_a02bf5e9,P_9db011a0,Echo,3,1235
1024,350,echo_duplicate_end,533.47,T_a02bf5e9,P_9db011a0,Echo,3,1243
1029,350,echo_duplicate_end,533.47,T_a02bf5e9,P_9db011a0,Echo,3,1248
1030,350,echo_duplicate_end,87.47,T_5568bd9d,P_5d6da981,Echo,1,1251
1031,350,echo_duplicate_end,246.2,T_5568bd9d,P_5d6da981,Echo,2,1251
1037,354,echo_duplicate_end,186.64,T_a02bf5e9,P_2464d0fb,Echo,1,1273
1038,354,echo_duplicate_end,354.18,T_a02bf5e9,P_2464d0fb,Echo,3,1273
1039,354,echo_duplicate_end,256.77,T_5568bd9d,P_6623cc58,Echo,1,1274
1040,354,echo_duplicate_end,402.45,T_a02bf5e9,P_2464d0fb,Echo,2,1274
1041,354,echo_duplicate_end,316.15,T_a02bf5e9,P_2464d0fb,Echo,2,1275
1042,354,echo_duplicate_end,446.59,T_a02bf5e9,P_2464d0fb,Echo,3,1275
1043,354,echo_duplicate_end,596.33,T_a02bf5e9,P_2464d0fb,Echo,5,1275
1044,355,echo_duplicate_end,194.16,T_fc5934b1,P_11a0312b,Echo,1,1280
1045,355,echo_duplicate_end,502.5,T_4408f908,P_7359b808,Echo,2,1280
1046,355,echo_duplicate_end,100.35,T_fc5934b1,P_11a0312b,Echo,1,1285
1047,355,echo_duplicate_end,217.9,T_fc5934b1,P_11a0312b,Echo,3,1285
1048,355,echo_duplicate_end,359.29,T_fc5934b1,P_11a0312b,Echo,5,1285
1049,355,echo_duplicate_end,486.85,T_fc5934b1,P_11a0312b,Echo,7,1285
1050,355,echo_duplicate_end,639.41,T_4408f908,P_6c5016ca,Echo,4,1285
1051,355,echo_duplicate_end,823.82,T_4408f908,P_6c5016ca,Echo,5,1285
1052,355,echo_duplicate_end,969.57,T_4408f908,P_6c5016ca,Echo,6,1285
1053,356,echo_duplicate_end,194.16,T_fc5934b1,P_11a0312b,Echo,1,1288
1054,356,echo_duplicate_end,502.5,T_4408f908,P_7359b808,Echo,2,1288
1055,356,echo_duplicate_end,100.35,T_fc5934b1,P_11a0312b,Echo,1,1292
1056,356,echo_duplicate_end,217.9,T_fc5934b1,P_11a0312b,Echo,3,1292
1057,356,echo_duplicate_end,359.29,T_fc5934b1,P_11a0312b,Echo,5,1292
1058,356,echo_duplicate_end,486.85,T_fc5934b1,P_11a0312b,Echo,7,1292
1059,356,echo_duplicate_end,639.41,T_4408f908,P_6c5016ca,Echo,4,1292
1060,356,echo_duplicate_end,823.82,T_4408f908,P_6c5016ca,Echo,5,1292
1061,356,echo_duplicate_end,969.57,T_4408f908,P_6c5016ca,Echo,6,1292
1062,357,echo_duplicate_end,126.34,T_a02bf5e9,P_d2ca0d72,Echo,1,1293
1063,357,echo_duplicate_end,250.11,T_a02bf5e9,P_d2ca0d72,Echo,3,1293
1064,357,echo_duplicate_end,427.78,T_5568bd9d,P_b46e147b,Echo,2,1293
1065,357,echo_duplicate_end,569.41,T_5568bd9d,P_b46e147b,Echo,4,1293
1066,357,echo_duplicate_end,587.43,T_a02bf5e9,P_d2ca0d72,Echo,4,1293
1067,357,echo_duplicate_end,703.4,T_a02bf5e9,P_d2ca0d72,Echo,6,1293
1068,357,echo_duplicate_end,760.38,T_5568bd9d,P_b46e147b,Echo,5,1293
1069,358,echo_duplicate_end,126.34,T_a02bf5e9,P_d2ca0d72,Echo,1,1294
1070,358,echo_duplicate_end,250.11,T_a02bf5e9,P_d2ca0d72,Echo,3,1294
1071,358,echo_duplicate_end,427.78,T_5568bd9d,P_b46e147b,Echo,2,1294
1072,358,echo_duplicate_end,569.41,T_5568bd9d,P_b46e147b,Echo,4,1294
1073,358,echo_duplicate_end,587.43,T_a02bf5e9,P_d2ca0d72,Echo,4,1294
1074,358,echo_duplicate_end,703.4,T_a02bf5e9,P_d2ca0d72,Echo,6,1294
1075,358,echo_duplicate_end,760.38,T_5568bd9d,P_b46e147b,Echo,5,1294
1076,359,echo_duplicate_end,126.34,T_a02bf5e9,P_d2ca0d72,Echo,1,1295
1077,359,echo_duplicate_end,250.11,T_a02bf5e9,P_d2ca0d72,Echo,3,1295
1078,359,echo_duplicate_end,427.78,T_5568bd9d,P_b46e147b,Echo,2,1295
1079,359,echo_duplicate_end,569.41,T_5568bd9d,P_b46e147b,Echo,4,1295
1080,359,echo_duplicate_end,587.43,T_a02bf5e9,P_d2ca0d72,Echo,4,1295
1081,359,echo_duplicate_end,703.4,T_a02bf5e9,P_d2ca0d72,Echo,6,1295
1082,359,echo_duplicate_end,760.38,T_5568bd9d,P_b46e147b,Echo,5,1295
1083,360,echo_duplicate_end,126.34,T_a02bf5e9,P_d2ca0d72,Echo,1,1296
1084,360,echo_duplicate_end,250.11,T_a02bf5e9,P_d2ca0d72,Echo,3,1296
1085,360,echo_duplicate_end,427.78,T_5568bd9d,P_b46e147b,Echo,2,1296
1086,360,echo_duplicate_end,569.41,T_5568bd9d,P_b46e147b,Echo,4,1296
1087,360,echo_duplicate_end,587.43,T_a02bf5e9,P_d2ca0d72,Echo,4,1296
1088,360,echo_duplicate_end,703.4,T_a02bf5e9,P_d2ca0d72,Echo,6,1296
1089,360,echo_duplicate_end,760.38,T_5568bd9d,P_b46e147b,Echo,5,1296
1090,361,echo_duplicate_end,126.34,T_a02bf5e9,P_d2ca0d72,Echo,1,1299
1091,361,echo_duplicate_end,250.11,T_a02bf5e9,P_d2ca0d72,Echo,3,1299
1092,361,echo_duplicate_end,427.78,T_5568bd9d,P_b46e147b,Echo,2,1299
1093,361,echo_duplicate_end,569.41,T_5568bd9d,P_b46e147b,Echo,4,1299
1094,361,echo_duplicate_end,587.43,T_a02bf5e9,P_d2ca0d72,Echo,4,1299
1095,361,echo_duplicate_end,703.4,T_a02bf5e9,P_d2ca0d72,Echo,6,1299
1096,361,echo_duplicate_end,760.38,T_5568bd9d,P_b46e147b,Echo,5,1299
1116,376,echo_duplicate_end,108.11,T_a02bf5e9,P_ff9c0556,Echo,1,1313
1117,376,echo_duplicate_end,253.23,T_a02bf5e9,P_ff9c0556,Echo,2,1313
1118,376,echo_duplicate_end,427.29,T_a02bf5e9,P_ff9c0556,Echo,4,1313
1149,380,echo_duplicate_end,142.38,T_5568bd9d,P_132332c5,Echo,1,1334
1152,381,echo_duplicate_end,134.11,T_a02bf5e9,P_5e386273,Echo,1,1339
1153,381,echo_duplicate_end,309.05,T_a02bf5e9,P_5e386273,Echo,2,1339
1154,381,echo_duplicate_end,566.37,T_a02bf5e9,P_5e386273,Echo,4,1339
1155,381,echo_duplicate_end,695.05,T_a02bf5e9,P_5e386273,Echo,5,1339
1156,381,echo_duplicate_end,818.18,T_a02bf5e9,P_5e386273,Echo,6,1339
1157,381,echo_duplicate_end,735.22,T_a02bf5e9,P_5e386273,Echo,4,1341
1158,381,echo_duplicate_end,860.72,T_a02bf5e9,P_5e386273,Echo,6,1341
1159,385,echo_duplicate_end,133.26,T_5568bd9d,P_4ca8f1d1,Echo,1,1352
1160,385,echo_duplicate_end,409.75,T_5568bd9d,P_4ca8f1d1,Echo,2,1352
1161,385,echo_duplicate_end,687.05,T_a02bf5e9,P_18f717d1,Echo,3,1352
1162,385,echo_duplicate_end,689.32,T_5568bd9d,P_4ca8f1d1,Echo,4,1352
1163,385,echo_duplicate_end,815.49,T_5568bd9d,P_4ca8f1d1,Echo,5,1352
1164,385,echo_duplicate_end,989.65,T_5568bd9d,P_4ca8f1d1,Echo,7,1352
1165,385,echo_duplicate_end,449.28,T_5568bd9d,P_132332c5,Echo,2,1354
1166,385,echo_duplicate_end,577.3,T_5568bd9d,P_132332c5,Echo,3,1354
1167,385,echo_duplicate_end,590.41,T_5568bd9d,P_4ca8f1d1,Echo,3,1356
1168,385,echo_duplicate_end,766.22,T_5568bd9d,P_4ca8f1d1,Echo,5,1356
1169,385,echo_duplicate_end,856.6,T_5568bd9d,P_4ca8f1d1,Echo,6,1356
1170,385,echo_duplicate_end,962.56,T_5568bd9d,P_4ca8f1d1,Echo,8,1356
1171,386,echo_duplicate_end,91.16,T_5568bd9d,P_625ea3f1,Echo,1,1361
1172,386,echo_duplicate_end,278.04,T_5568bd9d,P_625ea3f1,Echo,2,1361
1173,386,echo_duplicate_end,485.49,T_5568bd9d,P_625ea3f1,Echo,4,1361
1174,386,echo_duplicate_end,652.81,T_5568bd9d,P_625ea3f1,Echo,6,1361
1175,386,echo_duplicate_end,781.01,T_5568bd9d,P_625ea3f1,Echo,8,1361
1176,387,echo_duplicate_end,232.95,T_7152830c,P_5b26cc82,Echo,1,1374
1177,387,echo_duplicate_end,432.28,T_7152830c,P_5b26cc82,Echo,2,1374
1178,387,echo_duplicate_end,557.48,T_bfbda9d2,P_b4b08efe,Echo,3,1374
1179,387,echo_duplicate_end,727.69,T_7152830c,P_5b26cc82,Echo,4,1374
1180,387,echo_duplicate_end,740.74,T_bfbda9d2,P_b4b08efe,Echo,4,1374
1181,392,echo_duplicate_end,375.14,T_a02bf5e9,P_5a031194,Echo,3,1383
1182,392,echo_duplicate_end,481.01,T_a02bf5e9,P_5a031194,Echo,4,1383
1183,392,echo_duplicate_end,643.25,T_a02bf5e9,P_5a031194,Echo,5,1383
1184,394,echo_duplicate_end,159.46,T_1f86d68c,P_756eb319,Echo,1,1388
1185,394,echo_duplicate_end,299.8,T_1f86d68c,P_756eb319,Echo,3,1388
1186,394,echo_duplicate_end,414.4,T_1f86d68c,P_756eb319,Echo,5,1388
1187,394,echo_duplicate_end,587.73,T_9f3c3ec0,P_4994897b,Echo,4,1388
1188,394,echo_duplicate_end,721.06,T_9f3c3ec0,P_4994897b,Echo,6,1388
1189,395,echo_duplicate_end,137.34,T_a02bf5e9,P_d2a46103,Echo,1,1392
1190,395,echo_duplicate_end,127.53,T_a02bf5e9,P_d2a46103,Echo,1,1394
1191,395,echo_duplicate_end,231.3,T_a02bf5e9,P_d2a46103,Echo,2,1394
1192,395,echo_duplicate_end,735.98,T_a02bf5e9,P_2d7a5e7b,Echo,1,1394
1193,388,echo_duplicate_end,159.46,T_1f86d68c,P_756eb319,Echo,1,1401
1194,388,echo_duplicate_end,299.8,T_1f86d68c,P_756eb319,Echo,3,1401
1195,388,echo_duplicate_end,414.4,T_1f86d68c,P_756eb319,Echo,5,1401
1196,388,echo_duplicate_end,587.73,T_9f3c3ec0,P_4994897b,Echo,4,1401
1197,388,echo_duplicate_end,721.06,T_9f3c3ec0,P_4994897b,Echo,6,1401
1198,396,echo_duplicate_end,150.8,T_566f2633,P_95b0713f,Echo,1,1404
1199,396,echo_duplicate_end,162.79,T_499c6f4f,P_5a125ea9,Echo,1,1404
1200,402,echo_duplicate_end,144,T_5568bd9d,P_373fbeb7,Echo,1,1414
1201,402,echo_duplicate_end,197.08,T_a02bf5e9,P_632193b6,Echo,1,1414
1202,402,echo_duplicate_end,279.32,T_5568bd9d,P_373fbeb7,Echo,3,1414
1203,402,echo_duplicate_end,468.9,T_a02bf5e9,P_632193b6,Echo,3,1414
1204,402,echo_duplicate_end,472.33,T_5568bd9d,P_373fbeb7,Echo,4,1414
1205,402,echo_duplicate_end,599,T_5568bd9d,P_373fbeb7,Echo,5,1414
1206,402,echo_duplicate_end,708.5,T_5568bd9d,P_373fbeb7,Echo,7,1414
1207,402,echo_duplicate_end,709,T_a02bf5e9,P_632193b6,Echo,5,1414
1208,402,echo_duplicate_end,805.86,T_5568bd9d,P_373fbeb7,Echo,8,1414
1209,402,echo_duplicate_end,118.35,T_a02bf5e9,P_632193b6,Echo,1,1415
1210,402,echo_duplicate_end,229.46,T_a02bf5e9,P_632193b6,Echo,2,1415
1211,402,echo_duplicate_end,341.12,T_a02bf5e9,P_632193b6,Echo,3,1415
1212,402,echo_duplicate_end,468.71,T_a02bf5e9,P_632193b6,Echo,5,1415
1213,402,echo_duplicate_end,624.48,T_a02bf5e9,P_632193b6,Echo,7,1415
1214,402,echo_duplicate_end,775.31,T_a02bf5e9,P_632193b6,Echo,9,1415
1215,402,echo_duplicate_end,887.52,T_a02bf5e9,P_632193b6,Echo,10,1415
1216,402,echo_duplicate_end,93.48,T_a02bf5e9,P_632193b6,Echo,1,1416
1217,402,echo_duplicate_end,189.47,T_a02bf5e9,P_632193b6,Echo,2,1416
1218,402,echo_duplicate_end,195.48,T_5568bd9d,P_373fbeb7,Echo,1,1416
1219,402,echo_duplicate_end,276.86,T_a02bf5e9,P_632193b6,Echo,3,1416
1220,402,echo_duplicate_end,412.57,T_a02bf5e9,P_632193b6,Echo,5,1416
1221,402,echo_duplicate_end,507.18,T_a02bf5e9,P_632193b6,Echo,7,1416
1222,402,echo_duplicate_end,689.67,T_a02bf5e9,P_632193b6,Echo,8,1416
1223,402,echo_duplicate_end,89.66,T_a02bf5e9,P_632193b6,Echo,1,1417
1224,402,echo_duplicate_end,193.33,T_a02bf5e9,P_632193b6,Echo,2,1417
1225,402,echo_duplicate_end,273.79,T_a02bf5e9,P_632193b6,Echo,3,1417
1226,402,echo_duplicate_end,381.57,T_a02bf5e9,P_632193b6,Echo,4,1417
1227,402,echo_duplicate_end,464.34,T_a02bf5e9,P_632193b6,Echo,6,1417
1228,402,echo_duplicate_end,173.71,T_a02bf5e9,P_632193b6,Echo,1,1418
1229,402,echo_duplicate_end,253.47,T_a02bf5e9,P_632193b6,Echo,2,1418
1230,402,echo_duplicate_end,470.21,T_a02bf5e9,P_632193b6,Echo,4,1418
1231,402,echo_duplicate_end,604.41,T_a02bf5e9,P_632193b6,Echo,7,1418
1232,402,echo_duplicate_end,723.66,T_a02bf5e9,P_632193b6,Echo,8,1418
1233,402,echo_duplicate_end,822.6,T_a02bf5e9,P_632193b6,Echo,9,1418
1234,402,echo_duplicate_end,95.13,T_a02bf5e9,P_632193b6,Echo,1,1419
1235,402,echo_duplicate_end,165.3,T_a02bf5e9,P_632193b6,Echo,3,1419
1236,402,echo_duplicate_end,244.01,T_a02bf5e9,P_632193b6,Echo,4,1419
1237,402,echo_duplicate_end,322.38,T_a02bf5e9,P_632193b6,Echo,5,1419
1238,402,echo_duplicate_end,408.71,T_a02bf5e9,P_632193b6,Echo,6,1419
1239,402,echo_duplicate_end,498.25,T_a02bf5e9,P_632193b6,Echo,8,1419
1240,402,echo_duplicate_end,671.49,T_a02bf5e9,P_632193b6,Echo,9,1419
1284,408,echo_duplicate_end,457.39,T_5568bd9d,P_cb4edabe,Echo,2,1440
1285,408,echo_duplicate_end,681.55,T_5568bd9d,P_cb4edabe,Echo,4,1440
1286,408,echo_duplicate_end,103.66,T_a02bf5e9,P_11cb9887,Echo,1,1441
1287,408,echo_duplicate_end,232.47,T_a02bf5e9,P_11cb9887,Echo,4,1441
1288,408,echo_duplicate_end,343.55,T_f5419237,P_cb4edabe,Echo,2,1441
1289,408,echo_duplicate_end,627.23,T_f5419237,P_cb4edabe,Echo,4,1441
1290,408,echo_duplicate_end,605.99,T_f5419237,P_cb4edabe,Echo,3,1445
1305,414,echo_duplicate_end,151.2,T_a02bf5e9,P_d3fca87b,Echo,1,1472
1306,414,echo_duplicate_end,483.25,T_a02bf5e9,P_d3fca87b,Echo,2,1472
1307,414,echo_duplicate_end,743.68,T_a02bf5e9,P_d3fca87b,Echo,4,1472
1308,415,echo_duplicate_end,88.59,T_5568bd9d,P_317af206,Echo,1,1477
1309,415,echo_duplicate_end,221.38,T_5568bd9d,P_317af206,Echo,2,1477
1310,415,echo_duplicate_end,792.5,T_5568bd9d,P_317af206,Echo,6,1477
1311,415,echo_duplicate_end,553.14,T_5568bd9d,P_317af206,Echo,2,1478
1312,417,echo_duplicate_end,602.18,T_5568bd9d,P_5e386273,Echo,3,1485
1313,417,echo_duplicate_end,701.6,T_5568bd9d,P_5e386273,Echo,4,1485
1314,417,echo_duplicate_end,113.66,T_5568bd9d,P_5e386273,Echo,1,1486
1315,417,echo_duplicate_end,216.83,T_5568bd9d,P_5e386273,Echo,2,1486
1316,418,echo_duplicate_end,587.57,T_5568bd9d,P_3899b296,Echo,4,1490
1317,418,echo_duplicate_end,694.71,T_5568bd9d,P_3899b296,Echo,6,1490
1318,418,echo_duplicate_end,795.74,T_5568bd9d,P_3899b296,Echo,8,1490
1319,418,echo_duplicate_end,582.2,T_5568bd9d,P_3899b296,Echo,3,1491
1320,418,echo_duplicate_end,663.75,T_5568bd9d,P_3899b296,Echo,4,1491
1321,418,echo_duplicate_end,778.7,T_5568bd9d,P_3899b296,Echo,5,1491
1322,419,echo_duplicate_end,176.73,T_e9654697,P_9d4c821b,Echo,1,1496
1323,419,echo_duplicate_end,360.79,T_e9654697,P_9d4c821b,Echo,2,1496
1324,419,echo_duplicate_end,489.32,T_e9654697,P_9d4c821b,Echo,4,1496
1325,419,echo_duplicate_end,215.21,T_0ff7da8a,P_4446bc77,Echo,1,1499
1326,419,echo_duplicate_end,351.02,T_0ff7da8a,P_4446bc77,Echo,2,1499
1327,419,echo_duplicate_end,520.35,T_0ff7da8a,P_4446bc77,Echo,4,1499
1328,420,echo_duplicate_end,123.78,T_a02bf5e9,P_f3a6290f,Echo,1,1502
1329,420,echo_duplicate_end,261.07,T_a02bf5e9,P_f3a6290f,Echo,2,1502
1330,420,echo_duplicate_end,382,T_a02bf5e9,P_f3a6290f,Echo,3,1502
1331,420,echo_duplicate_end,494.87,T_a02bf5e9,P_f3a6290f,Echo,4,1502
1332,420,echo_duplicate_end,632.52,T_a02bf5e9,P_f3a6290f,Echo,6,1502
1333,420,echo_duplicate_end,773.07,T_5568bd9d,P_4bc579fa,Echo,4,1506
1334,420,echo_duplicate_end,773.07,T_5568bd9d,P_4bc579fa,Echo,4,1507
1335,421,echo_duplicate_end,344.28,T_a02bf5e9,P_ac4e3c7f,Echo,3,1508
1336,421,echo_duplicate_end,456.86,T_a02bf5e9,P_ac4e3c7f,Echo,4,1508
1337,421,echo_duplicate_end,620.05,T_a02bf5e9,P_ac4e3c7f,Echo,5,1508
1338,421,echo_duplicate_end,759.11,T_a02bf5e9,P_ac4e3c7f,Echo,7,1508
1339,421,echo_duplicate_end,128.09,T_a02bf5e9,P_ac4e3c7f,Echo,1,1509
1340,421,echo_duplicate_end,267.34,T_a02bf5e9,P_ac4e3c7f,Echo,2,1509
1341,421,echo_duplicate_end,405.95,T_a02bf5e9,P_ac4e3c7f,Echo,3,1509
1342,421,echo_duplicate_end,646.4,T_a02bf5e9,P_ac4e3c7f,Echo,4,1509
1343,421,echo_duplicate_end,770.39,T_a02bf5e9,P_ac4e3c7f,Echo,6,1509
1344,421,echo_duplicate_end,947.3,T_a02bf5e9,P_ac4e3c7f,Echo,7,1509
1345,421,echo_duplicate_end,185.23,T_a02bf5e9,P_ac4e3c7f,Echo,1,1510
1346,421,echo_duplicate_end,291.49,T_a02bf5e9,P_ac4e3c7f,Echo,2,1510
1347,421,echo_duplicate_end,468.45,T_5568bd9d,P_9871455a,Echo,3,1510
1348,421,echo_duplicate_end,476.05,T_a02bf5e9,P_ac4e3c7f,Echo,3,1510
1349,421,echo_duplicate_end,644.07,T_a02bf5e9,P_ac4e3c7f,Echo,4,1510
1350,421,echo_duplicate_end,682.81,T_5568bd9d,P_9871455a,Echo,4,1510
1351,421,echo_duplicate_end,248.19,T_a02bf5e9,P_ac4e3c7f,Echo,1,1511
1352,421,echo_duplicate_end,443.28,T_a02bf5e9,P_ac4e3c7f,Echo,2,1511
1353,421,echo_duplicate_end,556.75,T_a02bf5e9,P_ac4e3c7f,Echo,3,1511
1354,421,echo_duplicate_end,694.42,T_a02bf5e9,P_ac4e3c7f,Echo,4,1511
1355,421,echo_duplicate_end,744.67,T_5568bd9d,P_9871455a,Echo,3,1513
1356,422,echo_duplicate_end,399.11,T_5568bd9d,P_132332c5,Echo,2,1519
1357,422,echo_duplicate_end,506.85,T_5568bd9d,P_132332c5,Echo,3,1519
1358,425,echo_duplicate_end,763.44,T_5568bd9d,P_625ea3f1,Echo,5,1527
1359,425,echo_duplicate_end,861.46,T_5568bd9d,P_625ea3f1,Echo,7,1527
1365,426,echo_duplicate_end,165.22,T_107b38a8,P_397fb6c4,Echo,1,1531
1366,426,echo_duplicate_end,330.62,T_107b38a8,P_397fb6c4,Echo,2,1531
1367,426,echo_duplicate_end,463.36,T_107b38a8,P_397fb6c4,Echo,3,1531
1368,426,echo_duplicate_end,650.12,T_107b38a8,P_397fb6c4,Echo,5,1531
1369,427,echo_duplicate_end,684.31,T_5568bd9d,P_e3eb7fba,Echo,5,1535
1370,427,echo_duplicate_end,105.5,T_5568bd9d,P_e3eb7fba,Echo,1,1537
1371,427,echo_duplicate_end,214.7,T_5568bd9d,P_e3eb7fba,Echo,3,1537
1372,427,echo_duplicate_end,352.27,T_5568bd9d,P_e3eb7fba,Echo,5,1537
1373,427,echo_duplicate_end,463.59,T_5568bd9d,P_e3eb7fba,Echo,7,1537
1374,427,echo_duplicate_end,196.18,T_5568bd9d,P_e3eb7fba,Echo,1,1538
1375,427,echo_duplicate_end,322.36,T_5568bd9d,P_e3eb7fba,Echo,2,1538
1376,427,echo_duplicate_end,460.91,T_5568bd9d,P_e3eb7fba,Echo,3,1538
1377,427,echo_duplicate_end,617.69,T_5568bd9d,P_e3eb7fba,Echo,5,1538
1408,429,echo_duplicate_end,602.76,T_6f51c467,P_77eccc69,Echo,2,1550
1409,429,echo_duplicate_end,812.76,T_6f51c467,P_77eccc69,Echo,3,1550
1410,429,echo_duplicate_end,155.72,T_6f51c467,P_77eccc69,Echo,1,1551
1411,429,echo_duplicate_end,288.06,T_6f51c467,P_77eccc69,Echo,3,1551
1412,429,echo_duplicate_end,453.98,T_6f51c467,P_77eccc69,Echo,5,1551
1413,429,echo_duplicate_end,628.14,T_6f51c467,P_77eccc69,Echo,6,1551
1414,430,echo_duplicate_end,153.7,T_5568bd9d,P_1c20e30b,Echo,1,1552
1415,430,echo_duplicate_end,250.06,T_5568bd9d,P_1c20e30b,Echo,2,1552
1416,430,echo_duplicate_end,142.13,T_5568bd9d,P_1c20e30b,Echo,1,1553
1417,430,echo_duplicate_end,274.38,T_5568bd9d,P_1c20e30b,Echo,3,1553
1418,430,echo_duplicate_end,410.85,T_5568bd9d,P_1c20e30b,Echo,4,1553
1419,430,echo_duplicate_end,416.14,T_a02bf5e9,P_fbdd1181,Echo,3,1553
1420,430,echo_duplicate_end,507.26,T_5568bd9d,P_1c20e30b,Echo,4,1553
1421,430,echo_duplicate_end,512.95,T_a02bf5e9,P_fbdd1181,Echo,5,1553
1422,430,echo_duplicate_end,674.05,T_a02bf5e9,P_fbdd1181,Echo,6,1553
1423,430,echo_duplicate_end,698.62,T_5568bd9d,P_1c20e30b,Echo,6,1553
1424,430,echo_duplicate_end,860.66,T_5568bd9d,P_1c20e30b,Echo,7,1553
1425,430,echo_duplicate_end,865.97,T_a02bf5e9,P_fbdd1181,Echo,8,1553
1429,430,echo_duplicate_end,544.98,T_5568bd9d,P_1c20e30b,Echo,4,1557
1430,430,echo_duplicate_end,678.42,T_5568bd9d,P_1c20e30b,Echo,5,1557
1431,431,echo_duplicate_end,469.36,T_a02bf5e9,P_c4c40724,Echo,2,1558
1432,431,echo_duplicate_end,140.86,T_a02bf5e9,P_c4c40724,Echo,1,1561
1433,431,echo_duplicate_end,350.36,T_a02bf5e9,P_c4c40724,Echo,2,1561
1434,431,echo_duplicate_end,568.5,T_5568bd9d,P_fd9e17ee,Echo,3,1561
1440,433,echo_duplicate_end,326.42,T_a02bf5e9,P_c4f94bf6,Echo,2,1574
1441,434,echo_duplicate_end,136.01,T_5568bd9d,P_e3eb7fba,Echo,1,1580
1442,434,echo_duplicate_end,254.86,T_5568bd9d,P_e3eb7fba,Echo,3,1580
1443,434,echo_duplicate_end,131.99,T_5568bd9d,P_e3eb7fba,Echo,1,1582
1444,435,echo_duplicate_end,119.5,T_5568bd9d,P_625ea3f1,Echo,1,1586
1445,435,echo_duplicate_end,222.86,T_5568bd9d,P_625ea3f1,Echo,2,1586
1446,437,echo_duplicate_end,424.99,T_5568bd9d,P_9c394fa2,Echo,3,1600
1447,437,echo_duplicate_end,577.47,T_5568bd9d,P_9c394fa2,Echo,4,1600
1448,437,echo_duplicate_end,718.53,T_5568bd9d,P_9c394fa2,Echo,5,1600
1449,437,echo_duplicate_end,196.12,T_5568bd9d,P_1c20e30b,Echo,1,1603
1450,437,echo_duplicate_end,207.11,T_a02bf5e9,P_6a958942,Echo,1,1603
1451,437,echo_duplicate_end,349.55,T_5568bd9d,P_1c20e30b,Echo,2,1603
1452,437,echo_duplicate_end,143.62,T_5568bd9d,P_1c20e30b,Echo,1,1605
1453,437,echo_duplicate_end,271.56,T_5568bd9d,P_1c20e30b,Echo,2,1605
1454,437,echo_duplicate_end,365.95,T_5568bd9d,P_1c20e30b,Echo,5,1605
1455,437,echo_duplicate_end,143.62,T_5568bd9d,P_1c20e30b,Echo,1,1606
1456,437,echo_duplicate_end,271.56,T_5568bd9d,P_1c20e30b,Echo,2,1606
1457,437,echo_duplicate_end,365.95,T_5568bd9d,P_1c20e30b,Echo,5,1606
1458,438,echo_duplicate_end,117.91,T_5568bd9d,P_6a0da7aa,Echo,1,1607
1459,438,echo_duplicate_end,192.05,T_a02bf5e9,P_0ff74f7a,Echo,1,1607
1460,438,echo_duplicate_end,200.29,T_5568bd9d,P_6a0da7aa,Echo,2,1607
1461,438,echo_duplicate_end,417.01,T_5568bd9d,P_6a0da7aa,Echo,3,1607
1462,438,echo_duplicate_end,438.56,T_a02bf5e9,P_2da36969,Echo,4,1607
1463,438,echo_duplicate_end,554.55,T_5568bd9d,P_6a0da7aa,Echo,4,1607
1464,438,echo_duplicate_end,619,T_a02bf5e9,P_2da36969,Echo,6,1607
1465,438,echo_duplicate_end,195.08,T_00483cb3,P_0ff74f7a,Echo,1,1608
1466,438,echo_duplicate_end,161.46,T_00483cb3,P_2da36969,Echo,1,1615
1467,438,echo_duplicate_end,234.68,T_6da1ba9e,P_6a0da7aa,Echo,1,1615
1468,438,echo_duplicate_end,720.11,T_6da1ba9e,P_6a0da7aa,Echo,3,1615
1469,444,echo_duplicate_end,125.5,T_a02bf5e9,P_a7727c0a,Echo,1,1617
1470,444,echo_duplicate_end,225.81,T_a02bf5e9,P_a7727c0a,Echo,2,1617
1471,444,echo_duplicate_end,348.43,T_a02bf5e9,P_a7727c0a,Echo,3,1617
1472,444,echo_duplicate_end,448.56,T_a02bf5e9,P_a7727c0a,Echo,4,1617
1482,448,echo_duplicate_end,589.31,T_6f51c467,P_9afa8c8e,Echo,3,1622
1484,448,echo_duplicate_end,645.48,T_6f51c467,P_9afa8c8e,Echo,3,1628
1485,448,echo_duplicate_end,857.37,T_6f51c467,P_9afa8c8e,Echo,4,1628
1486,449,echo_duplicate_end,136.73,T_a02bf5e9,P_3899b296,Echo,1,1630
1487,450,echo_duplicate_end,136.73,T_a02bf5e9,P_3899b296,Echo,1,1631
1488,451,echo_duplicate_end,136.73,T_a02bf5e9,P_3899b296,Echo,1,1632
1489,452,echo_duplicate_end,136.73,T_a02bf5e9,P_3899b296,Echo,1,1633
1490,452,echo_duplicate_end,115.98,T_a02bf5e9,P_3899b296,Echo,1,1636
1491,452,echo_duplicate_end,228.61,T_a02bf5e9,P_3899b296,Echo,2,1636
1492,452,echo_duplicate_end,317.53,T_a02bf5e9,P_3899b296,Echo,3,1636
1493,452,echo_duplicate_end,469.3,T_a02bf5e9,P_3899b296,Echo,4,1636
1494,453,echo_duplicate_end,124.39,T_5568bd9d,P_96d729de,Echo,1,1643
1495,453,echo_duplicate_end,200.9,T_5568bd9d,P_96d729de,Echo,2,1643
1496,453,echo_duplicate_end,440.26,T_5568bd9d,P_96d729de,Echo,3,1643
1497,453,echo_duplicate_end,582.76,T_5568bd9d,P_96d729de,Echo,4,1643
1498,453,echo_duplicate_end,699.71,T_5568bd9d,P_96d729de,Echo,6,1643
1508,454,echo_duplicate_end,141.29,T_5568bd9d,P_08aa48af,Echo,1,1648
1509,455,echo_duplicate_end,242.17,T_5568bd9d,P_ab7fc22e,Echo,1,1652
1510,455,echo_duplicate_end,386.88,T_5568bd9d,P_ab7fc22e,Echo,3,1652
1511,455,echo_duplicate_end,263.41,T_a02bf5e9,P_ab7fc22e,Echo,2,1653
1512,455,echo_duplicate_end,714.7,T_a02bf5e9,P_ab7fc22e,Echo,5,1653
1513,459,echo_duplicate_end,319.52,T_5568bd9d,P_1c20e30b,Echo,2,1674
1514,459,echo_duplicate_end,188.75,T_5568bd9d,P_1c20e30b,Echo,1,1675
1515,459,echo_duplicate_end,360.41,T_5568bd9d,P_1c20e30b,Echo,3,1675
1516,459,echo_duplicate_end,485.23,T_5568bd9d,P_1c20e30b,Echo,4,1675
1517,459,echo_duplicate_end,699.68,T_5568bd9d,P_1c20e30b,Echo,7,1675
1524,460,echo_duplicate_end,155.36,T_a02bf5e9,P_08aa48af,Echo,1,1685
1525,460,echo_duplicate_end,291.12,T_a02bf5e9,P_08aa48af,Echo,3,1685
1526,460,echo_duplicate_end,439.13,T_a02bf5e9,P_08aa48af,Echo,5,1685
1527,461,echo_duplicate_end,138.53,T_f5419237,P_2dfe7ce8,Echo,1,1687
1528,461,echo_duplicate_end,190.58,T_a02bf5e9,P_1ab6ec01,Echo,1,1687
1529,461,echo_duplicate_end,350.9,T_a02bf5e9,P_1ab6ec01,Echo,2,1687
1530,461,echo_duplicate_end,355.3,T_f5419237,P_2dfe7ce8,Echo,3,1687
1531,461,echo_duplicate_end,553.5,T_f5419237,P_2dfe7ce8,Echo,5,1687
1532,461,echo_duplicate_end,813.9,T_a02bf5e9,P_1ab6ec01,Echo,4,1687
1533,461,echo_duplicate_end,815.02,T_f5419237,P_2dfe7ce8,Echo,6,1687
1534,462,echo_duplicate_end,138.53,T_f5419237,P_2dfe7ce8,Echo,1,1688
1535,462,echo_duplicate_end,190.58,T_a02bf5e9,P_1ab6ec01,Echo,1,1688
1536,462,echo_duplicate_end,350.9,T_a02bf5e9,P_1ab6ec01,Echo,2,1688
1537,462,echo_duplicate_end,355.3,T_f5419237,P_2dfe7ce8,Echo,3,1688
1538,462,echo_duplicate_end,553.5,T_f5419237,P_2dfe7ce8,Echo,5,1688
1539,462,echo_duplicate_end,813.9,T_a02bf5e9,P_1ab6ec01,Echo,4,1688
1540,462,echo_duplicate_end,815.02,T_f5419237,P_2dfe7ce8,Echo,6,1688
1548,464,echo_duplicate_end,138.53,T_f5419237,P_2dfe7ce8,Echo,1,1690
1549,464,echo_duplicate_end,190.58,T_a02bf5e9,P_1ab6ec01,Echo,1,1690
1550,464,echo_duplicate_end,350.9,T_a02bf5e9,P_1ab6ec01,Echo,2,1690
1551,464,echo_duplicate_end,355.3,T_f5419237,P_2dfe7ce8,Echo,3,1690
1552,464,echo_duplicate_end,553.5,T_f5419237,P_2dfe7ce8,Echo,5,1690
1553,464,echo_duplicate_end,813.9,T_a02bf5e9,P_1ab6ec01,Echo,4,1690
1554,464,echo_duplicate_end,815.02,T_f5419237,P_2dfe7ce8,Echo,6,1690
1555,465,echo_duplicate_end,138.53,T_f5419237,P_2dfe7ce8,Echo,1,1691
1556,465,echo_duplicate_end,190.58,T_a02bf5e9,P_1ab6ec01,Echo,1,1691
1557,465,echo_duplicate_end,350.9,T_a02bf5e9,P_1ab6ec01,Echo,2,1691
1558,465,echo_duplicate_end,355.3,T_f5419237,P_2dfe7ce8,Echo,3,1691
1559,465,echo_duplicate_end,553.5,T_f5419237,P_2dfe7ce8,Echo,5,1691
1560,465,echo_duplicate_end,813.9,T_a02bf5e9,P_1ab6ec01,Echo,4,1691
1561,465,echo_duplicate_end,815.02,T_f5419237,P_2dfe7ce8,Echo,6,1691
1562,465,echo_duplicate_end,155.6,T_f5419237,P_2dfe7ce8,Echo,1,1693
1563,465,echo_duplicate_end,267.27,T_f5419237,P_2dfe7ce8,Echo,2,1693
1564,465,echo_duplicate_end,632.32,T_f5419237,P_2dfe7ce8,Echo,3,1693
1565,465,echo_duplicate_end,792.64,T_f5419237,P_2dfe7ce8,Echo,5,1693
1566,467,echo_duplicate_end,504.12,T_a02bf5e9,P_5af6b009,Echo,4,1703
1577,470,echo_duplicate_end,124.31,T_5568bd9d,P_1c20e30b,Echo,1,1708
1578,470,echo_duplicate_end,127.64,T_a02bf5e9,P_023fbceb,Echo,1,1708
1579,470,echo_duplicate_end,263.32,T_a02bf5e9,P_023fbceb,Echo,2,1708
1580,470,echo_duplicate_end,307.28,T_5568bd9d,P_1c20e30b,Echo,3,1708
1581,470,echo_duplicate_end,436.19,T_5568bd9d,P_1c20e30b,Echo,4,1708
1582,470,echo_duplicate_end,621.36,T_a02bf5e9,P_023fbceb,Echo,5,1708
1583,470,echo_duplicate_end,621.69,T_5568bd9d,P_1c20e30b,Echo,5,1708
1584,470,echo_duplicate_end,743.64,T_a02bf5e9,P_023fbceb,Echo,7,1708
1585,470,echo_duplicate_end,745.47,T_5568bd9d,P_1c20e30b,Echo,6,1708
1586,470,echo_duplicate_end,175.34,T_a02bf5e9,P_023fbceb,Echo,1,1709
1587,470,echo_duplicate_end,176.51,T_5568bd9d,P_1c20e30b,Echo,1,1709
1588,470,echo_duplicate_end,275.91,T_a02bf5e9,P_023fbceb,Echo,3,1709
1589,470,echo_duplicate_end,278.23,T_5568bd9d,P_1c20e30b,Echo,3,1709
1590,470,echo_duplicate_end,409.86,T_5568bd9d,P_1c20e30b,Echo,4,1709
1591,470,echo_duplicate_end,411.32,T_a02bf5e9,P_023fbceb,Echo,5,1709
1592,470,echo_duplicate_end,632.66,T_5568bd9d,P_1c20e30b,Echo,6,1709
1593,470,echo_duplicate_end,690.58,T_a02bf5e9,P_023fbceb,Echo,7,1709
1594,470,echo_duplicate_end,775.41,T_5568bd9d,P_1c20e30b,Echo,8,1709
1595,470,echo_duplicate_end,893.97,T_a02bf5e9,P_023fbceb,Echo,9,1709
1596,470,echo_duplicate_end,940.78,T_5568bd9d,P_1c20e30b,Echo,9,1709
1597,469,echo_duplicate_end,143.09,T_a02bf5e9,P_00ed0078,Echo,1,1714
1598,469,echo_duplicate_end,580.71,T_a02bf5e9,P_00ed0078,Echo,3,1714
1599,469,echo_duplicate_end,721.48,T_a02bf5e9,P_00ed0078,Echo,4,1714
1600,469,echo_duplicate_end,143.09,T_a02bf5e9,P_00ed0078,Echo,1,1715
1601,469,echo_duplicate_end,580.71,T_a02bf5e9,P_00ed0078,Echo,3,1715
1602,469,echo_duplicate_end,721.48,T_a02bf5e9,P_00ed0078,Echo,4,1715
1603,469,echo_duplicate_end,143.09,T_a02bf5e9,P_00ed0078,Echo,1,1716
1604,469,echo_duplicate_end,580.71,T_a02bf5e9,P_00ed0078,Echo,3,1716
1605,469,echo_duplicate_end,721.48,T_a02bf5e9,P_00ed0078,Echo,4,1716
1606,470,echo_duplicate_end,324.42,T_5568bd9d,P_1c20e30b,Echo,2,1717
1615,471,echo_duplicate_end,662.07,T_f5419237,P_942546d7,Echo,4,1722
1616,471,echo_duplicate_end,981.58,T_f5419237,P_942546d7,Echo,6,1722
1617,472,echo_duplicate_end,194.5,T_a02bf5e9,P_31ce5fdf,Echo,1,1725
1618,472,echo_duplicate_end,378.63,T_a02bf5e9,P_31ce5fdf,Echo,2,1725
1619,472,echo_duplicate_end,494.22,T_a02bf5e9,P_31ce5fdf,Echo,4,1725
1628,472,echo_duplicate_end,103.99,T_a02bf5e9,P_31ce5fdf,Echo,1,1731
1629,472,echo_duplicate_end,244.54,T_a02bf5e9,P_31ce5fdf,Echo,2,1731
1630,472,echo_duplicate_end,433.13,T_a02bf5e9,P_31ce5fdf,Echo,3,1731
1631,472,echo_duplicate_end,603.44,T_5568bd9d,P_c9a7350c,Echo,4,1731
1632,472,echo_duplicate_end,664.62,T_a02bf5e9,P_31ce5fdf,Echo,5,1731
1633,472,echo_duplicate_end,734.54,T_5568bd9d,P_c9a7350c,Echo,5,1731
1634,472,echo_duplicate_end,827.52,T_a02bf5e9,P_31ce5fdf,Echo,7,1731
1635,472,echo_duplicate_end,888,T_5568bd9d,P_c9a7350c,Echo,6,1731
1636,473,echo_duplicate_end,182.45,T_6f51c467,P_9afa8c8e,Echo,1,1732
1637,473,echo_duplicate_end,369.12,T_6f51c467,P_254a2aa1,Echo,3,1732
1638,473,echo_duplicate_end,591.57,T_6f51c467,P_254a2aa1,Echo,5,1732
1639,473,echo_duplicate_end,769.93,T_6f51c467,P_254a2aa1,Echo,6,1732
1640,474,echo_duplicate_end,147.04,T_6f51c467,P_9afa8c8e,Echo,1,1733
1641,474,echo_duplicate_end,407.48,T_112451a5,P_34b4d701,Echo,2,1733
1642,474,echo_duplicate_end,627.8,T_112451a5,P_34b4d701,Echo,3,1733
1643,474,echo_duplicate_end,901.55,T_112451a5,P_34b4d701,Echo,5,1733
1644,474,echo_duplicate_end,218.48,T_6f51c467,P_254a2aa1,Echo,1,1734
1645,474,echo_duplicate_end,453.95,T_6f51c467,P_254a2aa1,Echo,2,1734
1646,474,echo_duplicate_end,597.14,T_6f51c467,P_254a2aa1,Echo,4,1734
1647,474,echo_duplicate_end,182.45,T_6f51c467,P_9afa8c8e,Echo,1,1735
1648,474,echo_duplicate_end,369.12,T_6f51c467,P_254a2aa1,Echo,3,1735
1649,474,echo_duplicate_end,591.57,T_6f51c467,P_254a2aa1,Echo,5,1735
1650,474,echo_duplicate_end,769.93,T_6f51c467,P_254a2aa1,Echo,6,1735
1651,477,echo_duplicate_end,187.81,T_a02bf5e9,P_299f64fc,Echo,1,1737
1652,477,echo_duplicate_end,372.54,T_a02bf5e9,P_299f64fc,Echo,3,1737
1664,479,echo_duplicate_end,104.67,T_1ec23147,P_ee72b96b,Echo,1,1747
1665,479,echo_duplicate_end,289.18,T_1ec23147,P_ee72b96b,Echo,2,1747
1666,479,echo_duplicate_end,462.4,T_1ec23147,P_ee72b96b,Echo,3,1747
1667,479,echo_duplicate_end,593.69,T_1ec23147,P_ee72b96b,Echo,5,1747
1668,480,echo_duplicate_end,195.41,T_5568bd9d,P_ab7fc22e,Echo,1,1748
1669,480,echo_duplicate_end,418.47,T_5568bd9d,P_ab7fc22e,Echo,2,1748
1670,480,echo_duplicate_end,553.38,T_5568bd9d,P_ab7fc22e,Echo,3,1748
1674,480,echo_duplicate_end,157.22,T_5568bd9d,P_585c6345,Echo,1,1753
1675,480,echo_duplicate_end,294.62,T_a02bf5e9,P_ab7fc22e,Echo,1,1753
1676,480,echo_duplicate_end,311.95,T_5568bd9d,P_585c6345,Echo,2,1753
1677,480,echo_duplicate_end,463.89,T_a02bf5e9,P_ab7fc22e,Echo,2,1753
1678,480,echo_duplicate_end,470.42,T_5568bd9d,P_585c6345,Echo,3,1753
1679,480,echo_duplicate_end,615.09,T_5568bd9d,P_585c6345,Echo,4,1753
1680,480,echo_duplicate_end,617.72,T_a02bf5e9,P_ab7fc22e,Echo,3,1753
1681,481,echo_duplicate_end,170.59,T_a02bf5e9,P_ab7fc22e,Echo,1,1756
1682,481,echo_duplicate_end,285.41,T_a02bf5e9,P_ab7fc22e,Echo,3,1756
1683,482,echo_duplicate_end,75.58,T_a02bf5e9,P_0053ec1b,Echo,1,1761
1684,482,echo_duplicate_end,166.89,T_5568bd9d,P_c9a7350c,Echo,1,1761
1685,482,echo_duplicate_end,188.16,T_a02bf5e9,P_0053ec1b,Echo,3,1761
1686,482,echo_duplicate_end,339.85,T_a02bf5e9,P_0053ec1b,Echo,5,1761
1687,482,echo_duplicate_end,403.12,T_5568bd9d,P_c9a7350c,Echo,3,1761
1688,482,echo_duplicate_end,594.63,T_5568bd9d,P_c9a7350c,Echo,5,1761
1689,482,echo_duplicate_end,739.56,T_a02bf5e9,P_c91293fd,Echo,3,1761
1690,482,echo_duplicate_end,740.08,T_5568bd9d,P_c9a7350c,Echo,7,1761
1691,482,echo_duplicate_end,75.58,T_a02bf5e9,P_0053ec1b,Echo,1,1762
1692,482,echo_duplicate_end,166.89,T_5568bd9d,P_c9a7350c,Echo,1,1762
1693,482,echo_duplicate_end,188.16,T_a02bf5e9,P_0053ec1b,Echo,3,1762
1694,482,echo_duplicate_end,339.85,T_a02bf5e9,P_0053ec1b,Echo,5,1762
1695,482,echo_duplicate_end,403.12,T_5568bd9d,P_c9a7350c,Echo,3,1762
1696,482,echo_duplicate_end,594.63,T_5568bd9d,P_c9a7350c,Echo,5,1762
1697,482,echo_duplicate_end,739.56,T_a02bf5e9,P_c91293fd,Echo,3,1762
1698,482,echo_duplicate_end,740.08,T_5568bd9d,P_c9a7350c,Echo,7,1762
1699,481,echo_duplicate_end,170.59,T_a02bf5e9,P_ab7fc22e,Echo,1,1763
1700,481,echo_duplicate_end,285.41,T_a02bf5e9,P_ab7fc22e,Echo,3,1763
1708,482,echo_duplicate_end,75.58,T_a02bf5e9,P_0053ec1b,Echo,1,1770
1709,482,echo_duplicate_end,166.89,T_5568bd9d,P_c9a7350c,Echo,1,1770
1710,482,echo_duplicate_end,188.16,T_a02bf5e9,P_0053ec1b,Echo,3,1770
1711,482,echo_duplicate_end,339.85,T_a02bf5e9,P_0053ec1b,Echo,5,1770
1712,482,echo_duplicate_end,403.12,T_5568bd9d,P_c9a7350c,Echo,3,1770
1713,482,echo_duplicate_end,594.63,T_5568bd9d,P_c9a7350c,Echo,5,1770
1714,482,echo_duplicate_end,739.56,T_a02bf5e9,P_c91293fd,Echo,3,1770
1715,482,echo_duplicate_end,740.08,T_5568bd9d,P_c9a7350c,Echo,7,1770
1716,482,echo_duplicate_end,75.58,T_a02bf5e9,P_0053ec1b,Echo,1,1771
1717,482,echo_duplicate_end,166.89,T_5568bd9d,P_c9a7350c,Echo,1,1771
1718,482,echo_duplicate_end,188.16,T_a02bf5e9,P_0053ec1b,Echo,3,1771
1719,482,echo_duplicate_end,339.85,T_a02bf5e9,P_0053ec1b,Echo,5,1771
1720,482,echo_duplicate_end,403.12,T_5568bd9d,P_c9a7350c,Echo,3,1771
1721,482,echo_duplicate_end,594.63,T_5568bd9d,P_c9a7350c,Echo,5,1771
1722,482,echo_duplicate_end,739.56,T_a02bf5e9,P_c91293fd,Echo,3,1771
1723,482,echo_duplicate_end,740.08,T_5568bd9d,P_c9a7350c,Echo,7,1771
1724,482,echo_duplicate_end,199.75,T_a02bf5e9,P_54d52012,Echo,1,1772
1725,482,echo_duplicate_end,242.25,T_5568bd9d,P_c9a7350c,Echo,1,1772
1726,482,echo_duplicate_end,346.95,T_a02bf5e9,P_54d52012,Echo,3,1772
1727,482,echo_duplicate_end,375.9,T_5568bd9d,P_c9a7350c,Echo,3,1772
1728,482,echo_duplicate_end,495.87,T_5568bd9d,P_c9a7350c,Echo,5,1772
1729,482,echo_duplicate_end,756.55,T_5568bd9d,P_c9a7350c,Echo,7,1772
1730,482,echo_duplicate_end,830.57,T_a02bf5e9,P_c91293fd,Echo,5,1772
1731,484,echo_duplicate_end,75.58,T_a02bf5e9,P_0053ec1b,Echo,1,1776
1732,484,echo_duplicate_end,166.89,T_5568bd9d,P_c9a7350c,Echo,1,1776
1733,484,echo_duplicate_end,188.16,T_a02bf5e9,P_0053ec1b,Echo,3,1776
1734,484,echo_duplicate_end,339.85,T_a02bf5e9,P_0053ec1b,Echo,5,1776
1735,484,echo_duplicate_end,403.12,T_5568bd9d,P_c9a7350c,Echo,3,1776
1736,484,echo_duplicate_end,594.63,T_5568bd9d,P_c9a7350c,Echo,5,1776
1737,484,echo_duplicate_end,739.56,T_a02bf5e9,P_c91293fd,Echo,3,1776
1738,484,echo_duplicate_end,740.08,T_5568bd9d,P_c9a7350c,Echo,7,1776
1739,483,echo_duplicate_end,211.92,T_e81bc77b,P_09df2c79,Echo,1,1778
1740,483,echo_duplicate_end,387.22,T_e81bc77b,P_09df2c79,Echo,3,1778
1741,483,echo_duplicate_end,618.8,T_e81bc77b,P_09df2c79,Echo,5,1778
1742,486,echo_duplicate_end,344.99,T_1ec23147,P_b5139cd6,Echo,2,1779
1743,487,echo_duplicate_end,396.34,T_5568bd9d,P_6a0da7aa,Echo,2,1780
1744,486,echo_duplicate_end,225.23,T_1ec23147,P_649aeb0c,Echo,1,1781
1745,486,echo_duplicate_end,368.48,T_1ec23147,P_649aeb0c,Echo,3,1781
1746,486,echo_duplicate_end,506.66,T_1ec23147,P_649aeb0c,Echo,4,1781
1747,486,echo_duplicate_end,635.67,T_1ec23147,P_649aeb0c,Echo,6,1781
1748,486,echo_duplicate_end,851.31,T_1ec23147,P_649aeb0c,Echo,7,1781
1753,486,echo_duplicate_end,277.83,T_e3a09b93,P_143e8291,Echo,1,1785
1754,486,echo_duplicate_end,436.13,T_e3a09b93,P_143e8291,Echo,3,1785
1755,486,echo_duplicate_end,598.4,T_e3a09b93,P_143e8291,Echo,4,1785
1776,488,echo_duplicate_end,130.23,T_a02bf5e9,P_6954cf80,Echo,1,1802
1777,488,echo_duplicate_end,267.47,T_a02bf5e9,P_6954cf80,Echo,3,1802
1778,488,echo_duplicate_end,126.14,T_5568bd9d,P_d877a8f0,Echo,1,1803
1779,488,echo_duplicate_end,225.86,T_a02bf5e9,P_6954cf80,Echo,1,1803
1780,488,echo_duplicate_end,247.16,T_5568bd9d,P_d877a8f0,Echo,2,1803
1781,488,echo_duplicate_end,398.85,T_5568bd9d,P_d877a8f0,Echo,3,1803
1782,488,echo_duplicate_end,553.45,T_5568bd9d,P_d877a8f0,Echo,4,1803
1783,489,echo_duplicate_end,131.59,T_1ec23147,P_f14cceed,Echo,1,1805
1784,489,echo_duplicate_end,267.53,T_1ec23147,P_f14cceed,Echo,3,1805
1785,489,echo_duplicate_end,430.33,T_1ec23147,P_f14cceed,Echo,5,1805
1789,488,echo_duplicate_end,140.01,T_a02bf5e9,P_6954cf80,Echo,1,1810
1790,488,echo_duplicate_end,351.4,T_a02bf5e9,P_6954cf80,Echo,3,1810
1791,488,echo_duplicate_end,492.37,T_a02bf5e9,P_6954cf80,Echo,4,1810
1792,491,echo_duplicate_end,881.38,T_5568bd9d,P_625ea3f1,Echo,4,1813
1793,491,echo_duplicate_end,881.38,T_5568bd9d,P_625ea3f1,Echo,4,1814
1794,491,echo_duplicate_end,881.38,T_5568bd9d,P_625ea3f1,Echo,4,1815
1795,494,echo_duplicate_end,156.02,T_2f7c4a6e,P_ef840489,Echo,1,1820
1796,494,echo_duplicate_end,273.05,T_2f7c4a6e,P_ef840489,Echo,2,1820
1797,494,echo_duplicate_end,664.1,T_2f7c4a6e,P_ef840489,Echo,6,1820
1798,494,echo_duplicate_end,755.21,T_967fa57b,P_7c40e33d,Echo,4,1820
1799,494,echo_duplicate_end,876.2,T_967fa57b,P_7c40e33d,Echo,6,1820
1800,494,echo_duplicate_end,95.52,T_2f7c4a6e,P_ef840489,Echo,1,1824
1801,494,echo_duplicate_end,216.09,T_2f7c4a6e,P_ef840489,Echo,2,1824
1802,494,echo_duplicate_end,352.53,T_2f7c4a6e,P_ef840489,Echo,3,1824
1803,494,echo_duplicate_end,462.96,T_2f7c4a6e,P_ef840489,Echo,4,1824
1804,494,echo_duplicate_end,629.48,T_2f7c4a6e,P_ef840489,Echo,6,1824
1805,494,echo_duplicate_end,766.78,T_2f7c4a6e,P_ef840489,Echo,8,1824
1806,494,echo_duplicate_end,95.52,T_2f7c4a6e,P_ef840489,Echo,1,1825
1807,494,echo_duplicate_end,216.09,T_2f7c4a6e,P_ef840489,Echo,2,1825
1808,494,echo_duplicate_end,352.53,T_2f7c4a6e,P_ef840489,Echo,3,1825
1809,494,echo_duplicate_end,462.96,T_2f7c4a6e,P_ef840489,Echo,4,1825
1810,494,echo_duplicate_end,629.48,T_2f7c4a6e,P_ef840489,Echo,6,1825
1811,494,echo_duplicate_end,766.78,T_2f7c4a6e,P_ef840489,Echo,8,1825
1812,495,echo_duplicate_end,134.83,T_a02bf5e9,P_4683f755,Echo,1,1826
1813,495,echo_duplicate_end,263.48,T_a02bf5e9,P_4683f755,Echo,3,1826
1814,495,echo_duplicate_end,121.82,T_b7e00eb0,P_5eb18296,Echo,1,1827
1815,495,echo_duplicate_end,180.64,T_b92f091c,P_1c20e30b,Echo,1,1827
1816,495,echo_duplicate_end,284.64,T_b7e00eb0,P_5eb18296,Echo,3,1827
1817,495,echo_duplicate_end,337.19,T_b92f091c,P_1c20e30b,Echo,3,1827
1818,495,echo_duplicate_end,520.66,T_b92f091c,P_1c20e30b,Echo,4,1827
1819,495,echo_duplicate_end,599.66,T_b7e00eb0,P_5eb18296,Echo,4,1827
1820,495,echo_duplicate_end,696.63,T_b92f091c,P_1c20e30b,Echo,6,1827
1821,495,echo_duplicate_end,806.13,T_b7e00eb0,P_5eb18296,Echo,6,1827
1822,495,echo_duplicate_end,809.65,T_b92f091c,P_1c20e30b,Echo,9,1827
1823,495,echo_duplicate_end,936.62,T_b92f091c,P_1c20e30b,Echo,10,1827
1824,495,echo_duplicate_end,994.43,T_b7e00eb0,P_5eb18296,Echo,8,1827
1826,495,echo_duplicate_end,264.8,T_b92f091c,P_1c20e30b,Echo,2,1836
1827,495,echo_duplicate_end,454.99,T_b92f091c,P_1c20e30b,Echo,3,1836
1828,495,echo_duplicate_end,571.23,T_b92f091c,P_1c20e30b,Echo,4,1836
1829,495,echo_duplicate_end,737.17,T_b92f091c,P_1c20e30b,Echo,6,1836
1830,495,echo_duplicate_end,862.32,T_b92f091c,P_1c20e30b,Echo,8,1836
1831,501,echo_duplicate_end,327.72,T_19b74e55,P_1ab6ec01,Echo,1,1838
1832,501,echo_duplicate_end,528.32,T_19b74e55,P_1ab6ec01,Echo,2,1838
1833,501,echo_duplicate_end,140.62,T_19b74e55,P_1ab6ec01,Echo,1,1843
1834,501,echo_duplicate_end,268.08,T_19b74e55,P_1ab6ec01,Echo,2,1843
1835,501,echo_duplicate_end,338.26,T_967fa57b,P_7c40e33d,Echo,2,1843
1839,502,echo_duplicate_end,235.72,T_b92f091c,P_1c20e30b,Echo,1,1845
1840,502,echo_duplicate_end,264.8,T_b92f091c,P_1c20e30b,Echo,2,1848
1841,502,echo_duplicate_end,454.99,T_b92f091c,P_1c20e30b,Echo,3,1848
1842,502,echo_duplicate_end,571.23,T_b92f091c,P_1c20e30b,Echo,4,1848
1843,502,echo_duplicate_end,737.17,T_b92f091c,P_1c20e30b,Echo,6,1848
1844,502,echo_duplicate_end,862.32,T_b92f091c,P_1c20e30b,Echo,8,1848
1848,503,echo_duplicate_end,215.1,T_f5419237,P_cb4edabe,Echo,1,1850
1849,503,echo_duplicate_end,232.34,T_a02bf5e9,P_6e42b90d,Echo,1,1850
1850,503,echo_duplicate_end,375.31,T_a02bf5e9,P_6e42b90d,Echo,2,1850
1851,503,echo_duplicate_end,377.96,T_f5419237,P_cb4edabe,Echo,2,1850
1852,503,echo_duplicate_end,716.45,T_f5419237,P_cb4edabe,Echo,4,1850
1853,503,echo_duplicate_end,739.84,T_a02bf5e9,P_6e42b90d,Echo,4,1850
1854,503,echo_duplicate_end,914.31,T_f5419237,P_cb4edabe,Echo,5,1850
1855,503,echo_duplicate_end,935.97,T_a02bf5e9,P_6e42b90d,Echo,5,1850
1859,504,echo_duplicate_end,677.47,T_5568bd9d,P_c9a7350c,Echo,4,1853
1860,504,echo_duplicate_end,164.76,T_5568bd9d,P_c9a7350c,Echo,1,1854
1861,504,echo_duplicate_end,305.69,T_5568bd9d,P_c9a7350c,Echo,2,1854
1862,504,echo_duplicate_end,497.06,T_5568bd9d,P_c9a7350c,Echo,4,1854
1863,504,echo_duplicate_end,744.27,T_5568bd9d,P_c9a7350c,Echo,6,1854
1867,503,echo_duplicate_end,255.98,T_f5419237,P_cb4edabe,Echo,1,1858
1868,503,echo_duplicate_end,269.06,T_a02bf5e9,P_d723ef07,Echo,2,1858
1869,503,echo_duplicate_end,386.82,T_f5419237,P_cb4edabe,Echo,2,1858
1870,503,echo_duplicate_end,399.76,T_a02bf5e9,P_d723ef07,Echo,4,1858
1871,503,echo_duplicate_end,487.55,T_a02bf5e9,P_d723ef07,Echo,6,1858
1872,503,echo_duplicate_end,509.78,T_f5419237,P_cb4edabe,Echo,4,1858
1873,503,echo_duplicate_end,602.74,T_f5419237,P_cb4edabe,Echo,5,1858
1874,503,echo_duplicate_end,628.91,T_a02bf5e9,P_d723ef07,Echo,7,1858
1875,503,echo_duplicate_end,797.57,T_f5419237,P_cb4edabe,Echo,7,1858
1876,503,echo_duplicate_end,798.53,T_a02bf5e9,P_d723ef07,Echo,9,1858
1877,503,echo_duplicate_end,918.72,T_f5419237,P_cb4edabe,Echo,9,1858
1878,503,echo_duplicate_end,987.52,T_a02bf5e9,P_d723ef07,Echo,11,1858
1879,503,echo_duplicate_end,1060.69,T_f5419237,P_cb4edabe,Echo,11,1858
1880,505,echo_duplicate_end,110.15,T_a02bf5e9,P_cbbbdcee,Echo,1,1859
1881,505,echo_duplicate_end,333.88,T_f5419237,P_cb4edabe,Echo,2,1859
1882,505,echo_duplicate_end,472.23,T_f5419237,P_cb4edabe,Echo,3,1859
1883,506,echo_duplicate_end,125.1,T_5568bd9d,P_d20feccd,Echo,1,1865
1886,508,echo_duplicate_end,643.78,T_06ca9822,P_88ae0449,Echo,3,1873
1887,508,echo_duplicate_end,127.42,T_06ca9822,P_88ae0449,Echo,1,1874
1888,508,echo_duplicate_end,381.09,T_06ca9822,P_88ae0449,Echo,2,1874
1889,505,echo_duplicate_end,194.85,T_f5419237,P_cb4edabe,Echo,1,1880
1890,505,echo_duplicate_end,376.56,T_a02bf5e9,P_514f8ea5,Echo,2,1880
1891,505,echo_duplicate_end,380.97,T_f5419237,P_cb4edabe,Echo,2,1880
1892,505,echo_duplicate_end,683.31,T_f5419237,P_cb4edabe,Echo,4,1880
1893,505,echo_duplicate_end,834.22,T_f5419237,P_cb4edabe,Echo,5,1880
1894,505,echo_duplicate_end,479.92,T_f5419237,P_942546d7,Echo,2,1881
1895,505,echo_duplicate_end,744.17,T_f5419237,P_942546d7,Echo,4,1881
1935,513,echo_duplicate_end,704.75,T_f89d2836,P_b465c835,Echo,5,1893
1936,513,echo_duplicate_end,865.58,T_f89d2836,P_b465c835,Echo,6,1893
1937,513,echo_duplicate_end,132.31,T_f89d2836,P_b465c835,Echo,1,1895
1938,513,echo_duplicate_end,251.64,T_f89d2836,P_b465c835,Echo,3,1895
1939,513,echo_duplicate_end,499.1,T_f89d2836,P_b465c835,Echo,5,1895
1940,513,echo_duplicate_end,564.12,T_f89d2836,P_b465c835,Echo,5,1897
1941,513,echo_duplicate_end,589.92,T_bbb00243,P_81c3e4bd,Echo,4,1897
1942,515,echo_duplicate_end,143.81,T_9c178995,P_2c4be73d,Echo,1,1910
1943,515,echo_duplicate_end,317.31,T_9c178995,P_2c4be73d,Echo,3,1910
1944,515,echo_duplicate_end,688.14,T_9c178995,P_2c4be73d,Echo,4,1910
1947,516,echo_duplicate_end,488.18,T_a02bf5e9,P_be944440,Echo,3,1917
1948,516,echo_duplicate_end,610.96,T_a02bf5e9,P_be944440,Echo,4,1917
1949,516,echo_duplicate_end,769.95,T_a02bf5e9,P_be944440,Echo,5,1917
1950,518,echo_duplicate_end,293.1,T_5568bd9d,P_c0be11da,Echo,1,1926
1957,518,echo_duplicate_end,190.6,T_5568bd9d,P_c0be11da,Echo,1,1930
1958,518,echo_duplicate_end,255.79,T_5568bd9d,P_c0be11da,Echo,2,1930
1959,518,echo_duplicate_end,455.78,T_5568bd9d,P_c0be11da,Echo,3,1930
1960,518,echo_duplicate_end,531.79,T_5568bd9d,P_c0be11da,Echo,5,1930
1961,518,echo_duplicate_end,763.55,T_5568bd9d,P_c0be11da,Echo,6,1930
1962,523,echo_duplicate_end,406.97,T_4f35040a,P_be0eee0e,Echo,2,1950
1963,523,echo_duplicate_end,411.55,T_f89d2836,P_b960b6b3,Echo,3,1950
1964,523,echo_duplicate_end,517.46,T_4f35040a,P_be0eee0e,Echo,4,1950
1965,523,echo_duplicate_end,681.26,T_f89d2836,P_b960b6b3,Echo,5,1950
1966,524,echo_duplicate_end,158.82,T_5568bd9d,P_17f760bd,Echo,1,1951
1967,524,echo_duplicate_end,460.9,T_5568bd9d,P_17f760bd,Echo,3,1951
1968,525,echo_duplicate_end,406.97,T_4f35040a,P_be0eee0e,Echo,2,1952
1969,525,echo_duplicate_end,411.55,T_f89d2836,P_b960b6b3,Echo,3,1952
1970,525,echo_duplicate_end,517.46,T_4f35040a,P_be0eee0e,Echo,4,1952
1971,525,echo_duplicate_end,681.26,T_f89d2836,P_b960b6b3,Echo,5,1952
1972,526,echo_duplicate_end,406.97,T_4f35040a,P_be0eee0e,Echo,2,1954
1973,526,echo_duplicate_end,411.55,T_f89d2836,P_b960b6b3,Echo,3,1954
1974,526,echo_duplicate_end,517.46,T_4f35040a,P_be0eee0e,Echo,4,1954
1975,526,echo_duplicate_end,681.26,T_f89d2836,P_b960b6b3,Echo,5,1954
1976,527,echo_duplicate_end,406.97,T_4f35040a,P_be0eee0e,Echo,2,1960
1977,527,echo_duplicate_end,411.55,T_f89d2836,P_b960b6b3,Echo,3,1960
1978,527,echo_duplicate_end,517.46,T_4f35040a,P_be0eee0e,Echo,4,1960
1979,527,echo_duplicate_end,681.26,T_f89d2836,P_b960b6b3,Echo,5,1960
1980,528,echo_duplicate_end,844.57,T_5568bd9d,P_c0be11da,Echo,3,1965
1981,528,echo_duplicate_end,971.88,T_5568bd9d,P_c0be11da,Echo,4,1965
1982,528,echo_duplicate_end,210.67,T_5568bd9d,P_c0be11da,Echo,1,1966
1983,528,echo_duplicate_end,144.35,T_5568bd9d,P_c0be11da,Echo,1,1967
1984,528,echo_duplicate_end,312.53,T_5568bd9d,P_c0be11da,Echo,3,1967
1985,529,echo_duplicate_end,406.97,T_4f35040a,P_be0eee0e,Echo,2,1969
1986,529,echo_duplicate_end,411.55,T_f89d2836,P_b960b6b3,Echo,3,1969
1987,529,echo_duplicate_end,517.46,T_4f35040a,P_be0eee0e,Echo,4,1969
1988,529,echo_duplicate_end,681.26,T_f89d2836,P_b960b6b3,Echo,5,1969
2002,532,echo_duplicate_end,406.97,T_4f35040a,P_be0eee0e,Echo,2,1979
2003,532,echo_duplicate_end,411.55,T_f89d2836,P_b960b6b3,Echo,3,1979
2004,532,echo_duplicate_end,517.46,T_4f35040a,P_be0eee0e,Echo,4,1979
2005,532,echo_duplicate_end,681.26,T_f89d2836,P_b960b6b3,Echo,5,1979
2010,533,echo_duplicate_end,406.97,T_4f35040a,P_be0eee0e,Echo,2,1982
2011,533,echo_duplicate_end,411.55,T_f89d2836,P_b960b6b3,Echo,3,1982
2012,533,echo_duplicate_end,517.46,T_4f35040a,P_be0eee0e,Echo,4,1982
2013,533,echo_duplicate_end,681.26,T_f89d2836,P_b960b6b3,Echo,5,1982
2014,532,echo_duplicate_end,84.11,T_4f35040a,P_be0eee0e,Echo,1,1986
2015,532,echo_duplicate_end,295.57,T_4f35040a,P_be0eee0e,Echo,2,1986
2016,536,echo_duplicate_end,242.9,T_5568bd9d,P_1c20e30b,Echo,1,1998
2017,536,echo_duplicate_end,525.69,T_5568bd9d,P_1c20e30b,Echo,4,1998
2018,536,echo_duplicate_end,126.14,T_a02bf5e9,P_f174951e,Echo,1,1999
2019,536,echo_duplicate_end,164.31,T_5568bd9d,P_1c20e30b,Echo,1,2000
2020,536,echo_duplicate_end,284.68,T_5568bd9d,P_1c20e30b,Echo,2,2000
2021,536,echo_duplicate_end,413.13,T_5568bd9d,P_1c20e30b,Echo,3,2000
2022,536,echo_duplicate_end,594.54,T_5568bd9d,P_1c20e30b,Echo,4,2000
2023,536,echo_duplicate_end,697.75,T_5568bd9d,P_1c20e30b,Echo,6,2000
2024,536,echo_duplicate_end,867.5,T_5568bd9d,P_1c20e30b,Echo,7,2000
2034,537,echo_duplicate_end,644.46,T_5568bd9d,P_c9a7350c,Echo,3,2007
2035,537,echo_duplicate_end,758.25,T_5568bd9d,P_c9a7350c,Echo,4,2007
2036,537,echo_duplicate_end,894.32,T_5568bd9d,P_c9a7350c,Echo,5,2007
2037,538,echo_duplicate_end,723.67,T_a02bf5e9,P_1346de20,Echo,3,2010
2038,538,echo_duplicate_end,621.84,T_798ede5f,P_aa5b37a4,Echo,3,2013
2039,538,echo_duplicate_end,784.9,T_798ede5f,P_aa5b37a4,Echo,5,2013
2040,538,echo_duplicate_end,206.39,T_798ede5f,P_1346de20,Echo,1,2015
2041,539,echo_duplicate_end,142.16,T_a02bf5e9,P_ba7dcd3b,Echo,1,2016
2042,539,echo_duplicate_end,489.65,T_4408f908,P_7359b808,Echo,2,2018
2053,544,echo_duplicate_end,823.04,T_5568bd9d,P_1014e829,Echo,5,2043
2054,544,echo_duplicate_end,898.29,T_5568bd9d,P_1014e829,Echo,7,2043
2055,544,echo_duplicate_end,532.79,T_5568bd9d,P_f081f9e5,Echo,3,2045
2056,545,echo_duplicate_end,224.94,T_5568bd9d,P_0cd4f2b3,Echo,1,2048
2057,545,echo_duplicate_end,399.24,T_a02bf5e9,P_0cd4f2b3,Echo,2,2051
2058,545,echo_duplicate_end,500.57,T_a02bf5e9,P_0cd4f2b3,Echo,3,2051
2059,547,echo_duplicate_end,188.47,T_a02bf5e9,P_a2e464fc,Echo,1,2053
2060,547,echo_duplicate_end,162.78,T_5568bd9d,P_1014e829,Echo,1,2055
2061,547,echo_duplicate_end,172.89,T_a02bf5e9,P_a2e464fc,Echo,1,2055
2062,547,echo_duplicate_end,291,T_5568bd9d,P_1014e829,Echo,3,2055
2063,547,echo_duplicate_end,397.05,T_5568bd9d,P_1014e829,Echo,5,2055
2064,547,echo_duplicate_end,495.44,T_5568bd9d,P_1014e829,Echo,7,2055
2065,547,echo_duplicate_end,685.17,T_a02bf5e9,P_a2e464fc,Echo,4,2055
2066,547,echo_duplicate_end,742.53,T_5568bd9d,P_1014e829,Echo,9,2055
2067,548,echo_duplicate_end,101.66,T_5568bd9d,P_e3eb7fba,Echo,1,2059
2068,548,echo_duplicate_end,153.84,T_a02bf5e9,P_2bb80c17,Echo,1,2059
2069,548,echo_duplicate_end,224.67,T_5568bd9d,P_e3eb7fba,Echo,2,2059
2070,548,echo_duplicate_end,243.08,T_a02bf5e9,P_2bb80c17,Echo,3,2059
2071,548,echo_duplicate_end,334.32,T_a02bf5e9,P_2bb80c17,Echo,4,2059
2072,548,echo_duplicate_end,353.98,T_5568bd9d,P_e3eb7fba,Echo,3,2059
2073,548,echo_duplicate_end,595.07,T_a02bf5e9,P_2bb80c17,Echo,5,2059
2074,548,echo_duplicate_end,782.61,T_a02bf5e9,P_2bb80c17,Echo,6,2059
2075,548,echo_duplicate_end,889.69,T_a02bf5e9,P_2bb80c17,Echo,7,2059
2076,547,echo_duplicate_end,385.54,T_5568bd9d,P_1014e829,Echo,3,2064
2077,549,echo_duplicate_end,931.55,T_5568bd9d,P_1c20e30b,Echo,5,2066
2078,549,echo_duplicate_end,174.48,T_a02bf5e9,P_5dd2da71,Echo,1,2068
2079,549,echo_duplicate_end,187.68,T_5568bd9d,P_1c20e30b,Echo,1,2068
2080,549,echo_duplicate_end,329.14,T_5568bd9d,P_1c20e30b,Echo,2,2068
2081,549,echo_duplicate_end,336.02,T_a02bf5e9,P_5dd2da71,Echo,2,2068
2082,549,echo_duplicate_end,434.15,T_5568bd9d,P_1c20e30b,Echo,3,2068
2083,549,echo_duplicate_end,483.43,T_a02bf5e9,P_5dd2da71,Echo,4,2068
2084,549,echo_duplicate_end,645.45,T_a02bf5e9,P_5dd2da71,Echo,5,2068
2085,549,echo_duplicate_end,645.86,T_5568bd9d,P_1c20e30b,Echo,4,2068
2086,549,echo_duplicate_end,735.72,T_5568bd9d,P_1c20e30b,Echo,6,2068
2087,549,echo_duplicate_end,830.31,T_a02bf5e9,P_5dd2da71,Echo,6,2068
2088,549,echo_duplicate_end,879.21,T_5568bd9d,P_1c20e30b,Echo,7,2068
2097,551,echo_duplicate_end,341.27,T_a02bf5e9,P_625ea3f1,Echo,2,2072
2101,554,echo_duplicate_end,264.91,T_5568bd9d,P_2dd2b7be,Echo,1,2081
2107,555,echo_duplicate_end,295.24,T_8f736da5,P_12b4839c,Echo,2,2085
2108,555,echo_duplicate_end,518.71,T_8f736da5,P_12b4839c,Echo,3,2085
2109,556,echo_duplicate_end,295.24,T_8f736da5,P_12b4839c,Echo,2,2087
2110,556,echo_duplicate_end,518.71,T_8f736da5,P_12b4839c,Echo,3,2087
2116,556,echo_duplicate_end,821.77,T_8f736da5,P_12b4839c,Echo,4,2091
2125,557,echo_duplicate_end,75.58,T_a02bf5e9,P_0053ec1b,Echo,1,2093
2126,557,echo_duplicate_end,166.89,T_5568bd9d,P_c9a7350c,Echo,1,2093
2127,557,echo_duplicate_end,188.16,T_a02bf5e9,P_0053ec1b,Echo,3,2093
2128,557,echo_duplicate_end,339.85,T_a02bf5e9,P_0053ec1b,Echo,5,2093
2129,557,echo_duplicate_end,403.12,T_5568bd9d,P_c9a7350c,Echo,3,2093
2130,557,echo_duplicate_end,594.63,T_5568bd9d,P_c9a7350c,Echo,5,2093
2131,557,echo_duplicate_end,739.56,T_a02bf5e9,P_c91293fd,Echo,3,2093
2132,557,echo_duplicate_end,740.08,T_5568bd9d,P_c9a7350c,Echo,7,2093
2133,558,echo_duplicate_end,75.58,T_a02bf5e9,P_0053ec1b,Echo,1,2094
2134,558,echo_duplicate_end,166.89,T_5568bd9d,P_c9a7350c,Echo,1,2094
2135,558,echo_duplicate_end,188.16,T_a02bf5e9,P_0053ec1b,Echo,3,2094
2136,558,echo_duplicate_end,339.85,T_a02bf5e9,P_0053ec1b,Echo,5,2094
2137,558,echo_duplicate_end,403.12,T_5568bd9d,P_c9a7350c,Echo,3,2094
2138,558,echo_duplicate_end,594.63,T_5568bd9d,P_c9a7350c,Echo,5,2094
2139,558,echo_duplicate_end,739.56,T_a02bf5e9,P_c91293fd,Echo,3,2094
2140,558,echo_duplicate_end,740.08,T_5568bd9d,P_c9a7350c,Echo,7,2094
2141,562,echo_duplicate_end,533.47,T_a02bf5e9,P_9db011a0,Echo,3,2101
2143,563,echo_duplicate_end,385.54,T_5568bd9d,P_1014e829,Echo,3,2104
2150,566,echo_duplicate_end,107.58,T_a02bf5e9,P_1c20e30b,Echo,1,2117
2151,566,echo_duplicate_end,238.98,T_a02bf5e9,P_1c20e30b,Echo,2,2117
2152,566,echo_duplicate_end,417.94,T_a02bf5e9,P_1c20e30b,Echo,3,2117
2153,566,echo_duplicate_end,610.7,T_a02bf5e9,P_1c20e30b,Echo,4,2117
2154,566,echo_duplicate_end,803.92,T_a02bf5e9,P_1c20e30b,Echo,7,2121
2155,566,echo_duplicate_end,897.34,T_a02bf5e9,P_1c20e30b,Echo,8,2121
2156,567,echo_duplicate_end,107.58,T_a02bf5e9,P_1c20e30b,Echo,1,2123
2157,567,echo_duplicate_end,238.98,T_a02bf5e9,P_1c20e30b,Echo,2,2123
2158,567,echo_duplicate_end,417.94,T_a02bf5e9,P_1c20e30b,Echo,3,2123
2159,567,echo_duplicate_end,610.7,T_a02bf5e9,P_1c20e30b,Echo,4,2123
2160,567,echo_duplicate_end,803.92,T_a02bf5e9,P_1c20e30b,Echo,7,2127
2161,567,echo_duplicate_end,897.34,T_a02bf5e9,P_1c20e30b,Echo,8,2127
2162,568,echo_duplicate_end,134.27,T_a02bf5e9,P_0366ed55,Echo,1,2131
2163,568,echo_duplicate_end,142.86,T_a02bf5e9,P_76ad7a6b,Echo,1,2139
2164,570,echo_duplicate_end,367.71,T_5568bd9d,P_e3eb7fba,Echo,3,2141
2165,570,echo_duplicate_end,493.16,T_5568bd9d,P_e3eb7fba,Echo,4,2141
2166,570,echo_duplicate_end,607.03,T_5568bd9d,P_e3eb7fba,Echo,6,2141
2167,570,echo_duplicate_end,163.43,T_5568bd9d,P_e3eb7fba,Echo,1,2142
2168,571,echo_duplicate_end,181.57,T_a3408080,P_b4041d27,Echo,1,2147
2169,571,echo_duplicate_end,408.09,T_a3408080,P_b4041d27,Echo,3,2147
2170,571,echo_duplicate_end,583.69,T_a3408080,P_b4041d27,Echo,5,2147
2171,571,echo_duplicate_end,425.83,T_468d0ba3,P_9d89507b,Echo,2,2149
2172,571,echo_duplicate_end,625.99,T_468d0ba3,P_9d89507b,Echo,3,2149
2173,573,echo_duplicate_end,559.94,T_f89d2836,P_b960b6b3,Echo,4,2154
2174,573,echo_duplicate_end,717.13,T_f89d2836,P_b960b6b3,Echo,6,2154
2175,573,echo_duplicate_end,894.59,T_f89d2836,P_b960b6b3,Echo,7,2154
2178,574,echo_duplicate_end,125.61,T_a02bf5e9,P_34855716,Echo,1,2160
2179,574,echo_duplicate_end,239.99,T_a02bf5e9,P_34855716,Echo,2,2160
2180,574,echo_duplicate_end,402.31,T_a02bf5e9,P_34855716,Echo,4,2160
2181,574,echo_duplicate_end,428.06,T_5568bd9d,P_1014e829,Echo,3,2160
2182,574,echo_duplicate_end,546.68,T_5568bd9d,P_1014e829,Echo,5,2160
2183,574,echo_duplicate_end,577.03,T_a02bf5e9,P_34855716,Echo,5,2160
2184,574,echo_duplicate_end,659.53,T_5568bd9d,P_1014e829,Echo,7,2160
2185,574,echo_duplicate_end,687.54,T_a02bf5e9,P_34855716,Echo,6,2160
2186,574,echo_duplicate_end,125.61,T_a02bf5e9,P_34855716,Echo,1,2161
2187,574,echo_duplicate_end,239.99,T_a02bf5e9,P_34855716,Echo,2,2161
2188,574,echo_duplicate_end,402.31,T_a02bf5e9,P_34855716,Echo,4,2161
2189,574,echo_duplicate_end,428.06,T_5568bd9d,P_1014e829,Echo,3,2161
2190,574,echo_duplicate_end,546.68,T_5568bd9d,P_1014e829,Echo,5,2161
2191,574,echo_duplicate_end,577.03,T_a02bf5e9,P_34855716,Echo,5,2161
2192,574,echo_duplicate_end,659.53,T_5568bd9d,P_1014e829,Echo,7,2161
2193,574,echo_duplicate_end,687.54,T_a02bf5e9,P_34855716,Echo,6,2161
2194,574,echo_duplicate_end,175.08,T_a02bf5e9,P_34855716,Echo,1,2162
2199,577,echo_duplicate_end,557.7,T_afa0a505,P_08cf900e,Echo,3,2175
2200,577,echo_duplicate_end,695.72,T_afa0a505,P_08cf900e,Echo,5,2175
2201,577,echo_duplicate_end,826.26,T_afa0a505,P_08cf900e,Echo,7,2175
2202,577,echo_duplicate_end,398.56,T_afa0a505,P_08cf900e,Echo,2,2177
2203,577,echo_duplicate_end,496.94,T_afa0a505,P_08cf900e,Echo,4,2177
2204,577,echo_duplicate_end,158.65,T_9132db8b,P_93e02b5c,Echo,1,2178
2205,577,echo_duplicate_end,172.83,T_afa0a505,P_08cf900e,Echo,1,2178
2206,577,echo_duplicate_end,291.97,T_afa0a505,P_08cf900e,Echo,2,2178
2207,577,echo_duplicate_end,400.17,T_9132db8b,P_93e02b5c,Echo,3,2178
2208,577,echo_duplicate_end,554.23,T_9132db8b,P_93e02b5c,Echo,5,2178
2209,577,echo_duplicate_end,631.07,T_9132db8b,P_93e02b5c,Echo,7,2178
2210,578,echo_duplicate_end,125.59,T_5568bd9d,P_e3eb7fba,Echo,1,2181
2211,578,echo_duplicate_end,299.84,T_5568bd9d,P_e3eb7fba,Echo,2,2181
2212,580,echo_duplicate_end,132.46,T_5568bd9d,P_1c20e30b,Echo,1,2187
2213,580,echo_duplicate_end,301.02,T_5568bd9d,P_1c20e30b,Echo,2,2187
2214,580,echo_duplicate_end,515.45,T_5568bd9d,P_1c20e30b,Echo,3,2187
2215,580,echo_duplicate_end,646.98,T_5568bd9d,P_1c20e30b,Echo,4,2187
2216,580,echo_duplicate_end,597.08,T_5568bd9d,P_1c20e30b,Echo,4,2188
2217,580,echo_duplicate_end,720.7,T_5568bd9d,P_1c20e30b,Echo,5,2188
2218,580,echo_duplicate_end,626.53,T_5568bd9d,P_1c20e30b,Echo,5,2190
2219,580,echo_duplicate_end,213.12,T_5568bd9d,P_1c20e30b,Echo,1,2191
2220,580,echo_duplicate_end,341.52,T_5568bd9d,P_1c20e30b,Echo,3,2191
2221,580,echo_duplicate_end,470.9,T_5568bd9d,P_1c20e30b,Echo,5,2191
2222,580,echo_duplicate_end,578.28,T_5568bd9d,P_1c20e30b,Echo,6,2191
2223,580,echo_duplicate_end,761.63,T_5568bd9d,P_1c20e30b,Echo,7,2191
2224,580,echo_duplicate_end,869.64,T_5568bd9d,P_1c20e30b,Echo,8,2191
2225,581,echo_duplicate_end,121.88,T_3e0bb6bb,P_967915b3,Echo,1,2194
2226,581,echo_duplicate_end,367.74,T_3e0bb6bb,P_967915b3,Echo,2,2194
2227,581,echo_duplicate_end,232.93,T_3e0bb6bb,P_4edb8cf6,Echo,1,2195
2228,581,echo_duplicate_end,598.55,T_e850f535,P_e6965a05,Echo,3,2195
2229,581,echo_duplicate_end,610.75,T_3e0bb6bb,P_4edb8cf6,Echo,2,2195
2230,582,echo_duplicate_end,170.31,T_5568bd9d,P_1c20e30b,Echo,1,2197
2231,582,echo_duplicate_end,269.12,T_5568bd9d,P_1c20e30b,Echo,3,2197
2232,582,echo_duplicate_end,395.54,T_5568bd9d,P_1c20e30b,Echo,5,2197
2233,582,echo_duplicate_end,531.94,T_5568bd9d,P_1c20e30b,Echo,6,2197
2234,582,echo_duplicate_end,633.53,T_5568bd9d,P_1c20e30b,Echo,8,2197
2235,582,echo_duplicate_end,763.39,T_5568bd9d,P_1c20e30b,Echo,9,2197
2236,582,echo_duplicate_end,885.85,T_5568bd9d,P_1c20e30b,Echo,10,2197
2237,582,echo_duplicate_end,159.4,T_5568bd9d,P_1c20e30b,Echo,1,2198
2238,582,echo_duplicate_end,351.65,T_5568bd9d,P_1c20e30b,Echo,3,2198
2239,582,echo_duplicate_end,522.12,T_5568bd9d,P_1c20e30b,Echo,5,2198
2240,582,echo_duplicate_end,634.26,T_5568bd9d,P_1c20e30b,Echo,7,2198
2241,582,echo_duplicate_end,144.19,T_5568bd9d,P_1c20e30b,Echo,1,2199
2242,582,echo_duplicate_end,237.56,T_5568bd9d,P_1c20e30b,Echo,2,2199
2243,582,echo_duplicate_end,435.43,T_5568bd9d,P_1c20e30b,Echo,3,2199
2244,582,echo_duplicate_end,541.64,T_5568bd9d,P_1c20e30b,Echo,5,2199
2245,582,echo_duplicate_end,155.22,T_a02bf5e9,P_1bd0d01d,Echo,1,2200
2246,582,echo_duplicate_end,190.13,T_5568bd9d,P_1c20e30b,Echo,1,2200
2247,582,echo_duplicate_end,311.99,T_a02bf5e9,P_1bd0d01d,Echo,2,2200
2248,582,echo_duplicate_end,347.83,T_5568bd9d,P_1c20e30b,Echo,2,2200
2249,582,echo_duplicate_end,494.88,T_5568bd9d,P_1c20e30b,Echo,3,2200
2250,582,echo_duplicate_end,509.29,T_a02bf5e9,P_1bd0d01d,Echo,3,2200
2251,582,echo_duplicate_end,128.87,T_5568bd9d,P_1c20e30b,Echo,1,2201
2252,582,echo_duplicate_end,257.92,T_5568bd9d,P_1c20e30b,Echo,2,2201
2253,582,echo_duplicate_end,377.93,T_5568bd9d,P_1c20e30b,Echo,3,2201
2254,582,echo_duplicate_end,508.06,T_5568bd9d,P_1c20e30b,Echo,3,2201
2255,582,echo_duplicate_end,658.65,T_5568bd9d,P_1c20e30b,Echo,4,2201
2256,582,echo_duplicate_end,820.13,T_5568bd9d,P_1c20e30b,Echo,6,2201
2257,582,echo_duplicate_end,959.61,T_5568bd9d,P_1c20e30b,Echo,6,2201
2258,582,echo_duplicate_end,1001.06,T_a02bf5e9,P_1bd0d01d,Echo,6,2201
2264,585,echo_duplicate_end,152.74,T_9af352bb,P_bd70d7c7,Эхо,1,2204
2265,585,echo_duplicate_end,393.39,T_9af352bb,P_bd70d7c7,Эхо,2,2204
2266,586,echo_duplicate_end,152.74,T_9af352bb,P_bd70d7c7,Эхо,1,2205
2267,586,echo_duplicate_end,393.39,T_9af352bb,P_bd70d7c7,Эхо,2,2205
2268,587,echo_duplicate_end,152.74,T_9af352bb,P_bd70d7c7,Эхо,1,2206
2269,587,echo_duplicate_end,393.39,T_9af352bb,P_bd70d7c7,Эхо,2,2206
2301,533,echo_duplicate_end,86.91,T_6f1da461,P_3899b296,Echo,1,2244
2302,533,echo_duplicate_end,97.98,T_7626c8fd,P_427df1b8,Echo,1,2244
2303,533,echo_duplicate_end,257.8,T_6f1da461,P_3899b296,Echo,2,2244
2304,533,echo_duplicate_end,326.86,T_7626c8fd,P_427df1b8,Echo,2,2244
2305,533,echo_duplicate_end,400.81,T_6f1da461,P_3899b296,Echo,3,2244
2306,533,echo_duplicate_end,576.36,T_7626c8fd,P_427df1b8,Echo,4,2244
2307,533,echo_duplicate_end,131.98,T_6f1da461,P_3899b296,Echo,1,2245
2308,533,echo_duplicate_end,250.89,T_6f1da461,P_3899b296,Echo,3,2245
2309,607,echo_duplicate_end,665.58,T_78387d52,P_47fd153b,Echo,4,2246
2310,608,echo_duplicate_end,131.98,T_6f1da461,P_3899b296,Echo,1,2250
2311,608,echo_duplicate_end,250.89,T_6f1da461,P_3899b296,Echo,3,2250
2312,608,echo_duplicate_end,86.91,T_6f1da461,P_3899b296,Echo,1,2252
2313,608,echo_duplicate_end,97.98,T_7626c8fd,P_427df1b8,Echo,1,2252
2314,608,echo_duplicate_end,257.8,T_6f1da461,P_3899b296,Echo,2,2252
2315,608,echo_duplicate_end,326.86,T_7626c8fd,P_427df1b8,Echo,2,2252
2316,608,echo_duplicate_end,400.81,T_6f1da461,P_3899b296,Echo,3,2252
2317,608,echo_duplicate_end,576.36,T_7626c8fd,P_427df1b8,Echo,4,2252
2318,609,echo_duplicate_end,140.48,T_a02bf5e9,P_98513322,Echo,1,2257
2319,609,echo_duplicate_end,153.73,T_5568bd9d,P_e3eb7fba,Echo,1,2257
2320,609,echo_duplicate_end,299.29,T_a02bf5e9,P_98513322,Echo,2,2257
2321,609,echo_duplicate_end,357.41,T_5568bd9d,P_e3eb7fba,Echo,2,2257
2322,609,echo_duplicate_end,565.35,T_a02bf5e9,P_98513322,Echo,3,2257
2323,609,echo_duplicate_end,624.82,T_5568bd9d,P_e3eb7fba,Echo,4,2257
2324,609,echo_duplicate_end,746.05,T_a02bf5e9,P_98513322,Echo,5,2257
2325,609,echo_duplicate_end,754.33,T_5568bd9d,P_e3eb7fba,Echo,6,2257
2326,609,echo_duplicate_end,876.6,T_5568bd9d,P_e3eb7fba,Echo,8,2257
2327,609,echo_duplicate_end,880.87,T_a02bf5e9,P_98513322,Echo,7,2257
2328,609,echo_duplicate_end,119.48,T_a02bf5e9,P_98513322,Echo,1,2258
2329,609,echo_duplicate_end,222.27,T_a02bf5e9,P_98513322,Echo,3,2258
2330,609,echo_duplicate_end,319.69,T_a02bf5e9,P_98513322,Echo,4,2258
2331,609,echo_duplicate_end,796.81,T_5568bd9d,P_e3eb7fba,Echo,4,2258
2334,613,echo_duplicate_end,142.56,T_5568bd9d,P_7359b808,Echo,1,2272
2335,613,echo_duplicate_end,404.36,T_5568bd9d,P_7359b808,Echo,3,2272
2336,613,echo_duplicate_end,558.75,T_5568bd9d,P_7359b808,Echo,4,2272
2337,613,echo_duplicate_end,148.39,T_5568bd9d,P_7359b808,Echo,1,2274
2338,613,echo_duplicate_end,868.54,T_5568bd9d,P_7359b808,Echo,3,2274
2339,613,echo_duplicate_end,146.05,T_a02bf5e9,P_32dec0b1,Echo,1,2276
2340,613,echo_duplicate_end,229.55,T_a02bf5e9,P_32dec0b1,Echo,2,2276
2341,615,echo_duplicate_end,443.2,T_5568bd9d,P_1c20e30b,Echo,3,2277
2342,615,echo_duplicate_end,549.03,T_5568bd9d,P_1c20e30b,Echo,5,2277
2343,615,echo_duplicate_end,579.18,T_a02bf5e9,P_88c53b4d,Echo,2,2278
2344,615,echo_duplicate_end,580.15,T_5568bd9d,P_1c20e30b,Echo,4,2278
2345,615,echo_duplicate_end,671.81,T_5568bd9d,P_1c20e30b,Echo,5,2278
2346,615,echo_duplicate_end,811.22,T_5568bd9d,P_1c20e30b,Echo,7,2278
2347,615,echo_duplicate_end,850.05,T_a02bf5e9,P_88c53b4d,Echo,4,2278
2348,615,echo_duplicate_end,155.27,T_5568bd9d,P_1c20e30b,Echo,1,2279
2349,615,echo_duplicate_end,375.92,T_5568bd9d,P_1c20e30b,Echo,3,2279
2350,615,echo_duplicate_end,130.62,T_5568bd9d,P_1c20e30b,Echo,1,2282
2351,615,echo_duplicate_end,207.56,T_5568bd9d,P_1c20e30b,Echo,2,2282
2352,615,echo_duplicate_end,316.25,T_5568bd9d,P_1c20e30b,Echo,4,2282
2353,615,echo_duplicate_end,467.82,T_5568bd9d,P_1c20e30b,Echo,6,2282
2354,615,echo_duplicate_end,575.78,T_a02bf5e9,P_88c53b4d,Echo,3,2282
2355,615,echo_duplicate_end,601.93,T_5568bd9d,P_1c20e30b,Echo,7,2282
2356,615,echo_duplicate_end,813.7,T_a02bf5e9,P_88c53b4d,Echo,4,2282
2357,615,echo_duplicate_end,938.59,T_a02bf5e9,P_88c53b4d,Echo,5,2282
2365,617,echo_duplicate_end,577.78,T_5568bd9d,P_e3eb7fba,Echo,3,2294
2366,617,echo_duplicate_end,725.38,T_5568bd9d,P_e3eb7fba,Echo,4,2294
2367,619,echo_duplicate_end,194.48,T_38191f4e,P_88ae0449,Echo,1,2303
2368,619,echo_duplicate_end,195.67,T_e5823043,P_56eff175,Echo,1,2303
2369,619,echo_duplicate_end,360.68,T_e5823043,P_56eff175,Echo,3,2303
2370,619,echo_duplicate_end,395.91,T_38191f4e,P_88ae0449,Echo,2,2303
2371,619,echo_duplicate_end,119.64,T_e5823043,P_633a3d61,Echo,1,2306
2372,619,echo_duplicate_end,315.63,T_e5823043,P_633a3d61,Echo,2,2306
2373,619,echo_duplicate_end,771.26,T_e5823043,P_633a3d61,Echo,4,2306
2374,619,echo_duplicate_end,737.11,T_e5823043,P_633a3d61,Echo,3,2307
2375,619,echo_duplicate_end,785.53,T_38191f4e,P_88ae0449,Echo,3,2307
2376,619,echo_duplicate_end,920.19,T_e5823043,P_633a3d61,Echo,5,2307
2377,619,echo_duplicate_end,88.01,T_e5823043,P_633a3d61,Echo,1,2308
2378,619,echo_duplicate_end,247.05,T_38191f4e,P_62304973,Echo,1,2308
2379,619,echo_duplicate_end,285.61,T_e5823043,P_633a3d61,Echo,3,2308
2380,619,echo_duplicate_end,449.83,T_e5823043,P_633a3d61,Echo,4,2308
2381,619,echo_duplicate_end,534.4,T_38191f4e,P_88ae0449,Echo,3,2308
2382,619,echo_duplicate_end,587.33,T_e5823043,P_633a3d61,Echo,5,2308
2383,619,echo_duplicate_end,791.49,T_e5823043,P_633a3d61,Echo,7,2308
2384,619,echo_duplicate_end,899.91,T_e5823043,P_633a3d61,Echo,9,2308
2385,619,echo_duplicate_end,206.89,T_e5823043,P_633a3d61,Echo,1,2309
2386,619,echo_duplicate_end,378.88,T_e5823043,P_633a3d61,Echo,3,2309
2387,619,echo_duplicate_end,482.44,T_e5823043,P_633a3d61,Echo,4,2309
2388,619,echo_duplicate_end,597.31,T_e5823043,P_633a3d61,Echo,5,2309
2390,622,echo_duplicate_end,265.72,T_f65c9ba1,P_770838d3,Echo,1,2322
2391,622,echo_duplicate_end,414.53,T_f65c9ba1,P_770838d3,Echo,2,2322
2392,620,echo_duplicate_end,176.46,T_a02bf5e9,P_37f857a2,Echo,1,2330
2393,620,echo_duplicate_end,265.54,T_a02bf5e9,P_37f857a2,Echo,2,2330
2394,623,echo_duplicate_end,208.28,T_a02bf5e9,P_3b9c90d2,Echo,1,2333
2434,631,echo_duplicate_end,672.75,T_1e658c0a,P_c1914bd3,Echo,4,2382
2441,631,echo_duplicate_end,422.54,T_5568bd9d,P_41a9d104,Echo,2,2387
2442,631,echo_duplicate_end,577.49,T_5568bd9d,P_41a9d104,Echo,3,2387
2443,631,echo_duplicate_end,422.54,T_5568bd9d,P_41a9d104,Echo,2,2388
2444,631,echo_duplicate_end,577.49,T_5568bd9d,P_41a9d104,Echo,3,2388
2445,632,echo_duplicate_end,149.55,T_b92f091c,P_1c20e30b,Echo,1,2389
2446,632,echo_duplicate_end,212.83,T_3a99a4eb,P_6852c6f8,Echo,1,2389
2447,632,echo_duplicate_end,404.85,T_3a99a4eb,P_6852c6f8,Echo,3,2389
2448,632,echo_duplicate_end,422.92,T_b92f091c,P_1c20e30b,Echo,2,2389
2449,632,echo_duplicate_end,551.17,T_3a99a4eb,P_6852c6f8,Echo,4,2389
2450,632,echo_duplicate_end,689.19,T_3a99a4eb,P_6852c6f8,Echo,5,2389
2451,632,echo_duplicate_end,719.63,T_b92f091c,P_1c20e30b,Echo,5,2389
2452,632,echo_duplicate_end,797.44,T_3a99a4eb,P_6852c6f8,Echo,6,2389
2453,632,echo_duplicate_end,137.9,T_b92f091c,P_1c20e30b,Echo,1,2390
2454,632,echo_duplicate_end,224.38,T_3a99a4eb,P_6852c6f8,Echo,1,2390
2455,632,echo_duplicate_end,463.99,T_b92f091c,P_1c20e30b,Echo,3,2390
2456,632,echo_duplicate_end,134.62,T_b92f091c,P_1c20e30b,Echo,1,2391
2457,632,echo_duplicate_end,243.27,T_b92f091c,P_1c20e30b,Echo,2,2391
2458,632,echo_duplicate_end,442.29,T_b92f091c,P_1c20e30b,Echo,3,2391
2459,632,echo_duplicate_end,634.44,T_b92f091c,P_1c20e30b,Echo,5,2391
2460,632,echo_duplicate_end,414.86,T_b92f091c,P_1c20e30b,Echo,3,2394
2461,641,echo_duplicate_end,266.54,T_38191f4e,P_88ae0449,Echo,1,2402
2462,641,echo_duplicate_end,270.7,T_b5608b55,P_94a841fb,Echo,1,2402
2463,641,echo_duplicate_end,581.88,T_b5608b55,P_94a841fb,Echo,2,2402
2464,641,echo_duplicate_end,585.32,T_38191f4e,P_88ae0449,Echo,3,2402
2465,641,echo_duplicate_end,785.8,T_b5608b55,P_94a841fb,Echo,3,2402
2466,641,echo_duplicate_end,793.32,T_38191f4e,P_88ae0449,Echo,5,2402
2467,641,echo_duplicate_end,912.37,T_b5608b55,P_94a841fb,Echo,5,2402
2468,641,echo_duplicate_end,266.54,T_38191f4e,P_88ae0449,Echo,1,2404
2469,641,echo_duplicate_end,270.7,T_b5608b55,P_94a841fb,Echo,1,2404
2470,641,echo_duplicate_end,581.88,T_b5608b55,P_94a841fb,Echo,2,2404
2471,641,echo_duplicate_end,585.32,T_38191f4e,P_88ae0449,Echo,3,2404
2472,641,echo_duplicate_end,785.8,T_b5608b55,P_94a841fb,Echo,3,2404
2473,641,echo_duplicate_end,793.32,T_38191f4e,P_88ae0449,Echo,5,2404
2474,641,echo_duplicate_end,912.37,T_b5608b55,P_94a841fb,Echo,5,2404
2477,641,echo_duplicate_end,266.54,T_38191f4e,P_88ae0449,Echo,1,2408
2478,641,echo_duplicate_end,270.7,T_b5608b55,P_94a841fb,Echo,1,2408
2479,641,echo_duplicate_end,581.88,T_b5608b55,P_94a841fb,Echo,2,2408
2480,641,echo_duplicate_end,585.32,T_38191f4e,P_88ae0449,Echo,3,2408
2481,641,echo_duplicate_end,785.8,T_b5608b55,P_94a841fb,Echo,3,2408
2482,641,echo_duplicate_end,793.32,T_38191f4e,P_88ae0449,Echo,5,2408
2483,641,echo_duplicate_end,912.37,T_b5608b55,P_94a841fb,Echo,5,2408
2484,641,echo_duplicate_end,266.54,T_38191f4e,P_88ae0449,Echo,1,2409
2485,641,echo_duplicate_end,270.7,T_b5608b55,P_94a841fb,Echo,1,2409
2486,641,echo_duplicate_end,581.88,T_b5608b55,P_94a841fb,Echo,2,2409
2487,641,echo_duplicate_end,585.32,T_38191f4e,P_88ae0449,Echo,3,2409
2488,641,echo_duplicate_end,785.8,T_b5608b55,P_94a841fb,Echo,3,2409
2489,641,echo_duplicate_end,793.32,T_38191f4e,P_88ae0449,Echo,5,2409
2490,641,echo_duplicate_end,912.37,T_b5608b55,P_94a841fb,Echo,5,2409
2491,642,echo_duplicate_end,613.38,T_a55c988b,P_b0f86cbf,Echo,3,2410
2493,642,echo_duplicate_end,444.63,T_a55c988b,P_0a99162b,Echo,3,2415
2495,647,echo_duplicate_end,559.76,T_a02bf5e9,P_2f610860,Echo,3,2441
2496,647,echo_duplicate_end,648.54,T_5568bd9d,P_b960b6b3,Echo,3,2441
2497,648,echo_duplicate_end,559.76,T_a02bf5e9,P_2f610860,Echo,3,2442
2498,648,echo_duplicate_end,648.54,T_5568bd9d,P_b960b6b3,Echo,3,2442
2499,649,echo_duplicate_end,559.76,T_a02bf5e9,P_2f610860,Echo,3,2443
2500,649,echo_duplicate_end,648.54,T_5568bd9d,P_b960b6b3,Echo,3,2443
2501,650,echo_duplicate_end,559.76,T_a02bf5e9,P_2f610860,Echo,3,2444
2502,650,echo_duplicate_end,648.54,T_5568bd9d,P_b960b6b3,Echo,3,2444
2503,654,echo_duplicate_end,321.77,T_a55c988b,P_b0f86cbf,Echo,1,2462
2504,655,echo_duplicate_end,503.31,T_0cac1da9,P_427df1b8,Echo,4,2466
2505,656,echo_duplicate_end,461.8,T_014a95e2,P_9a9ee5c0,Echo,2,2472
2506,656,echo_duplicate_end,203.78,T_0cac1da9,P_427df1b8,Echo,1,2475
2507,656,echo_duplicate_end,357.08,T_0cac1da9,P_427df1b8,Echo,3,2475
2508,656,echo_duplicate_end,513.7,T_0cac1da9,P_427df1b8,Echo,5,2475
2509,656,echo_duplicate_end,930.94,T_014a95e2,P_9a9ee5c0,Echo,6,2475
2510,658,echo_duplicate_end,498.78,T_5568bd9d,P_b960b6b3,Echo,3,2478
2511,658,echo_duplicate_end,704.66,T_5568bd9d,P_b960b6b3,Echo,4,2478
2520,659,echo_duplicate_end,101.16,T_a02bf5e9,P_dd4ae6c2,Echo,1,2485
2521,659,echo_duplicate_end,222.4,T_a02bf5e9,P_dd4ae6c2,Echo,2,2485
2522,659,echo_duplicate_end,422.65,T_a02bf5e9,P_dd4ae6c2,Echo,4,2485
2523,659,echo_duplicate_end,555.94,T_a02bf5e9,P_dd4ae6c2,Echo,5,2485
2524,659,echo_duplicate_end,733.33,T_a02bf5e9,P_dd4ae6c2,Echo,7,2485
2534,659,echo_duplicate_end,147.11,T_a02bf5e9,P_dd4ae6c2,Echo,1,2489
2535,659,echo_duplicate_end,626.54,T_a02bf5e9,P_dd4ae6c2,Echo,4,2489
2536,660,echo_duplicate_end,697.63,T_5568bd9d,P_1c20e30b,Echo,4,2492
2537,660,echo_duplicate_end,175.34,T_a02bf5e9,P_6a958942,Echo,1,2493
2538,660,echo_duplicate_end,314.26,T_a02bf5e9,P_6a958942,Echo,2,2493
2539,660,echo_duplicate_end,171.11,T_5568bd9d,P_1c20e30b,Echo,1,2494
2540,660,echo_duplicate_end,295.51,T_5568bd9d,P_1c20e30b,Echo,3,2494
2541,660,echo_duplicate_end,407.59,T_5568bd9d,P_1c20e30b,Echo,5,2494
2542,660,echo_duplicate_end,523.29,T_5568bd9d,P_1c20e30b,Echo,7,2494
2543,660,echo_duplicate_end,642.01,T_5568bd9d,P_1c20e30b,Echo,9,2494
2544,660,echo_duplicate_end,790.25,T_5568bd9d,P_1c20e30b,Echo,11,2494
2551,661,echo_duplicate_end,650.36,T_5568bd9d,P_7359b808,Echo,4,2498
2552,661,echo_duplicate_end,783.34,T_5568bd9d,P_7359b808,Echo,5,2498
2590,664,echo_duplicate_end,117.5,T_c4f376eb,P_f7ca4330,Echo,1,2515
2591,664,echo_duplicate_end,284.9,T_c4f376eb,P_f7ca4330,Echo,3,2515
2592,664,echo_duplicate_end,444.03,T_c4f376eb,P_f7ca4330,Echo,5,2515
2593,664,echo_duplicate_end,117.5,T_c4f376eb,P_f7ca4330,Echo,1,2516
2594,664,echo_duplicate_end,284.9,T_c4f376eb,P_f7ca4330,Echo,3,2516
2595,664,echo_duplicate_end,444.03,T_c4f376eb,P_f7ca4330,Echo,5,2516
2596,664,echo_duplicate_end,159.43,T_c4f376eb,P_f7ca4330,Echo,1,2517
2597,664,echo_duplicate_end,295.19,T_c4f376eb,P_f7ca4330,Echo,3,2517
2598,664,echo_duplicate_end,447.12,T_c4f376eb,P_f7ca4330,Echo,4,2517
2599,664,echo_duplicate_end,607.54,T_c4f376eb,P_f7ca4330,Echo,6,2517
2600,664,echo_duplicate_end,192.21,T_c4f376eb,P_f7ca4330,Echo,1,2519
2601,664,echo_duplicate_end,396.31,T_c4f376eb,P_f7ca4330,Echo,3,2519
2602,664,echo_duplicate_end,523.83,T_c4f376eb,P_f7ca4330,Echo,5,2519
2612,666,echo_duplicate_end,213.8,T_a02bf5e9,P_bed17dce,Echo,1,2530
2613,666,echo_duplicate_end,430.46,T_a02bf5e9,P_bed17dce,Echo,2,2530
2614,666,echo_duplicate_end,134.57,T_a02bf5e9,P_bed17dce,Echo,1,2531
2615,666,echo_duplicate_end,191.52,T_a02bf5e9,P_c0770e17,Echo,1,2532
2629,670,echo_duplicate_end,114.75,T_fb0b0a39,P_41a9d104,Echo,1,2545
2630,670,echo_duplicate_end,184.94,T_a02bf5e9,P_c9e8fbf3,Echo,1,2545
2631,670,echo_duplicate_end,243.37,T_fb0b0a39,P_41a9d104,Echo,3,2545
2633,671,echo_duplicate_end,230.05,T_e9f0147c,P_e5a8377e,Echo,1,2549
2634,671,echo_duplicate_end,333.19,T_e9f0147c,P_e5a8377e,Echo,2,2549
2635,671,echo_duplicate_end,595.05,T_e9f0147c,P_e5a8377e,Echo,3,2549
2639,672,echo_duplicate_end,699.87,T_5568bd9d,P_6a0da7aa,Echo,3,2552
2640,672,echo_duplicate_end,418.75,T_5568bd9d,P_6a0da7aa,Echo,2,2553
2641,672,echo_duplicate_end,425.58,T_a02bf5e9,P_5c093ed5,Echo,2,2553
2642,672,echo_duplicate_end,527.71,T_5568bd9d,P_6a0da7aa,Echo,3,2553
2643,672,echo_duplicate_end,639.26,T_5568bd9d,P_1fd3a632,Echo,4,2554
2644,672,echo_duplicate_end,818.76,T_5568bd9d,P_1fd3a632,Echo,5,2554
2645,672,echo_duplicate_end,383.9,T_5568bd9d,P_6a0da7aa,Echo,2,2556
2646,672,echo_duplicate_end,522.45,T_5568bd9d,P_6a0da7aa,Echo,4,2556
2647,672,echo_duplicate_end,708.35,T_5568bd9d,P_6a0da7aa,Echo,5,2556
2648,672,echo_duplicate_end,714.32,T_a02bf5e9,P_9b863d63,Echo,3,2556
2649,672,echo_duplicate_end,847.54,T_5568bd9d,P_6a0da7aa,Echo,6,2556
2650,672,echo_duplicate_end,892.54,T_a02bf5e9,P_9b863d63,Echo,5,2556
2651,672,echo_duplicate_end,987.16,T_5568bd9d,P_6a0da7aa,Echo,7,2556
2652,672,echo_duplicate_end,189.81,T_a02bf5e9,P_9b863d63,Echo,1,2557
2653,672,echo_duplicate_end,339.67,T_a02bf5e9,P_9b863d63,Echo,3,2557
2654,672,echo_duplicate_end,908.69,T_5568bd9d,P_6a0da7aa,Echo,5,2557
2665,672,echo_duplicate_end,397.83,T_5568bd9d,P_6a0da7aa,Echo,2,2566
2666,672,echo_duplicate_end,255.69,T_5568bd9d,P_6a0da7aa,Echo,1,2567
2667,672,echo_duplicate_end,490.51,T_5568bd9d,P_6a0da7aa,Echo,3,2567
2668,672,echo_duplicate_end,136.85,T_5568bd9d,P_6a0da7aa,Echo,1,2574
2669,672,echo_duplicate_end,303.1,T_5568bd9d,P_6a0da7aa,Echo,2,2574
2670,672,echo_duplicate_end,567.83,T_5568bd9d,P_6a0da7aa,Echo,3,2574
2671,672,echo_duplicate_end,711.31,T_5568bd9d,P_6a0da7aa,Echo,5,2574
2672,672,echo_duplicate_end,847.58,T_5568bd9d,P_6a0da7aa,Echo,6,2574
2673,672,echo_duplicate_end,668.6,T_5568bd9d,P_6a0da7aa,Echo,4,2576
2674,672,echo_duplicate_end,797.94,T_5568bd9d,P_6a0da7aa,Echo,6,2576
2675,672,echo_duplicate_end,771.8,T_a02bf5e9,P_234d8104,Echo,2,2577
2676,672,echo_duplicate_end,430.79,T_a02bf5e9,P_234d8104,Echo,2,2579
2677,672,echo_duplicate_end,650.47,T_a02bf5e9,P_234d8104,Echo,3,2579
2678,672,echo_duplicate_end,776.99,T_a02bf5e9,P_234d8104,Echo,4,2579
2679,672,echo_duplicate_end,494.57,T_5568bd9d,P_6a0da7aa,Echo,2,2582
2680,672,echo_duplicate_end,174.46,T_5568bd9d,P_1fd3a632,Echo,1,2586
2681,672,echo_duplicate_end,340.94,T_5568bd9d,P_1fd3a632,Echo,3,2586
2682,672,echo_duplicate_end,508.13,T_5568bd9d,P_1fd3a632,Echo,2,2587
2683,672,echo_duplicate_end,190.87,T_5568bd9d,P_1fd3a632,Echo,1,2589
2684,673,echo_duplicate_end,332.04,T_5568bd9d,P_1fd3a632,Echo,2,2590
2685,673,echo_duplicate_end,435.97,T_5568bd9d,P_1fd3a632,Echo,3,2590
2686,673,echo_duplicate_end,697.81,T_5568bd9d,P_1fd3a632,Echo,4,2590
2687,674,echo_duplicate_end,332.04,T_5568bd9d,P_1fd3a632,Echo,2,2591
2688,674,echo_duplicate_end,435.97,T_5568bd9d,P_1fd3a632,Echo,3,2591
2689,674,echo_duplicate_end,697.81,T_5568bd9d,P_1fd3a632,Echo,4,2591
2693,675,echo_duplicate_end,189.62,T_a02bf5e9,P_a4b4323c,Echo,1,2593
2694,675,echo_duplicate_end,330.09,T_a02bf5e9,P_a4b4323c,Echo,2,2593
2695,675,echo_duplicate_end,435.25,T_a02bf5e9,P_a4b4323c,Echo,3,2593
2696,675,echo_duplicate_end,578.19,T_5568bd9d,P_1fd3a632,Echo,3,2593
2697,675,echo_duplicate_end,711.92,T_5568bd9d,P_1fd3a632,Echo,4,2593
2698,675,echo_duplicate_end,119.45,T_5568bd9d,P_1fd3a632,Echo,1,2605
2699,675,echo_duplicate_end,272.51,T_5568bd9d,P_1fd3a632,Echo,2,2605
2700,682,echo_duplicate_end,168.41,T_f89d2836,P_b960b6b3,Echo,1,2618
2701,682,echo_duplicate_end,168.41,T_b5684955,P_cbde6f6c,Echo,1,2618
2702,682,echo_duplicate_end,548.6,T_f89d2836,P_b960b6b3,Echo,3,2618
2703,682,echo_duplicate_end,641.62,T_f89d2836,P_b960b6b3,Echo,4,2618
2707,683,echo_duplicate_end,690.55,T_5568bd9d,P_49c85640,Echo,4,2625
2709,684,echo_duplicate_end,626.79,T_5568bd9d,P_427df1b8,Echo,3,2630
2710,684,echo_duplicate_end,81.61,T_0cac1da9,P_427df1b8,Echo,1,2634
2711,684,echo_duplicate_end,199.8,T_0cac1da9,P_427df1b8,Echo,3,2634
2712,682,echo_duplicate_end,139.01,T_f89d2836,P_c8bf1ef6,Echo,1,2638
2713,682,echo_duplicate_end,268.55,T_f89d2836,P_c8bf1ef6,Echo,3,2638
2714,682,echo_duplicate_end,139.01,T_f89d2836,P_c8bf1ef6,Echo,1,2639
2715,682,echo_duplicate_end,268.55,T_f89d2836,P_c8bf1ef6,Echo,3,2639
2716,682,echo_duplicate_end,139.01,T_f89d2836,P_c8bf1ef6,Echo,1,2640
2717,682,echo_duplicate_end,268.55,T_f89d2836,P_c8bf1ef6,Echo,3,2640
2718,682,echo_duplicate_end,139.01,T_f89d2836,P_c8bf1ef6,Echo,1,2641
2719,682,echo_duplicate_end,268.55,T_f89d2836,P_c8bf1ef6,Echo,3,2641
2720,685,echo_duplicate_end,246.2,T_fffd4f85,P_70cc6088,Echo,1,2643
2721,685,echo_duplicate_end,367.96,T_f89d2836,P_c8bf1ef6,Echo,3,2643
2722,685,echo_duplicate_end,499.58,T_f89d2836,P_c8bf1ef6,Echo,4,2643
2723,685,echo_duplicate_end,586.19,T_f89d2836,P_c8bf1ef6,Echo,5,2643
2724,685,echo_duplicate_end,234.24,T_fffd4f85,P_3d09867e,Echo,1,2644
2725,685,echo_duplicate_end,381.4,T_fffd4f85,P_3d09867e,Echo,2,2644
2726,685,echo_duplicate_end,662.04,T_fffd4f85,P_3d09867e,Echo,3,2644
2727,690,echo_duplicate_end,196.02,T_a02bf5e9,P_17d38030,Echo,1,2659
2728,690,echo_duplicate_end,386.43,T_a02bf5e9,P_17d38030,Echo,3,2659
2735,691,echo_duplicate_end,220.38,T_a02bf5e9,P_5dd2da71,Echo,1,2667
2736,691,echo_duplicate_end,403.51,T_5568bd9d,P_e3eb7fba,Echo,2,2667
2737,691,echo_duplicate_end,521.3,T_5568bd9d,P_e3eb7fba,Echo,3,2667
2738,691,echo_duplicate_end,525.9,T_a02bf5e9,P_5dd2da71,Echo,2,2667
2739,692,echo_duplicate_end,0,T_a02bf5e9,P_4aa2e961,Echo,1,2671
2740,692,echo_duplicate_end,0,T_5568bd9d,P_41fdedc3,Echo,1,2671
2741,692,echo_duplicate_end,0,T_a02bf5e9,P_4aa2e961,Echo,3,2671
2742,692,echo_duplicate_end,0,T_a02bf5e9,P_4aa2e961,Echo,5,2671
2743,692,echo_duplicate_end,0,T_a02bf5e9,P_4aa2e961,Echo,7,2671
2744,693,echo_duplicate_end,89.95,T_b44d806b,P_100c361c,Echo,1,2674
2745,693,echo_duplicate_end,227.12,T_b44d806b,P_100c361c,Echo,3,2674
2746,693,echo_duplicate_end,332.06,T_b44d806b,P_100c361c,Echo,5,2674
2747,693,echo_duplicate_end,434.23,T_b44d806b,P_100c361c,Echo,6,2674
2748,693,echo_duplicate_end,189.33,T_a3408080,P_5d6da981,Echo,1,2676
2749,695,echo_duplicate_end,306.85,T_679440c9,P_9af499d1,Echo,1,2687
2750,695,echo_duplicate_end,366.91,T_f89d2836,P_3e7d79d1,Echo,2,2687
2751,695,echo_duplicate_end,576.09,T_679440c9,P_9af499d1,Echo,3,2690
2752,695,echo_duplicate_end,486.9,T_f89d2836,P_3e7d79d1,Echo,3,2691
2753,695,echo_duplicate_end,486.9,T_f89d2836,P_3e7d79d1,Echo,3,2692
2754,696,echo_duplicate_end,121.27,T_a02bf5e9,P_1f8dd631,Echo,1,2695
2755,696,echo_duplicate_end,306.47,T_a02bf5e9,P_1f8dd631,Echo,2,2695
2756,696,echo_duplicate_end,409.96,T_a02bf5e9,P_1f8dd631,Echo,3,2695
2760,697,echo_duplicate_end,124.27,T_5568bd9d,P_1c20e30b,Echo,1,2703
2761,697,echo_duplicate_end,230.58,T_5568bd9d,P_1c20e30b,Echo,3,2703
2762,697,echo_duplicate_end,408.57,T_5568bd9d,P_1c20e30b,Echo,5,2703
2763,697,echo_duplicate_end,572.36,T_5568bd9d,P_1c20e30b,Echo,6,2703
2764,697,echo_duplicate_end,124.27,T_5568bd9d,P_1c20e30b,Echo,1,2704
2765,697,echo_duplicate_end,230.58,T_5568bd9d,P_1c20e30b,Echo,3,2704
2766,697,echo_duplicate_end,408.57,T_5568bd9d,P_1c20e30b,Echo,5,2704
2767,697,echo_duplicate_end,572.36,T_5568bd9d,P_1c20e30b,Echo,6,2704
2768,697,echo_duplicate_end,124.27,T_5568bd9d,P_1c20e30b,Echo,1,2705
2769,697,echo_duplicate_end,230.58,T_5568bd9d,P_1c20e30b,Echo,3,2705
2770,697,echo_duplicate_end,408.57,T_5568bd9d,P_1c20e30b,Echo,5,2705
2771,697,echo_duplicate_end,572.36,T_5568bd9d,P_1c20e30b,Echo,6,2705
2772,697,echo_duplicate_end,124.27,T_5568bd9d,P_1c20e30b,Echo,1,2706
2773,697,echo_duplicate_end,230.58,T_5568bd9d,P_1c20e30b,Echo,3,2706
2774,697,echo_duplicate_end,408.57,T_5568bd9d,P_1c20e30b,Echo,5,2706
2775,697,echo_duplicate_end,572.36,T_5568bd9d,P_1c20e30b,Echo,6,2706
2776,697,echo_duplicate_end,124.27,T_5568bd9d,P_1c20e30b,Echo,1,2707
2777,697,echo_duplicate_end,230.58,T_5568bd9d,P_1c20e30b,Echo,3,2707
2778,697,echo_duplicate_end,408.57,T_5568bd9d,P_1c20e30b,Echo,5,2707
2779,697,echo_duplicate_end,572.36,T_5568bd9d,P_1c20e30b,Echo,6,2707
2780,698,echo_duplicate_end,539.58,T_e9f0147c,P_e5a8377e,Echo,3,2708
2781,702,echo_duplicate_end,113.8,T_a3408080,P_833f629c,Echo,1,2717
2782,702,echo_duplicate_end,177.55,T_ec64cb45,P_1fb77b82,Echo,1,2717
2783,702,echo_duplicate_end,278.05,T_a3408080,P_833f629c,Echo,3,2717
2784,702,echo_duplicate_end,545.98,T_a3408080,P_833f629c,Echo,3,2719
2785,702,echo_duplicate_end,621.22,T_a3408080,P_833f629c,Echo,4,2719
2792,704,echo_duplicate_end,615.08,T_a02bf5e9,P_816bc211,Echo,4,2734
2793,704,echo_duplicate_end,732.6,T_a02bf5e9,P_816bc211,Echo,6,2734
2794,707,echo_duplicate_end,230.31,T_f89d2836,P_34b5e3e8,Echo,1,2744
2795,707,echo_duplicate_end,400.66,T_f89d2836,P_34b5e3e8,Echo,2,2744
2796,707,echo_duplicate_end,694.96,T_f89d2836,P_34b5e3e8,Echo,3,2744
2797,707,echo_duplicate_end,868.52,T_f89d2836,P_34b5e3e8,Echo,4,2744
2798,707,echo_duplicate_end,990.06,T_f89d2836,P_34b5e3e8,Echo,5,2744
2799,707,echo_duplicate_end,219.69,T_360e64d5,P_ee8d3718,Echo,1,2745
2800,707,echo_duplicate_end,483.65,T_360e64d5,P_ee8d3718,Echo,2,2745
2801,707,echo_duplicate_end,574.94,T_f89d2836,P_c8bf1ef6,Echo,3,2745
2802,707,echo_duplicate_end,619.88,T_360e64d5,P_ee8d3718,Echo,4,2745
2803,707,echo_duplicate_end,734.08,T_f89d2836,P_c8bf1ef6,Echo,5,2745
2804,707,echo_duplicate_end,743.23,T_360e64d5,P_ee8d3718,Echo,5,2745
2810,707,echo_duplicate_end,170.25,T_f89d2836,P_b960b6b3,Echo,1,2747
2811,707,echo_duplicate_end,315.67,T_f89d2836,P_b960b6b3,Echo,2,2747
2812,707,echo_duplicate_end,509.38,T_f89d2836,P_b960b6b3,Echo,3,2747
2813,707,echo_duplicate_end,610.08,T_f89d2836,P_b960b6b3,Echo,4,2747
2814,709,echo_duplicate_end,438.09,T_1eca8812,P_2068c105,Echo,3,2753
2815,709,echo_duplicate_end,102.32,T_a3408080,P_6a668438,Echo,1,2755
2816,709,echo_duplicate_end,255.74,T_a3408080,P_6a668438,Echo,2,2755
2817,709,echo_duplicate_end,313.07,T_1eca8812,P_2068c105,Echo,1,2755
2818,709,echo_duplicate_end,394.52,T_a3408080,P_6a668438,Echo,4,2755
2819,709,echo_duplicate_end,532.43,T_a3408080,P_6a668438,Echo,6,2755
2820,709,echo_duplicate_end,614.44,T_1eca8812,P_2068c105,Echo,3,2755
2821,709,echo_duplicate_end,672.26,T_a3408080,P_6a668438,Echo,7,2755
2822,709,echo_duplicate_end,809.78,T_a3408080,P_6a668438,Echo,9,2755
2823,709,echo_duplicate_end,102.32,T_a3408080,P_6a668438,Echo,1,2756
2824,709,echo_duplicate_end,255.74,T_a3408080,P_6a668438,Echo,2,2756
2825,709,echo_duplicate_end,313.07,T_1eca8812,P_2068c105,Echo,1,2756
2826,709,echo_duplicate_end,394.52,T_a3408080,P_6a668438,Echo,4,2756
2827,709,echo_duplicate_end,532.43,T_a3408080,P_6a668438,Echo,6,2756
2828,709,echo_duplicate_end,614.44,T_1eca8812,P_2068c105,Echo,3,2756
2829,709,echo_duplicate_end,672.26,T_a3408080,P_6a668438,Echo,7,2756
2830,709,echo_duplicate_end,809.78,T_a3408080,P_6a668438,Echo,9,2756
2839,710,echo_duplicate_end,100.33,T_5568bd9d,P_5dd2da71,Echo,1,2763
2840,710,echo_duplicate_end,258.11,T_5568bd9d,P_5dd2da71,Echo,2,2763
2841,710,echo_duplicate_end,464.92,T_5568bd9d,P_5dd2da71,Echo,4,2763
2842,710,echo_duplicate_end,100.33,T_5568bd9d,P_5dd2da71,Echo,1,2764
2843,710,echo_duplicate_end,258.11,T_5568bd9d,P_5dd2da71,Echo,2,2764
2844,710,echo_duplicate_end,464.92,T_5568bd9d,P_5dd2da71,Echo,4,2764
2845,710,echo_duplicate_end,100.33,T_5568bd9d,P_5dd2da71,Echo,1,2766
2846,710,echo_duplicate_end,258.11,T_5568bd9d,P_5dd2da71,Echo,2,2766
2847,710,echo_duplicate_end,464.92,T_5568bd9d,P_5dd2da71,Echo,4,2766
2848,716,echo_duplicate_end,152,T_a3408080,P_7c40e33d,Echo,1,2775
2849,716,echo_duplicate_end,273.77,T_a3408080,P_7c40e33d,Echo,2,2775
2850,717,echo_duplicate_end,187.2,T_f89d2836,P_b960b6b3,Echo,1,2779
2851,717,echo_duplicate_end,257.09,T_b5271e8c,P_97116811,Echo,1,2779
2852,717,echo_duplicate_end,341.45,T_f89d2836,P_b960b6b3,Echo,2,2779
2853,717,echo_duplicate_end,635.28,T_f89d2836,P_41dab37f,Echo,2,2779
2854,717,echo_duplicate_end,751.01,T_f89d2836,P_41dab37f,Echo,3,2779
2856,717,echo_duplicate_end,205.69,T_f89d2836,P_2e36c240,Echo,1,2787
2857,717,echo_duplicate_end,392.41,T_f89d2836,P_2e36c240,Echo,2,2787
2858,717,echo_duplicate_end,612.59,T_f89d2836,P_2e36c240,Echo,3,2787
2865,719,echo_duplicate_end,172.51,T_a3d7a7d4,P_307e5413,Echo,1,2794
2866,717,echo_duplicate_end,227.76,T_f89d2836,P_41dab37f,Echo,1,2795
2867,717,echo_duplicate_end,344.9,T_f89d2836,P_41dab37f,Echo,3,2795
2868,722,echo_duplicate_end,814.66,T_0cac1da9,P_427df1b8,Echo,4,2803
2869,722,echo_duplicate_end,938.75,T_0cac1da9,P_427df1b8,Echo,5,2803
2870,723,echo_duplicate_end,814.66,T_0cac1da9,P_427df1b8,Echo,4,2804
2871,723,echo_duplicate_end,938.75,T_0cac1da9,P_427df1b8,Echo,5,2804
2876,721,echo_duplicate_end,814.66,T_0cac1da9,P_427df1b8,Echo,4,2812
2877,721,echo_duplicate_end,938.75,T_0cac1da9,P_427df1b8,Echo,5,2812
2878,725,echo_duplicate_end,246.65,T_0cac1da9,P_427df1b8,Echo,1,2818
2879,725,echo_duplicate_end,352.03,T_0cac1da9,P_427df1b8,Echo,3,2818
2880,726,echo_duplicate_end,670.1,T_e05d462f,P_0053ec1b,Echo,3,2819
2881,726,echo_duplicate_end,822.05,T_e05d462f,P_0053ec1b,Echo,4,2819
2882,726,echo_duplicate_end,554.4,T_0cac1da9,P_427df1b8,Echo,3,2821
2883,726,echo_duplicate_end,724.48,T_0cac1da9,P_427df1b8,Echo,5,2821
2884,726,echo_duplicate_end,858.87,T_0cac1da9,P_427df1b8,Echo,7,2821
2885,727,echo_duplicate_end,590.61,T_0cac1da9,P_fd890efc,Echo,3,2829
2886,727,echo_duplicate_end,752.2,T_0cac1da9,P_fd890efc,Echo,5,2829
2887,728,echo_duplicate_end,159.06,T_0cac1da9,P_427df1b8,Echo,1,2830
2888,728,echo_duplicate_end,283.9,T_0cac1da9,P_427df1b8,Echo,3,2830
2889,728,echo_duplicate_end,479.72,T_0cac1da9,P_427df1b8,Echo,4,2830
2890,728,echo_duplicate_end,585.56,T_0cac1da9,P_427df1b8,Echo,5,2830
2891,728,echo_duplicate_end,488.79,T_0cac1da9,P_427df1b8,Echo,2,2832
2892,728,echo_duplicate_end,135.07,T_0cac1da9,P_427df1b8,Echo,1,2834
2893,728,echo_duplicate_end,259.17,T_0cac1da9,P_427df1b8,Echo,2,2834
2894,728,echo_duplicate_end,498.98,T_0cac1da9,P_427df1b8,Echo,3,2834
2895,729,echo_duplicate_end,130.28,T_0cac1da9,P_427df1b8,Echo,1,2835
2896,729,echo_duplicate_end,292.58,T_0cac1da9,P_427df1b8,Echo,2,2835
2897,729,echo_duplicate_end,126.33,T_3bb510e2,P_37f857a2,Echo,1,2836
2898,729,echo_duplicate_end,191.49,T_3bb510e2,P_37f857a2,Echo,1,2839
2899,729,echo_duplicate_end,232.52,T_0cac1da9,P_fd890efc,Echo,1,2839
2900,729,echo_duplicate_end,376.05,T_3bb510e2,P_37f857a2,Echo,2,2839
2901,730,echo_duplicate_end,127.67,T_979876f8,P_9874adb1,Echo,1,2840
2902,730,echo_duplicate_end,373.75,T_979876f8,P_9874adb1,Echo,2,2841
2903,730,echo_duplicate_end,165.19,T_979876f8,P_9874adb1,Echo,1,2842
2904,730,echo_duplicate_end,400.54,T_979876f8,P_9874adb1,Echo,2,2842
2905,730,echo_duplicate_end,564.39,T_979876f8,P_9874adb1,Echo,3,2842
2906,730,echo_duplicate_end,165.19,T_979876f8,P_9874adb1,Echo,1,2843
2907,730,echo_duplicate_end,400.54,T_979876f8,P_9874adb1,Echo,2,2843
2908,730,echo_duplicate_end,564.39,T_979876f8,P_9874adb1,Echo,3,2843
2910,732,echo_duplicate_end,188.58,T_3d8065a6,P_4994897b,Echo,1,2849
2911,732,echo_duplicate_end,641.88,T_3d8065a6,P_4994897b,Echo,3,2849
2912,732,echo_duplicate_end,662.83,T_f89d2836,P_41dab37f,Echo,4,2849
2924,732,echo_duplicate_end,230.58,T_f89d2836,P_34b5e3e8,Echo,1,2853
2925,733,echo_duplicate_end,178.13,T_f89d2836,P_41dab37f,Echo,1,2854
2926,733,echo_duplicate_end,543.34,T_2b55949b,P_4847f1b8,Echo,3,2854
2927,733,echo_duplicate_end,129.82,T_2b55949b,P_4847f1b8,Echo,1,2855
2928,733,echo_duplicate_end,231.94,T_f89d2836,P_b960b6b3,Echo,1,2855
2929,733,echo_duplicate_end,272.01,T_2b55949b,P_4847f1b8,Echo,2,2855
2930,733,echo_duplicate_end,459.25,T_2b55949b,P_4847f1b8,Echo,4,2855
2931,733,echo_duplicate_end,592.01,T_f89d2836,P_41dab37f,Echo,2,2855
2932,733,echo_duplicate_end,729.27,T_f89d2836,P_41dab37f,Echo,4,2855
2933,733,echo_duplicate_end,229.47,T_2b55949b,P_4847f1b8,Echo,2,2856
2934,733,echo_duplicate_end,364.3,T_2b55949b,P_4847f1b8,Echo,3,2856
2935,733,echo_duplicate_end,233.43,T_f89d2836,P_41dab37f,Echo,1,2857
2936,733,echo_duplicate_end,233.43,T_f89d2836,P_41dab37f,Echo,1,2858
2937,733,echo_duplicate_end,343.17,T_f89d2836,P_b960b6b3,Echo,2,2859
2938,733,echo_duplicate_end,502.66,T_f89d2836,P_b960b6b3,Echo,4,2859
2939,733,echo_duplicate_end,343.17,T_f89d2836,P_b960b6b3,Echo,2,2860
2940,733,echo_duplicate_end,502.66,T_f89d2836,P_b960b6b3,Echo,4,2860
2941,710,echo_duplicate_end,100.33,T_5568bd9d,P_5dd2da71,Echo,1,2861
2942,710,echo_duplicate_end,258.11,T_5568bd9d,P_5dd2da71,Echo,2,2861
2943,710,echo_duplicate_end,464.92,T_5568bd9d,P_5dd2da71,Echo,4,2861
2944,734,echo_duplicate_end,379.95,T_5568bd9d,P_1c20e30b,Echo,1,2862
2945,734,echo_duplicate_end,154.02,T_5568bd9d,P_1c20e30b,Echo,1,2865
2946,734,echo_duplicate_end,342.55,T_5568bd9d,P_1c20e30b,Echo,3,2865
2947,734,echo_duplicate_end,505.14,T_5568bd9d,P_1c20e30b,Echo,5,2865
2948,734,echo_duplicate_end,209.85,T_a02bf5e9,P_dfa42848,Echo,1,2868
2949,734,echo_duplicate_end,493.12,T_5568bd9d,P_1c20e30b,Echo,3,2868
2950,734,echo_duplicate_end,633.98,T_5568bd9d,P_1c20e30b,Echo,5,2868
2960,746,echo_duplicate_end,120.63,T_0cac1da9,P_427df1b8,Echo,1,2888
2961,746,echo_duplicate_end,254.32,T_0cac1da9,P_427df1b8,Echo,2,2888
2962,746,echo_duplicate_end,148.27,T_6da1ba9e,P_1fd3a632,Echo,1,2890
2963,746,echo_duplicate_end,283.06,T_6da1ba9e,P_1fd3a632,Echo,2,2890
2964,746,echo_duplicate_end,447.15,T_6da1ba9e,P_1fd3a632,Echo,3,2890
2965,746,echo_duplicate_end,624.62,T_6da1ba9e,P_1fd3a632,Echo,4,2890
2966,746,echo_duplicate_end,297.11,T_6da1ba9e,P_04bb6712,Echo,2,2892
2972,753,echo_duplicate_end,114.76,T_5568bd9d,P_1fd3a632,Echo,1,2909
2973,753,echo_duplicate_end,402.18,T_5568bd9d,P_1fd3a632,Echo,3,2909
2980,753,echo_duplicate_end,170.43,T_5568bd9d,P_1fd3a632,Echo,1,2914
2984,753,echo_duplicate_end,90.25,T_5568bd9d,P_1fd3a632,Echo,1,2916
2985,753,echo_duplicate_end,243.34,T_5568bd9d,P_1fd3a632,Echo,2,2916
2986,753,echo_duplicate_end,482.83,T_5568bd9d,P_1fd3a632,Echo,3,2916
2987,753,echo_duplicate_end,640.57,T_5568bd9d,P_1fd3a632,Echo,4,2916
2988,753,echo_duplicate_end,198.23,T_a02bf5e9,P_1ff18501,Echo,1,2917
2989,753,echo_duplicate_end,642.47,T_5568bd9d,P_04bb6712,Echo,5,2917
2990,753,echo_duplicate_end,764.81,T_5568bd9d,P_04bb6712,Echo,6,2917
2991,753,echo_duplicate_end,895.09,T_5568bd9d,P_04bb6712,Echo,7,2917
2992,753,echo_duplicate_end,504.96,T_5568bd9d,P_1fd3a632,Echo,3,2919
2993,753,echo_duplicate_end,642.65,T_a02bf5e9,P_1ff18501,Echo,3,2919
2994,753,echo_duplicate_end,643.87,T_5568bd9d,P_1fd3a632,Echo,4,2919
2995,753,echo_duplicate_end,204.82,T_a02bf5e9,P_1ff18501,Echo,1,2920
2996,753,echo_duplicate_end,374.71,T_a02bf5e9,P_1ff18501,Echo,2,2920
2997,753,echo_duplicate_end,119.96,T_5568bd9d,P_1fd3a632,Echo,1,2921
2998,753,echo_duplicate_end,341.79,T_5568bd9d,P_1fd3a632,Echo,3,2921
2999,754,echo_duplicate_end,236.89,T_5568bd9d,P_1c20e30b,Echo,2,2923
3000,754,echo_duplicate_end,348.07,T_5568bd9d,P_1c20e30b,Echo,3,2923
3001,754,echo_duplicate_end,539.92,T_5568bd9d,P_1c20e30b,Echo,4,2923
3002,754,echo_duplicate_end,709.81,T_5568bd9d,P_1c20e30b,Echo,5,2923
3003,754,echo_duplicate_end,860.26,T_5568bd9d,P_1c20e30b,Echo,6,2923
3004,754,echo_duplicate_end,982.78,T_5568bd9d,P_1c20e30b,Echo,7,2923
3005,754,echo_duplicate_end,964.33,T_5568bd9d,P_1c20e30b,Echo,6,2925
3006,755,echo_duplicate_end,206.6,T_3d8065a6,P_11639700,Echo,1,2927
3007,755,echo_duplicate_end,331.16,T_3d8065a6,P_11639700,Echo,2,2927
3008,755,echo_duplicate_end,167.13,T_3d8065a6,P_4994897b,Echo,1,2928
3009,755,echo_duplicate_end,302.22,T_f89d2836,P_41dab37f,Echo,2,2928
3010,755,echo_duplicate_end,353.73,T_3d8065a6,P_4994897b,Echo,3,2928
3011,755,echo_duplicate_end,758.15,T_3d8065a6,P_4994897b,Echo,4,2928
3012,755,echo_duplicate_end,902.89,T_3d8065a6,P_4994897b,Echo,6,2928
3013,755,echo_duplicate_end,169.85,T_f89d2836,P_41dab37f,Echo,1,2931
3014,736,echo_duplicate_end,176.99,T_a02bf5e9,P_371a098a,Echo,1,2932
3015,736,echo_duplicate_end,313.62,T_a02bf5e9,P_371a098a,Echo,3,2932
3016,736,echo_duplicate_end,396.99,T_5568bd9d,P_1c20e30b,Echo,2,2932
3017,736,echo_duplicate_end,587.93,T_5568bd9d,P_1c20e30b,Echo,5,2932
3018,736,echo_duplicate_end,708.76,T_5568bd9d,P_1c20e30b,Echo,6,2932
3019,736,echo_duplicate_end,779.12,T_a02bf5e9,P_b7009c20,Echo,3,2932
3020,736,echo_duplicate_end,875.96,T_5568bd9d,P_1c20e30b,Echo,7,2932
3021,736,echo_duplicate_end,973.39,T_a02bf5e9,P_b7009c20,Echo,5,2932
3022,736,echo_duplicate_end,1011.17,T_5568bd9d,P_1c20e30b,Echo,8,2932
3023,736,echo_duplicate_end,264.32,T_5568bd9d,P_1c20e30b,Echo,1,2935
3024,736,echo_duplicate_end,183.5,T_a02bf5e9,P_371a098a,Echo,1,2936
3025,736,echo_duplicate_end,195.06,T_5568bd9d,P_1c20e30b,Echo,1,2936
3026,736,echo_duplicate_end,308.64,T_5568bd9d,P_1c20e30b,Echo,2,2936
3027,736,echo_duplicate_end,369.39,T_a02bf5e9,P_371a098a,Echo,2,2936
3028,736,echo_duplicate_end,534.76,T_5568bd9d,P_1c20e30b,Echo,3,2936
3029,736,echo_duplicate_end,616.97,T_a02bf5e9,P_371a098a,Echo,4,2936
3030,736,echo_duplicate_end,770.25,T_a02bf5e9,P_371a098a,Echo,6,2936
3031,736,echo_duplicate_end,777.11,T_5568bd9d,P_1c20e30b,Echo,4,2936
3032,736,echo_duplicate_end,98.84,T_a02bf5e9,P_371a098a,Echo,1,2937
3033,736,echo_duplicate_end,197.21,T_a02bf5e9,P_371a098a,Echo,2,2937
3034,736,echo_duplicate_end,387.93,T_a02bf5e9,P_371a098a,Echo,3,2937
3035,736,echo_duplicate_end,506.84,T_5568bd9d,P_1c20e30b,Echo,3,2937
3036,736,echo_duplicate_end,546.24,T_a02bf5e9,P_371a098a,Echo,4,2937
3037,736,echo_duplicate_end,641.21,T_5568bd9d,P_1c20e30b,Echo,4,2937
3038,757,echo_duplicate_end,439.49,T_d209c6a4,P_9003e641,Echo,3,2945
3039,757,echo_duplicate_end,735.14,T_f89d2836,P_41dab37f,Echo,4,2945
3040,757,echo_duplicate_end,439.49,T_d209c6a4,P_9003e641,Echo,3,2946
3041,757,echo_duplicate_end,735.14,T_f89d2836,P_41dab37f,Echo,4,2946
3042,757,echo_duplicate_end,228.88,T_f89d2836,P_2e36c240,Echo,1,2947
3043,757,echo_duplicate_end,357.33,T_f89d2836,P_2e36c240,Echo,4,2947
3044,757,echo_duplicate_end,420.58,T_f89d2836,P_2e36c240,Echo,2,2949
3045,757,echo_duplicate_end,616.45,T_f89d2836,P_2e36c240,Echo,3,2949
3046,757,echo_duplicate_end,747.83,T_f89d2836,P_2e36c240,Echo,4,2949
3048,761,echo_duplicate_end,141.52,T_a02bf5e9,P_f174951e,Echo,1,2961
3049,761,echo_duplicate_end,173.48,T_a02bf5e9,P_f174951e,Echo,1,2963
3050,761,echo_duplicate_end,291.34,T_a02bf5e9,P_f174951e,Echo,3,2963
3051,761,echo_duplicate_end,739.31,T_a02bf5e9,P_f174951e,Echo,7,2963
3052,763,echo_duplicate_end,209.51,T_2f40a4c4,P_e6b5b65c,Echo,1,2965
3053,763,echo_duplicate_end,519.44,T_2f40a4c4,P_e6b5b65c,Echo,3,2965
3054,763,echo_duplicate_end,624.84,T_f89d2836,P_b960b6b3,Echo,3,2965
3055,763,echo_duplicate_end,637.07,T_2f40a4c4,P_e6b5b65c,Echo,4,2965
3056,763,echo_duplicate_end,755.82,T_f89d2836,P_2f610860,Echo,4,2966
3057,763,echo_duplicate_end,199.96,T_f89d2836,P_2e36c240,Echo,1,2968
3058,763,echo_duplicate_end,267.84,T_2f40a4c4,P_e6b5b65c,Echo,1,2968
3059,763,echo_duplicate_end,404.35,T_2f40a4c4,P_e6b5b65c,Echo,2,2968
3060,763,echo_duplicate_end,468.84,T_f89d2836,P_2e36c240,Echo,2,2968
3061,763,echo_duplicate_end,506.08,T_2f40a4c4,P_e6b5b65c,Echo,4,2968
3062,763,echo_duplicate_end,167.29,T_f89d2836,P_b960b6b3,Echo,1,2969
3063,763,echo_duplicate_end,173.07,T_2f40a4c4,P_e6b5b65c,Echo,1,2969
3064,763,echo_duplicate_end,288.47,T_f89d2836,P_b960b6b3,Echo,2,2969
3065,763,echo_duplicate_end,435.5,T_f89d2836,P_b960b6b3,Echo,3,2969
3066,763,echo_duplicate_end,621.29,T_f89d2836,P_b960b6b3,Echo,4,2969
3067,763,echo_duplicate_end,736.31,T_2f40a4c4,P_e6b5b65c,Echo,3,2969
3068,763,echo_duplicate_end,766.87,T_f89d2836,P_b960b6b3,Echo,6,2969
3069,764,echo_duplicate_end,563.03,T_5568bd9d,P_66ec5c8e,Echo,2,2970
3070,764,echo_duplicate_end,775.57,T_a02bf5e9,P_01f8df8b,Echo,4,2970
3072,764,echo_duplicate_end,158.04,T_5568bd9d,P_66ec5c8e,Echo,1,2974
3073,764,echo_duplicate_end,178.72,T_a02bf5e9,P_01f8df8b,Echo,1,2974
3074,764,echo_duplicate_end,316.16,T_5568bd9d,P_66ec5c8e,Echo,3,2974
3075,764,echo_duplicate_end,340.35,T_a02bf5e9,P_01f8df8b,Echo,2,2974
3076,764,echo_duplicate_end,520.05,T_a02bf5e9,P_01f8df8b,Echo,4,2974
3077,764,echo_duplicate_end,686.01,T_a02bf5e9,P_01f8df8b,Echo,5,2974
3078,767,echo_duplicate_end,728.85,T_5568bd9d,P_04bb6712,Echo,3,2977
3079,767,echo_duplicate_end,860.81,T_5568bd9d,P_04bb6712,Echo,5,2977
3080,767,echo_duplicate_end,620.85,T_5568bd9d,P_2c28a921,Echo,4,2978
3081,768,echo_duplicate_end,466.01,T_5568bd9d,P_7359b808,Echo,2,2982
3082,768,echo_duplicate_end,516.7,T_5568bd9d,P_7359b808,Echo,3,2984
3083,768,echo_duplicate_end,708.9,T_5568bd9d,P_7359b808,Echo,4,2984
3084,769,echo_duplicate_end,681.2,T_a02bf5e9,P_b821031a,Echo,5,2987
3085,769,echo_duplicate_end,799.71,T_a02bf5e9,P_b821031a,Echo,7,2987
3086,769,echo_duplicate_end,654.73,T_a02bf5e9,P_3bd3172d,Echo,2,2994
3087,771,echo_duplicate_end,236.89,T_5568bd9d,P_1c20e30b,Echo,2,3005
3088,771,echo_duplicate_end,348.07,T_5568bd9d,P_1c20e30b,Echo,3,3005
3089,771,echo_duplicate_end,539.92,T_5568bd9d,P_1c20e30b,Echo,4,3005
3090,771,echo_duplicate_end,709.81,T_5568bd9d,P_1c20e30b,Echo,5,3005
3091,771,echo_duplicate_end,860.26,T_5568bd9d,P_1c20e30b,Echo,6,3005
3092,771,echo_duplicate_end,982.78,T_5568bd9d,P_1c20e30b,Echo,7,3005
3095,772,echo_duplicate_end,522.21,T_a02bf5e9,P_b4041d27,Echo,3,3010
3096,772,echo_duplicate_end,206.87,T_a02bf5e9,P_f65b6b44,Echo,1,3012
3097,772,echo_duplicate_end,367.83,T_5568bd9d,P_06b583e4,Echo,2,3012
3098,775,echo_duplicate_end,607.15,T_5568bd9d,P_7359b808,Echo,3,3017
3099,775,echo_duplicate_end,746.75,T_5568bd9d,P_7359b808,Echo,5,3017
3100,775,echo_duplicate_end,206.89,T_a02bf5e9,P_2a8573f7,Echo,1,3021
3101,775,echo_duplicate_end,210.83,T_5568bd9d,P_7359b808,Echo,1,3021
3102,775,echo_duplicate_end,300.53,T_5568bd9d,P_7359b808,Echo,3,3021
3136,779,echo_duplicate_end,161.81,T_a02bf5e9,P_421ca693,Echo,1,3038
3137,779,echo_duplicate_end,214.8,T_a02bf5e9,P_299fe9c8,Echo,1,3039
3138,779,echo_duplicate_end,378.91,T_a02bf5e9,P_299fe9c8,Echo,2,3039
3139,779,echo_duplicate_end,536.31,T_a02bf5e9,P_299fe9c8,Echo,3,3039
3140,779,echo_duplicate_end,660.71,T_a02bf5e9,P_299fe9c8,Echo,5,3039
3141,779,echo_duplicate_end,124.03,T_a02bf5e9,P_299fe9c8,Echo,1,3040
3142,779,echo_duplicate_end,238.82,T_a02bf5e9,P_299fe9c8,Echo,2,3040
3143,779,echo_duplicate_end,371.54,T_a02bf5e9,P_299fe9c8,Echo,5,3040
3144,779,echo_duplicate_end,424.38,T_5568bd9d,P_7359b808,Echo,2,3040
3145,779,echo_duplicate_end,524.86,T_a02bf5e9,P_299fe9c8,Echo,6,3040
3146,779,echo_duplicate_end,643.06,T_a02bf5e9,P_299fe9c8,Echo,8,3040
3147,780,echo_duplicate_end,122.6,T_3d8065a6,P_4994897b,Echo,1,3043
3148,780,echo_duplicate_end,319.83,T_3d8065a6,P_4994897b,Echo,2,3043
3149,780,echo_duplicate_end,566.47,T_3d8065a6,P_4994897b,Echo,3,3043
3151,780,echo_duplicate_end,562.62,T_f89d2836,P_c8bf1ef6,Echo,4,3045
3152,780,echo_duplicate_end,736.44,T_f89d2836,P_c8bf1ef6,Echo,5,3045
3153,781,echo_duplicate_end,147.12,T_a02bf5e9,P_ac45c91a,Echo,1,3046
3154,781,echo_duplicate_end,688.38,T_a02bf5e9,P_ac45c91a,Echo,3,3048
3155,781,echo_duplicate_end,879.68,T_a02bf5e9,P_ac45c91a,Echo,4,3048
3156,783,echo_duplicate_end,176.29,T_5568bd9d,P_7359b808,Echo,1,3058
3157,783,echo_duplicate_end,331.85,T_5568bd9d,P_7359b808,Echo,2,3058
3158,783,echo_duplicate_end,478.08,T_5568bd9d,P_7359b808,Echo,3,3058
3159,783,echo_duplicate_end,329.85,T_5568bd9d,P_7359b808,Echo,2,3059
3160,783,echo_duplicate_end,554.45,T_5568bd9d,P_7359b808,Echo,3,3059
3161,783,echo_duplicate_end,329.85,T_5568bd9d,P_7359b808,Echo,2,3062
3162,783,echo_duplicate_end,554.45,T_5568bd9d,P_7359b808,Echo,3,3062
3163,784,echo_duplicate_end,166.81,T_3d8065a6,P_4201f8cf,Echo,1,3064
3164,784,echo_duplicate_end,447.07,T_3d8065a6,P_4201f8cf,Echo,2,3064
3165,784,echo_duplicate_end,649.72,T_3d8065a6,P_4201f8cf,Echo,4,3064
3166,784,echo_duplicate_end,694.3,T_f89d2836,P_2e36c240,Echo,3,3064
3167,784,echo_duplicate_end,201.34,T_3d8065a6,P_f02dfd5d,Echo,1,3066
3168,784,echo_duplicate_end,397.41,T_3d8065a6,P_f02dfd5d,Echo,2,3066
3169,785,echo_duplicate_end,641.86,T_f89d2836,P_d73e2960,Echo,2,3069
3170,785,echo_duplicate_end,889.57,T_f89d2836,P_c8bf1ef6,Echo,5,3070
3171,785,echo_duplicate_end,161.46,T_f89d2836,P_c8bf1ef6,Echo,1,3080
3172,785,echo_duplicate_end,298.29,T_f89d2836,P_c8bf1ef6,Echo,2,3080
3173,785,echo_duplicate_end,492.77,T_f89d2836,P_c8bf1ef6,Echo,3,3080
3174,785,echo_duplicate_end,474.9,T_f89d2836,P_d73e2960,Echo,3,3081
3175,788,echo_duplicate_end,136.94,T_a02bf5e9,P_ba8495d0,Echo,1,3083
3176,789,echo_duplicate_end,136.94,T_a02bf5e9,P_ba8495d0,Echo,1,3085
3177,790,echo_duplicate_end,580,T_bbd123ed,P_d5d6f95d,Echo,3,3092
3180,792,echo_duplicate_end,193.28,T_88fa9b2f,P_d5cd48e5,Echo,1,3101
3181,792,echo_duplicate_end,635.97,T_f89d2836,P_c8bf1ef6,Echo,3,3101
3182,792,echo_duplicate_end,644.75,T_88fa9b2f,P_d5cd48e5,Echo,5,3101
3183,792,echo_duplicate_end,777.25,T_88fa9b2f,P_d5cd48e5,Echo,7,3101
3184,792,echo_duplicate_end,785.29,T_f89d2836,P_c8bf1ef6,Echo,5,3101
3185,792,echo_duplicate_end,555.51,T_88fa9b2f,P_d5cd48e5,Echo,2,3102
3186,792,echo_duplicate_end,654.79,T_f89d2836,P_82869480,Echo,3,3102
3187,792,echo_duplicate_end,693.56,T_88fa9b2f,P_d5cd48e5,Echo,4,3102
3188,793,echo_duplicate_end,294.92,T_a02bf5e9,P_41a9d104,Echo,2,3106
3189,793,echo_duplicate_end,408.27,T_a02bf5e9,P_41a9d104,Echo,3,3106
3190,793,echo_duplicate_end,540.92,T_5568bd9d,P_04bb6712,Echo,3,3106
3191,793,echo_duplicate_end,617.6,T_a02bf5e9,P_41a9d104,Echo,4,3106
3192,793,echo_duplicate_end,666.12,T_5568bd9d,P_04bb6712,Echo,5,3106
3193,793,echo_duplicate_end,745.23,T_a02bf5e9,P_41a9d104,Echo,6,3106
3205,793,echo_duplicate_end,160.36,T_a02bf5e9,P_41a9d104,Echo,1,3108
3211,793,echo_duplicate_end,350.7,T_5568bd9d,P_04bb6712,Echo,2,3111
3212,793,echo_duplicate_end,369.31,T_a02bf5e9,P_41a9d104,Echo,2,3111
3213,793,echo_duplicate_end,575.71,T_a02bf5e9,P_41a9d104,Echo,4,3111
3214,793,echo_duplicate_end,601.28,T_5568bd9d,P_04bb6712,Echo,5,3111
3215,793,echo_duplicate_end,693.86,T_a02bf5e9,P_41a9d104,Echo,5,3111
3216,793,echo_duplicate_end,753.79,T_5568bd9d,P_04bb6712,Echo,6,3111
3217,794,echo_duplicate_end,504.05,T_f89d2836,P_04a28e84,Echo,3,3112
3218,794,echo_duplicate_end,654.25,T_f89d2836,P_04a28e84,Echo,4,3112
3219,794,echo_duplicate_end,334.69,T_74aef977,P_e85bbcd7,Echo,2,3113
3220,794,echo_duplicate_end,606,T_74aef977,P_7ebab81d,Echo,3,3113
3221,794,echo_duplicate_end,393.73,T_74aef977,P_a7727c0a,Echo,2,3117
3222,795,echo_duplicate_end,298.32,T_a02bf5e9,P_502cadcb,Echo,1,3118
3223,795,echo_duplicate_end,586.96,T_a02bf5e9,P_502cadcb,Echo,3,3118
3224,795,echo_duplicate_end,403.72,T_a02bf5e9,P_502cadcb,Echo,1,3120
3225,1703,echo_duplicate_end,385.54,T_5568bd9d,P_1014e829,Echo,3,3123
3226,776,echo_duplicate_end,131.27,T_5568bd9d,P_1c20e30b,Echo,1,3133
3227,776,echo_duplicate_end,325.4,T_5568bd9d,P_1c20e30b,Echo,3,3133
3228,776,echo_duplicate_end,454.59,T_5568bd9d,P_1c20e30b,Echo,4,3133
3229,776,echo_duplicate_end,626.84,T_5568bd9d,P_1c20e30b,Echo,5,3133
3230,776,echo_duplicate_end,813.49,T_5568bd9d,P_1c20e30b,Echo,7,3133
3231,797,echo_duplicate_end,609.89,T_5568bd9d,P_e3eb7fba,Echo,3,3134
3232,797,echo_duplicate_end,643.18,T_a02bf5e9,P_932887d7,Echo,4,3136
3233,797,echo_duplicate_end,606.56,T_a02bf5e9,P_be7ba52b,Echo,3,3140
3234,798,echo_duplicate_end,815.01,T_a02bf5e9,P_ff9c0556,Echo,4,3141
3237,803,echo_duplicate_end,619.64,T_aefb449f,P_57360a96,Echo,5,3162
3238,804,echo_duplicate_end,619.64,T_aefb449f,P_57360a96,Echo,5,3163
3239,805,echo_duplicate_end,619.64,T_aefb449f,P_57360a96,Echo,5,3164
3240,806,echo_duplicate_end,619.64,T_aefb449f,P_57360a96,Echo,5,3165
3241,806,echo_duplicate_end,507.19,T_aefb449f,P_57360a96,Echo,4,3166
3242,806,echo_duplicate_end,648.09,T_aefb449f,P_57360a96,Echo,5,3166
3243,806,echo_duplicate_end,784.41,T_aefb449f,P_57360a96,Echo,6,3166
3244,806,echo_duplicate_end,173.75,T_aefb449f,P_57360a96,Echo,1,3169
3245,806,echo_duplicate_end,284.82,T_aefb449f,P_57360a96,Echo,3,3169
3246,806,echo_duplicate_end,398.41,T_aefb449f,P_57360a96,Echo,4,3169
3247,806,echo_duplicate_end,530.41,T_aefb449f,P_57360a96,Echo,6,3169
3248,806,echo_duplicate_end,214.24,T_aefb449f,P_57360a96,Echo,1,3171
3249,807,echo_duplicate_end,110.41,T_0cac1da9,P_427df1b8,Echo,1,3173
3250,807,echo_duplicate_end,355.52,T_d0d58b2d,P_a02238ca,Echo,2,3173
3251,807,echo_duplicate_end,396.7,T_0cac1da9,P_427df1b8,Echo,4,3173
3252,807,echo_duplicate_end,524.59,T_d0d58b2d,P_a02238ca,Echo,3,3173
3253,807,echo_duplicate_end,527.01,T_0cac1da9,P_427df1b8,Echo,5,3173
3255,807,echo_duplicate_end,203.35,T_0cac1da9,P_427df1b8,Echo,1,3177
3256,808,echo_duplicate_end,135.92,T_7e4eb8f8,P_f5a07763,Echo,1,3178
3257,808,echo_duplicate_end,283.75,T_7e4eb8f8,P_f5a07763,Echo,2,3178
3258,808,echo_duplicate_end,425.15,T_0cac1da9,P_427df1b8,Echo,2,3178
3263,809,echo_duplicate_end,142.24,T_a02bf5e9,P_7937fb51,Echo,1,3185
3264,809,echo_duplicate_end,180.24,T_0cac1da9,P_427df1b8,Echo,1,3185
3265,809,echo_duplicate_end,310.45,T_a02bf5e9,P_7937fb51,Echo,2,3185
3266,809,echo_duplicate_end,442.58,T_a02bf5e9,P_7937fb51,Echo,4,3185
3267,809,echo_duplicate_end,556.41,T_a02bf5e9,P_7937fb51,Echo,5,3185
3268,809,echo_duplicate_end,169,T_118b16fa,P_7937fb51,Echo,1,3186
3269,809,echo_duplicate_end,297.34,T_118b16fa,P_7937fb51,Echo,3,3186
3270,809,echo_duplicate_end,423.9,T_118b16fa,P_7937fb51,Echo,4,3186
3271,809,echo_duplicate_end,489.66,T_0cac1da9,P_427df1b8,Echo,2,3186
3272,809,echo_duplicate_end,622.66,T_0cac1da9,P_427df1b8,Echo,3,3186
3273,809,echo_duplicate_end,663.89,T_118b16fa,P_7937fb51,Echo,5,3186
3274,809,echo_duplicate_end,770.81,T_0cac1da9,P_427df1b8,Echo,5,3186
3275,809,echo_duplicate_end,773.27,T_118b16fa,P_7937fb51,Echo,6,3186
3276,809,echo_duplicate_end,915.62,T_118b16fa,P_7937fb51,Echo,8,3186
3277,809,echo_duplicate_end,429.98,T_118b16fa,P_7937fb51,Echo,2,3188
3278,809,echo_duplicate_end,659.51,T_118b16fa,P_7937fb51,Echo,3,3188
3279,809,echo_duplicate_end,109.51,T_118b16fa,P_7937fb51,Echo,1,3190
3280,809,echo_duplicate_end,348.26,T_118b16fa,P_7937fb51,Echo,3,3190
3281,809,echo_duplicate_end,441.48,T_118b16fa,P_7937fb51,Echo,5,3190
3282,809,echo_duplicate_end,558.66,T_118b16fa,P_7937fb51,Echo,6,3190
3283,811,echo_duplicate_end,618.44,T_5568bd9d,P_abd60e0d,Echo,4,3201
3284,811,echo_duplicate_end,769.97,T_5568bd9d,P_abd60e0d,Echo,5,3201
3285,811,echo_duplicate_end,942.58,T_5568bd9d,P_abd60e0d,Echo,7,3201
3286,811,echo_duplicate_end,196.08,T_a02bf5e9,P_947997da,Echo,1,3202
3287,811,echo_duplicate_end,402.03,T_a02bf5e9,P_947997da,Echo,2,3202
3288,811,echo_duplicate_end,159.22,T_5568bd9d,P_abd60e0d,Echo,1,3203
3289,811,echo_duplicate_end,345.81,T_5568bd9d,P_abd60e0d,Echo,3,3203
3290,811,echo_duplicate_end,512.35,T_5568bd9d,P_abd60e0d,Echo,4,3203
3291,811,echo_duplicate_end,709.08,T_5568bd9d,P_abd60e0d,Echo,6,3203
3292,811,echo_duplicate_end,818.7,T_5568bd9d,P_abd60e0d,Echo,8,3203
3293,811,echo_duplicate_end,986.64,T_5568bd9d,P_abd60e0d,Echo,10,3203
3294,813,echo_duplicate_end,154.21,T_a02bf5e9,P_4134dca6,Echo,1,3205
3295,813,echo_duplicate_end,399.13,T_a02bf5e9,P_4134dca6,Echo,2,3205
3296,813,echo_duplicate_end,104.17,T_5568bd9d,P_e3eb7fba,Echo,1,3206
3297,813,echo_duplicate_end,169.85,T_a02bf5e9,P_4134dca6,Echo,1,3206
3298,813,echo_duplicate_end,271.96,T_5568bd9d,P_e3eb7fba,Echo,2,3206
3299,813,echo_duplicate_end,368.51,T_a02bf5e9,P_4134dca6,Echo,2,3206
3300,813,echo_duplicate_end,454.93,T_5568bd9d,P_e3eb7fba,Echo,3,3206
3301,813,echo_duplicate_end,667.9,T_5568bd9d,P_e3eb7fba,Echo,4,3206
3302,813,echo_duplicate_end,680.31,T_a02bf5e9,P_4134dca6,Echo,5,3206
3303,813,echo_duplicate_end,857.22,T_a02bf5e9,P_4134dca6,Echo,6,3206
3304,813,echo_duplicate_end,865.29,T_5568bd9d,P_e3eb7fba,Echo,6,3206
3305,813,echo_duplicate_end,163.54,T_5568bd9d,P_e3eb7fba,Echo,1,3207
3306,813,echo_duplicate_end,309.23,T_5568bd9d,P_e3eb7fba,Echo,3,3207
3307,813,echo_duplicate_end,742.94,T_5568bd9d,P_e3eb7fba,Echo,6,3207
3308,813,echo_duplicate_end,187.04,T_a02bf5e9,P_4134dca6,Echo,1,3208
3309,813,echo_duplicate_end,323.81,T_a02bf5e9,P_4134dca6,Echo,1,3209
3310,816,echo_duplicate_end,143.63,T_f89d2836,P_04a28e84,Echo,1,3217
3311,816,echo_duplicate_end,217.2,T_f6bda5c7,P_9923ba61,Echo,1,3220
3312,816,echo_duplicate_end,325.48,T_f6bda5c7,P_9923ba61,Echo,2,3220
3313,816,echo_duplicate_end,466.76,T_f6bda5c7,P_9923ba61,Echo,3,3220
3314,816,echo_duplicate_end,610.52,T_f6bda5c7,P_9923ba61,Echo,4,3220
3315,816,echo_duplicate_end,762.01,T_f6bda5c7,P_9923ba61,Echo,5,3220
3316,816,echo_duplicate_end,893.98,T_f6bda5c7,P_9923ba61,Echo,6,3220
3319,818,echo_duplicate_end,762.52,T_a02bf5e9,P_677a50b9,Echo,4,3231
3320,818,echo_duplicate_end,158.58,T_a02bf5e9,P_677a50b9,Echo,1,3235
3321,818,echo_duplicate_end,249.1,T_a02bf5e9,P_677a50b9,Echo,2,3235
3322,818,echo_duplicate_end,487.54,T_a02bf5e9,P_677a50b9,Echo,3,3235
3323,818,echo_duplicate_end,764.61,T_a02bf5e9,P_677a50b9,Echo,5,3235
3328,818,echo_duplicate_end,158.58,T_a02bf5e9,P_677a50b9,Echo,1,3237
3329,818,echo_duplicate_end,249.1,T_a02bf5e9,P_677a50b9,Echo,2,3237
3330,818,echo_duplicate_end,487.54,T_a02bf5e9,P_677a50b9,Echo,3,3237
3331,818,echo_duplicate_end,764.61,T_a02bf5e9,P_677a50b9,Echo,5,3237
3332,818,echo_duplicate_end,158.58,T_a02bf5e9,P_677a50b9,Echo,1,3238
3333,818,echo_duplicate_end,249.1,T_a02bf5e9,P_677a50b9,Echo,2,3238
3334,818,echo_duplicate_end,487.54,T_a02bf5e9,P_677a50b9,Echo,3,3238
3335,818,echo_duplicate_end,764.61,T_a02bf5e9,P_677a50b9,Echo,5,3238
3340,819,echo_duplicate_end,422.35,T_a02bf5e9,P_53520b32,Echo,2,3241
3341,819,echo_duplicate_end,204.44,T_a02bf5e9,P_53520b32,Echo,1,3243
3342,819,echo_duplicate_end,385.39,T_a02bf5e9,P_53520b32,Echo,2,3243
3347,822,echo_duplicate_end,567.75,T_a02bf5e9,P_3c6274cd,Echo,4,3257
3348,822,echo_duplicate_end,675.39,T_5568bd9d,P_e3eb7fba,Echo,3,3257
3349,822,echo_duplicate_end,708.22,T_a02bf5e9,P_3c6274cd,Echo,5,3257
3352,822,echo_duplicate_end,130.89,T_a02bf5e9,P_2f332b1f,Echo,1,3259
3353,822,echo_duplicate_end,273.01,T_a02bf5e9,P_2f332b1f,Echo,3,3259
3354,822,echo_duplicate_end,457.96,T_a02bf5e9,P_2f332b1f,Echo,4,3259
3355,822,echo_duplicate_end,633.85,T_a02bf5e9,P_2f332b1f,Echo,6,3259
3356,822,echo_duplicate_end,781.6,T_a02bf5e9,P_2f332b1f,Echo,8,3259
3357,822,echo_duplicate_end,461.26,T_5568bd9d,P_e3eb7fba,Echo,2,3260
3358,822,echo_duplicate_end,620.52,T_5568bd9d,P_e3eb7fba,Echo,4,3260
3359,822,echo_duplicate_end,162.66,T_a02bf5e9,P_2f332b1f,Echo,1,3261
3360,822,echo_duplicate_end,338.93,T_a02bf5e9,P_2f332b1f,Echo,2,3261
3361,823,echo_duplicate_end,121.61,T_a02bf5e9,P_235804a6,Echo,1,3264
3362,823,echo_duplicate_end,317.43,T_a02bf5e9,P_235804a6,Echo,2,3264
3363,823,echo_duplicate_end,514.76,T_f89d2836,P_3e7d79d1,Echo,3,3267
3364,823,echo_duplicate_end,672.69,T_f89d2836,P_3e7d79d1,Echo,5,3267
3365,824,echo_duplicate_end,406.23,T_ce85a3e2,P_1e4cf4b3,Echo,3,3269
3366,824,echo_duplicate_end,161.99,T_0870238b,P_beb1291e,Echo,1,3270
3367,825,echo_duplicate_end,82.94,T_5568bd9d,P_ea44b200,Echo,1,3275
3368,825,echo_duplicate_end,229.76,T_5568bd9d,P_ea44b200,Echo,3,3275
3369,825,echo_duplicate_end,551.67,T_5568bd9d,P_616212b4,Echo,3,3275
3370,825,echo_duplicate_end,696.82,T_5568bd9d,P_616212b4,Echo,4,3275
3371,825,echo_duplicate_end,133.69,T_5a16ee7f,P_616212b4,Echo,1,3276
3372,825,echo_duplicate_end,266.59,T_5a16ee7f,P_616212b4,Echo,2,3276
3373,825,echo_duplicate_end,411.22,T_3eeab546,P_eb7cb5b6,Echo,2,3276
3374,826,echo_duplicate_end,119.31,T_a02bf5e9,P_4f16e3fd,Echo,1,3283
3375,826,echo_duplicate_end,646.12,T_a02bf5e9,P_4f16e3fd,Echo,3,3283
3376,826,echo_duplicate_end,808.53,T_a02bf5e9,P_4f16e3fd,Echo,5,3283
3377,826,echo_duplicate_end,139.76,T_a02bf5e9,P_4f16e3fd,Echo,1,3285
3378,826,echo_duplicate_end,244.89,T_a02bf5e9,P_4f16e3fd,Echo,3,3285
3379,826,echo_duplicate_end,424.64,T_a02bf5e9,P_4f16e3fd,Echo,4,3285
3380,826,echo_duplicate_end,139.76,T_a02bf5e9,P_4f16e3fd,Echo,1,3286
3381,826,echo_duplicate_end,244.89,T_a02bf5e9,P_4f16e3fd,Echo,3,3286
3382,826,echo_duplicate_end,424.64,T_a02bf5e9,P_4f16e3fd,Echo,4,3286
3383,827,echo_duplicate_end,382.32,T_a02bf5e9,P_d9dbeaea,Echo,1,3289
3384,827,echo_duplicate_end,673.29,T_5568bd9d,P_2b547e1a,Echo,3,3289
3385,827,echo_duplicate_end,724.46,T_a02bf5e9,P_d9dbeaea,Echo,3,3289
3386,827,echo_duplicate_end,105.5,T_a02bf5e9,P_b4041d27,Echo,1,3292
3387,827,echo_duplicate_end,268.04,T_a02bf5e9,P_b4041d27,Echo,2,3292
3388,828,echo_duplicate_end,105.5,T_a02bf5e9,P_b4041d27,Echo,1,3298
3389,828,echo_duplicate_end,268.04,T_a02bf5e9,P_b4041d27,Echo,2,3298
3390,828,echo_duplicate_end,382.32,T_a02bf5e9,P_d9dbeaea,Echo,1,3303
3391,828,echo_duplicate_end,673.29,T_5568bd9d,P_2b547e1a,Echo,3,3303
3392,828,echo_duplicate_end,724.46,T_a02bf5e9,P_d9dbeaea,Echo,3,3303
3393,830,echo_duplicate_end,371.17,T_a02bf5e9,P_dbbf3482,Echo,2,3310
3396,832,echo_duplicate_end,205.4,T_a02bf5e9,P_9358f7d7,Echo,1,3322
3397,832,echo_duplicate_end,385,T_a02bf5e9,P_9358f7d7,Echo,3,3322
3398,833,echo_duplicate_end,128.47,T_a02bf5e9,P_30195159,Echo,1,3329
3399,833,echo_duplicate_end,297.7,T_a02bf5e9,P_30195159,Echo,2,3329
3400,833,echo_duplicate_end,497.24,T_a02bf5e9,P_30195159,Echo,4,3329
3401,833,echo_duplicate_end,665.48,T_a02bf5e9,P_30195159,Echo,6,3329
3402,833,echo_duplicate_end,790.43,T_a02bf5e9,P_30195159,Echo,8,3329
3403,834,echo_duplicate_end,441.98,T_a02bf5e9,P_880b852c,Echo,2,3335
3404,834,echo_duplicate_end,587.3,T_a02bf5e9,P_880b852c,Echo,3,3335
3405,834,echo_duplicate_end,161.59,T_a02bf5e9,P_880b852c,Echo,1,3340
3406,834,echo_duplicate_end,224.42,T_5568bd9d,P_7359b808,Echo,1,3340
3407,835,echo_duplicate_end,373.65,T_a02bf5e9,P_c2abf4d2,Echo,2,3347
3408,835,echo_duplicate_end,561.41,T_a02bf5e9,P_c2abf4d2,Echo,3,3347
3409,835,echo_duplicate_end,783.53,T_a02bf5e9,P_c2abf4d2,Echo,4,3347
3410,835,echo_duplicate_end,373.65,T_a02bf5e9,P_c2abf4d2,Echo,2,3348
3411,835,echo_duplicate_end,561.41,T_a02bf5e9,P_c2abf4d2,Echo,3,3348
3412,835,echo_duplicate_end,783.53,T_a02bf5e9,P_c2abf4d2,Echo,4,3348
3413,835,echo_duplicate_end,373.65,T_a02bf5e9,P_c2abf4d2,Echo,2,3349
3414,835,echo_duplicate_end,561.41,T_a02bf5e9,P_c2abf4d2,Echo,3,3349
3415,835,echo_duplicate_end,783.53,T_a02bf5e9,P_c2abf4d2,Echo,4,3349
3416,533,echo_duplicate_end,373.65,T_a02bf5e9,P_c2abf4d2,Echo,2,3350
3417,533,echo_duplicate_end,561.41,T_a02bf5e9,P_c2abf4d2,Echo,3,3350
3418,533,echo_duplicate_end,783.53,T_a02bf5e9,P_c2abf4d2,Echo,4,3350
3419,835,echo_duplicate_end,373.65,T_a02bf5e9,P_c2abf4d2,Echo,2,3351
3420,835,echo_duplicate_end,561.41,T_a02bf5e9,P_c2abf4d2,Echo,3,3351
3421,835,echo_duplicate_end,783.53,T_a02bf5e9,P_c2abf4d2,Echo,4,3351
3422,839,echo_duplicate_end,112.09,T_a02bf5e9,P_2220ef3a,Echo,1,3353
3423,839,echo_duplicate_end,237.29,T_a02bf5e9,P_2220ef3a,Echo,3,3353
3424,839,echo_duplicate_end,472.04,T_a02bf5e9,P_2220ef3a,Echo,5,3353
3425,839,echo_duplicate_end,603.84,T_a02bf5e9,P_2220ef3a,Echo,7,3353
3434,841,echo_duplicate_end,181.97,T_7c9ebfb0,P_ebd092c8,Echo,1,3361
3435,841,echo_duplicate_end,323.1,T_7c9ebfb0,P_ebd092c8,Echo,3,3361
3440,841,echo_duplicate_end,172.04,T_7c9ebfb0,P_ebd092c8,Echo,1,3364
3444,842,echo_duplicate_end,645.65,T_5568bd9d,P_0a25543a,Echo,3,3369
3445,842,echo_duplicate_end,794.24,T_5568bd9d,P_0a25543a,Echo,5,3369
3446,843,echo_duplicate_end,209.35,T_5568bd9d,P_d2ca0d72,Echo,1,3372
3447,843,echo_duplicate_end,403.9,T_5568bd9d,P_d2ca0d72,Echo,2,3372
3448,843,echo_duplicate_end,429.7,T_a02bf5e9,P_b0cf3b85,Echo,2,3376
3449,843,echo_duplicate_end,565.29,T_a02bf5e9,P_b0cf3b85,Echo,3,3376
3450,843,echo_duplicate_end,686.86,T_a02bf5e9,P_b0cf3b85,Echo,5,3376
3451,843,echo_duplicate_end,510.58,T_a02bf5e9,P_0a25543a,Echo,2,3377
3452,844,echo_duplicate_end,135.47,T_a02bf5e9,P_cdff7a77,Echo,1,3380
3453,844,echo_duplicate_end,153.97,T_5568bd9d,P_b0cf3b85,Echo,1,3380
3454,844,echo_duplicate_end,303.42,T_a02bf5e9,P_cdff7a77,Echo,2,3380
3455,844,echo_duplicate_end,310.84,T_5568bd9d,P_b0cf3b85,Echo,2,3380
3456,844,echo_duplicate_end,457.82,T_5568bd9d,P_b0cf3b85,Echo,4,3380
3457,844,echo_duplicate_end,464.38,T_a02bf5e9,P_cdff7a77,Echo,4,3380
3458,844,echo_duplicate_end,607.35,T_5568bd9d,P_b0cf3b85,Echo,5,3380
3459,844,echo_duplicate_end,296.81,T_5568bd9d,P_b0cf3b85,Echo,1,3381
3460,844,echo_duplicate_end,416.48,T_5568bd9d,P_b0cf3b85,Echo,4,3381
3461,844,echo_duplicate_end,600.91,T_5568bd9d,P_b0cf3b85,Echo,5,3381
3462,844,echo_duplicate_end,825.49,T_5568bd9d,P_b0cf3b85,Echo,6,3381
3466,845,echo_duplicate_end,919,T_5568bd9d,P_0a25543a,Echo,4,3386
3467,845,echo_duplicate_end,511.58,T_5568bd9d,P_0a25543a,Echo,2,3388
3468,845,echo_duplicate_end,646.27,T_5568bd9d,P_0a25543a,Echo,4,3388
3469,845,echo_duplicate_end,511.58,T_5568bd9d,P_0a25543a,Echo,2,3389
3470,845,echo_duplicate_end,646.27,T_5568bd9d,P_0a25543a,Echo,4,3389
3471,845,echo_duplicate_end,230.29,T_5568bd9d,P_0a25543a,Echo,1,3390
3472,845,echo_duplicate_end,466.09,T_a02bf5e9,P_235804a6,Echo,2,3390
3473,533,echo_duplicate_end,511.58,T_5568bd9d,P_0a25543a,Echo,2,3391
3474,533,echo_duplicate_end,646.27,T_5568bd9d,P_0a25543a,Echo,4,3391
3475,533,echo_duplicate_end,511.58,T_5568bd9d,P_0a25543a,Echo,2,3392
3476,533,echo_duplicate_end,646.27,T_5568bd9d,P_0a25543a,Echo,4,3392
3477,845,echo_duplicate_end,511.58,T_5568bd9d,P_0a25543a,Echo,2,3393
3478,845,echo_duplicate_end,646.27,T_5568bd9d,P_0a25543a,Echo,4,3393
3479,847,echo_duplicate_end,145.74,T_5e7e44ee,P_0398642e,Echo,1,3399
3480,847,echo_duplicate_end,406.63,T_5e7e44ee,P_0398642e,Echo,4,3399
3481,847,echo_duplicate_end,590.83,T_5e7e44ee,P_0398642e,Echo,6,3399
3482,847,echo_duplicate_end,337.47,T_5e7e44ee,P_0398642e,Echo,2,3401
3483,849,echo_duplicate_end,123.23,T_5568bd9d,P_7175ed84,Echo,1,3409
3484,851,echo_duplicate_end,388.79,T_5568bd9d,P_7359b808,Echo,2,3422
3485,851,echo_duplicate_end,272.74,T_5568bd9d,P_933a4dcb,Echo,1,3426
3486,851,echo_duplicate_end,392.87,T_5568bd9d,P_933a4dcb,Echo,2,3426
3487,852,echo_duplicate_end,139.36,T_af393e70,P_0398642e,Echo,1,3432
3488,852,echo_duplicate_end,319.8,T_af393e70,P_0398642e,Echo,3,3432
3489,854,echo_duplicate_end,168.84,T_a02bf5e9,P_c8bf1ef6,Echo,1,3442
3490,854,echo_duplicate_end,153.33,T_a02bf5e9,P_c8bf1ef6,Echo,1,3443
3491,854,echo_duplicate_end,287.47,T_a02bf5e9,P_c8bf1ef6,Echo,2,3443
3492,854,echo_duplicate_end,472.39,T_a02bf5e9,P_c8bf1ef6,Echo,3,3443
3493,854,echo_duplicate_end,623.83,T_a02bf5e9,P_c8bf1ef6,Echo,4,3443
3494,857,echo_duplicate_end,184.02,T_9c351c5b,P_0eaa8e72,Echo,1,3457
3495,857,echo_duplicate_end,143.28,T_9c351c5b,P_0eaa8e72,Echo,1,3460
3496,857,echo_duplicate_end,580.52,T_9c351c5b,P_0eaa8e72,Echo,4,3460
3497,858,echo_duplicate_end,178.85,T_a02bf5e9,P_b013fd58,Echo,1,3464
3498,858,echo_duplicate_end,316.64,T_a02bf5e9,P_b013fd58,Echo,3,3464
3499,858,echo_duplicate_end,425.57,T_a02bf5e9,P_b013fd58,Echo,5,3464
3500,858,echo_duplicate_end,823.68,T_5568bd9d,P_0a25543a,Echo,4,3464
3503,859,echo_duplicate_end,151.97,T_5568bd9d,P_b0cf3b85,Echo,1,3469
3504,859,echo_duplicate_end,303,T_5568bd9d,P_b0cf3b85,Echo,2,3469
3505,860,echo_duplicate_end,136.11,T_a02bf5e9,P_3bcd74f0,Echo,1,3473
3506,860,echo_duplicate_end,217.07,T_a02bf5e9,P_3bcd74f0,Echo,3,3473
3513,860,echo_duplicate_end,1015.76,T_a02bf5e9,P_3bcd74f0,Echo,7,3476
3514,869,echo_duplicate_end,109.95,T_5568bd9d,P_1c20e30b,Echo,1,3495
3515,869,echo_duplicate_end,217.1,T_5568bd9d,P_1c20e30b,Echo,3,3495
3516,869,echo_duplicate_end,676.56,T_5568bd9d,P_1c20e30b,Echo,5,3496
3517,869,echo_duplicate_end,241.77,T_5568bd9d,P_1c20e30b,Echo,2,3500
3518,870,echo_duplicate_end,677.28,T_e8cd1791,P_b1ff1662,Echo,3,3506
3519,870,echo_duplicate_end,771.32,T_e8cd1791,P_b1ff1662,Echo,6,3506
3520,870,echo_duplicate_end,802.05,T_d0288b63,P_91a65e5f,Echo,6,3506
3521,871,echo_duplicate_end,136.03,T_a02bf5e9,P_92c20b48,Echo,1,3512
3522,871,echo_duplicate_end,280.53,T_a02bf5e9,P_92c20b48,Echo,4,3512
3523,871,echo_duplicate_end,422.76,T_a02bf5e9,P_92c20b48,Echo,6,3512
3524,871,echo_duplicate_end,480.66,T_5568bd9d,P_c0be11da,Echo,2,3512
3525,871,echo_duplicate_end,603.16,T_5568bd9d,P_c0be11da,Echo,4,3512
3526,871,echo_duplicate_end,605.43,T_a02bf5e9,P_92c20b48,Echo,7,3512
3527,874,echo_duplicate_end,207.32,T_a02bf5e9,P_9661247e,Echo,1,3524
3528,874,echo_duplicate_end,371.08,T_a02bf5e9,P_9661247e,Echo,2,3524
3529,874,echo_duplicate_end,523.4,T_5568bd9d,P_b0cf3b85,Echo,3,3525
3530,874,echo_duplicate_end,639.86,T_5568bd9d,P_b0cf3b85,Echo,5,3525
3531,874,echo_duplicate_end,202.53,T_5568bd9d,P_b0cf3b85,Echo,1,3526
3532,874,echo_duplicate_end,367,T_5568bd9d,P_b0cf3b85,Echo,3,3526
3533,874,echo_duplicate_end,511.47,T_5568bd9d,P_b0cf3b85,Echo,6,3526
3534,874,echo_duplicate_end,684.34,T_5568bd9d,P_b0cf3b85,Echo,8,3526
3535,874,echo_duplicate_end,889.91,T_5568bd9d,P_b0cf3b85,Echo,9,3526
3536,875,echo_duplicate_end,139.69,T_5568bd9d,P_9661247e,Echo,1,3527
3537,875,echo_duplicate_end,375.36,T_a02bf5e9,P_b0cf3b85,Echo,2,3527
3538,875,echo_duplicate_end,131,T_5568bd9d,P_9661247e,Echo,1,3530
3539,875,echo_duplicate_end,574.15,T_a02bf5e9,P_b0cf3b85,Echo,3,3530
3540,875,echo_duplicate_end,758.21,T_a02bf5e9,P_b0cf3b85,Echo,4,3530
3541,875,echo_duplicate_end,865.75,T_a02bf5e9,P_b0cf3b85,Echo,6,3530
3542,875,echo_duplicate_end,331.35,T_a02bf5e9,P_b0cf3b85,Echo,1,3531
3543,875,echo_duplicate_end,664.66,T_a02bf5e9,P_b0cf3b85,Echo,3,3531
3544,876,echo_duplicate_end,636.3,T_a02bf5e9,P_cd42b856,Echo,3,3536
3545,876,echo_duplicate_end,809.89,T_a02bf5e9,P_cd42b856,Echo,4,3536
3546,877,echo_duplicate_end,363.08,T_78479f5d,P_7c40e33d,Echo,2,3540
3547,877,echo_duplicate_end,582.02,T_78479f5d,P_7c40e33d,Echo,3,3540
3548,877,echo_duplicate_end,828.46,T_78479f5d,P_7c40e33d,Echo,4,3540
3549,877,echo_duplicate_end,166.04,T_7ff3844e,P_83b23081,Echo,1,3544
3550,877,echo_duplicate_end,262,T_7ff3844e,P_83b23081,Echo,2,3544
3551,877,echo_duplicate_end,136.12,T_78479f5d,P_a250da04,Echo,1,3545
3552,884,echo_duplicate_end,185.5,T_6877e283,P_e4d53ac7,Echo,1,3554
3559,887,echo_duplicate_end,109.8,T_78479f5d,P_b4041d27,Echo,1,3556
3560,887,echo_duplicate_end,216.83,T_78479f5d,P_b4041d27,Echo,2,3556
3561,887,echo_duplicate_end,343.32,T_78479f5d,P_b4041d27,Echo,4,3556
3562,887,echo_duplicate_end,508.66,T_78479f5d,P_b4041d27,Echo,6,3556
3563,887,echo_duplicate_end,624.89,T_78479f5d,P_b4041d27,Echo,7,3556
3564,887,echo_duplicate_end,488.11,T_78479f5d,P_b4041d27,Echo,2,3557
3565,887,echo_duplicate_end,97.64,T_a02bf5e9,P_ec19f3a4,Echo,1,3559
3566,887,echo_duplicate_end,253.56,T_5568bd9d,P_b4041d27,Echo,1,3559
3567,887,echo_duplicate_end,316.95,T_a02bf5e9,P_ec19f3a4,Echo,3,3559
3568,887,echo_duplicate_end,366.33,T_5568bd9d,P_b4041d27,Echo,2,3559
3569,887,echo_duplicate_end,449.06,T_5568bd9d,P_b4041d27,Echo,4,3559
3570,887,echo_duplicate_end,624.15,T_a02bf5e9,P_ec19f3a4,Echo,7,3559
3571,887,echo_duplicate_end,751.86,T_a02bf5e9,P_ec19f3a4,Echo,8,3559
3572,888,echo_duplicate_end,141.55,T_6877e283,P_f5beb119,Echo,1,3561
3573,888,echo_duplicate_end,271.79,T_6877e283,P_f5beb119,Echo,2,3561
3574,888,echo_duplicate_end,735.01,T_6877e283,P_f5beb119,Echo,5,3561
3575,888,echo_duplicate_end,864.04,T_6877e283,P_f5beb119,Echo,7,3561
3576,888,echo_duplicate_end,320.78,T_6877e283,P_f5beb119,Echo,2,3565
3577,888,echo_duplicate_end,428.76,T_6877e283,P_f5beb119,Echo,3,3565
3578,888,echo_duplicate_end,621.04,T_6877e283,P_f5beb119,Echo,5,3565
3579,891,echo_duplicate_end,91.47,T_a02bf5e9,P_3e12e1c3,Echo,1,3575
3580,891,echo_duplicate_end,239.56,T_a02bf5e9,P_3e12e1c3,Echo,2,3575
3581,891,echo_duplicate_end,295.33,T_5568bd9d,P_c0be11da,Echo,2,3575
3582,894,echo_duplicate_end,157.29,T_a02bf5e9,P_939730a9,Echo,1,3588
3583,894,echo_duplicate_end,305.8,T_a02bf5e9,P_939730a9,Echo,2,3588
3584,894,echo_duplicate_end,671.02,T_a02bf5e9,P_939730a9,Echo,3,3588
3585,894,echo_duplicate_end,249.96,T_5568bd9d,P_a250da04,Echo,1,3590
3586,894,echo_duplicate_end,535,T_5568bd9d,P_a250da04,Echo,2,3590
3587,906,echo_duplicate_end,794.05,T_1e08f45a,P_a250da04,Echo,3,3603
3588,908,echo_duplicate_end,133.32,T_d9063442,P_02fe5abe,Echo,1,3612
3589,908,echo_duplicate_end,272.53,T_d9063442,P_02fe5abe,Echo,2,3612
3593,533,echo_duplicate_end,75.58,T_a02bf5e9,P_0053ec1b,Echo,1,3673
3594,533,echo_duplicate_end,166.89,T_5568bd9d,P_c9a7350c,Echo,1,3673
3595,533,echo_duplicate_end,188.16,T_a02bf5e9,P_0053ec1b,Echo,3,3673
3596,533,echo_duplicate_end,339.85,T_a02bf5e9,P_0053ec1b,Echo,5,3673
3597,533,echo_duplicate_end,403.12,T_5568bd9d,P_c9a7350c,Echo,3,3673
3598,533,echo_duplicate_end,594.63,T_5568bd9d,P_c9a7350c,Echo,5,3673
3599,533,echo_duplicate_end,739.56,T_a02bf5e9,P_c91293fd,Echo,3,3673
3600,533,echo_duplicate_end,740.08,T_5568bd9d,P_c9a7350c,Echo,7,3673
3601,533,echo_duplicate_end,533.47,T_a02bf5e9,P_9db011a0,Echo,3,3678
3602,940,echo_duplicate_end,181.78,T_09108de9,P_ebeb5417,Echo,1,3680
3603,940,echo_duplicate_end,387.22,T_09108de9,P_ebeb5417,Echo,3,3680
3604,940,echo_duplicate_end,530.3,T_09108de9,P_ebeb5417,Echo,4,3680
3605,940,echo_duplicate_end,814.27,T_09108de9,P_ebeb5417,Echo,6,3680
3606,940,echo_duplicate_end,856.85,T_553ef4f1,P_b1c47768,Echo,3,3680
3607,940,echo_duplicate_end,966.81,T_09108de9,P_ebeb5417,Echo,7,3680
3608,940,echo_duplicate_end,1033.89,T_553ef4f1,P_b1c47768,Echo,5,3680
3609,940,echo_duplicate_end,780.72,T_09108de9,P_ebeb5417,Echo,5,3681
3610,940,echo_duplicate_end,930.91,T_09108de9,P_ebeb5417,Echo,6,3681
3611,940,echo_duplicate_end,103.32,T_09108de9,P_ebeb5417,Echo,1,3682
3612,940,echo_duplicate_end,282.83,T_09108de9,P_ebeb5417,Echo,2,3682
3613,940,echo_duplicate_end,382.25,T_09108de9,P_ebeb5417,Echo,3,3682
3614,940,echo_duplicate_end,652.51,T_09108de9,P_ebeb5417,Echo,5,3682
3615,940,echo_duplicate_end,790.29,T_09108de9,P_ebeb5417,Echo,6,3682
3616,940,echo_duplicate_end,983.42,T_09108de9,P_ebeb5417,Echo,8,3682
3620,955,echo_duplicate_end,138.62,T_5568bd9d,P_04e33c2e,Echo,1,3721
3621,955,echo_duplicate_end,237.78,T_a02bf5e9,P_ad159efa,Echo,1,3721
3622,955,echo_duplicate_end,370.59,T_5568bd9d,P_04e33c2e,Echo,2,3721
3623,955,echo_duplicate_end,477.01,T_5568bd9d,P_04e33c2e,Echo,4,3721
3624,955,echo_duplicate_end,492.02,T_a02bf5e9,P_ad159efa,Echo,3,3721
3625,955,echo_duplicate_end,624.1,T_5568bd9d,P_04e33c2e,Echo,7,3721
3631,958,echo_duplicate_end,307.67,T_5568bd9d,P_04e33c2e,Echo,2,3733
3632,958,echo_duplicate_end,412.36,T_5568bd9d,P_04e33c2e,Echo,4,3733
3633,958,echo_duplicate_end,535.24,T_5568bd9d,P_04e33c2e,Echo,6,3733
3634,958,echo_duplicate_end,107.24,T_a02bf5e9,P_6a5d9064,Echo,1,3734
3635,958,echo_duplicate_end,301.78,T_a02bf5e9,P_6a5d9064,Echo,2,3734
3636,958,echo_duplicate_end,426.01,T_a02bf5e9,P_6a5d9064,Echo,4,3734
3637,958,echo_duplicate_end,522.38,T_5568bd9d,P_04e33c2e,Echo,2,3734
3638,958,echo_duplicate_end,537.74,T_a02bf5e9,P_6a5d9064,Echo,6,3734
3639,958,echo_duplicate_end,689.97,T_a02bf5e9,P_6a5d9064,Echo,7,3734
3640,958,echo_duplicate_end,808.95,T_a02bf5e9,P_6a5d9064,Echo,9,3734
3641,958,echo_duplicate_end,924.56,T_a02bf5e9,P_6a5d9064,Echo,11,3734
3642,959,echo_duplicate_end,375.14,T_a02bf5e9,P_5a031194,Echo,3,3735
3643,959,echo_duplicate_end,481.01,T_a02bf5e9,P_5a031194,Echo,4,3735
3644,959,echo_duplicate_end,643.25,T_a02bf5e9,P_5a031194,Echo,5,3735
3645,960,echo_duplicate_end,605.44,T_a02bf5e9,P_d3213688,Echo,3,3742
3646,960,echo_duplicate_end,789.96,T_a02bf5e9,P_d3213688,Echo,4,3742
3647,960,echo_duplicate_end,909.19,T_a02bf5e9,P_d3213688,Echo,5,3742
3648,960,echo_duplicate_end,944.8,T_5568bd9d,P_19736ab5,Echo,4,3742
3649,960,echo_duplicate_end,430.59,T_a02bf5e9,P_48ec12ac,Echo,3,3744
3650,960,echo_duplicate_end,767.81,T_a02bf5e9,P_48ec12ac,Echo,4,3744
3651,960,echo_duplicate_end,903.83,T_a02bf5e9,P_48ec12ac,Echo,5,3744
3652,960,echo_duplicate_end,1021.07,T_a02bf5e9,P_48ec12ac,Echo,6,3744
3653,960,echo_duplicate_end,167.66,T_a02bf5e9,P_48ec12ac,Echo,1,3746
3654,961,echo_duplicate_end,138.62,T_5568bd9d,P_04e33c2e,Echo,1,3748
3655,961,echo_duplicate_end,237.78,T_a02bf5e9,P_ad159efa,Echo,1,3748
3656,961,echo_duplicate_end,370.59,T_5568bd9d,P_04e33c2e,Echo,2,3748
3657,961,echo_duplicate_end,477.01,T_5568bd9d,P_04e33c2e,Echo,4,3748
3658,961,echo_duplicate_end,492.02,T_a02bf5e9,P_ad159efa,Echo,3,3748
3659,961,echo_duplicate_end,624.1,T_5568bd9d,P_04e33c2e,Echo,7,3748
3660,962,echo_duplicate_end,840.92,T_5568bd9d,P_b0cf3b85,Echo,6,3751
3662,963,echo_duplicate_end,200.1,T_a02bf5e9,P_26dd8118,Echo,1,3755
3663,964,echo_duplicate_end,362.6,T_5568bd9d,P_b0cf3b85,Echo,2,3764
3664,964,echo_duplicate_end,497.17,T_5568bd9d,P_b0cf3b85,Echo,3,3764
3665,965,echo_duplicate_end,151.67,T_a02bf5e9,P_6c3844e0,Echo,1,3768
3666,966,echo_duplicate_end,675.46,T_a91a165f,P_2b02f181,Écho,4,3771
3667,968,echo_duplicate_end,675.46,T_a91a165f,P_2b02f181,Écho,4,3773
3668,972,echo_duplicate_end,144.48,T_1699ed97,P_79304530,Echo,1,3785
3669,972,echo_duplicate_end,627.5,T_1699ed97,P_79304530,Echo,5,3785
3670,972,echo_duplicate_end,832.57,T_1699ed97,P_79304530,Echo,7,3785
3671,972,echo_duplicate_end,956.01,T_1699ed97,P_79304530,Echo,8,3785
3672,972,echo_duplicate_end,144.48,T_1699ed97,P_79304530,Echo,1,3786
3673,972,echo_duplicate_end,627.5,T_1699ed97,P_79304530,Echo,5,3786
3674,972,echo_duplicate_end,832.57,T_1699ed97,P_79304530,Echo,7,3786
3675,972,echo_duplicate_end,956.01,T_1699ed97,P_79304530,Echo,8,3786
3592,914,echo_duplicate_end,155.25,T_f62e24fe,P_19736ab5,Echo,1,
3626,958,echo_duplicate_end,322.87,T_5568bd9d,P_04e33c2e,Echo,3,
3627,958,echo_duplicate_end,504.63,T_5568bd9d,P_04e33c2e,Echo,4,
3630,958,echo_duplicate_end,252.14,T_5568bd9d,P_04e33c2e,Echo,1,
3661,962,echo_duplicate_end,167.82,T_5568bd9d,P_b0cf3b85,Echo,1,
3617,942,echo_duplicate_end,233.36,T_553ef4f1,P_af0db0cf,Echo,1,
3618,942,echo_duplicate_end,458.65,T_553ef4f1,P_af0db0cf,Echo,3,
3619,942,echo_duplicate_end,599.83,T_553ef4f1,P_af0db0cf,Echo,5,
3676,972,echo_duplicate_end,144.48,T_1699ed97,P_79304530,Echo,1,3788
3677,972,echo_duplicate_end,627.5,T_1699ed97,P_79304530,Echo,5,3788
3678,972,echo_duplicate_end,832.57,T_1699ed97,P_79304530,Echo,7,3788
3679,972,echo_duplicate_end,956.01,T_1699ed97,P_79304530,Echo,8,3788
3680,972,echo_duplicate_end,144.48,T_1699ed97,P_79304530,Echo,1,3790
3681,972,echo_duplicate_end,627.5,T_1699ed97,P_79304530,Echo,5,3790
3682,972,echo_duplicate_end,832.57,T_1699ed97,P_79304530,Echo,7,3790
3683,972,echo_duplicate_end,956.01,T_1699ed97,P_79304530,Echo,8,3790
3685,971,echo_duplicate_end,838.61,T_5568bd9d,P_2010caad,Echo,6,3792
3686,972,echo_duplicate_end,645.08,T_1699ed97,P_79304530,Echo,4,3793
3687,972,echo_duplicate_end,144.48,T_1699ed97,P_79304530,Echo,1,3794
3688,972,echo_duplicate_end,627.5,T_1699ed97,P_79304530,Echo,5,3794
3689,972,echo_duplicate_end,832.57,T_1699ed97,P_79304530,Echo,7,3794
3690,972,echo_duplicate_end,956.01,T_1699ed97,P_79304530,Echo,8,3794
3691,972,echo_duplicate_end,144.48,T_1699ed97,P_79304530,Echo,1,3795
3692,972,echo_duplicate_end,627.5,T_1699ed97,P_79304530,Echo,5,3795
3693,972,echo_duplicate_end,832.57,T_1699ed97,P_79304530,Echo,7,3795
3694,972,echo_duplicate_end,956.01,T_1699ed97,P_79304530,Echo,8,3795
3695,972,echo_duplicate_end,144.48,T_1699ed97,P_79304530,Echo,1,3796
3696,972,echo_duplicate_end,627.5,T_1699ed97,P_79304530,Echo,5,3796
3697,972,echo_duplicate_end,832.57,T_1699ed97,P_79304530,Echo,7,3796
3698,972,echo_duplicate_end,956.01,T_1699ed97,P_79304530,Echo,8,3796
3699,972,echo_duplicate_end,144.48,T_1699ed97,P_79304530,Echo,1,3797
3700,972,echo_duplicate_end,627.5,T_1699ed97,P_79304530,Echo,5,3797
3701,972,echo_duplicate_end,832.57,T_1699ed97,P_79304530,Echo,7,3797
3702,972,echo_duplicate_end,956.01,T_1699ed97,P_79304530,Echo,8,3797
3703,972,echo_duplicate_end,144.48,T_1699ed97,P_79304530,Echo,1,3798
3704,972,echo_duplicate_end,627.5,T_1699ed97,P_79304530,Echo,5,3798
3705,972,echo_duplicate_end,832.57,T_1699ed97,P_79304530,Echo,7,3798
3706,972,echo_duplicate_end,956.01,T_1699ed97,P_79304530,Echo,8,3798
3707,973,echo_duplicate_end,144.48,T_1699ed97,P_79304530,Echo,1,3799
3708,973,echo_duplicate_end,627.5,T_1699ed97,P_79304530,Echo,5,3799
3709,973,echo_duplicate_end,832.57,T_1699ed97,P_79304530,Echo,7,3799
3710,973,echo_duplicate_end,956.01,T_1699ed97,P_79304530,Echo,8,3799
3711,974,echo_duplicate_end,144.48,T_1699ed97,P_79304530,Echo,1,3800
3712,974,echo_duplicate_end,627.5,T_1699ed97,P_79304530,Echo,5,3800
3713,974,echo_duplicate_end,832.57,T_1699ed97,P_79304530,Echo,7,3800
3714,974,echo_duplicate_end,956.01,T_1699ed97,P_79304530,Echo,8,3800
3715,972,echo_duplicate_end,144.48,T_1699ed97,P_79304530,Echo,1,3801
3716,972,echo_duplicate_end,627.5,T_1699ed97,P_79304530,Echo,5,3801
3717,972,echo_duplicate_end,832.57,T_1699ed97,P_79304530,Echo,7,3801
3718,972,echo_duplicate_end,956.01,T_1699ed97,P_79304530,Echo,8,3801
3719,975,echo_duplicate_end,276.37,T_8b7c3d9b,P_41705ba0,Echo,1,3803
3720,975,echo_duplicate_end,176.52,T_8b7c3d9b,P_41705ba0,Echo,1,3805
3721,975,echo_duplicate_end,501.72,T_8b7c3d9b,P_41705ba0,Echo,2,3805
3722,975,echo_duplicate_end,565.37,T_1699ed97,P_f7d1f601,Echo,2,3805
3723,975,echo_duplicate_end,653.99,T_8b7c3d9b,P_41705ba0,Echo,3,3805
3724,975,echo_duplicate_end,697.92,T_1699ed97,P_f7d1f601,Echo,3,3805
3729,981,echo_duplicate_end,187.14,T_db8cc624,P_4c62b133,Echo,1,3823
3730,981,echo_duplicate_end,260.62,T_db8cc624,P_8a9c4037,Echo,1,3824
3731,982,echo_duplicate_end,518.49,T_3238eb96,P_38de0158,Echo,3,3829
3732,982,echo_duplicate_end,660.6,T_3238eb96,P_38de0158,Echo,5,3829
3733,982,echo_duplicate_end,821.4,T_3238eb96,P_38de0158,Echo,7,3829
3737,985,echo_duplicate_end,171.28,T_5568bd9d,P_b0cf3b85,Echo,1,3845
3738,985,echo_duplicate_end,127.26,T_5568bd9d,P_b0cf3b85,Echo,1,3848
3739,985,echo_duplicate_end,353.31,T_5568bd9d,P_b0cf3b85,Echo,3,3848
3740,985,echo_duplicate_end,502.84,T_5568bd9d,P_b0cf3b85,Echo,4,3848
3741,985,echo_duplicate_end,599.64,T_5568bd9d,P_b0cf3b85,Echo,5,3848
3742,986,echo_duplicate_end,283.57,T_5568bd9d,P_cf8b7dec,Echo,1,3857
3743,986,echo_duplicate_end,379.32,T_5568bd9d,P_cf8b7dec,Echo,3,3857
3744,986,echo_duplicate_end,106.95,T_5568bd9d,P_2010caad,Echo,1,3860
3745,990,echo_duplicate_end,114.06,T_dfd70c07,P_65ce47bb,Echo,1,3867
3752,990,echo_duplicate_end,137.93,T_3238eb96,P_51cfbd96,Echo,1,3879
3753,990,echo_duplicate_end,319.03,T_3238eb96,P_51cfbd96,Echo,2,3879
3754,990,echo_duplicate_end,592.61,T_3238eb96,P_51cfbd96,Echo,3,3879
3755,990,echo_duplicate_end,744.69,T_3238eb96,P_51cfbd96,Echo,4,3879
3756,991,echo_duplicate_end,219.41,T_a02bf5e9,P_ae2b4286,Echo,1,3883
3757,992,echo_duplicate_end,709.08,T_a02bf5e9,P_dcef6994,Echo,4,3887
3758,992,echo_duplicate_end,826.95,T_a02bf5e9,P_dcef6994,Echo,5,3887
3761,1000,echo_duplicate_end,648.65,T_ef5236df,P_6769084c,Echo,4,3907
3762,1000,echo_duplicate_end,729.18,T_05bd8a51,P_83e6ec7d,Echo,3,3907
3763,1000,echo_duplicate_end,856.69,T_05bd8a51,P_83e6ec7d,Echo,5,3907
3764,1000,echo_duplicate_end,913.73,T_ef5236df,P_6769084c,Echo,6,3907
3765,1003,echo_duplicate_end,551.46,T_a02bf5e9,P_799e99e9,Echo,4,3921
3766,1003,echo_duplicate_end,551.46,T_a02bf5e9,P_799e99e9,Echo,4,3923
3767,1004,echo_duplicate_end,773.33,T_3238eb96,P_51cfbd96,Echo,3,3928
3768,1009,echo_duplicate_end,457.93,T_1699ed97,P_a0a60ebf,Echo,3,3933
3769,1012,echo_duplicate_end,326.43,T_5568bd9d,P_b0cf3b85,Echo,1,3952
3770,1012,echo_duplicate_end,567.29,T_a02bf5e9,P_ee8d3718,Echo,2,3952
3771,1012,echo_duplicate_end,159.61,T_5568bd9d,P_b0cf3b85,Echo,1,3953
3772,1012,echo_duplicate_end,174.44,T_a02bf5e9,P_ee8d3718,Echo,1,3954
3773,1012,echo_duplicate_end,281.51,T_a02bf5e9,P_ee8d3718,Echo,2,3954
3774,1012,echo_duplicate_end,584.89,T_a02bf5e9,P_ee8d3718,Echo,3,3954
3775,1012,echo_duplicate_end,721.23,T_a02bf5e9,P_ee8d3718,Echo,5,3954
3776,1012,echo_duplicate_end,172.96,T_a02bf5e9,P_ee8d3718,Echo,1,3955
3777,1012,echo_duplicate_end,261.88,T_5568bd9d,P_0a25543a,Echo,1,3955
3778,1012,echo_duplicate_end,363.02,T_a02bf5e9,P_ee8d3718,Echo,3,3955
3779,1012,echo_duplicate_end,409.49,T_5568bd9d,P_0a25543a,Echo,2,3955
3780,1012,echo_duplicate_end,524.39,T_a02bf5e9,P_ee8d3718,Echo,4,3955
3725,975,echo_duplicate_end,301.42,T_8b7c3d9b,P_41705ba0,Echo,1,
3728,980,echo_duplicate_end,264.56,T_26e6dabd,P_4afed202,Echo,1,
3759,999,echo_duplicate_end,709.08,T_a02bf5e9,P_dcef6994,Echo,4,
3760,999,echo_duplicate_end,826.95,T_a02bf5e9,P_dcef6994,Echo,5,
3781,1012,echo_duplicate_end,561.61,T_5568bd9d,P_0a25543a,Echo,3,3955
3782,1013,echo_duplicate_end,153.94,T_5568bd9d,P_19736ab5,Echo,1,3957
3783,1013,echo_duplicate_end,162.46,T_a02bf5e9,P_143e8291,Echo,1,3957
3784,1013,echo_duplicate_end,218.78,T_5568bd9d,P_19736ab5,Echo,3,3957
3785,1013,echo_duplicate_end,416.88,T_a02bf5e9,P_143e8291,Echo,3,3957
3786,1013,echo_duplicate_end,418.25,T_5568bd9d,P_19736ab5,Echo,4,3957
3787,1013,echo_duplicate_end,560.39,T_a02bf5e9,P_143e8291,Echo,5,3957
3788,1013,echo_duplicate_end,705.59,T_a02bf5e9,P_143e8291,Echo,7,3957
3789,1013,echo_duplicate_end,773.43,T_5568bd9d,P_19736ab5,Echo,6,3957
3790,1013,echo_duplicate_end,856.42,T_a02bf5e9,P_143e8291,Echo,8,3957
3791,1013,echo_duplicate_end,185.23,T_5568bd9d,P_19736ab5,Echo,1,3958
3792,1013,echo_duplicate_end,239.14,T_a02bf5e9,P_143e8291,Echo,1,3958
3793,1013,echo_duplicate_end,376.18,T_5568bd9d,P_19736ab5,Echo,3,3958
3794,1013,echo_duplicate_end,439.67,T_a02bf5e9,P_143e8291,Echo,2,3958
3795,1013,echo_duplicate_end,474.44,T_5568bd9d,P_19736ab5,Echo,4,3958
3796,1013,echo_duplicate_end,610.35,T_a02bf5e9,P_143e8291,Echo,3,3958
3797,1013,echo_duplicate_end,716.19,T_5568bd9d,P_19736ab5,Echo,6,3958
3798,1013,echo_duplicate_end,756.93,T_a02bf5e9,P_143e8291,Echo,5,3958
3799,1013,echo_duplicate_end,867.81,T_a02bf5e9,P_143e8291,Echo,6,3958
3800,1013,echo_duplicate_end,880.41,T_5568bd9d,P_19736ab5,Echo,7,3958
3801,1013,echo_duplicate_end,118.46,T_5568bd9d,P_19736ab5,Echo,1,3959
3802,1013,echo_duplicate_end,137.92,T_a02bf5e9,P_143e8291,Echo,1,3959
3803,1013,echo_duplicate_end,263,T_5568bd9d,P_19736ab5,Echo,2,3959
3804,1013,echo_duplicate_end,464.3,T_a02bf5e9,P_143e8291,Echo,3,3959
3805,1013,echo_duplicate_end,469.77,T_5568bd9d,P_19736ab5,Echo,3,3959
3806,1013,echo_duplicate_end,584.44,T_5568bd9d,P_19736ab5,Echo,5,3959
3807,1013,echo_duplicate_end,597.84,T_a02bf5e9,P_143e8291,Echo,4,3959
3808,1013,echo_duplicate_end,731.24,T_5568bd9d,P_19736ab5,Echo,6,3959
3809,1013,echo_duplicate_end,743.78,T_a02bf5e9,P_143e8291,Echo,6,3959
3810,1013,echo_duplicate_end,171.42,T_a02bf5e9,P_143e8291,Echo,1,3960
3811,1013,echo_duplicate_end,210.76,T_5568bd9d,P_19736ab5,Echo,1,3960
3812,1013,echo_duplicate_end,330.96,T_a02bf5e9,P_143e8291,Echo,2,3960
3813,1013,echo_duplicate_end,336.86,T_5568bd9d,P_19736ab5,Echo,3,3960
3814,1013,echo_duplicate_end,457.9,T_5568bd9d,P_19736ab5,Echo,4,3960
3815,1013,echo_duplicate_end,505.37,T_a02bf5e9,P_143e8291,Echo,3,3960
3816,1013,echo_duplicate_end,696.03,T_a02bf5e9,P_143e8291,Echo,4,3960
3817,1013,echo_duplicate_end,726.91,T_5568bd9d,P_19736ab5,Echo,5,3960
3818,1013,echo_duplicate_end,145.47,T_5568bd9d,P_19736ab5,Echo,1,3961
3819,1013,echo_duplicate_end,174.12,T_a02bf5e9,P_143e8291,Echo,1,3961
3820,1013,echo_duplicate_end,300.4,T_5568bd9d,P_19736ab5,Echo,2,3961
3821,1013,echo_duplicate_end,364.81,T_a02bf5e9,P_143e8291,Echo,2,3961
3822,1013,echo_duplicate_end,405.36,T_5568bd9d,P_19736ab5,Echo,3,3961
3823,1013,echo_duplicate_end,484.59,T_5568bd9d,P_19736ab5,Echo,4,3961
3824,1013,echo_duplicate_end,545.56,T_a02bf5e9,P_143e8291,Echo,3,3961
3825,1013,echo_duplicate_end,624.09,T_5568bd9d,P_19736ab5,Echo,6,3961
3830,1013,echo_duplicate_end,118.44,T_a02bf5e9,P_143e8291,Echo,1,3963
3831,1013,echo_duplicate_end,172.65,T_5568bd9d,P_19736ab5,Echo,1,3963
3832,1013,echo_duplicate_end,356.48,T_5568bd9d,P_19736ab5,Echo,3,3963
3833,1013,echo_duplicate_end,480.15,T_5568bd9d,P_19736ab5,Echo,5,3963
3834,1013,echo_duplicate_end,658.15,T_5568bd9d,P_19736ab5,Echo,6,3963
3835,1013,echo_duplicate_end,772.68,T_5568bd9d,P_19736ab5,Echo,7,3963
3836,1022,echo_duplicate_end,69.5,T_5568bd9d,P_9661247e,Echo,1,3971
3837,1022,echo_duplicate_end,158.04,T_5568bd9d,P_9661247e,Echo,2,3971
3838,1024,echo_duplicate_end,519.97,T_5568bd9d,P_a0a60ebf,Echo,2,3983
3839,1025,echo_duplicate_end,170.39,T_a02bf5e9,P_51cfbd96,Echo,1,3984
3840,1025,echo_duplicate_end,316.98,T_a02bf5e9,P_51cfbd96,Echo,3,3984
3841,1024,echo_duplicate_end,267.63,T_a02bf5e9,P_438787e5,Echo,1,3987
3842,1026,echo_duplicate_end,102.59,T_a02bf5e9,P_4fcb7d6c,Echo,1,3994
3843,1026,echo_duplicate_end,185.22,T_5568bd9d,P_52837dc5,Echo,1,3994
3844,1026,echo_duplicate_end,227.42,T_a02bf5e9,P_4fcb7d6c,Echo,3,3994
3845,1026,echo_duplicate_end,333.04,T_5568bd9d,P_52837dc5,Echo,2,3994
3846,1026,echo_duplicate_end,402.17,T_a02bf5e9,P_4fcb7d6c,Echo,5,3994
3847,1026,echo_duplicate_end,577.94,T_a02bf5e9,P_4fcb7d6c,Echo,7,3994
3848,1026,echo_duplicate_end,677.52,T_5568bd9d,P_59feff10,Echo,3,3994
3849,1026,echo_duplicate_end,696.95,T_a02bf5e9,P_4fcb7d6c,Echo,8,3994
3864,1028,echo_duplicate_end,159.96,T_3238eb96,P_51cfbd96,Echo,1,4002
3865,1028,echo_duplicate_end,151.01,T_3238eb96,P_51cfbd96,Echo,1,4003
3866,1028,echo_duplicate_end,345.41,T_3238eb96,P_51cfbd96,Echo,2,4003
3867,1028,echo_duplicate_end,500.04,T_3238eb96,P_51cfbd96,Echo,4,4003
3868,1028,echo_duplicate_end,595.08,T_3238eb96,P_51cfbd96,Echo,5,4003
3869,1028,echo_duplicate_end,170.15,T_00cb894d,P_cca4cd59,Echo,1,4004
3870,1028,echo_duplicate_end,399.87,T_00cb894d,P_cca4cd59,Echo,2,4004
3871,1028,echo_duplicate_end,145.86,T_00cb894d,P_ff4a9ac9,Echo,1,4006
3872,1028,echo_duplicate_end,819.75,T_3238eb96,P_07cc4a1a,Echo,5,4006
3873,1029,echo_duplicate_end,139.89,T_5568bd9d,P_62b2684a,Echo,1,4008
3874,1029,echo_duplicate_end,144.78,T_a02bf5e9,P_d60b7375,Echo,1,4008
3875,1029,echo_duplicate_end,296.53,T_5568bd9d,P_62b2684a,Echo,3,4008
3876,1029,echo_duplicate_end,342.76,T_a02bf5e9,P_d60b7375,Echo,3,4008
3877,1029,echo_duplicate_end,413.94,T_5568bd9d,P_62b2684a,Echo,5,4008
3861,1026,echo_duplicate_end,191.04,T_a02bf5e9,P_4fcb7d6c,Echo,1,
3862,1026,echo_duplicate_end,517.18,T_a02bf5e9,P_4fcb7d6c,Echo,4,
3863,1026,echo_duplicate_end,768.64,T_a02bf5e9,P_4fcb7d6c,Echo,6,
3850,1026,echo_duplicate_end,278.17,T_a02bf5e9,P_4fcb7d6c,Echo,2,
3851,1026,echo_duplicate_end,468.82,T_a02bf5e9,P_4fcb7d6c,Echo,4,
3852,1026,echo_duplicate_end,582.6,T_a02bf5e9,P_4fcb7d6c,Echo,5,
3853,1026,echo_duplicate_end,744.82,T_a02bf5e9,P_4fcb7d6c,Echo,7,
3855,1026,echo_duplicate_end,162.23,T_a02bf5e9,P_4fcb7d6c,Echo,1,
3856,1026,echo_duplicate_end,269.92,T_a02bf5e9,P_4fcb7d6c,Echo,3,
3857,1026,echo_duplicate_end,413.57,T_a02bf5e9,P_4fcb7d6c,Echo,4,
3858,1026,echo_duplicate_end,485.72,T_a02bf5e9,P_4fcb7d6c,Echo,6,
3878,1029,echo_duplicate_end,519.44,T_a02bf5e9,P_d60b7375,Echo,5,4008
3879,1029,echo_duplicate_end,594.55,T_5568bd9d,P_62b2684a,Echo,6,4008
3880,1029,echo_duplicate_end,689.74,T_a02bf5e9,P_d60b7375,Echo,7,4008
3881,1029,echo_duplicate_end,707.91,T_5568bd9d,P_62b2684a,Echo,8,4008
3882,1029,echo_duplicate_end,789.8,T_5568bd9d,P_62b2684a,Echo,10,4008
3883,1029,echo_duplicate_end,819.38,T_a02bf5e9,P_d60b7375,Echo,8,4008
3884,1029,echo_duplicate_end,161.29,T_5568bd9d,P_62b2684a,Echo,1,4009
3885,1029,echo_duplicate_end,289.88,T_5568bd9d,P_62b2684a,Echo,3,4009
3886,1029,echo_duplicate_end,403.93,T_5568bd9d,P_62b2684a,Echo,4,4009
3887,1029,echo_duplicate_end,555.16,T_5568bd9d,P_62b2684a,Echo,5,4009
3892,1030,echo_duplicate_end,102.62,T_a02bf5e9,P_97b3704e,Echo,1,4013
3893,1030,echo_duplicate_end,344.83,T_1699ed97,P_6e76b288,Echo,2,4013
3894,1030,echo_duplicate_end,346.43,T_a02bf5e9,P_97b3704e,Echo,3,4013
3895,1030,echo_duplicate_end,695.57,T_a02bf5e9,P_74b0cd03,Echo,3,4013
3896,1030,echo_duplicate_end,145.65,T_a02bf5e9,P_97b3704e,Echo,1,4016
3897,1030,echo_duplicate_end,330.81,T_a02bf5e9,P_97b3704e,Echo,2,4016
3898,1030,echo_duplicate_end,340.06,T_1699ed97,P_6e76b288,Echo,2,4016
3899,1030,echo_duplicate_end,539.28,T_a02bf5e9,P_97b3704e,Echo,3,4016
3900,1031,echo_duplicate_end,182.99,T_1699ed97,P_6e76b288,Echo,1,4020
3901,1031,echo_duplicate_end,331.59,T_1699ed97,P_6e76b288,Echo,2,4020
3902,1031,echo_duplicate_end,526.66,T_1699ed97,P_4db9d746,Echo,3,4021
3903,1031,echo_duplicate_end,313.88,T_1699ed97,P_6e76b288,Echo,1,4022
3904,1031,echo_duplicate_end,796.8,T_a02bf5e9,P_93c5bef5,Echo,5,4022
3913,1031,echo_duplicate_end,323.08,T_1699ed97,P_6e76b288,Echo,1,4030
3914,1031,echo_duplicate_end,582.38,T_1699ed97,P_6e76b288,Echo,2,4030
3915,1031,echo_duplicate_end,481.52,T_a02bf5e9,P_93c5bef5,Echo,2,4032
3916,1031,echo_duplicate_end,715.4,T_a02bf5e9,P_5fbb6bff,Echo,3,4032
3917,1040,echo_duplicate_end,120.43,T_5568bd9d,P_19736ab5,Echo,1,4040
3918,1040,echo_duplicate_end,154.47,T_a02bf5e9,P_9af499d1,Echo,1,4040
3919,1040,echo_duplicate_end,272.48,T_a02bf5e9,P_9af499d1,Echo,3,4040
3920,1040,echo_duplicate_end,281.92,T_5568bd9d,P_19736ab5,Echo,3,4040
3921,1040,echo_duplicate_end,392.78,T_5568bd9d,P_19736ab5,Echo,5,4040
3922,1040,echo_duplicate_end,466.89,T_a02bf5e9,P_9af499d1,Echo,4,4040
3923,1040,echo_duplicate_end,510.69,T_5568bd9d,P_19736ab5,Echo,7,4040
3924,1040,echo_duplicate_end,554.39,T_a02bf5e9,P_9af499d1,Echo,6,4040
3925,1040,echo_duplicate_end,666.52,T_a02bf5e9,P_9af499d1,Echo,8,4040
3926,1040,echo_duplicate_end,667.86,T_5568bd9d,P_19736ab5,Echo,8,4040
3927,1040,echo_duplicate_end,776.62,T_5568bd9d,P_19736ab5,Echo,10,4040
3928,1041,echo_duplicate_end,120.43,T_5568bd9d,P_19736ab5,Echo,1,4041
3929,1041,echo_duplicate_end,154.47,T_a02bf5e9,P_9af499d1,Echo,1,4041
3930,1041,echo_duplicate_end,272.48,T_a02bf5e9,P_9af499d1,Echo,3,4041
3931,1041,echo_duplicate_end,281.92,T_5568bd9d,P_19736ab5,Echo,3,4041
3932,1041,echo_duplicate_end,392.78,T_5568bd9d,P_19736ab5,Echo,5,4041
3933,1041,echo_duplicate_end,466.89,T_a02bf5e9,P_9af499d1,Echo,4,4041
3934,1041,echo_duplicate_end,510.69,T_5568bd9d,P_19736ab5,Echo,7,4041
3935,1041,echo_duplicate_end,554.39,T_a02bf5e9,P_9af499d1,Echo,6,4041
3936,1041,echo_duplicate_end,666.52,T_a02bf5e9,P_9af499d1,Echo,8,4041
3937,1041,echo_duplicate_end,667.86,T_5568bd9d,P_19736ab5,Echo,8,4041
3938,1041,echo_duplicate_end,776.62,T_5568bd9d,P_19736ab5,Echo,10,4041
3939,1042,echo_duplicate_end,120.43,T_5568bd9d,P_19736ab5,Echo,1,4042
3940,1042,echo_duplicate_end,154.47,T_a02bf5e9,P_9af499d1,Echo,1,4042
3941,1042,echo_duplicate_end,272.48,T_a02bf5e9,P_9af499d1,Echo,3,4042
3942,1042,echo_duplicate_end,281.92,T_5568bd9d,P_19736ab5,Echo,3,4042
3943,1042,echo_duplicate_end,392.78,T_5568bd9d,P_19736ab5,Echo,5,4042
3944,1042,echo_duplicate_end,466.89,T_a02bf5e9,P_9af499d1,Echo,4,4042
3945,1042,echo_duplicate_end,510.69,T_5568bd9d,P_19736ab5,Echo,7,4042
3946,1042,echo_duplicate_end,554.39,T_a02bf5e9,P_9af499d1,Echo,6,4042
3947,1042,echo_duplicate_end,666.52,T_a02bf5e9,P_9af499d1,Echo,8,4042
3948,1042,echo_duplicate_end,667.86,T_5568bd9d,P_19736ab5,Echo,8,4042
3949,1042,echo_duplicate_end,776.62,T_5568bd9d,P_19736ab5,Echo,10,4042
3950,1042,echo_duplicate_end,107.16,T_5568bd9d,P_19736ab5,Echo,1,4043
3951,1042,echo_duplicate_end,240.79,T_5568bd9d,P_19736ab5,Echo,2,4043
3952,1042,echo_duplicate_end,418.59,T_5568bd9d,P_19736ab5,Echo,3,4043
3953,1042,echo_duplicate_end,635.06,T_a02bf5e9,P_9af499d1,Echo,4,4043
3954,1042,echo_duplicate_end,637.79,T_5568bd9d,P_19736ab5,Echo,4,4043
3955,1042,echo_duplicate_end,111.26,T_5568bd9d,P_19736ab5,Echo,1,4044
3956,1042,echo_duplicate_end,248.35,T_5568bd9d,P_19736ab5,Echo,3,4044
3957,1042,echo_duplicate_end,373.71,T_5568bd9d,P_19736ab5,Echo,6,4044
3958,1042,echo_duplicate_end,478.42,T_5568bd9d,P_19736ab5,Echo,8,4044
3959,1049,echo_duplicate_end,128.19,T_985fffee,P_376a1a91,Echo,1,4045
3960,1049,echo_duplicate_end,217.9,T_985fffee,P_376a1a91,Echo,3,4045
3961,1049,echo_duplicate_end,148.11,T_985fffee,P_376a1a91,Echo,1,4046
3962,1049,echo_duplicate_end,326.87,T_985fffee,P_376a1a91,Echo,2,4046
3963,1049,echo_duplicate_end,459.02,T_985fffee,P_376a1a91,Echo,4,4046
3964,1049,echo_duplicate_end,646.96,T_985fffee,P_376a1a91,Echo,5,4046
3965,1049,echo_duplicate_end,747.22,T_985fffee,P_376a1a91,Echo,6,4046
3966,1049,echo_duplicate_end,858.3,T_985fffee,P_376a1a91,Echo,7,4046
3967,1049,echo_duplicate_end,118.3,T_985fffee,P_376a1a91,Echo,1,4048
3968,1049,echo_duplicate_end,227.33,T_985fffee,P_376a1a91,Echo,3,4048
3969,1049,echo_duplicate_end,357.65,T_985fffee,P_376a1a91,Echo,4,4048
3970,1049,echo_duplicate_end,491.1,T_985fffee,P_376a1a91,Echo,5,4048
3971,1049,echo_duplicate_end,686.37,T_985fffee,P_376a1a91,Echo,7,4048
3972,1049,echo_duplicate_end,766.6,T_985fffee,P_376a1a91,Echo,8,4048
3977,1050,echo_duplicate_end,618.78,T_1699ed97,P_6e76b288,Echo,3,4053
3978,1050,echo_duplicate_end,614.12,T_1699ed97,P_6e76b288,Echo,3,4054
3979,1050,echo_duplicate_end,808.51,T_1699ed97,P_6e76b288,Echo,4,4054
3973,1049,echo_duplicate_end,220.33,T_985fffee,P_376a1a91,Echo,1,
3974,1049,echo_duplicate_end,366.01,T_985fffee,P_376a1a91,Echo,2,
3975,1049,echo_duplicate_end,585.43,T_985fffee,P_376a1a91,Echo,4,
3980,1050,echo_duplicate_end,218.61,T_bd77122f,P_5566d4c2,Echo,1,4055
3981,1050,echo_duplicate_end,219.18,T_1699ed97,P_6e76b288,Echo,1,4055
3982,1051,echo_duplicate_end,120.36,T_5568bd9d,P_19736ab5,Echo,1,4059
3983,1051,echo_duplicate_end,176.43,T_a02bf5e9,P_739ca80a,Echo,1,4059
3984,1051,echo_duplicate_end,377.07,T_5568bd9d,P_19736ab5,Echo,4,4059
3985,1051,echo_duplicate_end,400.16,T_a02bf5e9,P_739ca80a,Echo,3,4059
3986,1051,echo_duplicate_end,572.23,T_a02bf5e9,P_739ca80a,Echo,4,4059
3987,1051,echo_duplicate_end,254.41,T_a02bf5e9,P_739ca80a,Echo,1,4060
3988,1051,echo_duplicate_end,480.25,T_a02bf5e9,P_739ca80a,Echo,3,4060
3989,1051,echo_duplicate_end,688.32,T_a02bf5e9,P_739ca80a,Echo,4,4060
3990,1051,echo_duplicate_end,157.99,T_a02bf5e9,P_739ca80a,Echo,1,4061
3991,1051,echo_duplicate_end,299.27,T_a02bf5e9,P_739ca80a,Echo,2,4061
3992,1051,echo_duplicate_end,503.01,T_a02bf5e9,P_739ca80a,Echo,3,4061
3993,1051,echo_duplicate_end,685.18,T_a02bf5e9,P_739ca80a,Echo,4,4061
3994,1051,echo_duplicate_end,93,T_5568bd9d,P_19736ab5,Echo,1,4062
3995,1051,echo_duplicate_end,96.64,T_a02bf5e9,P_739ca80a,Echo,1,4062
3996,1051,echo_duplicate_end,235.35,T_5568bd9d,P_19736ab5,Echo,2,4062
3997,1051,echo_duplicate_end,302.99,T_a02bf5e9,P_739ca80a,Echo,3,4062
3998,1051,echo_duplicate_end,396.01,T_5568bd9d,P_19736ab5,Echo,3,4062
3999,1051,echo_duplicate_end,480.94,T_a02bf5e9,P_739ca80a,Echo,4,4062
4000,1051,echo_duplicate_end,506.09,T_5568bd9d,P_19736ab5,Echo,5,4062
4001,1051,echo_duplicate_end,767.09,T_a02bf5e9,P_739ca80a,Echo,6,4062
4002,1051,echo_duplicate_end,177.45,T_a02bf5e9,P_739ca80a,Echo,1,4065
4003,1051,echo_duplicate_end,408.2,T_a02bf5e9,P_739ca80a,Echo,2,4065
4004,1052,echo_duplicate_end,143.97,T_bb3ff955,P_f4f1543d,Echo,1,4067
4005,1052,echo_duplicate_end,423.13,T_bb3ff955,P_f4f1543d,Echo,2,4067
4006,1052,echo_duplicate_end,168.49,T_bb3ff955,P_f4f1543d,Echo,1,4069
4007,1052,echo_duplicate_end,334.43,T_bb3ff955,P_f4f1543d,Echo,2,4069
4008,1052,echo_duplicate_end,543.16,T_bb3ff955,P_f4f1543d,Echo,3,4069
4009,1052,echo_duplicate_end,735.26,T_bb3ff955,P_f4f1543d,Echo,4,4069
4010,1052,echo_duplicate_end,961.03,T_bb3ff955,P_f4f1543d,Echo,6,4069
4011,1052,echo_duplicate_end,110.11,T_bb3ff955,P_9af9b864,Echo,1,4070
4012,1052,echo_duplicate_end,218.64,T_3238eb96,P_51cfbd96,Echo,1,4070
4013,1052,echo_duplicate_end,329.33,T_bb3ff955,P_9af9b864,Echo,2,4070
4014,1052,echo_duplicate_end,376.57,T_3238eb96,P_51cfbd96,Echo,3,4070
4015,1052,echo_duplicate_end,147.89,T_3238eb96,P_51cfbd96,Echo,1,4071
4016,1052,echo_duplicate_end,273.54,T_3238eb96,P_51cfbd96,Echo,2,4071
4020,1053,echo_duplicate_end,155.52,T_5568bd9d,P_19736ab5,Echo,1,4074
4021,1053,echo_duplicate_end,260.25,T_5568bd9d,P_19736ab5,Echo,2,4074
4022,1053,echo_duplicate_end,431.5,T_5568bd9d,P_19736ab5,Echo,3,4074
4023,1053,echo_duplicate_end,566.32,T_5568bd9d,P_19736ab5,Echo,4,4074
4024,1053,echo_duplicate_end,759.08,T_5568bd9d,P_19736ab5,Echo,5,4074
4033,1055,echo_duplicate_end,441.31,T_3238eb96,P_51cfbd96,Echo,2,4080
4034,1056,echo_duplicate_end,150.34,T_3238eb96,P_51cfbd96,Echo,1,4081
4035,1056,echo_duplicate_end,425.73,T_3238eb96,P_51cfbd96,Echo,3,4081
4036,1056,echo_duplicate_end,600.53,T_3238eb96,P_51cfbd96,Echo,4,4081
4037,1056,echo_duplicate_end,134.32,T_3238eb96,P_51cfbd96,Echo,1,4082
4038,1056,echo_duplicate_end,300.45,T_3238eb96,P_51cfbd96,Echo,3,4082
4039,1056,echo_duplicate_end,668.47,T_3238eb96,P_51cfbd96,Echo,6,4082
4040,1056,echo_duplicate_end,441.31,T_3238eb96,P_51cfbd96,Echo,2,4087
4041,1056,echo_duplicate_end,441.31,T_3238eb96,P_51cfbd96,Echo,2,4088
4042,1056,echo_duplicate_end,441.31,T_3238eb96,P_51cfbd96,Echo,2,4089
4043,1056,echo_duplicate_end,441.31,T_3238eb96,P_51cfbd96,Echo,2,4090
4044,1056,echo_duplicate_end,441.31,T_3238eb96,P_51cfbd96,Echo,2,4091
4045,1057,echo_duplicate_end,228.13,T_5568bd9d,P_ae280d55,Echo,1,4092
4046,1057,echo_duplicate_end,442.12,T_5568bd9d,P_ae280d55,Echo,2,4092
4047,1057,echo_duplicate_end,452.11,T_a02bf5e9,P_87449c68,Echo,3,4092
4048,1057,echo_duplicate_end,715.04,T_a02bf5e9,P_87449c68,Echo,5,4092
4049,1057,echo_duplicate_end,177.53,T_a02bf5e9,P_87449c68,Echo,1,4094
4050,1057,echo_duplicate_end,378.63,T_a02bf5e9,P_87449c68,Echo,2,4094
4051,1057,echo_duplicate_end,325.69,T_a02bf5e9,P_87449c68,Echo,1,4096
4052,1057,echo_duplicate_end,597.61,T_a02bf5e9,P_87449c68,Echo,2,4096
4053,1057,echo_duplicate_end,784.36,T_a02bf5e9,P_87449c68,Echo,3,4096
4054,1057,echo_duplicate_end,361.92,T_a02bf5e9,P_87449c68,Echo,2,4097
4055,1057,echo_duplicate_end,364.85,T_5568bd9d,P_d537a2af,Echo,2,4097
4056,1057,echo_duplicate_end,519.73,T_a02bf5e9,P_87449c68,Echo,3,4097
4057,1057,echo_duplicate_end,701.52,T_a02bf5e9,P_87449c68,Echo,4,4097
4058,1058,echo_duplicate_end,126.63,T_1699ed97,P_fd3740f1,Echo,1,4098
4059,1058,echo_duplicate_end,327.24,T_1699ed97,P_fd3740f1,Echo,2,4098
4060,1058,echo_duplicate_end,155.27,T_1699ed97,P_fd3740f1,Echo,1,4099
4061,1058,echo_duplicate_end,336.02,T_1699ed97,P_fd3740f1,Echo,2,4099
4062,1059,echo_duplicate_end,397.09,T_3238eb96,P_38de0158,Echo,2,4105
4063,1059,echo_duplicate_end,606.04,T_d26e7e80,P_3c440ca7,Echo,3,4105
4064,1059,echo_duplicate_end,197.68,T_d26e7e80,P_3c440ca7,Echo,1,4106
4065,1059,echo_duplicate_end,551.09,T_3238eb96,P_51cfbd96,Echo,3,4106
4066,1059,echo_duplicate_end,797.9,T_3238eb96,P_51cfbd96,Echo,4,4106
4067,1060,echo_duplicate_end,129.98,T_a02bf5e9,P_9e6734f0,Echo,1,4111
4068,1060,echo_duplicate_end,269.55,T_a02bf5e9,P_9e6734f0,Echo,3,4111
4069,1060,echo_duplicate_end,781.36,T_a02bf5e9,P_9e6734f0,Echo,5,4111
4070,1060,echo_duplicate_end,153.22,T_a02bf5e9,P_9e6734f0,Echo,1,4112
4071,1060,echo_duplicate_end,308.23,T_a02bf5e9,P_9e6734f0,Echo,2,4112
4072,1060,echo_duplicate_end,413.29,T_5568bd9d,P_d87e74a6,Echo,3,4112
4073,1060,echo_duplicate_end,426.12,T_a02bf5e9,P_9e6734f0,Echo,4,4112
4026,1053,echo_duplicate_end,161.14,T_5568bd9d,P_19736ab5,Echo,1,
4027,1053,echo_duplicate_end,351.73,T_5568bd9d,P_19736ab5,Echo,2,
4028,1053,echo_duplicate_end,674.35,T_5568bd9d,P_19736ab5,Echo,5,
4025,1053,echo_duplicate_end,433.93,T_a02bf5e9,P_c51b73dd,Echo,2,
4030,1053,echo_duplicate_end,180.17,T_5568bd9d,P_19736ab5,Echo,1,
4031,1053,echo_duplicate_end,362.39,T_5568bd9d,P_19736ab5,Echo,3,
4032,1054,echo_duplicate_end,441.31,T_5568bd9d,P_51cfbd96,Echo,2,
4074,1060,echo_duplicate_end,809.41,T_5568bd9d,P_d87e74a6,Echo,4,4115
4075,1060,echo_duplicate_end,938.68,T_5568bd9d,P_d87e74a6,Echo,6,4115
4076,1062,echo_duplicate_end,148.99,T_5de6f547,P_79480fca,Echo,1,4123
4077,1062,echo_duplicate_end,385.78,T_5de6f547,P_79480fca,Echo,4,4123
4078,1063,echo_duplicate_end,222.56,T_a02bf5e9,P_e5a8377e,Echo,1,4132
4079,1065,echo_duplicate_end,643.73,T_a02bf5e9,P_fa942bb6,Echo,3,4134
4080,1065,echo_duplicate_end,804.06,T_a02bf5e9,P_fa942bb6,Echo,4,4134
4081,1068,echo_duplicate_end,148.69,T_3238eb96,P_51cfbd96,Echo,1,4138
4082,1069,echo_duplicate_end,674.06,T_5568bd9d,P_fb6c5af3,Echo,3,4143
4083,1072,echo_duplicate_end,195,T_a02bf5e9,P_d6a95277,Echo,1,4163
4084,1077,echo_duplicate_end,202.54,T_41c8397f,P_1cdcd4ce,Echo,1,4172
4085,1077,echo_duplicate_end,357.87,T_41c8397f,P_1cdcd4ce,Echo,2,4172
4086,1077,echo_duplicate_end,522.68,T_41c8397f,P_1cdcd4ce,Echo,4,4172
4087,1077,echo_duplicate_end,137.9,T_41c8397f,P_ff4a9ac9,Echo,1,4177
4088,1079,echo_duplicate_end,562.02,T_a02bf5e9,P_e5b06814,Echo,2,4180
4089,1079,echo_duplicate_end,591.23,T_5568bd9d,P_0c31f245,Echo,2,4180
4090,1080,echo_duplicate_end,617.24,T_a02bf5e9,P_96ad8ce9,Echo,3,4187
4091,1080,echo_duplicate_end,248.92,T_a02bf5e9,P_96ad8ce9,Echo,1,4189
4092,1082,echo_duplicate_end,803.67,T_5568bd9d,P_c7716a23,Echo,5,4192
4093,1082,echo_duplicate_end,884.94,T_a02bf5e9,P_c0be11da,Echo,4,4192
4094,1081,echo_duplicate_end,670.58,T_5568bd9d,P_9871455a,Echo,5,4199
4095,1081,echo_duplicate_end,855.37,T_5568bd9d,P_9871455a,Echo,6,4199
4098,1084,echo_duplicate_end,498.25,T_a02bf5e9,P_a97997d9,Echo,2,4207
4099,1084,echo_duplicate_end,668.79,T_a02bf5e9,P_a97997d9,Echo,4,4207
4100,1084,echo_duplicate_end,192.43,T_70cf47d6,P_a7103894,Echo,1,4209
4101,1084,echo_duplicate_end,348.64,T_70cf47d6,P_a7103894,Echo,2,4209
4102,1084,echo_duplicate_end,487.94,T_1699ed97,P_b039581f,Echo,2,4209
4103,1084,echo_duplicate_end,488.33,T_70cf47d6,P_a7103894,Echo,3,4209
4104,1084,echo_duplicate_end,679.81,T_70cf47d6,P_a7103894,Echo,5,4209
4105,1084,echo_duplicate_end,683.84,T_1699ed97,P_b039581f,Echo,1,4209
4106,1084,echo_duplicate_end,833.96,T_70cf47d6,P_a7103894,Echo,7,4209
4107,1084,echo_duplicate_end,897.7,T_1699ed97,P_b039581f,Echo,4,4209
4108,1084,echo_duplicate_end,1046.47,T_70cf47d6,P_a7103894,Echo,8,4209
4109,1084,echo_duplicate_end,164.66,T_70cf47d6,P_a7103894,Echo,1,4211
4110,1086,echo_duplicate_end,186.32,T_a02bf5e9,P_0e5b5729,Echo,1,4215
4111,1086,echo_duplicate_end,502.2,T_a02bf5e9,P_0e5b5729,Echo,3,4215
4112,1086,echo_duplicate_end,636.5,T_a02bf5e9,P_0e5b5729,Echo,4,4215
4113,1086,echo_duplicate_end,461.54,T_5568bd9d,P_c0be11da,Echo,2,4216
4114,1086,echo_duplicate_end,228.47,T_a02bf5e9,P_0e5b5729,Echo,1,4217
4115,1086,echo_duplicate_end,424.53,T_a02bf5e9,P_0e5b5729,Echo,2,4217
4116,1086,echo_duplicate_end,463.83,T_5568bd9d,P_c0be11da,Echo,3,4217
4117,1086,echo_duplicate_end,664.59,T_5568bd9d,P_c0be11da,Echo,5,4217
4118,1086,echo_duplicate_end,686.95,T_a02bf5e9,P_0e5b5729,Echo,3,4217
4119,1086,echo_duplicate_end,386.04,T_a02bf5e9,P_0e5b5729,Echo,2,4220
4120,1087,echo_duplicate_end,204.3,T_a3876e46,P_2eebab9e,Echo,1,4221
4121,1087,echo_duplicate_end,469.63,T_a3876e46,P_2eebab9e,Echo,4,4221
4122,1087,echo_duplicate_end,663.96,T_a3876e46,P_2eebab9e,Echo,5,4221
4124,1087,echo_duplicate_end,179.89,T_a3876e46,P_2eebab9e,Echo,1,4225
4125,1087,echo_duplicate_end,360.64,T_a3876e46,P_2eebab9e,Echo,2,4225
4126,1087,echo_duplicate_end,160.41,T_a3876e46,P_2eebab9e,Echo,1,4226
4127,1087,echo_duplicate_end,304.98,T_a3876e46,P_2eebab9e,Echo,2,4226
4128,1087,echo_duplicate_end,581.54,T_3238eb96,P_51cfbd96,Echo,3,4226
4129,1087,echo_duplicate_end,633.84,T_a3876e46,P_2eebab9e,Echo,3,4226
4130,1089,echo_duplicate_end,109.07,T_70180e67,P_5aa3d900,Echo,1,4242
4131,1089,echo_duplicate_end,185.09,T_70180e67,P_65dd8dbf,Echo,1,4243
4132,1089,echo_duplicate_end,185.09,T_70180e67,P_65dd8dbf,Echo,1,4244
4133,1089,echo_duplicate_end,185.09,T_70180e67,P_65dd8dbf,Echo,1,4248
4134,1089,echo_duplicate_end,185.09,T_70180e67,P_65dd8dbf,Echo,1,4249
4135,1089,echo_duplicate_end,185.09,T_70180e67,P_65dd8dbf,Echo,1,4250
4136,1090,echo_duplicate_end,299.76,T_5c1e2096,P_24d9e2a4,Echo,1,4252
4137,1090,echo_duplicate_end,638.59,T_5c1e2096,P_24d9e2a4,Echo,4,4252
4138,1092,echo_duplicate_end,169.5,T_a02bf5e9,P_eba8aa22,Echo,1,4259
4139,1092,echo_duplicate_end,303.7,T_a02bf5e9,P_eba8aa22,Echo,2,4259
4140,1092,echo_duplicate_end,450.32,T_a02bf5e9,P_eba8aa22,Echo,4,4259
4141,1092,echo_duplicate_end,468.81,T_5568bd9d,P_19736ab5,Echo,2,4259
4142,1092,echo_duplicate_end,618.97,T_a02bf5e9,P_eba8aa22,Echo,5,4259
4143,1092,echo_duplicate_end,646.37,T_5568bd9d,P_19736ab5,Echo,3,4259
4144,1092,echo_duplicate_end,808.6,T_a02bf5e9,P_eba8aa22,Echo,6,4259
4145,1092,echo_duplicate_end,816.34,T_5568bd9d,P_19736ab5,Echo,4,4259
4146,1094,echo_duplicate_end,585.46,T_5568bd9d,P_c0be11da,Echo,3,4264
4147,1094,echo_duplicate_end,217.69,T_a02bf5e9,P_48ec12ac,Echo,1,4265
4148,1094,echo_duplicate_end,561.71,T_5568bd9d,P_c0be11da,Echo,3,4267
4149,1094,echo_duplicate_end,610.1,T_a02bf5e9,P_d3213688,Echo,3,4267
4150,1094,echo_duplicate_end,766.42,T_5568bd9d,P_c0be11da,Echo,4,4267
4151,1094,echo_duplicate_end,786.77,T_a02bf5e9,P_d3213688,Echo,5,4267
4152,1095,echo_duplicate_end,198.29,T_0cac1da9,P_6a668438,Echo,1,4270
4153,1095,echo_duplicate_end,659.1,T_8f3e6107,P_7c3d1ec7,Echo,3,4273
4154,1095,echo_duplicate_end,876.01,T_8f3e6107,P_7c3d1ec7,Echo,5,4273
4159,1096,echo_duplicate_end,539.8,T_f5b16258,P_f4e22f1a,Echo,3,4277
4160,1096,echo_duplicate_end,692.61,T_f5b16258,P_f4e22f1a,Echo,4,4277
4163,1096,echo_duplicate_end,266.99,T_a02bf5e9,P_4201f8cf,Echo,1,4281
4164,1097,echo_duplicate_end,155.3,T_5568bd9d,P_c0be11da,Echo,1,4287
4165,1097,echo_duplicate_end,301.49,T_5568bd9d,P_c0be11da,Echo,3,4287
4166,1097,echo_duplicate_end,433.9,T_5568bd9d,P_c0be11da,Echo,4,4287
4167,1097,echo_duplicate_end,590.36,T_5568bd9d,P_c0be11da,Echo,5,4287
4168,1097,echo_duplicate_end,651.73,T_a02bf5e9,P_4cbba664,Echo,3,4287
4169,1097,echo_duplicate_end,452.47,T_5568bd9d,P_c0be11da,Echo,2,4288
4170,1098,echo_duplicate_end,646.54,T_8478c02e,P_c031d215,Echo,2,4295
4178,1101,echo_duplicate_end,313.45,T_a34bd8eb,P_d1fc911c,Echo,2,4303
4179,1101,echo_duplicate_end,543.35,T_a34bd8eb,P_d1fc911c,Echo,3,4303
4180,1101,echo_duplicate_end,694.59,T_a34bd8eb,P_d1fc911c,Echo,4,4303
4181,1101,echo_duplicate_end,240.04,T_a34bd8eb,P_d1fc911c,Echo,1,4305
4182,1101,echo_duplicate_end,367.6,T_a34bd8eb,P_d1fc911c,Echo,2,4305
4183,1101,echo_duplicate_end,542.4,T_a34bd8eb,P_d1fc911c,Echo,3,4305
4184,1103,echo_duplicate_end,491.47,T_a02bf5e9,P_5fa023f5,Echo,3,4315
4187,1104,echo_duplicate_end,144.77,T_a02bf5e9,P_80cc57e6,Echo,1,4325
4188,1104,echo_duplicate_end,421.26,T_5568bd9d,P_d537a2af,Echo,1,4325
4189,1104,echo_duplicate_end,431.73,T_a02bf5e9,P_80cc57e6,Echo,2,4325
4190,1104,echo_duplicate_end,665.94,T_a02bf5e9,P_80cc57e6,Echo,4,4325
4191,1104,echo_duplicate_end,279.45,T_a02bf5e9,P_80cc57e6,Echo,1,4326
4192,1104,echo_duplicate_end,488.86,T_a02bf5e9,P_80cc57e6,Echo,2,4326
4193,1104,echo_duplicate_end,459.62,T_1699ed97,P_b039581f,Echo,2,4329
4210,1108,echo_duplicate_end,156.07,T_3238eb96,P_51cfbd96,Echo,1,4349
4223,1112,echo_duplicate_end,345.14,T_5568bd9d,P_ee8d3718,Echo,3,4365
4235,1115,echo_duplicate_end,453.72,T_1699ed97,P_0f66b5ed,Echo,2,4373
4249,1120,echo_duplicate_end,323.27,T_a02bf5e9,P_07c5697d,Echo,1,4394
4250,1120,echo_duplicate_end,492.25,T_a02bf5e9,P_07c5697d,Echo,3,4394
4251,1120,echo_duplicate_end,634.43,T_a02bf5e9,P_07c5697d,Echo,4,4394
4252,1120,echo_duplicate_end,767.79,T_a02bf5e9,P_07c5697d,Echo,5,4394
4258,1120,echo_duplicate_end,419.27,T_a02bf5e9,P_07c5697d,Echo,2,4397
4259,1120,echo_duplicate_end,559.18,T_a02bf5e9,P_07c5697d,Echo,4,4397
4260,1120,echo_duplicate_end,685.93,T_a02bf5e9,P_07c5697d,Echo,5,4397
4264,1121,echo_duplicate_end,272.07,T_a02bf5e9,P_33d9a185,Echo,1,4403
4265,1121,echo_duplicate_end,551.96,T_a02bf5e9,P_33d9a185,Echo,3,4403
4266,1121,echo_duplicate_end,702.82,T_a02bf5e9,P_33d9a185,Echo,4,4403
4267,1121,echo_duplicate_end,250.64,T_5568bd9d,P_c031d215,Echo,1,4405
4269,1122,echo_duplicate_end,342.4,T_5568bd9d,P_387e5f99,Echo,2,4408
4270,1122,echo_duplicate_end,460.17,T_5568bd9d,P_387e5f99,Echo,3,4408
4271,1122,echo_duplicate_end,645.92,T_5568bd9d,P_387e5f99,Echo,5,4408
4272,1122,echo_duplicate_end,842.82,T_5568bd9d,P_387e5f99,Echo,6,4408
4276,1123,echo_duplicate_end,113.08,T_d0bc03db,P_7b8181b9,Echo,1,4415
4277,1123,echo_duplicate_end,268.75,T_d0bc03db,P_7b8181b9,Echo,2,4415
4278,1123,echo_duplicate_end,426.83,T_d0bc03db,P_7b8181b9,Echo,5,4415
4279,1123,echo_duplicate_end,749.49,T_3238eb96,P_38de0158,Echo,2,4415
4281,1125,echo_duplicate_end,175.02,T_a02bf5e9,P_f4e22f1a,Echo,1,4432
4282,1125,echo_duplicate_end,370.93,T_a02bf5e9,P_f4e22f1a,Echo,2,4432
4283,1129,echo_duplicate_end,586.97,T_a02bf5e9,P_f5beb119,Echo,1,4449
4284,1129,echo_duplicate_end,742.03,T_a02bf5e9,P_f5beb119,Echo,2,4449
4285,1129,echo_duplicate_end,874.5,T_a02bf5e9,P_f5beb119,Echo,3,4451
4286,1132,echo_duplicate_end,544.83,T_3238eb96,P_38de0158,Echo,2,4469
4287,1132,echo_duplicate_end,312.37,T_3238eb96,P_51cfbd96,Echo,2,4470
4288,1132,echo_duplicate_end,119.32,T_3238eb96,P_51cfbd96,Echo,1,4471
4293,1148,echo_duplicate_end,669.05,T_a02bf5e9,P_7885a83e,Echo,3,4491
4294,1148,echo_duplicate_end,124.17,T_a02bf5e9,P_143e8291,Echo,1,4492
4295,1148,echo_duplicate_end,277.19,T_a02bf5e9,P_143e8291,Echo,2,4492
4296,1148,echo_duplicate_end,391.73,T_a02bf5e9,P_143e8291,Echo,3,4492
4297,1148,echo_duplicate_end,405.75,T_a02bf5e9,P_143e8291,Echo,2,4494
3590,914,echo_duplicate_end,481.47,T_75f50b54,P_7df9d6d8,Echo,2,
3591,914,echo_duplicate_end,589.04,T_f62e24fe,P_19736ab5,Echo,3,
4298,1174,echo_duplicate_end,375.14,T_a02bf5e9,P_5a031194,Echo,3,4496
4299,1174,echo_duplicate_end,481.01,T_a02bf5e9,P_5a031194,Echo,4,4496
4300,1174,echo_duplicate_end,643.25,T_a02bf5e9,P_5a031194,Echo,5,4496
4301,1186,echo_duplicate_end,129.29,T_5568bd9d,P_07c5697d,Echo,1,4499
4302,1186,echo_duplicate_end,323.92,T_5568bd9d,P_07c5697d,Echo,2,4499
4303,1186,echo_duplicate_end,445.06,T_5568bd9d,P_07c5697d,Echo,4,4499
4304,1186,echo_duplicate_end,657.08,T_5568bd9d,P_07c5697d,Echo,5,4499
4305,1186,echo_duplicate_end,129.29,T_5568bd9d,P_07c5697d,Echo,1,4505
4306,1186,echo_duplicate_end,323.92,T_5568bd9d,P_07c5697d,Echo,2,4505
4307,1186,echo_duplicate_end,445.06,T_5568bd9d,P_07c5697d,Echo,4,4505
4308,1186,echo_duplicate_end,657.08,T_5568bd9d,P_07c5697d,Echo,5,4505
4309,1189,echo_duplicate_end,823.8,T_5568bd9d,P_09eba502,Echo,5,4519
4310,1189,echo_duplicate_end,210.86,T_5568bd9d,P_09eba502,Echo,1,4520
4311,1189,echo_duplicate_end,363.61,T_5568bd9d,P_09eba502,Echo,3,4520
4312,1196,echo_duplicate_end,180.37,T_f4443d5e,P_bb126cde,Echo,1,4541
4313,1196,echo_duplicate_end,450.99,T_f4443d5e,P_bb126cde,Echo,2,4541
4314,1196,echo_duplicate_end,661.36,T_f4443d5e,P_bb126cde,Echo,3,4544
4316,1207,echo_duplicate_end,752.74,T_a02bf5e9,P_91a65e5f,Echo,3,4557
4318,1209,echo_duplicate_end,752.74,T_a02bf5e9,P_91a65e5f,Echo,3,4559
4319,1210,echo_duplicate_end,752.74,T_a02bf5e9,P_91a65e5f,Echo,3,4561
4320,1210,echo_duplicate_end,152.59,T_a02bf5e9,P_91a65e5f,Echo,1,4562
4321,1210,echo_duplicate_end,752.74,T_a02bf5e9,P_91a65e5f,Echo,3,4566
4322,1211,echo_duplicate_end,130.22,T_5568bd9d,P_4bff59c6,Echo,1,4574
4323,1216,echo_duplicate_end,455.15,T_5568bd9d,P_42adfb45,Echo,3,4584
4324,1216,echo_duplicate_end,127.21,T_fa455f51,P_8a8485e5,Echo,1,4585
4325,1216,echo_duplicate_end,278.52,T_fa455f51,P_8a8485e5,Echo,2,4585
4326,1218,echo_duplicate_end,158.95,T_a02bf5e9,P_09eba502,Echo,1,4591
4327,1218,echo_duplicate_end,606.97,T_5568bd9d,P_dc4fdc01,Echo,2,4592
4328,1218,echo_duplicate_end,126.41,T_a02bf5e9,P_09eba502,Echo,1,4595
4329,1218,echo_duplicate_end,260.4,T_a02bf5e9,P_09eba502,Echo,3,4595
4331,1219,echo_duplicate_end,129.61,T_a02bf5e9,P_bf226097,Echo,1,4598
4332,1219,echo_duplicate_end,225.02,T_a02bf5e9,P_bf226097,Echo,2,4598
4333,1220,echo_duplicate_end,125.99,T_5568bd9d,P_dc4fdc01,Echo,1,4601
4334,1220,echo_duplicate_end,156.9,T_5568bd9d,P_dc4fdc01,Echo,1,4602
4335,1220,echo_duplicate_end,400.38,T_5568bd9d,P_dc4fdc01,Echo,3,4602
4336,1220,echo_duplicate_end,524.26,T_5568bd9d,P_dc4fdc01,Echo,4,4602
4337,1220,echo_duplicate_end,693.26,T_5568bd9d,P_dc4fdc01,Echo,5,4602
4338,1220,echo_duplicate_end,852.9,T_5568bd9d,P_dc4fdc01,Echo,7,4602
4339,1221,echo_duplicate_end,752.74,T_a02bf5e9,P_91a65e5f,Echo,3,4609
4340,1222,echo_duplicate_end,752.74,T_a02bf5e9,P_91a65e5f,Echo,3,4610
4341,1223,echo_duplicate_end,752.74,T_a02bf5e9,P_91a65e5f,Echo,3,4611
4343,1225,echo_duplicate_end,752.74,T_a02bf5e9,P_91a65e5f,Echo,3,4613
4344,1226,echo_duplicate_end,752.74,T_a02bf5e9,P_91a65e5f,Echo,3,4614
4346,1233,echo_duplicate_end,138.53,T_5568bd9d,P_30e9345a,Echo,1,4638
4347,1233,echo_duplicate_end,339.67,T_5568bd9d,P_30e9345a,Echo,2,4638
4348,1233,echo_duplicate_end,524.84,T_5568bd9d,P_30e9345a,Echo,3,4638
4349,1233,echo_duplicate_end,653.53,T_5568bd9d,P_30e9345a,Echo,4,4638
4350,1233,echo_duplicate_end,153.36,T_5568bd9d,P_30e9345a,Echo,1,4639
4351,1233,echo_duplicate_end,377.19,T_5568bd9d,P_30e9345a,Echo,2,4639
4352,1233,echo_duplicate_end,548.76,T_5568bd9d,P_30e9345a,Echo,4,4639
4353,1233,echo_duplicate_end,721.64,T_5568bd9d,P_30e9345a,Echo,5,4639
4354,1235,echo_duplicate_end,167.05,T_a02bf5e9,P_f3b53e99,Echo,1,4649
4355,1235,echo_duplicate_end,383.62,T_5568bd9d,P_e381cc65,Echo,3,4649
4356,1235,echo_duplicate_end,554.85,T_5568bd9d,P_e381cc65,Echo,4,4649
4357,1235,echo_duplicate_end,728.74,T_5568bd9d,P_e381cc65,Echo,6,4649
4361,1235,echo_duplicate_end,596.25,T_5568bd9d,P_e381cc65,Echo,3,4652
4362,1235,echo_duplicate_end,736.24,T_5568bd9d,P_e381cc65,Echo,5,4652
4363,1235,echo_duplicate_end,166.44,T_a02bf5e9,P_0a71b386,Echo,1,4653
4364,1235,echo_duplicate_end,491.02,T_5568bd9d,P_e381cc65,Echo,3,4653
4365,1235,echo_duplicate_end,665.12,T_5568bd9d,P_e381cc65,Echo,5,4653
4366,1236,echo_duplicate_end,183.41,T_a02bf5e9,P_67dbde0b,Echo,1,4661
4367,1236,echo_duplicate_end,377.52,T_a02bf5e9,P_67dbde0b,Echo,2,4661
4368,1236,echo_duplicate_end,604.84,T_a02bf5e9,P_67dbde0b,Echo,3,4661
4369,1237,echo_duplicate_end,187.11,T_a02bf5e9,P_29092de3,Echo,1,4663
4370,1239,echo_duplicate_end,157.45,T_b958fc84,P_3b3227f6,Echo,1,4674
4371,1239,echo_duplicate_end,291.72,T_b958fc84,P_3b3227f6,Echo,2,4674
4372,1239,echo_duplicate_end,155,T_b958fc84,P_3b3227f6,Echo,1,4675
4373,1239,echo_duplicate_end,291.47,T_b958fc84,P_3b3227f6,Echo,3,4675
4374,1239,echo_duplicate_end,451.95,T_b958fc84,P_3b3227f6,Echo,5,4675
4375,1239,echo_duplicate_end,534.6,T_3238eb96,P_51cfbd96,Echo,3,4675
4376,1239,echo_duplicate_end,583.93,T_b958fc84,P_3b3227f6,Echo,6,4675
4381,1244,echo_duplicate_end,365.97,T_a02bf5e9,P_d6282155,Echo,1,4698
4382,1244,echo_duplicate_end,160.89,T_eb73c192,P_d6282155,Echo,1,4699
4383,1244,echo_duplicate_end,386.19,T_eb73c192,P_d6282155,Echo,2,4699
4384,1244,echo_duplicate_end,560.96,T_eb73c192,P_d6282155,Echo,3,4699
4385,1244,echo_duplicate_end,204.49,T_eb73c192,P_d6282155,Echo,1,4700
4386,1244,echo_duplicate_end,395.71,T_eb73c192,P_d6282155,Echo,2,4700
4387,1246,echo_duplicate_end,157.93,T_5568bd9d,P_0a26bad1,Echo,1,4711
4388,1246,echo_duplicate_end,374.04,T_5568bd9d,P_0a26bad1,Echo,3,4711
4389,1246,echo_duplicate_end,506.72,T_5568bd9d,P_0a26bad1,Echo,4,4711
4390,1246,echo_duplicate_end,659.57,T_5568bd9d,P_0a26bad1,Echo,5,4711
4391,1246,echo_duplicate_end,828.37,T_5568bd9d,P_0a26bad1,Echo,6,4711
4392,1246,echo_duplicate_end,959.49,T_5568bd9d,P_0a26bad1,Echo,7,4711
4393,1247,echo_duplicate_end,252.19,T_a02bf5e9,P_87eede73,Echo,1,4715
4394,1248,echo_duplicate_end,128.55,T_a02bf5e9,P_d23389ac,Echo,1,4721
4395,1248,echo_duplicate_end,261.33,T_a02bf5e9,P_d23389ac,Echo,2,4721
4396,1248,echo_duplicate_end,361.07,T_a02bf5e9,P_d23389ac,Echo,3,4721
4397,1248,echo_duplicate_end,537.22,T_a02bf5e9,P_d23389ac,Echo,4,4721
4398,1248,echo_duplicate_end,717.78,T_a02bf5e9,P_d23389ac,Echo,5,4721
4399,1248,echo_duplicate_end,223.25,T_a02bf5e9,P_d23389ac,Echo,1,4722
4400,1249,echo_duplicate_end,451.41,T_a02bf5e9,P_38296571,Echo,3,4725
4401,1250,echo_duplicate_end,718.44,T_a02bf5e9,P_8c12cef7,Echo,3,4734
3628,958,echo_duplicate_end,687.78,T_5568bd9d,P_04e33c2e,Echo,5,
3629,958,echo_duplicate_end,794.13,T_5568bd9d,P_04e33c2e,Echo,6,
4402,1254,echo_duplicate_end,711.07,T_5568bd9d,P_549a55e1,Echo,3,4744
4403,1256,echo_duplicate_end,144.48,T_7f8ba35f,P_eade3d15,Echo,1,4747
4404,1256,echo_duplicate_end,284.46,T_7f8ba35f,P_eade3d15,Echo,2,4747
4405,1256,echo_duplicate_end,408.96,T_7f8ba35f,P_eade3d15,Echo,4,4747
4406,1256,echo_duplicate_end,534.42,T_7f8ba35f,P_eade3d15,Echo,5,4747
4407,1256,echo_duplicate_end,719.85,T_7f8ba35f,P_eade3d15,Echo,6,4747
4408,1256,echo_duplicate_end,813.14,T_7f8ba35f,P_eade3d15,Echo,8,4747
4409,1256,echo_duplicate_end,943.68,T_7f8ba35f,P_eade3d15,Echo,9,4747
4410,1256,echo_duplicate_end,199.89,T_7f8ba35f,P_eade3d15,Echo,1,4753
4411,1256,echo_duplicate_end,368.17,T_7f8ba35f,P_eade3d15,Echo,2,4753
4412,1256,echo_duplicate_end,542.01,T_3238eb96,P_51cfbd96,Echo,2,4753
4413,1256,echo_duplicate_end,591.36,T_7f8ba35f,P_eade3d15,Echo,3,4753
4414,1256,echo_duplicate_end,732.82,T_7f8ba35f,P_eade3d15,Echo,5,4753
4415,1256,echo_duplicate_end,755.7,T_3238eb96,P_51cfbd96,Echo,3,4753
4416,1257,echo_duplicate_end,150.99,T_a02bf5e9,P_ae2b4286,Echo,1,4757
4417,1257,echo_duplicate_end,350.16,T_a02bf5e9,P_ae2b4286,Echo,2,4757
4418,1257,echo_duplicate_end,528.61,T_a02bf5e9,P_ae2b4286,Echo,3,4757
4419,1261,echo_duplicate_end,119.99,T_6775d51a,P_d5116d7d,Echo,1,4759
4420,1261,echo_duplicate_end,249.74,T_6775d51a,P_d5116d7d,Echo,2,4759
4421,1261,echo_duplicate_end,357.76,T_6775d51a,P_d5116d7d,Echo,3,4759
4426,1261,echo_duplicate_end,383.32,T_2bfdcb8b,P_d5116d7d,Echo,2,4762
4427,1263,echo_duplicate_end,347.59,T_861b9363,P_0e5fbff8,Echo,1,4772
4428,1264,echo_duplicate_end,693.32,T_a02bf5e9,P_fcd64a3f,Echo,3,4778
4429,1270,echo_duplicate_end,599.07,T_29e0905e,P_0d549ac1,Echo,3,4791
4430,1270,echo_duplicate_end,788.19,T_29e0905e,P_0d549ac1,Echo,5,4791
4431,1271,echo_duplicate_end,339.44,T_2a4902a2,P_252b1312,Echo,2,4793
4432,1271,echo_duplicate_end,591.33,T_2a4902a2,P_252b1312,Echo,4,4793
4433,1280,echo_duplicate_end,428.69,T_5568bd9d,P_907bfa7b,Echo,2,4818
4434,1280,echo_duplicate_end,153.43,T_a02bf5e9,P_e03656c6,Echo,1,4819
4435,1280,echo_duplicate_end,303.34,T_a02bf5e9,P_e03656c6,Echo,3,4819
4436,1280,echo_duplicate_end,177.71,T_5568bd9d,P_907bfa7b,Echo,1,4822
4437,1280,echo_duplicate_end,346.13,T_5568bd9d,P_907bfa7b,Echo,2,4823
4439,1282,echo_duplicate_end,0,T_a02bf5e9,P_9db011a0,Echo,4,4829
4440,1282,echo_duplicate_end,0,T_5568bd9d,P_e21f9a0c,Echo,4,4829
4441,1282,echo_duplicate_end,0,T_a02bf5e9,P_9db011a0,Echo,5,4829
4442,1282,echo_duplicate_end,0,T_5568bd9d,P_e21f9a0c,Echo,5,4829
4443,1283,echo_duplicate_end,117.47,T_a02bf5e9,P_e516c5aa,Echo,1,4833
4444,1283,echo_duplicate_end,346.09,T_a02bf5e9,P_e516c5aa,Echo,2,4833
4445,1283,echo_duplicate_end,492.31,T_1699ed97,P_8cf48822,Echo,2,4833
4446,1283,echo_duplicate_end,616.91,T_1699ed97,P_8cf48822,Echo,4,4833
4447,1283,echo_duplicate_end,763.05,T_1699ed97,P_8cf48822,Echo,6,4833
4448,1285,echo_duplicate_end,385.12,T_5568bd9d,P_b55637a7,Echo,2,4838
4449,1290,echo_duplicate_end,357.87,T_5568bd9d,P_0a25543a,Echo,2,4852
4450,1290,echo_duplicate_end,188.15,T_5568bd9d,P_07c5697d,Echo,1,4853
4451,1290,echo_duplicate_end,375.64,T_5568bd9d,P_07c5697d,Echo,2,4853
4452,1290,echo_duplicate_end,604.06,T_5568bd9d,P_07c5697d,Echo,4,4853
4453,1290,echo_duplicate_end,158.53,T_5568bd9d,P_07c5697d,Echo,1,4854
4454,1290,echo_duplicate_end,385.48,T_5568bd9d,P_07c5697d,Echo,3,4854
4455,1291,echo_duplicate_end,456.58,T_5568bd9d,P_d6282155,Echo,2,4857
4456,1291,echo_duplicate_end,677.03,T_5568bd9d,P_d6282155,Echo,3,4857
4457,1295,echo_duplicate_end,631.25,T_a02bf5e9,P_f5625a49,Echo,4,4880
4458,1295,echo_duplicate_end,799.94,T_a02bf5e9,P_f5625a49,Echo,5,4880
4459,1295,echo_duplicate_end,215.79,T_a02bf5e9,P_79b6f5d9,Echo,1,4885
4460,1295,echo_duplicate_end,380.18,T_a02bf5e9,P_79b6f5d9,Echo,2,4885
4461,1296,echo_duplicate_end,167.55,T_a02bf5e9,P_992d8951,Echo,1,4889
4466,1301,echo_duplicate_end,159.48,T_a02bf5e9,P_9003e641,Echo,1,4909
4467,1302,echo_duplicate_end,325.59,T_ab058ed0,P_9af499d1,Echo,2,4910
4468,1302,echo_duplicate_end,1038.02,T_ab058ed0,P_9af499d1,Echo,7,4910
4469,1302,echo_duplicate_end,613.33,T_ab058ed0,P_9af499d1,Echo,3,4911
4470,1305,echo_duplicate_end,161.18,T_5568bd9d,P_c8ed8ffe,Echo,1,4919
4471,1305,echo_duplicate_end,181.98,T_a02bf5e9,P_387e5f99,Echo,1,4919
4472,1305,echo_duplicate_end,307.38,T_5568bd9d,P_c8ed8ffe,Echo,3,4919
4473,1305,echo_duplicate_end,662.68,T_5568bd9d,P_c8ed8ffe,Echo,7,4919
4474,1305,echo_duplicate_end,851.7,T_5568bd9d,P_c8ed8ffe,Echo,8,4919
4475,1305,echo_duplicate_end,1022.9,T_5568bd9d,P_c8ed8ffe,Echo,9,4919
4476,1305,echo_duplicate_end,619.14,T_a02bf5e9,P_28af757d,Echo,3,4920
4477,1308,echo_duplicate_end,490.6,T_467b3697,P_5e9b432f,Echo,3,4929
4478,1308,echo_duplicate_end,733.42,T_467b3697,P_5e9b432f,Echo,4,4929
3684,971,echo_duplicate_end,151.67,T_5568bd9d,P_2010caad,Echo,1,
4488,1319,echo_duplicate_end,317.03,T_47cdef68,P_aecc853f,Echo,1,4958
4490,1319,echo_duplicate_end,317.03,T_47cdef68,P_aecc853f,Echo,1,4963
4491,1319,echo_duplicate_end,317.03,T_47cdef68,P_aecc853f,Echo,1,4964
4493,1319,echo_duplicate_end,317.03,T_47cdef68,P_aecc853f,Echo,1,4966
3726,975,echo_duplicate_end,512.87,T_8b7c3d9b,P_41705ba0,Echo,2,
3727,975,echo_duplicate_end,827.25,T_1699ed97,P_f7d1f601,Echo,4,
4503,1337,echo_duplicate_end,158.63,T_1699ed97,P_8cf48822,Echo,1,5011
4504,1337,echo_duplicate_end,200.68,T_a02bf5e9,P_c2377569,Echo,1,5011
4505,1337,echo_duplicate_end,330.53,T_a02bf5e9,P_c2377569,Echo,2,5011
4506,1337,echo_duplicate_end,332.08,T_1699ed97,P_8cf48822,Echo,2,5011
4508,1349,echo_duplicate_end,719.31,T_a02bf5e9,P_67fd2f49,Echo,4,5039
4509,1349,echo_duplicate_end,884.66,T_a02bf5e9,P_67fd2f49,Echo,5,5039
4510,1349,echo_duplicate_end,1018.24,T_a02bf5e9,P_67fd2f49,Echo,7,5039
4511,1353,echo_duplicate_end,115.18,T_496df5f2,P_74c2be04,Echo,1,5046
4512,1353,echo_duplicate_end,283.59,T_496df5f2,P_74c2be04,Echo,2,5046
4513,1353,echo_duplicate_end,448.4,T_496df5f2,P_74c2be04,Echo,3,5046
4518,1363,echo_duplicate_end,172.08,T_467b3697,P_9ba3c2f4,Echo,1,5083
4519,1363,echo_duplicate_end,315.07,T_467b3697,P_9ba3c2f4,Echo,2,5083
4520,1363,echo_duplicate_end,457.02,T_467b3697,P_9ba3c2f4,Echo,2,5083
4521,1363,echo_duplicate_end,672.77,T_467b3697,P_9ba3c2f4,Echo,3,5083
4529,1366,echo_duplicate_end,149.35,T_496df5f2,P_74c2be04,Echo,1,5098
4530,1366,echo_duplicate_end,781.55,T_496df5f2,P_e756dec2,Echo,5,5101
4535,1375,echo_duplicate_end,240.28,T_a02bf5e9,P_31e4a37c,Echo,1,5124
4536,1375,echo_duplicate_end,268.77,T_5568bd9d,P_18ddf862,Echo,1,5124
4537,1375,echo_duplicate_end,373.37,T_a02bf5e9,P_31e4a37c,Echo,3,5124
4538,1375,echo_duplicate_end,482.58,T_a02bf5e9,P_31e4a37c,Echo,4,5124
4539,1375,echo_duplicate_end,647.09,T_a02bf5e9,P_31e4a37c,Echo,5,5124
4540,1376,echo_duplicate_end,249.23,T_5568bd9d,P_ae83eca9,Echo,1,5129
4541,1377,echo_duplicate_end,249.23,T_5568bd9d,P_ae83eca9,Echo,1,5133
4542,1379,echo_duplicate_end,247.64,T_7f8ba35f,P_a97997d9,Echo,1,5138
4543,1379,echo_duplicate_end,399.49,T_7f8ba35f,P_a97997d9,Echo,3,5138
4544,1389,echo_duplicate_end,335.64,T_a02bf5e9,P_e38c9d4d,Echo,2,5153
4545,1389,echo_duplicate_end,203.06,T_a02bf5e9,P_15212d5f,Echo,1,5155
4546,1389,echo_duplicate_end,338.64,T_a02bf5e9,P_15212d5f,Echo,3,5155
4547,1390,echo_duplicate_end,209.55,T_a02bf5e9,P_3867caae,Echo,1,5160
4548,1391,echo_duplicate_end,428.19,T_31bf65b3,P_3d420c86,Echo,2,5161
4550,1409,echo_duplicate_end,560.81,T_5568bd9d,P_d7c55dec,Echo,3,5227
4551,1409,echo_duplicate_end,660.47,T_5568bd9d,P_d7c55dec,Echo,5,5227
4552,1409,echo_duplicate_end,144.06,T_5568bd9d,P_d7c55dec,Echo,1,5228
4553,1409,echo_duplicate_end,653.03,T_5568bd9d,P_d7c55dec,Echo,3,5228
4554,1419,echo_duplicate_end,165.66,T_a02bf5e9,P_b2ce112c,Echo,1,5254
4555,1419,echo_duplicate_end,281.62,T_a02bf5e9,P_b2ce112c,Echo,4,5254
4556,1419,echo_duplicate_end,501.22,T_a02bf5e9,P_b2ce112c,Echo,6,5254
4559,1419,echo_duplicate_end,175.32,T_a02bf5e9,P_b2ce112c,Echo,1,5266
4560,1419,echo_duplicate_end,371.73,T_a02bf5e9,P_b2ce112c,Echo,2,5266
4561,1428,echo_duplicate_end,488.83,T_5568bd9d,P_0a26bad1,Echo,2,5283
4562,1432,echo_duplicate_end,223.3,T_a02bf5e9,P_d19799f2,Echo,1,5306
4563,1437,echo_duplicate_end,185.57,T_360e64d5,P_4201f8cf,Echo,1,5325
4564,1437,echo_duplicate_end,350.74,T_360e64d5,P_4201f8cf,Echo,2,5325
4565,1437,echo_duplicate_end,560.95,T_360e64d5,P_4201f8cf,Echo,3,5325
4566,1437,echo_duplicate_end,773.52,T_360e64d5,P_4201f8cf,Echo,5,5325
4591,1454,echo_duplicate_end,144.06,T_5568bd9d,P_d7c55dec,Echo,1,5411
4592,1454,echo_duplicate_end,653.03,T_5568bd9d,P_d7c55dec,Echo,3,5411
4593,1475,echo_duplicate_end,207.15,T_a02bf5e9,P_62304973,Echo,1,5489
3826,1013,echo_duplicate_end,128.19,T_5568bd9d,P_19736ab5,Echo,1,
3827,1013,echo_duplicate_end,146.79,T_a02bf5e9,P_143e8291,Echo,1,
3828,1013,echo_duplicate_end,310.13,T_a02bf5e9,P_143e8291,Echo,2,
3829,1013,echo_duplicate_end,319.76,T_5568bd9d,P_19736ab5,Echo,3,
4594,1488,echo_duplicate_end,375.14,T_a02bf5e9,P_5a031194,Echo,3,5533
4595,1488,echo_duplicate_end,481.01,T_a02bf5e9,P_5a031194,Echo,4,5533
4596,1488,echo_duplicate_end,643.25,T_a02bf5e9,P_5a031194,Echo,5,5533
4598,1490,echo_duplicate_end,738.88,T_a02bf5e9,P_9b7f89b8,Echo,3,5535
4599,1490,echo_duplicate_end,153.24,T_a02bf5e9,P_9b7f89b8,Echo,1,5538
4600,1490,echo_duplicate_end,364.17,T_a02bf5e9,P_9b7f89b8,Echo,3,5538
4601,1490,echo_duplicate_end,484.7,T_a02bf5e9,P_9b7f89b8,Echo,5,5538
4602,1490,echo_duplicate_end,593.53,T_a02bf5e9,P_9b7f89b8,Echo,3,5539
4603,1493,echo_duplicate_end,167.31,T_5568bd9d,P_4591205e,Echo,1,5551
4604,1493,echo_duplicate_end,317.7,T_5568bd9d,P_4591205e,Echo,3,5551
4605,1493,echo_duplicate_end,475.16,T_5568bd9d,P_4591205e,Echo,4,5551
4606,1493,echo_duplicate_end,652.1,T_5568bd9d,P_4591205e,Echo,5,5551
4607,1493,echo_duplicate_end,837.47,T_5568bd9d,P_4591205e,Echo,6,5551
4608,1500,echo_duplicate_end,397.54,T_5568bd9d,P_4aa9bd5a,Echo,1,5571
4609,1500,echo_duplicate_end,117.69,T_5568bd9d,P_3d8c391e,Echo,1,5572
4610,1500,echo_duplicate_end,316.32,T_5568bd9d,P_3d8c391e,Echo,2,5572
4611,1500,echo_duplicate_end,487.87,T_5568bd9d,P_3d8c391e,Echo,4,5572
4612,1504,echo_duplicate_end,564.15,T_5568bd9d,P_186d285f,Echo,3,5594
3854,1026,echo_duplicate_end,878.09,T_a02bf5e9,P_4fcb7d6c,Echo,8,
3859,1026,echo_duplicate_end,624.36,T_a02bf5e9,P_4fcb7d6c,Echo,7,
3860,1026,echo_duplicate_end,692.05,T_a02bf5e9,P_4fcb7d6c,Echo,9,
4614,1521,echo_duplicate_end,485.64,T_2493ae81,P_d5cd48e5,Echo,1,5677
4615,1535,echo_duplicate_end,85.68,T_a02bf5e9,P_186d285f,Echo,1,5750
4616,1535,echo_duplicate_end,221.36,T_a02bf5e9,P_186d285f,Echo,3,5750
4617,1535,echo_duplicate_end,328.43,T_a02bf5e9,P_186d285f,Echo,5,5750
4618,1535,echo_duplicate_end,612.41,T_5568bd9d,P_3d8c391e,Echo,4,5750
4619,1535,echo_duplicate_end,753.94,T_5568bd9d,P_3d8c391e,Echo,5,5750
3888,1029,echo_duplicate_end,145.02,T_5568bd9d,P_62b2684a,Echo,1,
3889,1029,echo_duplicate_end,282.45,T_5568bd9d,P_62b2684a,Echo,3,
3890,1029,echo_duplicate_end,476.46,T_5568bd9d,P_62b2684a,Echo,4,
3891,1029,echo_duplicate_end,598.27,T_5568bd9d,P_62b2684a,Echo,5,
4620,1537,echo_duplicate_end,85.68,T_a02bf5e9,P_186d285f,Echo,1,5763
4621,1537,echo_duplicate_end,221.36,T_a02bf5e9,P_186d285f,Echo,3,5763
4622,1537,echo_duplicate_end,328.43,T_a02bf5e9,P_186d285f,Echo,5,5763
4623,1537,echo_duplicate_end,612.41,T_5568bd9d,P_3d8c391e,Echo,4,5763
4624,1537,echo_duplicate_end,753.94,T_5568bd9d,P_3d8c391e,Echo,5,5763
4625,1540,echo_duplicate_end,137.58,T_a02bf5e9,P_df09d482,Echo,1,5770
4626,1547,echo_duplicate_end,318.02,T_b7caae6b,P_72e78205,Echo,2,5779
4627,1547,echo_duplicate_end,461.78,T_b7caae6b,P_72e78205,Echo,4,5779
4628,1547,echo_duplicate_end,682.12,T_b7caae6b,P_72e78205,Echo,5,5779
4629,1558,echo_duplicate_end,159.38,T_a02bf5e9,P_4ef440bd,Echo,1,5817
4630,1558,echo_duplicate_end,380.81,T_a02bf5e9,P_4ef440bd,Echo,2,5817
4631,1558,echo_duplicate_end,484.79,T_a02bf5e9,P_4ef440bd,Echo,3,5817
4632,1558,echo_duplicate_end,665.53,T_a02bf5e9,P_4ef440bd,Echo,4,5817
4633,1558,echo_duplicate_end,774.82,T_a02bf5e9,P_4ef440bd,Echo,5,5817
4634,1558,echo_duplicate_end,996.52,T_a02bf5e9,P_4ef440bd,Echo,6,5817
4635,1558,echo_duplicate_end,292.44,T_a02bf5e9,P_d971cac4,Echo,1,5820
4636,1558,echo_duplicate_end,456.08,T_a02bf5e9,P_d971cac4,Echo,3,5820
3976,1049,echo_duplicate_end,717.99,T_985fffee,P_376a1a91,Echo,5,
4637,1580,echo_duplicate_end,173.9,T_5568bd9d,P_04a28e84,Echo,1,5920
4638,1580,echo_duplicate_end,354.53,T_5568bd9d,P_04a28e84,Echo,2,5920
4639,1580,echo_duplicate_end,533.02,T_5568bd9d,P_04a28e84,Echo,3,5920
4640,1581,echo_duplicate_end,258.91,T_5568bd9d,P_f88e5688,Echo,2,5922
4641,1581,echo_duplicate_end,489.66,T_5568bd9d,P_f88e5688,Echo,3,5922
4642,1581,echo_duplicate_end,621.17,T_5568bd9d,P_f88e5688,Echo,5,5922
4643,1586,echo_duplicate_end,818.4,T_5568bd9d,P_04a28e84,Echo,3,5951
4644,1586,echo_duplicate_end,277.51,T_5568bd9d,P_04a28e84,Echo,1,5956
4647,1590,echo_duplicate_end,163.91,T_a02bf5e9,P_d6c07b68,Echo,1,5967
4648,1590,echo_duplicate_end,301.18,T_a02bf5e9,P_d6c07b68,Echo,2,5967
4649,1590,echo_duplicate_end,112.94,T_a02bf5e9,P_d6c07b68,Echo,1,5972
4650,1590,echo_duplicate_end,397.86,T_a02bf5e9,P_d6c07b68,Echo,3,5972
4651,1590,echo_duplicate_end,524.19,T_a02bf5e9,P_d6c07b68,Echo,4,5972
4652,1590,echo_duplicate_end,707.82,T_a02bf5e9,P_d6c07b68,Echo,6,5972
4653,1591,echo_duplicate_end,181.14,T_a02bf5e9,P_84d0f0d0,Echo,1,5973
4654,1591,echo_duplicate_end,519.13,T_a02bf5e9,P_84d0f0d0,Echo,3,5973
4655,1591,echo_duplicate_end,670.84,T_a02bf5e9,P_84d0f0d0,Echo,5,5973
4656,1591,echo_duplicate_end,149.57,T_a02bf5e9,P_84d0f0d0,Echo,1,5974
4657,1591,echo_duplicate_end,305.79,T_a02bf5e9,P_84d0f0d0,Echo,2,5974
4658,1591,echo_duplicate_end,484.95,T_a02bf5e9,P_84d0f0d0,Echo,4,5974
4659,1591,echo_duplicate_end,742.54,T_a02bf5e9,P_84d0f0d0,Echo,6,5974
4660,1591,echo_duplicate_end,908.62,T_a02bf5e9,P_84d0f0d0,Echo,7,5974
4661,1591,echo_duplicate_end,204.3,T_a02bf5e9,P_84d0f0d0,Echo,1,5975
4662,1591,echo_duplicate_end,363.78,T_a02bf5e9,P_84d0f0d0,Echo,2,5975
4663,1591,echo_duplicate_end,520.52,T_a02bf5e9,P_84d0f0d0,Echo,4,5975
4664,1591,echo_duplicate_end,764.62,T_a02bf5e9,P_84d0f0d0,Echo,6,5975
4665,1591,echo_duplicate_end,879.6,T_a02bf5e9,P_84d0f0d0,Echo,8,5975
4666,1591,echo_duplicate_end,128.65,T_a02bf5e9,P_84d0f0d0,Echo,1,5976
4667,1591,echo_duplicate_end,291.92,T_a02bf5e9,P_84d0f0d0,Echo,3,5976
4668,1591,echo_duplicate_end,614.86,T_a02bf5e9,P_84d0f0d0,Echo,5,5976
4669,1591,echo_duplicate_end,790.91,T_a02bf5e9,P_84d0f0d0,Echo,6,5976
4670,1591,echo_duplicate_end,183.01,T_a02bf5e9,P_84d0f0d0,Echo,1,5977
4671,1591,echo_duplicate_end,395.55,T_a02bf5e9,P_84d0f0d0,Echo,2,5977
4672,1591,echo_duplicate_end,562.4,T_a02bf5e9,P_84d0f0d0,Echo,4,5977
4673,1591,echo_duplicate_end,864.46,T_5568bd9d,P_84d0f0d0,Echo,6,5978
4674,1591,echo_duplicate_end,977.72,T_5568bd9d,P_84d0f0d0,Echo,8,5978
4017,1053,echo_duplicate_end,397.79,T_5568bd9d,P_19736ab5,Echo,3,
4018,1053,echo_duplicate_end,514,T_5568bd9d,P_19736ab5,Echo,5,
4019,1053,echo_duplicate_end,710.56,T_5568bd9d,P_19736ab5,Echo,6,
4029,1053,echo_duplicate_end,894.17,T_5568bd9d,P_19736ab5,Echo,6,
4675,1602,echo_duplicate_end,139.13,T_99940b25,P_c58dd405,Echo,1,6025
4676,1602,echo_duplicate_end,317.07,T_99940b25,P_c58dd405,Echo,3,6025
4677,1603,echo_duplicate_end,208.65,T_5568bd9d,P_04a28e84,Echo,1,6027
4678,1606,echo_duplicate_end,615.24,T_5ec108cc,P_1f0842fd,Echo,3,6044
4679,1609,echo_duplicate_end,329.64,T_5568bd9d,P_e6ba82a2,Echo,1,6052
4680,1609,echo_duplicate_end,626.16,T_5568bd9d,P_e6ba82a2,Echo,3,6052
4681,1624,echo_duplicate_end,813.25,T_5568bd9d,P_0b8276bc,Echo,6,6073
4682,1624,echo_duplicate_end,148.96,T_a02bf5e9,P_844ca6bd,Echo,1,6074
4683,1624,echo_duplicate_end,197.17,T_5568bd9d,P_0b8276bc,Echo,1,6075
4684,1624,echo_duplicate_end,337.43,T_5568bd9d,P_0b8276bc,Echo,2,6075
4685,1624,echo_duplicate_end,474.49,T_5568bd9d,P_0b8276bc,Echo,3,6075
4686,1626,echo_duplicate_end,556.15,T_5568bd9d,P_27182841,Echo,2,6080
4687,1626,echo_duplicate_end,697.19,T_5568bd9d,P_27182841,Echo,3,6080
4690,1628,echo_duplicate_end,499.68,T_5568bd9d,P_b0cf3b85,Echo,3,6082
4691,1628,echo_duplicate_end,616.43,T_a02bf5e9,P_84674bb5,Echo,3,6082
4692,1632,echo_duplicate_end,499.68,T_5568bd9d,P_b0cf3b85,Echo,3,6113
4693,1632,echo_duplicate_end,616.43,T_a02bf5e9,P_84674bb5,Echo,3,6113
4696,1633,echo_duplicate_end,765.05,T_5568bd9d,P_84674bb5,Echo,3,6121
4698,1641,echo_duplicate_end,442.99,T_a02bf5e9,P_012d1b8a,Echo,3,6170
4699,1663,echo_duplicate_end,287.22,T_a02bf5e9,P_c5724e77,Echo,1,6222
4700,1664,echo_duplicate_end,773.54,T_4bc42396,P_f0578453,Echo,4,6233
4701,1665,echo_duplicate_end,233.6,T_a02bf5e9,P_84d0f0d0,Echo,1,6243
4702,1665,echo_duplicate_end,382.26,T_a02bf5e9,P_84d0f0d0,Echo,2,6243
4703,1665,echo_duplicate_end,378.68,T_a02bf5e9,P_84d0f0d0,Echo,2,6244
4704,1671,echo_duplicate_end,192.77,T_a02bf5e9,P_071a61b9,Echo,1,6292
4705,1671,echo_duplicate_end,408.86,T_a02bf5e9,P_071a61b9,Echo,2,6292
4706,1673,echo_duplicate_end,201.54,T_6a59b9b6,P_3c28563f,Echo,1,6311
691,249,echo_duplicate_end,208.15,T_8b3a2c80,P_1047354a,Echo,1,
692,249,echo_duplicate_end,388.08,T_8b3a2c80,P_1047354a,Echo,2,
693,249,echo_duplicate_end,601.32,T_f651b2a4,P_7df9d6d8,Echo,5,
694,249,echo_duplicate_end,619.42,T_8b3a2c80,P_1047354a,Echo,4,
695,249,echo_duplicate_end,727.31,T_8b3a2c80,P_1047354a,Echo,5,
696,249,echo_duplicate_end,769.45,T_f651b2a4,P_7df9d6d8,Echo,6,
697,249,echo_duplicate_end,832.49,T_8b3a2c80,P_1047354a,Echo,7,
1140,379,echo_duplicate_end,111.85,T_d0976a92,P_bfce00e7,Echo,1,
1141,379,echo_duplicate_end,207.87,T_d0976a92,P_bfce00e7,Echo,2,
1142,379,echo_duplicate_end,305.85,T_a02bf5e9,P_f3a6290f,Echo,2,
1143,379,echo_duplicate_end,400.79,T_d0976a92,P_bfce00e7,Echo,3,
1144,379,echo_duplicate_end,532.94,T_d0976a92,P_bfce00e7,Echo,4,
1145,379,echo_duplicate_end,642.37,T_d0976a92,P_bfce00e7,Echo,5,
1146,379,echo_duplicate_end,787.54,T_d0976a92,P_bfce00e7,Echo,7,
1147,379,echo_duplicate_end,105.58,T_a02bf5e9,P_f3a6290f,Echo,0,
1148,379,echo_duplicate_end,180.35,T_d0976a92,P_bfce00e7,Echo,1,
2043,539,echo_duplicate_end,186.18,T_a02bf5e9,P_ba7dcd3b,Echo,1,
2044,539,echo_duplicate_end,585.81,T_a02bf5e9,P_3f4aeec3,Echo,4,
2045,539,echo_duplicate_end,676.54,T_a02bf5e9,P_3f4aeec3,Echo,5,
4707,1685,echo_duplicate_end,572.76,T_a02bf5e9,P_bedf69ec,Echo,3,6332
4708,1685,echo_duplicate_end,841.06,T_5568bd9d,P_f081f9e5,Echo,7,6332
4709,1687,echo_duplicate_end,155.84,T_a02bf5e9,P_02434eac,Echo,1,6335
4710,1687,echo_duplicate_end,336.22,T_a02bf5e9,P_02434eac,Echo,2,6335
4711,1687,echo_duplicate_end,485.09,T_a02bf5e9,P_02434eac,Echo,4,6335
4712,1687,echo_duplicate_end,647.78,T_a02bf5e9,P_02434eac,Echo,6,6335
4713,1693,echo_duplicate_end,163.42,T_a02bf5e9,P_02434eac,Echo,1,6371
4714,1695,echo_duplicate_end,470.08,T_5568bd9d,P_fd376de3,Echo,2,6382
4715,1693,echo_duplicate_end,174.83,T_a02bf5e9,P_02434eac,Echo,1,6386
4716,1693,echo_duplicate_end,361.95,T_a02bf5e9,P_02434eac,Echo,3,6386
4717,1693,echo_duplicate_end,564.18,T_a02bf5e9,P_02434eac,Echo,4,6386
4718,1693,echo_duplicate_end,739.96,T_a02bf5e9,P_02434eac,Echo,5,6386
4719,1693,echo_duplicate_end,224.9,T_a02bf5e9,P_02434eac,Echo,1,6387
4720,1693,echo_duplicate_end,492.72,T_a02bf5e9,P_02434eac,Echo,3,6387
4721,1693,echo_duplicate_end,148.63,T_a02bf5e9,P_02434eac,Echo,1,6388
4722,1693,echo_duplicate_end,310.23,T_a02bf5e9,P_02434eac,Echo,2,6388
4723,1693,echo_duplicate_end,518.44,T_a02bf5e9,P_02434eac,Echo,3,6388
4724,1693,echo_duplicate_end,654.91,T_a02bf5e9,P_02434eac,Echo,4,6388
4725,1693,echo_duplicate_end,915.71,T_a02bf5e9,P_02434eac,Echo,6,6388
4726,1697,echo_duplicate_end,203.77,T_a02bf5e9,P_fc254890,Echo,1,6398
4727,1697,echo_duplicate_end,402.41,T_a02bf5e9,P_fc254890,Echo,2,6398
4728,1705,echo_duplicate_end,279.76,T_87a36abe,P_a5548520,Echo,1,6434
4729,1730,echo_duplicate_end,211.95,T_a02bf5e9,P_bedf69ec,Echo,1,6536
4730,1750,echo_duplicate_end,267.72,T_a02bf5e9,P_d5cd48e5,Echo,1,6646
4731,1759,echo_duplicate_end,327.41,T_a02bf5e9,P_82869480,Echo,3,6687
4732,1765,echo_duplicate_end,456.33,T_a02bf5e9,P_a4c95491,Echo,3,6721
4733,1765,echo_duplicate_end,562.84,T_a02bf5e9,P_a4c95491,Echo,5,6721
4734,1765,echo_duplicate_end,685.99,T_a02bf5e9,P_a4c95491,Echo,7,6721
4735,1765,echo_duplicate_end,171.47,T_5568bd9d,P_f24f1f1e,Echo,1,6722
4736,1765,echo_duplicate_end,176.25,T_a02bf5e9,P_a4c95491,Echo,1,6722
4737,1765,echo_duplicate_end,283.09,T_5568bd9d,P_f24f1f1e,Echo,2,6722
4738,1765,echo_duplicate_end,399.54,T_5568bd9d,P_f24f1f1e,Echo,4,6722
4739,1765,echo_duplicate_end,405.8,T_a02bf5e9,P_a4c95491,Echo,3,6722
4740,1765,echo_duplicate_end,582.49,T_a02bf5e9,P_a4c95491,Echo,6,6722
4741,1765,echo_duplicate_end,586.51,T_5568bd9d,P_f24f1f1e,Echo,7,6722
4742,1766,echo_duplicate_end,155.75,T_5568bd9d,P_7d7bc953,Echo,1,6729
4743,1766,echo_duplicate_end,489.89,T_5568bd9d,P_7d7bc953,Echo,2,6729
4744,1766,echo_duplicate_end,619.34,T_5568bd9d,P_7d7bc953,Echo,5,6729
4811,1833,echo_duplicate_end,147.87,T_a02bf5e9,P_fc9f84cd,Echo,1,6833
4812,1833,echo_duplicate_end,256.48,T_a02bf5e9,P_fc9f84cd,Echo,2,6833
4813,1833,echo_duplicate_end,411.47,T_a02bf5e9,P_fc9f84cd,Echo,3,6833
4814,1833,echo_duplicate_end,574.66,T_a02bf5e9,P_fc9f84cd,Echo,4,6833
4815,1833,echo_duplicate_end,711.06,T_5568bd9d,P_fb04ff82,Echo,4,6868
4848,1833,echo_duplicate_end,785.81,T_a02bf5e9,P_fc9f84cd,Echo,5,6901
4881,1866,echo_duplicate_end,583.88,T_a02bf5e9,P_4009a74f,Echo,3,6936
4882,1866,echo_duplicate_end,813.67,T_a02bf5e9,P_4009a74f,Echo,4,6936