id,scrimId,event_type,match_time,round_number,team_1_score,team_2_score,MapDataId
17,31,match_end,727.37,3,0,3,30
18,31,match_end,947.39,2,2,3,31
19,31,match_end,772.82,2,2,3,32
20,31,match_end,851.77,6,4,1,33
21,31,match_end,616.93,1,0,0,34
25,34,match_end,616.93,1,0,0,40
26,29,match_end,798.39,6,2,3,41
27,29,match_end,727.37,3,0,3,42
28,35,match_end,670.99,2,0,3,43
29,35,match_end,948.37,6,3,2,44
33,29,match_end,707.48,3,2,1,50
34,36,match_end,803.86,3,3,0,51
35,36,match_end,738.92,2,2,3,52
36,36,match_end,945.95,6,3,2,53
37,36,match_end,632.44,1,0,0,55
43,29,match_end,707.48,3,2,1,62
44,29,match_end,813.14,3,3,0,63
45,29,match_end,813.14,3,3,0,64
46,29,match_end,813.14,3,3,0,65
47,38,match_end,707.48,3,2,1,66
52,40,match_end,652.78,1,0,0,72
53,40,match_end,676.98,1,0,0,74
58,43,match_end,806.83,3,1,2,83
70,45,match_end,744.01,3,2,1,97
71,45,match_end,464.75,2,3,3,98
72,45,match_end,753.26,5,5,0,99
73,45,match_end,798.58,2,3,3,100
81,47,match_end,781.2,6,2,3,108
82,29,match_end,656.87,3,3,0,109
86,29,match_end,958.15,3,1,2,113
87,29,match_end,958.15,3,1,2,114
88,29,match_end,958.15,3,1,2,115
89,29,match_end,958.15,3,1,2,116
90,34,match_end,958.15,3,1,2,118
91,34,match_end,958.15,3,1,2,
92,51,match_end,958.15,3,1,2,120
96,53,match_end,801.94,6,4,1,125
97,54,match_end,801.94,6,4,1,126
98,55,match_end,801.94,6,4,1,127
99,53,match_end,927.28,2,3,3,128
100,53,match_end,799.84,3,0,3,130
101,53,match_end,822.79,6,4,1,131
109,57,match_end,624.55,3,3,0,139
110,57,match_end,508.88,2,0,3,140
111,57,match_end,820.52,5,5,0,141
112,57,match_end,684.76,2,3,3,142
113,57,match_end,684.76,2,3,3,143
114,57,match_end,454.58,1,0,0,
115,58,match_end,656.87,3,3,0,
116,58,match_end,577.34,2,3,3,
117,58,match_end,798.39,6,2,3,
118,58,match_end,798.39,6,2,3,
119,58,match_end,940.23,2,3,3,
120,58,match_end,417.66,1,0,0,151
121,58,match_end,417.66,1,0,0,152
122,58,match_end,713.41,3,2,1,153
123,59,match_end,999.34,2,3,3,155
124,59,match_end,633.98,6,4,1,156
125,59,match_end,991.26,2,2,3,157
126,59,match_end,605.22,1,0,0,158
127,59,match_end,851.02,3,2,1,159
128,60,match_end,652,3,1,2,160
129,60,match_end,841.3,2,1,3,161
130,60,match_end,832.56,6,4,1,162
131,60,match_end,1025.13,2,3,3,163
132,60,match_end,927.85,3,1,2,164
133,60,match_end,927.85,3,1,2,165
134,60,match_end,613.51,1,0,0,166
135,61,match_end,585.12,3,3,0,167
136,61,match_end,924.28,2,2,3,168
137,61,match_end,766.6,5,5,0,169
138,61,match_end,933.39,2,3,3,170
139,61,match_end,650.79,1,0,0,171
140,61,match_end,688.39,3,2,1,172
141,34,match_end,956.57,2,3,3,173
142,62,match_end,805.3,3,0,3,174
143,62,match_end,1041.44,2,3,3,175
144,62,match_end,931.8,6,3,2,176
145,62,match_end,973.96,2,2,3,177
146,62,match_end,600.18,1,0,0,178
147,62,match_end,978.23,2,3,3,179
153,64,match_end,699.99,3,0,3,185
154,64,match_end,938.42,2,1,3,186
155,64,match_end,776.48,6,3,2,187
156,64,match_end,836.18,2,2,3,188
157,64,match_end,671.73,1,0,0,189
158,34,match_end,958.15,3,1,2,190
159,34,match_end,301.48,1,0,0,191
165,67,match_end,1003.5,6,3,2,197
166,67,match_end,844.04,2,3,3,198
167,67,match_end,600.16,1,0,0,199
168,67,match_end,680.21,3,2,1,200
169,67,match_end,956.57,2,3,3,201
171,34,match_end,508.88,2,0,3,203
174,69,match_end,854.27,2,3,3,206
175,69,match_end,960,2,2,3,207
176,69,match_end,824.3,6,1,4,208
177,69,match_end,717.81,1,0,0,209
178,69,match_end,877.79,3,3,0,210
179,70,match_end,888.93,2,1,3,211
180,71,match_end,888.93,2,1,3,212
181,72,match_end,615.08,1,0,0,213
182,73,match_end,659.91,3,2,1,214
184,74,match_end,982.61,6,3,2,217
185,74,match_end,921.75,2,2,3,218
186,74,match_end,629.16,1,0,0,219
187,75,match_end,838.69,3,0,3,220
188,75,match_end,728.16,2,3,3,221
189,75,match_end,829.62,6,1,4,222
190,75,match_end,766.04,2,3,3,223
191,75,match_end,766.04,2,3,3,224
192,75,match_end,766.04,2,3,3,225
193,75,match_end,625.04,1,0,0,226
194,75,match_end,753.13,3,0,3,227
195,76,match_end,960.04,3,0,3,228
196,77,match_end,960.04,3,0,3,229
197,78,match_end,960.04,3,0,3,230
198,79,match_end,960.04,3,0,3,231
199,80,match_end,930.21,2,1,3,232
200,80,match_end,998.92,6,4,1,233
202,80,match_end,665.47,1,0,0,235
203,80,match_end,680.17,2,0,3,236
204,80,match_end,960.04,3,0,3,237
205,82,match_end,797.86,6,3,2,238
206,83,match_end,797.86,6,3,2,239
207,84,match_end,797.86,6,3,2,240
208,34,match_end,797.86,6,3,2,241
209,34,match_end,797.86,6,3,2,242
210,34,match_end,797.86,6,3,2,243
211,34,match_end,797.86,6,3,2,244
212,34,match_end,797.86,6,3,2,245
213,34,match_end,797.86,6,3,2,246
215,34,match_end,797.86,6,3,2,248
216,34,match_end,797.86,6,3,2,249
217,34,match_end,797.86,6,3,2,250
218,85,match_end,714.23,6,3,2,252
220,34,match_end,766.04,2,3,3,254
221,34,match_end,766.04,2,3,3,255
222,34,match_end,766.04,2,3,3,256
223,34,match_end,728.16,2,3,3,257
224,34,match_end,651.5,2,3,3,258
225,87,match_end,732.05,3,0,3,259
226,87,match_end,637.57,2,0,3,260
227,87,match_end,774.14,5,0,5,261
228,87,match_end,539.68,2,0,3,262
229,87,match_end,688.6,1,0,0,263
230,87,match_end,685.58,3,1,2,264
231,87,match_end,613.2,2,0,3,265
233,85,match_end,686.79,2,1,3,267
234,85,match_end,714.23,6,3,2,268
236,89,match_end,902.24,3,1,2,270
237,90,match_end,902.24,3,1,2,271
238,91,match_end,902.24,3,1,2,272
239,91,match_end,906.22,2,3,3,273
240,91,match_end,802.5,6,3,2,274
241,91,match_end,637.83,1,0,0,276
242,91,match_end,631.87,3,2,1,277
243,92,match_end,807.92,3,2,1,278
244,92,match_end,469.06,2,0,3,279
245,92,match_end,844.45,2,1,3,280
246,92,match_end,760.77,6,3,2,281
248,93,match_end,902.24,3,1,2,283
249,93,match_end,906.22,2,3,3,284
250,93,match_end,802.5,6,3,2,285
251,93,match_end,637.83,1,0,0,287
252,93,match_end,631.87,3,2,1,288
253,94,match_end,653.62,3,3,0,289
254,94,match_end,796.49,2,3,3,290
255,94,match_end,860.99,6,4,1,291
256,94,match_end,918.22,2,3,3,292
257,94,match_end,607.75,1,0,0,293
258,94,match_end,753.81,3,3,0,294
259,94,match_end,753.81,3,3,0,295
269,96,match_end,769.29,2,2,3,305
270,96,match_end,644.02,1,0,0,306
271,96,match_end,717.7,2,0,3,307
272,96,match_end,613.56,3,1,2,308
280,97,match_end,618.44,1,0,0,318
281,97,match_end,877.56,3,1,2,319
282,99,match_end,780.42,3,3,0,320
283,99,match_end,896.81,2,3,3,321
284,99,match_end,813.52,5,5,0,322
285,99,match_end,834.25,2,2,3,323
286,99,match_end,600.2,1,0,0,324
287,99,match_end,785.22,3,1,2,325
288,100,match_end,627.81,1,0,0,326
289,100,match_end,617.91,2,3,3,327
290,100,match_end,751.77,3,3,0,328
291,100,match_end,608.88,3,3,0,329
292,100,match_end,717.21,6,4,1,330
293,100,match_end,1002.11,2,3,3,331
298,104,match_end,786.69,3,2,1,336
299,104,match_end,735.6,2,3,3,337
300,104,match_end,675.3,1,0,0,338
301,104,match_end,559.19,2,3,3,339
302,104,match_end,999.5,6,2,3,340
303,105,match_end,764.96,3,0,3,341
304,105,match_end,870.75,2,3,3,342
305,105,match_end,1061.96,6,1,4,343
306,105,match_end,716.73,1,0,0,344
307,105,match_end,802.65,2,3,3,345
313,34,match_end,860.99,6,4,1,353
314,107,match_end,880.6,3,2,1,354
315,107,match_end,798.66,6,2,3,355
316,107,match_end,667.14,2,3,3,356
317,107,match_end,769.02,3,1,2,358
318,108,match_end,828.1,3,1,2,359
319,108,match_end,793.81,2,3,3,360
326,109,match_end,600.17,1,0,0,367
328,112,match_end,660.03,3,3,0,370
329,112,match_end,680.78,2,0,3,371
330,112,match_end,995.53,6,4,1,372
331,112,match_end,630.33,1,0,0,374
332,112,match_end,896.97,3,0,3,375
333,113,match_end,653.38,3,3,0,376
334,113,match_end,989.41,6,4,1,378
335,113,match_end,638.89,1,0,0,379
336,113,match_end,953.29,2,3,3,380
337,114,match_end,854.6,3,2,1,385
338,114,match_end,875.88,2,2,3,386
339,114,match_end,600.17,1,0,0,387
340,114,match_end,925.13,5,0,5,388
341,114,match_end,835.35,2,3,3,389
342,114,match_end,812.83,3,2,1,390
343,115,match_end,808.89,3,3,0,391
344,115,match_end,945.71,6,3,2,393
345,115,match_end,982.35,2,2,3,394
346,115,match_end,688.42,1,0,0,395
347,116,match_end,813.21,3,1,2,396
348,116,match_end,674.92,2,0,3,397
349,116,match_end,770.49,5,5,0,398
350,116,match_end,820.43,2,1,3,399
351,117,match_end,713.65,3,1,2,400
352,117,match_end,986.84,2,2,3,401
353,117,match_end,866.18,6,3,2,402
354,117,match_end,611.28,1,0,0,404
355,117,match_end,676.47,3,1,2,405
356,117,match_end,676.47,3,1,2,406
358,125,match_end,677.26,3,1,2,408
359,125,match_end,938.31,6,2,3,410
361,125,match_end,621.76,1,0,0,412
362,125,match_end,811.68,3,1,2,413
364,127,match_end,721.46,3,3,0,415
365,127,match_end,908.54,2,3,3,416
366,127,match_end,840.28,6,3,2,417
367,127,match_end,918.19,2,3,3,418
369,127,match_end,731.35,3,1,2,420
377,129,match_end,868.2,3,1,2,429
378,129,match_end,797.45,2,2,3,430
379,129,match_end,840.51,6,3,2,431
380,129,match_end,870.69,2,2,3,432
381,129,match_end,617.2,1,0,0,433
384,131,match_end,805.91,3,1,2,436
385,131,match_end,719.61,2,3,3,437
386,131,match_end,883.13,6,2,3,438
387,131,match_end,828.45,2,3,3,439
388,131,match_end,906.03,2,2,3,440
389,132,match_end,785.61,3,2,1,441
390,132,match_end,839.5,2,1,3,442
391,132,match_end,538.04,1,0,0,443
392,132,match_end,882.15,5,5,0,444
393,132,match_end,761.23,2,3,3,445
394,133,match_end,665.53,3,1,2,446
395,133,match_end,695.78,2,3,3,447
397,133,match_end,674.16,1,0,0,449
398,133,match_end,654.37,2,3,3,450
399,133,match_end,816.55,3,2,1,451
400,134,match_end,910.68,3,0,3,452
401,134,match_end,984.49,2,2,3,453
402,134,match_end,781.71,6,2,3,454
404,134,match_end,692.21,1,0,0,456
405,134,match_end,842.44,3,3,0,457
406,135,match_end,859.76,6,3,2,458
408,137,match_end,674.42,3,0,3,460
409,137,match_end,532.49,2,3,3,461
410,137,match_end,891.24,6,4,1,462
411,137,match_end,752.23,2,3,3,463
412,137,match_end,626.85,1,0,0,464
414,135,match_end,1054.22,2,2,3,467
415,135,match_end,733.87,1,0,0,468
416,135,match_end,768.24,2,2,3,469
417,135,match_end,915.06,3,1,2,470
418,139,match_end,610.76,1,0,0,471
419,139,match_end,941.48,6,3,2,472
427,141,match_end,772.94,3,2,1,480
428,141,match_end,661.41,2,0,3,481
429,141,match_end,813.85,5,0,5,482
430,141,match_end,899.08,2,2,3,483
431,141,match_end,691.24,1,0,0,484
432,141,match_end,601.93,3,2,1,485
438,143,match_end,698.88,3,2,1,492
445,146,match_end,810.66,3,1,2,500
446,146,match_end,811.26,3,1,2,501
447,146,match_end,814.23,2,1,3,502
448,146,match_end,631.26,1,0,0,503
449,146,match_end,814.21,5,0,5,504
463,153,match_end,695.83,3,1,2,519
464,153,match_end,919.15,2,2,3,520
466,153,match_end,574.59,2,3,3,522
467,153,match_end,250.62,1,0,0,523
468,153,match_end,901.82,3,0,3,524
484,156,match_end,822.45,3,2,1,540
485,156,match_end,985.2,2,2,3,541
486,156,match_end,600.18,1,0,0,542
487,156,match_end,834.96,6,3,2,543
488,156,match_end,720.15,2,0,3,544
489,156,match_end,843.99,2,2,3,545
497,157,match_end,940.95,6,2,3,554
498,158,match_end,724.3,3,3,0,555
499,158,match_end,869.95,2,2,3,556
500,158,match_end,645,1,0,0,557
501,158,match_end,859.43,6,3,2,558
502,158,match_end,695.7,2,3,3,559
503,158,match_end,788.54,3,1,2,560
504,158,match_end,788.66,3,2,1,561
505,159,match_end,808.73,6,2,3,562
506,159,match_end,882.79,2,1,3,563
508,160,match_end,830.64,3,1,2,566
514,161,match_end,948.96,3,2,1,572
515,163,match_end,840.71,6,3,2,574
516,163,match_end,631.15,1,0,0,575
517,163,match_end,948.96,3,2,1,576
518,164,match_end,645.73,3,1,2,577
519,164,match_end,644.9,5,0,5,578
520,164,match_end,853.83,3,0,3,579
521,164,match_end,640.47,2,0,3,580
522,164,match_end,678.25,1,0,0,581
524,171,match_end,894.25,6,2,3,589
525,171,match_end,1020.52,2,2,3,590
526,172,match_end,760.6,3,1,2,592
529,172,match_end,871.76,6,1,4,595
530,172,match_end,714.83,2,0,3,596
533,176,match_end,556.7,3,0,3,599
534,176,match_end,751.12,2,2,3,600
535,176,match_end,799.14,6,3,2,601
536,176,match_end,822.09,2,1,3,602
537,176,match_end,799.14,6,3,2,603
544,178,match_end,681.4,3,2,1,610
545,178,match_end,916.8,2,3,3,611
546,178,match_end,629.02,1,0,0,612
547,178,match_end,934.04,6,2,3,613
548,177,match_end,627.22,1,0,0,614
549,177,match_end,726.79,3,2,1,615
550,179,match_end,713.31,3,2,1,616
551,180,match_end,713.31,3,2,1,617
552,180,match_end,665.84,2,3,3,618
553,180,match_end,906.62,6,2,3,619
554,180,match_end,1017.87,2,2,3,620
555,180,match_end,659.18,1,0,0,621
556,181,match_end,485.27,2,0,3,623
557,181,match_end,947.53,6,2,3,624
558,181,match_end,955.17,2,1,3,625
559,181,match_end,600.15,1,0,0,626
560,181,match_end,683.94,3,1,2,627
572,196,match_end,902.18,3,1,2,644
573,196,match_end,698.96,2,1,3,645
575,196,match_end,627.02,1,0,0,647
576,196,match_end,857.18,3,1,2,648
577,197,match_end,707.31,3,2,1,649
578,197,match_end,690.84,2,3,3,650
579,197,match_end,724.43,2,1,3,651
580,197,match_end,714.29,1,0,0,652
581,197,match_end,864.99,6,2,3,653
582,197,match_end,542.58,3,1,2,654
583,198,match_end,792.21,3,3,0,655
584,198,match_end,646.58,2,3,3,656
589,199,match_end,738.32,3,2,1,661
590,199,match_end,582.51,2,0,3,662
591,199,match_end,606.31,2,0,3,663
594,199,match_end,583.93,1,0,0,666
604,202,match_end,997.04,6,2,3,676
605,202,match_end,628.66,1,0,0,677
606,203,match_end,595.12,3,1,2,678
607,203,match_end,614.46,2,3,3,679
608,203,match_end,662.61,1,0,0,680
609,203,match_end,874.6,6,1,4,681
610,203,match_end,809.72,3,3,0,682
611,203,match_end,692.32,2,3,3,683
612,203,match_end,561.26,1,0,0,684
616,205,match_end,642.24,3,0,3,688
617,206,match_end,672.64,3,1,2,689
618,205,match_end,628.6,2,0,3,690
619,205,match_end,692.87,6,1,4,691
620,206,match_end,922.83,2,3,3,692
621,205,match_end,1031.62,2,2,3,693
622,206,match_end,1018.3,2,2,3,694
623,205,match_end,775.57,1,0,0,695
624,206,match_end,913.16,6,3,2,696
626,205,match_end,626.27,3,0,3,698
627,207,match_end,639.2,3,3,0,699
628,207,match_end,932.98,2,1,3,700
629,207,match_end,485.76,2,3,3,701
630,207,match_end,731.1,6,4,1,702
631,207,match_end,305.28,1,0,0,703
638,206,match_end,592.96,3,2,1,711
639,34,match_end,621.62,3,3,0,712
640,218,match_end,621.62,3,3,0,713
641,218,match_end,847.88,2,1,3,714
642,218,match_end,748.4,6,3,2,715
643,218,match_end,915.16,2,3,3,716
646,222,match_end,632.17,3,2,1,720
647,222,match_end,718.76,2,1,3,721
648,222,match_end,840.93,2,3,3,722
649,222,match_end,719.45,6,3,2,723
650,222,match_end,844.5,2,3,3,724
651,222,match_end,643.77,1,0,0,725
652,223,match_end,572.89,3,1,2,727
653,223,match_end,954.84,2,1,3,728
654,223,match_end,840.76,6,1,4,729
655,223,match_end,891.23,2,2,3,730
656,224,match_end,600.15,1,0,0,731
657,223,match_end,642.81,1,0,0,732
658,224,match_end,894.03,3,1,2,733
659,223,match_end,787.79,3,1,2,734
660,225,match_end,754.97,3,0,3,735
667,227,match_end,66,1,1,0,746
668,228,match_end,0,3,0,3,747
669,229,match_end,654.07,3,3,0,748
670,229,match_end,791.15,2,1,3,749
671,229,match_end,898.05,2,3,3,750
672,229,match_end,949.56,6,2,3,751
673,229,match_end,618.63,1,0,0,753
674,229,match_end,793.58,3,0,3,754
678,231,match_end,903.1,3,2,1,758
679,231,match_end,703.1,2,0,3,759
680,231,match_end,668.44,2,1,3,760
681,231,match_end,714.16,1,0,0,761
682,231,match_end,914.96,6,2,3,762
684,232,match_end,819.61,3,0,3,764
685,232,match_end,739.51,2,0,3,765
686,232,match_end,732.25,2,0,3,766
687,232,match_end,755.14,1,0,0,767
688,232,match_end,934.35,5,5,0,768
689,232,match_end,766.34,3,1,2,769
690,232,match_end,755.14,1,0,0,770
693,234,match_end,408.94,1,0,0,773
694,235,match_end,408.94,1,0,0,774
695,236,match_end,408.94,1,0,0,775
696,237,match_end,924.82,2,3,3,776
697,237,match_end,408.94,1,0,0,777
698,237,match_end,629.97,1,0,0,778
699,237,match_end,882.13,6,1,4,781
700,237,match_end,425.56,1,0,0,782
708,244,match_end,885.35,3,1,2,790
709,244,match_end,721.02,2,3,3,791
710,244,match_end,904.29,2,3,3,792
711,244,match_end,617.84,1,0,0,793
712,244,match_end,711.17,6,1,4,794
713,245,match_end,586,3,1,2,795
714,245,match_end,1061.63,2,3,3,796
715,245,match_end,887.36,2,1,3,797
716,245,match_end,688.05,1,0,0,798
720,245,match_end,853.53,3,0,3,802
721,246,match_end,679.99,3,3,0,803
722,247,match_end,679.99,3,3,0,804
723,248,match_end,679.99,3,3,0,805
724,248,match_end,906.85,2,3,3,806
725,248,match_end,413.59,1,0,0,807
726,248,match_end,1049.12,2,2,3,808
727,248,match_end,701.42,6,2,3,809
728,248,match_end,642.28,3,1,2,810
730,249,match_end,742.38,3,1,2,812
731,249,match_end,615.52,2,3,3,813
732,249,match_end,869.52,6,2,3,814
733,249,match_end,833.97,2,1,3,
752,253,match_end,702.74,6,4,1,838
753,256,match_end,692.55,3,1,2,839
754,257,match_end,692.55,3,1,2,840
755,258,match_end,692.55,3,1,2,841
756,259,match_end,692.55,3,1,2,842
757,259,match_end,833.44,2,1,3,843
758,259,match_end,793.47,2,2,3,844
759,259,match_end,600.16,1,0,0,845
760,259,match_end,846.52,6,4,1,846
763,260,match_end,447.53,1,0,0,849
764,261,match_end,792.77,2,3,3,850
767,261,match_end,794.76,5,5,0,853
768,261,match_end,897.72,3,2,1,854
769,261,match_end,447.53,1,0,0,855
770,262,match_end,0,3,2,1,856
771,271,match_end,809.08,3,1,2,857
773,271,match_end,937.72,6,3,2,859
774,271,match_end,838.82,2,1,3,860
775,271,match_end,649.76,1,0,0,861
776,271,match_end,916.12,2,2,3,862
777,272,match_end,823.54,3,1,2,864
778,273,match_end,823.54,3,1,2,865
781,276,match_end,815.55,2,2,3,868
782,276,match_end,581.06,2,0,3,869
789,277,match_end,804.16,6,1,4,876
790,277,match_end,655.43,1,0,0,877
791,277,match_end,628.47,2,0,3,878
792,278,match_end,733.92,3,3,0,880
793,278,match_end,895.06,2,3,3,881
794,278,match_end,724.17,6,2,3,882
795,278,match_end,743.07,2,1,3,883
796,278,match_end,797.18,3,1,2,884
797,278,match_end,724.17,6,2,3,885
798,278,match_end,624.88,1,0,0,886
802,279,match_end,654.08,1,0,0,890
803,279,match_end,791.58,6,1,4,891
804,279,match_end,707.95,3,1,2,892
805,280,match_end,640.84,3,0,3,894
806,280,match_end,628.47,2,0,3,895
809,281,match_end,764.42,3,2,1,898
810,281,match_end,950.59,2,1,3,899
811,281,match_end,956.48,2,3,3,900
812,281,match_end,848.43,6,3,2,901
813,281,match_end,653.02,1,0,0,902
815,282,match_end,836.39,3,1,2,904
829,285,match_end,815.32,2,3,3,918
830,285,match_end,796.81,6,2,3,921
831,285,match_end,752.75,3,2,1,922
832,285,match_end,663.78,1,0,0,923
833,285,match_end,660.5,3,1,2,924
838,287,match_end,682.05,3,1,2,929
839,287,match_end,751.44,2,0,3,930
841,291,match_end,920.47,2,2,3,932
843,291,match_end,846.99,6,1,4,934
844,291,match_end,843.19,3,2,1,935
845,291,match_end,600.15,1,0,0,936
846,292,match_end,645.24,2,0,3,937
847,292,match_end,750.37,2,0,3,938
848,292,match_end,623.37,1,0,0,939
849,292,match_end,877.89,6,3,2,940
850,292,match_end,893.59,3,2,1,941
851,293,match_end,748.15,3,2,1,942
852,293,match_end,917.06,2,3,3,943
853,293,match_end,938.09,2,1,3,944
854,293,match_end,629.37,1,0,0,945
855,293,match_end,846.77,6,3,2,946
856,293,match_end,765.06,3,1,2,947
857,294,match_end,869.5,3,3,0,948
858,294,match_end,678.36,2,3,3,949
859,294,match_end,812.28,6,3,2,950
860,294,match_end,615.19,1,0,0,951
861,294,match_end,929.98,2,3,3,952
862,294,match_end,840.37,2,3,3,953
864,296,match_end,826.01,2,2,3,955
865,296,match_end,701.46,2,0,3,956
866,296,match_end,701.46,2,0,3,957
867,296,match_end,665.38,1,0,0,958
868,296,match_end,663.7,5,5,0,960
869,296,match_end,720.75,3,2,1,961
870,296,match_end,720.75,3,2,1,962
871,296,match_end,720.75,3,2,1,963
872,296,match_end,720.75,3,2,1,964
873,296,match_end,720.75,3,2,1,965
874,296,match_end,924.68,2,3,3,966
875,297,match_end,657.29,3,3,0,967
876,297,match_end,760.98,2,3,3,968
877,297,match_end,323.2,1,0,0,969
883,298,match_end,713.65,6,4,1,977
893,300,match_end,533.8,2,3,3,989
894,300,match_end,714.09,3,3,0,990
895,300,match_end,797.2,6,3,2,991
897,300,match_end,757.99,2,0,3,993
898,300,match_end,594.52,1,0,0,994
899,301,match_end,948.55,2,3,3,995
900,301,match_end,662.01,3,2,1,996
904,302,match_end,691.5,2,0,3,1000
905,302,match_end,817.33,2,2,3,1001
906,302,match_end,948.66,6,2,3,1002
907,302,match_end,617.19,1,0,0,1003
908,302,match_end,746.49,3,2,1,1004
909,303,match_end,806.39,3,0,3,1005
910,303,match_end,729.2,2,0,3,1006
911,303,match_end,884.38,2,1,3,1007
912,303,match_end,630.27,1,0,0,1008
913,303,match_end,771.29,6,2,3,1009
914,303,match_end,697.64,3,0,3,1010
916,305,match_end,749.17,3,1,2,1015
917,305,match_end,658.41,2,3,3,1016
918,305,match_end,557.83,2,3,3,1017
919,305,match_end,653.44,1,0,0,1018
920,305,match_end,805.64,5,5,0,1019
921,306,match_end,660.87,3,3,0,1020
922,306,match_end,843.96,2,3,3,1021
923,306,match_end,752.55,6,3,2,1022
924,306,match_end,994.62,2,2,3,1023
928,306,match_end,633.07,1,0,0,1027
930,306,match_end,752.55,6,3,2,1029
933,308,match_end,763.34,2,2,3,1034
934,308,match_end,808.28,6,1,4,1035
935,308,match_end,728.31,2,1,3,1036
936,308,match_end,474.45,1,0,0,1037
937,308,match_end,504.72,2,0,3,1038
938,308,match_end,171.31,1,0,0,1039
943,309,match_end,944.23,3,2,1,1045
944,309,match_end,606.58,1,0,0,1046
945,309,match_end,772.84,6,1,4,1048
947,311,match_end,705.26,3,2,1,1050
956,312,match_end,924.13,6,1,4,1059
957,312,match_end,674.47,1,0,0,1060
958,312,match_end,1039.2,2,2,3,1061
963,315,match_end,620.33,1,0,0,1070
964,315,match_end,801.21,2,2,1,1071
965,315,match_end,748.69,2,1,3,1073
966,316,match_end,662.33,3,0,3,1074
967,316,match_end,932.91,2,1,3,1075
968,316,match_end,621.58,1,0,0,1076
969,316,match_end,479.71,2,0,3,1077
970,316,match_end,479.71,2,0,3,1078
971,316,match_end,479.71,2,0,3,1079
972,316,match_end,783.03,5,0,5,1080
976,318,match_end,869.81,6,1,4,1085
977,319,match_end,680.5,3,3,0,1087
978,319,match_end,500.15,2,0,3,1088
979,319,match_end,765.86,2,2,3,1089
980,319,match_end,702.75,1,0,0,1090
981,319,match_end,847.22,6,2,3,1091
983,320,match_end,680.5,3,3,0,1093
987,320,match_end,847.22,6,2,3,1097
993,321,match_end,745.47,2,3,3,1103
994,321,match_end,523.78,3,3,0,1104
995,322,match_end,750.19,3,1,2,1105
996,322,match_end,981.69,2,1,3,1106
997,322,match_end,675.39,5,0,5,1107
998,322,match_end,875.25,2,1,3,1108
999,322,match_end,600.18,1,0,0,1109
1000,322,match_end,894.33,2,1,3,1110
1002,324,match_end,899.27,3,1,2,1112
1004,324,match_end,899.27,3,1,2,1114
1005,324,match_end,899.27,3,1,2,1115
1007,324,match_end,675.57,2,3,3,1117
1009,324,match_end,720.05,2,3,3,1119
1010,324,match_end,672.28,1,0,0,1120
1014,325,match_end,801.95,6,1,4,1124
1015,325,match_end,641.04,2,0,3,1125
1016,325,match_end,284.4,1,0,0,1126
1019,325,match_end,641.04,2,0,3,1129
1021,325,match_end,641.04,2,0,3,1131
1024,325,match_end,641.04,2,0,3,1134
1025,327,match_end,614.16,3,2,1,1135
1039,329,match_end,473.73,1,0,0,1150
1040,329,match_end,748.88,2,0,3,1151
1041,329,match_end,958.6,6,1,4,1152
1044,329,match_end,763.73,2,3,3,1155
1045,330,match_end,951.04,3,0,3,1156
1048,330,match_end,655.93,1,0,0,1160
1049,330,match_end,734.57,3,1,2,1161
1050,331,match_end,948.96,3,2,1,1162
1052,333,match_end,587.66,3,1,2,1164
1053,333,match_end,947.87,2,2,3,1165
1054,333,match_end,994.9,2,2,3,1166
1055,333,match_end,637.17,1,0,0,1167
1056,333,match_end,877.46,6,3,2,1168
1057,334,match_end,737.93,2,0,3,1170
1058,334,match_end,672.56,2,1,3,1171
1059,337,match_end,703.05,3,2,1,1173
1060,337,match_end,730.38,2,2,3,1174
1061,337,match_end,850.67,6,2,3,1175
1062,337,match_end,672.04,2,0,3,1176
1063,337,match_end,526.88,1,0,0,1177
1064,338,match_end,775.83,3,1,2,1178
1065,338,match_end,666.62,2,3,3,1179
1066,338,match_end,856.5,2,3,3,1180
1067,338,match_end,600.13,1,0,0,1181
1068,338,match_end,797.77,6,4,1,1182
1069,338,match_end,657.75,3,1,2,1183
1070,338,match_end,612.18,1,0,0,1184
1073,339,match_end,790.47,3,1,2,1189
1077,339,match_end,693.9,1,0,0,1194
1078,340,match_end,854.72,3,1,2,1195
1079,340,match_end,945.42,6,4,1,1197
1080,340,match_end,898.94,2,2,3,1198
1081,340,match_end,627.04,1,0,0,1199
1082,342,match_end,576.19,3,3,0,1200
1083,343,match_end,543.31,3,0,3,1201
1084,344,match_end,532.38,1,0,0,1202
1086,344,match_end,757.62,2,3,3,1204
1092,343,match_end,616.18,1,0,0,
1093,345,match_end,483.37,1,0,0,
1094,345,match_end,475.19,2,3,3,1212
1096,345,match_end,710.75,6,3,2,1214
1097,345,match_end,692.96,3,2,1,1215
1099,342,match_end,775.41,2,2,3,1217
1100,342,match_end,775.41,2,2,3,1218
1101,342,match_end,1006.86,2,2,3,1220
1109,346,match_end,866.89,6,1,4,1229
1110,346,match_end,679.15,1,0,0,1231
1111,346,match_end,752.88,3,2,1,1232
1118,350,match_end,598.41,3,3,0,1248
1119,350,match_end,879.35,2,3,3,1249
1120,350,match_end,923.07,2,1,3,1250
1121,350,match_end,611.1,1,0,0,1251
1122,350,match_end,805.73,6,4,1,1252
1125,351,match_end,820.84,3,2,1,1255
1126,351,match_end,714.11,2,0,3,1256
1127,351,match_end,554.12,2,0,3,1257
1128,351,match_end,318.03,1,0,0,1258
1129,351,match_end,737.29,6,2,3,1259
1130,351,match_end,760,3,1,2,1260
1131,352,match_end,794.3,3,1,2,1261
1136,353,match_end,741.61,3,1,2,1270
1137,354,match_end,741.71,3,3,0,1271
1138,354,match_end,740.82,2,3,3,1272
1139,354,match_end,562.77,1,0,0,1273
1140,354,match_end,775.38,2,2,3,1274
1141,354,match_end,742.34,6,4,1,1275
1142,354,match_end,791.72,3,3,0,1276
1144,354,match_end,645.67,1,0,0,1278
1153,356,match_end,792.02,3,1,2,1287
1154,356,match_end,900.86,2,2,3,1288
1155,356,match_end,618.94,1,0,0,1289
1156,356,match_end,845.19,2,3,3,1290
1157,356,match_end,803.26,6,1,4,1291
1158,356,match_end,1000.35,2,3,3,1292
1159,357,match_end,762.02,2,3,3,1293
1160,358,match_end,762.02,2,3,3,1294
1161,359,match_end,762.02,2,3,3,1295
1162,360,match_end,762.02,2,3,3,1296
1163,361,match_end,620.91,1,0,0,1297
1164,361,match_end,892.07,5,5,0,1298
1165,361,match_end,762.02,2,3,3,1299
1167,362,match_end,672.96,3,3,0,1301
1169,362,match_end,860.66,2,2,3,1303
1171,375,match_end,934.88,2,3,3,1305
1172,375,match_end,740.62,2,0,3,1306
1176,376,match_end,848.92,3,1,2,1314
1177,377,match_end,839.4,3,0,3,1315
1178,377,match_end,881.48,2,2,3,1316
1190,379,match_end,798.72,2,3,3,
1191,379,match_end,811.19,3,2,1,
1192,378,match_end,625.14,1,0,0,
1193,378,match_end,780.03,6,1,4,
1194,378,match_end,892.13,2,3,3,1332
1195,378,match_end,645.91,3,3,0,1333
1198,381,match_end,694.13,2,0,3,1336
1199,381,match_end,987.29,6,2,3,1337
1201,381,match_end,905.29,2,2,3,1339
1202,381,match_end,852.91,2,1,3,1340
1203,381,match_end,863.34,3,1,2,1341
1204,383,match_end,666.12,3,3,0,1342
1206,383,match_end,750.6,6,4,1,1344
1207,383,match_end,751.87,2,3,3,1345
1208,383,match_end,619.21,1,0,0,1346
1213,385,match_end,1010.04,2,3,3,1352
1215,385,match_end,577.3,1,0,0,1354
1216,385,match_end,749.8,3,2,1,1355
1217,385,match_end,600.19,1,0,0,1357
1218,385,match_end,775.96,6,3,2,1358
1219,386,match_end,685.3,3,3,0,1359
1220,386,match_end,792.67,2,1,3,1360
1221,386,match_end,780.31,3,2,1,1362
1222,386,match_end,724.14,6,2,3,1363
1231,386,match_end,780.31,3,2,1,1372
1232,387,match_end,818.6,3,1,2,1373
1233,387,match_end,861,5,5,0,1375
1234,387,match_end,885.62,2,3,3,1376
1235,387,match_end,679.28,1,0,0,1377
1238,390,match_end,676.64,1,0,0,1382
1241,394,match_end,636.95,3,0,3,1386
1242,394,match_end,993.85,2,2,3,1387
1243,394,match_end,821.57,2,1,3,1388
1244,394,match_end,874.75,5,0,5,1389
1245,394,match_end,618.04,1,0,0,1390
1246,394,match_end,647.19,3,0,3,1391
1247,395,match_end,718.53,3,1,2,1392
1248,395,match_end,658.69,2,0,3,1393
1249,395,match_end,749.38,2,3,3,1394
1250,395,match_end,621.9,1,0,0,1395
1251,395,match_end,939.38,6,1,4,1396
1252,395,match_end,677.29,3,0,3,1397
1253,395,match_end,640.91,1,0,0,1398
1254,388,match_end,636.95,3,0,3,1399
1255,388,match_end,993.85,2,2,3,1400
1256,388,match_end,821.57,2,1,3,1401
1257,388,match_end,874.75,5,0,5,1402
1258,388,match_end,618.04,1,0,0,1403
1259,396,match_end,623.84,3,3,0,1404
1260,396,match_end,704.35,2,3,3,1405
1261,396,match_end,843.01,6,4,1,1406
1262,398,match_end,604.31,3,3,0,1407
1264,398,match_end,640.09,1,0,0,1409
1265,398,match_end,640.09,1,0,0,1410
1266,398,match_end,775.47,6,4,1,1411
1267,398,match_end,640.09,1,0,0,1412
1268,398,match_end,1095.85,2,2,3,1413
1269,402,match_end,822.62,3,1,2,1414
1270,402,match_end,887.52,2,3,3,1415
1271,402,match_end,699.92,2,1,3,1416
1272,402,match_end,471.41,1,0,0,1417
1273,402,match_end,864.33,6,1,4,1418
1274,402,match_end,716.39,3,1,2,1419
1275,403,match_end,905.54,2,3,3,1422
1279,404,match_end,885.5,2,1,3,1426
1289,405,match_end,797.11,3,0,3,1439
1290,408,match_end,793.97,3,2,1,1440
1291,408,match_end,665.03,2,1,3,1441
1292,408,match_end,753.59,6,4,1,1442
1294,408,match_end,753.59,6,4,1,1444
1295,408,match_end,683.55,2,0,3,1445
1296,408,match_end,618.76,1,0,0,1446
1297,408,match_end,771.96,3,1,2,1447
1298,410,match_end,731.92,3,3,0,1448
1299,410,match_end,741.03,2,3,3,1449
1302,410,match_end,643.42,1,0,0,1452
1304,411,match_end,731.92,3,3,0,1454
1308,411,match_end,741.03,2,3,3,1458
1309,411,match_end,830.05,6,3,2,1459
1310,411,match_end,984.13,2,2,3,1460
1311,411,match_end,643.42,1,0,0,1461
1313,412,match_end,653.49,1,0,0,1463
1323,415,match_end,615.56,1,0,0,1473
1324,415,match_end,902.73,2,2,3,1474
1325,415,match_end,612.15,2,3,3,1475
1326,415,match_end,797.15,6,1,4,1476
1327,415,match_end,862.03,3,2,1,1477
1328,415,match_end,1079.4,2,3,3,1478
1331,416,match_end,752.22,2,0,3,1482
1333,417,match_end,701.6,3,2,1,1485
1334,417,match_end,713.08,2,1,3,1486
1336,417,match_end,794.56,3,1,2,1488
1337,418,match_end,803.02,3,3,0,1490
1338,418,match_end,927.51,2,3,3,1491
1339,418,match_end,878.8,2,3,3,1492
1340,418,match_end,785.73,6,2,3,1493
1341,418,match_end,645.39,1,0,0,1494
1342,419,match_end,747.86,3,0,3,1495
1343,419,match_end,770.18,2,0,3,1496
1344,419,match_end,847.83,6,3,2,1497
1345,419,match_end,797.13,2,3,3,1498
1346,419,match_end,631.54,1,0,0,1499
1347,419,match_end,799.41,3,1,2,1500
1348,420,match_end,641.68,3,1,2,1501
1349,420,match_end,660.11,2,1,3,1502
1350,420,match_end,808.28,2,3,3,1503
1351,420,match_end,622.08,1,0,0,1504
1352,420,match_end,749.55,6,2,3,1505
1353,420,match_end,794.79,3,2,1,1506
1354,420,match_end,794.79,3,2,1,1507
1355,421,match_end,763.68,3,0,3,1508
1356,421,match_end,976.79,2,2,3,1509
1357,421,match_end,738.79,2,3,3,1510
1358,421,match_end,703.42,1,0,0,1511
1359,421,match_end,856.11,5,0,5,1512
1360,421,match_end,822.33,3,1,2,1513
1361,422,match_end,546.68,3,3,0,1514
1364,422,match_end,212,1,0,0,1517
1366,422,match_end,534.6,1,0,0,1519
1367,423,match_end,685.04,3,0,3,1520
1368,423,match_end,817.39,2,2,3,1521
1370,423,match_end,779.99,2,1,3,1523
1371,423,match_end,719.48,1,0,0,1524
1372,423,match_end,906.72,3,1,2,1525
1373,425,match_end,677.82,3,2,1,1526
1374,425,match_end,900.16,2,2,3,1527
1375,426,match_end,754.73,2,0,3,1528
1376,426,match_end,696.86,1,0,0,1529
1378,426,match_end,762.54,2,0,3,1531
1380,426,match_end,681.43,3,1,2,1533
1381,426,match_end,706.27,2,1,3,1534
1382,427,match_end,771.91,3,1,2,1535
1383,427,match_end,760.2,2,2,3,1536
1384,427,match_end,1000.73,2,2,3,1537
1385,427,match_end,630.56,1,0,0,1538
1393,426,match_end,681.43,3,1,2,1546
1394,429,match_end,627.59,3,0,3,1547
1395,429,match_end,669.38,6,2,3,1548
1396,429,match_end,889.95,2,3,3,1550
1397,429,match_end,746.17,1,0,0,1551
1398,430,match_end,779.21,3,2,1,1552
1399,430,match_end,940.48,2,1,3,1553
1402,430,match_end,725.8,6,3,2,1556
1403,430,match_end,699.67,3,0,3,1557
1404,431,match_end,871.87,3,1,2,1558
1405,431,match_end,802.81,2,1,3,1559
1406,431,match_end,600.18,1,0,0,1560
1407,431,match_end,650.95,2,0,3,1561
1408,431,match_end,731.8,5,0,5,1562
1409,431,match_end,731.8,5,0,5,1563
1410,431,match_end,731.8,5,0,5,1564
1412,432,match_end,816.13,3,1,2,1566
1416,432,match_end,754.61,6,1,4,1570
1417,432,match_end,852.61,3,2,1,1571
1418,433,match_end,671.3,3,0,3,1572
1419,433,match_end,849.38,2,1,3,1573
1420,433,match_end,889.61,2,2,3,1574
1421,433,match_end,667.41,1,0,0,1575
1422,433,match_end,667.41,1,0,0,1576
1423,433,match_end,828.73,6,2,3,1577
1424,434,match_end,852.61,3,2,1,1578
1425,434,match_end,754.61,6,1,4,1579
1426,434,match_end,706.47,1,0,0,1580
1427,434,match_end,759.02,2,3,3,1581
1428,434,match_end,883.78,2,3,3,1582
1431,435,match_end,639.5,2,0,3,1585
1432,435,match_end,550.91,2,0,3,1586
1433,435,match_end,830.45,3,1,2,1587
1434,435,match_end,796.58,2,1,3,1588
1435,436,match_end,679.77,3,3,0,1589
1436,436,match_end,595.01,2,3,3,1590
1437,436,match_end,881.75,5,5,0,1591
1438,436,match_end,881.75,5,5,0,1592
1439,436,match_end,837.55,2,3,3,1593
1440,436,match_end,615.56,1,0,0,1594
1441,436,match_end,746.29,3,3,0,1595
1442,436,match_end,682.76,2,3,3,1596
1444,436,match_end,881.75,5,5,0,1598
1445,436,match_end,881.75,5,5,0,1599
1446,437,match_end,791.52,3,0,3,1600
1447,437,match_end,751.02,2,0,3,1601
1448,437,match_end,805.69,2,1,3,1602
1449,437,match_end,410.82,1,0,0,1603
1450,437,match_end,839.19,6,3,2,1604
1451,437,match_end,721.58,3,1,2,1605
1452,437,match_end,721.58,3,1,2,1606
1453,438,match_end,959.47,3,2,1,1607
1454,438,match_end,817.79,2,3,3,1608
1455,438,match_end,633.34,1,0,0,1609
1456,438,match_end,944.8,2,3,3,1610
1457,438,match_end,944.8,2,3,3,1612
1458,438,match_end,944.8,2,3,3,1613
1459,438,match_end,739.27,6,1,4,1614
1460,438,match_end,745.13,3,1,2,1615
1461,444,match_end,650.39,3,2,1,1616
1462,444,match_end,828.04,2,3,3,1617
1463,445,match_end,736.27,3,1,2,1619
1464,446,match_end,736.27,3,1,2,1620
1465,447,match_end,736.27,3,1,2,1621
1466,448,match_end,753.4,6,1,4,1622
1468,448,match_end,736.27,3,1,2,1624
1469,448,match_end,736.27,3,1,2,1625
1470,448,match_end,736.27,3,1,2,1626
1471,448,match_end,659.25,2,0,3,1627
1472,448,match_end,886.12,2,1,3,1628
1473,448,match_end,609.95,1,0,0,1629
1474,449,match_end,920.03,3,2,1,1630
1475,450,match_end,920.03,3,2,1,1631
1476,451,match_end,920.03,3,2,1,1632
1477,452,match_end,920.03,3,2,1,1633
1478,452,match_end,806.57,2,3,3,1634
1479,452,match_end,718.14,2,3,3,1635
1480,452,match_end,600.19,1,0,0,1636
1481,453,match_end,746.63,3,3,0,1637
1482,453,match_end,650.44,2,3,3,1638
1483,453,match_end,833.22,6,2,3,1639
1484,453,match_end,567.48,2,3,3,1640
1485,453,match_end,654.06,1,0,0,1641
1486,453,match_end,612.42,3,2,1,1642
1487,453,match_end,725.12,2,2,3,1643
1488,452,match_end,858.36,6,2,3,1644
1492,454,match_end,608.24,1,0,0,1648
1493,454,match_end,977.48,6,3,2,1649
1494,454,match_end,655.32,3,1,2,1650
1495,455,match_end,749.29,3,1,2,1651
1496,455,match_end,898.96,2,2,3,1652
1497,455,match_end,773.85,2,3,3,1653
1498,455,match_end,805.96,6,1,4,1654
1499,455,match_end,695.54,1,0,0,1655
1500,454,match_end,622.62,1,0,0,1656
1502,456,match_end,979.72,6,3,2,1659
1504,456,match_end,617.52,1,0,0,1661
1505,456,match_end,766.05,3,1,2,1662
1507,458,match_end,536.76,2,3,3,1664
1508,458,match_end,709.93,2,3,3,1665
1509,458,match_end,855.94,6,3,2,1666
1510,458,match_end,575.55,2,3,3,1667
1511,458,match_end,626.39,1,0,0,1668
1512,458,match_end,626.39,1,0,0,1669
1513,458,match_end,626.39,1,0,0,1670
1515,458,match_end,626.39,1,0,0,1672
1516,458,match_end,626.39,1,0,0,1673
1517,459,match_end,642.28,3,0,3,1674
1518,459,match_end,826.05,2,3,3,1675
1521,459,match_end,913.42,6,1,4,1678
1523,459,match_end,708.01,1,0,0,1680
1525,460,match_end,607.62,3,3,0,1682
1526,460,match_end,762.17,2,0,3,1683
1527,460,match_end,942.71,2,2,3,1684
1528,460,match_end,683.11,1,0,0,1685
1529,460,match_end,892.56,6,3,2,1686
1530,461,match_end,873.55,3,1,2,1687
1531,462,match_end,873.55,3,1,2,1688
1533,464,match_end,873.55,3,1,2,1690
1534,465,match_end,873.55,3,1,2,1691
1535,465,match_end,812.91,2,2,3,1692
1536,465,match_end,948.14,2,2,3,1693
1537,465,match_end,698.56,6,4,1,1694
1538,466,match_end,794.72,3,3,0,1695
1539,466,match_end,541.86,2,0,3,1696
1540,466,match_end,668.98,6,1,4,1697
1541,466,match_end,920.99,2,3,3,1698
1542,466,match_end,605.22,1,0,0,1699
1543,466,match_end,634.52,3,0,3,1700
1544,468,match_end,743.75,3,0,3,1701
1545,467,match_end,743.75,3,0,3,1702
1546,467,match_end,893.91,2,1,3,1703
1547,469,match_end,711.48,3,0,3,1704
1550,469,match_end,813.59,2,3,3,1707
1551,470,match_end,756.26,2,1,3,1708
1552,470,match_end,981.7,2,2,3,1709
1553,469,match_end,674.55,1,0,0,1710
1556,465,match_end,496.41,1,0,0,1713
1557,469,match_end,721.48,3,2,1,1714
1558,469,match_end,721.48,3,2,1,1715
1559,469,match_end,721.48,3,2,1,1716
1560,470,match_end,654.9,1,0,0,1717
1561,470,match_end,703.19,5,0,5,1718
1563,471,match_end,812.61,2,3,3,1720
1564,471,match_end,883.62,6,3,2,1721
1565,471,match_end,679.29,1,0,0,1723
1566,471,match_end,597.75,3,3,0,1724
1567,472,match_end,815.75,3,1,2,1725
1571,472,match_end,1026.7,6,1,4,1729
1572,472,match_end,1026.7,6,1,4,1730
1573,472,match_end,892.21,2,1,3,1731
1574,473,match_end,802.16,2,3,3,1732
1575,474,match_end,619.5,1,0,0,1734
1576,474,match_end,802.16,2,3,3,1735
1577,477,match_end,760.79,3,1,2,1736
1578,477,match_end,619.26,2,0,3,1737
1582,478,match_end,965.01,2,2,3,1741
1588,480,match_end,896.39,3,2,1,1748
1592,480,match_end,772.46,3,1,2,1752
1593,480,match_end,624.19,1,0,0,1753
1594,481,match_end,646.05,3,3,0,1754
1595,481,match_end,938.98,2,2,3,1755
1596,481,match_end,805.69,2,3,3,1756
1597,481,match_end,861.01,6,3,2,1757
1598,481,match_end,621.01,1,0,0,1758
1599,481,match_end,823.14,3,2,1,1759
1600,482,match_end,758.93,3,2,1,1760
1601,482,match_end,810.17,2,3,3,1761
1602,482,match_end,810.17,2,3,3,1762
1603,481,match_end,805.69,2,3,3,1763
1610,482,match_end,810.17,2,3,3,1770
1611,482,match_end,810.17,2,3,3,1771
1612,482,match_end,837.86,2,3,3,1772
1613,482,match_end,637.87,1,0,0,1773
1614,482,match_end,735.59,6,2,3,1774
1615,482,match_end,586.95,3,2,1,1775
1616,484,match_end,810.17,2,3,3,1776
1619,487,match_end,747.45,3,2,1,1780
1623,487,match_end,880.7,6,2,3,1784
1632,490,match_end,717.35,3,2,1,1793
1633,490,match_end,787.41,2,0,3,1794
1634,490,match_end,828.92,6,1,4,1795
1635,490,match_end,761.41,2,1,3,1797
1636,490,match_end,618.92,1,0,0,1798
1637,490,match_end,683.96,3,3,0,1799
1639,488,match_end,1028.13,2,3,3,1801
1640,488,match_end,761.76,2,3,3,1802
1641,488,match_end,569.37,2,3,3,1803
1648,488,match_end,735.33,3,3,0,1810
1649,491,match_end,665.45,3,1,2,1811
1650,491,match_end,725.54,2,0,3,1812
1651,491,match_end,924.06,2,2,3,1813
1652,491,match_end,924.06,2,2,3,1814
1653,491,match_end,924.06,2,2,3,1815
1654,492,match_end,827.38,3,3,0,1816
1655,493,match_end,827.38,3,3,0,1817
1656,494,match_end,827.38,3,3,0,1818
1657,494,match_end,756.37,2,3,3,1819
1658,494,match_end,914.51,2,3,3,1820
1659,494,match_end,613.81,1,0,0,1821
1660,494,match_end,715.47,6,4,1,1822
1661,494,match_end,583.92,3,3,0,1823
1662,494,match_end,844.26,3,3,0,1824
1663,494,match_end,844.26,3,3,0,1825
1664,495,match_end,771.76,3,2,1,1826
1665,495,match_end,995.33,2,2,3,1827
1666,496,match_end,808.65,3,0,3,1828
1667,496,match_end,907.3,2,3,3,1829
1668,496,match_end,855.97,6,1,4,1830
1669,496,match_end,672.67,2,3,3,1831
1670,496,match_end,478.88,1,0,0,1832
1671,496,match_end,720.01,3,3,0,1833
1674,495,match_end,862.32,6,1,4,1836
1675,501,match_end,640.78,3,1,2,1837
1676,501,match_end,612.41,2,0,3,1838
1677,501,match_end,641.17,2,1,3,1839
1678,501,match_end,484.27,1,0,0,1840
1679,501,match_end,764.07,6,1,4,1841
1680,501,match_end,776.15,3,2,1,1842
1681,501,match_end,338.26,1,0,0,1843
1688,503,match_end,975.73,2,3,3,1850
1689,503,match_end,908.53,6,2,3,1851
1691,504,match_end,771.03,2,0,3,1853
1692,504,match_end,767.67,2,0,3,1854
1695,503,match_end,1060.69,2,2,3,1858
1696,505,match_end,773.95,3,0,3,1859
1697,505,match_end,790.65,6,4,1,1860
1698,505,match_end,644.72,1,0,0,1861
1699,505,match_end,697.65,3,0,3,1862
1700,505,match_end,697.65,3,0,3,1863
1701,505,match_end,697.65,3,0,3,1864
1702,506,match_end,721.99,3,2,1,1865
1706,507,match_end,835.92,5,5,0,1870
1707,507,match_end,718.29,2,1,3,1871
1708,507,match_end,678.3,1,0,0,1872
1715,507,match_end,735.88,3,3,0,1879
1716,505,match_end,837.8,2,1,3,1880
1717,505,match_end,752.49,2,2,3,1881
1718,509,match_end,794.04,3,0,3,1882
1721,509,match_end,779.76,6,1,4,1885
1736,514,match_end,797.86,6,3,2,1901
1737,514,match_end,586.89,1,0,0,1903
1738,515,match_end,659.23,3,1,2,1905
1740,515,match_end,916.24,6,3,2,1907
1742,515,match_end,259.09,1,0,0,
1743,515,match_end,810.98,2,1,3,1910
1744,515,match_end,789.87,3,1,2,1911
1745,516,match_end,779.67,3,2,1,1912
1750,516,match_end,834.35,3,2,1,1917
1751,516,match_end,856.05,2,3,3,1918
1752,517,match_end,784.05,3,2,1,1919
1753,517,match_end,639.39,5,5,0,1921
1754,517,match_end,629.21,1,0,0,1923
1756,518,match_end,714.22,3,2,1,1925
1757,518,match_end,811.68,2,2,3,1926
1758,518,match_end,979.17,6,3,2,1927
1760,518,match_end,812.21,3,2,1,1930
1761,519,match_end,648.4,3,1,2,1931
1764,519,match_end,638.95,1,0,0,1936
1766,519,match_end,932.38,2,1,3,1939
1769,522,match_end,762.48,3,2,1,1942
1770,522,match_end,685.08,2,1,3,1943
1771,522,match_end,868.08,6,3,2,1944
1772,522,match_end,471.1,2,3,3,1945
1773,522,match_end,614.79,1,0,0,1946
1774,522,match_end,614.79,1,0,0,1947
1776,522,match_end,677.43,2,3,3,1949
1777,523,match_end,801.77,3,0,3,1950
1778,524,match_end,807.86,3,1,2,1951
1779,525,match_end,801.77,3,0,3,1952
1780,524,match_end,943.34,2,2,3,1953
1781,526,match_end,801.77,3,0,3,1954
1782,524,match_end,943.34,2,2,3,1955
1783,524,match_end,897.59,6,4,1,1956
1784,524,match_end,633.25,1,0,0,1958
1785,524,match_end,798.03,3,2,1,1959
1786,527,match_end,801.77,3,0,3,1960
1787,528,match_end,934.64,3,2,1,1961
1788,528,match_end,681.81,2,0,3,1962
1789,528,match_end,681.81,2,0,3,1963
1790,528,match_end,843.49,6,3,2,1964
1791,528,match_end,301.48,1,0,0,1966
1792,528,match_end,794.07,3,0,3,1967
1793,528,match_end,987.53,2,2,3,1968
1794,529,match_end,801.77,3,0,3,1969
1795,530,match_end,958.15,3,1,2,1970
1796,531,match_end,958.15,3,1,2,1971
1802,531,match_end,621.28,1,0,0,1977
1803,531,match_end,657.36,3,3,0,1978
1807,533,match_end,801.77,3,0,3,1982
1812,534,match_end,614.91,3,3,0,1987
1813,534,match_end,1051.05,2,2,3,1988
1814,534,match_end,1051.05,2,2,3,1989
1817,534,match_end,605.2,1,0,0,1992
1818,535,match_end,1051.05,2,2,3,1993
1819,535,match_end,605.2,1,0,0,1994
1820,535,match_end,773.92,2,3,3,1995
1821,535,match_end,849.51,5,5,0,1996
1822,535,match_end,614.91,3,3,0,1997
1823,536,match_end,861.65,3,1,2,1998
1824,536,match_end,518.93,2,0,3,1999
1825,536,match_end,907.14,2,2,3,2000
1832,537,match_end,900.27,2,1,3,2007
1834,537,match_end,924.06,6,4,1,2009
1835,538,match_end,843.55,3,2,1,2010
1836,538,match_end,1004.41,2,3,3,2011
1837,538,match_end,863.21,6,2,3,2012
1838,538,match_end,908.8,2,3,3,2013
1839,538,match_end,668.24,1,0,0,2014
1840,538,match_end,945.4,3,1,2,2015
1841,539,match_end,587.21,3,2,1,2016
1842,539,match_end,989.32,2,3,3,2017
1843,539,match_end,568.35,2,3,3,2018
1844,539,match_end,600.19,1,0,0,
1845,539,match_end,634.71,5,5,0,
1846,539,match_end,678.22,3,3,0,
1852,542,match_end,635.04,2,0,3,2028
1854,542,match_end,1063.06,2,2,3,2031
1855,542,match_end,747.85,3,1,2,2032
1856,542,match_end,870.35,6,2,3,2033
1857,543,match_end,766.69,3,3,0,2034
1858,543,match_end,867.19,2,3,3,2035
1864,544,match_end,822.91,3,1,2,2042
1865,544,match_end,898.29,2,3,3,2043
1866,544,match_end,995.99,6,2,3,2044
1867,544,match_end,625.55,1,0,0,2045
1868,544,match_end,702.55,3,1,2,2046
1869,545,match_end,697.52,1,0,0,2047
1870,545,match_end,1046,2,2,3,2048
1871,545,match_end,1014.64,5,0,5,2049
1872,545,match_end,964.11,2,2,3,2050
1873,545,match_end,803.69,3,1,2,2051
1874,547,match_end,913.1,3,1,2,2052
1875,547,match_end,684.28,2,3,3,2053
1876,547,match_end,824.82,6,3,2,2054
1877,547,match_end,790.36,2,3,3,2055
1878,547,match_end,650.19,1,0,0,2056
1879,548,match_end,833.33,3,2,1,2057
1880,548,match_end,689.71,2,0,3,2058
1881,548,match_end,889.69,2,2,3,2059
1882,548,match_end,600.2,1,0,0,2060
1883,548,match_end,744.07,6,3,2,2061
1884,548,match_end,685.12,3,1,2,2062
1885,548,match_end,640.46,1,0,0,2063
1886,547,match_end,732.35,3,1,2,2064
1887,549,match_end,899.53,3,3,0,2065
1888,549,match_end,974.13,2,2,3,2066
1889,549,match_end,939.94,6,3,2,2067
1890,549,match_end,921.41,2,1,3,2068
1891,549,match_end,600.13,1,0,0,2069
1894,551,match_end,911.5,2,1,3,2072
1895,551,match_end,630.36,1,0,0,2073
1896,551,match_end,1108.45,6,2,3,2074
1897,551,match_end,605.13,3,2,1,2075
1898,553,match_end,0,1,0,0,2077
1902,555,match_end,633.18,3,0,3,2085
1904,556,match_end,633.18,3,0,3,2087
1905,556,match_end,910.54,2,3,3,2088
1906,556,match_end,638.41,1,0,0,2089
1908,556,match_end,824.42,6,3,2,2091
1910,557,match_end,810.17,2,3,3,2093
1911,558,match_end,810.17,2,3,3,2094
1912,559,match_end,650.92,1,0,0,2095
1913,560,match_end,650.92,1,0,0,2096
1923,564,match_end,776.29,2,3,3,2106
1925,565,match_end,772.72,3,2,1,2108
1927,565,match_end,783.74,6,3,2,
1932,566,match_end,670.59,2,1,3,2117
1934,566,match_end,610.98,1,0,0,2119
1935,566,match_end,809.32,6,3,2,2120
1936,566,match_end,923.89,3,1,2,2121
1937,567,match_end,862.72,3,2,1,2122
1938,567,match_end,670.59,2,1,3,2123
1939,567,match_end,773.55,2,3,3,2124
1940,567,match_end,610.98,1,0,0,2125
1941,567,match_end,809.32,6,3,2,2126
1942,567,match_end,923.89,3,1,2,2127
1943,568,match_end,971.6,2,2,3,2128
1944,568,match_end,345.24,2,1,0,2129
1945,568,match_end,692.9,2,2,1,2130
1946,568,match_end,847.41,2,2,1,2133
1948,568,match_end,1202.29,7,2,5,2135
1949,568,match_end,900.95,4,4,3,2136
1950,568,match_end,737.43,2,1,3,2137
1951,568,match_end,378.96,2,1,0,2138
1952,568,match_end,667.66,3,3,0,2139
1953,570,match_end,935.62,3,1,2,2140
1954,570,match_end,689.37,2,1,3,2141
1955,570,match_end,833.45,2,2,3,2142
1956,570,match_end,616.07,1,0,0,2143
1957,570,match_end,820.6,6,2,3,2144
1958,571,match_end,658.11,3,2,1,2145
1959,571,match_end,941.75,2,2,3,2146
1960,571,match_end,631.91,1,0,0,2147
1961,571,match_end,1048.15,2,3,3,2148
1962,571,match_end,688.61,5,5,0,2149
1969,574,match_end,816.94,3,0,3,2156
1971,574,match_end,800.84,6,2,3,2158
1973,574,match_end,687.54,2,1,3,2160
1974,574,match_end,687.54,2,1,3,2161
1975,574,match_end,726.98,3,3,0,2162
1977,575,match_end,950.96,3,2,1,2164
1978,575,match_end,854.06,6,1,4,2165
1979,575,match_end,610.37,1,0,0,2166
1985,576,match_end,770.65,2,0,3,2172
1986,576,match_end,735.75,3,3,0,2173
1987,577,match_end,684.63,3,3,0,2174
1988,577,match_end,826.26,2,3,3,2175
1989,577,match_end,791.3,6,3,2,2176
1990,577,match_end,527.44,2,3,3,2177
1991,577,match_end,635.19,1,0,0,2178
1992,577,match_end,745.95,3,0,3,2179
1993,578,match_end,706.36,3,3,0,2180
1994,578,match_end,677.3,2,0,3,2181
1995,578,match_end,738.45,2,0,3,2182
1996,578,match_end,679.33,1,0,0,2183
1997,578,match_end,977.95,6,3,2,2184
1998,578,match_end,901.68,3,2,1,2185
1999,580,match_end,867.18,3,1,2,2186
2000,580,match_end,751.98,2,3,3,2187
2001,580,match_end,755.47,2,3,3,2188
2002,580,match_end,824.51,6,2,3,2189
2003,580,match_end,645.01,1,0,0,2190
2004,580,match_end,904.72,3,2,1,2191
2005,581,match_end,700.03,3,3,0,2192
2006,581,match_end,622.24,2,3,3,2193
2007,581,match_end,832.12,6,3,2,2194
2008,581,match_end,681.81,2,3,3,2195
2009,581,match_end,540.28,1,0,0,2196
2010,582,match_end,917.87,3,3,0,2197
2011,582,match_end,672.93,2,3,3,2198
2012,582,match_end,541.64,2,3,3,2199
2013,582,match_end,635.47,1,0,0,2200
2014,582,match_end,1050.26,6,4,1,2201
2016,584,match_end,645.8,2,0,3,2203
2017,585,match_end,473.28,2,0,2,2204
2018,586,match_end,473.28,2,0,2,2205
2019,587,match_end,473.28,2,0,2,2206
2020,588,match_end,758.37,2,3,3,2207
2021,589,match_end,758.37,2,3,3,2208
2022,568,match_end,662.02,1,0,0,2209
2023,568,match_end,821.14,3,2,1,2210
2034,533,match_end,938.92,2,2,3,2241
2035,533,match_end,836.82,6,3,2,2242
2037,533,match_end,663.06,2,0,3,2244
2038,533,match_end,754.36,3,2,1,2245
2043,608,match_end,754.36,3,2,1,2250
2044,608,match_end,836.82,6,3,2,2251
2045,608,match_end,663.06,2,0,3,2252
2046,608,match_end,938.92,2,2,3,2253
2047,608,match_end,561.9,3,1,2,2254
2048,608,match_end,663.35,1,0,0,2255
2049,609,match_end,713.84,3,1,2,2256
2050,609,match_end,915.64,2,2,3,2257
2051,609,match_end,817.7,2,1,3,2258
2052,609,match_end,629.07,1,0,0,2259
2053,609,match_end,1057.84,2,3,3,2260
2054,609,match_end,806.81,6,4,1,2261
2055,610,match_end,750.11,3,3,0,2262
2057,610,match_end,824.57,5,5,0,2264
2062,611,match_end,800.09,3,1,2,2269
2065,613,match_end,734.41,2,2,3,2272
2066,613,match_end,642.88,1,0,0,2273
2067,613,match_end,868.54,3,2,1,2274
2068,613,match_end,800.09,3,1,2,2275
2069,613,match_end,757.22,2,2,3,2276
2070,615,match_end,839.57,3,1,2,2277
2071,615,match_end,855.81,2,1,3,2278
2072,615,match_end,702.64,2,0,3,2279
2073,615,match_end,617.39,1,0,0,2280
2074,615,match_end,911.6,6,2,3,2281
2075,615,match_end,945.71,3,1,2,2282
2076,616,match_end,875.25,2,3,3,2284
2083,617,match_end,730.44,2,3,3,2291
2084,617,match_end,624.79,1,0,0,2292
2085,617,match_end,701.82,5,5,0,2293
2086,617,match_end,757.85,3,3,0,2294
2094,619,match_end,664.86,3,2,1,2302
2095,619,match_end,839.12,2,3,3,2303
2096,619,match_end,268.02,1,0,0,2304
2097,619,match_end,268.02,1,0,0,2305
2098,619,match_end,794.81,6,4,1,2306
2099,619,match_end,957.72,2,3,3,2307
2100,619,match_end,906.9,3,1,2,2308
2101,619,match_end,610.58,1,0,0,2309
2102,620,match_end,697.9,3,3,0,2310
2103,620,match_end,1009.39,2,3,3,2311
2104,621,match_end,651.7,3,3,0,2312
2105,621,match_end,593.42,2,3,3,2313
2106,621,match_end,845.4,6,4,1,2314
2108,621,match_end,473.87,1,0,0,2316
2109,621,match_end,992.97,2,3,3,2317
2110,621,match_end,181.65,1,0,0,2318
2111,620,match_end,1009.39,2,3,3,2319
2112,621,match_end,675.35,1,0,0,2320
2114,622,match_end,851.69,2,3,3,2322
2115,622,match_end,711.91,6,3,2,2323
2116,622,match_end,605.21,1,0,0,2324
2117,622,match_end,657.6,2,3,3,2325
2118,622,match_end,381.28,1,0,0,2326
2119,622,match_end,672.21,2,1,3,2327
2120,620,match_end,1009.39,2,3,3,2328
2121,620,match_end,946.78,2,3,3,2329
2122,620,match_end,733.32,1,0,0,2330
2123,620,match_end,828.89,6,4,1,2331
2124,623,match_end,651.83,3,0,3,2332
2125,623,match_end,441.58,2,3,3,2333
2126,623,match_end,393.16,1,0,0,2334
2127,623,match_end,640.72,2,0,3,2335
2128,623,match_end,851.81,6,4,1,2336
2129,623,match_end,435.72,1,0,0,2337
2156,627,match_end,931.31,6,2,3,2368
2165,629,match_end,890.12,2,3,3,2378
2166,629,match_end,801.77,6,2,3,2379
2167,629,match_end,614.58,2,3,3,2380
2168,629,match_end,677.58,1,0,0,2381
2175,632,match_end,797.44,3,0,3,2389
2176,632,match_end,532.5,2,0,3,2390
2177,632,match_end,737.06,2,3,3,2391
2178,632,match_end,600.17,1,0,0,2392
2179,632,match_end,796.42,6,2,3,2393
2180,632,match_end,648.43,3,1,2,2394
2181,632,match_end,352.14,1,0,0,2395
2183,641,match_end,756.79,3,2,1,2401
2184,641,match_end,912.37,2,2,3,2402
2185,641,match_end,708.23,6,4,1,2403
2186,641,match_end,912.37,2,2,3,2404
2187,641,match_end,195.08,1,0,0,2405
2190,641,match_end,912.37,2,2,3,2408
2191,641,match_end,912.37,2,2,3,2409
2192,642,match_end,635.43,3,3,0,2410
2193,642,match_end,979.87,2,2,3,2411
2194,642,match_end,751.58,5,5,0,2412
2195,642,match_end,656.77,1,0,0,2413
2197,642,match_end,613.71,3,3,0,2415
2198,642,match_end,589.71,1,0,0,2416
2203,644,match_end,722.77,3,0,3,2421
2204,644,match_end,725.42,2,0,3,2422
2205,644,match_end,739.31,6,1,4,2423
2206,644,match_end,560.65,2,0,3,2424
2207,644,match_end,641.51,1,0,0,2425
2208,644,match_end,718.31,3,1,2,2426
2209,644,match_end,864.26,2,2,3,2428
2210,645,match_end,879.29,3,2,1,2429
2211,645,match_end,631.41,1,0,0,2430
2212,645,match_end,567.09,2,3,3,2431
2213,645,match_end,574.8,2,3,3,2432
2214,645,match_end,660.38,5,5,0,2433
2221,646,match_end,771.24,6,4,1,2440
2222,647,match_end,704.03,3,0,3,2441
2223,648,match_end,704.03,3,0,3,2442
2224,649,match_end,704.03,3,0,3,2443
2225,650,match_end,704.03,3,0,3,2444
2226,651,match_end,938.92,2,2,3,2445
2227,650,match_end,550.83,2,0,3,2446
2228,650,match_end,814.68,6,2,3,2447
2229,650,match_end,748.24,2,1,3,2448
2232,652,match_end,719.49,2,0,3,2451
2235,652,match_end,636.27,1,0,0,2454
2236,650,match_end,600.2,1,0,0,2455
2237,650,match_end,796.56,3,1,2,2456
2239,654,match_end,728.75,2,3,3,2458
2240,654,match_end,784.61,5,5,0,2459
2241,654,match_end,671.03,1,0,0,2460
2242,654,match_end,549.36,2,3,3,2461
2243,654,match_end,520.28,3,3,0,2462
2244,654,match_end,410.99,1,0,0,2463
2245,654,match_end,784.61,5,5,0,2464
2246,654,match_end,784.61,5,5,0,2465
2247,655,match_end,544.85,3,3,0,2466
2248,655,match_end,707.86,2,3,3,2467
2249,655,match_end,699.73,5,5,0,2468
2250,655,match_end,656.16,1,0,0,2469
2251,655,match_end,670.15,2,3,3,2470
2252,656,match_end,608.41,3,2,1,2471
2253,656,match_end,489.03,2,3,3,2472
2254,656,match_end,685.29,5,5,0,2473
2255,656,match_end,408.57,1,0,0,2474
2256,656,match_end,1008.94,2,3,3,2475
2259,658,match_end,715.55,3,0,3,2478
2266,659,match_end,831.73,2,3,3,2485
2270,659,match_end,649.75,3,0,3,2489
2271,658,match_end,526.78,2,0,3,2490
2273,660,match_end,987.7,2,3,3,2492
2274,660,match_end,897.97,2,2,3,2493
2275,660,match_end,829.62,6,3,2,2494
2277,658,match_end,619.46,3,1,2,2496
2278,661,match_end,848.73,3,3,0,2498
2279,661,match_end,1022.88,2,3,3,2499
2280,661,match_end,834.15,6,4,1,2500
2281,661,match_end,799.52,2,3,3,2501
2282,661,match_end,636.03,1,0,0,2502
2283,661,match_end,771.94,3,2,1,2503
2284,662,match_end,575.39,3,0,3,2504
2285,662,match_end,889.36,2,1,3,2505
2287,662,match_end,622.27,1,0,0,2507
2288,662,match_end,968.56,6,1,4,2508
2295,664,match_end,1025.19,2,3,3,2515
2296,664,match_end,1025.19,2,3,3,2516
2297,664,match_end,686.76,1,0,0,2517
2298,664,match_end,764.22,6,1,4,2518
2299,664,match_end,962.62,2,3,3,2519
2308,666,match_end,752.39,2,3,3,2528
2309,666,match_end,659.35,2,3,3,2529
2310,666,match_end,490.56,1,0,0,2530
2311,666,match_end,777.42,5,5,0,2531
2312,667,match_end,627.98,3,3,0,2533
2313,667,match_end,796.2,2,3,3,2534
2322,669,match_end,807.07,6,4,1,2543
2324,670,match_end,631.38,3,2,1,2545
2326,671,match_end,974.39,2,2,3,2547
2327,671,match_end,606.96,1,0,0,2548
2330,672,match_end,736.09,2,3,3,2552
2331,672,match_end,734.59,3,2,1,2553
2332,672,match_end,818.76,3,3,0,2554
2333,672,match_end,316.53,1,0,0,2555
2334,672,match_end,996.4,2,3,3,2556
2335,672,match_end,909.86,2,3,3,2557
2339,672,match_end,888.25,2,3,3,2563
2340,672,match_end,948.98,6,4,1,2564
2341,672,match_end,888.38,2,3,3,2565
2342,672,match_end,718.72,3,1,2,2566
2343,672,match_end,597.55,2,0,3,2567
2344,672,match_end,643.74,1,0,0,2568
2345,672,match_end,885.23,2,1,3,2569
2346,672,match_end,740.24,6,1,4,2570
2347,672,match_end,691.99,3,0,3,2571
2348,672,match_end,650.78,2,1,3,2572
2349,672,match_end,890.67,6,1,4,2573
2350,672,match_end,889.57,2,2,3,2574
2351,672,match_end,600.16,1,0,0,2575
2352,672,match_end,835.56,3,1,2,2576
2353,672,match_end,870.07,2,1,3,2577
2354,672,match_end,614,1,0,0,2578
2355,672,match_end,809.05,2,2,3,2579
2356,672,match_end,911.05,6,2,3,2580
2357,672,match_end,789.6,3,0,3,2581
2358,672,match_end,508.19,2,0,3,2582
2362,672,match_end,562.67,3,0,3,2586
2363,672,match_end,681.86,2,1,3,2587
2364,672,match_end,405.75,1,0,0,2588
2365,672,match_end,213.37,1,0,0,2589
2366,673,match_end,737.27,3,0,3,2590
2367,674,match_end,737.27,3,0,3,2591
2369,675,match_end,956.23,2,3,3,2593
2370,675,match_end,673.04,1,0,0,2594
2371,676,match_end,794.02,3,2,1,2595
2372,677,match_end,794.02,3,2,1,2596
2373,678,match_end,920.69,2,2,3,2597
2374,679,match_end,627.12,1,0,0,2598
2375,680,match_end,794.02,3,2,1,2599
2376,680,match_end,920.69,2,2,3,2600
2378,675,match_end,699.1,2,1,3,2602
2379,680,match_end,627.12,1,0,0,2603
2381,675,match_end,782.4,5,0,5,2605
2383,680,match_end,850.77,6,1,4,2607
2384,680,match_end,850.77,6,1,4,2608
2385,680,match_end,850.77,6,1,4,2609
2386,680,match_end,813.67,3,0,3,2610
2387,681,match_end,680.28,3,3,0,2611
2388,681,match_end,931.89,2,3,3,2612
2389,681,match_end,851.67,2,3,3,2613
2390,681,match_end,417.7,1,0,0,2614
2391,681,match_end,815.4,5,5,0,2615
2392,681,match_end,815.4,5,5,0,2616
2393,681,match_end,699.23,3,1,2,2617
2394,682,match_end,658.68,3,3,0,2618
2396,682,match_end,728.65,2,3,3,2620
2397,683,match_end,538.87,2,3,3,2621
2398,682,match_end,745.1,5,5,0,2622
2399,682,match_end,353.3,1,0,0,2623
2400,683,match_end,654.01,1,0,0,2624
2401,683,match_end,828.4,2,3,3,2625
2404,683,match_end,694.38,5,5,0,2628
2405,683,match_end,694.38,5,5,0,2629
2406,684,match_end,707.26,3,2,1,2630
2407,684,match_end,713.4,2,3,3,2631
2408,684,match_end,768.66,5,5,0,2632
2409,684,match_end,182.43,1,0,0,2633
2410,684,match_end,625.87,2,3,3,2634
2411,684,match_end,440.28,1,0,0,2635
2412,684,match_end,745.13,3,1,2,2636
2413,684,match_end,745.13,3,1,2,2637
2414,682,match_end,739.86,3,2,1,2638
2415,682,match_end,739.86,3,2,1,2639
2416,682,match_end,739.86,3,2,1,2640
2417,682,match_end,739.86,3,2,1,2641
2418,685,match_end,660.63,3,3,0,2642
2419,685,match_end,586.19,2,3,3,2643
2420,685,match_end,800.26,2,3,3,2644
2421,685,match_end,656.9,5,5,0,2645
2422,685,match_end,347.55,1,0,0,2646
2423,685,match_end,829.5,3,3,0,2647
2424,686,match_end,801.87,3,1,2,2648
2425,687,match_end,801.87,3,1,2,2649
2426,688,match_end,801.87,3,1,2,2650
2427,689,match_end,801.87,3,1,2,2651
2429,689,match_end,308.03,1,0,0,2653
2434,690,match_end,859.27,2,1,3,2658
2435,690,match_end,754.25,2,0,3,2659
2436,690,match_end,165.85,1,0,0,2660
2437,690,match_end,710.3,6,1,4,2661
2438,690,match_end,771.35,3,2,1,2662
2439,689,match_end,907.1,2,3,3,2663
2440,689,match_end,907.1,2,3,3,2664
2441,691,match_end,726.08,3,1,2,2665
2443,691,match_end,614.37,2,3,3,2667
2444,691,match_end,626.61,1,0,0,2668
2445,691,match_end,865.85,6,1,4,2669
2446,691,match_end,933.12,3,2,1,2670
2447,692,match_end,461.19,2,3,3,2673
2448,693,match_end,626.3,1,0,0,2674
2449,693,match_end,803.14,6,2,3,2675
2450,693,match_end,778.27,3,0,3,2676
2451,693,match_end,1009.21,2,2,3,2677
2452,693,match_end,747.48,2,3,3,2678
2453,694,match_end,641.51,3,2,1,2679
2455,694,match_end,792.8,2,3,3,2681
2456,694,match_end,633.95,1,0,0,2682
2457,694,match_end,867.88,2,1,3,2683
2458,694,match_end,941.95,6,4,1,2684
2459,694,match_end,636.84,1,0,0,2685
2460,694,match_end,843.66,3,0,3,2686
2461,695,match_end,662.46,3,3,0,2687
2462,695,match_end,720.12,2,2,3,2688
2463,695,match_end,912.13,6,4,1,2689
2464,695,match_end,613.83,1,0,0,2690
2465,695,match_end,705.99,2,3,3,2691
2466,695,match_end,705.99,2,3,3,2692
2467,696,match_end,802.4,3,2,1,2693
2468,696,match_end,844.9,2,3,3,2694
2469,696,match_end,815.16,5,5,0,2696
2470,696,match_end,600.13,1,0,0,2697
2471,696,match_end,760.99,3,3,0,2698
2472,697,match_end,792.9,3,3,0,2699
2475,697,match_end,744.09,2,2,3,2702
2476,697,match_end,600.18,1,0,0,2703
2477,697,match_end,600.18,1,0,0,2704
2478,697,match_end,600.18,1,0,0,2705
2479,697,match_end,600.18,1,0,0,2706
2480,697,match_end,600.18,1,0,0,2707
2484,699,match_end,894.34,3,0,3,2711
2485,699,match_end,907.29,2,2,3,2712
2486,699,match_end,572.06,1,0,0,2713
2487,699,match_end,734.08,2,0,3,2714
2488,699,match_end,673.04,6,1,4,2715
2489,702,match_end,602.17,3,1,2,2716
2490,702,match_end,861.16,2,3,3,2717
2491,702,match_end,605.32,1,0,0,2718
2492,702,match_end,663.77,2,3,3,2719
2493,702,match_end,895.41,6,4,1,2720
2494,702,match_end,540.29,3,3,0,2721
2495,703,match_end,863.71,3,2,1,2722
2496,703,match_end,662.34,2,1,3,2723
2497,703,match_end,390.03,1,0,0,2724
2498,703,match_end,698.72,2,0,3,2725
2499,703,match_end,805.79,5,0,5,2726
2500,703,match_end,711.29,3,0,3,2727
2501,704,match_end,677.3,3,2,1,2728
2502,704,match_end,734.64,2,0,3,2729
2503,704,match_end,635.75,5,0,5,2730
2507,704,match_end,732.6,3,3,0,2734
2508,704,match_end,502.09,2,0,3,2735
2509,705,match_end,762.86,3,3,0,2736
2514,705,match_end,887.88,6,4,1,2741
2517,707,match_end,1026.12,2,2,3,2744
2518,707,match_end,769.66,2,2,3,2745
2520,707,match_end,663.69,1,0,0,2747
2521,708,match_end,664.3,3,2,1,2748
2524,708,match_end,819.86,2,3,3,2751
2525,708,match_end,866.21,6,2,3,2752
2526,709,match_end,845.3,3,2,1,2753
2527,709,match_end,625.88,2,0,3,2754
2528,709,match_end,823.97,2,3,3,2755
2529,709,match_end,823.97,2,3,3,2756
2531,709,match_end,600.24,1,0,0,2758
2532,709,match_end,940.43,6,2,3,2759
2533,692,match_end,846.63,3,2,1,2760
2534,710,match_end,846.63,3,2,1,2761
2535,710,match_end,725.98,2,3,3,2762
2536,710,match_end,470.98,2,3,3,2763
2537,710,match_end,470.98,2,3,3,2764
2538,710,match_end,725.98,2,3,3,2765
2539,710,match_end,470.98,2,3,3,2766
2540,715,match_end,806.73,3,2,1,2767
2541,715,match_end,942.09,2,3,3,2768
2542,715,match_end,1023.07,2,2,3,2769
2545,715,match_end,677.59,3,3,0,2772
2546,716,match_end,662.28,1,0,0,2773
2547,716,match_end,665.22,2,3,3,2774
2548,716,match_end,825.84,6,3,2,2775
2549,716,match_end,625.7,1,0,0,2776
2550,716,match_end,817.19,3,2,1,2777
2552,717,match_end,837.52,2,3,3,2779
2557,718,match_end,867.17,2,3,3,2784
2558,718,match_end,340.08,1,0,0,2785
2559,718,match_end,528.84,2,3,3,2786
2560,717,match_end,618.65,1,0,0,2787
2561,717,match_end,750.81,6,3,2,2788
2562,719,match_end,669.61,3,0,3,2789
2566,719,match_end,624.5,1,0,0,2793
2567,719,match_end,663,3,1,2,2794
2568,717,match_end,869.23,3,3,0,2795
2569,720,match_end,624.74,3,1,2,2796
2570,720,match_end,922.22,2,2,3,2797
2571,720,match_end,742.66,6,1,4,2798
2572,720,match_end,981.83,2,2,3,2799
2573,720,match_end,220.01,1,0,0,2800
2574,720,match_end,1015.14,2,2,3,2801
2575,721,match_end,788.33,3,1,2,2802
2576,722,match_end,938.75,2,3,3,2803
2577,723,match_end,938.75,2,3,3,2804
2580,726,match_end,618.92,3,1,2,2807
2582,721,match_end,989.83,2,2,3,2809
2583,721,match_end,853.08,5,5,0,2810
2584,721,match_end,605.89,1,0,0,2811
2585,721,match_end,938.75,2,3,3,2812
2586,725,match_end,790.94,3,1,2,2813
2587,725,match_end,583.77,2,3,3,2814
2588,725,match_end,833.95,6,3,2,2815
2589,725,match_end,646.47,1,0,0,2816
2590,725,match_end,974.38,2,2,3,2817
2591,725,match_end,856.44,3,1,2,2818
2592,726,match_end,928.47,2,1,3,2819
2593,726,match_end,803.43,6,1,4,2820
2594,726,match_end,884.62,2,3,3,2821
2597,727,match_end,779.8,3,1,2,2824
2598,727,match_end,787.76,2,3,3,2825
2599,727,match_end,813.08,5,5,0,2826
2600,727,match_end,628.2,1,0,0,2827
2601,727,match_end,778.01,2,3,3,2828
2602,727,match_end,784.65,3,2,1,2829
2603,728,match_end,934.07,3,3,0,2830
2604,728,match_end,898.93,2,3,3,2831
2605,728,match_end,878.09,6,2,3,2832
2607,728,match_end,534.59,1,0,0,2834
2608,729,match_end,806.13,3,2,1,2835
2609,729,match_end,560.37,2,3,3,2836
2610,729,match_end,813.91,6,3,2,2837
2611,729,match_end,369.42,1,0,0,2838
2612,729,match_end,923.6,2,2,3,2839
2613,730,match_end,676.78,3,3,0,2840
2614,730,match_end,733.67,2,3,3,2841
2615,730,match_end,600.24,1,0,0,2842
2616,730,match_end,600.24,1,0,0,2843
2617,730,match_end,616.42,2,0,3,2844
2622,732,match_end,736.29,2,3,3,2849
2626,733,match_end,814.71,2,2,3,2855
2627,733,match_end,714.77,3,0,3,2856
2628,733,match_end,734.33,2,2,3,2857
2629,733,match_end,734.33,2,2,3,2858
2630,733,match_end,628.5,1,0,0,2859
2631,733,match_end,628.5,1,0,0,2860
2632,710,match_end,470.98,2,3,3,2861
2633,734,match_end,670.75,3,0,3,2862
2634,734,match_end,863.87,2,2,3,2863
2635,734,match_end,519.96,2,0,3,2864
2636,734,match_end,623.63,1,0,0,2865
2637,734,match_end,691.96,6,3,2,2866
2638,734,match_end,1052.21,2,2,3,2867
2639,734,match_end,642.48,1,0,0,2868
2640,734,match_end,519.96,2,0,3,2869
2641,735,match_end,769.26,3,1,2,2870
2642,735,match_end,788.58,2,0,3,2871
2643,735,match_end,846.88,6,2,3,2872
2644,735,match_end,968.73,2,2,3,2873
2645,735,match_end,614.94,1,0,0,2874
2647,738,match_end,779.5,3,2,1,2876
2648,739,match_end,779.5,3,2,1,2877
2649,740,match_end,779.5,3,2,1,2878
2650,741,match_end,779.5,3,2,1,2879
2651,742,match_end,779.5,3,2,1,2880
2653,744,match_end,779.5,3,2,1,2882
2658,746,match_end,670.18,3,2,1,2887
2659,746,match_end,526,2,3,3,2888
2660,746,match_end,744.08,5,5,0,2889
2661,746,match_end,629.93,1,0,0,2890
2662,746,match_end,819.79,2,3,3,2891
2663,746,match_end,547.58,3,3,0,2892
2664,745,match_end,779.5,3,2,1,2893
2665,745,match_end,779.5,3,2,1,2894
2666,745,match_end,908.08,6,2,3,2895
2667,745,match_end,875.89,2,2,3,2896
2668,745,match_end,606.24,1,0,0,2897
2669,745,match_end,779.5,3,2,1,2898
2672,748,match_end,775.96,3,3,0,2901
2673,749,match_end,775.96,3,3,0,2902
2674,750,match_end,775.96,3,3,0,2903
2675,751,match_end,775.96,3,3,0,2904
2680,753,match_end,676.64,3,0,3,2909
2681,753,match_end,641.14,1,0,0,2910
2682,753,match_end,680.49,5,0,5,2911
2685,753,match_end,629.1,3,0,3,2914
2687,753,match_end,668.31,2,1,3,2916
2688,753,match_end,914.28,2,1,3,2917
2689,753,match_end,765.51,5,0,5,2918
2690,753,match_end,665.95,3,0,3,2919
2691,753,match_end,778.49,2,1,3,2920
2692,753,match_end,632.13,3,0,3,2921
2693,754,match_end,788.14,3,1,2,2922
2694,754,match_end,982.78,2,3,3,2923
2695,754,match_end,1046.39,2,3,3,2924
2696,754,match_end,1044.12,6,3,2,2925
2697,754,match_end,699.55,1,0,0,2926
2698,755,match_end,786.05,3,1,2,2927
2699,755,match_end,927.78,2,2,3,2928
2700,755,match_end,605.88,1,0,0,2929
2701,755,match_end,777.07,2,0,3,2930
2702,755,match_end,805.39,6,2,3,2931
2703,736,match_end,1026.32,2,2,3,2932
2704,736,match_end,893.89,3,1,2,2933
2705,736,match_end,808.85,2,2,3,2934
2706,736,match_end,351.48,1,0,0,2935
2707,736,match_end,783.31,6,1,4,2936
2708,736,match_end,670.3,1,0,0,2937
2709,756,match_end,680.63,3,2,1,2939
2710,756,match_end,991.5,2,3,3,2940
2711,756,match_end,621.3,1,0,0,2941
2712,756,match_end,919.19,6,3,2,2942
2713,757,match_end,739.98,3,3,0,2943
2714,758,match_end,699.1,3,3,0,2944
2715,757,match_end,735.14,2,1,3,2945
2716,757,match_end,735.14,2,1,3,2946
2717,757,match_end,367.34,1,0,0,2947
2718,757,match_end,806.19,2,1,3,2948
2719,757,match_end,860.19,6,1,4,2949
2720,759,match_end,663.8,3,0,3,2950
2721,759,match_end,726.09,2,0,3,2951
2726,760,match_end,699.1,3,3,0,2956
2728,761,match_end,879.1,2,3,3,2958
2729,761,match_end,879.1,2,3,3,2959
2730,761,match_end,901.65,2,3,3,2960
2731,761,match_end,658.24,1,0,0,2961
2732,761,match_end,802.31,6,4,1,2962
2733,761,match_end,858.25,3,2,1,2963
2734,762,match_end,626,1,0,0,2964
2735,763,match_end,1013.01,2,2,3,2967
2736,763,match_end,605.2,1,0,0,2968
2737,763,match_end,843.44,6,3,2,2969
2738,764,match_end,862.45,3,0,3,2970
2739,764,match_end,822.85,2,3,3,2971
2741,764,match_end,605.15,1,0,0,2973
2742,764,match_end,944.59,6,1,4,2974
2743,765,match_end,626,1,0,0,2975
2744,766,match_end,626,1,0,0,2976
2745,767,match_end,902.66,3,1,2,2977
2746,767,match_end,972.29,2,3,3,2978
2747,767,match_end,782.82,2,0,3,2979
2748,767,match_end,817.52,6,2,3,2980
2749,767,match_end,539.61,1,0,0,2981
2750,768,match_end,842.48,3,0,3,2982
2751,768,match_end,1086.84,2,3,3,2983
2752,768,match_end,784.12,2,1,3,2984
2753,768,match_end,783.56,6,1,4,2985
2754,768,match_end,403.71,1,0,0,2986
2755,769,match_end,886.83,3,2,1,2987
2756,769,match_end,837.46,2,3,3,2988
2757,769,match_end,665.55,2,1,3,2989
2758,769,match_end,655.91,1,0,0,2990
2760,769,match_end,877.89,6,1,4,2992
2761,769,match_end,877.89,6,1,4,2993
2762,769,match_end,664.16,3,2,1,2994
2763,770,match_end,911.54,6,1,4,2997
2764,770,match_end,911.54,6,1,4,2998
2765,770,match_end,911.54,6,1,4,2999
2766,770,match_end,966.58,2,2,3,3000
2767,770,match_end,629.77,1,0,0,3001
2768,770,match_end,615.33,3,1,2,3002
2769,770,match_end,951.17,2,1,3,3003
2776,772,match_end,602.63,2,0,3,3010
2778,772,match_end,625.72,1,0,0,3012
2779,772,match_end,877.21,6,3,2,3013
2781,772,match_end,763.37,5,0,5,3015
2782,775,match_end,766.72,3,1,2,3017
2783,775,match_end,854.55,2,2,3,3018
2784,775,match_end,706.73,2,0,3,3019
2785,775,match_end,837.85,5,5,0,3020
2786,775,match_end,340.64,1,0,0,3021
2787,776,match_end,774.07,3,0,3,3022
2788,776,match_end,915.77,2,3,3,3023
2789,776,match_end,915.77,2,3,3,3024
2791,776,match_end,656.94,1,0,0,3026
2803,779,match_end,689.77,2,3,3,3038
2804,779,match_end,703.18,6,1,4,3039
2805,779,match_end,644.06,2,1,3,3040
2806,779,match_end,600.11,1,0,0,3041
2807,780,match_end,914.77,3,2,1,3042
2808,780,match_end,684.05,2,0,3,3043
2810,781,match_end,762.38,3,2,1,3046
2811,781,match_end,919.38,2,3,3,3047
2812,781,match_end,901.72,2,1,3,3048
2813,781,match_end,600.18,1,0,0,3049
2814,781,match_end,802.34,6,1,4,3050
2821,783,match_end,692.16,3,2,1,3057
2822,783,match_end,986.16,2,3,3,3058
2823,783,match_end,666.05,2,1,3,3059
2824,783,match_end,365.82,1,0,0,3060
2825,783,match_end,856.59,6,3,2,3061
2826,783,match_end,666.05,2,1,3,3062
2827,784,match_end,884.51,3,1,2,3063
2828,784,match_end,731.29,2,3,3,3064
2829,784,match_end,921.49,6,4,1,3065
2830,784,match_end,733.47,2,3,3,3066
2831,784,match_end,620.67,1,0,0,3067
2832,785,match_end,755.38,3,1,2,3068
2833,785,match_end,802.58,2,3,3,3069
2834,785,match_end,899.79,2,1,3,3070
2835,785,match_end,726.49,6,2,3,3071
2838,786,match_end,897.76,3,1,2,3074
2839,786,match_end,790.75,2,3,3,3075
2840,786,match_end,959.85,6,4,1,3076
2841,786,match_end,658.94,2,3,3,3077
2842,786,match_end,644.17,1,0,0,3078
2843,786,match_end,746.2,3,3,0,3079
2844,785,match_end,615.02,1,0,0,3080
2845,785,match_end,944.6,3,1,2,3081
2846,787,match_end,614.05,3,1,2,3082
2847,788,match_end,642.24,3,2,1,3083
2848,789,match_end,816.73,2,3,3,3084
2849,789,match_end,642.24,3,2,1,3085
2850,789,match_end,782.07,6,4,1,3086
2851,789,match_end,722.47,2,0,3,3087
2852,789,match_end,603.22,1,0,0,3088
2853,789,match_end,708.16,3,1,2,3089
2854,790,match_end,827.69,3,0,3,3090
2855,790,match_end,756.11,2,1,3,3091
2856,790,match_end,624.44,1,0,0,3092
2861,791,match_end,685.71,2,3,3,3097
2862,791,match_end,600.22,1,0,0,3098
2863,791,match_end,505.98,2,3,3,3099
2864,791,match_end,803.95,6,4,1,3100
2865,792,match_end,785.29,3,3,0,3101
2866,792,match_end,707.4,2,3,3,3102
2867,792,match_end,646.6,1,0,0,3103
2868,792,match_end,1016.26,2,2,3,3104
2869,792,match_end,808.73,6,4,1,3105
2870,793,match_end,768.51,3,0,3,3106
2872,793,match_end,600.19,1,0,0,3108
2874,793,match_end,759.84,2,2,3,3110
2875,793,match_end,761.31,3,2,1,3111
2876,794,match_end,654.25,3,3,0,3112
2877,794,match_end,737.13,2,3,3,3113
2878,794,match_end,743.92,2,2,3,3114
2880,794,match_end,620.79,5,5,0,3116
2881,794,match_end,550.41,2,3,3,3117
2882,795,match_end,639.77,1,0,0,3118
2883,795,match_end,807.93,5,5,0,3119
2884,795,match_end,1024.05,2,2,3,3120
2885,795,match_end,815.53,2,3,3,3121
2886,795,match_end,628.2,3,3,0,3122
2891,228,match_end,103.79,1,0,0,3128
2892,228,match_end,91.05,1,0,0,3129
2893,228,match_end,91.05,1,0,0,3130
2894,228,match_end,78.7,1,0,0,3131
2895,228,match_end,224.88,1,0,0,3132
2896,776,match_end,886.99,6,3,2,3133
2897,797,match_end,725.48,3,0,3,3134
2898,797,match_end,701.19,2,3,3,3135
2899,797,match_end,1009.64,2,2,3,3136
2900,797,match_end,620.71,1,0,0,3137
2901,797,match_end,767.5,6,3,2,3138
2902,797,match_end,767.5,6,3,2,3139
2903,797,match_end,662.83,3,2,1,3140
2904,798,match_end,924.97,3,2,1,3141
2913,800,match_end,785.15,6,3,2,3150
2914,800,match_end,616.77,1,0,0,3151
2915,800,match_end,672.06,2,0,3,3152
2916,800,match_end,774.93,3,1,2,3153
2923,801,match_end,656.99,1,0,0,3160
2924,801,match_end,780.65,3,2,1,3161
2925,803,match_end,683.13,3,2,1,3162
2926,804,match_end,683.13,3,2,1,3163
2927,805,match_end,683.13,3,2,1,3164
2928,806,match_end,683.13,3,2,1,3165
2929,806,match_end,878.31,2,3,3,3166
2930,806,match_end,734.03,6,3,2,3167
2932,806,match_end,646.74,2,3,3,3169
2933,806,match_end,713.54,3,2,1,3170
2934,806,match_end,639.94,2,1,3,3171
2935,807,match_end,973.44,3,1,2,3172
2936,807,match_end,527.01,2,3,3,3173
2937,807,match_end,805.4,6,4,1,3174
2938,807,match_end,673.88,1,0,0,3175
2940,807,match_end,612.01,3,3,0,3177
2941,808,match_end,718.41,3,1,2,3178
2944,808,match_end,730.21,6,3,2,3181
2945,808,match_end,629.85,1,0,0,3182
2947,808,match_end,729.09,3,1,2,3184
2948,809,match_end,654.52,3,2,1,3185
2949,809,match_end,915.62,2,3,3,3186
2950,809,match_end,741.14,6,3,2,3187
2951,809,match_end,677.86,1,0,0,3188
2952,809,match_end,580.55,2,3,3,3189
2953,809,match_end,721.3,3,2,1,3190
2954,810,match_end,938.92,2,2,3,3191
2955,810,match_end,938.92,2,2,3,3192
2956,810,match_end,938.92,2,2,3,3193
2957,810,match_end,938.92,2,2,3,3195
2958,810,match_end,938.92,2,2,3,3197
2959,812,match_end,920.47,2,2,3,3198
2961,811,match_end,600.19,1,0,0,3200
2962,811,match_end,992.74,2,2,3,3201
2963,811,match_end,785.66,5,5,0,3202
2964,811,match_end,1039.04,2,3,3,3203
2965,811,match_end,987.11,3,3,0,3204
2966,813,match_end,799.89,3,1,2,3205
2967,813,match_end,967.11,2,2,3,3206
2968,813,match_end,960.83,2,2,3,3207
2969,813,match_end,670.23,1,0,0,3208
2970,813,match_end,824.83,6,4,1,3209
2971,813,match_end,711.97,3,3,0,3210
2972,815,match_end,585.16,3,3,0,3211
2974,815,match_end,978.36,2,2,3,3213
2975,815,match_end,714.23,5,0,5,3214
2976,815,match_end,665.78,1,0,0,3215
2977,815,match_end,717.23,3,2,1,3216
2978,816,match_end,780.85,3,1,2,3217
2979,816,match_end,625.4,1,0,0,3219
2980,816,match_end,951.69,2,2,3,3220
2981,816,match_end,893.72,6,3,2,3221
2982,817,match_end,865.22,3,2,1,3222
2983,817,match_end,730.47,2,0,3,3223
2984,817,match_end,600.14,1,0,0,3224
2987,817,match_end,826.46,3,1,2,3227
2988,817,match_end,826.46,3,1,2,3228
2989,817,match_end,826.46,3,1,2,3229
2990,818,match_end,953.25,3,3,0,3230
2991,818,match_end,909.59,2,3,3,3231
2992,818,match_end,982.95,2,2,3,3232
2993,818,match_end,631.4,1,0,0,3233
2994,818,match_end,847.07,6,3,2,3234
2995,818,match_end,844.69,3,1,2,3235
2997,818,match_end,844.69,3,1,2,3237
2998,818,match_end,844.69,3,1,2,3238
3001,819,match_end,660.57,3,3,0,3241
3002,819,match_end,810.51,2,0,3,3242
3003,819,match_end,806.83,2,1,3,3243
3004,819,match_end,623.38,1,0,0,3244
3005,819,match_end,1075.63,6,2,3,3245
3009,820,match_end,676.8,2,0,3,3249
3010,820,match_end,688.22,2,1,3,3250
3011,820,match_end,781.55,6,1,4,3251
3012,820,match_end,488.47,1,0,0,3252
3013,820,match_end,636.3,1,0,0,3253
3014,821,match_end,676.22,3,0,3,3254
3015,821,match_end,526.8,1,0,0,3255
3016,821,match_end,526.8,1,0,0,3256
3017,822,match_end,714.92,3,3,0,3257
3019,822,match_end,907.11,2,3,3,3259
3020,822,match_end,654.08,2,1,3,3260
3021,822,match_end,438.14,1,0,0,3261
3022,822,match_end,816.86,6,4,1,3262
3023,822,match_end,454.68,1,0,0,3263
3024,823,match_end,755.26,3,2,1,3264
3025,823,match_end,551.61,1,0,0,3266
3026,823,match_end,846.82,6,1,4,3267
3027,823,match_end,976.58,2,2,3,3268
3028,824,match_end,647.17,3,3,0,3269
3029,824,match_end,644.75,2,3,3,3270
3030,824,match_end,851.97,6,3,2,3271
3031,824,match_end,777.42,2,3,3,3272
3032,824,match_end,711.57,1,0,0,3273
3033,824,match_end,474.66,1,0,0,3274
3034,825,match_end,726.23,3,2,1,3275
3035,825,match_end,672.33,2,3,3,3276
3036,825,match_end,917.6,6,1,4,3277
3038,825,match_end,491.43,1,0,0,3280
3039,825,match_end,491.43,1,0,0,3281
3041,826,match_end,1023.35,2,2,3,3283
3042,826,match_end,937.65,2,2,3,3284
3043,826,match_end,451.53,1,0,0,3285
3044,826,match_end,451.53,1,0,0,3286
3045,826,match_end,936.57,6,2,3,3287
3046,826,match_end,824.73,3,2,1,3288
3053,828,match_end,796.52,2,2,3,3296
3054,828,match_end,212.46,1,0,0,3297
3055,828,match_end,604.53,3,0,3,3298
3056,828,match_end,1050.05,2,3,3,3299
3057,828,match_end,1050.05,2,3,3,3300
3058,828,match_end,212.46,1,0,0,3301
3059,828,match_end,838.16,3,2,1,3302
3060,828,match_end,755.76,2,0,3,3303
3063,830,match_end,974.77,3,3,0,3306
3065,830,match_end,579.39,1,0,0,3308
3066,830,match_end,780.64,6,2,3,3309
3067,830,match_end,639.96,2,3,3,3310
3068,830,match_end,694.82,1,0,0,3311
3069,830,match_end,579.39,1,0,0,3312
3071,830,match_end,579.39,1,0,0,3314
3072,831,match_end,618.17,1,0,0,3315
3073,831,match_end,620.3,1,0,0,3316
3074,831,match_end,843.34,6,3,2,3317
3075,831,match_end,825.6,2,1,3,3318
3076,831,match_end,1105.07,2,2,3,3319
3078,831,match_end,838.41,3,3,0,3321
3079,832,match_end,819.49,2,3,3,3322
3080,832,match_end,600.15,1,0,0,3323
3081,832,match_end,770.86,3,0,3,3324
3084,830,match_end,579.39,1,0,0,3327
3085,833,match_end,619.99,3,2,1,3328
3086,833,match_end,864.33,2,3,3,3329
3087,833,match_end,892.49,2,3,3,3330
3088,833,match_end,565.44,1,0,0,3331
3089,833,match_end,995.39,2,3,3,3332
3090,833,match_end,995.39,2,3,3,3333
3091,833,match_end,843.05,6,4,1,3334
3092,834,match_end,657.68,3,2,1,3335
3093,834,match_end,675.57,2,3,3,3336
3094,834,match_end,505.33,1,0,0,3337
3095,834,match_end,832.87,6,2,3,3338
3096,834,match_end,911.44,2,1,3,3339
3097,834,match_end,870.1,3,2,1,3340
3098,835,match_end,798.86,3,1,2,3341
3099,835,match_end,745.81,2,3,3,3342
3100,835,match_end,1024.36,2,2,3,3343
3101,835,match_end,1024.36,2,2,3,3344
3102,835,match_end,320.06,1,0,0,3345
3103,835,match_end,946.14,6,2,3,3346
3104,835,match_end,787.16,3,1,2,3347
3105,835,match_end,787.16,3,1,2,3348
3106,835,match_end,787.16,3,1,2,3349
3107,533,match_end,787.16,3,1,2,3350
3108,835,match_end,787.16,3,1,2,3351
3109,836,match_end,888.02,2,1,3,3352
3110,839,match_end,787.55,3,3,0,3353
3111,841,match_end,788.52,3,2,1,3354
3112,841,match_end,554.8,1,0,0,3355
3113,841,match_end,554.8,1,0,0,3356
3114,841,match_end,554.8,1,0,0,3357
3117,841,match_end,923.43,6,2,3,3360
3118,841,match_end,874.99,2,1,3,3361
3121,841,match_end,741.29,3,2,1,3364
3125,842,match_end,624.18,1,0,0,3368
3126,842,match_end,910.85,6,2,3,3369
3128,842,match_end,655.32,1,0,0,3371
3129,843,match_end,629.86,3,1,2,3372
3130,843,match_end,839.08,2,1,3,3373
3131,843,match_end,721.19,2,3,3,3374
3132,843,match_end,992.16,6,2,3,3375
3133,843,match_end,705.73,1,0,0,3376
3134,843,match_end,649.47,2,3,3,3377
3135,844,match_end,734.31,3,3,0,3378
3136,844,match_end,777.04,2,3,3,3379
3137,844,match_end,607.35,1,0,0,3380
3138,844,match_end,915.55,2,3,3,3381
3139,844,match_end,886.41,6,4,1,3382
3141,845,match_end,759.21,3,0,3,3384
3142,845,match_end,971.9,2,3,3,3385
3143,845,match_end,981.86,6,1,4,3386
3144,845,match_end,814.3,2,3,3,3387
3145,845,match_end,652.65,1,0,0,3388
3146,845,match_end,652.65,1,0,0,3389
3147,845,match_end,645.85,3,2,1,3390
3148,533,match_end,652.65,1,0,0,3391
3149,533,match_end,652.65,1,0,0,3392
3150,845,match_end,652.65,1,0,0,3393
3151,846,match_end,385.82,1,0,0,3394
3152,847,match_end,839.21,3,1,2,3395
3153,847,match_end,720.59,5,5,0,3396
3154,847,match_end,749.25,2,3,3,3397
3155,847,match_end,602.67,2,3,3,3398
3156,847,match_end,600.2,1,0,0,3399
3157,847,match_end,755.41,2,3,3,3400
3158,847,match_end,561.41,3,3,0,3401
3159,848,match_end,710.3,3,1,2,3402
3160,848,match_end,883.38,2,1,3,3403
3161,848,match_end,716.02,5,5,0,3404
3162,848,match_end,710.3,3,1,2,3406
3163,848,match_end,299.47,1,0,0,3407
3164,849,match_end,480.94,3,3,0,3409
3165,849,match_end,1089.18,2,3,3,3410
3166,849,match_end,714.02,6,3,2,3411
3167,849,match_end,667.13,2,3,3,3412
3168,849,match_end,214.68,1,0,0,3413
3169,849,match_end,813.87,3,1,2,3414
3172,850,match_end,685.68,2,3,3,3417
3173,850,match_end,612.92,1,0,0,3418
3174,850,match_end,709.86,2,0,3,3419
3175,850,match_end,831.3,3,2,1,3420
3176,850,match_end,612.92,1,0,0,3421
3177,851,match_end,724.16,3,3,0,3422
3178,851,match_end,906.39,2,2,3,3423
3179,851,match_end,676.94,1,0,0,3424
3180,851,match_end,815.21,6,2,3,3425
3181,851,match_end,1003.19,2,3,3,3426
3182,851,match_end,633.38,1,0,0,3427
3183,852,match_end,712.03,3,3,0,3428
3184,852,match_end,774.35,2,3,3,3429
3185,852,match_end,781.65,6,4,1,3430
3186,852,match_end,873.33,2,3,3,3431
3187,852,match_end,340.09,1,0,0,3432
3188,852,match_end,767.34,3,3,0,3433
3189,853,match_end,651.93,3,3,0,3434
3190,853,match_end,1001.9,2,2,3,3435
3192,853,match_end,867.14,2,3,3,3437
3193,853,match_end,621,1,0,0,3438
3194,853,match_end,807.4,2,3,3,3439
3195,854,match_end,903.19,2,2,3,3440
3196,854,match_end,712.38,3,1,2,3442
3197,854,match_end,648.04,1,0,0,3443
3198,854,match_end,803.58,6,1,4,3444
3199,855,match_end,676.46,3,0,3,3446
3200,855,match_end,892.43,2,1,3,3447
3201,855,match_end,913.2,2,1,3,3448
3202,855,match_end,944.9,2,2,3,3449
3203,855,match_end,545.24,1,0,0,3450
3204,856,match_end,1051.38,2,2,3,3452
3205,856,match_end,890.89,6,4,1,3453
3206,856,match_end,696.5,2,1,3,3454
3207,856,match_end,622.47,1,0,0,3455
3208,856,match_end,1007.45,2,2,3,3456
3209,857,match_end,781.08,3,3,0,3457
3210,857,match_end,1010.58,2,3,3,3458
3211,857,match_end,1010.58,2,3,3,3459
3212,857,match_end,673.81,2,0,3,3460
3213,857,match_end,1010.58,2,3,3,3461
3214,857,match_end,1010.58,2,3,3,3462
3215,858,match_end,844.39,3,1,2,3463
3216,858,match_end,783.41,6,3,2,3465
3217,858,match_end,583.09,2,3,3,3466
3218,858,match_end,629.71,1,0,0,3467
3220,859,match_end,738.37,2,1,3,3469
3221,859,match_end,604.03,1,0,0,3470
3222,859,match_end,777.15,6,1,4,3471
3224,860,match_end,758.26,3,2,1,3473
3227,860,match_end,1018.03,6,3,2,3476
3228,860,match_end,745.79,2,2,3,3477
3229,861,match_end,905.56,3,0,3,3478
3230,862,match_end,905.56,3,0,3,3479
3231,863,match_end,601.98,2,0,3,3480
3232,863,match_end,635.71,1,0,0,3481
3233,863,match_end,905.56,3,0,3,3482
3234,864,match_end,917.54,2,3,3,3483
3235,864,match_end,915.92,5,5,0,3484
3236,864,match_end,659.53,2,1,3,3485
3237,864,match_end,501.74,1,0,0,3486
3238,864,match_end,592.02,3,3,0,3487
3239,863,match_end,641.39,3,3,0,3488
3240,863,match_end,849.28,2,3,3,3489
3241,863,match_end,889.18,6,3,2,3490
3242,863,match_end,905.56,3,0,3,3491
3243,868,match_end,967.87,2,3,2,3492
3245,869,match_end,783.5,3,1,2,3495
3246,869,match_end,781.53,2,0,3,3496
3247,869,match_end,720.13,2,2,3,3497
3248,869,match_end,579.26,1,0,0,3498
3249,869,match_end,862.97,6,2,3,3499
3250,869,match_end,862.97,6,2,3,3501
3251,869,match_end,862.97,6,2,3,3502
3252,870,match_end,263.28,1,0,0,3503
3253,870,match_end,902.78,2,3,3,3504
3254,870,match_end,833.42,6,3,2,3505
3255,870,match_end,804.92,3,1,2,3506
3257,871,match_end,818.81,3,2,1,3508
3258,871,match_end,882.21,6,1,4,3510
3259,871,match_end,623.8,1,0,0,3512
3260,871,match_end,426.38,1,0,0,3513
3261,871,match_end,426.38,1,0,0,3514
3262,872,match_end,613.14,1,0,0,3515
3263,872,match_end,1014.4,6,2,3,3516
3264,872,match_end,959.48,2,3,3,3517
3265,873,match_end,225.79,1,0,0,3520
3266,874,match_end,850.33,3,0,3,3521
3267,874,match_end,715.87,2,0,3,3522
3268,874,match_end,627.47,1,0,0,3523
3269,874,match_end,724.78,2,0,3,3524
3270,874,match_end,760.89,6,2,3,3525
3271,874,match_end,929.93,2,1,3,3526
3272,875,match_end,633.32,3,3,0,3527
3273,875,match_end,963.08,2,3,3,3528
3275,875,match_end,922.4,2,2,3,3530
3276,875,match_end,709.66,6,4,1,3531
3277,876,match_end,751.57,3,3,0,3532
3278,876,match_end,766.17,2,2,3,3533
3279,876,match_end,582.43,1,0,0,3534
3280,876,match_end,809.73,6,3,2,3535
3281,876,match_end,949.36,2,2,3,3536
3282,876,match_end,331.08,1,0,0,3537
3283,876,match_end,331.08,1,0,0,3538
3284,877,match_end,677.27,1,0,0,3539
3285,877,match_end,923.78,6,3,2,3540
3286,877,match_end,852.05,3,3,0,3541
3287,877,match_end,780.95,3,2,1,3542
3288,877,match_end,780.95,3,2,1,3543
3289,877,match_end,757.37,2,1,3,3544
3290,877,match_end,543.18,2,0,3,3545
3292,884,match_end,508.95,1,0,0,3549
3293,884,match_end,628.73,2,0,3,3550
3294,884,match_end,780.97,2,2,3,3551
3295,884,match_end,895.03,6,3,2,3552
3296,884,match_end,600.15,1,0,0,3553
3297,884,match_end,726.5,3,0,3,3554
3299,887,match_end,632.44,1,0,0,3556
3300,887,match_end,719.46,6,1,4,3557
3301,887,match_end,757.9,3,1,2,3559
3302,887,match_end,704.36,2,0,3,3560
3303,888,match_end,899.11,3,1,2,3561
3304,888,match_end,511,1,0,0,3562
3305,888,match_end,865.36,2,1,3,3563
3306,888,match_end,667.94,6,3,2,3564
3307,888,match_end,876.32,2,1,3,3565
3308,888,match_end,632.86,1,0,0,3566
3309,889,match_end,787.61,3,2,1,3567
3310,889,match_end,519.68,1,0,0,3568
3311,889,match_end,847.69,2,2,3,3569
3312,889,match_end,818.03,2,2,3,3570
3314,533,match_end,780.97,2,2,3,3572
3315,533,match_end,780.97,2,2,3,3573
3316,533,match_end,780.97,2,2,3,3574
3317,891,match_end,772.32,3,1,2,3575
3318,891,match_end,805.63,2,3,3,3576
3319,891,match_end,696.53,1,0,0,3577
3320,891,match_end,700.59,6,4,1,3578
3322,891,match_end,611.12,1,0,0,3581
3323,892,match_end,547.57,3,0,3,3582
3324,892,match_end,497.68,2,0,3,3583
3325,892,match_end,660.52,5,0,5,3584
3327,892,match_end,168.46,1,0,0,3586
3328,892,match_end,600.43,3,0,3,3587
3329,894,match_end,940.12,2,3,3,3588
3330,894,match_end,625.1,1,0,0,3589
3331,894,match_end,757.15,3,1,2,3590
3332,903,match_end,553.26,2,3,3,3591
3333,904,match_end,553.26,2,3,3,3592
3334,905,match_end,553.26,2,3,3,3593
3335,905,match_end,715.23,5,5,0,3594
3336,905,match_end,621.73,1,0,0,3595
3337,905,match_end,658.02,3,3,0,3597
3338,905,match_end,510.43,2,3,3,3598
3339,906,match_end,887.13,2,3,3,3599
3340,906,match_end,644.57,1,0,0,3600
3341,906,match_end,765.91,6,4,1,3601
3342,906,match_end,687.62,3,2,1,3602
3343,906,match_end,823.95,2,2,3,3603
3344,907,match_end,645.77,1,0,0,3604
3345,907,match_end,631.44,1,0,0,3605
3346,907,match_end,705.95,3,2,1,3606
3347,907,match_end,882.4,3,0,3,3608
3348,908,match_end,735.39,3,1,2,3609
3349,908,match_end,769.6,2,1,3,3610
3350,908,match_end,800.84,6,2,3,3611
3351,908,match_end,543.45,2,0,3,3612
3352,908,match_end,682.97,1,0,0,3613
3353,909,match_end,643.16,3,1,2,3614
3354,909,match_end,880.43,2,2,3,3615
3355,909,match_end,488.68,1,0,0,3616
3356,909,match_end,666.35,2,3,3,3617
3357,909,match_end,840.51,6,1,4,3618
3358,909,match_end,413.3,1,0,0,3619
3359,909,match_end,660.52,3,0,3,3620
3360,912,match_end,797.17,2,3,3,3621
3361,913,match_end,797.17,2,3,3,3622
3362,913,match_end,517.52,1,0,0,3623
3363,913,match_end,822.48,5,5,0,3624
3364,913,match_end,770.48,2,3,3,3625
3365,913,match_end,770.48,2,3,3,3626
3366,913,match_end,610.59,3,2,1,3627
3367,913,match_end,601.37,3,2,1,3628
3368,914,match_end,627,3,2,1,3629
3369,914,match_end,897.41,2,2,3,3630
3370,914,match_end,603.9,1,0,0,
3371,914,match_end,820.55,6,3,2,
3372,914,match_end,775.94,3,2,1,
3373,914,match_end,894.28,2,3,3,
3374,918,match_end,1012.16,2,2,3,3635
3375,918,match_end,709.57,3,0,3,3636
3376,919,match_end,612.53,3,0,3,3637
3377,919,match_end,912.46,2,2,3,3638
3378,919,match_end,817.59,5,0,5,3639
3379,919,match_end,727.03,2,3,3,3640
3380,919,match_end,616.23,1,0,0,3641
3381,920,match_end,587.23,1,0,0,
3382,920,match_end,405.68,1,0,0,
3383,920,match_end,500.56,2,0,3,3644
3384,920,match_end,652.56,1,0,0,
3385,920,match_end,611.45,1,0,0,3647
3386,920,match_end,1058.66,4,4,3,3648
3387,920,match_end,547.16,2,2,1,3650
3388,920,match_end,547.16,2,2,1,3651
3389,920,match_end,611.45,1,0,0,3653
3390,920,match_end,652.56,1,0,0,3654
3391,920,match_end,525.71,1,0,0,3655
3392,921,match_end,72.03,1,0,0,3656
3393,934,match_end,547.16,2,2,1,3661
3394,934,match_end,611.45,1,0,0,3663
3395,939,match_end,611.45,1,0,0,3664
3396,939,match_end,652.56,1,0,0,3666
3397,938,match_end,525.71,1,0,0,3667
3398,938,match_end,525.71,1,0,0,3668
3399,938,match_end,405.68,1,0,0,3669
3400,938,match_end,587.23,1,0,0,3670
3401,938,match_end,587.23,1,0,0,3671
3402,938,match_end,405.68,1,0,0,3672
3403,533,match_end,810.17,2,3,3,3673
3404,938,match_end,587.23,1,0,0,3674
3405,938,match_end,405.68,1,0,0,3675
3406,938,match_end,500.56,2,0,3,3676
3407,938,match_end,525.71,1,0,0,3677
3408,533,match_end,598.41,3,3,0,3678
3409,940,match_end,862.42,3,0,3,3679
3410,940,match_end,1064,2,2,3,3680
3411,940,match_end,1005.84,5,0,5,3681
3412,940,match_end,983.42,2,2,3,3682
3413,941,match_end,661.09,2,3,3,3683
3414,942,match_end,777.42,3,2,1,3684
3415,942,match_end,783.74,2,2,3,
3416,942,match_end,957.7,6,2,3,3686
3417,942,match_end,621.21,1,0,0,
3418,942,match_end,636.29,2,3,3,3688
3419,943,match_end,661.09,2,3,3,3689
3420,943,match_end,407.95,1,0,0,3690
3421,943,match_end,488.18,2,3,3,3691
3422,943,match_end,741.89,3,3,0,3692
3423,944,match_end,692.9,2,2,1,3693
3424,945,match_end,1222.3,4,4,3,3694
3425,946,match_end,1202.29,7,2,5,3695
3426,947,match_end,692.9,2,2,1,3696
3427,948,match_end,692.9,2,2,1,3697
3428,949,match_end,692.9,2,2,1,3698
3429,950,match_end,1006.23,2,2,3,3699
3430,950,match_end,648.66,1,0,0,3700
3431,950,match_end,509.48,2,1,0,3701
3432,950,match_end,410.37,1,0,0,3702
3433,951,match_end,739.32,3,3,0,3703
3434,951,match_end,653.33,2,3,3,3704
3435,951,match_end,970.81,6,2,3,3705
3436,951,match_end,774.83,2,2,3,3706
3437,951,match_end,315.27,1,0,0,3707
3438,951,match_end,798.89,3,2,1,3709
3439,950,match_end,739.37,2,1,3,3710
3440,954,match_end,329.34,2,1,0,3711
3441,954,match_end,423.9,1,0,0,
3442,954,match_end,482.2,2,2,0,3713
3443,954,match_end,540.35,2,2,1,3714
3444,954,match_end,565.5,2,2,1,3715
3445,954,match_end,812,2,2,3,3716
3446,954,match_end,1165.51,4,5,4,3717
3447,954,match_end,871.87,2,1,3,3718
3448,954,match_end,565.5,2,2,1,3719
3449,955,match_end,670.37,2,3,3,3721
3450,955,match_end,600.15,1,0,0,3722
3451,955,match_end,664.63,1,0,0,3723
3452,956,match_end,804.25,3,1,2,3724
3453,956,match_end,548.62,2,0,3,3725
3454,956,match_end,967.87,2,2,3,3726
3455,956,match_end,672.53,1,0,0,3727
3456,956,match_end,835.27,5,5,0,3728
3457,956,match_end,176.83,1,0,0,3729
3459,958,match_end,865.14,3,1,2,
3460,958,match_end,1011.24,2,3,3,
3461,958,match_end,919.04,2,2,3,3733
3462,958,match_end,927.19,6,1,4,3734
3463,959,match_end,713.31,3,2,1,3735
3464,959,match_end,161.74,1,0,0,3736
3465,533,match_end,958.15,3,1,2,3737
3466,533,match_end,508.88,2,0,3,
3467,533,match_end,508.88,2,0,3,
3468,959,match_end,492.04,3,3,0,
3469,960,match_end,655.21,3,2,1,3741
3470,960,match_end,950.43,2,2,3,3742
3471,960,match_end,848.47,6,3,2,3743
3472,960,match_end,1026.89,2,2,3,3744
3473,960,match_end,681.55,1,0,0,3745
3474,960,match_end,936.04,3,2,1,3746
3475,961,match_end,670.37,2,3,3,3748
3476,961,match_end,600.15,1,0,0,3749
3477,961,match_end,664.63,1,0,0,3750
3478,962,match_end,841.86,6,4,1,3752
3479,962,match_end,682.51,3,3,0,
3480,963,match_end,717.92,3,1,2,3754
3481,963,match_end,698.45,2,0,3,3755
3482,963,match_end,773.53,2,2,3,3756
3483,963,match_end,651.62,1,0,0,3757
3484,963,match_end,500.44,1,0,0,3758
3485,963,match_end,714.87,5,0,5,3759
3486,964,match_end,673.97,2,3,3,3760
3487,964,match_end,684.74,1,0,0,3761
3488,964,match_end,859.85,6,2,3,3762
3489,964,match_end,604.3,2,3,3,3763
3490,959,match_end,492.04,3,3,0,3765
3491,965,match_end,827.62,3,2,1,3766
3492,965,match_end,733.95,2,3,3,3767
3493,965,match_end,574.42,2,3,3,3768
3494,965,match_end,891.17,6,4,1,3769
3495,965,match_end,421.07,1,0,0,3770
3496,966,match_end,782.41,3,3,0,3771
3497,967,match_end,261.7,1,0,0,3772
3498,968,match_end,782.41,3,3,0,3773
3499,969,match_end,643.58,3,2,1,3774
3500,970,match_end,761.72,3,3,0,3775
3501,970,match_end,988.43,2,2,3,3776
3502,970,match_end,858.82,5,5,0,3777
3503,970,match_end,845.29,2,2,3,3778
3504,970,match_end,402.72,1,0,0,3779
3505,971,match_end,778.25,3,0,3,3780
3506,972,match_end,644.46,3,3,0,3781
3507,971,match_end,802.01,2,1,3,3782
3508,972,match_end,600.14,1,0,0,3783
3509,971,match_end,984.43,2,2,3,
3510,972,match_end,994.52,2,3,3,3785
3511,972,match_end,994.52,2,3,3,3786
3512,971,match_end,825.68,5,0,5,3787
3513,972,match_end,994.52,2,3,3,3788
3514,972,match_end,1056.77,2,2,3,3789
3515,972,match_end,994.52,2,3,3,3790
3516,971,match_end,298.62,1,0,0,
3517,971,match_end,849.21,2,3,3,3792
3518,972,match_end,1013.66,2,3,3,3793
3519,972,match_end,994.52,2,3,3,3794
3520,972,match_end,994.52,2,3,3,3795
3521,972,match_end,994.52,2,3,3,3796
3522,972,match_end,994.52,2,3,3,3797
3523,972,match_end,994.52,2,3,3,3798
3524,973,match_end,994.52,2,3,3,3799
3525,974,match_end,994.52,2,3,3,3800
3526,972,match_end,994.52,2,3,3,3801
3527,975,match_end,681.13,3,1,2,3802
3528,975,match_end,904.1,2,2,3,3803
3529,975,match_end,914.45,6,3,2,3804
3530,975,match_end,705.58,2,1,3,3805
3531,975,match_end,282.27,1,0,0,3806
3532,975,match_end,860.21,2,0,3,
3533,976,match_end,556.01,3,3,0,
3534,976,match_end,178.45,1,0,0,3809
3535,977,match_end,591.71,3,3,0,3810
3536,977,match_end,772.9,2,2,3,
3537,977,match_end,298.79,1,0,0,3813
3538,977,match_end,992.36,6,3,2,3814
3539,977,match_end,602.68,1,0,0,3815
3540,977,match_end,786.74,2,0,3,3816
3541,980,match_end,766.64,3,1,2,3817
3542,980,match_end,884.89,2,1,3,
3543,980,match_end,1006.03,2,3,3,3819
3544,981,match_end,706.44,3,1,2,3820
3545,981,match_end,646.42,2,0,3,3821
3546,981,match_end,778.35,6,1,4,
3547,981,match_end,807.04,2,2,3,3823
3548,981,match_end,600.19,1,0,0,3824
3549,980,match_end,768.95,6,3,2,3825
3550,980,match_end,628.05,1,0,0,
3551,980,match_end,560.56,1,0,0,3827
3552,982,match_end,699.72,3,3,0,
3553,982,match_end,819.25,6,4,1,
3554,982,match_end,448.64,1,0,0,3832
3555,982,match_end,700.86,2,3,3,3833
3556,982,match_end,752.75,2,3,3,3834
3557,982,match_end,959.98,2,2,3,
3558,984,match_end,751.69,3,3,0,3836
3559,984,match_end,733.81,2,3,3,3837
3560,984,match_end,615.09,1,0,0,3839
3561,984,match_end,779.18,5,5,0,3840
3562,984,match_end,796.07,3,2,1,3841
3563,984,match_end,733.81,2,3,3,3842
3564,984,match_end,733.81,2,3,3,3843
3565,984,match_end,733.81,2,3,3,
3566,985,match_end,730.84,3,1,2,3845
3567,985,match_end,185.86,1,0,0,3846
3568,985,match_end,937.12,2,2,3,3847
3569,985,match_end,613.83,1,0,0,3848
3570,985,match_end,731.09,5,0,5,
3571,985,match_end,975.21,2,3,3,
3572,985,match_end,185.86,1,0,0,3851
3574,985,match_end,185.86,1,0,0,3853
3575,986,match_end,844.81,3,2,1,3854
3576,986,match_end,719.47,2,3,3,3856
3577,986,match_end,795.2,2,3,3,3857
3578,986,match_end,786.95,5,5,0,
3579,986,match_end,320.48,1,0,0,3859
3580,986,match_end,246.62,1,0,0,3860
3581,987,match_end,647.85,3,1,2,3861
3582,988,match_end,742.48,2,1,3,3862
3583,988,match_end,827.68,2,2,3,3863
3584,988,match_end,727.64,5,0,5,3864
3585,988,match_end,558.17,1,0,0,3865
3586,988,match_end,436.34,1,0,0,3866
3587,990,match_end,591.96,3,3,0,3867
3596,990,match_end,772.21,2,3,3,3876
3597,990,match_end,178.97,1,0,0,3877
3598,990,match_end,272.58,1,0,0,3878
3599,990,match_end,785.1,2,1,3,3879
3600,990,match_end,505.49,2,3,3,3880
3601,990,match_end,514.9,2,3,3,3881
3603,991,match_end,856.95,3,1,2,3883
3604,991,match_end,739.33,2,3,3,3884
3605,991,match_end,794.68,5,5,0,3885
3606,991,match_end,880.72,2,2,3,3886
3607,992,match_end,837.76,3,2,1,3887
3608,992,match_end,786.44,2,1,3,3888
3609,992,match_end,819,6,1,4,3889
3610,992,match_end,792.59,2,0,3,3890
3611,992,match_end,670.37,1,0,0,3891
3612,992,match_end,1036.77,2,2,3,3892
3613,996,match_end,852.57,2,3,2,3894
3614,996,match_end,346.19,2,1,0,3895
3615,997,match_end,362.75,2,0,2,3896
3616,997,match_end,702.67,2,3,2,
3617,997,match_end,638.7,2,0,3,
3618,998,match_end,822,5,3,2,3899
3619,998,match_end,356.94,2,2,0,3900
3620,999,match_end,837.76,3,2,1,
3621,999,match_end,792.59,2,0,3,
3622,999,match_end,819,6,1,4,
3623,999,match_end,786.44,2,1,3,
3624,1000,match_end,810.16,3,0,3,
3625,1001,match_end,670.98,3,0,3,3906
3626,1000,match_end,916.98,2,1,3,3907
3627,1000,match_end,740.47,2,2,3,3909
3628,1002,match_end,659.12,1,0,0,3910
3629,1000,match_end,203.88,1,0,0,3911
3630,1000,match_end,759.87,5,0,5,3912
3631,1000,match_end,759.87,5,0,5,3913
3632,1002,match_end,886.2,2,1,3,3914
3633,1002,match_end,853.62,6,1,4,3915
3634,1002,match_end,670.98,3,0,3,3916
3635,1000,match_end,808.76,3,1,2,3917
3636,1000,match_end,759.87,5,0,5,3918
3637,1000,match_end,759.87,5,0,5,3919
3638,1003,match_end,910.75,3,1,2,3920
3639,1003,match_end,662.16,2,0,3,3921
3640,1003,match_end,748,2,2,3,3922
3641,1003,match_end,662.16,2,0,3,3923
3642,1003,match_end,659.02,1,0,0,
3643,1003,match_end,821.07,6,2,3,3925
3644,1003,match_end,450.52,1,0,0,3926
3645,1004,match_end,876.93,2,1,3,3927
3646,1004,match_end,833.83,3,3,0,3928
3647,1004,match_end,875.17,6,3,2,3929
3648,1004,match_end,853.59,2,3,3,3930
3649,1005,match_end,325.89,2,2,0,3932
3650,1009,match_end,763.35,3,1,2,3933
3651,1009,match_end,358.66,1,0,0,3936
3652,1009,match_end,788.32,6,1,4,3937
3653,1009,match_end,441.97,1,0,0,3938
3654,1010,match_end,485.8,3,3,0,3939
3655,1010,match_end,474.15,2,3,3,
3656,1010,match_end,817.51,5,5,0,3941
3657,1010,match_end,864.95,2,3,3,3942
3658,1010,match_end,611.29,1,0,0,3943
3659,1010,match_end,531.79,1,0,0,3944
3660,1010,match_end,988.98,2,2,3,3945
3661,1011,match_end,729.61,2,3,3,3946
3662,1011,match_end,715.49,1,0,0,3947
3663,1011,match_end,779.28,6,2,3,3948
3664,1011,match_end,904.99,2,1,3,3949
3665,1011,match_end,681.34,3,0,3,3950
3666,1012,match_end,595.02,3,1,2,3951
3667,1012,match_end,871.17,2,2,3,3952
3668,1012,match_end,781.27,5,0,5,3953
3669,1012,match_end,721.23,2,0,3,3954
3670,1012,match_end,628.62,1,0,0,3955
3671,1012,match_end,542.36,1,0,0,3956
3672,1013,match_end,872.67,3,2,1,3957
3673,1013,match_end,892.85,2,3,3,3958
3674,1013,match_end,774.18,6,4,1,3959
3675,1013,match_end,825.32,2,3,3,3960
3676,1013,match_end,634.18,1,0,0,3961
3677,1013,match_end,330.5,1,0,0,
3678,1013,match_end,772.68,3,3,0,3963
3679,1014,match_end,1121.26,4,3,4,
3680,1014,match_end,764.95,2,3,2,3965
3681,1014,match_end,668.94,1,0,0,3966
3682,1021,match_end,1121.26,4,3,4,3967
3683,1021,match_end,483.59,1,0,0,3968
3684,1021,match_end,606.2,4,1,3,3969
3685,1021,match_end,789.53,2,1,3,3970
3686,1022,match_end,773.84,6,3,2,3972
3687,1022,match_end,451.1,1,0,0,
3688,1022,match_end,949.16,2,3,3,3974
3689,1022,match_end,818.04,6,4,1,3975
3690,1022,match_end,811.57,3,1,2,
3691,1023,match_end,734.17,3,0,3,
3692,1023,match_end,705.35,2,1,3,3978
3693,1023,match_end,682.04,2,1,3,3979
3694,1023,match_end,184.59,1,0,0,3980
3695,1024,match_end,708.02,3,0,3,3981
3696,1024,match_end,1021.45,2,2,3,3982
3697,1024,match_end,531.87,2,0,3,3983
3698,1025,match_end,756.15,3,1,2,3984
3699,1025,match_end,632.93,2,0,3,
3700,1024,match_end,859.76,6,3,2,3986
3701,1024,match_end,543.35,1,0,0,3987
3702,1024,match_end,414.66,1,0,0,3988
3703,1025,match_end,632.93,2,0,3,3989
3704,1025,match_end,648.3,5,0,5,3990
3705,1025,match_end,809.98,2,1,3,3991
3706,1025,match_end,197.83,1,0,0,
3707,1025,match_end,442.49,1,0,0,3993
3708,1026,match_end,810.88,2,1,3,3994
3709,1026,match_end,908.85,6,3,2,
3710,1026,match_end,773.81,2,3,3,
3711,1026,match_end,335.97,1,0,0,
3712,1026,match_end,856.9,3,3,0,
3713,1026,match_end,449.73,1,0,0,
3714,1026,match_end,449.73,1,0,0,4000
3715,1028,match_end,636.4,3,2,1,4002
3716,1028,match_end,600.14,1,0,0,4003
3717,1028,match_end,679.02,2,3,3,4004
3718,1028,match_end,761.2,6,3,2,4005
3719,1028,match_end,886.1,2,3,3,4006
3720,1028,match_end,406.53,1,0,0,4007
3721,1029,match_end,831.06,2,3,3,4008
3722,1029,match_end,887.44,6,2,3,4009
3723,1029,match_end,325.31,1,0,0,
3724,1029,match_end,652.13,1,0,0,4011
3725,1029,match_end,998.21,2,3,3,
3726,1030,match_end,695.57,3,0,3,4013
3727,1030,match_end,745.78,2,0,3,4015
3728,1030,match_end,615.04,1,0,0,4016
3729,1030,match_end,860.48,6,1,4,4017
3730,1030,match_end,281.64,1,0,0,
3731,1030,match_end,763.87,3,1,2,4019
3732,1031,match_end,601.29,3,0,3,4020
3733,1031,match_end,615.84,2,0,3,4021
3734,1031,match_end,852.63,2,1,3,4022
3741,1031,match_end,754.08,5,0,5,4029
3742,1031,match_end,635.19,1,0,0,4030
3743,1031,match_end,431.69,1,0,0,4031
3744,1031,match_end,909.05,3,2,1,4032
3745,1034,match_end,138.06,1,0,0,4033
3746,1034,match_end,175.39,1,0,0,4034
3747,1035,match_end,175.39,1,0,0,4035
3748,1036,match_end,892.09,6,3,2,4036
3749,1037,match_end,892.09,6,3,2,4037
3750,1038,match_end,892.09,6,3,2,4038
3751,1039,match_end,892.09,6,3,2,4039
3752,1040,match_end,776.62,2,3,3,4040
3753,1041,match_end,776.62,2,3,3,4041
3754,1042,match_end,776.62,2,3,3,4042
3755,1042,match_end,640.03,1,0,0,4043
3756,1042,match_end,517.84,1,0,0,4044
3757,1049,match_end,708.25,3,0,3,4045
3758,1049,match_end,922.15,2,1,3,4046
3759,1049,match_end,621.23,1,0,0,4047
3760,1049,match_end,781.97,6,1,4,4048
3761,1049,match_end,724.87,2,3,3,
3762,1049,match_end,1009.2,2,3,3,4050
3763,1049,match_end,621.23,1,0,0,4051
3764,1049,match_end,621.23,1,0,0,4052
3765,1050,match_end,654.8,3,0,3,4053
3766,1050,match_end,952.94,2,2,3,4054
3767,1050,match_end,764.22,2,1,3,4055
3768,1050,match_end,669.59,1,0,0,4056
3769,1050,match_end,721.31,5,0,5,4057
3770,1050,match_end,243.05,1,0,0,4058
3771,1051,match_end,579.43,3,3,0,4059
3772,1051,match_end,742.99,2,3,3,4060
3773,1051,match_end,708.18,5,5,0,4061
3774,1051,match_end,906.72,2,3,3,4062
3775,1051,match_end,288.59,1,0,0,4063
3776,1051,match_end,385.61,1,0,0,4064
3777,1051,match_end,690.4,3,3,0,4065
3778,1052,match_end,490.38,3,2,1,4066
3779,1052,match_end,558.94,2,3,3,4067
3780,1052,match_end,950.49,2,3,3,4068
3781,1052,match_end,969.74,6,3,2,4069
3782,1052,match_end,407.71,1,0,0,4070
3783,1052,match_end,542.32,1,0,0,4071
3784,1052,match_end,643.79,2,0,3,4072
3785,1053,match_end,814.56,3,1,2,
3786,1053,match_end,795.78,2,3,3,4074
3787,1053,match_end,833.29,5,5,0,
3788,1053,match_end,894.17,2,3,3,
3789,1053,match_end,370.67,1,0,0,
3790,1053,match_end,477.35,1,0,0,
3791,1054,match_end,808.5,3,2,1,
3792,1055,match_end,808.5,3,2,1,4080
3793,1056,match_end,742.42,2,2,3,4081
3794,1056,match_end,701.81,2,3,3,4082
3795,1056,match_end,626.1,1,0,0,4083
3796,1056,match_end,878.86,6,4,1,4084
3797,1056,match_end,483.3,1,0,0,4085
3798,1056,match_end,569.54,1,0,0,4086
3799,1056,match_end,808.5,3,2,1,4087
3800,1056,match_end,808.5,3,2,1,4088
3801,1056,match_end,808.5,3,2,1,4089
3802,1056,match_end,808.5,3,2,1,4090
3803,1056,match_end,808.5,3,2,1,4091
3804,1057,match_end,775.17,3,2,1,4092
3805,1057,match_end,825.53,2,0,3,4093
3806,1057,match_end,624.85,2,0,3,4094
3807,1057,match_end,671.22,1,0,0,4095
3808,1057,match_end,957.97,6,2,3,4096
3809,1057,match_end,701.52,3,0,3,4097
3810,1058,match_end,584.78,3,2,1,4098
3811,1058,match_end,808.18,2,1,3,4099
3812,1058,match_end,909.2,2,2,3,4100
3813,1058,match_end,463.32,1,0,0,4101
3814,1058,match_end,826.86,6,4,1,4102
3815,1058,match_end,393.07,1,0,0,
3816,1059,match_end,637.25,3,1,2,4104
3817,1059,match_end,812.05,2,1,3,4106
3818,1059,match_end,638.38,1,0,0,4107
3819,1059,match_end,596.19,3,1,2,4108
3820,1059,match_end,797.5,5,5,0,
3821,1060,match_end,669.16,1,0,0,
3822,1060,match_end,842.41,3,3,0,4111
3823,1060,match_end,827.9,2,3,3,4112
3824,1060,match_end,745.86,5,0,5,
3825,1060,match_end,353.93,1,0,0,4114
3826,1060,match_end,973.08,2,2,3,4115
3827,1061,match_end,1106.43,4,4,5,4116
3828,1061,match_end,1179.31,4,4,5,4117
3829,1061,match_end,1179.31,4,4,5,4118
3830,1061,match_end,1179.31,4,4,5,4119
3831,1062,match_end,768.74,3,3,0,
3832,1062,match_end,356.15,1,0,0,4122
3833,1062,match_end,907.51,2,3,3,4123
3834,1062,match_end,772.39,6,4,1,4124
3835,1062,match_end,455.52,1,0,0,4125
3836,1062,match_end,728.85,3,2,1,4126
3837,1064,match_end,671.16,3,0,3,4127
3838,1063,match_end,951.59,2,1,3,4128
3839,1063,match_end,671.16,3,0,3,
3840,1063,match_end,1016.12,2,3,3,4130
3841,1063,match_end,752.6,6,3,2,4131
3842,1063,match_end,381.55,1,0,0,4132
3843,1065,match_end,779.37,3,2,1,4133
3844,1065,match_end,1010.3,2,2,3,4134
3845,1065,match_end,749.63,2,2,3,4135
3846,1065,match_end,789.15,6,3,2,4136
3847,1065,match_end,655.24,1,0,0,
3848,1068,match_end,817.35,3,1,2,4138
3849,1068,match_end,750.46,2,3,3,
3850,1068,match_end,591.71,1,0,0,4140
3851,1068,match_end,940.07,2,1,3,
3852,1068,match_end,953.56,6,3,2,
3853,1069,match_end,825.77,3,1,2,4143
3854,1069,match_end,887.49,6,2,3,4144
3855,1069,match_end,758.4,2,0,3,4145
3856,1069,match_end,633.11,1,0,0,4146
3857,1069,match_end,1006.67,2,2,3,4147
3858,1069,match_end,904.63,6,4,1,4148
3859,1070,match_end,709.73,3,1,2,4149
3860,1070,match_end,531.18,1,0,0,4150
3861,1070,match_end,770.22,2,3,3,4151
3862,1070,match_end,922.15,6,2,3,4152
3863,1070,match_end,612.1,1,0,0,4153
3864,1071,match_end,605.25,1,0,0,4154
3865,1071,match_end,713.63,1,0,0,4156
3866,1071,match_end,711.88,3,2,1,4157
3867,1072,match_end,658.74,3,3,0,4158
3868,1072,match_end,786.11,5,5,0,
3869,1072,match_end,747.34,2,2,3,
3870,1072,match_end,632.99,1,0,0,
3871,1072,match_end,599.56,1,0,0,
3872,1072,match_end,775.23,3,3,0,4163
3873,1075,match_end,966.48,3,1,2,4164
3874,1075,match_end,901.43,6,2,3,4165
3875,1075,match_end,485.12,2,0,3,
3876,1075,match_end,605.22,1,0,0,4167
3877,1075,match_end,530.47,1,0,0,4168
3878,1075,match_end,678.33,2,1,3,4169
3880,1077,match_end,552.78,3,0,3,4171
3882,1077,match_end,615.86,1,0,0,4174
3883,1077,match_end,646.48,2,0,3,4175
3884,1077,match_end,747.28,6,1,4,4176
3885,1077,match_end,405.57,1,0,0,4177
3886,1079,match_end,656.19,3,3,0,4178
3887,1079,match_end,930.29,6,1,4,
3888,1079,match_end,592.96,2,3,3,4180
3889,1079,match_end,485.98,1,0,0,4181
3890,1079,match_end,685.61,2,3,3,4182
3894,1080,match_end,1032.27,2,2,3,4186
3895,1080,match_end,617.24,1,0,0,4187
3896,1080,match_end,720.12,2,0,3,4188
3897,1080,match_end,837.06,6,1,4,4189
3898,1081,match_end,522.94,1,0,0,4190
3899,1082,match_end,646.43,3,2,1,4191
3900,1082,match_end,891.29,2,2,3,4192
3901,1082,match_end,805.82,2,3,3,4193
3902,1082,match_end,771.19,6,4,1,4194
3903,1082,match_end,459.36,1,0,0,4195
3904,1082,match_end,604.19,3,2,1,4196
3906,1081,match_end,865.34,6,3,2,4198
3907,1081,match_end,885.29,2,1,3,4199
3908,1081,match_end,628.56,3,3,0,4200
3915,1084,match_end,683.87,3,2,1,4207
3916,1084,match_end,1088.51,2,2,3,4209
3917,1084,match_end,918.04,6,1,4,4210
3918,1084,match_end,619.29,1,0,0,4211
3919,1084,match_end,671.49,1,0,0,4212
3920,1085,match_end,732.99,3,1,2,4213
3922,1086,match_end,808.07,2,2,3,4215
3923,1086,match_end,712.61,5,0,5,4216
3924,1086,match_end,721.93,2,1,3,4217
3927,1086,match_end,687.99,3,1,2,4220
3928,1087,match_end,663.96,2,3,3,4221
3932,1087,match_end,441.8,1,0,0,4225
3933,1087,match_end,665.71,2,3,3,4226
3934,1088,match_end,785.94,3,0,3,4227
3935,1088,match_end,899.37,2,2,3,4228
3936,1088,match_end,742.74,5,0,5,4229
3937,1088,match_end,742.74,5,0,5,4230
3938,1088,match_end,742.74,5,0,5,4231
3939,1088,match_end,742.74,5,0,5,4232
3941,1088,match_end,742.74,5,0,5,4234
3942,1088,match_end,742.74,5,0,5,4235
3943,1088,match_end,742.74,5,0,5,4236
3944,1088,match_end,742.74,5,0,5,4237
3945,1088,match_end,742.74,5,0,5,4238
3947,1088,match_end,526.09,1,0,0,4240
3948,1089,match_end,627.82,1,0,0,4241
3949,1089,match_end,539.43,3,0,3,4242
3950,1089,match_end,516.65,2,0,3,4243
3951,1089,match_end,516.65,2,0,3,4244
3952,1089,match_end,762.68,6,1,4,4245
3953,1089,match_end,259.8,1,0,0,4246
3954,1089,match_end,575.72,2,0,3,4247
3955,1089,match_end,516.65,2,0,3,4248
3956,1089,match_end,516.65,2,0,3,4249
3957,1089,match_end,516.65,2,0,3,4250
3958,1088,match_end,840.57,3,1,2,4251
3959,1090,match_end,714.45,2,3,3,4252
3960,1090,match_end,798.67,5,5,0,4253
3962,1090,match_end,255.44,1,0,0,4255
3964,1092,match_end,613.34,2,0,3,4257
3965,1092,match_end,831.79,5,5,0,4258
3967,1093,match_end,614.67,1,0,0,4261
3968,1093,match_end,748.08,2,0,3,4262
3969,1094,match_end,650.02,3,0,3,4264
3970,1094,match_end,706.52,2,1,3,4265
3971,1094,match_end,849.97,6,1,4,4266
3972,1094,match_end,802.21,2,1,3,4267
3973,1094,match_end,401.17,1,0,0,4268
3974,1095,match_end,822.39,3,3,0,4269
3975,1095,match_end,750.66,2,3,3,4270
3976,1095,match_end,836.53,6,3,2,4271
3977,1095,match_end,303.63,1,0,0,4272
3978,1095,match_end,919.61,2,1,3,4273
3979,1095,match_end,579.31,1,0,0,4274
3982,1096,match_end,702.09,3,3,0,4277
3984,1096,match_end,885.64,2,3,3,4279
3985,1096,match_end,885.64,2,3,3,4280
3986,1096,match_end,690,1,0,0,4281
3987,1096,match_end,792.13,6,4,1,4282
3988,1096,match_end,528.18,1,0,0,4283
3989,1096,match_end,732.43,2,2,3,4284
3990,1097,match_end,885.34,6,3,2,4285
3991,1097,match_end,669.56,1,0,0,4287
3992,1097,match_end,745.46,3,1,2,4288
3995,1098,match_end,675.83,2,1,3,4291
3996,1098,match_end,675.83,2,1,3,4293
3997,1098,match_end,939.27,2,3,3,4294
3998,1098,match_end,910.01,2,2,3,4295
4003,1099,match_end,643.68,1,0,0,4300
4005,1101,match_end,790.48,2,3,3,4303
4006,1101,match_end,712.96,1,0,0,4304
4007,1101,match_end,783.79,2,3,3,4305
4009,1101,match_end,950.15,6,3,2,4307
4012,1102,match_end,835.36,3,0,3,4310
4013,1102,match_end,841.17,2,2,3,4311
4014,1102,match_end,990.87,2,2,3,4312
4015,1102,match_end,675.72,6,2,3,4313
4016,1102,match_end,626.75,1,0,0,4314
4017,1103,match_end,582.73,3,3,0,4315
4018,1103,match_end,521.81,1,0,0,4316
4021,1103,match_end,632.71,1,0,0,4319
4023,1103,match_end,780.32,5,5,0,4321
4024,1103,match_end,632.71,1,0,0,4323
4025,1103,match_end,632.71,1,0,0,4324
4026,1104,match_end,771.88,3,0,3,4325
4027,1104,match_end,736.22,2,0,3,4326
4030,1104,match_end,694.07,2,1,3,4329
4031,1104,match_end,658.17,1,0,0,4330
4032,1104,match_end,822.23,5,0,5,4331
4033,1104,match_end,553.8,1,0,0,4332
4042,1106,match_end,739.73,3,3,0,4341
4044,1106,match_end,386.89,1,0,0,4344
4045,1106,match_end,871.44,6,3,2,4345
4046,1106,match_end,548.39,1,0,0,4346
4048,1108,match_end,585.23,3,0,3,4348
4049,1108,match_end,635.76,2,1,3,4349
4050,1108,match_end,913.52,6,2,3,4350
4057,1110,match_end,355.2,1,0,0,4358
4059,1112,match_end,801.69,3,2,1,4360
4061,1112,match_end,600.2,1,0,0,4362
4063,1112,match_end,941.37,6,4,1,4364
4064,1112,match_end,632.07,3,3,0,4365
4067,1113,match_end,862.76,2,3,3,4369
4068,1113,match_end,600.19,1,0,0,4370
4070,1114,match_end,910.63,6,4,1,4372
4071,1115,match_end,817.32,3,2,1,4373
4072,1115,match_end,906.34,2,2,3,4374
4076,1115,match_end,906.34,2,2,3,4378
4077,1116,match_end,682.64,3,0,3,4379
4078,1116,match_end,861.75,2,2,3,4380
4079,1116,match_end,815.74,6,1,4,4381
4081,1116,match_end,656.87,3,2,1,4384
4082,1116,match_end,458.85,1,0,0,4385
4083,1117,match_end,731.82,3,2,1,4386
4084,1118,match_end,630.6,2,3,3,4387
4087,1118,match_end,633.98,1,0,0,4391
4089,1120,match_end,851.03,2,3,3,4394
4091,1120,match_end,620.71,1,0,0,4396
4092,1120,match_end,774.73,6,2,3,4397
4093,1120,match_end,479.82,1,0,0,4398
4095,1120,match_end,841.91,3,1,2,4400
4096,1121,match_end,778.09,5,5,0,4401
4097,1121,match_end,974.57,2,1,3,4402
4098,1121,match_end,719.85,3,2,1,4403
4099,1121,match_end,722.18,3,1,2,4405
4101,1122,match_end,648.95,3,2,1,4407
4102,1122,match_end,873.09,5,0,5,4408
4103,1122,match_end,884.08,2,1,3,4409
4108,1123,match_end,975.11,6,1,4,4414
4109,1123,match_end,890.97,2,3,3,4416
4110,1123,match_end,600.16,1,0,0,4417
4111,1123,match_end,625.87,1,0,0,4418
4113,1124,match_end,762.21,3,1,2,4420
4117,1124,match_end,984.94,2,2,3,4425
4118,1124,match_end,589.62,1,0,0,4426
4119,1124,match_end,759.72,6,2,3,4427
4120,1124,match_end,984.94,2,2,3,4428
4121,1125,match_end,726.53,3,1,2,4429
4122,1125,match_end,638.97,1,0,0,4431
4123,1125,match_end,896.46,2,3,3,4432
4124,1125,match_end,942.63,6,2,3,4433
4126,1125,match_end,759.17,3,2,1,4435
4128,1127,match_end,137.82,1,0,0,4437
4129,1128,match_end,744.42,3,2,1,4438
4130,1128,match_end,691.07,2,3,3,4439
4131,1128,match_end,529.28,1,0,0,4440
4132,1128,match_end,698.79,2,1,3,4441
4133,1128,match_end,788.37,6,4,1,4442
4134,1128,match_end,698.79,2,1,3,4443
4135,1128,match_end,698.79,2,1,3,4444
4136,1128,match_end,788.37,6,4,1,4445
4137,1128,match_end,650.24,1,0,0,4446
4138,1128,match_end,620.31,3,2,1,4447
4139,1128,match_end,503.66,1,0,0,4448
4140,1129,match_end,757.6,3,3,0,4449
4142,1129,match_end,904.73,2,1,3,4451
4143,1129,match_end,649.99,1,0,0,4452
4144,1129,match_end,212.64,1,0,0,4453
4148,1130,match_end,760.32,2,0,3,4457
4150,1130,match_end,678.23,1,0,0,4459
4151,1130,match_end,562.41,1,0,0,4460
4152,1130,match_end,836.46,6,2,3,4461
4153,1131,match_end,595.25,3,3,0,4462
4154,1131,match_end,623.86,2,3,3,4463
4155,1131,match_end,501.39,1,0,0,4464
4156,1131,match_end,826.79,3,2,1,4465
4157,1131,match_end,945.7,2,3,3,4466
4158,1131,match_end,385.76,1,0,0,4467
4159,1132,match_end,723.49,2,3,3,4469
4160,1132,match_end,645.47,3,3,0,4470
4161,1132,match_end,760.2,2,3,3,4471
4162,1132,match_end,959.52,6,3,2,4472
4163,1132,match_end,748.29,2,3,3,4473
4164,1133,match_end,803.79,2,3,3,4474
4165,1133,match_end,231.68,1,0,0,4475
4166,1134,match_end,767.53,3,2,1,4476
4167,1135,match_end,767.53,3,2,1,4477
4168,1136,match_end,767.53,3,2,1,4478
4169,1137,match_end,767.53,3,2,1,4479
4170,1137,match_end,600.13,1,0,0,4481
4171,1138,match_end,951.07,2,2,3,4482
4172,1139,match_end,951.07,2,2,3,4483
4173,1140,match_end,951.07,2,2,3,4484
4175,1140,match_end,671.85,3,0,3,4486
4176,1140,match_end,787.25,6,3,2,4487
4178,1140,match_end,407.54,1,0,0,4489
4179,1148,match_end,948.45,6,3,2,4490
4180,1148,match_end,856.1,2,3,3,4491
4181,1148,match_end,400.15,1,0,0,4492
4182,1148,match_end,314.96,1,0,0,4493
4183,1148,match_end,640.94,3,3,0,4494
4185,1174,match_end,713.31,3,2,1,4496
4186,533,match_end,801.75,3,1,2,4497
4187,1186,match_end,685.8,3,2,1,4498
4188,1186,match_end,668.21,1,0,0,4499
4189,1186,match_end,572.21,1,0,0,4500
4190,1186,match_end,904.18,6,2,3,4501
4191,1186,match_end,685.8,3,2,1,4502
4192,1186,match_end,904.18,6,2,3,4503
4193,1186,match_end,572.21,1,0,0,4504
4194,1186,match_end,668.21,1,0,0,4505
4195,1187,match_end,770.13,3,3,0,4506
4196,1187,match_end,787.15,2,3,3,4507
4197,1187,match_end,716.39,5,5,0,4508
4198,1187,match_end,607.35,1,0,0,4509
4199,1187,match_end,713.85,3,3,0,4511
4200,1188,match_end,670.82,1,0,0,4512
4201,1188,match_end,710.22,3,1,2,4513
4202,1188,match_end,805.38,3,1,2,4514
4203,1189,match_end,1024.25,2,2,3,4515
4204,1189,match_end,600.14,1,0,0,4516
4205,1189,match_end,254.3,1,0,0,4517
4206,1189,match_end,755.69,2,3,3,4518
4207,1189,match_end,921.52,3,2,1,4519
4208,1189,match_end,789.43,5,0,5,4520
4209,1190,match_end,674.32,3,3,0,4521
4210,1191,match_end,674.32,3,3,0,4522
4211,1192,match_end,674.32,3,3,0,4523
4212,1193,match_end,674.32,3,3,0,4524
4214,1193,match_end,678.15,1,0,0,4527
4217,1194,match_end,814.42,2,1,3,4530
4218,1194,match_end,682.83,2,3,3,4531
4219,1194,match_end,772.29,6,1,4,4532
4220,1194,match_end,631.57,1,0,0,4533
4221,1195,match_end,801.75,3,1,2,4534
4223,1195,match_end,658.06,1,0,0,4536
4224,1195,match_end,962.34,2,3,3,4537
4225,1195,match_end,906.79,2,2,3,4539
4226,1196,match_end,534.42,2,0,3,4541
4228,1196,match_end,716.69,6,2,3,4543
4229,1196,match_end,666.91,2,1,3,4544
4232,1196,match_end,621.55,1,0,0,4547
4242,1207,match_end,801.33,3,1,2,4557
4244,1209,match_end,801.33,3,1,2,4559
4245,1210,match_end,672.77,1,0,0,4560
4246,1210,match_end,801.33,3,1,2,4561
4247,1210,match_end,853.63,2,3,3,4562
4248,1210,match_end,745.28,5,0,5,4564
4249,1210,match_end,413.67,1,0,0,4565
4250,1210,match_end,801.33,3,1,2,4566
4251,1211,match_end,922.3,2,3,3,4567
4252,1211,match_end,698.36,3,1,2,4568
4254,1211,match_end,666.2,3,2,1,4570
4256,1211,match_end,324.06,1,0,0,4572
4257,1211,match_end,899.78,3,3,0,4573
4258,1211,match_end,992.68,2,2,3,4574
4259,1212,match_end,638.92,3,0,3,4575
4260,1213,match_end,598.92,3,3,0,4576
4261,1214,match_end,598.92,3,3,0,4577
4262,1215,match_end,886.9,2,2,3,4578
4263,1215,match_end,615.01,1,0,0,4579
4264,1215,match_end,598.92,3,3,0,4580
4265,1215,match_end,959.98,2,2,3,4581
4266,1215,match_end,926.62,3,1,2,4582
4268,1216,match_end,736.07,3,2,1,4584
4269,1216,match_end,1024.77,2,2,3,4585
4270,1216,match_end,932.53,5,5,0,4587
4272,1216,match_end,562.72,1,0,0,4589
4273,1217,match_end,967.07,2,2,3,4590
4274,1218,match_end,654.92,2,0,3,4591
4275,1218,match_end,628.7,1,0,0,4592
4276,1218,match_end,879.48,6,1,4,4593
4277,1218,match_end,863.98,2,1,3,4594
4278,1218,match_end,813.19,3,3,0,4595
4280,1218,match_end,967.07,2,2,3,4597
4281,1219,match_end,693.08,3,2,1,4598
4282,1219,match_end,908.17,2,3,3,4599
4283,1219,match_end,827.8,2,3,3,4600
4284,1220,match_end,538.99,1,0,0,4601
4285,1220,match_end,876.23,2,1,3,4602
4286,1220,match_end,663.19,2,3,3,4603
4287,1220,match_end,950.59,5,5,0,4604
4288,1220,match_end,705.03,3,3,0,4605
4289,1219,match_end,814.06,6,4,1,4606
4291,1219,match_end,702.29,1,0,0,4608
4292,1221,match_end,801.33,3,1,2,4609
4293,1222,match_end,801.33,3,1,2,4610
4294,1223,match_end,801.33,3,1,2,4611
4296,1225,match_end,801.33,3,1,2,4613
4297,1226,match_end,801.33,3,1,2,4614
4305,1227,match_end,759.22,2,0,3,4622
4306,1227,match_end,626.66,1,0,0,4623
4307,1227,match_end,746.57,5,0,5,4624
4308,1227,match_end,536.46,1,0,0,4625
4309,1227,match_end,723.01,3,2,1,4626
4313,1229,match_end,767.7,3,0,3,4630
4314,1230,match_end,767.7,3,0,3,4631
4315,1231,match_end,767.7,3,0,3,4632
4316,1231,match_end,189.91,1,0,0,4634
4317,1231,match_end,1006.58,2,2,3,4635
4318,1231,match_end,706.67,2,0,3,4636
4319,1233,match_end,697.71,1,0,0,4637
4320,1233,match_end,944.13,2,1,3,4638
4321,1233,match_end,797.95,6,2,3,4639
4322,1234,match_end,841.34,3,2,1,4640
4323,1234,match_end,898.32,2,1,3,4641
4324,1234,match_end,984.7,2,2,3,4642
4325,1234,match_end,530.37,1,0,0,4643
4326,1234,match_end,956.18,6,3,2,4644
4327,1234,match_end,876.24,2,1,3,4645
4328,1234,match_end,642.23,1,0,0,4646
4329,1235,match_end,239.61,1,0,0,4647
4330,1235,match_end,600.17,1,0,0,4648
4331,1235,match_end,735.38,2,2,3,4649
4333,1235,match_end,780.8,3,1,2,4651
4334,1235,match_end,870.15,2,1,3,4652
4335,1235,match_end,665.12,3,3,0,4653
4336,1235,match_end,778.87,6,3,2,4654
4337,1236,match_end,723.01,3,2,1,4655
4338,1236,match_end,767.45,2,1,3,4656
4340,1236,match_end,630.61,1,0,0,4658
4341,1236,match_end,901.5,2,3,3,4659
4342,1236,match_end,581.98,2,3,3,4660
4343,1236,match_end,798.57,6,3,2,4661
4344,1237,match_end,680.14,3,1,2,4662
4345,1237,match_end,697.23,2,3,3,4663
4346,1237,match_end,854.44,6,3,2,4664
4347,1237,match_end,986.84,2,2,3,4665
4348,1238,match_end,595.42,3,3,0,4666
4349,1238,match_end,785.5,2,3,3,4667
4350,1238,match_end,778.08,2,3,3,4668
4351,1238,match_end,332.29,1,0,0,4669
4352,1238,match_end,774.01,6,3,2,4670
4353,1238,match_end,534.71,1,0,0,4671
4354,1237,match_end,526.62,1,0,0,4672
4355,1239,match_end,719.05,3,1,2,4673
4356,1239,match_end,583.93,1,0,0,4675
4359,1237,match_end,368.55,1,0,0,4678
4362,1240,match_end,543.07,1,0,0,4681
4363,1240,match_end,1068.47,2,2,3,4682
4364,1240,match_end,843.07,6,1,4,4683
4365,1240,match_end,347.29,1,0,0,4684
4366,1240,match_end,971.58,3,1,2,4685
4367,1241,match_end,703.93,3,3,0,4686
4368,1241,match_end,532.87,2,3,3,4687
4369,1241,match_end,754.72,2,3,3,4688
4370,1241,match_end,600.11,1,0,0,4689
4371,1241,match_end,767.92,5,5,0,4690
4372,1241,match_end,850.13,2,3,3,4691
4373,1243,match_end,190.16,1,0,0,4692
4374,1243,match_end,277.22,2,1,0,4693
4375,1243,match_end,682.23,2,0,3,4694
4376,1243,match_end,742.84,2,2,1,4695
4377,1243,match_end,645.22,1,0,0,4696
4379,1244,match_end,444.44,2,2,0,4698
4380,1244,match_end,610.47,1,0,0,4699
4381,1244,match_end,562.59,2,2,1,4700
4382,1244,match_end,557.35,2,2,0,4701
4383,1244,match_end,816.03,2,3,2,4702
4384,1245,match_end,891.64,3,3,0,4703
4385,1245,match_end,805.01,2,3,3,4704
4386,1245,match_end,736.51,6,2,3,4705
4387,1245,match_end,887.65,2,1,3,4706
4388,1245,match_end,605.22,1,0,0,4707
4389,1246,match_end,807.87,3,3,0,4709
4390,1246,match_end,1012.14,2,2,3,4710
4391,1246,match_end,982.67,6,4,1,4711
4393,1247,match_end,985.46,6,1,4,4714
4394,1247,match_end,622.15,1,0,0,4716
4395,1247,match_end,878.69,2,2,3,4717
4396,1246,match_end,704.36,1,0,0,4718
4397,1246,match_end,892.62,2,1,3,4719
4398,1248,match_end,645.59,3,2,1,4720
4399,1248,match_end,737.9,2,3,3,4721
4400,1248,match_end,799.82,2,3,3,4722
4401,1248,match_end,730.88,2,3,3,4723
4402,1248,match_end,638.27,3,2,1,4724
4403,1249,match_end,862.84,3,0,3,4725
4404,1249,match_end,836.1,2,3,3,4726
4405,1249,match_end,618.6,1,0,0,4727
4406,1249,match_end,868.73,6,4,1,4728
4407,1249,match_end,981.64,2,2,3,4729
4408,1250,match_end,794.26,3,2,1,4730
4409,1250,match_end,614.16,1,0,0,4731
4410,1250,match_end,1003.74,2,2,3,4732
4411,1250,match_end,733.55,3,1,2,4734
4415,1253,match_end,585.93,6,3,2,4739
4416,1254,match_end,679.67,3,3,0,4740
4417,1254,match_end,796.89,6,1,4,4741
4418,1254,match_end,730.01,2,3,3,4742
4419,1254,match_end,600.21,1,0,0,4743
4420,1254,match_end,812.02,3,2,1,4744
4421,1255,match_end,848.87,3,2,1,4745
4422,1256,match_end,676.97,3,3,0,4746
4423,1256,match_end,955.27,2,2,3,4747
4424,1256,match_end,627.59,1,0,0,4748
4425,1256,match_end,809.91,6,2,3,4749
4426,1255,match_end,804.28,2,2,3,4750
4427,1255,match_end,896.06,6,2,3,4751
4428,1255,match_end,600.18,1,0,0,4752
4429,1257,match_end,670.79,3,0,3,4754
4430,1257,match_end,756.82,2,2,3,4755
4431,1257,match_end,612.7,1,0,0,4757
4432,1257,match_end,888.38,2,3,3,4758
4433,1261,match_end,676.15,3,0,3,4759
4436,1261,match_end,493.87,2,3,3,4762
4438,1262,match_end,746.42,3,1,2,4764
4439,1262,match_end,899.87,2,2,3,4765
4440,1262,match_end,739.81,2,2,3,4767
4441,1262,match_end,678.21,1,0,0,4768
4442,1262,match_end,860.43,3,3,0,4769
4443,1263,match_end,500.88,3,3,0,4770
4444,1263,match_end,600.17,1,0,0,4772
4445,1263,match_end,865.04,5,5,0,4773
4446,1264,match_end,649.96,3,3,0,4774
4447,1264,match_end,613.37,1,0,0,4775
4449,1264,match_end,615.15,2,3,3,4777
4450,1265,match_end,730.5,5,5,0,4779
4451,1266,match_end,730.5,5,5,0,4780
4452,1267,match_end,730.5,5,5,0,4781
4453,1268,match_end,730.5,5,5,0,4782
4454,1269,match_end,730.5,5,5,0,4783
4455,1269,match_end,772.48,3,3,0,4784
4456,1269,match_end,789.47,2,3,3,4785
4458,1270,match_end,749.83,3,3,0,4787
4459,1270,match_end,573.34,2,3,3,4788
4460,1270,match_end,628.5,1,0,0,4789
4461,1270,match_end,822.88,5,5,0,4790
4462,1270,match_end,796.06,2,3,3,4791
4463,1270,match_end,868.66,3,2,1,4792
4464,1271,match_end,741.82,3,3,0,4793
4465,1272,match_end,653.84,3,0,3,4794
4466,1272,match_end,665.8,2,0,3,4795
4472,1273,match_end,723.23,2,3,3,4802
4473,1273,match_end,723.23,2,3,3,4803
4474,1274,match_end,756.95,4,1,3,4805
4476,1278,match_end,655.61,3,1,2,4807
4477,1278,match_end,679.49,5,5,0,4808
4478,1278,match_end,772.74,1,0,0,4809
4479,1278,match_end,765.99,3,0,3,4810
4480,1278,match_end,736.12,2,0,3,4811
4481,1278,match_end,808.5,2,1,3,4812
4482,1278,match_end,742.37,3,0,3,4813
4483,1279,match_end,536.59,3,0,3,4814
4484,1279,match_end,677.97,2,1,3,4815
4485,1279,match_end,662.3,2,0,3,4816
4486,1279,match_end,832.24,6,1,4,4817
4487,1280,match_end,787.86,3,1,2,4818
4488,1280,match_end,643.8,2,0,3,4819
4490,1280,match_end,638.7,2,0,3,4821
4491,1280,match_end,602.92,1,0,0,4822
4492,1280,match_end,734.64,3,1,2,4823
4494,1281,match_end,742.63,2,2,3,4825
4495,1281,match_end,969.95,6,1,4,4826
4496,1281,match_end,902.36,2,2,3,4827
4497,1281,match_end,635.66,1,0,0,4828
4498,1282,match_end,0,3,0,3,4829
4499,1283,match_end,746.05,3,1,2,4830
4500,1283,match_end,886.07,2,2,3,4831
4501,1283,match_end,985.8,6,2,3,4832
4502,1283,match_end,883.91,2,1,3,4833
4503,1283,match_end,712.42,1,0,0,4834
4505,1284,match_end,332.25,2,2,0,4836
4506,1284,match_end,271.83,2,1,0,4837
4507,1285,match_end,429.38,2,0,2,4838
4508,1285,match_end,841.55,2,1,3,4838
4511,1286,match_end,343.14,2,2,0,4841
4515,1287,match_end,265.45,2,1,0,4844
4516,1288,match_end,359.44,2,2,0,4845
4517,1288,match_end,603.29,2,0,3,4846
4518,1289,match_end,814.79,2,3,3,4847
4519,1289,match_end,944.55,5,5,0,4848
4520,1289,match_end,515.67,2,3,3,4849
4521,1290,match_end,787.1,2,1,3,4852
4522,1290,match_end,681.65,1,0,0,4853
4523,1290,match_end,708.48,1,0,0,4854
4524,1290,match_end,902.29,3,1,2,4855
4525,1290,match_end,886.66,6,4,1,4856
4526,1291,match_end,718.69,2,1,3,4857
4527,1291,match_end,528.99,3,3,0,4858
4528,1291,match_end,606.4,1,0,0,4859
4529,1291,match_end,720.16,2,0,3,4860
4530,1291,match_end,432.41,2,0,2,4861
4531,1292,match_end,650.95,3,2,1,4862
4532,1292,match_end,948.78,2,1,3,4863
4533,1292,match_end,553.59,4,1,3,4864
4534,1292,match_end,623.64,2,0,2,4865
4535,1292,match_end,691.44,1,0,0,4866
4536,1292,match_end,948.78,2,1,3,4867
4537,1293,match_end,421.39,2,0,2,4868
4538,1293,match_end,641.87,1,0,0,4869
4539,1293,match_end,311,2,1,0,4870
4540,1293,match_end,524.84,4,3,1,4871
4541,1293,match_end,524.84,4,3,1,4872
4542,1293,match_end,311,2,1,0,4873
4543,1293,match_end,641.87,1,0,0,4874
4544,1293,match_end,335.17,2,1,0,4875
4547,1294,match_end,912.04,2,2,3,4879
4548,1295,match_end,824.57,2,2,3,4880
4549,1295,match_end,279.24,1,0,0,4881
4550,1295,match_end,1028.44,2,3,3,4882
4551,1295,match_end,921.26,3,2,1,4883
4552,1295,match_end,608.89,3,0,3,4884
4553,1295,match_end,832.68,6,1,4,4885
4554,1296,match_end,826.93,3,2,1,4886
4555,1296,match_end,708.21,2,1,3,4887
4556,1296,match_end,720.11,2,2,3,4888
4557,1296,match_end,857.66,5,5,0,4889
4560,1297,match_end,903.69,3,1,2,4892
4562,1297,match_end,676.23,6,4,1,4894
4564,1297,match_end,776.01,3,1,2,4896
4565,1297,match_end,711.76,1,0,0,4897
4566,1298,match_end,620.46,1,0,0,4898
4574,1299,match_end,861.64,6,1,4,4907
4575,1300,match_end,558.22,3,3,0,4908
4576,1302,match_end,1056.08,2,3,3,4910
4577,1302,match_end,926.23,6,1,4,4911
4578,1302,match_end,419.45,1,0,0,4912
4579,1302,match_end,779.99,3,3,0,4913
4580,1303,match_end,840.39,3,1,2,4914
4581,1303,match_end,636.15,2,0,3,4915
4582,1303,match_end,765.91,6,1,4,4916
4583,1305,match_end,727.72,3,3,0,4917
4584,1305,match_end,917.88,6,3,2,4918
4585,1305,match_end,1022.9,2,2,3,4919
4586,1305,match_end,625.74,1,0,0,4920
4587,1305,match_end,944.32,2,2,3,4921
4588,1306,match_end,857.84,3,2,1,4922
4589,1306,match_end,469.68,3,3,0,4923
4590,1307,match_end,568.44,2,2,1,4924
4591,1307,match_end,313.28,2,1,0,4925
4592,1308,match_end,760.78,3,1,2,4926
4593,1308,match_end,948.93,6,4,1,4927
4594,1308,match_end,533.2,1,0,0,4928
4595,1308,match_end,733.42,2,1,3,4929
4596,1309,match_end,401.92,3,0,3,4930
4597,1309,match_end,626.46,2,0,2,4931
4598,1310,match_end,573.55,4,3,1,4932
4599,1310,match_end,497.4,2,2,0,4933
4609,1316,match_end,606.54,1,0,0,4943
4610,1316,match_end,717.73,2,1,3,4944
4612,1316,match_end,694.16,5,3,2,4946
4613,1316,match_end,201.59,1,0,0,4947
4614,1317,match_end,863.06,3,0,3,4948
4615,1318,match_end,663.34,3,1,2,4949
4618,1318,match_end,672.88,2,1,3,4952
4619,1318,match_end,728.71,6,2,3,4953
4620,1319,match_end,648.89,2,3,3,4955
4621,1319,match_end,695.62,2,3,3,4956
4622,1319,match_end,901.36,6,4,1,4957
4623,1319,match_end,624.19,2,3,3,4958
4626,1319,match_end,839.22,2,3,3,4961
4627,1319,match_end,436.05,1,0,0,4962
4628,1319,match_end,624.19,2,3,3,4963
4629,1319,match_end,624.19,2,3,3,4964
4631,1319,match_end,624.19,2,3,3,4966
4632,1320,match_end,965.11,2,2,3,4968
4634,1321,match_end,590.94,3,0,3,4970
4635,1321,match_end,720.1,2,0,3,4971
4636,1321,match_end,890.04,5,5,0,4972
4637,1321,match_end,880.91,2,2,3,4973
4638,1321,match_end,489.96,1,0,0,4974
4640,1323,match_end,847.76,2,1,3,4976
4649,1326,match_end,63.45,1,0,0,4985
4652,1331,match_end,670.63,3,2,1,4988
4653,1331,match_end,794.63,2,3,3,4989
4654,1331,match_end,785.1,2,1,3,4990
4656,1331,match_end,725.5,3,3,0,4992
4657,1331,match_end,600.15,1,0,0,4993
4658,1333,match_end,677.01,3,1,2,4997
4659,1333,match_end,958.2,2,1,3,4998
4660,1333,match_end,837.01,6,4,1,4999
4661,1333,match_end,969.82,2,2,3,5000
4662,1333,match_end,640.75,1,0,0,5001
4671,1337,match_end,723.4,3,0,3,5010
4672,1337,match_end,677.09,2,0,3,5011
4673,1337,match_end,915.85,6,1,4,5012
4674,1337,match_end,900,2,1,3,5013
4675,1337,match_end,550.76,1,0,0,5014
4676,1339,match_end,596.52,3,0,3,5015
4677,1339,match_end,630.03,2,0,3,5016
4678,1339,match_end,621.04,1,0,0,5017
4679,1339,match_end,688.58,2,0,3,5018
4681,1340,match_end,815.92,3,2,1,5020
4682,1340,match_end,861.48,2,2,3,5021
4683,1340,match_end,641.9,1,0,0,5022
4684,1342,match_end,701.4,3,3,0,5023
4685,1342,match_end,766.47,6,3,2,5024
4688,1342,match_end,721.28,2,3,3,5027
4689,1342,match_end,192.8,1,0,0,5028
4694,1347,match_end,1110.99,6,3,2,5033
4696,1347,match_end,943.88,3,2,1,5035
4698,1349,match_end,848.05,3,0,3,5038
4699,1349,match_end,1026.79,2,3,3,5039
4700,1349,match_end,862.33,6,2,3,5040
4701,1349,match_end,621.49,1,0,0,5041
4702,1349,match_end,804.15,3,1,2,5043
4704,1353,match_end,759.22,2,0,3,5046
4705,1353,match_end,871.86,2,2,3,5047
4706,1354,match_end,346.29,2,2,0,5048
4707,1354,match_end,592.72,2,2,1,5049
4708,1354,match_end,320.19,2,1,0,5050
4709,1354,match_end,592.72,2,2,1,5051
4710,1354,match_end,592.72,2,2,1,5052
4711,1354,match_end,592.72,2,2,1,5053
4712,1354,match_end,592.72,2,2,1,5054
4713,1354,match_end,592.72,2,2,1,5055
4714,1355,match_end,592.72,2,2,1,5056
4715,1356,match_end,592.72,2,2,1,5057
4716,1354,match_end,592.72,2,2,1,5058
4718,1354,match_end,592.72,2,2,1,5060
4719,1354,match_end,592.72,2,2,1,5061
4720,1354,match_end,320.19,2,1,0,5062
4721,1358,match_end,441.6,2,0,2,5063
4722,1358,match_end,350.35,2,1,0,5064
4723,1359,match_end,525.13,2,2,0,5066
4724,1359,match_end,805.88,2,3,2,5067
4725,1359,match_end,678.97,4,3,1,5068
4726,1360,match_end,668.25,2,3,3,5070
4727,1360,match_end,819.1,3,2,1,5071
4728,1360,match_end,699.47,2,1,3,5072
4729,1360,match_end,751.13,3,2,1,5073
4730,1360,match_end,613.94,1,0,0,5074
4731,1360,match_end,826.83,6,2,3,5075
4732,1361,match_end,65.65,1,0,0,5076
4733,1362,match_end,415.94,2,2,0,5077
4734,1362,match_end,501.68,2,2,1,5078
4735,1362,match_end,622.11,2,2,1,5079
4736,1363,match_end,423.65,2,2,0,5080
4739,1363,match_end,1022.07,2,3,2,5083
4740,1363,match_end,367.26,3,3,0,5084
4741,1365,match_end,668.25,2,3,3,5085
4752,1366,match_end,618.43,3,1,2,5096
4753,1366,match_end,881.56,2,3,3,5097
4754,1366,match_end,600.17,1,0,0,5098
4755,1366,match_end,801.45,6,1,4,5099
4756,1366,match_end,901.59,2,3,3,5100
4757,1366,match_end,793.93,3,2,1,5101
4758,1371,match_end,548.94,2,2,0,5102
4759,1371,match_end,564.63,3,0,3,5103
4762,1371,match_end,721.02,2,0,3,5106
4763,1371,match_end,821.27,2,2,3,5107
4764,1372,match_end,880.63,3,2,1,5108
4766,1372,match_end,452.2,3,0,3,5110
4767,1373,match_end,587.49,3,2,1,5111
4768,1373,match_end,333.21,2,1,0,5112
4769,1373,match_end,612.88,1,0,0,5114
4771,1374,match_end,902.5,2,3,3,5116
4772,1374,match_end,658.84,1,0,0,5118
4773,1374,match_end,945.52,6,1,4,5119
4774,1374,match_end,795.13,2,3,3,5120
4775,1374,match_end,716.27,3,1,2,5121
4776,1375,match_end,722.44,3,2,1,5122
4778,1375,match_end,648.13,2,0,3,5124
4780,1375,match_end,835.07,5,5,0,5126
4781,1375,match_end,628.57,1,0,0,5127
4782,1375,match_end,758.47,2,3,3,5128
4783,1376,match_end,1010.46,3,2,1,5129
4784,1377,match_end,1089.14,2,3,3,5130
4785,1377,match_end,1089.14,2,3,3,5132
4786,1377,match_end,1010.46,3,2,1,5133
4787,1379,match_end,857.54,3,0,3,5134
4788,1379,match_end,675.26,2,1,3,5135
4789,1379,match_end,979.13,6,2,3,5136
4790,1379,match_end,626.01,1,0,0,5137
4791,1379,match_end,838.09,2,3,3,5138
4792,1380,match_end,654.01,2,1,3,5142
4793,1380,match_end,759.25,6,1,4,5143
4794,1380,match_end,638.99,2,1,3,5144
4795,1380,match_end,623.47,1,0,0,5145
4796,1380,match_end,870.59,2,1,3,5146
4803,1389,match_end,725.6,2,1,3,5153
4804,1389,match_end,960.16,5,0,5,5154
4805,1389,match_end,709.26,2,0,3,5155
4806,1389,match_end,633.4,1,0,0,5156
4807,1390,match_end,534.55,2,0,3,5157
4808,1390,match_end,204.42,1,0,0,5158
4809,1390,match_end,667.29,2,3,3,5159
4810,1390,match_end,598.34,2,3,3,5160
4811,1391,match_end,780.74,3,2,1,5161
4815,1392,match_end,812.89,2,2,3,5165
4818,1393,match_end,623.22,1,0,0,5170
4819,1393,match_end,789.25,6,4,1,5171
4820,1393,match_end,721.94,3,1,2,5173
4821,1393,match_end,1037.38,2,2,3,5174
4823,1394,match_end,954.7,6,3,2,5177
4824,1394,match_end,511.94,2,0,3,5178
4826,1395,match_end,704.59,2,0,3,5180
4827,1396,match_end,698.91,3,0,3,5181
4828,1396,match_end,820.87,2,3,3,5182
4830,1396,match_end,982.04,2,2,3,5184
4831,1396,match_end,772.75,6,2,3,5185
4832,1397,match_end,682.71,3,3,0,5186
4833,1397,match_end,539.47,2,3,3,5187
4834,1397,match_end,624.21,5,5,0,5188
4835,1397,match_end,909.53,2,2,3,5189
4836,1398,match_end,658.01,3,3,0,5190
4837,1398,match_end,820.08,6,2,3,5191
4838,1398,match_end,842.2,2,3,3,5193
4839,1398,match_end,1028.56,2,2,3,5194
4840,1401,match_end,835.21,6,2,3,5197
4841,1401,match_end,812.09,2,2,3,5198
4842,1401,match_end,889.18,2,2,3,5199
4843,1401,match_end,609.04,1,0,0,5200
4844,1404,match_end,904.38,3,3,0,5201
4845,1404,match_end,805.43,2,1,3,5203
4846,1404,match_end,515.12,2,3,3,5204
4847,1404,match_end,618.35,1,0,0,5205
4848,1404,match_end,857.88,6,2,3,5206
4849,1405,match_end,904.38,3,3,0,5207
4850,1406,match_end,904.38,3,3,0,5208
4851,1406,match_end,805.43,2,1,3,5210
4854,1406,match_end,857.88,6,2,3,5213
4855,1407,match_end,895,3,1,2,5214
4856,1407,match_end,872.87,5,0,5,5215
4857,1407,match_end,803.34,2,1,3,5217
4858,1407,match_end,872.87,5,0,5,5218
4863,1408,match_end,913.82,5,0,5,5223
4864,1409,match_end,785.91,3,3,0,5224
4865,1409,match_end,753.74,6,4,1,5225
4866,1409,match_end,627.08,1,0,0,5226
4867,1409,match_end,675.83,3,2,1,5228
4868,1410,match_end,757.89,3,1,2,5230
4869,1410,match_end,726.31,2,0,3,5231
4870,1410,match_end,942.96,6,3,2,5232
4871,1410,match_end,919.34,2,3,3,5233
4872,1410,match_end,605.21,1,0,0,5234
4873,1411,match_end,687.26,3,0,3,5235
4874,1411,match_end,940.3,6,2,3,5236
4875,1411,match_end,601.35,2,3,3,5237
4876,1411,match_end,650.31,2,3,3,5238
4877,1411,match_end,700.9,1,0,0,5239
4878,1412,match_end,884.82,3,2,1,5240
4879,1413,match_end,884.82,3,2,1,5241
4880,1412,match_end,825.69,2,3,3,5242
4881,1412,match_end,805.7,5,5,0,5243
4882,1412,match_end,1001.27,2,2,3,5244
4883,1412,match_end,217.79,1,0,0,5245
4884,1412,match_end,600.18,1,0,0,5246
4885,1414,match_end,727.84,3,2,1,5247
4886,1414,match_end,795.46,2,3,3,5248
4888,1419,match_end,718.7,3,2,1,5254
4889,1420,match_end,626.47,3,2,1,5255
4890,1420,match_end,600.15,1,0,0,5256
4891,1420,match_end,689.71,2,3,3,5257
4892,1420,match_end,847.89,6,1,4,5258
4893,1420,match_end,847.89,6,1,4,5259
4894,1420,match_end,847.89,6,1,4,5260
4900,1419,match_end,833.5,2,1,3,5266
4901,1419,match_end,631.7,2,0,3,5267
4902,1419,match_end,608.02,1,0,0,5268
4903,1419,match_end,899.14,6,3,2,5269
4904,1419,match_end,777.59,3,1,2,5270
4905,1426,match_end,624.69,3,1,2,5271
4906,1426,match_end,987.07,2,2,3,5272
4907,1426,match_end,706.33,1,0,0,5273
4908,1426,match_end,923.1,6,3,2,5274
4909,1426,match_end,878.88,2,3,3,5275
4910,1427,match_end,673.63,1,0,0,5276
4911,1427,match_end,658.81,3,2,1,5277
4912,1427,match_end,753.18,6,4,1,5278
4913,1427,match_end,602.59,2,0,3,5279
4914,1427,match_end,647.95,1,0,0,5280
4915,1428,match_end,762.7,3,3,0,5281
4916,1428,match_end,766.59,6,3,2,5282
4917,1428,match_end,711.69,2,1,3,5283
4918,1428,match_end,618.66,1,0,0,5285
4919,1429,match_end,890.78,3,2,1,5286
4920,1429,match_end,610.07,1,0,0,5287
4921,1429,match_end,745.45,2,3,3,5288
4922,1429,match_end,837.06,2,3,3,5289
4923,1429,match_end,774.25,6,1,4,5290
4924,1430,match_end,938.25,2,2,3,5292
4925,1430,match_end,943.63,2,2,3,5293
4926,1430,match_end,620.69,1,0,0,5295
4927,1431,match_end,822.35,3,3,0,5296
4928,1431,match_end,1024.1,2,3,3,5297
4929,1431,match_end,630.15,2,1,3,5298
4930,1431,match_end,775.46,5,5,0,5300
4931,1432,match_end,719.27,3,3,0,5301
4932,1432,match_end,812.72,6,4,1,5302
4933,1432,match_end,566.35,2,3,3,5303
4934,1432,match_end,488.35,1,0,0,5304
4935,1432,match_end,488.35,1,0,0,5305
4936,1432,match_end,681.82,2,3,3,5306
4937,1432,match_end,488.35,1,0,0,5307
4939,1434,match_end,979.92,2,3,3,5309
4940,1434,match_end,906.09,3,2,1,5310
4942,1434,match_end,378.45,1,0,0,5312
4943,1432,match_end,488.35,1,0,0,5314
4944,1432,match_end,488.35,1,0,0,5315
4946,1435,match_end,44.83,1,0,1,5318
4947,1436,match_end,739.78,3,1,2,5319
4948,1436,match_end,710.66,3,2,1,5320
4949,1436,match_end,658.97,1,0,0,5321
4950,1436,match_end,788.3,5,5,0,5323
4951,1437,match_end,872.54,3,0,3,5324
4952,1437,match_end,833.98,2,1,3,5325
4953,1437,match_end,779.86,2,2,3,5326
4954,1437,match_end,645.88,1,0,0,5327
4955,1438,match_end,739.36,3,3,0,5329
4956,1438,match_end,790.63,3,1,2,5330
4957,1438,match_end,614.75,1,0,0,5331
4958,1438,match_end,624.83,1,0,0,5332
4959,1438,match_end,898.78,2,1,3,5333
4960,1439,match_end,830.18,2,1,3,5334
4961,1439,match_end,466.71,1,0,0,5335
4962,1439,match_end,657.15,2,0,3,5336
4963,1439,match_end,781.32,6,4,1,5337
4964,1439,match_end,697.66,3,2,1,5338
4965,1440,match_end,862.65,3,2,1,5339
4966,1440,match_end,551.79,1,0,0,5340
4967,1440,match_end,624.96,1,0,0,5341
4968,1440,match_end,879.9,2,3,3,5342
4969,1440,match_end,768.95,6,2,3,5343
4970,1441,match_end,815.23,2,2,3,5345
4971,1441,match_end,949.64,3,0,3,5346
4972,1441,match_end,943.34,6,1,4,5347
4973,1441,match_end,949.64,3,0,3,5348
4974,1441,match_end,949.64,3,0,3,5349
4975,1441,match_end,605.21,1,0,0,5350
4976,1442,match_end,599.73,3,1,2,5352
4977,1442,match_end,519.26,2,3,3,5353
4978,1442,match_end,756.94,2,2,3,5354
4979,1442,match_end,636.72,5,5,0,5355
4980,1442,match_end,613.24,1,0,0,5356
4981,1442,match_end,689.73,2,3,3,5357
4982,1443,match_end,796.1,3,0,3,5358
4983,1443,match_end,979.38,2,3,3,5359
4984,1443,match_end,979.38,2,3,3,5360
4985,1443,match_end,898.39,2,1,3,5361
4986,1443,match_end,899.57,2,2,3,5362
4987,1443,match_end,687.81,1,0,0,5363
4988,1443,match_end,920.25,2,1,3,5364
5004,1448,match_end,252.01,1,0,0,5380
5005,1445,match_end,705.6,2,3,3,5381
5008,1449,match_end,941.55,6,4,1,5384
5009,1450,match_end,816.74,3,0,3,5386
5012,1450,match_end,821.87,2,1,3,5389
5013,1450,match_end,664.3,1,0,0,5390
5014,1450,match_end,704.84,3,2,1,5391
5015,1451,match_end,812.36,3,1,2,5392
5016,1451,match_end,444.85,1,0,0,5393
5018,1451,match_end,1019,2,2,3,5396
5019,1451,match_end,845.55,6,2,3,5397
5020,1452,match_end,822.94,3,1,2,5398
5021,1452,match_end,871.95,6,1,4,5400
5022,1452,match_end,778.96,2,3,3,5401
5023,1452,match_end,600.2,1,0,0,5402
5024,1452,match_end,763.35,2,1,3,5403
5026,1453,match_end,636.27,3,2,1,5405
5027,1453,match_end,974.68,2,3,3,5406
5028,1453,match_end,664.41,6,2,3,5408
5029,1453,match_end,637.9,1,0,0,5409
5030,1453,match_end,638.85,2,0,3,5410
5031,1454,match_end,675.83,3,2,1,5411
5032,1455,match_end,803.5,3,2,1,5412
5033,1455,match_end,943.39,2,3,3,5413
5036,1455,match_end,955.27,6,1,4,5416
5039,1456,match_end,65.65,1,0,0,5419
5040,1457,match_end,150.77,1,0,0,5420
5041,1458,match_end,634.57,3,2,1,5422
5042,1458,match_end,1013.74,2,1,3,5423
5043,1458,match_end,585.32,1,0,0,5425
5044,1458,match_end,1013.99,6,2,3,5426
5045,1459,match_end,844.52,3,0,3,5427
5046,1459,match_end,873.2,2,3,3,5428
5049,1459,match_end,685.37,2,3,3,5431
5051,1461,match_end,844.52,3,0,3,5433
5052,1461,match_end,873.2,2,3,3,5434
5053,1461,match_end,387.78,1,0,0,5435
5055,1461,match_end,685.37,2,3,3,5437
5056,1461,match_end,1014.84,6,3,2,5438
5057,1462,match_end,761.17,3,0,3,5439
5058,1462,match_end,1018.51,2,3,3,5440
5060,1462,match_end,681.84,2,3,3,5442
5061,1462,match_end,683.08,1,0,0,5443
5062,1462,match_end,897.89,3,1,2,5444
5063,1462,match_end,850.86,6,4,1,5445
5065,1464,match_end,641.24,3,3,0,5447
5067,1464,match_end,654.22,2,3,3,5449
5068,1464,match_end,581.28,2,3,3,5450
5069,1464,match_end,397.35,1,0,0,5451
5070,1464,match_end,827.17,5,5,0,5452
5071,1465,match_end,865.26,3,2,1,5453
5072,1465,match_end,715.66,2,3,3,5454
5073,1465,match_end,904.42,5,5,0,5457
5076,1466,match_end,622.61,1,0,0,5460
5077,1466,match_end,789.77,6,3,2,5461
5078,1466,match_end,612.85,3,3,0,5462
5080,1467,match_end,568.72,2,3,3,5464
5081,1467,match_end,768.93,5,5,0,5465
5082,1473,match_end,877.97,3,2,1,5466
5086,1473,match_end,746.09,2,3,3,5470
5087,1473,match_end,959.93,2,2,3,5471
5088,1473,match_end,992.53,6,2,3,5472
5098,1473,match_end,602.37,1,0,0,5482
5099,1474,match_end,929.83,3,2,1,5483
5100,1474,match_end,801.76,2,2,3,5485
5101,1474,match_end,840.39,6,2,3,5486
5102,1474,match_end,416.48,1,0,0,5487
5103,1475,match_end,761.43,3,1,2,5488
5104,1475,match_end,762.6,2,3,3,5489
5105,1475,match_end,403.99,1,0,0,5491
5106,1475,match_end,720.91,6,1,4,5492
5107,1476,match_end,686.55,3,2,1,5494
5108,1476,match_end,792.16,6,4,1,5495
5109,1476,match_end,840.77,6,3,2,5496
5111,1477,match_end,834.03,3,1,2,5498
5112,1478,match_end,834.03,3,1,2,5499
5113,1479,match_end,681.67,2,1,3,5500
5114,1479,match_end,600.16,1,0,0,5501
5115,1479,match_end,609.8,2,0,3,5502
5116,1479,match_end,834.03,3,1,2,5503
5117,1476,match_end,673.96,1,0,0,5504
5118,1476,match_end,666.2,2,1,3,5505
5120,1481,match_end,693.21,3,3,0,5507
5121,1481,match_end,927.94,2,1,3,5508
5122,1481,match_end,737.15,6,4,1,5509
5123,1481,match_end,779.15,2,2,3,5510
5124,1481,match_end,612.69,1,0,0,5511
5125,1481,match_end,814.51,3,2,1,5512
5126,1481,match_end,779.15,2,2,3,5513
5128,1485,match_end,751.94,2,0,3,5516
5131,1485,match_end,631.91,3,0,3,5519
5132,1485,match_end,644.77,1,0,0,5520
5133,1486,match_end,831.56,3,2,1,5521
5134,1486,match_end,818.75,2,1,3,5522
5135,1486,match_end,859.63,6,2,3,5523
5136,1486,match_end,614.72,1,0,0,5525
5137,1486,match_end,773.36,3,1,2,5526
5139,1487,match_end,684.77,3,3,0,5528
5140,1487,match_end,750.78,2,3,3,5529
5141,1487,match_end,975.47,6,2,3,5530
5142,1487,match_end,630.73,1,0,0,5531
5143,1487,match_end,595.09,2,3,3,5532
5144,1488,match_end,713.31,3,2,1,5533
5146,1490,match_end,757.51,2,3,3,5535
5147,1490,match_end,795.96,6,3,2,5536
5148,1490,match_end,601.18,2,3,3,5537
5149,1490,match_end,706.87,3,3,0,5538
5150,1490,match_end,600.95,1,0,0,5539
5152,1492,match_end,852.19,3,1,2,5541
5153,1492,match_end,879.08,2,1,3,5542
5154,1492,match_end,653.59,5,5,0,5545
5156,1493,match_end,750.23,3,2,1,5547
5157,1493,match_end,725.14,2,3,3,5548
5158,1493,match_end,632.06,2,3,3,5549
5159,1493,match_end,675.75,1,0,0,5550
5160,1493,match_end,905.55,6,1,4,5551
5161,1493,match_end,632.06,2,3,3,5552
5163,1496,match_end,505.38,1,0,0,5554
5164,1496,match_end,862.58,2,3,3,5555
5165,1496,match_end,830.11,3,2,1,5556
5166,1496,match_end,731.72,2,3,3,5557
5167,1498,match_end,795.83,3,1,2,5558
5168,1498,match_end,959.95,2,2,3,5559
5169,1498,match_end,783.45,6,1,4,5560
5170,1498,match_end,888.69,2,1,3,5561
5171,1498,match_end,696.79,1,0,0,5562
5172,1498,match_end,800.45,3,0,3,5563
5176,1499,match_end,967.81,6,1,4,5567
5177,1499,match_end,889.23,2,1,3,5568
5179,1500,match_end,718.69,3,0,3,5570
5180,1500,match_end,1041.46,2,3,3,5572
5181,1500,match_end,600.18,1,0,0,5573
5183,1500,match_end,622.53,3,1,2,5575
5184,1501,match_end,705.68,1,0,0,5576
5186,1501,match_end,670.95,2,3,3,5578
5187,1501,match_end,825.36,5,5,0,5579
5188,1501,match_end,829.93,3,1,2,5580
5189,1501,match_end,562.6,2,3,3,5581
5193,1502,match_end,756.73,2,0,3,5585
5194,1502,match_end,625.64,1,0,0,5586
5195,1503,match_end,821.96,3,0,3,5587
5196,1503,match_end,881.6,2,1,3,5589
5197,1503,match_end,881.6,2,1,3,5590
5198,1503,match_end,862.7,6,1,4,5591
5199,1503,match_end,862.7,6,1,4,5592
5200,1504,match_end,951.38,3,1,2,5593
5201,1504,match_end,693.58,2,0,3,5594
5203,1504,match_end,868.92,2,1,3,5596
5204,1504,match_end,618.72,1,0,0,5597
5205,1504,match_end,777.45,6,3,2,5598
5206,1504,match_end,777.45,6,3,2,5599
5207,1504,match_end,777.45,6,3,2,5600
5208,1504,match_end,1001.37,2,3,3,5601
5209,1504,match_end,777.45,6,3,2,5602
5210,1504,match_end,777.45,6,3,2,5603
5219,1506,match_end,810.37,3,2,1,5612
5220,1506,match_end,922.31,2,1,3,5613
5221,1506,match_end,954.21,6,4,1,5614
5222,1506,match_end,605.22,1,0,0,5616
5226,1503,match_end,881.6,2,1,3,5620
5227,1507,match_end,845.09,3,0,3,5621
5228,1507,match_end,692.73,1,0,0,5622
5229,1507,match_end,775.87,2,1,3,5623
5230,1507,match_end,822.98,2,2,3,5624
5231,1507,match_end,919.85,6,2,3,5625
5232,1507,match_end,919.85,6,2,3,5626
5233,1508,match_end,495.74,2,2,1,5627
5235,1509,match_end,577.65,2,0,3,5630
5236,1509,match_end,577.65,2,0,3,5631
5237,1509,match_end,945.51,2,2,3,5632
5238,1509,match_end,605.2,1,0,0,5633
5239,1509,match_end,1011.47,6,2,3,5634
5240,1510,match_end,881.28,3,1,2,5635
5245,1510,match_end,643.55,2,1,3,5640
5249,1510,match_end,971.4,2,3,3,5644
5250,1510,match_end,881.05,6,2,3,5645
5251,1510,match_end,655.82,1,0,0,5646
5252,1511,match_end,919.01,3,0,3,5647
5253,1511,match_end,775.05,2,2,3,5648
5254,1511,match_end,602.09,1,0,0,5649
5255,1511,match_end,773.93,6,1,4,5651
5256,1509,match_end,831.99,3,2,1,5652
5257,1512,match_end,892.51,3,1,2,5653
5258,1512,match_end,739.7,6,2,3,5655
5259,1512,match_end,894.1,2,1,3,5656
5260,1512,match_end,607.95,1,0,0,5657
5261,1514,match_end,825.94,3,1,2,5659
5262,1514,match_end,1091.01,2,3,3,5660
5263,1514,match_end,965.34,6,3,2,5661
5264,1514,match_end,573.97,2,0,3,5663
5270,1520,match_end,622.32,3,0,3,5670
5271,1520,match_end,851.53,2,1,3,5671
5272,1520,match_end,976.04,2,3,3,5672
5273,1521,match_end,597.71,3,1,2,5673
5274,1521,match_end,638.23,2,3,3,5674
5275,1521,match_end,894.39,6,1,4,5676
5276,1521,match_end,503.87,1,0,0,5677
5277,1521,match_end,645.1,3,3,0,5678
5278,1520,match_end,965,6,3,2,5679
5279,1520,match_end,615.87,1,0,0,5680
5280,1520,match_end,755.52,3,0,3,5681
5292,1522,match_end,832.33,3,2,1,5693
5293,1522,match_end,973.89,2,3,3,5694
5294,1522,match_end,859.2,6,2,3,5695
5295,1522,match_end,850.54,2,2,3,5696
5296,1522,match_end,693.6,1,0,0,5697
5299,1523,match_end,805.28,3,2,1,5700
5300,1523,match_end,855.63,2,3,3,5701
5301,1523,match_end,850.33,6,4,1,5702
5308,1525,match_end,679.39,3,0,3,5714
5309,1525,match_end,815.19,2,1,3,5715
5310,1525,match_end,844.74,5,0,5,5716
5311,1525,match_end,537.01,1,0,0,5717
5312,1525,match_end,941.24,2,2,3,5718
5313,1525,match_end,832.79,3,3,0,5719
5314,1526,match_end,562.26,3,3,0,5720
5315,1526,match_end,892.68,2,3,3,5721
5316,1526,match_end,662.99,2,3,3,5722
5317,1526,match_end,1014.34,6,3,2,5723
5318,1526,match_end,308.17,1,0,0,5724
5319,1526,match_end,631.72,2,3,3,5725
5320,1527,match_end,276.82,2,1,0,5726
5321,1528,match_end,793.89,3,3,0,5727
5322,1529,match_end,793.89,3,3,0,5728
5323,1529,match_end,613.34,2,3,3,5729
5324,1529,match_end,749.68,2,2,3,5730
5325,1529,match_end,749.68,2,2,3,5731
5326,1529,match_end,892.62,2,1,3,5732
5327,1530,match_end,603.42,3,3,0,5737
5328,1530,match_end,787.89,2,3,3,5738
5331,1534,match_end,852.94,3,1,2,5741
5332,1534,match_end,568.87,2,0,3,5742
5333,1534,match_end,192.15,1,0,0,5743
5334,1534,match_end,674.79,2,0,3,5744
5335,1534,match_end,910.57,6,3,2,5745
5336,1534,match_end,783.65,3,1,2,5746
5337,1535,match_end,834.84,3,2,1,5747
5338,1535,match_end,915.69,2,2,3,5748
5339,1535,match_end,889.15,6,3,2,5749
5340,1535,match_end,782.92,2,3,3,5750
5342,1535,match_end,627.09,1,0,0,5752
5351,1537,match_end,889.15,6,3,2,5761
5352,1537,match_end,627.09,1,0,0,5762
5353,1537,match_end,782.92,2,3,3,5763
5354,1537,match_end,834.84,3,2,1,5764
5355,1537,match_end,915.69,2,2,3,5765
5356,1538,match_end,587.65,3,3,0,5766
5357,1539,match_end,587.65,3,3,0,5767
5358,1540,match_end,800.06,5,0,5,5768
5359,1540,match_end,771.82,2,3,3,5769
5360,1540,match_end,642.43,2,2,2,5770
5361,1540,match_end,602.22,1,0,0,5771
5362,1540,match_end,771.82,2,3,3,5772
5363,1543,match_end,1219.68,4,4,5,5775
5364,1544,match_end,1219.68,4,4,5,5776
5365,1547,match_end,1095.17,4,4,3,5779
5366,1547,match_end,1219.68,4,4,5,5780
5367,1548,match_end,391.59,1,0,0,5781
5368,1548,match_end,498.17,2,3,3,5782
5369,1548,match_end,581.91,3,3,0,5783
5370,1549,match_end,678.8,3,0,3,5784
5371,1549,match_end,837.6,2,2,3,5785
5372,1549,match_end,853.46,6,2,3,5786
5373,1549,match_end,498.74,1,0,0,5788
5374,1550,match_end,746.97,3,3,0,5789
5375,1550,match_end,506.08,2,0,3,5790
5376,1550,match_end,627.3,1,0,0,5791
5378,1552,match_end,625.66,1,0,0,5793
5379,1553,match_end,798.23,3,3,0,5794
5380,1553,match_end,612.42,1,0,0,5796
5381,1553,match_end,871.18,6,1,4,5797
5382,1553,match_end,830.32,6,4,1,5798
5383,1552,match_end,1027.5,6,4,1,5799
5384,1552,match_end,868.34,2,1,3,5800
5385,1552,match_end,546.28,2,3,3,5801
5386,1552,match_end,873.9,3,3,0,5802
5387,1554,match_end,782.34,5,0,5,5803
5388,1555,match_end,897.31,3,0,3,5805
5389,1555,match_end,803.53,2,3,3,5806
5390,1555,match_end,882.39,6,1,4,5807
5391,1555,match_end,949.52,2,1,3,5808
5392,1555,match_end,414.56,1,0,0,5809
5393,1557,match_end,767.19,3,2,1,5810
5394,1557,match_end,708.3,2,1,3,5811
5396,1557,match_end,451.44,1,0,0,5814
5397,1557,match_end,859.87,5,0,5,5815
5398,1558,match_end,757.48,3,2,1,5816
5399,1558,match_end,1015.84,2,2,3,5817
5400,1558,match_end,974.32,2,3,3,5818
5401,1558,match_end,904.73,6,1,4,5819
5402,1558,match_end,688.21,1,0,0,5820
5403,1559,match_end,1003.79,2,3,3,5821
5404,1560,match_end,1003.79,2,3,3,5822
5405,1561,match_end,623.79,1,0,0,5823
5406,1561,match_end,752.42,5,0,5,5824
5407,1561,match_end,858.47,3,2,1,5826
5408,1561,match_end,1003.79,2,3,3,5827
5409,1561,match_end,1003.79,2,3,3,5828
5410,1562,match_end,652.41,3,1,2,5829
5411,1562,match_end,702.44,2,1,3,5830
5412,1562,match_end,788.8,6,2,3,5831
5413,1562,match_end,926.67,2,2,3,5832
5414,1562,match_end,421.42,1,0,0,5833
5415,1562,match_end,706.53,3,1,2,5834
5416,1563,match_end,662.17,3,2,1,5835
5418,1563,match_end,972.81,5,5,0,5837
5419,1563,match_end,585.7,1,0,0,5839
5420,1563,match_end,508.81,3,0,3,5840
5421,1563,match_end,902.4,2,1,3,5841
5422,1564,match_end,656.21,3,2,1,5842
5423,1564,match_end,882.99,6,4,1,5843
5424,1564,match_end,676.13,1,0,0,5844
5425,1564,match_end,961.5,2,3,3,5845
5426,1564,match_end,924.07,2,3,3,5846
5427,1565,match_end,769.27,3,2,1,5847
5428,1565,match_end,717.86,2,1,3,5848
5429,1565,match_end,656.42,2,3,3,5849
5430,1565,match_end,647.21,1,0,0,5850
5431,1565,match_end,936.84,6,2,3,5851
5432,1566,match_end,605.06,2,0,3,5853
5434,1567,match_end,780.32,3,1,2,5855
5435,1567,match_end,831.24,2,2,3,5856
5436,1568,match_end,749.96,3,0,3,5858
5437,1568,match_end,1013.57,6,3,2,5862
5438,1568,match_end,897.15,2,1,3,5863
5439,1568,match_end,335.96,1,0,0,5864
5440,1568,match_end,793.49,3,0,3,5865
5441,1568,match_end,1013.57,6,3,2,5866
5451,1570,match_end,855.73,2,3,3,5879
5452,1570,match_end,754.78,1,0,0,5881
5453,1570,match_end,816.24,6,1,4,5882
5456,1570,match_end,816.24,6,1,4,5885
5457,1571,match_end,675.3,3,1,2,5886
5458,1571,match_end,761.18,6,1,4,5888
5459,1571,match_end,836.22,2,3,3,5889
5460,1571,match_end,725.29,3,0,3,5890
5461,1571,match_end,637.7,1,0,0,5891
5466,1576,match_end,613.73,3,3,0,5897
5467,1577,match_end,713.17,3,0,3,5899
5468,1577,match_end,890.61,2,1,3,5900
5469,1577,match_end,847.05,6,2,3,5901
5470,1577,match_end,408.24,1,0,0,5902
5471,1577,match_end,797.41,2,1,3,5903
5472,1577,match_end,779.6,3,1,2,5904
5473,1577,match_end,797.41,2,1,3,5905
5474,1577,match_end,797.41,2,1,3,5906
5475,1577,match_end,797.41,2,1,3,5907
5476,1578,match_end,751.02,2,0,3,5908
5477,1578,match_end,933.02,5,0,5,5909
5478,1578,match_end,600.18,1,0,0,5910
5479,1579,match_end,650.01,3,2,1,5911
5480,1579,match_end,808.42,2,1,3,5912
5481,1579,match_end,935.32,6,2,3,5913
5482,1579,match_end,627.41,1,0,0,5915
5486,1580,match_end,749.87,3,2,1,5919
5487,1580,match_end,607.41,1,0,0,5920
5488,1581,match_end,827.29,3,1,2,5922
5490,1581,match_end,909.66,2,2,3,5924
5491,1581,match_end,817.69,6,1,4,5925
5492,1581,match_end,909.66,2,2,3,5926
5493,1581,match_end,909.66,2,2,3,5927
5494,1581,match_end,957.19,2,3,3,5928
5495,1581,match_end,644.69,1,0,0,5929
5496,1581,match_end,182.45,1,0,0,5930
5497,1581,match_end,909.66,2,2,3,5931
5498,1581,match_end,909.66,2,2,3,5932
5499,1582,match_end,674.62,3,0,3,5933
5500,1582,match_end,801.68,6,3,2,5935
5501,1582,match_end,613.88,1,0,0,5936
5502,1582,match_end,953.14,2,2,3,5937
5503,1582,match_end,648.81,3,0,3,5938
5504,1583,match_end,686.35,3,0,3,5939
5505,1584,match_end,760.85,2,0,3,5940
5506,1584,match_end,824.32,5,5,0,5941
5507,1584,match_end,613.8,1,0,0,5942
5508,1585,match_end,726.58,3,1,2,5943
5509,1585,match_end,654.72,2,1,3,5944
5510,1585,match_end,819.17,6,2,3,5945
5511,1585,match_end,728.31,2,1,3,5946
5512,1585,match_end,631.3,1,0,0,5947
5513,1585,match_end,754.97,3,0,3,5948
5515,1586,match_end,686.35,3,0,3,5950
5516,1586,match_end,870.67,3,1,2,5951
5518,1586,match_end,789.9,2,3,3,5953
5519,1586,match_end,705.03,1,0,0,5954
5520,1586,match_end,933.05,6,1,4,5955
5521,1586,match_end,281.2,1,0,0,5956
5524,1588,match_end,779.05,3,3,0,5959
5525,1588,match_end,864.3,2,3,3,5960
5526,1584,match_end,686.35,3,0,3,5963
5528,1584,match_end,684.85,2,3,3,5965
5530,1590,match_end,712.95,3,0,3,5967
5531,1590,match_end,928.17,2,3,3,5968
5532,1590,match_end,762.12,5,5,0,5969
5533,1590,match_end,676.55,2,3,3,5970
5534,1590,match_end,275.99,1,0,0,5971
5535,1590,match_end,758.42,3,1,2,5972
5536,1591,match_end,720.33,3,3,0,5973
5537,1591,match_end,995.86,2,2,3,5974
5538,1591,match_end,887.5,6,3,2,5975
5539,1591,match_end,843.82,2,2,3,5976
5540,1591,match_end,627.99,1,0,0,5977
5541,1591,match_end,1045.46,3,1,2,5978
5542,1592,match_end,613.52,3,1,2,5979
5543,1592,match_end,327.85,1,0,0,5980
5544,1592,match_end,910.6,2,2,3,5981
5545,1592,match_end,966.84,6,2,3,5982
5547,1594,match_end,625.54,1,0,0,5986
5548,1594,match_end,951.61,2,3,3,5987
5549,1594,match_end,1009.18,6,2,3,5989
5556,1600,match_end,849.96,3,2,1,5996
5557,1600,match_end,600.15,1,0,0,5997
5558,1600,match_end,876.61,6,2,3,5998
5559,1600,match_end,876.61,6,2,3,5999
5560,1600,match_end,876.61,6,2,3,6000
5563,1600,match_end,876.61,6,2,3,6003
5564,1600,match_end,962.99,2,3,3,6004
5566,1600,match_end,962.47,2,1,3,6006
5567,1600,match_end,876.61,6,2,3,6007
5568,1600,match_end,721.95,3,2,1,6008
5569,1601,match_end,548.89,3,3,0,6009
5570,1601,match_end,706.1,2,3,3,6010
5571,1601,match_end,637.01,1,0,0,6011
5572,1601,match_end,724.9,2,3,3,6012
5573,1601,match_end,839.94,5,5,0,6013
5574,1601,match_end,760.6,2,3,3,6014
5575,1601,match_end,760.6,2,3,3,6015
5576,1601,match_end,760.6,2,3,3,6016
5577,1601,match_end,760.6,2,3,3,6017
5578,1601,match_end,760.6,2,3,3,6018
5579,1601,match_end,760.6,2,3,3,6019
5580,1601,match_end,760.6,2,3,3,6020
5581,1602,match_end,905.87,3,0,3,6021
5582,1602,match_end,600.15,1,0,0,6022
5583,1602,match_end,774.55,2,1,3,6023
5584,1602,match_end,1039.09,2,2,3,6024
5585,1602,match_end,803.22,5,5,0,6025
5586,1602,match_end,600.18,1,0,0,6026
5587,1603,match_end,617.73,3,2,1,6027
5588,1603,match_end,507.18,2,0,3,6028
5589,1603,match_end,696.8,1,0,0,6029
5590,1603,match_end,696.8,1,0,0,6030
5591,1604,match_end,619.03,3,0,3,6031
5592,1604,match_end,798.36,2,3,3,6032
5593,1604,match_end,819.68,6,4,1,6033
5594,1604,match_end,385.02,1,0,0,6034
5595,1605,match_end,811.65,3,2,1,6035
5596,1605,match_end,869.86,2,2,3,6036
5597,1605,match_end,816.96,2,1,3,6037
5598,1605,match_end,606.81,1,0,0,6038
5599,1605,match_end,764.69,6,1,4,6039
5600,1605,match_end,764.69,6,1,4,6040
5601,1605,match_end,613.55,1,0,0,6041
5602,1606,match_end,740.14,3,0,3,6043
5603,1606,match_end,895.18,6,3,2,6045
5604,1606,match_end,636.44,1,0,0,6046
5605,1606,match_end,636.44,1,0,0,6047
5606,1606,match_end,884.63,2,2,3,6048
5607,1606,match_end,600.21,1,0,0,6049
5608,1609,match_end,896.93,2,3,3,6050
5609,1609,match_end,928.12,2,3,3,6051
5610,1609,match_end,770.91,3,1,2,6052
5611,1609,match_end,814.27,6,4,1,6053
5612,1610,match_end,264.74,1,0,0,6054
5613,1610,match_end,431.93,2,3,3,6055
5614,1610,match_end,915.68,6,2,3,6056
5615,1610,match_end,874.95,2,1,3,6057
5616,1610,match_end,401.02,1,0,0,6058
5617,1610,match_end,867.57,2,3,3,6062
5618,1610,match_end,1059.34,6,2,3,6063
5619,1610,match_end,973.5,2,3,3,6064
5621,1623,match_end,760.17,3,2,1,6066
5622,1623,match_end,889.01,2,2,3,6067
5623,1623,match_end,1002.64,6,1,4,6068
5624,1623,match_end,472.66,1,0,0,6069
5625,1623,match_end,612.38,1,0,0,6070
5626,1624,match_end,877.19,3,1,2,6071
5627,1624,match_end,957.13,2,1,3,6072
5628,1624,match_end,822.1,6,1,4,6073
5629,1624,match_end,922.58,2,1,3,6074
5630,1624,match_end,626.96,1,0,0,6075
5631,1625,match_end,717.13,3,2,1,6076
5632,1625,match_end,909.96,2,2,3,6077
5634,1625,match_end,412.93,1,0,0,6079
5635,1626,match_end,697.19,2,3,3,6080
5637,1628,match_end,689.88,3,1,2,6082
5638,1628,match_end,705.97,2,1,3,6083
5639,1628,match_end,624.51,1,0,0,6084
5640,1628,match_end,705.97,2,1,3,6085
5641,1628,match_end,791.25,6,1,4,6086
5642,1628,match_end,705.97,2,1,3,6088
5643,1628,match_end,705.97,2,1,3,6090
5644,1628,match_end,705.97,2,1,3,6091
5664,34,match_end,632.71,1,0,0,6111
5665,1632,match_end,689.88,3,1,2,6113
5666,1632,match_end,705.97,2,1,3,6114
5668,1632,match_end,705.97,2,1,3,6116
5669,1632,match_end,624.51,1,0,0,6117
5670,1632,match_end,791.25,6,1,4,6118
5671,1633,match_end,850.22,3,2,1,6121
5672,1633,match_end,922.23,2,3,3,6122
5673,1633,match_end,600.16,1,0,0,6123
5674,1635,match_end,819.39,3,1,2,6127
5675,1635,match_end,632.79,1,0,0,6128
5676,1636,match_end,608.94,3,2,1,6129
5677,1636,match_end,771.88,2,3,3,6130
5678,1636,match_end,688.24,1,0,0,6131
5679,1636,match_end,956.94,6,4,1,6132
5680,1636,match_end,1020.56,2,2,3,6133
5681,1635,match_end,747.76,5,5,0,6134
5683,1635,match_end,694.85,3,3,0,6136
5684,1635,match_end,931.31,2,3,3,6137
5685,1635,match_end,931.31,2,3,3,6138
5686,1635,match_end,931.31,2,3,3,6139
5687,1635,match_end,931.31,2,3,3,6140
5688,1635,match_end,931.31,2,3,3,6141
5689,1636,match_end,733.56,3,0,3,6142
5690,1637,match_end,813.82,3,1,2,6143
5691,1637,match_end,582.98,2,3,3,6144
5692,1637,match_end,819.64,6,4,1,6145
5693,1637,match_end,630.77,1,0,0,6146
5694,1637,match_end,534.16,2,0,3,6147
5695,1637,match_end,865.44,3,2,1,6148
5696,1635,match_end,1046.56,2,2,3,6149
5698,1640,match_end,316.81,2,0,2,6152
5699,1640,match_end,382.85,1,0,0,6153
5700,1640,match_end,459.9,2,2,1,6154
5701,1640,match_end,459.9,2,2,1,6155
5703,1640,match_end,674.98,2,0,3,6157
5706,1640,match_end,674.98,2,0,3,6160
5707,1641,match_end,737.89,3,0,3,6161
5708,1641,match_end,800,2,2,3,6162
5709,1641,match_end,627.26,2,0,3,6163
5710,1641,match_end,635.37,1,0,0,6164
5711,1641,match_end,818.05,6,2,3,6165
5713,1641,match_end,723.61,3,1,2,6170
5714,1643,match_end,650.01,3,2,1,6171
5715,1644,match_end,703.48,2,1,3,6173
5716,1645,match_end,871,3,2,1,6174
5717,1645,match_end,897.63,2,1,3,6175
5718,1645,match_end,827.58,6,4,1,6176
5720,1645,match_end,848.11,2,1,3,6178
5721,1645,match_end,680.33,1,0,0,6179
5722,1646,match_end,890.52,3,3,0,6180
5724,1646,match_end,940.32,2,2,3,6182
5725,1646,match_end,872.34,6,4,1,6183
5726,1646,match_end,605.22,1,0,0,6184
5727,1646,match_end,725.55,2,2,3,6185
5728,1647,match_end,840.3,3,2,1,6186
5731,1650,match_end,797.21,2,1,3,6189
5732,1651,match_end,851.83,6,1,4,6190
5733,1652,match_end,716.21,1,0,0,6191
5734,1647,match_end,670.57,2,0,3,6192
5735,1647,match_end,797.21,2,1,3,6193
5736,1647,match_end,851.83,6,1,4,6194
5737,1647,match_end,716.21,1,0,0,6195
5738,1653,match_end,685.32,3,0,3,6196
5739,1653,match_end,900.88,2,1,3,6197
5740,1653,match_end,916.85,2,3,3,6198
5741,1653,match_end,929.3,6,1,4,6199
5742,1653,match_end,631.39,1,0,0,6200
5743,1654,match_end,764.04,3,2,1,6201
5744,1654,match_end,536.75,2,3,3,6202
5746,1654,match_end,824.62,2,1,3,6204
5747,1654,match_end,804.45,6,4,1,6205
5750,1656,match_end,764.04,3,2,1,6208
5751,1656,match_end,536.75,2,3,3,6209
5752,1656,match_end,668.5,1,0,0,6210
5753,1656,match_end,804.45,6,4,1,6211
5754,1656,match_end,824.62,2,1,3,6212
5760,1663,match_end,799.73,3,2,1,6219
5761,1663,match_end,921.28,6,3,2,6220
5762,1663,match_end,881.25,2,2,3,6221
5763,1663,match_end,925.01,2,2,3,6222
5765,1663,match_end,610.23,1,0,0,6226
5766,1663,match_end,800.04,2,1,3,6227
5770,1664,match_end,868.87,3,2,1,6231
5771,1664,match_end,962.43,2,3,3,6232
5772,1664,match_end,1009.32,2,2,3,6233
5773,1664,match_end,953.31,6,2,3,6234
5774,1664,match_end,441.04,1,0,0,6235
5775,1664,match_end,600.11,1,0,0,6236
5776,1665,match_end,814.75,3,3,0,6237
5777,1665,match_end,745.91,6,4,1,6239
5779,1665,match_end,745.91,6,4,1,6241
5780,1665,match_end,745.91,6,4,1,6242
5781,1665,match_end,804.87,2,3,3,6243
5782,1665,match_end,483.22,1,0,0,6244
5783,1666,match_end,801.93,3,0,3,6245
5784,1666,match_end,624.99,2,3,3,6246
5785,1666,match_end,534.56,2,3,3,6247
5786,1666,match_end,841.79,3,3,0,6248
5787,1666,match_end,626.57,1,0,0,6249
5789,1666,match_end,848.57,5,5,0,6251
5790,1667,match_end,693.49,3,2,1,6252
5791,1667,match_end,853.3,2,2,3,6253
5792,1667,match_end,751.59,6,3,2,6254
5793,1667,match_end,907.92,2,1,3,6255
5794,1667,match_end,605.18,1,0,0,6256
5795,1667,match_end,685.15,3,0,3,6257
5796,1667,match_end,685.15,3,0,3,6258
5797,1668,match_end,895.34,2,1,3,6259
5798,1668,match_end,899.61,6,2,3,6260
5799,1668,match_end,628.84,1,0,0,6262
5801,1668,match_end,861.44,3,1,2,6264
5802,1669,match_end,905.08,3,1,2,6265
5804,1669,match_end,762.98,2,3,3,6267
5814,1669,match_end,702.65,1,0,0,6277
5817,1669,match_end,770.84,2,1,3,6280
5818,1669,match_end,836.41,2,3,3,6281
5819,1669,match_end,860.27,6,2,3,6282
5820,1670,match_end,675.83,3,3,0,6283
5821,1670,match_end,904.46,2,3,3,6284
5822,1670,match_end,908.14,5,5,0,6285
5823,1670,match_end,660.02,1,0,0,6286
5824,1670,match_end,636.5,1,0,0,6287
5825,1671,match_end,544.11,3,0,3,6288
5826,1671,match_end,838.49,6,2,3,6289
5827,1671,match_end,434.35,1,0,0,6291
5828,1671,match_end,903.71,2,2,3,6292
5829,1671,match_end,789.03,3,1,2,6293
5830,1672,match_end,768.18,3,1,2,6295
5831,1672,match_end,799.85,2,2,3,6296
5832,1672,match_end,856.4,6,2,3,6297
5833,1672,match_end,457.97,1,0,0,6298
5834,1672,match_end,958.32,2,3,3,6299
5835,1672,match_end,896.45,2,2,3,6300
5837,1673,match_end,968.31,3,1,2,6302
5838,1673,match_end,813.84,2,3,3,6303
5839,1673,match_end,285.5,1,0,0,6304
5840,1671,match_end,737.44,3,1,2,6305
5841,1671,match_end,928.55,2,2,3,6306
5842,1671,match_end,832.68,3,2,1,6307
5843,1671,match_end,710.55,6,1,4,6308
5844,1671,match_end,610.25,1,0,0,6309
5845,1673,match_end,800.12,6,4,1,6310
5846,1673,match_end,582.4,2,3,3,6311
5847,1676,match_end,631.46,1,0,0,6313
5848,1676,match_end,841.3,2,1,3,6314
5849,1677,match_end,593.67,3,3,0,6315
5850,1677,match_end,881.99,6,3,2,6316
5851,1677,match_end,421.04,1,0,0,6317
5852,1677,match_end,661.27,2,3,3,6318
5853,1677,match_end,699.16,2,3,3,6319
5859,1683,match_end,600.2,1,0,0,6327
5860,1685,match_end,645.85,3,3,0,6328
5861,1685,match_end,982.05,2,2,3,6329
5862,1685,match_end,630.66,1,0,0,6330
5863,1685,match_end,1007.87,5,5,0,6331
5864,1685,match_end,890.25,2,2,3,6332
5865,1685,match_end,1007.87,5,5,0,6333
5866,1685,match_end,928.58,2,2,3,6334
5867,1687,match_end,799.51,6,4,1,6335
5868,1688,match_end,625.14,3,0,3,6336
5869,1688,match_end,659.38,2,1,3,6337
5870,1688,match_end,938.82,6,1,4,6338
5873,1688,match_end,585.46,2,0,3,6341
5874,1688,match_end,591.12,2,0,3,6342
5875,1687,match_end,781.82,3,2,1,6343
5876,1689,match_end,668.74,3,2,1,6344
5877,1689,match_end,914.94,2,2,3,6345
5878,1689,match_end,910.01,6,3,2,6346
5879,1689,match_end,634.13,1,0,0,6347
5880,1689,match_end,938.93,2,1,3,6348
5881,1687,match_end,732.27,2,3,3,6349
5882,1687,match_end,535.22,2,3,3,6350
5883,1687,match_end,772.68,6,4,1,6351
5884,1687,match_end,621.33,1,0,0,6352
5885,1690,match_end,769.45,3,1,2,6354
5886,1690,match_end,709.25,2,0,3,6356
5887,1690,match_end,900.93,5,0,5,6357
5888,1690,match_end,420.8,1,0,0,6358
5889,1690,match_end,839.95,6,2,3,6359
5890,1691,match_end,746.43,3,3,0,6360
5891,1691,match_end,926.74,2,2,3,6361
5892,1691,match_end,608.86,1,0,0,6362
5893,1691,match_end,910.27,2,3,3,6363
5894,1691,match_end,918.42,6,2,3,6364
5895,1691,match_end,711.62,3,3,0,6365
5896,1692,match_end,678.98,3,3,0,6366
5897,1692,match_end,786.55,2,3,3,6367
5898,1692,match_end,860.3,2,3,3,6368
5899,1692,match_end,730.6,5,5,0,6369
5900,1692,match_end,407.62,1,0,0,6370
5901,1693,match_end,568.55,2,3,3,6371
5902,1693,match_end,560.79,3,3,0,6372
5903,1693,match_end,878.32,6,3,2,6373
5904,1694,match_end,629.51,3,0,3,6374
5905,1694,match_end,921.68,2,1,3,6376
5906,1694,match_end,436.36,1,0,0,6377
5907,1694,match_end,774.56,6,3,2,6378
5908,1694,match_end,606.09,3,1,2,6379
5909,1695,match_end,713.29,3,1,2,6380
5910,1695,match_end,1007.69,2,2,3,6381
5911,1695,match_end,567.01,2,0,3,6382
5912,1695,match_end,621.32,1,0,0,6383
5913,1695,match_end,859.51,6,2,3,6384
5914,1695,match_end,634.61,1,0,0,6385
5915,1693,match_end,808.62,2,1,3,6386
5916,1693,match_end,640.42,1,0,0,6387
5917,1693,match_end,1027.42,6,4,1,6388
5918,1691,match_end,746.43,3,3,0,6389
5919,1696,match_end,731.92,3,2,1,6390
5920,1696,match_end,1036.72,6,4,1,6392
5921,1696,match_end,609.94,1,0,0,6393
5922,1696,match_end,758.46,2,2,3,6394
5923,1697,match_end,806.66,3,1,2,6395
5924,1697,match_end,503.71,2,0,3,6396
5925,1697,match_end,745.29,2,1,3,6397
5926,1697,match_end,811.85,6,2,3,6398
5927,1697,match_end,588.71,2,0,3,6399
5928,1697,match_end,810.63,3,1,2,6400
5929,1697,match_end,622.59,1,0,0,6401
5930,1698,match_end,786.3,3,0,3,6402
5931,1698,match_end,681.12,3,0,3,6403
5932,1698,match_end,757.9,2,3,3,6404
5933,1698,match_end,600.15,1,0,0,6406
5934,1698,match_end,850.15,6,1,4,6407
5935,1698,match_end,857.75,2,3,3,6408
5936,1636,match_end,728.79,2,3,3,6410
5937,1700,match_end,728.79,2,3,3,6411
5938,1701,match_end,728.79,2,3,3,6412
5939,1701,match_end,605.04,2,3,3,6413
5940,1701,match_end,647.4,1,0,0,6414
5941,1701,match_end,583.56,3,3,0,6415
5942,1702,match_end,661.07,3,0,3,6416
5943,1702,match_end,884.79,2,1,3,6417
5944,1702,match_end,1022.58,6,3,2,6424
5945,1702,match_end,434,1,0,0,6425
5946,1702,match_end,656.82,3,1,2,6426
5947,1704,match_end,740.87,3,1,2,6427
5948,1704,match_end,864.58,2,3,3,6428
5949,1704,match_end,914.45,2,2,3,6429
5950,1704,match_end,995.95,6,2,3,6430
5951,1704,match_end,631.18,1,0,0,6431
5952,1705,match_end,722.13,3,2,1,6433
5953,1705,match_end,785.18,2,1,3,6434
5954,1705,match_end,961.81,6,2,3,6435
5955,1705,match_end,586.16,1,0,0,6436
5956,1705,match_end,940.97,2,1,3,6437
5957,1706,match_end,803.89,3,3,0,6438
5958,1706,match_end,724.89,2,1,3,6439
5959,1706,match_end,631.25,1,0,0,6440
5960,1706,match_end,667.57,5,0,5,6441
5961,1706,match_end,867.91,2,3,3,6442
5962,1706,match_end,928.26,6,2,3,6443
5963,1707,match_end,780.91,3,3,0,6444
5964,1707,match_end,988,6,4,1,6448
5965,1707,match_end,673.3,2,3,3,6449
5966,1707,match_end,670.37,1,0,0,6450
5967,1708,match_end,713.99,3,1,2,6451
5968,1708,match_end,683.68,6,1,4,6452
5969,1708,match_end,539.36,2,0,3,6453
5975,1708,match_end,539.36,2,0,3,6459
5976,1708,match_end,809.61,2,1,3,6460
5977,1708,match_end,627.97,1,0,0,6461
5978,1708,match_end,728.08,2,2,3,6462
5979,1708,match_end,696.12,3,1,2,6463
5980,1709,match_end,590.43,3,0,3,6464
5981,1709,match_end,1033.64,2,2,3,6465
5982,1709,match_end,832.55,6,1,4,6466
5983,1709,match_end,917.58,2,1,3,6467
5984,1709,match_end,627.29,1,0,0,6468
5985,1710,match_end,759.01,3,1,2,6470
5986,1711,match_end,759.01,3,1,2,6471
5987,1712,match_end,759.01,3,1,2,6472
5988,1713,match_end,759.01,3,1,2,6473
5989,1714,match_end,759.01,3,1,2,6474
5990,1715,match_end,759.01,3,1,2,6475
5993,1717,match_end,759.01,3,1,2,6478
5994,1718,match_end,759.01,3,1,2,6479
5999,1720,match_end,600.21,1,0,0,6485
6000,1720,match_end,779.91,5,5,0,6486
6001,1721,match_end,759.01,3,1,2,6487
6002,1722,match_end,759.01,3,1,2,6488
6003,1723,match_end,747.93,3,0,3,6489
6004,1723,match_end,637.85,2,3,3,6491
6005,1723,match_end,863.35,6,3,2,6492
6006,1723,match_end,644.79,1,0,0,6493
6007,1723,match_end,779.94,3,2,1,6494
6010,1724,match_end,729.76,3,3,0,6497
6011,1724,match_end,644.15,2,1,3,6498
6012,1724,match_end,606.3,1,0,0,6499
6013,1724,match_end,863.66,6,4,1,6500
6014,1724,match_end,716.97,3,2,1,6501
6015,1726,match_end,653.59,3,3,0,6502
6016,1726,match_end,600.14,1,0,0,6503
6017,1726,match_end,882.81,6,4,1,6504
6018,1726,match_end,993.88,2,2,3,6505
6019,1726,match_end,1055.39,2,2,3,6506
6020,1726,match_end,967.27,6,4,1,6507
6021,1727,match_end,745.61,3,1,2,6508
6022,1727,match_end,639.53,2,0,3,6509
6023,1727,match_end,683.89,1,0,0,6510
6024,1727,match_end,889.9,6,2,3,6511
6025,1727,match_end,939.15,2,2,3,6512
6026,1727,match_end,797.56,3,1,2,6513
6027,1727,match_end,889.9,6,2,3,6514
6028,1728,match_end,921.54,3,2,1,6515
6029,1728,match_end,892.27,2,3,3,6516
6030,1728,match_end,931.66,6,2,3,6517
6031,1728,match_end,342.69,1,0,0,6518
6032,1728,match_end,774.15,2,0,3,6519
6033,1728,match_end,768.14,3,0,3,6520
6035,1729,match_end,467.27,2,0,3,6522
6036,1729,match_end,618.09,2,1,3,6523
6037,1729,match_end,639.77,1,0,0,6524
6038,1729,match_end,467.27,2,0,3,6525
6040,1729,match_end,659.55,3,0,3,6527
6041,1729,match_end,467.27,2,0,3,6528
6042,1729,match_end,618.09,2,1,3,6529
6043,1729,match_end,639.77,1,0,0,6530
6044,1729,match_end,792.45,6,2,3,6531
6045,1729,match_end,737.34,2,0,3,6532
6046,1729,match_end,764.21,3,0,3,6533
6047,1730,match_end,852.91,3,2,1,6534
6048,1730,match_end,674.38,2,1,3,6535
6049,1730,match_end,775.48,2,0,3,6536
6050,1730,match_end,338.82,1,0,0,6537
6051,1730,match_end,952.38,6,3,2,6538
6052,1730,match_end,686.66,3,0,3,6539
6053,1730,match_end,620.75,1,0,0,6540
6055,1730,match_end,620.75,1,0,0,6542
6056,1731,match_end,721.91,3,1,2,6543
6057,1731,match_end,681.21,2,0,3,6544
6058,1731,match_end,901.99,2,2,3,6545
6059,1731,match_end,551.45,1,0,0,6546
6060,1731,match_end,968.83,6,3,2,6547
6061,1732,match_end,679.03,3,0,3,6549
6062,1732,match_end,839.91,2,2,3,6550
6063,1732,match_end,637.19,1,0,0,6551
6064,1732,match_end,996.56,6,2,3,6552
6065,1733,match_end,878.65,3,1,2,6555
6066,1733,match_end,628.95,2,0,3,6556
6067,1733,match_end,772.46,5,0,5,6557
6077,533,match_end,816.24,6,1,4,6573
6078,533,match_end,619.71,2,0,3,6574
6079,533,match_end,816.24,6,1,4,6575
6080,1736,match_end,703.05,3,2,1,6576
6081,1736,match_end,938.87,2,3,3,6577
6082,1736,match_end,788.52,2,3,3,6578
6083,1736,match_end,800.78,6,3,2,6579
6084,1736,match_end,623.44,1,0,0,6581
6085,1736,match_end,661.47,1,0,0,6582
6086,1737,match_end,799.42,3,3,0,6583
6087,1737,match_end,815.38,2,3,3,6584
6088,1737,match_end,848.24,2,3,3,6585
6089,1737,match_end,660.68,1,0,0,6586
6090,1737,match_end,825.38,6,2,3,6587
6091,1737,match_end,680.66,2,0,3,6588
6092,1738,match_end,886.73,3,2,1,6589
6093,1739,match_end,837.09,3,1,2,6590
6094,1739,match_end,731.48,2,2,3,6591
6095,1739,match_end,901.12,2,3,3,6592
6096,1739,match_end,885.83,6,4,1,6593
6097,1739,match_end,619.47,1,0,0,6594
6098,1738,match_end,910.32,2,2,3,6595
6099,1738,match_end,966.99,2,3,3,6596
6100,1738,match_end,1016.28,6,4,1,6597
6102,1741,match_end,805.55,3,0,3,6599
6104,1741,match_end,802.38,5,0,5,6601
6121,1744,match_end,841.36,3,2,1,6620
6122,1744,match_end,883.89,2,3,3,6621
6123,1744,match_end,719.89,2,3,3,6622
6124,1744,match_end,629.51,1,0,0,6623
6125,1744,match_end,802.19,5,5,0,6624
6126,1746,match_end,834.99,3,2,1,6625
6127,1746,match_end,706.53,2,1,3,6627
6129,1746,match_end,911.92,6,2,3,6629
6130,1746,match_end,634.53,1,0,0,6630
6132,1747,match_end,946.3,6,3,2,6632
6133,1747,match_end,929.24,2,3,3,6633
6134,1747,match_end,648.37,3,0,3,6634
6136,1747,match_end,848.87,3,1,2,6636
6137,1749,match_end,884.47,6,3,2,6637
6138,1749,match_end,739.22,2,3,3,6638
6139,1749,match_end,840.44,2,2,3,6639
6140,1749,match_end,801.65,3,1,2,6640
6141,1749,match_end,680.72,1,0,0,6641
6142,1750,match_end,728.24,3,1,2,6642
6143,1750,match_end,886.78,6,4,1,6643
6144,1750,match_end,819.39,2,2,3,6644
6145,1750,match_end,627.09,1,0,0,6646
6146,1750,match_end,736,1,0,0,6647
6147,1750,match_end,736,1,0,0,6649
6148,1751,match_end,948.74,3,1,2,6650
6149,1751,match_end,574,2,0,3,6651
6150,1751,match_end,771.78,2,1,3,6652
6151,1751,match_end,605.21,1,0,0,6653
6152,1751,match_end,943.54,6,1,4,6654
6153,1751,match_end,729.86,3,2,1,6655
6154,1752,match_end,632.46,3,2,1,6656
6155,1752,match_end,929.42,2,2,3,6657
6156,1752,match_end,906.44,2,1,3,6658
6157,1752,match_end,763.27,6,3,2,6659
6158,1753,match_end,777.65,3,1,2,6660
6159,1754,match_end,777.65,3,1,2,6661
6160,1755,match_end,777.65,3,1,2,6662
6161,1755,match_end,940.05,2,2,3,6663
6162,1755,match_end,915.28,6,3,2,6664
6163,1755,match_end,886.66,2,2,3,6665
6164,1755,match_end,600.2,1,0,0,6666
6165,1756,match_end,798.28,3,1,2,6667
6166,1756,match_end,660.33,2,0,3,6668
6167,1756,match_end,843.1,2,1,3,6669
6168,1756,match_end,802.51,6,3,2,6670
6169,1756,match_end,609.55,1,0,0,6671
6170,1756,match_end,650.72,3,2,1,6672
6171,1757,match_end,946.54,3,1,2,6673
6172,1757,match_end,781.11,2,2,3,6674
6173,1757,match_end,871.97,6,2,3,6675
6174,1757,match_end,833.22,2,1,3,6676
6175,1757,match_end,668.51,1,0,0,6677
6176,1758,match_end,912.68,3,2,1,6678
6177,1758,match_end,1106.33,2,2,3,6679
6178,1758,match_end,725.91,2,3,3,6680
6179,1758,match_end,786.71,6,1,4,6681
6181,1758,match_end,387.89,1,0,0,6683
6182,1758,match_end,1106.33,2,2,3,6684
6183,1758,match_end,1106.33,2,2,3,6685
6184,1758,match_end,1106.33,2,2,3,6686
6185,1759,match_end,717.52,3,1,2,6687
6186,1759,match_end,493.6,2,0,3,6688
6187,1759,match_end,857.52,2,3,3,6689
6188,1759,match_end,620.3,1,0,0,6690
6189,1760,match_end,761.54,3,2,1,6691
6190,1760,match_end,990.59,2,2,3,6692
6191,1760,match_end,676.95,2,1,3,6693
6192,1760,match_end,881.28,6,4,1,6694
6193,1760,match_end,722.65,1,0,0,6695
6194,1760,match_end,725.3,3,0,3,6696
6195,1761,match_end,676.43,3,1,2,6697
6196,1761,match_end,886.1,2,2,3,6698
6197,1761,match_end,865.25,5,0,5,6699
6198,1761,match_end,674.82,1,0,0,6700
6199,1762,match_end,712.6,3,3,0,6701
6200,1762,match_end,767.08,2,2,3,6702
6201,1762,match_end,858.17,5,5,0,6703
6202,1762,match_end,644.97,1,0,0,6704
6203,1762,match_end,710.84,2,2,3,6705
6204,1762,match_end,621.29,1,0,0,6706
6205,1763,match_end,858.17,5,5,0,6707
6206,1763,match_end,767.08,2,2,3,6708
6207,1763,match_end,712.6,3,3,0,6709
6208,1763,match_end,621.29,1,0,0,6710
6209,1763,match_end,710.84,2,2,3,6711
6210,1763,match_end,644.97,1,0,0,6712
6211,1764,match_end,735.63,3,0,3,6713
6212,1764,match_end,574.63,1,0,0,6714
6213,1764,match_end,975.1,6,4,1,6715
6214,1764,match_end,718.56,2,1,3,6716
6217,1764,match_end,1026.56,2,3,3,6719
6218,1764,match_end,739.09,3,1,2,6720
6219,1765,match_end,801.32,3,2,1,6721
6220,1765,match_end,659.84,2,0,3,6722
6221,1765,match_end,640.11,2,0,3,6723
6222,1765,match_end,838.41,6,3,2,6724
6223,1765,match_end,600.19,1,0,0,6725
6224,1765,match_end,653.45,1,0,0,6726
6225,1766,match_end,791.16,3,3,0,6727
6226,1766,match_end,605.56,1,0,0,6728
6227,1766,match_end,673.89,2,1,3,6729
6229,1766,match_end,817.39,6,2,3,6731
6230,1766,match_end,866.24,3,2,1,6733
6231,1767,match_end,965.31,3,2,1,6734
6232,1767,match_end,511.89,2,0,3,6735
6233,1767,match_end,958.54,6,2,3,6736
6234,1767,match_end,600.23,1,0,0,6738
6264,1767,match_end,853.51,3,2,1,6767
6330,1833,match_end,600.2,1,0,0,6833
6331,1833,match_end,680.95,3,3,0,6834
6333,1833,match_end,868.76,6,1,4,6836
6365,1833,match_end,1046.54,2,3,3,6868
6398,1833,match_end,811.78,2,3,3,6901
6431,1866,match_end,628.88,3,2,1,6934
6432,1866,match_end,644.64,2,3,3,6935
6433,1866,match_end,897.18,2,2,3,6936
6434,1866,match_end,680.68,1,0,0,6937
6435,1866,match_end,953.4,6,2,3,6938
6467,1903,match_end,706.59,3,2,1,6970
6468,1903,match_end,827.55,2,1,3,6971
6469,1903,match_end,674.2,2,0,3,6972
6470,1903,match_end,674.41,1,0,0,6973
6471,1903,match_end,889.08,6,3,2,6974
6498,1903,match_end,801.63,3,2,1,7001