id,scrimId,event_type,match_time,map_name,map_type,team_1_name,team_2_name,MapDataId
31,31,match_start,0,Lijiang Tower,Control,T_5568bd9d,T_a02bf5e9,30
32,31,match_start,0,Watchpoint: Gibraltar,Escort,T_5568bd9d,T_a02bf5e9,31
33,31,match_start,0,"King's Row",Hybrid,T_5568bd9d,T_a02bf5e9,32
34,31,match_start,0,Suravasa,Flashpoint,T_5568bd9d,T_a02bf5e9,33
35,31,match_start,0,Esperança,Push,T_5568bd9d,T_a02bf5e9,34
39,34,match_start,0,Esperança,Push,T_5568bd9d,T_a02bf5e9,40
40,29,match_start,0,New Junk City,Flashpoint,T_5568bd9d,T_a02bf5e9,41
41,29,match_start,0,Lijiang Tower,Control,T_5568bd9d,T_a02bf5e9,42
42,35,match_start,0,Watchpoint: Gibraltar,Escort,T_5568bd9d,T_a02bf5e9,43
43,35,match_start,0,Suravasa,Flashpoint,T_5568bd9d,T_a02bf5e9,44
44,35,match_start,0,"King's Row",Hybrid,T_5568bd9d,T_a02bf5e9,45
48,29,match_start,0,Ilios,Control,T_5568bd9d,T_a02bf5e9,50
49,36,match_start,0,Lijiang Tower,Control,T_5568bd9d,T_a02bf5e9,51
50,36,match_start,0,Circuit royal,Escort,T_5568bd9d,T_a02bf5e9,52
51,36,match_start,0,New Junk City,Flashpoint,T_5568bd9d,T_a02bf5e9,53
52,36,match_start,0,Blizzard World,Hybrid,T_5568bd9d,T_a02bf5e9,54
53,36,match_start,0,Colosseo,Push,T_5568bd9d,T_a02bf5e9,55
54,36,match_start,0,Nepal,Control,T_5568bd9d,T_a02bf5e9,56
60,29,match_start,0,Ilios,Control,T_5568bd9d,T_a02bf5e9,62
61,29,match_start,0,Lijiang Tower (Lunar New Year),Control,T_5568bd9d,T_a02bf5e9,63
62,29,match_start,0,Lijiang Tower (Lunar New Year),Control,T_5568bd9d,T_a02bf5e9,64
63,29,match_start,0,Lijiang Tower (Lunar New Year),Control,T_5568bd9d,T_a02bf5e9,65
64,38,match_start,0,Ilios,Control,T_5568bd9d,T_a02bf5e9,66
70,40,match_start,0,Esperança,Push,T_5568bd9d,T_a02bf5e9,72
71,40,match_start,0,Ilios,Control,T_5568bd9d,T_a02bf5e9,73
72,40,match_start,0,New Queen Street,Push,T_5568bd9d,T_a02bf5e9,74
80,29,match_start,0,Circuit royal,Escort,T_5568bd9d,T_a02bf5e9,82
81,43,match_start,0,Lijiang Tower (Lunar New Year),Control,T_5568bd9d,T_a02bf5e9,83
82,43,match_start,0,Rialto,Escort,T_5568bd9d,T_a02bf5e9,84
95,45,match_start,0,Lijiang Tower (Lunar New Year),Control,T_5568bd9d,T_a02bf5e9,97
96,45,match_start,0,Circuit royal,Escort,T_5568bd9d,T_a02bf5e9,98
97,45,match_start,0,Suravasa,Flashpoint,T_5568bd9d,T_a02bf5e9,99
98,45,match_start,0,Hollywood,Hybrid,T_5568bd9d,T_a02bf5e9,100
106,47,match_start,0,Suravasa,Flashpoint,T_5568bd9d,T_a02bf5e9,108
107,29,match_start,0,Lijiang Tower,Control,T_5568bd9d,T_a02bf5e9,109
111,29,match_start,0,Busan,Control,T_5568bd9d,T_a02bf5e9,113
112,29,match_start,0,Busan,Control,T_5568bd9d,T_a02bf5e9,114
113,29,match_start,0,Busan,Control,T_5568bd9d,T_a02bf5e9,115
114,29,match_start,0,Busan,Control,T_5568bd9d,T_a02bf5e9,116
115,34,match_start,0,Busan,Control,T_5568bd9d,T_a02bf5e9,118
116,34,match_start,0,Busan,Control,T_5568bd9d,T_a02bf5e9,
117,51,match_start,0,Busan,Control,T_5568bd9d,T_a02bf5e9,120
121,53,match_start,0,New Junk City,Flashpoint,T_9b28cc4d,T_9903b894,
122,53,match_start,0,New Junk City,Flashpoint,T_9b28cc4d,T_9903b894,125
123,54,match_start,0,New Junk City,Flashpoint,T_9b28cc4d,T_9903b894,126
124,55,match_start,0,New Junk City,Flashpoint,T_9b28cc4d,T_9903b894,127
125,53,match_start,0,"King's Row",Hybrid,T_9b28cc4d,T_bbd123ed,128
127,53,match_start,0,Oasis,Control,T_9b28cc4d,T_c44e59eb,130
128,53,match_start,0,Suravasa,Flashpoint,T_9b28cc4d,T_01a3328b,131
136,57,match_start,0,Lijiang Tower,Control,T_5568bd9d,T_a02bf5e9,139
137,57,match_start,0,Watchpoint: Gibraltar,Escort,T_5568bd9d,T_a02bf5e9,140
138,57,match_start,0,Suravasa,Flashpoint,T_5568bd9d,T_a02bf5e9,141
139,57,match_start,0,"King's Row",Hybrid,T_5568bd9d,T_a02bf5e9,142
140,57,match_start,0,"King's Row",Hybrid,T_5568bd9d,T_a02bf5e9,143
141,57,match_start,0,Esperança,Push,T_5568bd9d,T_a02bf5e9,
142,57,match_start,0,Antarctic Peninsula,Control,T_5568bd9d,T_a02bf5e9,
143,58,match_start,0,Lijiang Tower,Control,T_5568bd9d,T_a02bf5e9,
144,58,match_start,0,Rialto,Escort,T_5568bd9d,T_a02bf5e9,
145,58,match_start,0,New Junk City,Flashpoint,T_5568bd9d,T_a02bf5e9,
146,58,match_start,0,New Junk City,Flashpoint,T_5568bd9d,T_a02bf5e9,
147,58,match_start,0,Blizzard World,Hybrid,T_5568bd9d,T_a02bf5e9,
148,58,match_start,0,Esperança,Push,T_5568bd9d,T_a02bf5e9,151
149,58,match_start,0,Esperança,Push,T_5568bd9d,T_a02bf5e9,152
150,58,match_start,0,Samoa,Control,T_5568bd9d,T_a02bf5e9,153
151,59,match_start,0,Lijiang Tower,Control,T_5568bd9d,T_a02bf5e9,154
152,59,match_start,0,Havana,Escort,T_5568bd9d,T_a02bf5e9,155
153,59,match_start,0,Suravasa,Flashpoint,T_5568bd9d,T_a02bf5e9,156
154,59,match_start,0,Blizzard World,Hybrid,T_5568bd9d,T_a02bf5e9,157
155,59,match_start,0,Esperança,Push,T_5568bd9d,T_a02bf5e9,158
156,59,match_start,0,Oasis,Control,T_5568bd9d,T_a02bf5e9,159
157,60,match_start,0,Oasis,Control,T_5568bd9d,T_a02bf5e9,160
158,60,match_start,0,Route 66,Escort,T_5568bd9d,T_a02bf5e9,161
159,60,match_start,0,Suravasa,Flashpoint,T_5568bd9d,T_a02bf5e9,162
160,60,match_start,0,Blizzard World,Hybrid,T_5568bd9d,T_a02bf5e9,163
161,60,match_start,0,Samoa,Control,T_5568bd9d,T_a02bf5e9,164
162,60,match_start,0,Samoa,Control,T_5568bd9d,T_a02bf5e9,165
163,60,match_start,0,Esperança,Push,T_5568bd9d,T_a02bf5e9,166
164,61,match_start,0,Lijiang Tower,Control,T_5568bd9d,T_a02bf5e9,167
165,61,match_start,0,Rialto,Escort,T_5568bd9d,T_a02bf5e9,168
166,61,match_start,0,Suravasa,Flashpoint,T_5568bd9d,T_a02bf5e9,169
167,61,match_start,0,"King's Row",Hybrid,T_5568bd9d,T_a02bf5e9,170
168,61,match_start,0,Esperança,Push,T_5568bd9d,T_a02bf5e9,171
169,61,match_start,0,Samoa,Control,T_5568bd9d,T_a02bf5e9,172
170,34,match_start,0,"King's Row (Winter)",Escort,T_5568bd9d,T_a02bf5e9,173
171,62,match_start,0,Lijiang Tower,Control,T_5568bd9d,T_a02bf5e9,174
172,62,match_start,0,Shambali Monastery,Escort,T_5568bd9d,T_a02bf5e9,175
173,62,match_start,0,Suravasa,Flashpoint,T_5568bd9d,T_a02bf5e9,176
174,62,match_start,0,"King's Row",Hybrid,T_5568bd9d,T_a02bf5e9,177
175,62,match_start,0,Colosseo,Push,T_5568bd9d,T_a02bf5e9,178
176,62,match_start,0,Circuit royal,Escort,T_5568bd9d,T_a02bf5e9,179
182,64,match_start,0,Lijiang Tower,Control,T_5568bd9d,T_a02bf5e9,185
183,64,match_start,0,"King's Row",Hybrid,T_5568bd9d,T_a02bf5e9,186
184,64,match_start,0,Suravasa,Flashpoint,T_5568bd9d,T_a02bf5e9,187
185,64,match_start,0,Circuit royal,Escort,T_5568bd9d,T_a02bf5e9,188
186,64,match_start,0,Esperança,Push,T_5568bd9d,T_a02bf5e9,189
187,34,match_start,0,Busan,Control,T_5568bd9d,T_a02bf5e9,190
188,34,match_start,0,Colosseo,Push,T_5568bd9d,T_a02bf5e9,191
194,67,match_start,0,Suravasa,Flashpoint,T_5568bd9d,T_a02bf5e9,197
195,67,match_start,0,Hollywood,Hybrid,T_5568bd9d,T_a02bf5e9,198
196,67,match_start,0,Esperança,Push,T_5568bd9d,T_a02bf5e9,199
197,67,match_start,0,Antarctic Peninsula,Control,T_5568bd9d,T_a02bf5e9,200
198,67,match_start,0,Watchpoint: Gibraltar,Escort,T_5568bd9d,T_a02bf5e9,201
200,34,match_start,0,Watchpoint: Gibraltar,Escort,T_5568bd9d,T_a02bf5e9,203
203,69,match_start,0,Eichenwalde,Hybrid,T_5568bd9d,T_a02bf5e9,206
204,69,match_start,0,Junkertown,Escort,T_5568bd9d,T_a02bf5e9,207
205,69,match_start,0,Suravasa,Flashpoint,T_5568bd9d,T_a02bf5e9,208
206,69,match_start,0,Esperança,Push,T_5568bd9d,T_a02bf5e9,209
207,69,match_start,0,Lijiang Tower,Control,T_5568bd9d,T_a02bf5e9,210
208,70,match_start,0,Dorado,Escort,T_5568bd9d,T_a02bf5e9,211
209,71,match_start,0,Dorado,Escort,T_5568bd9d,T_a02bf5e9,212
210,72,match_start,0,Colosseo,Push,T_5568bd9d,T_a02bf5e9,213
211,73,match_start,0,Lijiang Tower,Control,T_5568bd9d,T_a02bf5e9,214
213,74,match_start,0,Junkertown,Escort,T_5568bd9d,T_a02bf5e9,216
214,74,match_start,0,Suravasa,Flashpoint,T_5568bd9d,T_a02bf5e9,217
215,74,match_start,0,"King's Row",Hybrid,T_5568bd9d,T_a02bf5e9,218
216,74,match_start,0,Esperança,Push,T_5568bd9d,T_a02bf5e9,219
217,75,match_start,0,Lijiang Tower,Control,T_5568bd9d,T_a02bf5e9,220
218,75,match_start,0,Circuit royal,Escort,T_5568bd9d,T_a02bf5e9,221
219,75,match_start,0,Suravasa,Flashpoint,T_5568bd9d,T_a02bf5e9,222
220,75,match_start,0,"King's Row",Hybrid,T_5568bd9d,T_a02bf5e9,223
221,75,match_start,0,"King's Row",Hybrid,T_5568bd9d,T_a02bf5e9,224
222,75,match_start,0,"King's Row",Hybrid,T_5568bd9d,T_a02bf5e9,225
223,75,match_start,0,Esperança,Push,T_5568bd9d,T_a02bf5e9,226
224,75,match_start,0,Antarctic Peninsula,Control,T_5568bd9d,T_a02bf5e9,227
225,76,match_start,0,Lijiang Tower,Control,T_7f8fc438,T_29b01666,228
226,77,match_start,0,Lijiang Tower,Control,T_7f8fc438,T_29b01666,229
227,78,match_start,0,Lijiang Tower,Control,T_7f8fc438,T_29b01666,230
228,79,match_start,0,Lijiang Tower,Control,T_7f8fc438,T_29b01666,231
229,80,match_start,0,"King's Row",Hybrid,T_7f8fc438,T_29b01666,232
230,80,match_start,0,Suravasa,Flashpoint,T_7f8fc438,T_29b01666,233
232,80,match_start,0,Esperança,Push,T_7f8fc438,T_29b01666,235
233,80,match_start,0,Circuit royal,Escort,T_7f8fc438,T_29b01666,236
234,80,match_start,0,Lijiang Tower,Control,T_7f8fc438,T_29b01666,237
235,82,match_start,0,New Junk City,Flashpoint,T_5568bd9d,T_a02bf5e9,238
236,83,match_start,0,New Junk City,Flashpoint,T_5568bd9d,T_a02bf5e9,239
237,84,match_start,0,New Junk City,Flashpoint,T_5568bd9d,T_a02bf5e9,240
238,34,match_start,0,New Junk City,Flashpoint,T_5568bd9d,T_a02bf5e9,241
239,34,match_start,0,New Junk City,Flashpoint,T_5568bd9d,T_a02bf5e9,242
240,34,match_start,0,New Junk City,Flashpoint,T_5568bd9d,T_a02bf5e9,243
241,34,match_start,0,New Junk City,Flashpoint,T_5568bd9d,T_a02bf5e9,244
242,34,match_start,0,New Junk City,Flashpoint,T_5568bd9d,T_a02bf5e9,245
243,34,match_start,0,New Junk City,Flashpoint,T_5568bd9d,T_a02bf5e9,246
245,34,match_start,0,New Junk City,Flashpoint,T_5568bd9d,T_a02bf5e9,248
246,34,match_start,0,New Junk City,Flashpoint,T_5568bd9d,T_a02bf5e9,249
247,34,match_start,0,New Junk City,Flashpoint,T_5568bd9d,T_a02bf5e9,250
248,34,match_start,0,Lijiang Tower,Control,T_5568bd9d,T_a02bf5e9,251
249,85,match_start,0,Suravasa,Flashpoint,T_5568bd9d,T_a02bf5e9,252
251,34,match_start,0,"King's Row",Hybrid,T_5568bd9d,T_a02bf5e9,254
252,34,match_start,0,"King's Row",Hybrid,T_5568bd9d,T_a02bf5e9,255
253,34,match_start,0,"King's Row",Hybrid,T_5568bd9d,T_a02bf5e9,256
254,34,match_start,0,Circuit royal,Escort,T_5568bd9d,T_a02bf5e9,257
255,34,match_start,0,Circuit royal,Escort,T_5568bd9d,T_a02bf5e9,258
256,87,match_start,0,Lijiang Tower,Control,T_5568bd9d,T_a02bf5e9,259
257,87,match_start,0,Circuit royal,Escort,T_5568bd9d,T_a02bf5e9,260
258,87,match_start,0,Suravasa,Flashpoint,T_5568bd9d,T_a02bf5e9,261
259,87,match_start,0,"King's Row",Hybrid,T_5568bd9d,T_a02bf5e9,262
260,87,match_start,0,Esperança,Push,T_5568bd9d,T_a02bf5e9,263
261,87,match_start,0,Antarctic Peninsula,Control,T_5568bd9d,T_a02bf5e9,264
262,87,match_start,0,Rialto,Escort,T_5568bd9d,T_a02bf5e9,265
264,85,match_start,0,"King's Row",Hybrid,T_5568bd9d,T_a02bf5e9,267
265,85,match_start,0,Suravasa,Flashpoint,T_5568bd9d,T_a02bf5e9,268
267,89,match_start,0,Lijiang Tower,Control,T_5568bd9d,T_a02bf5e9,270
268,90,match_start,0,Lijiang Tower,Control,T_5568bd9d,T_a02bf5e9,271
269,91,match_start,0,Lijiang Tower,Control,T_5568bd9d,T_a02bf5e9,272
270,91,match_start,0,Circuit royal,Escort,T_5568bd9d,T_a02bf5e9,273
271,91,match_start,0,Suravasa,Flashpoint,T_5568bd9d,T_a02bf5e9,274
272,91,match_start,0,"King's Row",Hybrid,T_5568bd9d,T_a02bf5e9,275
273,91,match_start,0,Esperança,Push,T_5568bd9d,T_a02bf5e9,276
274,91,match_start,0,Busan,Control,T_5568bd9d,T_a02bf5e9,277
275,92,match_start,0,Antarctic Peninsula,Control,T_7f8fc438,T_3454a3d6,278
276,92,match_start,0,"King's Row",Hybrid,T_7f8fc438,T_3454a3d6,279
277,92,match_start,0,Dorado,Escort,T_7f8fc438,T_3454a3d6,280
278,92,match_start,0,Suravasa,Flashpoint,T_7f8fc438,T_3454a3d6,281
280,93,match_start,0,Lijiang Tower,Control,T_5568bd9d,T_a02bf5e9,283
281,93,match_start,0,Circuit royal,Escort,T_5568bd9d,T_a02bf5e9,284
282,93,match_start,0,Suravasa,Flashpoint,T_5568bd9d,T_a02bf5e9,285
283,93,match_start,0,"King's Row",Hybrid,T_5568bd9d,T_a02bf5e9,286
284,93,match_start,0,Esperança,Push,T_5568bd9d,T_a02bf5e9,287
285,93,match_start,0,Busan,Control,T_5568bd9d,T_a02bf5e9,288
286,94,match_start,0,Lijiang Tower,Control,T_5568bd9d,T_a02bf5e9,289
287,94,match_start,0,Circuit royal,Escort,T_5568bd9d,T_a02bf5e9,290
288,94,match_start,0,Suravasa,Flashpoint,T_5568bd9d,T_a02bf5e9,291
289,94,match_start,0,"King's Row",Hybrid,T_5568bd9d,T_a02bf5e9,292
290,94,match_start,0,Esperança,Push,T_5568bd9d,T_a02bf5e9,293
291,94,match_start,0,Antarctic Peninsula,Control,T_5568bd9d,T_a02bf5e9,294
292,94,match_start,0,Antarctic Peninsula,Control,T_5568bd9d,T_a02bf5e9,295
302,96,match_start,0,Dorado,Escort,T_7f8fc438,T_beaf8cb4,305
303,96,match_start,0,Esperança,Push,T_7f8fc438,T_beaf8cb4,306
304,96,match_start,0,Paraíso,Hybrid,T_7f8fc438,T_beaf8cb4,307
305,96,match_start,0,Lijiang Tower,Control,T_7f8fc438,T_beaf8cb4,308
315,97,match_start,0,Esperança,Push,T_5568bd9d,T_a02bf5e9,318
316,97,match_start,0,Antarctic Peninsula,Control,T_5568bd9d,T_a02bf5e9,319
317,99,match_start,0,Lijiang Tower,Control,T_5568bd9d,T_a02bf5e9,320
318,99,match_start,0,Paraíso,Hybrid,T_5568bd9d,T_a02bf5e9,321
319,99,match_start,0,New Junk City,Flashpoint,T_5568bd9d,T_a02bf5e9,322
320,99,match_start,0,Dorado,Escort,T_5568bd9d,T_a02bf5e9,323
321,99,match_start,0,Esperança,Push,T_5568bd9d,T_a02bf5e9,324
322,99,match_start,0,Ilios,Control,T_5568bd9d,T_a02bf5e9,325
323,100,match_start,0,Esperança,Push,T_5568bd9d,T_a02bf5e9,326
324,100,match_start,0,Hollywood,Hybrid,T_5568bd9d,T_a02bf5e9,327
325,100,match_start,0,Samoa,Control,T_5568bd9d,T_a02bf5e9,328
326,100,match_start,0,Ilios,Control,T_5568bd9d,T_a02bf5e9,329
327,100,match_start,0,New Junk City,Flashpoint,T_5568bd9d,T_a02bf5e9,330
328,100,match_start,0,Circuit royal,Escort,T_5568bd9d,T_a02bf5e9,331
333,104,match_start,0,Nepal,Control,T_5568bd9d,T_a02bf5e9,336
334,104,match_start,0,Blizzard World,Hybrid,T_5568bd9d,T_a02bf5e9,337
335,104,match_start,0,Colosseo,Push,T_5568bd9d,T_a02bf5e9,338
336,104,match_start,0,Dorado,Escort,T_5568bd9d,T_a02bf5e9,339
337,104,match_start,0,Suravasa,Flashpoint,T_5568bd9d,T_a02bf5e9,340
338,105,match_start,0,Nepal,Control,T_5568bd9d,T_a02bf5e9,341
339,105,match_start,0,"King's Row",Hybrid,T_5568bd9d,T_a02bf5e9,342
340,105,match_start,0,Suravasa,Flashpoint,T_5568bd9d,T_a02bf5e9,343
341,105,match_start,0,Esperança,Push,T_5568bd9d,T_a02bf5e9,344
342,105,match_start,0,Circuit royal,Escort,T_5568bd9d,T_a02bf5e9,345
350,34,match_start,0,Suravasa,Flashpoint,T_5568bd9d,T_a02bf5e9,353
351,107,match_start,0,Lijiang Tower,Control,T_5568bd9d,T_a02bf5e9,354
352,107,match_start,0,Suravasa,Flashpoint,T_5568bd9d,T_a02bf5e9,355
353,107,match_start,0,"King's Row",Hybrid,T_5568bd9d,T_a02bf5e9,356
354,107,match_start,0,Esperança,Push,T_5568bd9d,T_a02bf5e9,357
355,107,match_start,0,Antarctic Peninsula,Control,T_5568bd9d,T_a02bf5e9,358
356,108,match_start,0,Lijiang Tower,Control,T_7f8fc438,T_01659e9a,359
357,108,match_start,0,"King's Row",Hybrid,T_7f8fc438,T_01659e9a,360
364,109,match_start,0,Esperança,Push,T_5568bd9d,T_a02bf5e9,367
366,111,match_start,0,Ilios,Control,T_10b872fe,T_79a392c0,369
367,112,match_start,0,Samoa,Control,T_5568bd9d,T_a02bf5e9,370
368,112,match_start,0,Rialto,Escort,T_5568bd9d,T_a02bf5e9,371
369,112,match_start,0,Suravasa,Flashpoint,T_5568bd9d,T_a02bf5e9,372
370,112,match_start,0,Blizzard World,Hybrid,T_5568bd9d,T_a02bf5e9,373
371,112,match_start,0,New Queen Street,Push,T_5568bd9d,T_a02bf5e9,374
372,112,match_start,0,Lijiang Tower,Control,T_5568bd9d,T_a02bf5e9,375
373,113,match_start,0,Nepal,Control,T_7f8fc438,T_504e1cd5,376
374,113,match_start,0,Circuit royal,Escort,T_7f8fc438,T_504e1cd5,377
375,113,match_start,0,New Junk City,Flashpoint,T_7f8fc438,T_504e1cd5,378
376,113,match_start,0,Esperança,Push,T_7f8fc438,T_504e1cd5,379
377,113,match_start,0,"King's Row (Winter)",Hybrid,T_7f8fc438,T_504e1cd5,380
378,113,match_start,0,Circuit royal,Escort,T_7f8fc438,T_504e1cd5,381
380,113,match_start,0,Circuit royal,Escort,T_7f8fc438,T_504e1cd5,383
381,113,match_start,0,Circuit royal,Escort,T_7f8fc438,T_504e1cd5,384
382,114,match_start,0,Ilios,Control,T_7f8fc438,T_92ddd88e,385
383,114,match_start,0,Circuit royal,Escort,T_7f8fc438,T_92ddd88e,386
384,114,match_start,0,New Queen Street,Push,T_7f8fc438,T_92ddd88e,387
385,114,match_start,0,Suravasa,Flashpoint,T_7f8fc438,T_92ddd88e,388
386,114,match_start,0,Eichenwalde,Hybrid,T_7f8fc438,T_92ddd88e,389
387,114,match_start,0,Nepal,Control,T_7f8fc438,T_a02bf5e9,390
388,115,match_start,0,Samoa,Control,T_5568bd9d,T_a02bf5e9,391
389,115,match_start,0,Dorado,Escort,T_5568bd9d,T_a02bf5e9,392
390,115,match_start,0,New Junk City,Flashpoint,T_5568bd9d,T_a02bf5e9,393
391,115,match_start,0,Midtown,Hybrid,T_5568bd9d,T_a02bf5e9,394
392,115,match_start,0,Esperança,Push,T_5568bd9d,T_a02bf5e9,395
393,116,match_start,0,Lijiang Tower,Control,T_5568bd9d,T_a02bf5e9,396
394,116,match_start,0,Hollywood,Hybrid,T_5568bd9d,T_a02bf5e9,397
395,116,match_start,0,Suravasa,Flashpoint,T_5568bd9d,T_a02bf5e9,398
396,116,match_start,0,Paraíso,Hybrid,T_5568bd9d,T_a02bf5e9,399
397,117,match_start,0,Lijiang Tower,Control,T_5568bd9d,T_a02bf5e9,400
398,117,match_start,0,Circuit royal,Escort,T_5568bd9d,T_a02bf5e9,401
399,117,match_start,0,Suravasa,Flashpoint,T_5568bd9d,T_a02bf5e9,402
400,117,match_start,0,Blizzard World,Hybrid,T_5568bd9d,T_a02bf5e9,403
401,117,match_start,0,Esperança,Push,T_5568bd9d,T_a02bf5e9,404
402,117,match_start,0,Antarctic Peninsula,Control,T_5568bd9d,T_a02bf5e9,405
403,117,match_start,0,Antarctic Peninsula,Control,T_5568bd9d,T_a02bf5e9,406
405,125,match_start,0,Lijiang Tower,Control,T_5568bd9d,T_a02bf5e9,408
406,125,match_start,0,Circuit royal,Escort,T_5568bd9d,T_a02bf5e9,409
407,125,match_start,0,New Junk City,Flashpoint,T_5568bd9d,T_a02bf5e9,410
409,125,match_start,0,Esperança,Push,T_5568bd9d,T_a02bf5e9,412
410,125,match_start,0,Antarctic Peninsula,Control,T_5568bd9d,T_a02bf5e9,413
412,127,match_start,0,Lijiang Tower,Control,T_5568bd9d,T_a02bf5e9,415
413,127,match_start,0,Route 66,Escort,T_5568bd9d,T_a02bf5e9,416
414,127,match_start,0,Suravasa,Flashpoint,T_5568bd9d,T_a02bf5e9,417
415,127,match_start,0,"King's Row",Hybrid,T_5568bd9d,T_a02bf5e9,418
417,127,match_start,0,Nepal,Control,T_5568bd9d,T_a02bf5e9,420
426,129,match_start,0,Lijiang Tower,Control,T_5568bd9d,T_a02bf5e9,429
427,129,match_start,0,Circuit royal,Escort,T_5568bd9d,T_a02bf5e9,430
428,129,match_start,0,Suravasa,Flashpoint,T_5568bd9d,T_a02bf5e9,431
429,129,match_start,0,"King's Row",Hybrid,T_5568bd9d,T_a02bf5e9,432
430,129,match_start,0,Esperança,Push,T_5568bd9d,T_a02bf5e9,433
433,131,match_start,0,Lijiang Tower,Control,T_5568bd9d,T_a02bf5e9,436
434,131,match_start,0,Circuit royal,Escort,T_5568bd9d,T_a02bf5e9,437
435,131,match_start,0,Suravasa,Flashpoint,T_5568bd9d,T_a02bf5e9,438
436,131,match_start,0,"King's Row",Hybrid,T_5568bd9d,T_a02bf5e9,439
437,131,match_start,0,Dorado,Escort,T_5568bd9d,T_a02bf5e9,440
438,132,match_start,0,Antarctic Peninsula,Control,T_7f8fc438,T_5c394d50,441
439,132,match_start,0,Circuit royal,Escort,T_7f8fc438,T_5c394d50,442
440,132,match_start,0,Esperança,Push,T_7f8fc438,T_5c394d50,443
441,132,match_start,0,Suravasa,Flashpoint,T_7f8fc438,T_5c394d50,444
442,132,match_start,0,"King's Row",Hybrid,T_7f8fc438,T_5c394d50,445
443,133,match_start,0,Samoa,Control,T_5568bd9d,T_a02bf5e9,446
444,133,match_start,0,Eichenwalde,Hybrid,T_5568bd9d,T_a02bf5e9,447
446,133,match_start,0,Esperança,Push,T_5568bd9d,T_a02bf5e9,449
447,133,match_start,0,Circuit royal,Escort,T_5568bd9d,T_a02bf5e9,450
448,133,match_start,0,Oasis,Control,T_5568bd9d,T_a02bf5e9,451
449,134,match_start,0,Busan,Control,T_5568bd9d,T_a02bf5e9,452
450,134,match_start,0,Junkertown,Escort,T_5568bd9d,T_a02bf5e9,453
451,134,match_start,0,Suravasa,Flashpoint,T_5568bd9d,T_a02bf5e9,454
453,134,match_start,0,Esperança,Push,T_5568bd9d,T_a02bf5e9,456
454,134,match_start,0,Samoa,Control,T_5568bd9d,T_a02bf5e9,457
455,135,match_start,0,New Junk City,Flashpoint,T_5568bd9d,T_a02bf5e9,458
457,137,match_start,0,Oasis,Control,T_5568bd9d,T_a02bf5e9,460
458,137,match_start,0,Shambali Monastery,Escort,T_8e0805e1,T_e10c87f5,461
459,137,match_start,0,Suravasa,Flashpoint,T_8e0805e1,T_e10c87f5,462
460,137,match_start,0,Eichenwalde,Hybrid,T_8e0805e1,T_e10c87f5,463
461,137,match_start,0,Esperança,Push,T_8e0805e1,T_e10c87f5,464
462,137,match_start,0,Busan,Control,T_8e0805e1,T_e10c87f5,465
464,135,match_start,0,Blizzard World,Hybrid,T_5568bd9d,T_a02bf5e9,467
465,135,match_start,0,Colosseo,Push,T_5568bd9d,T_a02bf5e9,468
466,135,match_start,0,Circuit royal,Escort,T_5568bd9d,T_a02bf5e9,469
467,135,match_start,0,Nepal,Control,T_5568bd9d,T_a02bf5e9,470
468,139,match_start,0,New Queen Street,Push,T_82d32d7e,T_326e943d,471
469,139,match_start,0,Suravasa,Flashpoint,T_82d32d7e,T_326e943d,472
477,141,match_start,0,Busan,Control,T_5568bd9d,T_a02bf5e9,480
478,141,match_start,0,Shambali Monastery,Escort,T_5568bd9d,T_a02bf5e9,481
479,141,match_start,0,Suravasa,Flashpoint,T_5568bd9d,T_a02bf5e9,482
480,141,match_start,0,Eichenwalde,Hybrid,T_5568bd9d,T_a02bf5e9,483
481,141,match_start,0,Esperança,Push,T_5568bd9d,T_a02bf5e9,484
482,141,match_start,0,Oasis,Control,T_5568bd9d,T_a02bf5e9,485
489,143,match_start,0,Nepal,Control,T_5568bd9d,T_a02bf5e9,492
497,146,match_start,0,Nepal,Control,T_5568bd9d,T_a02bf5e9,500
498,146,match_start,0,Lijiang Tower,Control,T_5568bd9d,T_a02bf5e9,501
499,146,match_start,0,Midtown,Hybrid,T_5568bd9d,T_a02bf5e9,502
500,146,match_start,0,Esperança,Push,T_5568bd9d,T_a02bf5e9,503
501,146,match_start,0,New Junk City,Flashpoint,T_5568bd9d,T_a02bf5e9,504
502,146,match_start,0,Junkertown,Escort,T_5568bd9d,T_a02bf5e9,505
516,153,match_start,0,Oasis,Control,T_5568bd9d,T_a02bf5e9,519
517,153,match_start,0,Shambali Monastery,Escort,T_5568bd9d,T_a02bf5e9,520
519,153,match_start,0,Hollywood,Hybrid,T_5568bd9d,T_a02bf5e9,522
520,153,match_start,0,Esperança,Push,T_5568bd9d,T_a02bf5e9,523
521,153,match_start,0,Nepal,Control,T_5568bd9d,T_a02bf5e9,524
537,156,match_start,0,Busan,Control,T_b16cd221,T_6245d371,540
538,156,match_start,0,Hollywood,Hybrid,T_b16cd221,T_6245d371,541
539,156,match_start,0,Esperança,Push,T_b16cd221,T_6245d371,542
540,156,match_start,0,Suravasa,Flashpoint,T_b16cd221,T_6245d371,543
541,156,match_start,0,Junkertown,Escort,T_b16cd221,T_6245d371,544
542,156,match_start,0,"King's Row",Hybrid,T_b16cd221,T_6245d371,545
551,157,match_start,0,Suravasa,Flashpoint,T_9187fb83,T_9b28cc4d,554
552,158,match_start,0,Oasis,Control,T_5568bd9d,T_a02bf5e9,555
553,158,match_start,0,Midtown,Hybrid,T_5568bd9d,T_a02bf5e9,556
554,158,match_start,0,Esperança,Push,T_5568bd9d,T_a02bf5e9,557
555,158,match_start,0,New Junk City,Flashpoint,T_5568bd9d,T_a02bf5e9,558
556,158,match_start,0,Route 66,Escort,T_5568bd9d,T_a02bf5e9,559
557,158,match_start,0,Samoa,Control,T_5568bd9d,T_a02bf5e9,560
558,158,match_start,0,Lijiang Tower,Control,T_5568bd9d,T_a02bf5e9,561
559,159,match_start,0,New Junk City,Flashpoint,T_d0a9a53d,T_15eee8e2,562
560,159,match_start,0,Junkertown,Escort,T_d0a9a53d,T_15eee8e2,563
561,159,match_start,0,Busan,Control,T_d0a9a53d,T_15eee8e2,564
563,160,match_start,0,Busan,Control,T_5568bd9d,T_a02bf5e9,566
569,161,match_start,0,Nepal,Control,T_5568bd9d,T_a02bf5e9,572
570,162,match_start,0,Eichenwalde,Hybrid,T_9b28cc4d,T_b97bd774,573
571,163,match_start,0,Suravasa,Flashpoint,T_9b28cc4d,T_b97bd774,574
572,163,match_start,0,New Queen Street,Push,T_9b28cc4d,T_b97bd774,575
573,163,match_start,0,Nepal,Control,T_5568bd9d,T_a02bf5e9,576
574,164,match_start,0,Busan,Control,T_7f8fc438,T_270d1832,577
575,164,match_start,0,Suravasa,Flashpoint,T_7f8fc438,T_270d1832,578
576,164,match_start,0,Nepal,Control,T_7f8fc438,T_270d1832,579
577,164,match_start,0,Hollywood,Hybrid,T_7f8fc438,T_270d1832,580
578,164,match_start,0,Esperança,Push,T_7f8fc438,T_270d1832,581
579,164,match_start,0,Rialto,Escort,T_7f8fc438,T_270d1832,582
581,171,match_start,0,New Junk City,Flashpoint,T_b733c15a,T_ec64cb45,589
582,171,match_start,0,Rialto,Escort,T_b733c15a,T_ec64cb45,590
583,163,match_start,0,Eichenwalde,Hybrid,T_9b28cc4d,T_b97bd774,591
584,172,match_start,0,Nepal,Control,T_5568bd9d,T_a02bf5e9,592
587,172,match_start,0,Suravasa,Flashpoint,T_5568bd9d,T_a02bf5e9,595
588,172,match_start,0,Rialto,Escort,T_5568bd9d,T_a02bf5e9,596
591,176,match_start,0,Oasis,Control,T_5568bd9d,T_a02bf5e9,599
592,176,match_start,0,Hollywood,Hybrid,T_5568bd9d,T_a02bf5e9,600
593,176,match_start,0,Suravasa,Flashpoint,T_5568bd9d,T_a02bf5e9,601
594,176,match_start,0,Shambali Monastery,Escort,T_5568bd9d,T_a02bf5e9,602
595,176,match_start,0,Suravasa,Flashpoint,T_5568bd9d,T_a02bf5e9,603
602,178,match_start,0,Busan,Control,T_7f8fc438,T_f87f7ea4,610
603,178,match_start,0,Hollywood,Hybrid,T_7f8fc438,T_f87f7ea4,611
604,178,match_start,0,Colosseo,Push,T_7f8fc438,T_f87f7ea4,612
605,178,match_start,0,Suravasa,Flashpoint,T_7f8fc438,T_f87f7ea4,613
606,177,match_start,0,Esperança,Push,T_5568bd9d,T_a02bf5e9,614
607,177,match_start,0,Samoa,Control,T_5568bd9d,T_a02bf5e9,615
608,179,match_start,0,Oasis,Control,T_5568bd9d,T_a02bf5e9,616
609,180,match_start,0,Oasis,Control,T_5568bd9d,T_a02bf5e9,617
610,180,match_start,0,Shambali Monastery,Escort,T_5568bd9d,T_a02bf5e9,618
611,180,match_start,0,Suravasa,Flashpoint,T_5568bd9d,T_a02bf5e9,619
612,180,match_start,0,Hollywood,Hybrid,T_5568bd9d,T_a02bf5e9,620
613,180,match_start,0,Esperança,Push,T_5568bd9d,T_a02bf5e9,621
615,181,match_start,0,Rialto,Escort,T_5568bd9d,T_a02bf5e9,623
616,181,match_start,0,New Junk City,Flashpoint,T_5568bd9d,T_a02bf5e9,624
617,181,match_start,0,Paraíso,Hybrid,T_5568bd9d,T_a02bf5e9,625
618,181,match_start,0,Colosseo,Push,T_5568bd9d,T_a02bf5e9,626
619,181,match_start,0,Busan,Control,T_5568bd9d,T_a02bf5e9,627
620,182,match_start,0,Rialto,Escort,T_5568bd9d,T_a02bf5e9,628
636,196,match_start,0,Lijiang Tower,Control,T_5568bd9d,T_a02bf5e9,644
637,196,match_start,0,Hollywood,Hybrid,T_5568bd9d,T_a02bf5e9,645
639,196,match_start,0,New Queen Street,Push,T_5568bd9d,T_a02bf5e9,647
640,196,match_start,0,Nepal,Control,T_5568bd9d,T_a02bf5e9,648
641,197,match_start,0,Lijiang Tower,Control,T_5568bd9d,T_a02bf5e9,649
642,197,match_start,0,"King's Row",Hybrid,T_5568bd9d,T_a02bf5e9,650
643,197,match_start,0,Havana,Escort,T_5568bd9d,T_a02bf5e9,651
644,197,match_start,0,Colosseo,Push,T_5568bd9d,T_a02bf5e9,652
645,197,match_start,0,Suravasa,Flashpoint,T_5568bd9d,T_a02bf5e9,653
646,197,match_start,0,Nepal,Control,T_5568bd9d,T_a02bf5e9,654
647,198,match_start,0,Nepal,Control,T_5568bd9d,T_a02bf5e9,655
648,198,match_start,0,Paraíso,Hybrid,T_5568bd9d,T_a02bf5e9,656
653,199,match_start,0,Antarctic Peninsula,Control,T_5568bd9d,T_a02bf5e9,661
654,199,match_start,0,Havana,Escort,T_5568bd9d,T_a02bf5e9,662
655,199,match_start,0,"King's Row",Hybrid,T_5568bd9d,T_a02bf5e9,663
658,199,match_start,0,Colosseo,Push,T_5568bd9d,T_a02bf5e9,666
668,202,match_start,0,Suravasa,Flashpoint,T_5568bd9d,T_a02bf5e9,676
669,202,match_start,0,Esperança,Push,T_5568bd9d,T_a02bf5e9,677
670,203,match_start,0,Lijiang Tower,Control,T_5568bd9d,T_a02bf5e9,678
673,203,match_start,0,Suravasa,Flashpoint,T_5568bd9d,T_a02bf5e9,681
671,203,match_start,0,Rialto,Escort,T_5568bd9d,T_a02bf5e9,679
672,203,match_start,0,Esperança,Push,T_5568bd9d,T_a02bf5e9,680
674,203,match_start,0,Busan,Control,T_5568bd9d,T_a02bf5e9,682
675,203,match_start,0,"King's Row",Hybrid,T_5568bd9d,T_a02bf5e9,683
676,203,match_start,0,New Queen Street,Push,T_5568bd9d,T_a02bf5e9,684
680,205,match_start,0,Lijiang Tower,Control,T_8e0805e1,T_5bebbfcc,688
681,206,match_start,0,Ilios,Control,T_3f339a89,T_17b75721,689
682,205,match_start,0,Junkertown,Escort,T_8e0805e1,T_5bebbfcc,690
683,205,match_start,0,Suravasa,Flashpoint,T_8e0805e1,T_5bebbfcc,691
684,206,match_start,0,Route 66,Escort,T_3f339a89,T_17b75721,692
685,205,match_start,0,Midtown,Hybrid,T_8e0805e1,T_5bebbfcc,693
686,206,match_start,0,Numbani,Hybrid,T_3f339a89,T_17b75721,694
687,205,match_start,0,Esperança,Push,T_8e0805e1,T_5bebbfcc,695
688,206,match_start,0,Suravasa,Flashpoint,T_3f339a89,T_17b75721,696
690,205,match_start,0,Nepal,Control,T_8e0805e1,T_5bebbfcc,698
691,207,match_start,0,Lijiang Tower,Control,T_5568bd9d,T_a02bf5e9,699
692,207,match_start,0,Paraíso,Hybrid,T_5568bd9d,T_a02bf5e9,700
693,207,match_start,0,Watchpoint: Gibraltar,Escort,T_5568bd9d,T_a02bf5e9,701
694,207,match_start,0,Suravasa,Flashpoint,T_5568bd9d,T_a02bf5e9,702
695,207,match_start,0,Esperança,Push,T_5568bd9d,T_a02bf5e9,703
703,206,match_start,0,Samoa,Control,T_3f339a89,T_17b75721,711
704,34,match_start,0,Nepal,Control,T_9a920426,T_0040c1c4,712
705,218,match_start,0,Nepal,Control,T_9a920426,T_0040c1c4,713
706,218,match_start,0,Route 66,Escort,T_9a920426,T_0040c1c4,714
707,218,match_start,0,Suravasa,Flashpoint,T_9a920426,T_0040c1c4,715
708,218,match_start,0,Hollywood,Hybrid,T_9a920426,T_0040c1c4,716
712,222,match_start,0,Lijiang Tower,Control,T_0ff7da8a,T_a02bf5e9,720
713,222,match_start,0,Circuit royal,Escort,T_0ff7da8a,T_a02bf5e9,721
714,222,match_start,0,"King's Row",Hybrid,T_0ff7da8a,T_a02bf5e9,722
715,222,match_start,0,Suravasa,Flashpoint,T_0ff7da8a,T_a02bf5e9,723
716,222,match_start,0,Watchpoint: Gibraltar,Escort,T_0ff7da8a,T_a02bf5e9,724
717,222,match_start,0,New Queen Street,Push,T_0ff7da8a,T_a02bf5e9,725
718,206,match_start,0,Busan,Control,T_5568bd9d,T_a02bf5e9,726
719,223,match_start,0,Lijiang Tower,Control,T_5568bd9d,T_a02bf5e9,727
720,223,match_start,0,Shambali Monastery,Escort,T_5568bd9d,T_a02bf5e9,728
721,223,match_start,0,Suravasa,Flashpoint,T_5568bd9d,T_a02bf5e9,729
722,223,match_start,0,Midtown,Hybrid,T_5568bd9d,T_a02bf5e9,730
723,224,match_start,0,Esperança,Push,T_55205154,T_530434e6,731
724,223,match_start,0,Esperança,Push,T_5568bd9d,T_a02bf5e9,732
725,224,match_start,0,Nepal,Control,T_55205154,T_530434e6,733
726,223,match_start,0,Oasis,Control,T_5568bd9d,T_a02bf5e9,734
727,225,match_start,0,Samoa,Control,T_7f8fc438,T_62a6cfa3,735
734,227,match_start,0,Ilios,Control,T_5568bd9d,T_a02bf5e9,743
735,227,match_start,0,Ilios,Control,T_5568bd9d,T_a02bf5e9,744
736,227,match_start,0,Ilios,Control,T_5568bd9d,T_a02bf5e9,745
737,227,match_start,0,Ilios,Control,T_5568bd9d,T_a02bf5e9,746
738,228,match_start,0,Oasis,Control,T_5568bd9d,T_a02bf5e9,747
739,229,match_start,0,Busan,Control,T_af393e70,T_a6df6ff4,748
740,229,match_start,0,"King's Row",Hybrid,T_af393e70,T_a6df6ff4,749
741,229,match_start,0,Circuit royal,Escort,T_af393e70,T_a6df6ff4,750
742,229,match_start,0,New Junk City,Flashpoint,T_af393e70,T_a6df6ff4,751
743,229,match_start,0,Lijiang Tower,Control,T_af393e70,T_a6df6ff4,752
744,229,match_start,0,Esperança,Push,T_af393e70,T_a6df6ff4,753
745,229,match_start,0,Lijiang Tower,Control,T_af393e70,T_a6df6ff4,754
749,231,match_start,0,Busan,Control,T_5568bd9d,T_a02bf5e9,758
750,231,match_start,0,Shambali Monastery,Escort,T_5568bd9d,T_a02bf5e9,759
751,231,match_start,0,Hollywood,Hybrid,T_5568bd9d,T_a02bf5e9,760
752,231,match_start,0,Esperança,Push,T_5568bd9d,T_a02bf5e9,761
753,231,match_start,0,Suravasa,Flashpoint,T_5568bd9d,T_a02bf5e9,762
755,232,match_start,0,Oasis,Control,T_5568bd9d,T_a02bf5e9,764
756,232,match_start,0,Paraíso,Hybrid,T_5568bd9d,T_a02bf5e9,765
757,232,match_start,0,Shambali Monastery,Escort,T_5568bd9d,T_a02bf5e9,766
758,232,match_start,0,Esperança,Push,T_5568bd9d,T_a02bf5e9,767
759,232,match_start,0,Suravasa,Flashpoint,T_5568bd9d,T_a02bf5e9,768
760,232,match_start,0,Busan,Control,T_5568bd9d,T_a02bf5e9,769
761,232,match_start,0,Esperança,Push,T_5568bd9d,T_a02bf5e9,770
764,234,match_start,0,Hanaoka,Clash,T_5568bd9d,T_a02bf5e9,773
765,235,match_start,0,Hanaoka,Clash,T_5568bd9d,T_a02bf5e9,774
766,236,match_start,0,Hanaoka,Clash,T_5568bd9d,T_a02bf5e9,775
767,237,match_start,0,Junkertown,Escort,T_b64ba4c4,T_44cab573,776
768,237,match_start,0,Hanaoka,Clash,T_5568bd9d,T_a02bf5e9,777
769,237,match_start,0,New Queen Street,Push,T_b64ba4c4,T_44cab573,778
770,237,match_start,0,Blizzard World,Hybrid,T_b64ba4c4,T_44cab573,779
772,237,match_start,0,Suravasa,Flashpoint,T_b64ba4c4,T_44cab573,781
773,237,match_start,0,Hanaoka,Clash,T_b64ba4c4,T_44cab573,782
781,244,match_start,0,Antarctic Peninsula,Control,T_5568bd9d,T_a02bf5e9,790
782,244,match_start,0,Dorado,Escort,T_5568bd9d,T_a02bf5e9,791
783,244,match_start,0,"King's Row",Hybrid,T_5568bd9d,T_a02bf5e9,792
784,244,match_start,0,Esperança,Push,T_5568bd9d,T_a02bf5e9,793
785,244,match_start,0,New Junk City,Flashpoint,T_5568bd9d,T_a02bf5e9,794
786,245,match_start,0,Nepal,Control,T_5568bd9d,T_a02bf5e9,795
787,245,match_start,0,Circuit royal,Escort,T_5568bd9d,T_a02bf5e9,796
788,245,match_start,0,"King's Row",Hybrid,T_5568bd9d,T_a02bf5e9,797
789,245,match_start,0,Esperança,Push,T_5568bd9d,T_a02bf5e9,798
793,245,match_start,0,Antarctic Peninsula,Control,T_5568bd9d,T_a02bf5e9,802
794,246,match_start,0,Lijiang Tower,Control,T_5568bd9d,T_a02bf5e9,803
795,247,match_start,0,Lijiang Tower,Control,T_5568bd9d,T_a02bf5e9,804
796,248,match_start,0,Lijiang Tower,Control,T_5568bd9d,T_a02bf5e9,805
797,248,match_start,0,Circuit royal,Escort,T_5568bd9d,T_a02bf5e9,806
798,248,match_start,0,Esperança,Push,T_5568bd9d,T_a02bf5e9,807
799,248,match_start,0,Midtown,Hybrid,T_5568bd9d,T_a02bf5e9,808
800,248,match_start,0,Suravasa,Flashpoint,T_5568bd9d,T_a02bf5e9,809
801,248,match_start,0,Nepal,Control,T_5568bd9d,T_a02bf5e9,810
803,249,match_start,0,Ilios,Control,T_f651b2a4,T_8b3a2c80,812
804,249,match_start,0,"King's Row",Hybrid,T_f651b2a4,T_8b3a2c80,813
805,249,match_start,0,Suravasa,Flashpoint,T_f651b2a4,T_8b3a2c80,814
811,251,match_start,0,Ilios,Control,T_5568bd9d,T_a02bf5e9,820
829,253,match_start,0,Suravasa,Flashpoint,T_5568bd9d,T_a02bf5e9,838
830,256,match_start,0,Lijiang Tower,Control,T_5568bd9d,T_a02bf5e9,839
831,257,match_start,0,Lijiang Tower,Control,T_5568bd9d,T_a02bf5e9,840
832,258,match_start,0,Lijiang Tower,Control,T_5568bd9d,T_a02bf5e9,841
833,259,match_start,0,Lijiang Tower,Control,T_5568bd9d,T_a02bf5e9,842
834,259,match_start,0,Hollywood,Hybrid,T_5568bd9d,T_a02bf5e9,843
835,259,match_start,0,Circuit royal,Escort,T_5568bd9d,T_a02bf5e9,844
836,259,match_start,0,Colosseo,Push,T_5568bd9d,T_a02bf5e9,845
837,259,match_start,0,New Junk City,Flashpoint,T_5568bd9d,T_a02bf5e9,846
840,260,match_start,0,Hanaoka,Clash,T_7dac2c2c,T_7bf56e68,849
841,261,match_start,0,Route 66,Escort,T_7dac2c2c,T_7bf56e68,850
844,261,match_start,0,Suravasa,Flashpoint,T_7dac2c2c,T_7bf56e68,853
845,261,match_start,0,Ilios,Control,T_7dac2c2c,T_7bf56e68,854
846,261,match_start,0,Hanaoka,Clash,T_7dac2c2c,T_7bf56e68,855
847,262,match_start,0,Nepal,Control,T_5568bd9d,T_a02bf5e9,856
848,271,match_start,0,Nepal,Control,T_5568bd9d,T_a02bf5e9,857
850,271,match_start,0,Suravasa,Flashpoint,T_5568bd9d,T_a02bf5e9,859
851,271,match_start,0,Paraíso,Hybrid,T_5568bd9d,T_a02bf5e9,860
852,271,match_start,0,Esperança,Push,T_5568bd9d,T_a02bf5e9,861
853,271,match_start,0,Midtown,Hybrid,T_5568bd9d,T_a02bf5e9,862
854,271,match_start,0,Oasis,Control,T_5568bd9d,T_a02bf5e9,863
855,272,match_start,0,Busan,Control,T_5568bd9d,T_a02bf5e9,864
856,273,match_start,0,Busan,Control,T_5568bd9d,T_a02bf5e9,865
859,276,match_start,0,Hollywood,Hybrid,T_5568bd9d,T_a02bf5e9,868
860,276,match_start,0,Rialto,Escort,T_5568bd9d,T_a02bf5e9,869
867,277,match_start,0,Suravasa,Flashpoint,T_5568bd9d,T_a02bf5e9,876
868,277,match_start,0,Esperança,Push,T_5568bd9d,T_a02bf5e9,877
869,277,match_start,0,Dorado,Escort,T_5568bd9d,T_a02bf5e9,878
871,278,match_start,0,Busan,Control,T_5568bd9d,T_a02bf5e9,880
872,278,match_start,0,Junkertown,Escort,T_5568bd9d,T_a02bf5e9,881
873,278,match_start,0,Suravasa,Flashpoint,T_5568bd9d,T_a02bf5e9,882
874,278,match_start,0,"King's Row",Hybrid,T_5568bd9d,T_a02bf5e9,883
875,278,match_start,0,Lijiang Tower,Control,T_5568bd9d,T_a02bf5e9,884
876,278,match_start,0,Suravasa,Flashpoint,T_5568bd9d,T_a02bf5e9,885
877,278,match_start,0,New Queen Street,Push,T_5568bd9d,T_a02bf5e9,886
881,279,match_start,0,New Queen Street,Push,T_5568bd9d,T_a02bf5e9,890
882,279,match_start,0,Suravasa,Flashpoint,T_5568bd9d,T_a02bf5e9,891
883,279,match_start,0,Ilios,Control,T_5568bd9d,T_a02bf5e9,892
885,280,match_start,0,Nepal,Control,T_5568bd9d,T_a02bf5e9,894
886,280,match_start,0,Dorado,Escort,T_5568bd9d,T_a02bf5e9,895
889,281,match_start,0,Antarctic Peninsula,Control,T_5568bd9d,T_a02bf5e9,898
890,281,match_start,0,Eichenwalde,Hybrid,T_5568bd9d,T_a02bf5e9,899
891,281,match_start,0,Route 66,Escort,T_5568bd9d,T_a02bf5e9,900
892,281,match_start,0,Suravasa,Flashpoint,T_5568bd9d,T_a02bf5e9,901
893,281,match_start,0,Colosseo,Push,T_5568bd9d,T_a02bf5e9,902
895,282,match_start,0,Lijiang Tower,Control,T_5568bd9d,T_a02bf5e9,904
909,285,match_start,0,Hollywood,Hybrid,T_5568bd9d,T_a02bf5e9,918
910,285,match_start,0,Esperança,Push,T_5568bd9d,T_a02bf5e9,919
911,285,match_start,0,Junkertown,Escort,T_5568bd9d,T_a02bf5e9,920
912,285,match_start,0,Suravasa,Flashpoint,T_5568bd9d,T_a02bf5e9,921
913,285,match_start,0,Nepal,Control,T_5568bd9d,T_a02bf5e9,922
914,285,match_start,0,New Queen Street,Push,T_5568bd9d,T_a02bf5e9,923
915,285,match_start,0,Oasis,Control,T_5568bd9d,T_a02bf5e9,924
920,287,match_start,0,Nepal,Control,T_0ff7da8a,T_6ab14952,929
921,287,match_start,0,Eichenwalde,Hybrid,T_0ff7da8a,T_6ab14952,930
923,291,match_start,0,Circuit royal,Escort,T_5568bd9d,T_a02bf5e9,932
925,291,match_start,0,Suravasa,Flashpoint,T_5568bd9d,T_a02bf5e9,934
926,291,match_start,0,Antarctic Peninsula,Control,T_5568bd9d,T_a02bf5e9,935
927,291,match_start,0,New Queen Street,Push,T_5568bd9d,T_a02bf5e9,936
928,292,match_start,0,Dorado,Escort,T_7f8fc438,T_4d76fcf8,937
929,292,match_start,0,"King's Row",Hybrid,T_7f8fc438,T_4d76fcf8,938
930,292,match_start,0,Esperança,Push,T_7f8fc438,T_4d76fcf8,939
931,292,match_start,0,Suravasa,Flashpoint,T_7f8fc438,T_4d76fcf8,940
932,292,match_start,0,Antarctic Peninsula,Control,T_7f8fc438,T_4d76fcf8,941
933,293,match_start,0,Lijiang Tower,Control,T_5568bd9d,T_a02bf5e9,942
934,293,match_start,0,Watchpoint: Gibraltar,Escort,T_5568bd9d,T_a02bf5e9,943
935,293,match_start,0,Hollywood,Hybrid,T_5568bd9d,T_a02bf5e9,944
936,293,match_start,0,Esperança,Push,T_5568bd9d,T_a02bf5e9,945
937,293,match_start,0,Suravasa,Flashpoint,T_5568bd9d,T_a02bf5e9,946
938,293,match_start,0,Nepal,Control,T_5568bd9d,T_a02bf5e9,947
939,294,match_start,0,Oasis,Control,T_5568bd9d,T_a02bf5e9,948
940,294,match_start,0,Paraíso,Hybrid,T_5568bd9d,T_a02bf5e9,949
941,294,match_start,0,Suravasa,Flashpoint,T_5568bd9d,T_a02bf5e9,950
942,294,match_start,0,Colosseo,Push,T_5568bd9d,T_a02bf5e9,951
943,294,match_start,0,Shambali Monastery,Escort,T_5568bd9d,T_a02bf5e9,952
944,294,match_start,0,Midtown,Hybrid,T_5568bd9d,T_a02bf5e9,953
946,296,match_start,0,"King's Row",Hybrid,T_5568bd9d,T_a02bf5e9,955
947,296,match_start,0,Dorado,Escort,T_5568bd9d,T_a02bf5e9,956
948,296,match_start,0,Dorado,Escort,T_5568bd9d,T_a02bf5e9,957
949,296,match_start,0,Colosseo,Push,T_5568bd9d,T_a02bf5e9,958
951,296,match_start,0,Suravasa,Flashpoint,T_5568bd9d,T_a02bf5e9,960
952,296,match_start,0,Nepal,Control,T_5568bd9d,T_a02bf5e9,961
953,296,match_start,0,Nepal,Control,T_5568bd9d,T_a02bf5e9,962
954,296,match_start,0,Nepal,Control,T_5568bd9d,T_a02bf5e9,963
955,296,match_start,0,Nepal,Control,T_5568bd9d,T_a02bf5e9,964
956,296,match_start,0,Nepal,Control,T_5568bd9d,T_a02bf5e9,965
957,296,match_start,0,Watchpoint: Gibraltar,Escort,T_5568bd9d,T_a02bf5e9,966
958,297,match_start,0,Antarctic Peninsula,Control,T_1369184f,T_a02bf5e9,967
959,297,match_start,0,"King's Row",Hybrid,T_1369184f,T_a02bf5e9,968
960,297,match_start,0,New Queen Street,Push,T_1369184f,T_a02bf5e9,969
967,298,match_start,0,New Junk City,Flashpoint,T_92d237bd,T_a02bf5e9,977
983,300,match_start,0,Colosseo,Push,T_5568bd9d,T_a02bf5e9,994
985,301,match_start,0,Nepal,Control,T_92d237bd,T_a02bf5e9,996
989,302,match_start,0,Numbani,Hybrid,T_5568bd9d,T_a02bf5e9,1000
992,302,match_start,0,Esperança,Push,T_5568bd9d,T_a02bf5e9,1003
978,300,match_start,0,Circuit royal,Escort,T_5568bd9d,T_a02bf5e9,989
979,300,match_start,0,Ilios,Control,T_5568bd9d,T_a02bf5e9,990
980,300,match_start,0,Suravasa,Flashpoint,T_5568bd9d,T_a02bf5e9,991
982,300,match_start,0,Junkertown,Escort,T_5568bd9d,T_a02bf5e9,993
984,301,match_start,0,Dorado,Escort,T_92d237bd,T_a02bf5e9,995
990,302,match_start,0,Route 66,Escort,T_5568bd9d,T_a02bf5e9,1001
991,302,match_start,0,New Junk City,Flashpoint,T_5568bd9d,T_a02bf5e9,1002
993,302,match_start,0,Oasis,Control,T_5568bd9d,T_a02bf5e9,1004
994,303,match_start,0,Antarctic Peninsula,Control,T_5568bd9d,T_a02bf5e9,1005
995,303,match_start,0,Eichenwalde,Hybrid,T_5568bd9d,T_a02bf5e9,1006
996,303,match_start,0,Dorado,Escort,T_5568bd9d,T_a02bf5e9,1007
997,303,match_start,0,Esperança,Push,T_5568bd9d,T_a02bf5e9,1008
998,303,match_start,0,New Junk City,Flashpoint,T_5568bd9d,T_a02bf5e9,1009
999,303,match_start,0,Oasis,Control,T_5568bd9d,T_a02bf5e9,1010
1004,305,match_start,0,Ilios,Control,T_5568bd9d,T_a02bf5e9,1015
1005,305,match_start,0,Circuit royal,Escort,T_5568bd9d,T_a02bf5e9,1016
1006,305,match_start,0,Numbani,Hybrid,T_5568bd9d,T_a02bf5e9,1017
1007,305,match_start,0,Colosseo,Push,T_5568bd9d,T_a02bf5e9,1018
1008,305,match_start,0,Suravasa,Flashpoint,T_5568bd9d,T_a02bf5e9,1019
1009,306,match_start,0,Lijiang Tower,Control,T_5568bd9d,T_a02bf5e9,1020
1010,306,match_start,0,Hollywood,Hybrid,T_5568bd9d,T_a02bf5e9,1021
1011,306,match_start,0,Suravasa,Flashpoint,T_5568bd9d,T_a02bf5e9,1022
1012,306,match_start,0,Rialto,Escort,T_5568bd9d,T_a02bf5e9,1023
1016,306,match_start,0,Esperança,Push,T_5568bd9d,T_a02bf5e9,1027
1018,306,match_start,0,Suravasa,Flashpoint,T_5568bd9d,T_a02bf5e9,1029
1023,308,match_start,0,Junkertown,Escort,T_5568bd9d,T_a02bf5e9,1034
1024,308,match_start,0,New Junk City,Flashpoint,T_5568bd9d,T_a02bf5e9,1035
1025,308,match_start,0,Midtown,Hybrid,T_5568bd9d,T_a02bf5e9,1036
1026,308,match_start,0,Colosseo,Push,T_5568bd9d,T_a02bf5e9,1037
1027,308,match_start,0,"King's Row",Hybrid,T_5568bd9d,T_a02bf5e9,1038
1028,308,match_start,0,Hanaoka,Clash,T_5568bd9d,T_a02bf5e9,1039
1034,309,match_start,0,Samoa,Control,T_5568bd9d,T_a02bf5e9,1045
1035,309,match_start,0,Colosseo,Push,T_5568bd9d,T_a02bf5e9,1046
1037,309,match_start,0,New Junk City,Flashpoint,T_5568bd9d,T_a02bf5e9,1048
1039,311,match_start,0,Busan,Control,T_891e5530,T_d1af2858,1050
1048,312,match_start,0,New Junk City,Flashpoint,T_5568bd9d,T_a02bf5e9,1059
1049,312,match_start,0,Esperança,Push,T_5568bd9d,T_a02bf5e9,1060
1050,312,match_start,0,Watchpoint: Gibraltar,Escort,T_5568bd9d,T_a02bf5e9,1061
1059,315,match_start,0,Esperança,Push,T_5568bd9d,T_a02bf5e9,1070
1060,315,match_start,0,Rialto,Escort,T_5568bd9d,T_a02bf5e9,1071
1061,315,match_start,0,Ilios,Control,T_5568bd9d,T_a02bf5e9,1072
1062,315,match_start,0,"King's Row",Hybrid,T_5568bd9d,T_a02bf5e9,1073
1063,316,match_start,0,Busan,Control,T_0ff7da8a,T_f9cfdbf8,1074
1064,316,match_start,0,Havana,Escort,T_0ff7da8a,T_f9cfdbf8,1075
1065,316,match_start,0,New Queen Street,Push,T_0ff7da8a,T_f9cfdbf8,1076
1066,316,match_start,0,Eichenwalde,Hybrid,T_0ff7da8a,T_f9cfdbf8,1077
1067,316,match_start,0,Eichenwalde,Hybrid,T_0ff7da8a,T_f9cfdbf8,1078
1068,316,match_start,0,Eichenwalde,Hybrid,T_0ff7da8a,T_f9cfdbf8,1079
1069,316,match_start,0,Suravasa,Flashpoint,T_0ff7da8a,T_f9cfdbf8,1080
1074,318,match_start,0,Suravasa,Flashpoint,T_5568bd9d,T_a02bf5e9,1085
1075,318,match_start,0,Oasis,Control,T_5568bd9d,T_a02bf5e9,1086
1076,319,match_start,0,Samoa,Control,T_5568bd9d,T_a02bf5e9,1087
1077,319,match_start,0,Shambali Monastery,Escort,T_5568bd9d,T_a02bf5e9,1088
1078,319,match_start,0,Numbani,Hybrid,T_5568bd9d,T_a02bf5e9,1089
1079,319,match_start,0,Colosseo,Push,T_5568bd9d,T_a02bf5e9,1090
1080,319,match_start,0,Suravasa,Flashpoint,T_5568bd9d,T_a02bf5e9,1091
1082,320,match_start,0,Samoa,Control,T_5568bd9d,T_a02bf5e9,1093
1086,320,match_start,0,Suravasa,Flashpoint,T_5568bd9d,T_a02bf5e9,1097
1092,321,match_start,0,Junkertown,Escort,T_5568bd9d,T_a02bf5e9,1103
1093,321,match_start,0,Nepal,Control,T_5568bd9d,T_a02bf5e9,1104
1094,322,match_start,0,Lijiang Tower,Control,T_5568bd9d,T_a02bf5e9,1105
1095,322,match_start,0,Route 66,Escort,T_5568bd9d,T_a02bf5e9,1106
1096,322,match_start,0,New Junk City,Flashpoint,T_5568bd9d,T_a02bf5e9,1107
1097,322,match_start,0,Midtown,Hybrid,T_5568bd9d,T_a02bf5e9,1108
1098,322,match_start,0,Colosseo,Push,T_5568bd9d,T_a02bf5e9,1109
1099,322,match_start,0,Numbani,Hybrid,T_5568bd9d,T_a02bf5e9,1110
1101,324,match_start,0,Samoa,Control,T_5568bd9d,T_a02bf5e9,1112
1103,324,match_start,0,Samoa,Control,T_5568bd9d,T_a02bf5e9,1114
1104,324,match_start,0,Samoa,Control,T_5568bd9d,T_a02bf5e9,1115
1106,324,match_start,0,Rialto,Escort,T_5568bd9d,T_a02bf5e9,1117
1108,324,match_start,0,Hollywood,Hybrid,T_5568bd9d,T_a02bf5e9,1119
1109,324,match_start,0,Colosseo,Push,T_5568bd9d,T_a02bf5e9,1120
1113,325,match_start,0,New Junk City,Flashpoint,T_cfc6de44,T_957ee761,1124
1114,325,match_start,0,Circuit royal,Escort,T_cfc6de44,T_957ee761,1125
1115,325,match_start,0,New Queen Street,Push,T_cfc6de44,T_957ee761,1126
1118,325,match_start,0,Circuit royal,Escort,T_cfc6de44,T_957ee761,1129
1120,325,match_start,0,Circuit royal,Escort,T_cfc6de44,T_957ee761,1131
1123,325,match_start,0,Circuit royal,Escort,T_cfc6de44,T_957ee761,1134
1124,327,match_start,0,Lijiang Tower,Control,T_5568bd9d,T_a02bf5e9,1135
1139,329,match_start,0,Colosseo,Push,T_5568bd9d,T_a02bf5e9,1150
1140,329,match_start,0,Junkertown,Escort,T_5568bd9d,T_a02bf5e9,1151
1141,329,match_start,0,Suravasa,Flashpoint,T_5568bd9d,T_a02bf5e9,1152
1144,329,match_start,0,Blizzard World,Hybrid,T_5568bd9d,T_a02bf5e9,1155
1145,330,match_start,0,Oasis,Control,T_5568bd9d,T_a02bf5e9,1156
1149,330,match_start,0,Esperança,Push,T_5568bd9d,T_a02bf5e9,1160
1150,330,match_start,0,Lijiang Tower,Control,T_5568bd9d,T_a02bf5e9,1161
1151,331,match_start,0,Nepal,Control,T_5568bd9d,T_a02bf5e9,1162
1153,333,match_start,0,Nepal,Control,T_5568bd9d,T_a02bf5e9,1164
1154,333,match_start,0,Dorado,Escort,T_5568bd9d,T_a02bf5e9,1165
1155,333,match_start,0,Midtown,Hybrid,T_5568bd9d,T_a02bf5e9,1166
1156,333,match_start,0,Esperança,Push,T_5568bd9d,T_a02bf5e9,1167
1157,333,match_start,0,Suravasa,Flashpoint,T_5568bd9d,T_a02bf5e9,1168
1158,334,match_start,0,Samoa,Control,T_5568bd9d,T_a02bf5e9,1169
1159,334,match_start,0,Midtown,Hybrid,T_94e451b3,T_551fc46d,1170
1160,334,match_start,0,Shambali Monastery,Escort,T_94e451b3,T_551fc46d,1171
1162,337,match_start,0,Lijiang Tower,Control,T_afa0a505,T_c5501d77,1173
1163,337,match_start,0,Circuit royal,Escort,T_afa0a505,T_c5501d77,1174
1164,337,match_start,0,New Junk City,Flashpoint,T_afa0a505,T_c5501d77,1175
1165,337,match_start,0,Hollywood,Hybrid,T_afa0a505,T_c5501d77,1176
1166,337,match_start,0,New Queen Street,Push,T_afa0a505,T_c5501d77,1177
1167,338,match_start,0,Lijiang Tower,Control,T_5568bd9d,T_a02bf5e9,1178
1168,338,match_start,0,Shambali Monastery,Escort,T_5568bd9d,T_a02bf5e9,1179
1169,338,match_start,0,Eichenwalde,Hybrid,T_5568bd9d,T_a02bf5e9,1180
1170,338,match_start,0,Colosseo,Push,T_5568bd9d,T_a02bf5e9,1181
1171,338,match_start,0,Suravasa,Flashpoint,T_5568bd9d,T_a02bf5e9,1182
1172,338,match_start,0,Nepal,Control,T_5568bd9d,T_a02bf5e9,1183
1173,338,match_start,0,New Queen Street,Push,T_5568bd9d,T_a02bf5e9,1184
1178,339,match_start,0,Ilios,Control,T_67de56b5,T_30161e91,1189
1183,339,match_start,0,Esperança,Push,T_67de56b5,T_30161e91,1194
1184,340,match_start,0,Oasis,Control,T_5568bd9d,T_a02bf5e9,1195
1185,340,match_start,0,Route 66,Escort,T_94e451b3,T_5b9c1362,1196
1186,340,match_start,0,Suravasa,Flashpoint,T_94e451b3,T_5b9c1362,1197
1187,340,match_start,0,Shambali Monastery,Escort,T_94e451b3,T_5b9c1362,1198
1188,340,match_start,0,Colosseo,Push,T_94e451b3,T_5b9c1362,1199
1189,342,match_start,0,Lijiang Tower,Control,T_5568bd9d,T_a02bf5e9,1200
1190,343,match_start,0,Nepal,Control,T_5568bd9d,T_a02bf5e9,1201
1191,344,match_start,0,Esperança,Push,T_0ff7da8a,T_c8373fd8,1202
1193,344,match_start,0,Blizzard World,Hybrid,T_0ff7da8a,T_c8373fd8,1204
1201,345,match_start,0,Circuit royal,Escort,T_6f51c467,T_32495e59,1212
1203,345,match_start,0,Suravasa,Flashpoint,T_6f51c467,T_32495e59,1214
1204,345,match_start,0,Ilios,Control,T_6f51c467,T_32495e59,1215
1206,342,match_start,0,Circuit royal,Escort,T_5568bd9d,T_a02bf5e9,1217
1207,342,match_start,0,Circuit royal,Escort,T_5568bd9d,T_a02bf5e9,1218
1209,342,match_start,0,Blizzard World,Hybrid,T_5568bd9d,T_a02bf5e9,1220
1218,346,match_start,0,New Junk City,Flashpoint,T_94e451b3,T_bd7779f8,1229
1219,346,match_start,0,Eichenwalde,Hybrid,T_94e451b3,T_bd7779f8,1230
1220,346,match_start,0,Esperança,Push,T_94e451b3,T_bd7779f8,1231
1221,346,match_start,0,Samoa,Control,T_94e451b3,T_bd7779f8,1232
1228,350,match_start,0,Lijiang Tower,Control,T_5568bd9d,T_a02bf5e9,1248
1229,350,match_start,0,Rialto,Escort,T_5568bd9d,T_a02bf5e9,1249
1230,350,match_start,0,Eichenwalde,Hybrid,T_5568bd9d,T_a02bf5e9,1250
1231,350,match_start,0,Esperança,Push,T_5568bd9d,T_a02bf5e9,1251
1232,350,match_start,0,Suravasa,Flashpoint,T_5568bd9d,T_a02bf5e9,1252
1235,351,match_start,0,Samoa,Control,T_5568bd9d,T_a02bf5e9,1255
1236,351,match_start,0,Havana,Escort,T_5568bd9d,T_a02bf5e9,1256
1237,351,match_start,0,Blizzard World,Hybrid,T_5568bd9d,T_a02bf5e9,1257
1238,351,match_start,0,Colosseo,Push,T_5568bd9d,T_a02bf5e9,1258
1239,351,match_start,0,Suravasa,Flashpoint,T_5568bd9d,T_a02bf5e9,1259
1240,351,match_start,0,Busan,Control,T_5568bd9d,T_a02bf5e9,1260
1241,352,match_start,0,Nepal,Control,T_5568bd9d,T_a02bf5e9,1261
1246,353,match_start,0,Antarctic Peninsula,Control,T_6f51c467,T_4d12b368,1270
1247,354,match_start,0,Antarctic Peninsula,Control,T_5568bd9d,T_a02bf5e9,1271
1248,354,match_start,0,"King's Row",Hybrid,T_5568bd9d,T_a02bf5e9,1272
1249,354,match_start,0,New Queen Street,Push,T_5568bd9d,T_a02bf5e9,1273
1250,354,match_start,0,Watchpoint: Gibraltar,Escort,T_5568bd9d,T_a02bf5e9,1274
1251,354,match_start,0,Suravasa,Flashpoint,T_5568bd9d,T_a02bf5e9,1275
1252,354,match_start,0,Busan,Control,T_5568bd9d,T_a02bf5e9,1276
1254,354,match_start,0,Colosseo,Push,T_5568bd9d,T_a02bf5e9,1278
1263,356,match_start,0,Busan,Control,T_5568bd9d,T_a02bf5e9,1287
1264,356,match_start,0,Numbani,Hybrid,T_4408f908,T_fc5934b1,1288
1265,356,match_start,0,Colosseo,Push,T_4408f908,T_fc5934b1,1289
1266,356,match_start,0,"King's Row",Hybrid,T_4408f908,T_fc5934b1,1290
1267,356,match_start,0,Suravasa,Flashpoint,T_4408f908,T_fc5934b1,1291
1268,356,match_start,0,Watchpoint: Gibraltar,Escort,T_4408f908,T_fc5934b1,1292
1269,357,match_start,0,Watchpoint: Gibraltar,Escort,T_5568bd9d,T_a02bf5e9,1293
1270,358,match_start,0,Watchpoint: Gibraltar,Escort,T_5568bd9d,T_a02bf5e9,1294
1271,359,match_start,0,Watchpoint: Gibraltar,Escort,T_5568bd9d,T_a02bf5e9,1295
1272,360,match_start,0,Watchpoint: Gibraltar,Escort,T_5568bd9d,T_a02bf5e9,1296
1273,361,match_start,0,New Queen Street,Push,T_5568bd9d,T_a02bf5e9,1297
1274,361,match_start,0,New Junk City,Flashpoint,T_5568bd9d,T_a02bf5e9,1298
1275,361,match_start,0,Watchpoint: Gibraltar,Escort,T_5568bd9d,T_a02bf5e9,1299
1277,362,match_start,0,Samoa,Control,T_94e451b3,T_379a1907,1301
1279,362,match_start,0,Midtown,Hybrid,T_94e451b3,T_7ebeb2df,1303
1281,375,match_start,0,Eichenwalde,Hybrid,T_5568bd9d,T_a02bf5e9,1305
1282,375,match_start,0,Shambali Monastery,Escort,T_5568bd9d,T_a02bf5e9,1306
1287,376,match_start,0,Eichenwalde,Hybrid,T_5568bd9d,T_a02bf5e9,1311
1288,376,match_start,0,Junkertown,Escort,T_5568bd9d,T_a02bf5e9,1312
1289,376,match_start,0,Midtown,Hybrid,T_5568bd9d,T_a02bf5e9,1313
1290,376,match_start,0,Nepal,Control,T_5568bd9d,T_a02bf5e9,1314
1291,377,match_start,0,Nepal,Control,T_5568bd9d,T_a02bf5e9,1315
1292,377,match_start,0,Junkertown,Escort,T_5568bd9d,T_a02bf5e9,1316
1308,378,match_start,0,Circuit royal,Escort,T_bfbda9d2,T_62c140a2,1332
1309,378,match_start,0,Oasis,Control,T_bfbda9d2,T_62c140a2,1333
1312,381,match_start,0,Circuit royal,Escort,T_5568bd9d,T_a02bf5e9,1336
1313,381,match_start,0,New Junk City,Flashpoint,T_5568bd9d,T_a02bf5e9,1337
1315,381,match_start,0,Hollywood,Hybrid,T_5568bd9d,T_a02bf5e9,1339
1316,381,match_start,0,Shambali Monastery,Escort,T_5568bd9d,T_a02bf5e9,1340
1317,381,match_start,0,Nepal,Control,T_5568bd9d,T_a02bf5e9,1341
1318,383,match_start,0,Nepal,Control,T_5568bd9d,T_a02bf5e9,1342
1320,383,match_start,0,New Junk City,Flashpoint,T_5568bd9d,T_a02bf5e9,1344
1321,383,match_start,0,Midtown,Hybrid,T_5568bd9d,T_a02bf5e9,1345
1322,383,match_start,0,New Queen Street,Push,T_5568bd9d,T_a02bf5e9,1346
1328,385,match_start,0,Watchpoint: Gibraltar,Escort,T_5568bd9d,T_a02bf5e9,1352
1330,385,match_start,0,New Queen Street,Push,T_5568bd9d,T_a02bf5e9,1354
1331,385,match_start,0,Nepal,Control,T_5568bd9d,T_a02bf5e9,1355
1332,385,match_start,0,Hollywood,Hybrid,T_5568bd9d,T_a02bf5e9,1356
1333,385,match_start,0,Colosseo,Push,T_5568bd9d,T_a02bf5e9,1357
1334,385,match_start,0,New Junk City,Flashpoint,T_5568bd9d,T_a02bf5e9,1358
1335,386,match_start,0,Samoa,Control,T_5568bd9d,T_a02bf5e9,1359
1336,386,match_start,0,Eichenwalde,Hybrid,T_5568bd9d,T_a02bf5e9,1360
1337,386,match_start,0,Rialto,Escort,T_5568bd9d,T_a02bf5e9,1361
1338,386,match_start,0,Busan,Control,T_5568bd9d,T_a02bf5e9,1362
1339,386,match_start,0,New Junk City,Flashpoint,T_5568bd9d,T_a02bf5e9,1363
1348,386,match_start,0,Busan,Control,T_5568bd9d,T_a02bf5e9,1372
1349,387,match_start,0,Busan,Control,T_bfbda9d2,T_7152830c,1373
1350,387,match_start,0,Numbani,Hybrid,T_bfbda9d2,T_7152830c,1374
1351,387,match_start,0,New Junk City,Flashpoint,T_bfbda9d2,T_7152830c,1375
1352,387,match_start,0,Havana,Escort,T_bfbda9d2,T_7152830c,1376
1353,387,match_start,0,Colosseo,Push,T_bfbda9d2,T_7152830c,1377
1358,390,match_start,0,Esperança,Push,T_ab490ac4,T_a02bf5e9,1382
1362,394,match_start,0,Nepal,Control,T_9f3c3ec0,T_1f86d68c,1386
1363,394,match_start,0,Shambali Monastery,Escort,T_9f3c3ec0,T_1f86d68c,1387
1364,394,match_start,0,Hollywood,Hybrid,T_9f3c3ec0,T_1f86d68c,1388
1365,394,match_start,0,New Junk City,Flashpoint,T_9f3c3ec0,T_1f86d68c,1389
1366,394,match_start,0,Esperança,Push,T_9f3c3ec0,T_1f86d68c,1390
1367,394,match_start,0,Samoa,Control,T_9f3c3ec0,T_1f86d68c,1391
1368,395,match_start,0,Oasis,Control,T_5568bd9d,T_a02bf5e9,1392
1369,395,match_start,0,Shambali Monastery,Escort,T_5568bd9d,T_a02bf5e9,1393
1370,395,match_start,0,Eichenwalde,Hybrid,T_5568bd9d,T_a02bf5e9,1394
1371,395,match_start,0,Esperança,Push,T_5568bd9d,T_a02bf5e9,1395
1372,395,match_start,0,Suravasa,Flashpoint,T_5568bd9d,T_a02bf5e9,1396
1373,395,match_start,0,Samoa,Control,T_5568bd9d,T_a02bf5e9,1397
1374,395,match_start,0,New Queen Street,Push,T_5568bd9d,T_a02bf5e9,1398
1375,388,match_start,0,Nepal,Control,T_9f3c3ec0,T_1f86d68c,1399
1376,388,match_start,0,Shambali Monastery,Escort,T_9f3c3ec0,T_1f86d68c,1400
1377,388,match_start,0,Hollywood,Hybrid,T_9f3c3ec0,T_1f86d68c,1401
1378,388,match_start,0,New Junk City,Flashpoint,T_9f3c3ec0,T_1f86d68c,1402
1379,388,match_start,0,Esperança,Push,T_9f3c3ec0,T_1f86d68c,1403
1380,396,match_start,0,Lijiang Tower,Control,T_566f2633,T_499c6f4f,1404
1381,396,match_start,0,Watchpoint: Gibraltar,Escort,T_566f2633,T_499c6f4f,1405
1382,396,match_start,0,Suravasa,Flashpoint,T_566f2633,T_499c6f4f,1406
1383,398,match_start,0,Samoa,Control,T_5568bd9d,T_a02bf5e9,1407
1385,398,match_start,0,New Queen Street,Push,T_b539c9c7,T_14ba4d34,1409
1386,398,match_start,0,New Queen Street,Push,T_b539c9c7,T_14ba4d34,1410
1387,398,match_start,0,Suravasa,Flashpoint,T_b539c9c7,T_14ba4d34,1411
1388,398,match_start,0,New Queen Street,Push,T_b539c9c7,T_14ba4d34,1412
1389,398,match_start,0,Route 66,Escort,T_b539c9c7,T_14ba4d34,1413
1390,402,match_start,0,Samoa,Control,T_5568bd9d,T_a02bf5e9,1414
1391,402,match_start,0,Route 66,Escort,T_5568bd9d,T_a02bf5e9,1415
1392,402,match_start,0,Hollywood,Hybrid,T_5568bd9d,T_a02bf5e9,1416
1393,402,match_start,0,Colosseo,Push,T_5568bd9d,T_a02bf5e9,1417
1394,402,match_start,0,Suravasa,Flashpoint,T_5568bd9d,T_a02bf5e9,1418
1395,402,match_start,0,Oasis,Control,T_5568bd9d,T_a02bf5e9,1419
1396,403,match_start,0,Nepal,Control,T_5568bd9d,T_a02bf5e9,1420
1402,404,match_start,0,Circuit royal,Escort,T_6f51c467,T_4407b417,1426
1398,403,match_start,0,Midtown,Hybrid,T_5568bd9d,T_a02bf5e9,1422
1405,403,match_start,0,New Junk City,Flashpoint,T_5568bd9d,T_a02bf5e9,1429
1415,405,match_start,0,Busan,Control,T_5568bd9d,T_a02bf5e9,1439
1416,408,match_start,0,Oasis,Control,T_5568bd9d,T_a02bf5e9,1440
1417,408,match_start,0,Hollywood,Hybrid,T_f5419237,T_a02bf5e9,1441
1418,408,match_start,0,Suravasa,Flashpoint,T_f5419237,T_a02bf5e9,1442
1420,408,match_start,0,Suravasa,Flashpoint,T_f5419237,T_a02bf5e9,1444
1421,408,match_start,0,Route 66,Escort,T_f5419237,T_a02bf5e9,1445
1422,408,match_start,0,Esperança,Push,T_f5419237,T_a02bf5e9,1446
1423,408,match_start,0,Samoa,Control,T_f5419237,T_a02bf5e9,1447
1424,410,match_start,0,Antarctic Peninsula,Control,T_afa0a505,T_175f0dae,1448
1425,410,match_start,0,Circuit royal,Escort,T_afa0a505,T_175f0dae,1449
1428,410,match_start,0,Colosseo,Push,T_afa0a505,T_175f0dae,1452
1430,411,match_start,0,Antarctic Peninsula,Control,T_afa0a505,T_175f0dae,1454
1434,411,match_start,0,Circuit royal,Escort,T_afa0a505,T_175f0dae,1458
1435,411,match_start,0,New Junk City,Flashpoint,T_afa0a505,T_175f0dae,1459
1436,411,match_start,0,"King's Row",Hybrid,T_afa0a505,T_175f0dae,1460
1437,411,match_start,0,Colosseo,Push,T_afa0a505,T_175f0dae,1461
1439,412,match_start,0,Colosseo,Push,T_5568bd9d,T_a02bf5e9,1463
1449,415,match_start,0,Esperança,Push,T_5568bd9d,T_a02bf5e9,1473
1450,415,match_start,0,Midtown,Hybrid,T_5568bd9d,T_a02bf5e9,1474
1451,415,match_start,0,Shambali Monastery,Escort,T_5568bd9d,T_a02bf5e9,1475
1452,415,match_start,0,New Junk City,Flashpoint,T_5568bd9d,T_a02bf5e9,1476
1453,415,match_start,0,Ilios,Control,T_5568bd9d,T_a02bf5e9,1477
1454,415,match_start,0,Junkertown,Escort,T_5568bd9d,T_a02bf5e9,1478
1458,416,match_start,0,Blizzard World,Hybrid,T_5568bd9d,T_a02bf5e9,1482
1461,417,match_start,0,Nepal,Control,T_5568bd9d,T_a02bf5e9,1485
1462,417,match_start,0,Eichenwalde,Hybrid,T_5568bd9d,T_a02bf5e9,1486
1464,417,match_start,0,Samoa,Control,T_5568bd9d,T_a02bf5e9,1488
1465,417,match_start,0,Hollywood,Hybrid,T_5568bd9d,T_a02bf5e9,1489
1466,418,match_start,0,Lijiang Tower,Control,T_5568bd9d,T_a02bf5e9,1490
1467,418,match_start,0,Dorado,Escort,T_5568bd9d,T_a02bf5e9,1491
1468,418,match_start,0,Blizzard World,Hybrid,T_5568bd9d,T_a02bf5e9,1492
1469,418,match_start,0,New Junk City,Flashpoint,T_5568bd9d,T_a02bf5e9,1493
1470,418,match_start,0,New Queen Street,Push,T_5568bd9d,T_a02bf5e9,1494
1471,419,match_start,0,Ilios,Control,T_0ff7da8a,T_e9654697,1495
1472,419,match_start,0,Circuit royal,Escort,T_0ff7da8a,T_e9654697,1496
1473,419,match_start,0,New Junk City,Flashpoint,T_0ff7da8a,T_e9654697,1497
1474,419,match_start,0,"King's Row",Hybrid,T_0ff7da8a,T_e9654697,1498
1475,419,match_start,0,Esperança,Push,T_0ff7da8a,T_e9654697,1499
1476,419,match_start,0,Antarctic Peninsula,Control,T_0ff7da8a,T_e9654697,1500
1477,420,match_start,0,Lijiang Tower,Control,T_5568bd9d,T_a02bf5e9,1501
1478,420,match_start,0,Rialto,Escort,T_5568bd9d,T_a02bf5e9,1502
1479,420,match_start,0,"King's Row",Hybrid,T_5568bd9d,T_a02bf5e9,1503
1480,420,match_start,0,Esperança,Push,T_5568bd9d,T_a02bf5e9,1504
1481,420,match_start,0,Suravasa,Flashpoint,T_5568bd9d,T_a02bf5e9,1505
1482,420,match_start,0,Nepal,Control,T_5568bd9d,T_a02bf5e9,1506
1483,420,match_start,0,Nepal,Control,T_5568bd9d,T_a02bf5e9,1507
1484,421,match_start,0,Ilios,Control,T_5568bd9d,T_a02bf5e9,1508
1485,421,match_start,0,Route 66,Escort,T_5568bd9d,T_a02bf5e9,1509
1486,421,match_start,0,Numbani,Hybrid,T_5568bd9d,T_a02bf5e9,1510
1487,421,match_start,0,Colosseo,Push,T_5568bd9d,T_a02bf5e9,1511
1488,421,match_start,0,New Junk City,Flashpoint,T_5568bd9d,T_a02bf5e9,1512
1489,421,match_start,0,Busan,Control,T_5568bd9d,T_a02bf5e9,1513
1490,422,match_start,0,Samoa,Control,T_5568bd9d,T_a02bf5e9,1514
1493,422,match_start,0,Esperança,Push,T_5568bd9d,T_a02bf5e9,1517
1495,422,match_start,0,New Queen Street,Push,T_5568bd9d,T_a02bf5e9,1519
1496,423,match_start,0,Lijiang Tower,Control,T_5568bd9d,T_a02bf5e9,1520
1497,423,match_start,0,Junkertown,Escort,T_5568bd9d,T_a02bf5e9,1521
1499,423,match_start,0,Blizzard World,Hybrid,T_5568bd9d,T_a02bf5e9,1523
1500,423,match_start,0,Esperança,Push,T_5568bd9d,T_a02bf5e9,1524
1501,423,match_start,0,Oasis,Control,T_5568bd9d,T_a02bf5e9,1525
1502,425,match_start,0,Nepal,Control,T_5568bd9d,T_a02bf5e9,1526
1503,425,match_start,0,Eichenwalde,Hybrid,T_5568bd9d,T_a02bf5e9,1527
1504,426,match_start,0,Havana,Escort,T_107b38a8,T_8871274e,1528
1505,426,match_start,0,New Queen Street,Push,T_107b38a8,T_8871274e,1529
1507,426,match_start,0,Hollywood,Hybrid,T_107b38a8,T_8871274e,1531
1509,426,match_start,0,Lijiang Tower,Control,T_107b38a8,T_8871274e,1533
1510,426,match_start,0,Midtown,Hybrid,T_107b38a8,T_8871274e,1534
1511,427,match_start,0,Samoa,Control,T_5568bd9d,T_a02bf5e9,1535
1512,427,match_start,0,Havana,Escort,T_5568bd9d,T_a02bf5e9,1536
1513,427,match_start,0,Blizzard World,Hybrid,T_5568bd9d,T_a02bf5e9,1537
1514,427,match_start,0,Esperança,Push,T_5568bd9d,T_a02bf5e9,1538
1522,426,match_start,0,Lijiang Tower,Control,T_107b38a8,T_8871274e,1546
1523,429,match_start,0,Lijiang Tower,Control,T_6f51c467,T_a06a679c,1547
1524,429,match_start,0,New Junk City,Flashpoint,T_6f51c467,T_a06a679c,1548
1525,429,match_start,0,Havana,Escort,T_6f51c467,T_a06a679c,1549
1526,429,match_start,0,Hollywood,Hybrid,T_6f51c467,T_a06a679c,1550
1527,429,match_start,0,Esperança,Push,T_6f51c467,T_a06a679c,1551
1528,430,match_start,0,Nepal,Control,T_5568bd9d,T_a02bf5e9,1552
1529,430,match_start,0,Watchpoint: Gibraltar,Escort,T_5568bd9d,T_a02bf5e9,1553
1532,430,match_start,0,Suravasa,Flashpoint,T_5568bd9d,T_a02bf5e9,1556
1533,430,match_start,0,Antarctic Peninsula,Control,T_5568bd9d,T_a02bf5e9,1557
1534,431,match_start,0,Nepal,Control,T_5568bd9d,T_a02bf5e9,1558
1535,431,match_start,0,Midtown,Hybrid,T_5568bd9d,T_a02bf5e9,1559
1536,431,match_start,0,Esperança,Push,T_5568bd9d,T_a02bf5e9,1560
1537,431,match_start,0,Dorado,Escort,T_5568bd9d,T_a02bf5e9,1561
1538,431,match_start,0,Suravasa,Flashpoint,T_5568bd9d,T_a02bf5e9,1562
1539,431,match_start,0,Suravasa,Flashpoint,T_5568bd9d,T_a02bf5e9,1563
1540,431,match_start,0,Suravasa,Flashpoint,T_5568bd9d,T_a02bf5e9,1564
1542,432,match_start,0,Busan,Control,T_5568bd9d,T_a02bf5e9,1566
1546,432,match_start,0,New Junk City,Flashpoint,T_5568bd9d,T_a02bf5e9,1570
1547,432,match_start,0,Lijiang Tower,Control,T_5568bd9d,T_a02bf5e9,1571
1548,433,match_start,0,Nepal,Control,T_5568bd9d,T_a02bf5e9,1572
1549,433,match_start,0,Circuit royal,Escort,T_5568bd9d,T_a02bf5e9,1573
1550,433,match_start,0,Hollywood,Hybrid,T_5568bd9d,T_a02bf5e9,1574
1551,433,match_start,0,New Queen Street,Push,T_5568bd9d,T_a02bf5e9,1575
1552,433,match_start,0,New Queen Street,Push,T_5568bd9d,T_a02bf5e9,1576
1553,433,match_start,0,Suravasa,Flashpoint,T_5568bd9d,T_a02bf5e9,1577
1554,434,match_start,0,Lijiang Tower,Control,T_5568bd9d,T_a02bf5e9,1578
1555,434,match_start,0,New Junk City,Flashpoint,T_5568bd9d,T_a02bf5e9,1579
1556,434,match_start,0,New Queen Street,Push,T_5568bd9d,T_a02bf5e9,1580
1557,434,match_start,0,"King's Row",Hybrid,T_5568bd9d,T_a02bf5e9,1581
1558,434,match_start,0,Route 66,Escort,T_5568bd9d,T_a02bf5e9,1582
1561,435,match_start,0,Midtown,Hybrid,T_5568bd9d,T_a02bf5e9,1585
1562,435,match_start,0,Rialto,Escort,T_5568bd9d,T_a02bf5e9,1586
1563,435,match_start,0,Nepal,Control,T_5568bd9d,T_a02bf5e9,1587
1564,435,match_start,0,Shambali Monastery,Escort,T_5568bd9d,T_a02bf5e9,1588
1565,436,match_start,0,Lijiang Tower,Control,T_5568bd9d,T_a02bf5e9,1589
1566,436,match_start,0,Junkertown,Escort,T_5568bd9d,T_a02bf5e9,1590
1567,436,match_start,0,Suravasa,Flashpoint,T_5568bd9d,T_a02bf5e9,1591
1568,436,match_start,0,Suravasa,Flashpoint,T_5568bd9d,T_a02bf5e9,1592
1569,436,match_start,0,Blizzard World,Hybrid,T_5568bd9d,T_a02bf5e9,1593
1570,436,match_start,0,Esperança,Push,T_5568bd9d,T_a02bf5e9,1594
1571,436,match_start,0,Ilios,Control,T_5568bd9d,T_a02bf5e9,1595
1572,436,match_start,0,Watchpoint: Gibraltar,Escort,T_5568bd9d,T_a02bf5e9,1596
1574,436,match_start,0,Suravasa,Flashpoint,T_5568bd9d,T_a02bf5e9,1598
1575,436,match_start,0,Suravasa,Flashpoint,T_5568bd9d,T_a02bf5e9,1599
1576,437,match_start,0,Oasis,Control,T_5568bd9d,T_a02bf5e9,1600
1577,437,match_start,0,Watchpoint: Gibraltar,Escort,T_5568bd9d,T_a02bf5e9,1601
1578,437,match_start,0,Midtown,Hybrid,T_5568bd9d,T_a02bf5e9,1602
1579,437,match_start,0,Esperança,Push,T_5568bd9d,T_a02bf5e9,1603
1580,437,match_start,0,Suravasa,Flashpoint,T_5568bd9d,T_a02bf5e9,1604
1581,437,match_start,0,Ilios,Control,T_5568bd9d,T_a02bf5e9,1605
1582,437,match_start,0,Ilios,Control,T_5568bd9d,T_a02bf5e9,1606
1583,438,match_start,0,Ilios,Control,T_5568bd9d,T_a02bf5e9,1607
1584,438,match_start,0,Midtown,Hybrid,T_6da1ba9e,T_00483cb3,1608
1585,438,match_start,0,Colosseo,Push,T_6da1ba9e,T_00483cb3,1609
1586,438,match_start,0,Watchpoint: Gibraltar,Escort,T_6da1ba9e,T_00483cb3,1610
1588,438,match_start,0,Watchpoint: Gibraltar,Escort,T_6da1ba9e,T_00483cb3,1612
1589,438,match_start,0,Watchpoint: Gibraltar,Escort,T_6da1ba9e,T_00483cb3,1613
1590,438,match_start,0,New Junk City,Flashpoint,T_6da1ba9e,T_00483cb3,1614
1591,438,match_start,0,Lijiang Tower,Control,T_6da1ba9e,T_00483cb3,1615
1592,444,match_start,0,Busan,Control,T_5568bd9d,T_a02bf5e9,1616
1593,444,match_start,0,Hollywood,Hybrid,T_5568bd9d,T_a02bf5e9,1617
1595,445,match_start,0,Lijiang Tower,Control,T_6f51c467,T_3ccf37a5,1619
1596,446,match_start,0,Lijiang Tower,Control,T_6f51c467,T_3ccf37a5,1620
1597,447,match_start,0,Lijiang Tower,Control,T_6f51c467,T_3ccf37a5,1621
1598,448,match_start,0,Suravasa,Flashpoint,T_6f51c467,T_3ccf37a5,1622
1605,448,match_start,0,Colosseo,Push,T_6f51c467,T_3ccf37a5,1629
1600,448,match_start,0,Lijiang Tower,Control,T_6f51c467,T_3ccf37a5,1624
1601,448,match_start,0,Lijiang Tower,Control,T_6f51c467,T_3ccf37a5,1625
1602,448,match_start,0,Lijiang Tower,Control,T_6f51c467,T_3ccf37a5,1626
1603,448,match_start,0,Havana,Escort,T_6f51c467,T_3ccf37a5,1627
1604,448,match_start,0,Hollywood,Hybrid,T_6f51c467,T_3ccf37a5,1628
1606,449,match_start,0,Busan,Control,T_5568bd9d,T_a02bf5e9,1630
1607,450,match_start,0,Busan,Control,T_5568bd9d,T_a02bf5e9,1631
1608,451,match_start,0,Busan,Control,T_5568bd9d,T_a02bf5e9,1632
1609,452,match_start,0,Busan,Control,T_5568bd9d,T_a02bf5e9,1633
1610,452,match_start,0,Havana,Escort,T_5568bd9d,T_a02bf5e9,1634
1611,452,match_start,0,"King's Row",Hybrid,T_5568bd9d,T_a02bf5e9,1635
1612,452,match_start,0,Esperança,Push,T_5568bd9d,T_a02bf5e9,1636
1613,453,match_start,0,Antarctic Peninsula,Control,T_5568bd9d,T_a02bf5e9,1637
1614,453,match_start,0,Circuit royal,Escort,T_5568bd9d,T_a02bf5e9,1638
1615,453,match_start,0,Suravasa,Flashpoint,T_5568bd9d,T_a02bf5e9,1639
1616,453,match_start,0,Eichenwalde,Hybrid,T_5568bd9d,T_a02bf5e9,1640
1617,453,match_start,0,Esperança,Push,T_5568bd9d,T_a02bf5e9,1641
1618,453,match_start,0,Nepal,Control,T_5568bd9d,T_a02bf5e9,1642
1619,453,match_start,0,Watchpoint: Gibraltar,Escort,T_5568bd9d,T_a02bf5e9,1643
1620,452,match_start,0,New Junk City,Flashpoint,T_5568bd9d,T_a02bf5e9,1644
1624,454,match_start,0,Esperança,Push,T_5568bd9d,T_a02bf5e9,1648
1625,454,match_start,0,Suravasa,Flashpoint,T_5568bd9d,T_a02bf5e9,1649
1626,454,match_start,0,Antarctic Peninsula,Control,T_5568bd9d,T_a02bf5e9,1650
1627,455,match_start,0,Oasis,Control,T_5568bd9d,T_a02bf5e9,1651
1628,455,match_start,0,Rialto,Escort,T_5568bd9d,T_a02bf5e9,1652
1629,455,match_start,0,Eichenwalde,Hybrid,T_5568bd9d,T_a02bf5e9,1653
1630,455,match_start,0,Suravasa,Flashpoint,T_5568bd9d,T_a02bf5e9,1654
1631,455,match_start,0,Colosseo,Push,T_5568bd9d,T_a02bf5e9,1655
1632,454,match_start,0,New Queen Street,Push,T_5568bd9d,T_a02bf5e9,1656
1634,456,match_start,0,Route 66,Escort,T_5568bd9d,T_a02bf5e9,1658
1635,456,match_start,0,New Junk City,Flashpoint,T_5568bd9d,T_a02bf5e9,1659
1637,456,match_start,0,Esperança,Push,T_5568bd9d,T_a02bf5e9,1661
1638,456,match_start,0,Nepal,Control,T_5568bd9d,T_a02bf5e9,1662
1640,458,match_start,0,Shambali Monastery,Escort,T_5568bd9d,T_a02bf5e9,1664
1641,458,match_start,0,Midtown,Hybrid,T_5568bd9d,T_a02bf5e9,1665
1642,458,match_start,0,Suravasa,Flashpoint,T_5568bd9d,T_a02bf5e9,1666
1643,458,match_start,0,Hollywood,Hybrid,T_5568bd9d,T_a02bf5e9,1667
1644,458,match_start,0,Esperança,Push,T_5568bd9d,T_a02bf5e9,1668
1645,458,match_start,0,Esperança,Push,T_5568bd9d,T_a02bf5e9,1669
1646,458,match_start,0,Esperança,Push,T_5568bd9d,T_a02bf5e9,1670
1648,458,match_start,0,Esperança,Push,T_5568bd9d,T_a02bf5e9,1672
1649,458,match_start,0,Esperança,Push,T_5568bd9d,T_a02bf5e9,1673
1650,459,match_start,0,Antarctic Peninsula,Control,T_5568bd9d,T_a02bf5e9,1674
1651,459,match_start,0,Watchpoint: Gibraltar,Escort,T_5568bd9d,T_a02bf5e9,1675
1654,459,match_start,0,Suravasa,Flashpoint,T_5568bd9d,T_a02bf5e9,1678
1656,459,match_start,0,Colosseo,Push,T_5568bd9d,T_a02bf5e9,1680
1658,460,match_start,0,Antarctic Peninsula,Control,T_5568bd9d,T_a02bf5e9,1682
1659,460,match_start,0,Watchpoint: Gibraltar,Escort,T_5568bd9d,T_a02bf5e9,1683
1660,460,match_start,0,"King's Row",Hybrid,T_5568bd9d,T_a02bf5e9,1684
1661,460,match_start,0,Esperança,Push,T_5568bd9d,T_a02bf5e9,1685
1662,460,match_start,0,Suravasa,Flashpoint,T_5568bd9d,T_a02bf5e9,1686
1663,461,match_start,0,Ilios,Control,T_f5419237,T_a02bf5e9,1687
1664,462,match_start,0,Ilios,Control,T_f5419237,T_a02bf5e9,1688
1666,464,match_start,0,Ilios,Control,T_f5419237,T_a02bf5e9,1690
1667,465,match_start,0,Ilios,Control,T_f5419237,T_a02bf5e9,1691
1668,465,match_start,0,Circuit royal,Escort,T_f5419237,T_a02bf5e9,1692
1669,465,match_start,0,Hollywood,Hybrid,T_f5419237,T_a02bf5e9,1693
1670,465,match_start,0,Suravasa,Flashpoint,T_f5419237,T_a02bf5e9,1694
1671,466,match_start,0,Lijiang Tower,Control,T_5568bd9d,T_a02bf5e9,1695
1672,466,match_start,0,Rialto,Escort,T_5568bd9d,T_a02bf5e9,1696
1673,466,match_start,0,Suravasa,Flashpoint,T_5568bd9d,T_a02bf5e9,1697
1674,466,match_start,0,Blizzard World,Hybrid,T_5568bd9d,T_a02bf5e9,1698
1675,466,match_start,0,New Queen Street,Push,T_5568bd9d,T_a02bf5e9,1699
1676,466,match_start,0,Oasis,Control,T_5568bd9d,T_a02bf5e9,1700
1677,468,match_start,0,Nepal,Control,T_5568bd9d,T_a02bf5e9,1701
1678,467,match_start,0,Nepal,Control,T_5568bd9d,T_a02bf5e9,1702
1679,467,match_start,0,Hollywood,Hybrid,T_5568bd9d,T_a02bf5e9,1703
1680,469,match_start,0,Busan,Control,T_5568bd9d,T_a02bf5e9,1704
1683,469,match_start,0,Hollywood,Hybrid,T_5568bd9d,T_a02bf5e9,1707
1684,470,match_start,0,Route 66,Escort,T_5568bd9d,T_a02bf5e9,1708
1685,470,match_start,0,Numbani,Hybrid,T_5568bd9d,T_a02bf5e9,1709
1686,469,match_start,0,Colosseo,Push,T_5568bd9d,T_a02bf5e9,1710
1689,465,match_start,0,Esperança,Push,T_f5419237,T_a02bf5e9,1713
1690,469,match_start,0,Oasis,Control,T_5568bd9d,T_a02bf5e9,1714
1691,469,match_start,0,Oasis,Control,T_5568bd9d,T_a02bf5e9,1715
1692,469,match_start,0,Oasis,Control,T_5568bd9d,T_a02bf5e9,1716
1693,470,match_start,0,New Queen Street,Push,T_5568bd9d,T_a02bf5e9,1717
1694,470,match_start,0,Suravasa,Flashpoint,T_5568bd9d,T_a02bf5e9,1718
1696,471,match_start,0,"King's Row",Hybrid,T_f5419237,T_a02bf5e9,1720
1697,471,match_start,0,Suravasa,Flashpoint,T_f5419237,T_a02bf5e9,1721
1698,471,match_start,0,Dorado,Escort,T_f5419237,T_a02bf5e9,1722
1699,471,match_start,0,Esperança,Push,T_f5419237,T_a02bf5e9,1723
1700,471,match_start,0,Lijiang Tower,Control,T_f5419237,T_a02bf5e9,1724
1701,472,match_start,0,Oasis,Control,T_5568bd9d,T_a02bf5e9,1725
1705,472,match_start,0,New Junk City,Flashpoint,T_5568bd9d,T_a02bf5e9,1729
1706,472,match_start,0,New Junk City,Flashpoint,T_5568bd9d,T_a02bf5e9,1730
1707,472,match_start,0,Route 66,Escort,T_5568bd9d,T_a02bf5e9,1731
1708,473,match_start,0,Route 66,Escort,T_6f51c467,T_112451a5,1732
1709,474,match_start,0,Eichenwalde,Hybrid,T_6f51c467,T_112451a5,1733
1710,474,match_start,0,New Queen Street,Push,T_6f51c467,T_112451a5,1734
1711,474,match_start,0,Route 66,Escort,T_6f51c467,T_112451a5,1735
1712,477,match_start,0,Nepal,Control,T_5568bd9d,T_a02bf5e9,1736
1713,477,match_start,0,Hollywood,Hybrid,T_5568bd9d,T_a02bf5e9,1737
1717,478,match_start,0,Junkertown,Escort,T_5568bd9d,T_a02bf5e9,1741
1724,480,match_start,0,Oasis,Control,T_5568bd9d,T_a02bf5e9,1748
1728,480,match_start,0,Lijiang Tower,Control,T_5568bd9d,T_a02bf5e9,1752
1729,480,match_start,0,Esperança,Push,T_5568bd9d,T_a02bf5e9,1753
1730,481,match_start,0,Nepal,Control,T_5568bd9d,T_a02bf5e9,1754
1731,481,match_start,0,Havana,Escort,T_5568bd9d,T_a02bf5e9,1755
1732,481,match_start,0,Hollywood,Hybrid,T_5568bd9d,T_a02bf5e9,1756
1733,481,match_start,0,Suravasa,Flashpoint,T_5568bd9d,T_a02bf5e9,1757
1734,481,match_start,0,Esperança,Push,T_5568bd9d,T_a02bf5e9,1758
1735,481,match_start,0,Lijiang Tower,Control,T_5568bd9d,T_a02bf5e9,1759
1736,482,match_start,0,Antarctic Peninsula,Control,T_5568bd9d,T_a02bf5e9,1760
1737,482,match_start,0,Dorado,Escort,T_5568bd9d,T_a02bf5e9,1761
1738,482,match_start,0,Dorado,Escort,T_5568bd9d,T_a02bf5e9,1762
1739,481,match_start,0,Hollywood,Hybrid,T_5568bd9d,T_a02bf5e9,1763
1746,482,match_start,0,Dorado,Escort,T_5568bd9d,T_a02bf5e9,1770
1747,482,match_start,0,Dorado,Escort,T_5568bd9d,T_a02bf5e9,1771
1748,482,match_start,0,Numbani,Hybrid,T_5568bd9d,T_a02bf5e9,1772
1749,482,match_start,0,Colosseo,Push,T_5568bd9d,T_a02bf5e9,1773
1750,482,match_start,0,Suravasa,Flashpoint,T_5568bd9d,T_a02bf5e9,1774
1751,482,match_start,0,Samoa,Control,T_5568bd9d,T_a02bf5e9,1775
1752,484,match_start,0,Dorado,Escort,T_5568bd9d,T_a02bf5e9,1776
1756,487,match_start,0,Busan,Control,T_5568bd9d,T_a02bf5e9,1780
1760,487,match_start,0,Suravasa,Flashpoint,T_5568bd9d,T_a02bf5e9,1784
1769,490,match_start,0,Lijiang Tower,Control,T_5568bd9d,T_a02bf5e9,1793
1770,490,match_start,0,Watchpoint: Gibraltar,Escort,T_5568bd9d,T_a02bf5e9,1794
1771,490,match_start,0,New Junk City,Flashpoint,T_5568bd9d,T_a02bf5e9,1795
1772,490,match_start,0,Eichenwalde,Hybrid,T_5568bd9d,T_a02bf5e9,1796
1773,490,match_start,0,Eichenwalde,Hybrid,T_5568bd9d,T_a02bf5e9,1797
1774,490,match_start,0,Colosseo,Push,T_5568bd9d,T_a02bf5e9,1798
1775,490,match_start,0,Busan,Control,T_5568bd9d,T_a02bf5e9,1799
1777,488,match_start,0,Midtown,Hybrid,T_5568bd9d,T_a02bf5e9,1801
1778,488,match_start,0,Hollywood,Hybrid,T_5568bd9d,T_a02bf5e9,1802
1779,488,match_start,0,Watchpoint: Gibraltar,Escort,T_5568bd9d,T_a02bf5e9,1803
1786,488,match_start,0,Lijiang Tower,Control,T_5568bd9d,T_a02bf5e9,1810
1787,491,match_start,0,Nepal,Control,T_5568bd9d,T_a02bf5e9,1811
1788,491,match_start,0,Midtown,Hybrid,T_5568bd9d,T_a02bf5e9,1812
1789,491,match_start,0,Junkertown,Escort,T_5568bd9d,T_a02bf5e9,1813
1790,491,match_start,0,Junkertown,Escort,T_5568bd9d,T_a02bf5e9,1814
1791,491,match_start,0,Junkertown,Escort,T_5568bd9d,T_a02bf5e9,1815
1792,492,match_start,0,Antarctic Peninsula,Control,T_5568bd9d,T_a02bf5e9,1816
1793,493,match_start,0,Antarctic Peninsula,Control,T_5568bd9d,T_a02bf5e9,1817
1794,494,match_start,0,Antarctic Peninsula,Control,T_5568bd9d,T_a02bf5e9,1818
1795,494,match_start,0,Havana,Escort,T_967fa57b,T_2f7c4a6e,1819
1796,494,match_start,0,Eichenwalde,Hybrid,T_967fa57b,T_2f7c4a6e,1820
1797,494,match_start,0,New Queen Street,Push,T_967fa57b,T_2f7c4a6e,1821
1798,494,match_start,0,New Junk City,Flashpoint,T_967fa57b,T_2f7c4a6e,1822
1799,494,match_start,0,Nepal,Control,T_967fa57b,T_2f7c4a6e,1823
1800,494,match_start,0,Ilios,Control,T_967fa57b,T_2f7c4a6e,1824
1801,494,match_start,0,Ilios,Control,T_967fa57b,T_2f7c4a6e,1825
1802,495,match_start,0,Lijiang Tower,Control,T_5568bd9d,T_a02bf5e9,1826
1803,495,match_start,0,Paraíso,Hybrid,T_b92f091c,T_b7e00eb0,1827
1804,496,match_start,0,Samoa,Control,T_5568bd9d,T_a02bf5e9,1828
1805,496,match_start,0,Junkertown,Escort,T_5568bd9d,T_a02bf5e9,1829
1806,496,match_start,0,Suravasa,Flashpoint,T_5568bd9d,T_a02bf5e9,1830
1807,496,match_start,0,Blizzard World,Hybrid,T_5568bd9d,T_a02bf5e9,1831
1808,496,match_start,0,New Queen Street,Push,T_5568bd9d,T_a02bf5e9,1832
1809,496,match_start,0,Oasis,Control,T_5568bd9d,T_a02bf5e9,1833
1812,495,match_start,0,New Junk City,Flashpoint,T_b92f091c,T_b7e00eb0,1836
1813,501,match_start,0,Busan,Control,T_967fa57b,T_19b74e55,1837
1814,501,match_start,0,Watchpoint: Gibraltar,Escort,T_967fa57b,T_19b74e55,1838
1815,501,match_start,0,Midtown,Hybrid,T_967fa57b,T_19b74e55,1839
1816,501,match_start,0,Colosseo,Push,T_967fa57b,T_19b74e55,1840
1817,501,match_start,0,Suravasa,Flashpoint,T_967fa57b,T_19b74e55,1841
1818,501,match_start,0,Antarctic Peninsula,Control,T_967fa57b,T_19b74e55,1842
1819,501,match_start,0,Esperança,Push,T_967fa57b,T_19b74e55,1843
1826,503,match_start,0,Dorado,Escort,T_f5419237,T_a02bf5e9,1850
1827,503,match_start,0,Suravasa,Flashpoint,T_f5419237,T_a02bf5e9,1851
1829,504,match_start,0,Circuit royal,Escort,T_5568bd9d,T_a02bf5e9,1853
1830,504,match_start,0,Hollywood,Hybrid,T_5568bd9d,T_a02bf5e9,1854
1834,503,match_start,0,Numbani,Hybrid,T_f5419237,T_a02bf5e9,1858
1835,505,match_start,0,Ilios,Control,T_f5419237,T_a02bf5e9,1859
1836,505,match_start,0,Suravasa,Flashpoint,T_f5419237,T_a02bf5e9,1860
1837,505,match_start,0,Esperança,Push,T_f5419237,T_a02bf5e9,1861
1838,505,match_start,0,Lijiang Tower,Control,T_f5419237,T_a02bf5e9,1862
1839,505,match_start,0,Lijiang Tower,Control,T_f5419237,T_a02bf5e9,1863
1840,505,match_start,0,Lijiang Tower,Control,T_f5419237,T_a02bf5e9,1864
1841,506,match_start,0,Lijiang Tower,Control,T_5568bd9d,T_a02bf5e9,1865
1846,507,match_start,0,New Junk City,Flashpoint,T_5568bd9d,T_a02bf5e9,1870
1847,507,match_start,0,Hollywood,Hybrid,T_5568bd9d,T_a02bf5e9,1871
1848,507,match_start,0,New Queen Street,Push,T_5568bd9d,T_a02bf5e9,1872
1855,507,match_start,0,Busan,Control,T_5568bd9d,T_a02bf5e9,1879
1856,505,match_start,0,Dorado,Escort,T_f5419237,T_a02bf5e9,1880
1857,505,match_start,0,Circuit royal,Escort,T_f5419237,T_a02bf5e9,1881
1858,509,match_start,0,Samoa,Control,T_5568bd9d,T_a02bf5e9,1882
1861,509,match_start,0,Suravasa,Flashpoint,T_5568bd9d,T_a02bf5e9,1885
1877,514,match_start,0,New Junk City,Flashpoint,T_5568bd9d,T_a02bf5e9,1901
1879,514,match_start,0,Esperança,Push,T_5568bd9d,T_a02bf5e9,1903
1881,515,match_start,0,Nepal,Control,T_5568bd9d,T_a02bf5e9,1905
1883,515,match_start,0,Suravasa,Flashpoint,T_9c178995,T_ff796947,1907
1886,515,match_start,0,Midtown,Hybrid,T_9c178995,T_ff796947,1910
1902,518,match_start,0,Junkertown,Escort,T_5568bd9d,T_a02bf5e9,1926
1903,518,match_start,0,New Junk City,Flashpoint,T_5568bd9d,T_a02bf5e9,1927
1918,522,match_start,0,Lijiang Tower,Control,T_5568bd9d,T_a02bf5e9,1942
1925,522,match_start,0,Watchpoint: Gibraltar,Escort,T_5568bd9d,T_a02bf5e9,1949
1928,525,match_start,0,Ilios,Control,T_f89d2836,T_4f35040a,1952
1929,524,match_start,0,Route 66,Escort,T_5568bd9d,T_a02bf5e9,1953
1934,524,match_start,0,New Queen Street,Push,T_5568bd9d,T_a02bf5e9,1958
1946,530,match_start,0,Busan,Control,T_5568bd9d,T_a02bf5e9,1970
1887,515,match_start,0,Lijiang Tower,Control,T_9c178995,T_ff796947,1911
1888,516,match_start,0,Ilios,Control,T_5568bd9d,T_a02bf5e9,1912
1897,517,match_start,0,Suravasa,Flashpoint,T_5568bd9d,T_a02bf5e9,1921
1899,517,match_start,0,Esperança,Push,T_5568bd9d,T_a02bf5e9,1923
1901,518,match_start,0,Nepal,Control,T_5568bd9d,T_a02bf5e9,1925
1915,519,match_start,0,Shambali Monastery,Escort,T_5568bd9d,T_a02bf5e9,1939
1932,524,match_start,0,New Junk City,Flashpoint,T_5568bd9d,T_a02bf5e9,1956
1933,524,match_start,0,"King's Row",Hybrid,T_5568bd9d,T_a02bf5e9,1957
1935,524,match_start,0,Lijiang Tower,Control,T_5568bd9d,T_a02bf5e9,1959
1938,528,match_start,0,Havana,Escort,T_5568bd9d,T_a02bf5e9,1962
1939,528,match_start,0,Havana,Escort,T_5568bd9d,T_a02bf5e9,1963
1942,528,match_start,0,Colosseo,Push,T_5568bd9d,T_a02bf5e9,1966
1893,516,match_start,0,Lijiang Tower,Control,T_5568bd9d,T_a02bf5e9,1917
1894,516,match_start,0,"King's Row (Winter)",Hybrid,T_5568bd9d,T_a02bf5e9,1918
1895,517,match_start,0,Lijiang Tower,Control,T_5568bd9d,T_a02bf5e9,1919
1896,517,match_start,0,Havana,Escort,T_5568bd9d,T_a02bf5e9,1920
1898,517,match_start,0,Numbani,Hybrid,T_5568bd9d,T_a02bf5e9,1922
1906,518,match_start,0,Ilios,Control,T_5568bd9d,T_a02bf5e9,1930
1907,519,match_start,0,Antarctic Peninsula,Control,T_5568bd9d,T_a02bf5e9,1931
1912,519,match_start,0,New Queen Street,Push,T_5568bd9d,T_a02bf5e9,1936
1920,522,match_start,0,Suravasa,Flashpoint,T_5568bd9d,T_a02bf5e9,1944
1921,522,match_start,0,"King's Row",Hybrid,T_5568bd9d,T_a02bf5e9,1945
1922,522,match_start,0,Esperança,Push,T_5568bd9d,T_a02bf5e9,1946
1923,522,match_start,0,Esperança,Push,T_5568bd9d,T_a02bf5e9,1947
1926,523,match_start,0,Ilios,Control,T_f89d2836,T_4f35040a,1950
1927,524,match_start,0,Ilios,Control,T_5568bd9d,T_a02bf5e9,1951
1940,528,match_start,0,Suravasa,Flashpoint,T_5568bd9d,T_a02bf5e9,1964
1941,528,match_start,0,Paraíso,Hybrid,T_5568bd9d,T_a02bf5e9,1965
1943,528,match_start,0,Busan,Control,T_5568bd9d,T_a02bf5e9,1967
1954,531,match_start,0,Lijiang Tower,Control,T_5568bd9d,T_a02bf5e9,1978
1911,519,match_start,0,New Queen Street,Push,T_5568bd9d,T_a02bf5e9,1935
1919,522,match_start,0,Rialto,Escort,T_5568bd9d,T_a02bf5e9,1943
1930,526,match_start,0,Ilios,Control,T_f89d2836,T_4f35040a,1954
1931,524,match_start,0,Route 66,Escort,T_5568bd9d,T_a02bf5e9,1955
1936,527,match_start,0,Ilios,Control,T_f89d2836,T_4f35040a,1960
1937,528,match_start,0,Lijiang Tower,Control,T_5568bd9d,T_a02bf5e9,1961
1944,528,match_start,0,Junkertown,Escort,T_5568bd9d,T_a02bf5e9,1968
1945,529,match_start,0,Ilios,Control,T_f89d2836,T_4f35040a,1969
1947,531,match_start,0,Busan,Control,T_5568bd9d,T_a02bf5e9,1971
1953,531,match_start,0,New Queen Street,Push,T_5568bd9d,T_a02bf5e9,1977
1958,533,match_start,0,Ilios,Control,T_f89d2836,T_4f35040a,1982
1963,534,match_start,0,Oasis,Control,T_5568bd9d,T_a02bf5e9,1987
1964,534,match_start,0,Shambali Monastery,Escort,T_f638bd92,T_27954ae0,1988
1965,534,match_start,0,Shambali Monastery,Escort,T_f638bd92,T_27954ae0,1989
1968,534,match_start,0,Esperança,Push,T_f638bd92,T_27954ae0,1992
1969,535,match_start,0,Shambali Monastery,Escort,T_f638bd92,T_27954ae0,1993
1970,535,match_start,0,Esperança,Push,T_f638bd92,T_27954ae0,1994
1971,535,match_start,0,"King's Row",Hybrid,T_f638bd92,T_27954ae0,1995
1972,535,match_start,0,New Junk City,Flashpoint,T_f638bd92,T_27954ae0,1996
1973,535,match_start,0,Oasis,Control,T_5568bd9d,T_a02bf5e9,1997
1974,536,match_start,0,Ilios,Control,T_5568bd9d,T_a02bf5e9,1998
1975,536,match_start,0,Watchpoint: Gibraltar,Escort,T_5568bd9d,T_a02bf5e9,1999
1976,536,match_start,0,Numbani,Hybrid,T_5568bd9d,T_a02bf5e9,2000
1983,537,match_start,0,Hollywood,Hybrid,T_5568bd9d,T_a02bf5e9,2007
1985,537,match_start,0,Suravasa,Flashpoint,T_5568bd9d,T_a02bf5e9,2009
1986,538,match_start,0,Nepal,Control,T_5568bd9d,T_a02bf5e9,2010
1987,538,match_start,0,Route 66,Escort,T_55d8644d,T_798ede5f,2011
1988,538,match_start,0,Suravasa,Flashpoint,T_55d8644d,T_798ede5f,2012
1989,538,match_start,0,Blizzard World,Hybrid,T_55d8644d,T_798ede5f,2013
1990,538,match_start,0,Esperança,Push,T_55d8644d,T_798ede5f,2014
1991,538,match_start,0,Lijiang Tower,Control,T_55d8644d,T_798ede5f,2015
1992,539,match_start,0,Antarctic Peninsula,Control,T_4408f908,T_a02bf5e9,2016
1993,539,match_start,0,"King's Row",Hybrid,T_4408f908,T_a02bf5e9,2017
1994,539,match_start,0,Circuit royal,Escort,T_4408f908,T_a02bf5e9,2018
2004,542,match_start,0,Midtown,Hybrid,T_5568bd9d,T_a02bf5e9,2028
2007,542,match_start,0,Shambali Monastery,Escort,T_5568bd9d,T_a02bf5e9,2031
2008,542,match_start,0,Nepal,Control,T_5568bd9d,T_a02bf5e9,2032
2009,542,match_start,0,New Junk City,Flashpoint,T_5568bd9d,T_a02bf5e9,2033
2010,543,match_start,0,Nepal,Control,T_5568bd9d,T_a02bf5e9,2034
2011,543,match_start,0,Midtown,Hybrid,T_5568bd9d,T_a02bf5e9,2035
2012,543,match_start,0,Route 66,Escort,T_5568bd9d,T_a02bf5e9,2036
2018,544,match_start,0,Oasis,Control,T_5568bd9d,T_a02bf5e9,2042
2019,544,match_start,0,Shambali Monastery,Escort,T_5568bd9d,T_a02bf5e9,2043
2020,544,match_start,0,Suravasa,Flashpoint,T_5568bd9d,T_a02bf5e9,2044
2021,544,match_start,0,Esperança,Push,T_5568bd9d,T_a02bf5e9,2045
2022,544,match_start,0,Samoa,Control,T_5568bd9d,T_a02bf5e9,2046
2023,545,match_start,0,New Queen Street,Push,T_5568bd9d,T_a02bf5e9,2047
2024,545,match_start,0,Numbani,Hybrid,T_5568bd9d,T_a02bf5e9,2048
2025,545,match_start,0,New Junk City,Flashpoint,T_5568bd9d,T_a02bf5e9,2049
2026,545,match_start,0,Junkertown,Escort,T_5568bd9d,T_a02bf5e9,2050
2027,545,match_start,0,Antarctic Peninsula,Control,T_5568bd9d,T_a02bf5e9,2051
2028,547,match_start,0,Oasis,Control,T_5568bd9d,T_a02bf5e9,2052
2029,547,match_start,0,Route 66,Escort,T_5568bd9d,T_a02bf5e9,2053
2030,547,match_start,0,New Junk City,Flashpoint,T_5568bd9d,T_a02bf5e9,2054
2031,547,match_start,0,Numbani,Hybrid,T_5568bd9d,T_a02bf5e9,2055
2032,547,match_start,0,New Queen Street,Push,T_5568bd9d,T_a02bf5e9,2056
2033,548,match_start,0,Antarctic Peninsula,Control,T_5568bd9d,T_a02bf5e9,2057
2034,548,match_start,0,Havana,Escort,T_5568bd9d,T_a02bf5e9,2058
2035,548,match_start,0,Numbani,Hybrid,T_5568bd9d,T_a02bf5e9,2059
2039,548,match_start,0,Esperança,Push,T_5568bd9d,T_a02bf5e9,2063
2036,548,match_start,0,Colosseo,Push,T_5568bd9d,T_a02bf5e9,2060
2037,548,match_start,0,New Junk City,Flashpoint,T_5568bd9d,T_a02bf5e9,2061
2038,548,match_start,0,Busan,Control,T_5568bd9d,T_a02bf5e9,2062
2040,547,match_start,0,Lijiang Tower,Control,T_5568bd9d,T_a02bf5e9,2064
2041,549,match_start,0,Samoa,Control,T_5568bd9d,T_a02bf5e9,2065
2042,549,match_start,0,Junkertown,Escort,T_5568bd9d,T_a02bf5e9,2066
2043,549,match_start,0,Suravasa,Flashpoint,T_5568bd9d,T_a02bf5e9,2067
2044,549,match_start,0,Hollywood,Hybrid,T_5568bd9d,T_a02bf5e9,2068
2045,549,match_start,0,Colosseo,Push,T_5568bd9d,T_a02bf5e9,2069
2048,551,match_start,0,Eichenwalde,Hybrid,T_5568bd9d,T_a02bf5e9,2072
2049,551,match_start,0,Esperança,Push,T_5568bd9d,T_a02bf5e9,2073
2050,551,match_start,0,Suravasa,Flashpoint,T_5568bd9d,T_a02bf5e9,2074
2051,551,match_start,0,Antarctic Peninsula,Control,T_5568bd9d,T_a02bf5e9,2075
2053,553,match_start,0,New Queen Street,Push,T_37915e08,T_64eed5e7,2077
2055,554,match_start,0,Nepal,Control,T_5568bd9d,T_a02bf5e9,2079
2057,554,match_start,0,Route 66,Escort,T_5568bd9d,T_a02bf5e9,2081
2061,555,match_start,0,Busan,Control,T_a3408080,T_8f736da5,2085
2063,556,match_start,0,Busan,Control,T_a3408080,T_8f736da5,2087
2064,556,match_start,0,Numbani,Hybrid,T_a3408080,T_8f736da5,2088
2065,556,match_start,0,Colosseo,Push,T_a3408080,T_8f736da5,2089
2067,556,match_start,0,Suravasa,Flashpoint,T_a3408080,T_8f736da5,2091
2069,557,match_start,0,Dorado,Escort,T_5568bd9d,T_a02bf5e9,2093
2070,558,match_start,0,Dorado,Escort,T_5568bd9d,T_a02bf5e9,2094
2080,564,match_start,0,"King's Row",Hybrid,T_e50ebbc3,T_bfd8a0de,2106
2082,565,match_start,0,Lijiang Tower,Control,T_122ad7b6,T_b61ee4a9,2108
2086,565,match_start,0,Hollywood,Hybrid,T_122ad7b6,T_b61ee4a9,2112
2091,566,match_start,0,Route 66,Escort,T_5568bd9d,T_a02bf5e9,2117
2093,566,match_start,0,New Queen Street,Push,T_5568bd9d,T_a02bf5e9,2119
2094,566,match_start,0,New Junk City,Flashpoint,T_5568bd9d,T_a02bf5e9,2120
2095,566,match_start,0,Oasis,Control,T_5568bd9d,T_a02bf5e9,2121
2096,567,match_start,0,Antarctic Peninsula,Control,T_5568bd9d,T_a02bf5e9,2122
2097,567,match_start,0,Route 66,Escort,T_5568bd9d,T_a02bf5e9,2123
2098,567,match_start,0,"King's Row",Hybrid,T_5568bd9d,T_a02bf5e9,2124
2099,567,match_start,0,New Queen Street,Push,T_5568bd9d,T_a02bf5e9,2125
2100,567,match_start,0,New Junk City,Flashpoint,T_5568bd9d,T_a02bf5e9,2126
2101,567,match_start,0,Oasis,Control,T_5568bd9d,T_a02bf5e9,2127
2102,568,match_start,0,"King's Row",Hybrid,T_5568bd9d,T_a02bf5e9,2128
2103,568,match_start,0,Watchpoint: Gibraltar,Escort,T_5568bd9d,T_a02bf5e9,2129
2104,568,match_start,0,Rialto,Escort,T_5568bd9d,T_a02bf5e9,2130
2105,568,match_start,0,Samoa,Control,T_5568bd9d,T_a02bf5e9,2131
2107,568,match_start,0,Suravasa,Flashpoint,T_5568bd9d,T_a02bf5e9,2135
2108,568,match_start,0,Blizzard World,Hybrid,T_5568bd9d,T_a02bf5e9,2136
2109,568,match_start,0,Circuit royal,Escort,T_5568bd9d,T_a02bf5e9,2137
2110,568,match_start,0,Lijiang Tower,Control,T_5568bd9d,T_a02bf5e9,2139
2111,570,match_start,0,Ilios,Control,T_5568bd9d,T_a02bf5e9,2140
2112,570,match_start,0,Shambali Monastery,Escort,T_5568bd9d,T_a02bf5e9,2141
2113,570,match_start,0,Numbani,Hybrid,T_5568bd9d,T_a02bf5e9,2142
2114,570,match_start,0,Esperança,Push,T_5568bd9d,T_a02bf5e9,2143
2115,570,match_start,0,Suravasa,Flashpoint,T_5568bd9d,T_a02bf5e9,2144
2116,571,match_start,0,Busan,Control,T_5568bd9d,T_a02bf5e9,2145
2117,571,match_start,0,"King's Row",Hybrid,T_a3408080,T_468d0ba3,2146
2118,571,match_start,0,Esperança,Push,T_a3408080,T_468d0ba3,2147
2119,571,match_start,0,Route 66,Escort,T_a3408080,T_468d0ba3,2148
2120,571,match_start,0,Suravasa,Flashpoint,T_a3408080,T_468d0ba3,2149
2127,574,match_start,0,Lijiang Tower,Control,T_5568bd9d,T_a02bf5e9,2156
2129,574,match_start,0,New Junk City,Flashpoint,T_5568bd9d,T_a02bf5e9,2158
2131,574,match_start,0,Watchpoint: Gibraltar,Escort,T_5568bd9d,T_a02bf5e9,2160
2132,574,match_start,0,Watchpoint: Gibraltar,Escort,T_5568bd9d,T_a02bf5e9,2161
2133,574,match_start,0,Oasis,Control,T_5568bd9d,T_a02bf5e9,2162
2135,575,match_start,0,Ilios,Control,T_5568bd9d,T_a02bf5e9,2164
2136,575,match_start,0,New Junk City,Flashpoint,T_6693c46d,T_74715018,2165
2137,575,match_start,0,New Queen Street,Push,T_6693c46d,T_74715018,2166
2143,576,match_start,0,Dorado,Escort,T_6693c46d,T_c911d9a8,2172
2144,576,match_start,0,Antarctic Peninsula,Control,T_6693c46d,T_c911d9a8,2173
2145,577,match_start,0,Antarctic Peninsula,Control,T_afa0a505,T_9132db8b,2174
2146,577,match_start,0,Dorado,Escort,T_afa0a505,T_9132db8b,2175
2147,577,match_start,0,Suravasa,Flashpoint,T_afa0a505,T_9132db8b,2176
2148,577,match_start,0,Numbani,Hybrid,T_afa0a505,T_9132db8b,2177
2149,577,match_start,0,New Queen Street,Push,T_afa0a505,T_9132db8b,2178
2150,577,match_start,0,Nepal,Control,T_afa0a505,T_9132db8b,2179
2151,578,match_start,0,Lijiang Tower,Control,T_5568bd9d,T_a02bf5e9,2180
2152,578,match_start,0,Watchpoint: Gibraltar,Escort,T_5568bd9d,T_a02bf5e9,2181
2153,578,match_start,0,"King's Row",Hybrid,T_5568bd9d,T_a02bf5e9,2182
2154,578,match_start,0,New Queen Street,Push,T_5568bd9d,T_a02bf5e9,2183
2155,578,match_start,0,Suravasa,Flashpoint,T_5568bd9d,T_a02bf5e9,2184
2156,578,match_start,0,Samoa,Control,T_5568bd9d,T_a02bf5e9,2185
2157,580,match_start,0,Ilios,Control,T_5568bd9d,T_a02bf5e9,2186
2158,580,match_start,0,"King's Row",Hybrid,T_5568bd9d,T_a02bf5e9,2187
2159,580,match_start,0,Route 66,Escort,T_5568bd9d,T_a02bf5e9,2188
2160,580,match_start,0,Suravasa,Flashpoint,T_5568bd9d,T_a02bf5e9,2189
2161,580,match_start,0,Esperança,Push,T_5568bd9d,T_a02bf5e9,2190
2162,580,match_start,0,Lijiang Tower (Lunar New Year),Control,T_5568bd9d,T_a02bf5e9,2191
2163,581,match_start,0,Nepal,Control,T_cca054b0,T_3e0bb6bb,2192
2164,581,match_start,0,"King's Row",Hybrid,T_e850f535,T_3e0bb6bb,2193
2165,581,match_start,0,Suravasa,Flashpoint,T_e850f535,T_3e0bb6bb,2194
2166,581,match_start,0,Junkertown,Escort,T_e850f535,T_3e0bb6bb,2195
2167,581,match_start,0,Colosseo,Push,T_e850f535,T_3e0bb6bb,2196
2168,582,match_start,0,Oasis,Control,T_5568bd9d,T_a02bf5e9,2197
2169,582,match_start,0,Numbani,Hybrid,T_5568bd9d,T_a02bf5e9,2198
2170,582,match_start,0,Route 66,Escort,T_5568bd9d,T_a02bf5e9,2199
2171,582,match_start,0,Colosseo,Push,T_5568bd9d,T_a02bf5e9,2200
2172,582,match_start,0,Suravasa,Flashpoint,T_5568bd9d,T_a02bf5e9,2201
2184,533,match_start,0,"King's Row",Hybrid,T_7626c8fd,T_6f1da461,2241
2185,533,match_start,0,Suravasa,Flashpoint,T_7626c8fd,T_6f1da461,2242
2187,533,match_start,0,Watchpoint: Gibraltar,Escort,T_7626c8fd,T_6f1da461,2244
2188,533,match_start,0,Ilios,Control,T_7626c8fd,T_6f1da461,2245
2193,608,match_start,0,Ilios,Control,T_7626c8fd,T_6f1da461,2250
2194,608,match_start,0,Suravasa,Flashpoint,T_7626c8fd,T_6f1da461,2251
2195,608,match_start,0,Watchpoint: Gibraltar,Escort,T_7626c8fd,T_6f1da461,2252
2196,608,match_start,0,"King's Row",Hybrid,T_7626c8fd,T_6f1da461,2253
2197,608,match_start,0,Oasis,Control,T_7626c8fd,T_6f1da461,2254
2198,608,match_start,0,Esperança,Push,T_7626c8fd,T_6f1da461,2255
2199,609,match_start,0,Lijiang Tower,Control,T_5568bd9d,T_a02bf5e9,2256
2200,609,match_start,0,Dorado,Escort,T_5568bd9d,T_a02bf5e9,2257
2201,609,match_start,0,Numbani,Hybrid,T_5568bd9d,T_a02bf5e9,2258
2202,609,match_start,0,Colosseo,Push,T_5568bd9d,T_a02bf5e9,2259
2203,609,match_start,0,Circuit royal,Escort,T_5568bd9d,T_a02bf5e9,2260
2204,609,match_start,0,Suravasa,Flashpoint,T_5568bd9d,T_a02bf5e9,2261
2205,610,match_start,0,Lijiang Tower,Control,T_0cac1da9,T_263e449b,2262
2207,610,match_start,0,New Junk City,Flashpoint,T_0cac1da9,T_263e449b,2264
2212,611,match_start,0,Antarctic Peninsula,Control,T_5568bd9d,T_a02bf5e9,2269
2215,613,match_start,0,Hollywood,Hybrid,T_5568bd9d,T_a02bf5e9,2272
2216,613,match_start,0,Esperança,Push,T_5568bd9d,T_a02bf5e9,2273
2217,613,match_start,0,Oasis,Control,T_5568bd9d,T_a02bf5e9,2274
2218,613,match_start,0,Antarctic Peninsula,Control,T_5568bd9d,T_a02bf5e9,2275
2219,613,match_start,0,Circuit royal,Escort,T_5568bd9d,T_a02bf5e9,2276
2220,615,match_start,0,Samoa,Control,T_5568bd9d,T_a02bf5e9,2277
2221,615,match_start,0,Havana,Escort,T_5568bd9d,T_a02bf5e9,2278
2222,615,match_start,0,Hollywood,Hybrid,T_5568bd9d,T_a02bf5e9,2279
2223,615,match_start,0,New Queen Street,Push,T_5568bd9d,T_a02bf5e9,2280
2224,615,match_start,0,Suravasa,Flashpoint,T_5568bd9d,T_a02bf5e9,2281
2225,615,match_start,0,Antarctic Peninsula,Control,T_5568bd9d,T_a02bf5e9,2282
2226,616,match_start,0,Oasis,Control,T_5568bd9d,T_a02bf5e9,2283
2227,616,match_start,0,Circuit royal,Escort,T_5568bd9d,T_a02bf5e9,2284
2234,617,match_start,0,Eichenwalde,Hybrid,T_5568bd9d,T_a02bf5e9,2291
2235,617,match_start,0,Esperança,Push,T_5568bd9d,T_a02bf5e9,2292
2236,617,match_start,0,New Junk City,Flashpoint,T_5568bd9d,T_a02bf5e9,2293
2237,617,match_start,0,Samoa,Control,T_5568bd9d,T_a02bf5e9,2294
2245,619,match_start,0,Antarctic Peninsula,Control,T_5568bd9d,T_a02bf5e9,2302
2246,619,match_start,0,Midtown,Hybrid,T_38191f4e,T_e5823043,2303
2247,619,match_start,0,Runasapi,Push,T_38191f4e,T_e5823043,2304
2248,619,match_start,0,Runasapi,Push,T_38191f4e,T_e5823043,2305
2249,619,match_start,0,Suravasa,Flashpoint,T_38191f4e,T_e5823043,2306
2250,619,match_start,0,Junkertown,Escort,T_38191f4e,T_e5823043,2307
2251,619,match_start,0,Samoa,Control,T_38191f4e,T_e5823043,2308
2252,619,match_start,0,Colosseo,Push,T_38191f4e,T_e5823043,2309
2253,620,match_start,0,Samoa,Control,T_5568bd9d,T_a02bf5e9,2310
2254,620,match_start,0,"King's Row",Hybrid,T_5568bd9d,T_a02bf5e9,2311
2255,621,match_start,0,Samoa,Control,T_0cac1da9,T_342d2e4b,2312
2256,621,match_start,0,"King's Row",Hybrid,T_0cac1da9,T_342d2e4b,2313
2257,621,match_start,0,New Junk City,Flashpoint,T_0cac1da9,T_342d2e4b,2314
2259,621,match_start,0,Colosseo,Push,T_0cac1da9,T_342d2e4b,2316
2260,621,match_start,0,Circuit royal,Escort,T_0cac1da9,T_342d2e4b,2317
2261,621,match_start,0,Runasapi,Push,T_0cac1da9,T_342d2e4b,2318
2262,620,match_start,0,"King's Row",Hybrid,T_5568bd9d,T_a02bf5e9,2319
2263,621,match_start,0,Runasapi,Push,T_0cac1da9,T_342d2e4b,2320
2265,622,match_start,0,Numbani,Hybrid,T_0cac1da9,T_f65c9ba1,2322
2266,622,match_start,0,Suravasa,Flashpoint,T_0cac1da9,T_f65c9ba1,2323
2267,622,match_start,0,Runasapi,Push,T_0cac1da9,T_f65c9ba1,2324
2268,622,match_start,0,Shambali Monastery,Escort,T_0cac1da9,T_f65c9ba1,2325
2269,622,match_start,0,Colosseo,Push,T_0cac1da9,T_f65c9ba1,2326
2270,622,match_start,0,Havana,Escort,T_0cac1da9,T_f65c9ba1,2327
2271,620,match_start,0,"King's Row",Hybrid,T_5568bd9d,T_a02bf5e9,2328
2272,620,match_start,0,Havana,Escort,T_5568bd9d,T_a02bf5e9,2329
2273,620,match_start,0,Colosseo,Push,T_5568bd9d,T_a02bf5e9,2330
2274,620,match_start,0,Suravasa,Flashpoint,T_5568bd9d,T_a02bf5e9,2331
2275,623,match_start,0,Nepal,Control,T_5568bd9d,T_a02bf5e9,2332
2276,623,match_start,0,Eichenwalde,Hybrid,T_5568bd9d,T_a02bf5e9,2333
2277,623,match_start,0,Runasapi,Push,T_5568bd9d,T_a02bf5e9,2334
2278,623,match_start,0,Circuit royal,Escort,T_5568bd9d,T_a02bf5e9,2335
2279,623,match_start,0,New Junk City,Flashpoint,T_5568bd9d,T_a02bf5e9,2336
2280,623,match_start,0,Colosseo,Push,T_5568bd9d,T_a02bf5e9,2337
2311,627,match_start,0,New Junk City,Flashpoint,T_5568bd9d,T_a02bf5e9,2368
2320,629,match_start,0,Oasis,Control,T_5568bd9d,T_a02bf5e9,2377
2321,629,match_start,0,Shambali Monastery,Escort,T_5568bd9d,T_a02bf5e9,2378
2322,629,match_start,0,Suravasa,Flashpoint,T_5568bd9d,T_a02bf5e9,2379
2323,629,match_start,0,Midtown,Hybrid,T_5568bd9d,T_a02bf5e9,2380
2324,629,match_start,0,Colosseo,Push,T_5568bd9d,T_a02bf5e9,2381
2332,632,match_start,0,Ilios,Control,T_b92f091c,T_3a99a4eb,2389
2333,632,match_start,0,Numbani,Hybrid,T_b92f091c,T_3a99a4eb,2390
2334,632,match_start,0,Hollywood,Hybrid,T_b92f091c,T_3a99a4eb,2391
2335,632,match_start,0,Runasapi,Push,T_b92f091c,T_3a99a4eb,2392
2336,632,match_start,0,New Junk City,Flashpoint,T_b92f091c,T_3a99a4eb,2393
2337,632,match_start,0,Antarctic Peninsula,Control,T_b92f091c,T_3a99a4eb,2394
2338,632,match_start,0,Colosseo,Push,T_b92f091c,T_3a99a4eb,2395
2340,641,match_start,0,Lijiang Tower,Control,T_38191f4e,T_b5608b55,2401
2341,641,match_start,0,Paraíso,Hybrid,T_38191f4e,T_b5608b55,2402
2342,641,match_start,0,New Junk City,Flashpoint,T_38191f4e,T_b5608b55,2403
2343,641,match_start,0,Paraíso,Hybrid,T_38191f4e,T_b5608b55,2404
2344,641,match_start,0,Runasapi,Push,T_38191f4e,T_b5608b55,2405
2347,641,match_start,0,Paraíso,Hybrid,T_38191f4e,T_b5608b55,2408
2348,641,match_start,0,Paraíso,Hybrid,T_38191f4e,T_b5608b55,2409
2349,642,match_start,0,Oasis,Control,T_0cac1da9,T_a55c988b,2410
2350,642,match_start,0,Midtown,Hybrid,T_0cac1da9,T_a55c988b,2411
2351,642,match_start,0,Suravasa,Flashpoint,T_0cac1da9,T_a55c988b,2412
2352,642,match_start,0,New Queen Street,Push,T_0cac1da9,T_a55c988b,2413
2354,642,match_start,0,Nepal,Control,T_0cac1da9,T_a55c988b,2415
2355,642,match_start,0,Runasapi,Push,T_0cac1da9,T_a55c988b,2416
2360,644,match_start,0,Ilios,Control,T_5568bd9d,T_a02bf5e9,2421
2361,644,match_start,0,Route 66,Escort,T_5568bd9d,T_a02bf5e9,2422
2362,644,match_start,0,New Junk City,Flashpoint,T_5568bd9d,T_a02bf5e9,2423
2363,644,match_start,0,Numbani,Hybrid,T_5568bd9d,T_a02bf5e9,2424
2364,644,match_start,0,Runasapi,Push,T_5568bd9d,T_a02bf5e9,2425
2365,644,match_start,0,Nepal,Control,T_5568bd9d,T_a02bf5e9,2426
2366,644,match_start,0,Rialto,Escort,T_5568bd9d,T_a02bf5e9,2427
2367,644,match_start,0,Rialto,Escort,T_5568bd9d,T_a02bf5e9,2428
2368,645,match_start,0,Nepal,Control,T_5568bd9d,T_a02bf5e9,2429
2369,645,match_start,0,Colosseo,Push,T_5568bd9d,T_a02bf5e9,2430
2370,645,match_start,0,Rialto,Escort,T_5568bd9d,T_a02bf5e9,2431
2371,645,match_start,0,Hollywood,Hybrid,T_5568bd9d,T_a02bf5e9,2432
2372,645,match_start,0,New Junk City,Flashpoint,T_5568bd9d,T_a02bf5e9,2433
2379,646,match_start,0,New Junk City,Flashpoint,T_86a4d2ce,T_c9767fa7,2440
2380,647,match_start,0,Ilios,Control,T_5568bd9d,T_a02bf5e9,2441
2381,648,match_start,0,Ilios,Control,T_5568bd9d,T_a02bf5e9,2442
2382,649,match_start,0,Ilios,Control,T_5568bd9d,T_a02bf5e9,2443
2383,650,match_start,0,Ilios,Control,T_5568bd9d,T_a02bf5e9,2444
2384,651,match_start,0,"King's Row",Hybrid,T_0c568a57,T_6f1da461,2445
2385,650,match_start,0,Midtown,Hybrid,T_5568bd9d,T_a02bf5e9,2446
2386,650,match_start,0,Suravasa,Flashpoint,T_5568bd9d,T_a02bf5e9,2447
2387,650,match_start,0,Circuit royal,Escort,T_5568bd9d,T_a02bf5e9,2448
2390,652,match_start,0,Havana,Escort,T_5568bd9d,T_a02bf5e9,2451
2393,652,match_start,0,Runasapi,Push,T_5568bd9d,T_a02bf5e9,2454
2394,650,match_start,0,Runasapi,Push,T_5568bd9d,T_a02bf5e9,2455
2395,650,match_start,0,Nepal,Control,T_5568bd9d,T_a02bf5e9,2456
2397,654,match_start,0,"King's Row",Hybrid,T_0cac1da9,T_a55c988b,2458
2398,654,match_start,0,Suravasa,Flashpoint,T_0cac1da9,T_a55c988b,2459
2399,654,match_start,0,Colosseo,Push,T_0cac1da9,T_a55c988b,2460
2400,654,match_start,0,Junkertown,Escort,T_0cac1da9,T_a55c988b,2461
2401,654,match_start,0,Oasis,Control,T_0cac1da9,T_a55c988b,2462
2402,654,match_start,0,Runasapi,Push,T_0cac1da9,T_a55c988b,2463
2403,654,match_start,0,Suravasa,Flashpoint,T_0cac1da9,T_a55c988b,2464
2404,654,match_start,0,Suravasa,Flashpoint,T_0cac1da9,T_a55c988b,2465
2405,655,match_start,0,Ilios,Control,T_0cac1da9,T_8c6b6c44,2466
2406,655,match_start,0,Hollywood,Hybrid,T_0cac1da9,T_8c6b6c44,2467
2408,655,match_start,0,Runasapi,Push,T_0cac1da9,T_8c6b6c44,2469
2410,656,match_start,0,Busan,Control,T_0cac1da9,T_014a95e2,2471
2413,656,match_start,0,New Queen Street,Push,T_0cac1da9,T_014a95e2,2474
2407,655,match_start,0,Suravasa,Flashpoint,T_0cac1da9,T_8c6b6c44,2468
2409,655,match_start,0,Dorado,Escort,T_0cac1da9,T_8c6b6c44,2470
2411,656,match_start,0,Paraíso,Hybrid,T_0cac1da9,T_014a95e2,2472
2412,656,match_start,0,New Junk City,Flashpoint,T_0cac1da9,T_014a95e2,2473
2414,656,match_start,0,Shambali Monastery,Escort,T_0cac1da9,T_014a95e2,2475
2417,658,match_start,0,Ilios,Control,T_5568bd9d,T_a02bf5e9,2478
2424,659,match_start,0,Blizzard World,Hybrid,T_5568bd9d,T_a02bf5e9,2485
2428,659,match_start,0,Nepal,Control,T_5568bd9d,T_a02bf5e9,2489
2429,658,match_start,0,Circuit royal,Escort,T_5568bd9d,T_a02bf5e9,2490
2431,660,match_start,0,Blizzard World,Hybrid,T_5568bd9d,T_a02bf5e9,2492
2432,660,match_start,0,Circuit royal,Escort,T_5568bd9d,T_a02bf5e9,2493
2433,660,match_start,0,Suravasa,Flashpoint,T_5568bd9d,T_a02bf5e9,2494
2435,658,match_start,0,Nepal,Control,T_5568bd9d,T_a02bf5e9,2496
2436,658,match_start,0,"King's Row",Hybrid,T_5568bd9d,T_a02bf5e9,2497
2437,661,match_start,0,Ilios,Control,T_5568bd9d,T_a02bf5e9,2498
2438,661,match_start,0,Circuit royal,Escort,T_5568bd9d,T_a02bf5e9,2499
2439,661,match_start,0,New Junk City,Flashpoint,T_5568bd9d,T_a02bf5e9,2500
2440,661,match_start,0,Hollywood,Hybrid,T_5568bd9d,T_a02bf5e9,2501
2441,661,match_start,0,Esperança,Push,T_5568bd9d,T_a02bf5e9,2502
2442,661,match_start,0,Oasis,Control,T_5568bd9d,T_a02bf5e9,2503
2443,662,match_start,0,Antarctic Peninsula,Control,T_67de56b5,T_78db9784,2504
2444,662,match_start,0,Eichenwalde,Hybrid,T_67de56b5,T_78db9784,2505
2446,662,match_start,0,New Queen Street,Push,T_67de56b5,T_78db9784,2507
2447,662,match_start,0,Suravasa,Flashpoint,T_67de56b5,T_78db9784,2508
2454,664,match_start,0,Numbani,Hybrid,T_a3408080,T_c4f376eb,2515
2455,664,match_start,0,Numbani,Hybrid,T_a3408080,T_c4f376eb,2516
2456,664,match_start,0,Esperança,Push,T_a3408080,T_c4f376eb,2517
2457,664,match_start,0,New Junk City,Flashpoint,T_a3408080,T_c4f376eb,2518
2458,664,match_start,0,Route 66,Escort,T_a3408080,T_c4f376eb,2519
2467,666,match_start,0,Route 66,Escort,T_5568bd9d,T_a02bf5e9,2528
2468,666,match_start,0,Midtown,Hybrid,T_5568bd9d,T_a02bf5e9,2529
2469,666,match_start,0,Runasapi,Push,T_5568bd9d,T_a02bf5e9,2530
2470,666,match_start,0,New Junk City,Flashpoint,T_5568bd9d,T_a02bf5e9,2531
2471,666,match_start,0,Antarctic Peninsula,Control,T_5568bd9d,T_a02bf5e9,2532
2472,667,match_start,0,Nepal,Control,T_5568bd9d,T_a02bf5e9,2533
2473,667,match_start,0,Route 66,Escort,T_5568bd9d,T_a02bf5e9,2534
2482,669,match_start,0,New Junk City,Flashpoint,T_5568bd9d,T_a02bf5e9,2543
2484,670,match_start,0,Busan,Control,T_fb0b0a39,T_a02bf5e9,2545
2486,671,match_start,0,Havana,Escort,T_8a528a6a,T_e9f0147c,2547
2487,671,match_start,0,New Queen Street,Push,T_8a528a6a,T_e9f0147c,2548
2488,671,match_start,0,Numbani,Hybrid,T_8a528a6a,T_e9f0147c,2549
2491,672,match_start,0,Rialto,Escort,T_5568bd9d,T_a02bf5e9,2552
2492,672,match_start,0,Busan,Control,T_5568bd9d,T_a02bf5e9,2553
2493,672,match_start,0,Busan,Control,T_5568bd9d,T_a02bf5e9,2554
2494,672,match_start,0,Esperança,Push,T_5568bd9d,T_a02bf5e9,2555
2495,672,match_start,0,Route 66,Escort,T_5568bd9d,T_a02bf5e9,2556
2496,672,match_start,0,"King's Row",Hybrid,T_5568bd9d,T_a02bf5e9,2557
2497,672,match_start,0,Suravasa,Flashpoint,T_5568bd9d,T_a02bf5e9,2558
2503,672,match_start,0,New Junk City,Flashpoint,T_5568bd9d,T_a02bf5e9,2564
2505,672,match_start,0,Busan,Control,T_5568bd9d,T_a02bf5e9,2566
2509,672,match_start,0,Suravasa,Flashpoint,T_5568bd9d,T_a02bf5e9,2570
2512,672,match_start,0,Suravasa,Flashpoint,T_5568bd9d,T_a02bf5e9,2573
2514,672,match_start,0,Colosseo,Push,T_5568bd9d,T_a02bf5e9,2575
2516,672,match_start,0,Route 66,Escort,T_5568bd9d,T_a02bf5e9,2577
2520,672,match_start,0,Nepal,Control,T_5568bd9d,T_a02bf5e9,2581
2521,672,match_start,0,Rialto,Escort,T_5568bd9d,T_a02bf5e9,2582
2528,672,match_start,0,Esperança,Push,T_5568bd9d,T_a02bf5e9,2589
2502,672,match_start,0,Junkertown,Escort,T_5568bd9d,T_a02bf5e9,2563
2511,672,match_start,0,Rialto,Escort,T_5568bd9d,T_a02bf5e9,2572
2517,672,match_start,0,Esperança,Push,T_5568bd9d,T_a02bf5e9,2578
2518,672,match_start,0,"King's Row",Hybrid,T_5568bd9d,T_a02bf5e9,2579
2525,672,match_start,0,Oasis,Control,T_5568bd9d,T_a02bf5e9,2586
2527,672,match_start,0,New Queen Street,Push,T_5568bd9d,T_a02bf5e9,2588
2504,672,match_start,0,Eichenwalde,Hybrid,T_5568bd9d,T_a02bf5e9,2565
2507,672,match_start,0,Esperança,Push,T_5568bd9d,T_a02bf5e9,2568
2510,672,match_start,0,Nepal,Control,T_5568bd9d,T_a02bf5e9,2571
2515,672,match_start,0,Oasis,Control,T_5568bd9d,T_a02bf5e9,2576
2526,672,match_start,0,Route 66,Escort,T_5568bd9d,T_a02bf5e9,2587
2506,672,match_start,0,Route 66,Escort,T_5568bd9d,T_a02bf5e9,2567
2508,672,match_start,0,Eichenwalde,Hybrid,T_5568bd9d,T_a02bf5e9,2569
2513,672,match_start,0,Numbani,Hybrid,T_5568bd9d,T_a02bf5e9,2574
2519,672,match_start,0,Suravasa,Flashpoint,T_5568bd9d,T_a02bf5e9,2580
2529,673,match_start,0,Oasis,Control,T_5568bd9d,T_a02bf5e9,2590
2530,674,match_start,0,Oasis,Control,T_5568bd9d,T_a02bf5e9,2591
2532,675,match_start,0,Route 66,Escort,T_5568bd9d,T_a02bf5e9,2593
2533,675,match_start,0,Esperança,Push,T_5568bd9d,T_a02bf5e9,2594
2534,680,match_start,0,Ilios,Control,T_5568bd9d,T_a02bf5e9,2599
2535,680,match_start,0,Hollywood,Hybrid,T_5568bd9d,T_a02bf5e9,2600
2536,675,match_start,0,Eichenwalde,Hybrid,T_5568bd9d,T_a02bf5e9,2602
2537,680,match_start,0,COLOSSEO,Push,T_5568bd9d,T_a02bf5e9,2603
2539,675,match_start,0,Suravasa,Flashpoint,T_5568bd9d,T_a02bf5e9,2605
2541,680,match_start,0,NEW JUNK CITY,Flashpoint,T_5568bd9d,T_a02bf5e9,2609
2542,680,match_start,0,BUSAN,Control,T_5568bd9d,T_a02bf5e9,2610
2543,681,match_start,0,Busan,Control,T_5568bd9d,T_a02bf5e9,2611
2544,681,match_start,0,Rialto,Escort,T_5568bd9d,T_a02bf5e9,2612
2545,681,match_start,0,"King's Row",Hybrid,T_5568bd9d,T_a02bf5e9,2613
2546,681,match_start,0,Colosseo,Push,T_5568bd9d,T_a02bf5e9,2614
2547,681,match_start,0,Suravasa,Flashpoint,T_5568bd9d,T_a02bf5e9,2615
2548,681,match_start,0,Suravasa,Flashpoint,T_5568bd9d,T_a02bf5e9,2616
2549,681,match_start,0,Lijiang Tower,Control,T_5568bd9d,T_a02bf5e9,2617
2550,682,match_start,0,Ilios,Control,T_f89d2836,T_b5684955,2618
2552,682,match_start,0,Midtown,Hybrid,T_f89d2836,T_b5684955,2620
2553,683,match_start,0,Rialto,Escort,T_5568bd9d,T_a02bf5e9,2621
2554,682,match_start,0,Suravasa,Flashpoint,T_f89d2836,T_b5684955,2622
2555,682,match_start,0,Esperança,Push,T_f89d2836,T_b5684955,2623
2556,683,match_start,0,New Queen Street,Push,T_5568bd9d,T_a02bf5e9,2624
2557,683,match_start,0,"King's Row",Hybrid,T_5568bd9d,T_a02bf5e9,2625
2560,683,match_start,0,New Junk City,Flashpoint,T_5568bd9d,T_a02bf5e9,2628
2561,683,match_start,0,New Junk City,Flashpoint,T_5568bd9d,T_a02bf5e9,2629
2562,684,match_start,0,Ilios,Control,T_5568bd9d,T_a02bf5e9,2630
2563,684,match_start,0,Eichenwalde,Hybrid,T_0cac1da9,T_22df3bb6,2631
2564,684,match_start,0,Suravasa,Flashpoint,T_0cac1da9,T_22df3bb6,2632
2565,684,match_start,0,New Queen Street,Push,T_0cac1da9,T_22df3bb6,2633
2566,684,match_start,0,Shambali Monastery,Escort,T_0cac1da9,T_22df3bb6,2634
2567,684,match_start,0,Runasapi,Push,T_0cac1da9,T_22df3bb6,2635
2568,684,match_start,0,Oasis,Control,T_0cac1da9,T_22df3bb6,2636
2569,684,match_start,0,Oasis,Control,T_0cac1da9,T_22df3bb6,2637
2570,682,match_start,0,Nepal,Control,T_f89d2836,T_b5684955,2638
2571,682,match_start,0,Nepal,Control,T_f89d2836,T_b5684955,2639
2572,682,match_start,0,Nepal,Control,T_f89d2836,T_b5684955,2640
2573,682,match_start,0,Nepal,Control,T_f89d2836,T_b5684955,2641
2574,685,match_start,0,Samoa,Control,T_f89d2836,T_fffd4f85,2642
2575,685,match_start,0,Blizzard World,Hybrid,T_f89d2836,T_fffd4f85,2643
2576,685,match_start,0,Dorado,Escort,T_f89d2836,T_fffd4f85,2644
2577,685,match_start,0,New Junk City,Flashpoint,T_f89d2836,T_fffd4f85,2645
2578,685,match_start,0,New Queen Street,Push,T_f89d2836,T_fffd4f85,2646
2579,685,match_start,0,Busan,Control,T_f89d2836,T_fffd4f85,2647
2580,689,match_start,0,ILIOS,Control,T_5568bd9d,T_a02bf5e9,2651
2582,689,match_start,0,COLOSSEO,Push,T_5568bd9d,T_a02bf5e9,2653
2587,690,match_start,0,Havana,Escort,T_5568bd9d,T_a02bf5e9,2658
2588,690,match_start,0,Midtown,Hybrid,T_5568bd9d,T_a02bf5e9,2659
2589,690,match_start,0,New Queen Street,Push,T_5568bd9d,T_a02bf5e9,2660
2590,690,match_start,0,New Junk City,Flashpoint,T_5568bd9d,T_a02bf5e9,2661
2591,690,match_start,0,Busan,Control,T_5568bd9d,T_a02bf5e9,2662
2592,689,match_start,0,"KING'S ROW",Hybrid,T_5568bd9d,T_a02bf5e9,2664
2593,691,match_start,0,Nepal,Control,T_5568bd9d,T_a02bf5e9,2665
2595,691,match_start,0,Numbani,Hybrid,T_5568bd9d,T_a02bf5e9,2667
2596,691,match_start,0,Runasapi,Push,T_5568bd9d,T_a02bf5e9,2668
2597,691,match_start,0,Suravasa,Flashpoint,T_5568bd9d,T_a02bf5e9,2669
2598,691,match_start,0,Ilios,Control,T_5568bd9d,T_a02bf5e9,2670
2599,692,match_start,0,Dorado,Escort,T_5568bd9d,T_a02bf5e9,2671
2600,692,match_start,0,Havana,Escort,T_f0e6c878,T_face9805,2672
2601,692,match_start,0,Numbani,Hybrid,T_5568bd9d,T_a02bf5e9,2673
2602,693,match_start,0,Colosseo,Push,T_a3408080,T_b44d806b,2674
2603,693,match_start,0,Suravasa,Flashpoint,T_a3408080,T_b44d806b,2675
2604,693,match_start,0,Ilios,Control,T_a3408080,T_b44d806b,2676
2605,693,match_start,0,Circuit royal,Escort,T_a3408080,T_b44d806b,2677
2606,693,match_start,0,"King's Row",Hybrid,T_a3408080,T_b44d806b,2678
2607,694,match_start,0,Ilios,Control,T_5568bd9d,T_a02bf5e9,2679
2609,694,match_start,0,Hollywood,Hybrid,T_5568bd9d,T_a02bf5e9,2681
2610,694,match_start,0,Colosseo,Push,T_5568bd9d,T_a02bf5e9,2682
2611,694,match_start,0,Route 66,Escort,T_5568bd9d,T_a02bf5e9,2683
2612,694,match_start,0,New Junk City,Flashpoint,T_5568bd9d,T_a02bf5e9,2684
2613,694,match_start,0,Runasapi,Push,T_5568bd9d,T_a02bf5e9,2685
2614,694,match_start,0,Antarctic Peninsula,Control,T_5568bd9d,T_a02bf5e9,2686
2615,695,match_start,0,Oasis,Control,T_f89d2836,T_679440c9,2687
2616,695,match_start,0,Midtown,Hybrid,T_f89d2836,T_679440c9,2688
2617,695,match_start,0,New Junk City,Flashpoint,T_f89d2836,T_679440c9,2689
2618,695,match_start,0,Colosseo,Push,T_f89d2836,T_679440c9,2690
2619,695,match_start,0,Watchpoint: Gibraltar,Escort,T_f89d2836,T_679440c9,2691
2620,695,match_start,0,Watchpoint: Gibraltar,Escort,T_f89d2836,T_679440c9,2692
2621,696,match_start,0,Samoa,Control,T_5568bd9d,T_a02bf5e9,2693
2622,696,match_start,0,"King's Row",Hybrid,T_5568bd9d,T_a02bf5e9,2694
2623,696,match_start,0,Route 66,Escort,T_5568bd9d,T_a02bf5e9,2695
2624,696,match_start,0,Suravasa,Flashpoint,T_5568bd9d,T_a02bf5e9,2696
2625,696,match_start,0,Esperança,Push,T_5568bd9d,T_a02bf5e9,2697
2626,696,match_start,0,Lijiang Tower,Control,T_5568bd9d,T_a02bf5e9,2698
2627,697,match_start,0,Samoa,Control,T_5568bd9d,T_a02bf5e9,2699
2630,697,match_start,0,"King's Row",Hybrid,T_5568bd9d,T_a02bf5e9,2702
2631,697,match_start,0,Colosseo,Push,T_5568bd9d,T_a02bf5e9,2703
2632,697,match_start,0,Colosseo,Push,T_5568bd9d,T_a02bf5e9,2704
2633,697,match_start,0,Colosseo,Push,T_5568bd9d,T_a02bf5e9,2705
2634,697,match_start,0,Colosseo,Push,T_5568bd9d,T_a02bf5e9,2706
2635,697,match_start,0,Colosseo,Push,T_5568bd9d,T_a02bf5e9,2707
2639,699,match_start,0,Busan,Control,T_8a528a6a,T_ee8210ee,2711
2640,699,match_start,0,Circuit royal,Escort,T_8a528a6a,T_ee8210ee,2712
2641,699,match_start,0,Esperança,Push,T_8a528a6a,T_ee8210ee,2713
2642,699,match_start,0,Midtown,Hybrid,T_8a528a6a,T_ee8210ee,2714
2643,699,match_start,0,New Junk City,Flashpoint,T_8a528a6a,T_ee8210ee,2715
2644,702,match_start,0,Busan,Control,T_a3408080,T_ec64cb45,2716
2645,702,match_start,0,Hollywood,Hybrid,T_a3408080,T_ec64cb45,2717
2646,702,match_start,0,Colosseo,Push,T_a3408080,T_ec64cb45,2718
2647,702,match_start,0,Watchpoint: Gibraltar,Escort,T_a3408080,T_ec64cb45,2719
2648,702,match_start,0,Suravasa,Flashpoint,T_a3408080,T_ec64cb45,2720
2649,702,match_start,0,Samoa,Control,T_a3408080,T_ec64cb45,2721
2650,703,match_start,0,BUSAN,Control,T_7e239be7,T_12550726,2722
2651,703,match_start,0,EICHENWALDE,Hybrid,T_7e239be7,T_12550726,2723
2652,703,match_start,0,COLOSSEO,Push,T_7e239be7,T_12550726,2724
2653,703,match_start,0,DORADO,Escort,T_7e239be7,T_12550726,2725
2654,703,match_start,0,NEW JUNK CITY,Flashpoint,T_7e239be7,T_12550726,2726
2655,703,match_start,0,LIJIANG TOWER,Control,T_7e239be7,T_12550726,2727
2656,704,match_start,0,Lijiang Tower,Control,T_5568bd9d,T_a02bf5e9,2728
2657,704,match_start,0,Circuit royal,Escort,T_5568bd9d,T_a02bf5e9,2729
2658,704,match_start,0,Suravasa,Flashpoint,T_5568bd9d,T_a02bf5e9,2730
2662,704,match_start,0,Ilios,Control,T_5568bd9d,T_a02bf5e9,2734
2663,704,match_start,0,Rialto,Escort,T_5568bd9d,T_a02bf5e9,2735
2664,705,match_start,0,Samoa,Control,T_5568bd9d,T_a02bf5e9,2736
2669,705,match_start,0,New Junk City,Flashpoint,T_5568bd9d,T_a02bf5e9,2741
2672,707,match_start,0,Eichenwalde,Hybrid,T_f89d2836,T_360e64d5,2744
2673,707,match_start,0,Watchpoint: Gibraltar,Escort,T_f89d2836,T_360e64d5,2745
2675,707,match_start,0,Esperança,Push,T_f89d2836,T_360e64d5,2747
2676,708,match_start,0,Lijiang Tower,Control,T_a3408080,T_c65064ab,2748
2679,708,match_start,0,Shambali Monastery,Escort,T_a3408080,T_c65064ab,2751
2680,708,match_start,0,New Junk City,Flashpoint,T_a3408080,T_c65064ab,2752
2681,709,match_start,0,Busan,Control,T_a3408080,T_1eca8812,2753
2682,709,match_start,0,Circuit royal,Escort,T_a3408080,T_1eca8812,2754
2683,709,match_start,0,Numbani,Hybrid,T_a3408080,T_1eca8812,2755
2684,709,match_start,0,Numbani,Hybrid,T_a3408080,T_1eca8812,2756
2686,709,match_start,0,Colosseo,Push,T_a3408080,T_1eca8812,2758
2687,709,match_start,0,New Junk City,Flashpoint,T_a3408080,T_1eca8812,2759
2688,692,match_start,0,Samoa,Control,T_5568bd9d,T_a02bf5e9,2760
2689,710,match_start,0,Samoa,Control,T_5568bd9d,T_a02bf5e9,2761
2690,710,match_start,0,Eichenwalde,Hybrid,T_5568bd9d,T_a02bf5e9,2762
2691,710,match_start,0,Watchpoint: Gibraltar,Escort,T_5568bd9d,T_a02bf5e9,2763
2692,710,match_start,0,Watchpoint: Gibraltar,Escort,T_5568bd9d,T_a02bf5e9,2764
2693,710,match_start,0,Eichenwalde,Hybrid,T_5568bd9d,T_a02bf5e9,2765
2694,710,match_start,0,Watchpoint: Gibraltar,Escort,T_5568bd9d,T_a02bf5e9,2766
2695,715,match_start,0,Busan,Control,T_5568bd9d,T_a02bf5e9,2767
2696,715,match_start,0,Route 66,Escort,T_5568bd9d,T_a02bf5e9,2768
2697,715,match_start,0,Midtown,Hybrid,T_5568bd9d,T_a02bf5e9,2769
2700,715,match_start,0,Oasis,Control,T_5568bd9d,T_a02bf5e9,2772
2701,716,match_start,0,New Queen Street,Push,T_a3408080,T_6cd725de,2773
2702,716,match_start,0,Shambali Monastery,Escort,T_a3408080,T_6cd725de,2774
2703,716,match_start,0,Suravasa,Flashpoint,T_a3408080,T_6cd725de,2775
2704,716,match_start,0,Runasapi,Push,T_a3408080,T_6cd725de,2776
2705,716,match_start,0,Lijiang Tower,Control,T_a3408080,T_6cd725de,2777
2707,717,match_start,0,Eichenwalde,Hybrid,T_f89d2836,T_b5271e8c,2779
2712,718,match_start,0,Paraíso,Hybrid,T_8a528a6a,T_a02bf5e9,2784
2713,718,match_start,0,Colosseo,Push,T_8a528a6a,T_a02bf5e9,2785
2714,718,match_start,0,Circuit royal,Escort,T_8a528a6a,T_a02bf5e9,2786
2715,717,match_start,0,Colosseo,Push,T_f89d2836,T_b5271e8c,2787
2716,717,match_start,0,New Junk City,Flashpoint,T_f89d2836,T_b5271e8c,2788
2717,719,match_start,0,Samoa,Control,T_5568bd9d,T_a02bf5e9,2789
2721,719,match_start,0,New Queen Street,Push,T_a3d7a7d4,T_2032c8d0,2793
2722,719,match_start,0,Lijiang Tower,Control,T_a3d7a7d4,T_2032c8d0,2794
2723,717,match_start,0,Oasis,Control,T_f89d2836,T_b5271e8c,2795
2724,720,match_start,0,Busan,Control,T_8ce1db6a,T_5ac5c499,2796
2725,720,match_start,0,Rialto,Escort,T_8ce1db6a,T_5ac5c499,2797
2726,720,match_start,0,New Junk City,Flashpoint,T_8ce1db6a,T_5ac5c499,2798
2727,720,match_start,0,Hollywood,Hybrid,T_8ce1db6a,T_5ac5c499,2799
2728,720,match_start,0,Runasapi,Push,T_8ce1db6a,T_5ac5c499,2800
2729,720,match_start,0,"King's Row",Hybrid,T_8ce1db6a,T_5ac5c499,2801
2730,721,match_start,0,Ilios,Control,T_5568bd9d,T_a02bf5e9,2802
2731,722,match_start,0,Dorado,Escort,T_0cac1da9,T_996a74bf,2803
2732,723,match_start,0,Dorado,Escort,T_0cac1da9,T_996a74bf,2804
2735,726,match_start,0,Busan,Control,T_5568bd9d,T_a02bf5e9,2807
2737,721,match_start,0,Paraíso,Hybrid,T_0cac1da9,T_996a74bf,2809
2738,721,match_start,0,Suravasa,Flashpoint,T_0cac1da9,T_996a74bf,2810
2739,721,match_start,0,Runasapi,Push,T_0cac1da9,T_996a74bf,2811
2740,721,match_start,0,Dorado,Escort,T_0cac1da9,T_996a74bf,2812
2741,725,match_start,0,Samoa,Control,T_0cac1da9,T_9152bdb5,2813
2742,725,match_start,0,"King's Row",Hybrid,T_0cac1da9,T_9152bdb5,2814
2743,725,match_start,0,New Junk City,Flashpoint,T_0cac1da9,T_9152bdb5,2815
2744,725,match_start,0,Esperança,Push,T_0cac1da9,T_9152bdb5,2816
2745,725,match_start,0,Havana,Escort,T_0cac1da9,T_9152bdb5,2817
2746,725,match_start,0,Oasis,Control,T_0cac1da9,T_9152bdb5,2818
2747,726,match_start,0,Blizzard World,Hybrid,T_e05d462f,T_0cac1da9,2819
2748,726,match_start,0,Suravasa,Flashpoint,T_e05d462f,T_0cac1da9,2820
2749,726,match_start,0,Shambali Monastery,Escort,T_e05d462f,T_0cac1da9,2821
2752,727,match_start,0,Antarctic Peninsula,Control,T_0cac1da9,T_fb7a2f35,2824
2753,727,match_start,0,"King's Row",Hybrid,T_0cac1da9,T_fb7a2f35,2825
2754,727,match_start,0,New Junk City,Flashpoint,T_0cac1da9,T_fb7a2f35,2826
2755,727,match_start,0,Esperança,Push,T_0cac1da9,T_fb7a2f35,2827
2756,727,match_start,0,Dorado,Escort,T_0cac1da9,T_fb7a2f35,2828
2757,727,match_start,0,Lijiang Tower,Control,T_0cac1da9,T_fb7a2f35,2829
2758,728,match_start,0,Oasis,Control,T_0cac1da9,T_45d24cb5,2830
2759,728,match_start,0,Midtown,Hybrid,T_0cac1da9,T_45d24cb5,2831
2760,728,match_start,0,Suravasa,Flashpoint,T_0cac1da9,T_45d24cb5,2832
2762,728,match_start,0,Colosseo,Push,T_0cac1da9,T_45d24cb5,2834
2763,729,match_start,0,Lijiang Tower,Control,T_0cac1da9,T_45d24cb5,2835
2764,729,match_start,0,Midtown,Hybrid,T_0cac1da9,T_3bb510e2,2836
2765,729,match_start,0,Suravasa,Flashpoint,T_0cac1da9,T_3bb510e2,2837
2766,729,match_start,0,Runasapi,Push,T_0cac1da9,T_3bb510e2,2838
2767,729,match_start,0,Watchpoint: Gibraltar,Escort,T_0cac1da9,T_3bb510e2,2839
2768,730,match_start,0,Busan,Control,T_a3408080,T_979876f8,2840
2769,730,match_start,0,Hollywood,Hybrid,T_a3408080,T_979876f8,2841
2770,730,match_start,0,Colosseo,Push,T_a3408080,T_979876f8,2842
2771,730,match_start,0,Colosseo,Push,T_a3408080,T_979876f8,2843
2772,730,match_start,0,Circuit royal,Escort,T_a3408080,T_979876f8,2844
2777,732,match_start,0,"King's Row",Hybrid,T_f89d2836,T_3d8065a6,2849
2781,732,match_start,0,Samoa,Control,T_f89d2836,T_3d8065a6,2853
2782,733,match_start,0,Lijiang Tower,Control,T_f89d2836,T_2b55949b,2854
2783,733,match_start,0,Blizzard World,Hybrid,T_f89d2836,T_2b55949b,2855
2784,733,match_start,0,Nepal,Control,T_f89d2836,T_2b55949b,2856
2785,733,match_start,0,Hollywood,Hybrid,T_f89d2836,T_2b55949b,2857
2786,733,match_start,0,Hollywood,Hybrid,T_f89d2836,T_2b55949b,2858
2787,733,match_start,0,New Queen Street,Push,T_f89d2836,T_2b55949b,2859
2788,733,match_start,0,New Queen Street,Push,T_f89d2836,T_2b55949b,2860
2789,710,match_start,0,Watchpoint: Gibraltar,Escort,T_5568bd9d,T_a02bf5e9,2861
2790,734,match_start,0,Nepal,Control,T_5568bd9d,T_a02bf5e9,2862
2791,734,match_start,0,Blizzard World,Hybrid,T_5568bd9d,T_a02bf5e9,2863
2792,734,match_start,0,Shambali Monastery,Escort,T_5568bd9d,T_a02bf5e9,2864
2793,734,match_start,0,Runasapi,Push,T_5568bd9d,T_a02bf5e9,2865
2794,734,match_start,0,Suravasa,Flashpoint,T_5568bd9d,T_a02bf5e9,2866
2795,734,match_start,0,"King's Row",Hybrid,T_5568bd9d,T_a02bf5e9,2867
2796,734,match_start,0,Colosseo,Push,T_5568bd9d,T_a02bf5e9,2868
2797,734,match_start,0,Shambali Monastery,Escort,T_5568bd9d,T_a02bf5e9,2869
2798,735,match_start,0,Antarctic Peninsula,Control,T_8a528a6a,T_a02bf5e9,2870
2799,735,match_start,0,Havana,Escort,T_8a528a6a,T_a02bf5e9,2871
2800,735,match_start,0,New Junk City,Flashpoint,T_8a528a6a,T_a02bf5e9,2872
2801,735,match_start,0,"King's Row",Hybrid,T_8a528a6a,T_a02bf5e9,2873
2802,735,match_start,0,Runasapi,Push,T_8a528a6a,T_a02bf5e9,2874
2804,738,match_start,0,Nepal,Control,T_8a528a6a,T_5041b9bd,2876
2805,739,match_start,0,Nepal,Control,T_8a528a6a,T_5041b9bd,2877
2806,740,match_start,0,Nepal,Control,T_8a528a6a,T_5041b9bd,2878
2807,741,match_start,0,Nepal,Control,T_8a528a6a,T_5041b9bd,2879
2808,742,match_start,0,Nepal,Control,T_8a528a6a,T_5041b9bd,2880
2810,744,match_start,0,Nepal,Control,T_8a528a6a,T_5041b9bd,2882
2815,746,match_start,0,Nepal,Control,T_0cac1da9,T_6da1ba9e,2887
2816,746,match_start,0,Eichenwalde,Hybrid,T_0cac1da9,T_6da1ba9e,2888
2817,746,match_start,0,New Junk City,Flashpoint,T_0cac1da9,T_6da1ba9e,2889
2818,746,match_start,0,Esperança,Push,T_0cac1da9,T_6da1ba9e,2890
2819,746,match_start,0,Circuit royal,Escort,T_0cac1da9,T_6da1ba9e,2891
2820,746,match_start,0,Lijiang Tower,Control,T_0cac1da9,T_6da1ba9e,2892
2821,745,match_start,0,Nepal,Control,T_8a528a6a,T_5041b9bd,2893
2822,745,match_start,0,Nepal,Control,T_8a528a6a,T_5041b9bd,2894
2823,745,match_start,0,Suravasa,Flashpoint,T_8a528a6a,T_5041b9bd,2895
2824,745,match_start,0,Blizzard World,Hybrid,T_8a528a6a,T_5041b9bd,2896
2825,745,match_start,0,New Queen Street,Push,T_8a528a6a,T_5041b9bd,2897
2826,745,match_start,0,Nepal,Control,T_8a528a6a,T_5041b9bd,2898
2832,753,match_start,0,Lijiang Tower,Control,T_5568bd9d,T_a02bf5e9,2909
2833,753,match_start,0,Colosseo,Push,T_5568bd9d,T_a02bf5e9,2910
2834,753,match_start,0,New Junk City,Flashpoint,T_5568bd9d,T_a02bf5e9,2911
2837,753,match_start,0,Oasis,Control,T_5568bd9d,T_a02bf5e9,2914
2839,753,match_start,0,Eichenwalde,Hybrid,T_5568bd9d,T_a02bf5e9,2916
2840,753,match_start,0,Dorado,Escort,T_5568bd9d,T_a02bf5e9,2917
2841,753,match_start,0,New Junk City,Flashpoint,T_5568bd9d,T_a02bf5e9,2918
2842,753,match_start,0,Ilios,Control,T_5568bd9d,T_a02bf5e9,2919
2843,753,match_start,0,Midtown,Hybrid,T_5568bd9d,T_a02bf5e9,2920
2844,753,match_start,0,Lijiang Tower,Control,T_5568bd9d,T_a02bf5e9,2921
2845,754,match_start,0,Nepal,Control,T_5568bd9d,T_a02bf5e9,2922
2846,754,match_start,0,Hollywood,Hybrid,T_5568bd9d,T_a02bf5e9,2923
2847,754,match_start,0,Shambali Monastery,Escort,T_5568bd9d,T_a02bf5e9,2924
2848,754,match_start,0,Suravasa,Flashpoint,T_5568bd9d,T_a02bf5e9,2925
2849,754,match_start,0,Colosseo,Push,T_5568bd9d,T_a02bf5e9,2926
2850,755,match_start,0,Nepal,Control,T_f89d2836,T_3d8065a6,2927
2851,755,match_start,0,Blizzard World,Hybrid,T_f89d2836,T_3d8065a6,2928
2852,755,match_start,0,Colosseo,Push,T_f89d2836,T_3d8065a6,2929
2853,755,match_start,0,Circuit royal,Escort,T_f89d2836,T_3d8065a6,2930
2854,755,match_start,0,Suravasa,Flashpoint,T_f89d2836,T_3d8065a6,2931
2855,736,match_start,0,Paraíso,Hybrid,T_5568bd9d,T_a02bf5e9,2932
2856,736,match_start,0,Lijiang Tower,Control,T_5568bd9d,T_a02bf5e9,2933
2857,736,match_start,0,Junkertown,Escort,T_5568bd9d,T_a02bf5e9,2934
2858,736,match_start,0,Runasapi,Push,T_5568bd9d,T_a02bf5e9,2935
2859,736,match_start,0,Suravasa,Flashpoint,T_5568bd9d,T_a02bf5e9,2936
2860,736,match_start,0,New Queen Street,Push,T_5568bd9d,T_a02bf5e9,2937
2861,756,match_start,0,Nepal,Control,T_f89d2836,T_2b55949b,2938
2862,756,match_start,0,Eichenwalde,Hybrid,T_f89d2836,T_2b55949b,2939
2863,756,match_start,0,Shambali Monastery,Escort,T_f89d2836,T_2b55949b,2940
2864,756,match_start,0,Colosseo,Push,T_f89d2836,T_2b55949b,2941
2865,756,match_start,0,Suravasa,Flashpoint,T_f89d2836,T_2b55949b,2942
2866,757,match_start,0,Lijiang Tower,Control,T_f89d2836,T_d209c6a4,2943
2867,757,match_start,0,Eichenwalde,Hybrid,T_f89d2836,T_d209c6a4,2945
2868,757,match_start,0,Eichenwalde,Hybrid,T_f89d2836,T_d209c6a4,2946
2869,757,match_start,0,Colosseo,Push,T_f89d2836,T_d209c6a4,2947
2870,757,match_start,0,Circuit royal,Escort,T_f89d2836,T_d209c6a4,2948
2871,757,match_start,0,New Junk City,Flashpoint,T_f89d2836,T_d209c6a4,2949
2872,759,match_start,0,Nepal,Control,T_5568bd9d,T_a02bf5e9,2950
2873,759,match_start,0,Watchpoint: Gibraltar,Escort,T_7515d286,T_16309e18,2951
2879,761,match_start,0,Rialto,Escort,T_5568bd9d,T_a02bf5e9,2958
2880,761,match_start,0,Rialto,Escort,T_5568bd9d,T_a02bf5e9,2959
2881,761,match_start,0,Hollywood,Hybrid,T_5568bd9d,T_a02bf5e9,2960
2882,761,match_start,0,Esperança,Push,T_5568bd9d,T_a02bf5e9,2961
2883,761,match_start,0,New Junk City,Flashpoint,T_5568bd9d,T_a02bf5e9,2962
2884,761,match_start,0,Oasis,Control,T_5568bd9d,T_a02bf5e9,2963
2885,763,match_start,0,Nepal,Control,T_f89d2836,T_2f40a4c4,2965
2886,763,match_start,0,Eichenwalde,Hybrid,T_f89d2836,T_2f40a4c4,2966
2887,763,match_start,0,Circuit royal,Escort,T_f89d2836,T_2f40a4c4,2967
2888,763,match_start,0,Colosseo,Push,T_f89d2836,T_2f40a4c4,2968
2889,763,match_start,0,New Junk City,Flashpoint,T_f89d2836,T_2f40a4c4,2969
2890,764,match_start,0,Lijiang Tower,Control,T_5568bd9d,T_a02bf5e9,2970
2891,764,match_start,0,Midtown,Hybrid,T_5568bd9d,T_a02bf5e9,2971
2893,764,match_start,0,Colosseo,Push,T_5568bd9d,T_a02bf5e9,2973
2894,764,match_start,0,Suravasa,Flashpoint,T_5568bd9d,T_a02bf5e9,2974
2895,767,match_start,0,Busan,Control,T_5568bd9d,T_a02bf5e9,2977
2896,767,match_start,0,Eichenwalde,Hybrid,T_5568bd9d,T_a02bf5e9,2978
2897,767,match_start,0,Circuit royal,Escort,T_5568bd9d,T_a02bf5e9,2979
2898,767,match_start,0,New Junk City,Flashpoint,T_5568bd9d,T_a02bf5e9,2980
2899,767,match_start,0,New Queen Street,Push,T_5568bd9d,T_a02bf5e9,2981
2900,768,match_start,0,Lijiang Tower,Control,T_5568bd9d,T_a02bf5e9,2982
2901,768,match_start,0,"King's Row",Hybrid,T_5568bd9d,T_a02bf5e9,2983
2902,768,match_start,0,Dorado,Escort,T_5568bd9d,T_a02bf5e9,2984
2903,768,match_start,0,Suravasa,Flashpoint,T_5568bd9d,T_a02bf5e9,2985
2904,768,match_start,0,Colosseo,Push,T_5568bd9d,T_a02bf5e9,2986
2905,769,match_start,0,Samoa,Control,T_5568bd9d,T_a02bf5e9,2987
2906,769,match_start,0,Hollywood,Hybrid,T_5568bd9d,T_a02bf5e9,2988
2907,769,match_start,0,Rialto,Escort,T_5568bd9d,T_a02bf5e9,2989
2908,769,match_start,0,New Queen Street,Push,T_5568bd9d,T_a02bf5e9,2990
2910,769,match_start,0,New Junk City,Flashpoint,T_5568bd9d,T_a02bf5e9,2992
2911,769,match_start,0,New Junk City,Flashpoint,T_5568bd9d,T_a02bf5e9,2993
2912,769,match_start,0,Lijiang Tower,Control,T_5568bd9d,T_a02bf5e9,2994
2913,770,match_start,0,Oasis,Control,T_5568bd9d,T_a02bf5e9,2995
2914,770,match_start,0,Shambali Monastery,Escort,T_5568bd9d,T_a02bf5e9,2996
2915,770,match_start,0,New Junk City,Flashpoint,T_5568bd9d,T_a02bf5e9,2997
2916,770,match_start,0,New Junk City,Flashpoint,T_5568bd9d,T_a02bf5e9,2998
2917,770,match_start,0,New Junk City,Flashpoint,T_5568bd9d,T_a02bf5e9,2999
2918,770,match_start,0,Midtown,Hybrid,T_5568bd9d,T_a02bf5e9,3000
2919,770,match_start,0,Colosseo,Push,T_5568bd9d,T_a02bf5e9,3001
2920,770,match_start,0,Antarctic Peninsula,Control,T_5568bd9d,T_a02bf5e9,3002
2921,770,match_start,0,Watchpoint: Gibraltar,Escort,T_5568bd9d,T_a02bf5e9,3003
2928,772,match_start,0,"King's Row",Hybrid,T_5568bd9d,T_a02bf5e9,3010
2930,772,match_start,0,Runasapi,Push,T_5568bd9d,T_a02bf5e9,3012
2931,772,match_start,0,New Junk City,Flashpoint,T_5568bd9d,T_a02bf5e9,3013
2933,772,match_start,0,Suravasa,Flashpoint,T_5568bd9d,T_a02bf5e9,3015
2934,775,match_start,0,"King's Row",Hybrid,T_5568bd9d,T_a02bf5e9,3016
2935,775,match_start,0,Lijiang Tower,Control,T_5568bd9d,T_a02bf5e9,3017
2936,775,match_start,0,Blizzard World,Hybrid,T_5568bd9d,T_a02bf5e9,3018
2937,775,match_start,0,Circuit royal,Escort,T_5568bd9d,T_a02bf5e9,3019
2938,775,match_start,0,Suravasa,Flashpoint,T_5568bd9d,T_a02bf5e9,3020
2939,775,match_start,0,Esperança,Push,T_5568bd9d,T_a02bf5e9,3021
2940,776,match_start,0,Ilios,Control,T_5568bd9d,T_a02bf5e9,3022
2941,776,match_start,0,Route 66,Escort,T_5568bd9d,T_a02bf5e9,3023
2942,776,match_start,0,Route 66,Escort,T_5568bd9d,T_a02bf5e9,3024
2944,776,match_start,0,Esperança,Push,T_5568bd9d,T_a02bf5e9,3026
2956,779,match_start,0,Watchpoint: Gibraltar,Escort,T_5568bd9d,T_a02bf5e9,3038
2957,779,match_start,0,Suravasa,Flashpoint,T_5568bd9d,T_a02bf5e9,3039
2958,779,match_start,0,Eichenwalde,Hybrid,T_5568bd9d,T_a02bf5e9,3040
2959,779,match_start,0,Esperança,Push,T_5568bd9d,T_a02bf5e9,3041
2960,780,match_start,0,Nepal,Control,T_5568bd9d,T_a02bf5e9,3042
2961,780,match_start,0,Circuit royal,Escort,T_f89d2836,T_3d8065a6,3043
2963,780,match_start,0,"King's Row (Winter)",Hybrid,T_f89d2836,T_3d8065a6,3045
2964,781,match_start,0,Busan,Control,T_5568bd9d,T_a02bf5e9,3046
2965,781,match_start,0,Havana,Escort,T_5568bd9d,T_a02bf5e9,3047
2966,781,match_start,0,Numbani,Hybrid,T_5568bd9d,T_a02bf5e9,3048
2967,781,match_start,0,New Queen Street,Push,T_5568bd9d,T_a02bf5e9,3049
2968,781,match_start,0,Suravasa,Flashpoint,T_5568bd9d,T_a02bf5e9,3050
2975,783,match_start,0,Busan,Control,T_5568bd9d,T_a02bf5e9,3057
2976,783,match_start,0,Blizzard World,Hybrid,T_5568bd9d,T_a02bf5e9,3058
2977,783,match_start,0,Rialto,Escort,T_5568bd9d,T_a02bf5e9,3059
2978,783,match_start,0,Colosseo,Push,T_5568bd9d,T_a02bf5e9,3060
2979,783,match_start,0,Suravasa,Flashpoint,T_5568bd9d,T_a02bf5e9,3061
2980,783,match_start,0,Rialto,Escort,T_5568bd9d,T_a02bf5e9,3062
2981,784,match_start,0,Nepal,Control,T_5568bd9d,T_a02bf5e9,3063
2982,784,match_start,0,Circuit royal,Escort,T_f89d2836,T_3d8065a6,3064
2983,784,match_start,0,Suravasa,Flashpoint,T_f89d2836,T_3d8065a6,3065
2984,784,match_start,0,Blizzard World,Hybrid,T_f89d2836,T_3d8065a6,3066
2985,784,match_start,0,Colosseo,Push,T_f89d2836,T_3d8065a6,3067
2986,785,match_start,0,Busan,Control,T_f89d2836,T_e731d6dd,3068
2987,785,match_start,0,Shambali Monastery,Escort,T_f89d2836,T_e731d6dd,3069
2988,785,match_start,0,Eichenwalde,Hybrid,T_f89d2836,T_e731d6dd,3070
2989,785,match_start,0,New Junk City,Flashpoint,T_f89d2836,T_e731d6dd,3071
2992,786,match_start,0,Samoa,Control,T_5568bd9d,T_a02bf5e9,3074
2993,786,match_start,0,Junkertown,Escort,T_5568bd9d,T_a02bf5e9,3075
2994,786,match_start,0,New Junk City,Flashpoint,T_5568bd9d,T_a02bf5e9,3076
2995,786,match_start,0,Midtown,Hybrid,T_5568bd9d,T_a02bf5e9,3077
2996,786,match_start,0,Runasapi,Push,T_5568bd9d,T_a02bf5e9,3078
2997,786,match_start,0,Lijiang Tower,Control,T_5568bd9d,T_a02bf5e9,3079
2998,785,match_start,0,Colosseo,Push,T_f89d2836,T_e731d6dd,3080
2999,785,match_start,0,Nepal,Control,T_f89d2836,T_e731d6dd,3081
3000,787,match_start,0,Samoa,Control,T_7f8fc438,T_a02bf5e9,3082
3001,788,match_start,0,Busan,Control,T_5568bd9d,T_a02bf5e9,3083
3002,789,match_start,0,Circuit royal,Escort,T_5568bd9d,T_a02bf5e9,3084
3003,789,match_start,0,Busan,Control,T_5568bd9d,T_a02bf5e9,3085
3004,789,match_start,0,Suravasa,Flashpoint,T_5568bd9d,T_a02bf5e9,3086
3005,789,match_start,0,Eichenwalde,Hybrid,T_5568bd9d,T_a02bf5e9,3087
3006,789,match_start,0,Esperança,Push,T_5568bd9d,T_a02bf5e9,3088
3007,789,match_start,0,Nepal,Control,T_5568bd9d,T_a02bf5e9,3089
3008,790,match_start,0,Lijiang Tower,Control,T_f89d2836,T_bbd123ed,3090
3009,790,match_start,0,Eichenwalde,Hybrid,T_f89d2836,T_bbd123ed,3091
3010,790,match_start,0,Runasapi,Push,T_f89d2836,T_bbd123ed,3092
3015,791,match_start,0,Eichenwalde,Hybrid,T_f89d2836,T_13c50314,3097
3016,791,match_start,0,Runasapi,Push,T_f89d2836,T_13c50314,3098
3017,791,match_start,0,Circuit royal,Escort,T_f89d2836,T_13c50314,3099
3018,791,match_start,0,New Junk City,Flashpoint,T_f89d2836,T_13c50314,3100
3019,792,match_start,0,Lijiang Tower,Control,T_f89d2836,T_88fa9b2f,3101
3020,792,match_start,0,Blizzard World,Hybrid,T_f89d2836,T_88fa9b2f,3102
3021,792,match_start,0,Runasapi,Push,T_f89d2836,T_88fa9b2f,3103
3022,792,match_start,0,Circuit royal,Escort,T_f89d2836,T_88fa9b2f,3104
3023,792,match_start,0,New Junk City,Flashpoint,T_f89d2836,T_88fa9b2f,3105
3024,793,match_start,0,Nepal,Control,T_5568bd9d,T_a02bf5e9,3106
3026,793,match_start,0,Colosseo,Push,T_5568bd9d,T_a02bf5e9,3108
3028,793,match_start,0,Circuit royal,Escort,T_5568bd9d,T_a02bf5e9,3110
3029,793,match_start,0,Lijiang Tower,Control,T_5568bd9d,T_a02bf5e9,3111
3030,794,match_start,0,Lijiang Tower,Control,T_f89d2836,T_74aef977,3112
3031,794,match_start,0,Eichenwalde,Hybrid,T_f89d2836,T_74aef977,3113
3032,794,match_start,0,Shambali Monastery,Escort,T_f89d2836,T_74aef977,3114
3034,794,match_start,0,Suravasa,Flashpoint,T_f89d2836,T_74aef977,3116
3035,794,match_start,0,Circuit royal,Escort,T_f89d2836,T_74aef977,3117
3036,795,match_start,0,Runasapi,Push,T_5568bd9d,T_a02bf5e9,3118
3037,795,match_start,0,New Junk City,Flashpoint,T_5568bd9d,T_a02bf5e9,3119
3038,795,match_start,0,Junkertown,Escort,T_5568bd9d,T_a02bf5e9,3120
3039,795,match_start,0,Midtown,Hybrid,T_5568bd9d,T_a02bf5e9,3121
3040,795,match_start,0,Nepal,Control,T_5568bd9d,T_a02bf5e9,3122
3045,228,match_start,0,Colosseo,Push,T_5568bd9d,T_a02bf5e9,3128
3046,228,match_start,0,New Queen Street,Push,T_5568bd9d,T_a02bf5e9,3129
3047,228,match_start,0,New Queen Street,Push,T_5568bd9d,T_a02bf5e9,3130
3048,228,match_start,0,New Queen Street,Push,T_5568bd9d,T_a02bf5e9,3131
3049,228,match_start,0,Runasapi,Push,T_5568bd9d,T_a02bf5e9,3132
3050,776,match_start,0,New Junk City,Flashpoint,T_5568bd9d,T_a02bf5e9,3133
3051,797,match_start,0,Antarctic Peninsula,Control,T_5568bd9d,T_a02bf5e9,3134
3052,797,match_start,0,Circuit royal,Escort,T_5568bd9d,T_a02bf5e9,3135
3053,797,match_start,0,Midtown,Hybrid,T_5568bd9d,T_a02bf5e9,3136
3054,797,match_start,0,Esperança,Push,T_5568bd9d,T_a02bf5e9,3137
3055,797,match_start,0,New Junk City,Flashpoint,T_5568bd9d,T_a02bf5e9,3138
3056,797,match_start,0,New Junk City,Flashpoint,T_5568bd9d,T_a02bf5e9,3139
3057,797,match_start,0,Lijiang Tower,Control,T_5568bd9d,T_a02bf5e9,3140
3058,798,match_start,0,Nepal,Control,T_5568bd9d,T_a02bf5e9,3141
3067,800,match_start,0,Suravasa,Flashpoint,T_0cac1da9,T_6972b587,3150
3068,800,match_start,0,Runasapi,Push,T_0cac1da9,T_6972b587,3151
3069,800,match_start,0,Shambali Monastery,Escort,T_0cac1da9,T_6972b587,3152
3070,800,match_start,0,Samoa,Control,T_0cac1da9,T_6972b587,3153
3077,801,match_start,0,Esperança,Push,T_0cac1da9,T_60499986,3160
3078,801,match_start,0,Oasis,Control,T_0cac1da9,T_60499986,3161
3079,803,match_start,0,Antarctic Peninsula,Control,T_41345007,T_aefb449f,3162
3080,804,match_start,0,Antarctic Peninsula,Control,T_41345007,T_aefb449f,3163
3081,805,match_start,0,Antarctic Peninsula,Control,T_41345007,T_aefb449f,3164
3082,806,match_start,0,Antarctic Peninsula,Control,T_41345007,T_aefb449f,3165
3087,806,match_start,0,Lijiang Tower,Control,T_41345007,T_aefb449f,3170
3083,806,match_start,0,Midtown,Hybrid,T_41345007,T_aefb449f,3166
3084,806,match_start,0,Suravasa,Flashpoint,T_41345007,T_aefb449f,3167
3086,806,match_start,0,Shambali Monastery,Escort,T_41345007,T_aefb449f,3169
3088,806,match_start,0,"King's Row",Hybrid,T_41345007,T_aefb449f,3171
3089,807,match_start,0,Samoa,Control,T_5568bd9d,T_a02bf5e9,3172
3090,807,match_start,0,Eichenwalde,Hybrid,T_0cac1da9,T_d0d58b2d,3173
3091,807,match_start,0,Suravasa,Flashpoint,T_0cac1da9,T_d0d58b2d,3174
3092,807,match_start,0,Esperança,Push,T_0cac1da9,T_d0d58b2d,3175
3094,807,match_start,0,Lijiang Tower,Control,T_0cac1da9,T_d0d58b2d,3177
3095,808,match_start,0,Lijiang Tower,Control,T_0cac1da9,T_7e4eb8f8,3178
3098,808,match_start,0,Suravasa,Flashpoint,T_0cac1da9,T_7e4eb8f8,3181
3099,808,match_start,0,Esperança,Push,T_0cac1da9,T_7e4eb8f8,3182
3101,808,match_start,0,Oasis,Control,T_0cac1da9,T_7e4eb8f8,3184
3102,809,match_start,0,Samoa,Control,T_0cac1da9,T_a02bf5e9,3185
3103,809,match_start,0,"King's Row",Hybrid,T_0cac1da9,T_118b16fa,3186
3104,809,match_start,0,Suravasa,Flashpoint,T_0cac1da9,T_118b16fa,3187
3105,809,match_start,0,Runasapi,Push,T_0cac1da9,T_118b16fa,3188
3106,809,match_start,0,Circuit royal,Escort,T_0cac1da9,T_118b16fa,3189
3107,809,match_start,0,Antarctic Peninsula,Control,T_0cac1da9,T_118b16fa,3190
3108,810,match_start,0,"King's Row",Hybrid,T_0c568a57,T_6f1da461,3191
3109,810,match_start,0,"King's Row",Hybrid,T_0c568a57,T_6f1da461,3192
3110,810,match_start,0,"King's Row",Hybrid,T_0c568a57,T_6f1da461,3193
3111,810,match_start,0,"King's Row",Hybrid,T_0c568a57,T_6f1da461,3195
3112,810,match_start,0,"King's Row",Hybrid,T_0c568a57,T_6f1da461,3197
3113,812,match_start,0,Circuit royal,Escort,T_5568bd9d,T_a02bf5e9,3198
3115,811,match_start,0,New Queen Street,Push,T_5568bd9d,T_a02bf5e9,3200
3116,811,match_start,0,Dorado,Escort,T_5568bd9d,T_a02bf5e9,3201
3117,811,match_start,0,New Junk City,Flashpoint,T_5568bd9d,T_a02bf5e9,3202
3118,811,match_start,0,Blizzard World,Hybrid,T_5568bd9d,T_a02bf5e9,3203
3119,811,match_start,0,Antarctic Peninsula,Control,T_5568bd9d,T_a02bf5e9,3204
3120,813,match_start,0,Lijiang Tower,Control,T_5568bd9d,T_a02bf5e9,3205
3121,813,match_start,0,Dorado,Escort,T_5568bd9d,T_a02bf5e9,3206
3122,813,match_start,0,Numbani,Hybrid,T_5568bd9d,T_a02bf5e9,3207
3123,813,match_start,0,Esperança,Push,T_5568bd9d,T_a02bf5e9,3208
3124,813,match_start,0,New Junk City,Flashpoint,T_5568bd9d,T_a02bf5e9,3209
3125,813,match_start,0,Oasis,Control,T_5568bd9d,T_a02bf5e9,3210
3126,815,match_start,0,Antarctic Peninsula,Control,T_5568bd9d,T_a02bf5e9,3211
3128,815,match_start,0,Circuit royal,Escort,T_5568bd9d,T_a02bf5e9,3213
3129,815,match_start,0,Suravasa,Flashpoint,T_5568bd9d,T_a02bf5e9,3214
3130,815,match_start,0,Colosseo,Push,T_5568bd9d,T_a02bf5e9,3215
3131,815,match_start,0,Oasis,Control,T_5568bd9d,T_a02bf5e9,3216
3132,816,match_start,0,Samoa,Control,T_f89d2836,T_f6bda5c7,3217
3133,816,match_start,0,Blizzard World,Hybrid,T_f89d2836,T_f6bda5c7,3218
3134,816,match_start,0,Colosseo,Push,T_f89d2836,T_f6bda5c7,3219
3135,816,match_start,0,Circuit royal,Escort,T_f89d2836,T_f6bda5c7,3220
3136,816,match_start,0,Suravasa,Flashpoint,T_f89d2836,T_f6bda5c7,3221
3137,817,match_start,0,Busan,Control,T_f89d2836,T_670ede79,3222
3138,817,match_start,0,Dorado,Escort,T_f89d2836,T_670ede79,3223
3139,817,match_start,0,Colosseo,Push,T_f89d2836,T_670ede79,3224
3142,817,match_start,0,Lijiang Tower,Control,T_f89d2836,T_670ede79,3227
3143,817,match_start,0,Lijiang Tower,Control,T_f89d2836,T_670ede79,3228
3144,817,match_start,0,Lijiang Tower,Control,T_f89d2836,T_670ede79,3229
3145,818,match_start,0,Antarctic Peninsula,Control,T_5568bd9d,T_a02bf5e9,3230
3146,818,match_start,0,Watchpoint: Gibraltar,Escort,T_5568bd9d,T_a02bf5e9,3231
3147,818,match_start,0,"King's Row",Hybrid,T_5568bd9d,T_a02bf5e9,3232
3148,818,match_start,0,Runasapi,Push,T_5568bd9d,T_a02bf5e9,3233
3149,818,match_start,0,Suravasa,Flashpoint,T_5568bd9d,T_a02bf5e9,3234
3150,818,match_start,0,Nepal,Control,T_5568bd9d,T_a02bf5e9,3235
3152,818,match_start,0,Nepal,Control,T_5568bd9d,T_a02bf5e9,3237
3153,818,match_start,0,Nepal,Control,T_5568bd9d,T_a02bf5e9,3238
3156,819,match_start,0,Oasis,Control,T_5568bd9d,T_a02bf5e9,3241
3157,819,match_start,0,Route 66,Escort,T_5568bd9d,T_a02bf5e9,3242
3158,819,match_start,0,Blizzard World,Hybrid,T_5568bd9d,T_a02bf5e9,3243
3159,819,match_start,0,New Queen Street,Push,T_5568bd9d,T_a02bf5e9,3244
3160,819,match_start,0,New Junk City,Flashpoint,T_5568bd9d,T_a02bf5e9,3245
3164,820,match_start,0,Circuit royal,Escort,T_5568bd9d,T_a02bf5e9,3249
3165,820,match_start,0,Blizzard World,Hybrid,T_5568bd9d,T_a02bf5e9,3250
3166,820,match_start,0,New Junk City,Flashpoint,T_5568bd9d,T_a02bf5e9,3251
3167,820,match_start,0,Esperança,Push,T_5568bd9d,T_a02bf5e9,3252
3168,820,match_start,0,Throne of Anubis,Clash,T_5568bd9d,T_a02bf5e9,3253
3169,821,match_start,0,Lijiang Tower,Control,T_5568bd9d,T_a02bf5e9,3254
3170,821,match_start,0,Hanaoka,Clash,T_5568bd9d,T_a02bf5e9,3255
3171,821,match_start,0,Hanaoka,Clash,T_5568bd9d,T_a02bf5e9,3256
3172,822,match_start,0,Lijiang Tower,Control,T_5568bd9d,T_a02bf5e9,3257
3174,822,match_start,0,Shambali Monastery,Escort,T_5568bd9d,T_a02bf5e9,3259
3175,822,match_start,0,Numbani,Hybrid,T_5568bd9d,T_a02bf5e9,3260
3176,822,match_start,0,Esperança,Push,T_5568bd9d,T_a02bf5e9,3261
3177,822,match_start,0,New Junk City,Flashpoint,T_5568bd9d,T_a02bf5e9,3262
3178,822,match_start,0,Throne of Anubis,Clash,T_5568bd9d,T_a02bf5e9,3263
3179,823,match_start,0,Lijiang Tower,Control,T_5568bd9d,T_a02bf5e9,3264
3180,823,match_start,0,Blizzard World,Hybrid,T_f89d2836,T_df89caee,3265
3181,823,match_start,0,Colosseo,Push,T_f89d2836,T_df89caee,3266
3182,823,match_start,0,Suravasa,Flashpoint,T_f89d2836,T_df89caee,3267
3183,823,match_start,0,Circuit royal,Escort,T_f89d2836,T_df89caee,3268
3184,824,match_start,0,Ilios,Control,T_ce85a3e2,T_0870238b,3269
3185,824,match_start,0,Dorado,Escort,T_ce85a3e2,T_0870238b,3270
3186,824,match_start,0,Suravasa,Flashpoint,T_ce85a3e2,T_0870238b,3271
3187,824,match_start,0,"King's Row",Hybrid,T_ce85a3e2,T_0870238b,3272
3188,824,match_start,0,Runasapi,Push,T_ce85a3e2,T_0870238b,3273
3189,824,match_start,0,Throne of Anubis,Clash,T_ce85a3e2,T_0870238b,3274
3190,825,match_start,0,Lijiang Tower,Control,T_5568bd9d,T_a02bf5e9,3275
3191,825,match_start,0,Watchpoint: Gibraltar,Escort,T_5a16ee7f,T_3eeab546,3276
3192,825,match_start,0,Suravasa,Flashpoint,T_5a16ee7f,T_3eeab546,3277
3193,825,match_start,0,"King's Row",Hybrid,T_5a16ee7f,T_3eeab546,3278
3195,825,match_start,0,Hanaoka,Clash,T_5a16ee7f,T_3eeab546,3280
3196,825,match_start,0,Hanaoka,Clash,T_5a16ee7f,T_3eeab546,3281
3198,826,match_start,0,Dorado,Escort,T_5568bd9d,T_a02bf5e9,3283
3199,826,match_start,0,Eichenwalde,Hybrid,T_5568bd9d,T_a02bf5e9,3284
3200,826,match_start,0,New Queen Street,Push,T_5568bd9d,T_a02bf5e9,3285
3201,826,match_start,0,New Queen Street,Push,T_5568bd9d,T_a02bf5e9,3286
3202,826,match_start,0,Suravasa,Flashpoint,T_5568bd9d,T_a02bf5e9,3287
3203,826,match_start,0,Antarctic Peninsula,Control,T_5568bd9d,T_a02bf5e9,3288
3211,828,match_start,0,"King's Row",Hybrid,T_5568bd9d,T_a02bf5e9,3296
3212,828,match_start,0,Hanaoka,Clash,T_5568bd9d,T_a02bf5e9,3297
3213,828,match_start,0,Lijiang Tower,Control,T_5568bd9d,T_a02bf5e9,3298
3214,828,match_start,0,Route 66,Escort,T_5568bd9d,T_a02bf5e9,3299
3215,828,match_start,0,Route 66,Escort,T_5568bd9d,T_a02bf5e9,3300
3216,828,match_start,0,Hanaoka,Clash,T_5568bd9d,T_a02bf5e9,3301
3217,828,match_start,0,Ilios,Control,T_5568bd9d,T_a02bf5e9,3302
3218,828,match_start,0,Dorado,Escort,T_5568bd9d,T_a02bf5e9,3303
3221,830,match_start,0,Oasis,Control,T_5568bd9d,T_a02bf5e9,3306
3223,830,match_start,0,Hanaoka,Clash,T_5568bd9d,T_a02bf5e9,3308
3224,830,match_start,0,New Junk City,Flashpoint,T_5568bd9d,T_a02bf5e9,3309
3225,830,match_start,0,"King's Row",Hybrid,T_5568bd9d,T_a02bf5e9,3310
3226,830,match_start,0,Colosseo,Push,T_5568bd9d,T_a02bf5e9,3311
3227,830,match_start,0,Hanaoka,Clash,T_5568bd9d,T_a02bf5e9,3312
3229,830,match_start,0,Hanaoka,Clash,T_5568bd9d,T_a02bf5e9,3314
3230,831,match_start,0,Throne of Anubis,Clash,T_5568bd9d,T_a02bf5e9,3315
3231,831,match_start,0,Colosseo,Push,T_5568bd9d,T_a02bf5e9,3316
3232,831,match_start,0,New Junk City,Flashpoint,T_5568bd9d,T_a02bf5e9,3317
3233,831,match_start,0,"King's Row",Hybrid,T_5568bd9d,T_a02bf5e9,3318
3234,831,match_start,0,Havana,Escort,T_5568bd9d,T_a02bf5e9,3319
3236,831,match_start,0,Antarctic Peninsula,Control,T_5568bd9d,T_a02bf5e9,3321
3237,832,match_start,0,Eichenwalde,Hybrid,T_5568bd9d,T_a02bf5e9,3322
3238,832,match_start,0,Esperança,Push,T_5568bd9d,T_a02bf5e9,3323
3239,832,match_start,0,Nepal,Control,T_5568bd9d,T_a02bf5e9,3324
3242,830,match_start,0,Hanaoka,Clash,T_5568bd9d,T_a02bf5e9,3327
3243,833,match_start,0,Busan,Control,T_5568bd9d,T_a02bf5e9,3328
3244,833,match_start,0,Watchpoint: Gibraltar,Escort,T_5568bd9d,T_a02bf5e9,3329
3245,833,match_start,0,"King's Row",Hybrid,T_5568bd9d,T_a02bf5e9,3330
3246,833,match_start,0,Esperança,Push,T_5568bd9d,T_a02bf5e9,3331
3247,833,match_start,0,Circuit royal,Escort,T_5568bd9d,T_a02bf5e9,3332
3248,833,match_start,0,Circuit royal,Escort,T_5568bd9d,T_a02bf5e9,3333
3249,833,match_start,0,Suravasa,Flashpoint,T_5568bd9d,T_a02bf5e9,3334
3250,834,match_start,0,Lijiang Tower,Control,T_5568bd9d,T_a02bf5e9,3335
3251,834,match_start,0,Blizzard World,Hybrid,T_5568bd9d,T_a02bf5e9,3336
3252,834,match_start,0,Runasapi,Push,T_5568bd9d,T_a02bf5e9,3337
3253,834,match_start,0,Suravasa,Flashpoint,T_5568bd9d,T_a02bf5e9,3338
3254,834,match_start,0,Rialto,Escort,T_5568bd9d,T_a02bf5e9,3339
3255,834,match_start,0,Ilios,Control,T_5568bd9d,T_a02bf5e9,3340
3256,835,match_start,0,Antarctic Peninsula,Control,T_5568bd9d,T_a02bf5e9,3341
3257,835,match_start,0,Havana,Escort,T_5568bd9d,T_a02bf5e9,3342
3258,835,match_start,0,"King's Row",Hybrid,T_5568bd9d,T_a02bf5e9,3343
3259,835,match_start,0,"King's Row",Hybrid,T_5568bd9d,T_a02bf5e9,3344
3260,835,match_start,0,Colosseo,Push,T_5568bd9d,T_a02bf5e9,3345
3261,835,match_start,0,Suravasa,Flashpoint,T_5568bd9d,T_a02bf5e9,3346
3262,835,match_start,0,Oasis,Control,T_5568bd9d,T_a02bf5e9,3347
3263,835,match_start,0,Oasis,Control,T_5568bd9d,T_a02bf5e9,3348
3264,835,match_start,0,Oasis,Control,T_5568bd9d,T_a02bf5e9,3349
3265,533,match_start,0,Oasis,Control,T_5568bd9d,T_a02bf5e9,3350
3266,835,match_start,0,Oasis,Control,T_5568bd9d,T_a02bf5e9,3351
3267,836,match_start,0,"King's Row",Hybrid,T_5568bd9d,T_a02bf5e9,3352
3268,839,match_start,0,Lijiang Tower,Control,T_5568bd9d,T_a02bf5e9,3353
3269,841,match_start,0,Antarctic Peninsula,Control,T_ce85a3e2,T_7c9ebfb0,3354
3270,841,match_start,0,Hanaoka,Clash,T_ce85a3e2,T_7c9ebfb0,3355
3271,841,match_start,0,Hanaoka,Clash,T_ce85a3e2,T_7c9ebfb0,3356
3272,841,match_start,0,Hanaoka,Clash,T_ce85a3e2,T_7c9ebfb0,3357
3275,841,match_start,0,New Junk City,Flashpoint,T_ce85a3e2,T_7c9ebfb0,3360
3276,841,match_start,0,Eichenwalde,Hybrid,T_ce85a3e2,T_7c9ebfb0,3361
3279,841,match_start,0,Nepal,Control,T_ce85a3e2,T_7c9ebfb0,3364
3283,842,match_start,0,Runasapi,Push,T_5568bd9d,T_a02bf5e9,3368
3284,842,match_start,0,Suravasa,Flashpoint,T_5568bd9d,T_a02bf5e9,3369
3286,842,match_start,0,New Queen Street,Push,T_5568bd9d,T_a02bf5e9,3371
3287,843,match_start,0,Ilios,Control,T_5568bd9d,T_a02bf5e9,3372
3288,843,match_start,0,Hollywood,Hybrid,T_5568bd9d,T_a02bf5e9,3373
3289,843,match_start,0,Circuit royal,Escort,T_5568bd9d,T_a02bf5e9,3374
3290,843,match_start,0,New Junk City,Flashpoint,T_5568bd9d,T_a02bf5e9,3375
3291,843,match_start,0,New Queen Street,Push,T_5568bd9d,T_a02bf5e9,3376
3292,843,match_start,0,Junkertown,Escort,T_5568bd9d,T_a02bf5e9,3377
3293,844,match_start,0,Nepal,Control,T_5568bd9d,T_a02bf5e9,3378
3294,844,match_start,0,"King's Row",Hybrid,T_5568bd9d,T_a02bf5e9,3379
3295,844,match_start,0,New Queen Street,Push,T_5568bd9d,T_a02bf5e9,3380
3296,844,match_start,0,Paraíso,Hybrid,T_5568bd9d,T_a02bf5e9,3381
3297,844,match_start,0,Suravasa,Flashpoint,T_5568bd9d,T_a02bf5e9,3382
3299,845,match_start,0,Lijiang Tower,Control,T_5568bd9d,T_a02bf5e9,3384
3300,845,match_start,0,Hollywood,Hybrid,T_5568bd9d,T_a02bf5e9,3385
3301,845,match_start,0,Suravasa,Flashpoint,T_5568bd9d,T_a02bf5e9,3386
3302,845,match_start,0,Watchpoint: Gibraltar,Escort,T_5568bd9d,T_a02bf5e9,3387
3303,845,match_start,0,Runasapi,Push,T_5568bd9d,T_a02bf5e9,3388
3304,845,match_start,0,Runasapi,Push,T_5568bd9d,T_a02bf5e9,3389
3305,845,match_start,0,Oasis,Control,T_5568bd9d,T_a02bf5e9,3390
3306,533,match_start,0,Runasapi,Push,T_5568bd9d,T_a02bf5e9,3391
3307,533,match_start,0,Runasapi,Push,T_5568bd9d,T_a02bf5e9,3392
3308,845,match_start,0,Runasapi,Push,T_5568bd9d,T_a02bf5e9,3393
3309,846,match_start,0,Hanaoka,Clash,T_5568bd9d,T_a02bf5e9,3394
3310,847,match_start,0,Busan,Control,T_5e7e44ee,T_574fdbc7,3395
3311,847,match_start,0,Suravasa,Flashpoint,T_5e7e44ee,T_574fdbc7,3396
3312,847,match_start,0,Midtown,Hybrid,T_5e7e44ee,T_574fdbc7,3397
3313,847,match_start,0,Dorado,Escort,T_5e7e44ee,T_574fdbc7,3398
3314,847,match_start,0,New Queen Street,Push,T_5e7e44ee,T_574fdbc7,3399
3315,847,match_start,0,Circuit royal,Escort,T_5e7e44ee,T_574fdbc7,3400
3316,847,match_start,0,Nepal,Control,T_5e7e44ee,T_574fdbc7,3401
3317,848,match_start,0,Busan,Control,T_5568bd9d,T_a02bf5e9,3402
3318,848,match_start,0,Circuit royal,Escort,T_5568bd9d,T_a02bf5e9,3403
3319,848,match_start,0,Suravasa,Flashpoint,T_5568bd9d,T_a02bf5e9,3404
3320,848,match_start,0,Dorado,Escort,T_5568bd9d,T_a02bf5e9,3405
3321,848,match_start,0,Busan,Control,T_5568bd9d,T_a02bf5e9,3406
3322,848,match_start,0,Esperança,Push,T_5568bd9d,T_a02bf5e9,3407
3323,848,match_start,0,Midtown,Hybrid,T_5568bd9d,T_a02bf5e9,3408
3324,849,match_start,0,Lijiang Tower,Control,T_5568bd9d,T_a02bf5e9,3409
3325,849,match_start,0,Circuit royal,Escort,T_5568bd9d,T_a02bf5e9,3410
3326,849,match_start,0,Suravasa,Flashpoint,T_5568bd9d,T_a02bf5e9,3411
3327,849,match_start,0,Midtown,Hybrid,T_5568bd9d,T_a02bf5e9,3412
3328,849,match_start,0,Runasapi,Push,T_5568bd9d,T_a02bf5e9,3413
3329,849,match_start,0,Antarctic Peninsula,Control,T_5568bd9d,T_a02bf5e9,3414
3332,850,match_start,0,Watchpoint: Gibraltar,Escort,T_5568bd9d,T_a02bf5e9,3417
3333,850,match_start,0,New Queen Street,Push,T_5568bd9d,T_a02bf5e9,3418
3334,850,match_start,0,Blizzard World,Hybrid,T_5568bd9d,T_a02bf5e9,3419
3335,850,match_start,0,Nepal,Control,T_5568bd9d,T_a02bf5e9,3420
3336,850,match_start,0,New Queen Street,Push,T_5568bd9d,T_a02bf5e9,3421
3337,851,match_start,0,Ilios,Control,T_5568bd9d,T_a02bf5e9,3422
3338,851,match_start,0,Midtown,Hybrid,T_5568bd9d,T_a02bf5e9,3423
3339,851,match_start,0,Runasapi,Push,T_5568bd9d,T_a02bf5e9,3424
3340,851,match_start,0,New Junk City,Flashpoint,T_5568bd9d,T_a02bf5e9,3425
3341,851,match_start,0,Rialto,Escort,T_5568bd9d,T_a02bf5e9,3426
3342,851,match_start,0,Throne of Anubis,Clash,T_5568bd9d,T_a02bf5e9,3427
3343,852,match_start,0,Antarctic Peninsula,Control,T_af393e70,T_a02bf5e9,3428
3344,852,match_start,0,Blizzard World,Hybrid,T_af393e70,T_b56b2566,3429
3345,852,match_start,0,New Junk City,Flashpoint,T_af393e70,T_b56b2566,3430
3346,852,match_start,0,Havana,Escort,T_af393e70,T_b56b2566,3431
3347,852,match_start,0,Esperança,Push,T_af393e70,T_b56b2566,3432
3348,852,match_start,0,Lijiang Tower,Control,T_af393e70,T_b56b2566,3433
3349,853,match_start,0,Busan,Control,T_5568bd9d,T_a02bf5e9,3434
3350,853,match_start,0,Rialto,Escort,T_5568bd9d,T_a02bf5e9,3435
3352,853,match_start,0,"King's Row",Hybrid,T_5568bd9d,T_a02bf5e9,3437
3353,853,match_start,0,Colosseo,Push,T_5568bd9d,T_a02bf5e9,3438
3354,853,match_start,0,Route 66,Escort,T_5568bd9d,T_a02bf5e9,3439
3355,854,match_start,0,Blizzard World,Hybrid,T_5568bd9d,T_a02bf5e9,3440
3356,854,match_start,0,Shambali Monastery,Escort,T_5568bd9d,T_a02bf5e9,3441
3357,854,match_start,0,Lijiang Tower,Control,T_5568bd9d,T_a02bf5e9,3442
3358,854,match_start,0,Colosseo,Push,T_5568bd9d,T_a02bf5e9,3443
3359,854,match_start,0,New Junk City,Flashpoint,T_5568bd9d,T_a02bf5e9,3444
3360,854,match_start,0,Samoa,Control,T_5568bd9d,T_a02bf5e9,3445
3361,855,match_start,0,Busan,Control,T_5568bd9d,T_a02bf5e9,3446
3362,855,match_start,0,"King's Row",Hybrid,T_5568bd9d,T_a02bf5e9,3447
3363,855,match_start,0,Circuit royal,Escort,T_5568bd9d,T_a02bf5e9,3448
3364,855,match_start,0,Watchpoint: Gibraltar,Escort,T_5568bd9d,T_a02bf5e9,3449
3365,855,match_start,0,Throne of Anubis,Clash,T_5568bd9d,T_a02bf5e9,3450
3366,856,match_start,0,Busan,Control,T_5568bd9d,T_a02bf5e9,3451
3367,856,match_start,0,Route 66,Escort,T_ce85a3e2,T_1bd88229,3452
3368,856,match_start,0,New Junk City,Flashpoint,T_ce85a3e2,T_1bd88229,3453
3369,856,match_start,0,Blizzard World,Hybrid,T_ce85a3e2,T_1bd88229,3454
3371,856,match_start,0,Circuit royal,Escort,T_ce85a3e2,T_1bd88229,3456
3370,856,match_start,0,Runasapi,Push,T_ce85a3e2,T_1bd88229,3455
3372,857,match_start,0,Ilios,Control,T_9c351c5b,T_6364b37a,3457
3373,857,match_start,0,Midtown,Hybrid,T_9c351c5b,T_6364b37a,3458
3374,857,match_start,0,Midtown,Hybrid,T_9c351c5b,T_6364b37a,3459
3375,857,match_start,0,Watchpoint: Gibraltar,Escort,T_9c351c5b,T_6364b37a,3460
3376,857,match_start,0,Midtown,Hybrid,T_9c351c5b,T_6364b37a,3461
3377,857,match_start,0,Midtown,Hybrid,T_9c351c5b,T_6364b37a,3462
3378,858,match_start,0,Nepal,Control,T_5568bd9d,T_a02bf5e9,3463
3379,858,match_start,0,"King's Row",Hybrid,T_5568bd9d,T_a02bf5e9,3464
3380,858,match_start,0,New Junk City,Flashpoint,T_5568bd9d,T_a02bf5e9,3465
3381,858,match_start,0,Junkertown,Escort,T_5568bd9d,T_a02bf5e9,3466
3382,858,match_start,0,Esperança,Push,T_5568bd9d,T_a02bf5e9,3467
3384,859,match_start,0,Rialto,Escort,T_5568bd9d,T_a02bf5e9,3469
3385,859,match_start,0,New Queen Street,Push,T_5568bd9d,T_a02bf5e9,3470
3386,859,match_start,0,Suravasa,Flashpoint,T_5568bd9d,T_a02bf5e9,3471
3388,860,match_start,0,Lijiang Tower,Control,T_5568bd9d,T_a02bf5e9,3473
3391,860,match_start,0,Suravasa,Flashpoint,T_5568bd9d,T_a02bf5e9,3476
3392,860,match_start,0,"King's Row",Hybrid,T_5568bd9d,T_a02bf5e9,3477
3393,861,match_start,0,Lijiang Tower,Control,T_801994be,T_da38c0e7,3478
3394,862,match_start,0,Lijiang Tower,Control,T_801994be,T_da38c0e7,3479
3395,863,match_start,0,Shambali Monastery,Escort,T_801994be,T_da38c0e7,3480
3396,863,match_start,0,Esperança,Push,T_801994be,T_da38c0e7,3481
3397,863,match_start,0,Lijiang Tower,Control,T_801994be,T_da38c0e7,3482
3398,864,match_start,0,Midtown,Hybrid,T_5568bd9d,T_a02bf5e9,3483
3399,864,match_start,0,Suravasa,Flashpoint,T_5568bd9d,T_a02bf5e9,3484
3400,864,match_start,0,Watchpoint: Gibraltar,Escort,T_5568bd9d,T_a02bf5e9,3485
3401,864,match_start,0,Runasapi,Push,T_5568bd9d,T_a02bf5e9,3486
3402,864,match_start,0,Nepal,Control,T_5568bd9d,T_a02bf5e9,3487
3403,863,match_start,0,Samoa,Control,T_801994be,T_da38c0e7,3488
3404,863,match_start,0,Hollywood,Hybrid,T_801994be,T_da38c0e7,3489
3405,863,match_start,0,Suravasa,Flashpoint,T_801994be,T_da38c0e7,3490
3406,863,match_start,0,Lijiang Tower,Control,T_801994be,T_da38c0e7,3491
3407,868,match_start,0,Junkertown,Escort,T_5568bd9d,T_a02bf5e9,3492
3409,868,match_start,0,Midtown,Hybrid,T_5568bd9d,T_a02bf5e9,3494
3410,869,match_start,0,Lijiang Tower,Control,T_5568bd9d,T_a02bf5e9,3495
3411,869,match_start,0,Numbani,Hybrid,T_5568bd9d,T_a02bf5e9,3496
3412,869,match_start,0,Circuit royal,Escort,T_5568bd9d,T_a02bf5e9,3497
3413,869,match_start,0,New Queen Street,Push,T_5568bd9d,T_a02bf5e9,3498
3414,869,match_start,0,New Junk City,Flashpoint,T_5568bd9d,T_a02bf5e9,3499
3415,869,match_start,0,Blizzard World,Hybrid,T_5568bd9d,T_a02bf5e9,3500
3416,869,match_start,0,New Junk City,Flashpoint,T_5568bd9d,T_a02bf5e9,3501
3417,869,match_start,0,New Junk City,Flashpoint,T_5568bd9d,T_a02bf5e9,3502
3418,870,match_start,0,Runasapi,Push,T_e8cd1791,T_d0288b63,3503
3419,870,match_start,0,Junkertown,Escort,T_e8cd1791,T_d0288b63,3504
3420,870,match_start,0,New Junk City,Flashpoint,T_e8cd1791,T_d0288b63,3505
3421,870,match_start,0,Lijiang Tower,Control,T_e8cd1791,T_d0288b63,3506
3423,871,match_start,0,Lijiang Tower,Control,T_5568bd9d,T_a02bf5e9,3508
3424,871,match_start,0,Circuit royal,Escort,T_5568bd9d,T_a02bf5e9,3509
3425,871,match_start,0,Suravasa,Flashpoint,T_5568bd9d,T_a02bf5e9,3510
3426,871,match_start,0,Midtown,Hybrid,T_5568bd9d,T_a02bf5e9,3511
3427,871,match_start,0,Esperança,Push,T_5568bd9d,T_a02bf5e9,3512
3428,871,match_start,0,Hanaoka,Clash,T_5568bd9d,T_a02bf5e9,3513
3429,871,match_start,0,Hanaoka,Clash,T_5568bd9d,T_a02bf5e9,3514
3430,872,match_start,0,Esperança,Push,T_5568bd9d,T_a02bf5e9,3515
3431,872,match_start,0,Suravasa,Flashpoint,T_5568bd9d,T_a02bf5e9,3516
3432,872,match_start,0,Circuit royal,Escort,T_5568bd9d,T_a02bf5e9,3517
3433,872,match_start,0,Hanaoka,Clash,T_5568bd9d,T_a02bf5e9,3518
3434,872,match_start,0,Hanaoka,Clash,T_5568bd9d,T_a02bf5e9,3519
3435,873,match_start,0,Runasapi,Push,T_5568bd9d,T_a02bf5e9,3520
3436,874,match_start,0,Ilios,Control,T_5568bd9d,T_a02bf5e9,3521
3437,874,match_start,0,"King's Row",Hybrid,T_5568bd9d,T_a02bf5e9,3522
3438,874,match_start,0,Esperança,Push,T_5568bd9d,T_a02bf5e9,3523
3439,874,match_start,0,Watchpoint: Gibraltar,Escort,T_5568bd9d,T_a02bf5e9,3524
3440,874,match_start,0,Suravasa,Flashpoint,T_5568bd9d,T_a02bf5e9,3525
3441,874,match_start,0,Midtown,Hybrid,T_5568bd9d,T_a02bf5e9,3526
3442,875,match_start,0,Lijiang Tower,Control,T_5568bd9d,T_a02bf5e9,3527
3443,875,match_start,0,"King's Row",Hybrid,T_5568bd9d,T_a02bf5e9,3528
3445,875,match_start,0,Rialto,Escort,T_5568bd9d,T_a02bf5e9,3530
3446,875,match_start,0,Suravasa,Flashpoint,T_5568bd9d,T_a02bf5e9,3531
3447,876,match_start,0,Lijiang Tower,Control,T_5568bd9d,T_a02bf5e9,3532
3448,876,match_start,0,Blizzard World,Hybrid,T_5568bd9d,T_a02bf5e9,3533
3449,876,match_start,0,Esperança,Push,T_5568bd9d,T_a02bf5e9,3534
3450,876,match_start,0,Suravasa,Flashpoint,T_5568bd9d,T_a02bf5e9,3535
3451,876,match_start,0,Watchpoint: Gibraltar,Escort,T_5568bd9d,T_a02bf5e9,3536
3452,876,match_start,0,Hanaoka,Clash,T_5568bd9d,T_a02bf5e9,3537
3453,876,match_start,0,Hanaoka,Clash,T_5568bd9d,T_a02bf5e9,3538
3454,877,match_start,0,Esperança,Push,T_78479f5d,T_7ff3844e,3539
3455,877,match_start,0,Suravasa,Flashpoint,T_78479f5d,T_7ff3844e,3540
3456,877,match_start,0,Nepal,Control,T_78479f5d,T_7ff3844e,3541
3457,877,match_start,0,Ilios,Control,T_78479f5d,T_7ff3844e,3542
3458,877,match_start,0,Ilios,Control,T_78479f5d,T_7ff3844e,3543
3459,877,match_start,0,Midtown,Hybrid,T_78479f5d,T_7ff3844e,3544
3460,877,match_start,0,Watchpoint: Gibraltar,Escort,T_78479f5d,T_7ff3844e,3545
3464,884,match_start,0,Throne of Anubis,Clash,T_a0d3c623,T_65ce4916,3549
3465,884,match_start,0,Circuit royal,Escort,T_a0d3c623,T_65ce4916,3550
3466,884,match_start,0,"King's Row",Hybrid,T_a0d3c623,T_65ce4916,3551
3467,884,match_start,0,Suravasa,Flashpoint,T_a0d3c623,T_65ce4916,3552
3468,884,match_start,0,Colosseo,Push,T_a0d3c623,T_65ce4916,3553
3469,884,match_start,0,Lijiang Tower,Control,T_a0d3c623,T_65ce4916,3554
3471,887,match_start,0,New Queen Street,Push,T_78479f5d,T_c70bb4ee,3556
3472,887,match_start,0,Suravasa,Flashpoint,T_78479f5d,T_c70bb4ee,3557
3474,887,match_start,0,Ilios,Control,T_5568bd9d,T_a02bf5e9,3559
3475,887,match_start,0,"King's Row",Hybrid,T_78479f5d,T_c70bb4ee,3560
3476,888,match_start,0,Samoa,Control,T_8329997e,T_65ce4916,3561
3477,888,match_start,0,Hanaoka,Clash,T_8329997e,T_65ce4916,3562
3478,888,match_start,0,Watchpoint: Gibraltar,Escort,T_8329997e,T_65ce4916,3563
3479,888,match_start,0,New Junk City,Flashpoint,T_8329997e,T_65ce4916,3564
3480,888,match_start,0,Eichenwalde,Hybrid,T_8329997e,T_65ce4916,3565
3481,888,match_start,0,New Queen Street,Push,T_8329997e,T_65ce4916,3566
3482,889,match_start,0,Nepal,Control,T_5192cb01,T_fd3f6e1e,3567
3483,889,match_start,0,Throne of Anubis,Clash,T_5192cb01,T_fd3f6e1e,3568
3484,889,match_start,0,Circuit royal,Escort,T_5192cb01,T_fd3f6e1e,3569
3485,889,match_start,0,"King's Row",Hybrid,T_5192cb01,T_fd3f6e1e,3570
3487,533,match_start,0,"King's Row",Hybrid,T_a0d3c623,T_65ce4916,3572
3488,533,match_start,0,"King's Row",Hybrid,T_a0d3c623,T_65ce4916,3573
3489,533,match_start,0,"King's Row",Hybrid,T_a0d3c623,T_6877e283,3574
3490,891,match_start,0,Ilios,Control,T_5568bd9d,T_a02bf5e9,3575
3491,891,match_start,0,"King's Row",Hybrid,T_5568bd9d,T_a02bf5e9,3576
3492,891,match_start,0,Colosseo,Push,T_5568bd9d,T_a02bf5e9,3577
3493,891,match_start,0,New Junk City,Flashpoint,T_5568bd9d,T_a02bf5e9,3578
3494,891,match_start,0,Watchpoint: Gibraltar,Escort,T_5568bd9d,T_a02bf5e9,3579
3496,891,match_start,0,Esperança,Push,T_5568bd9d,T_a02bf5e9,3581
3497,892,match_start,0,Ilios,Control,T_5568bd9d,T_a02bf5e9,3582
3498,892,match_start,0,Midtown,Hybrid,T_5568bd9d,T_a02bf5e9,3583
3499,892,match_start,0,New Junk City,Flashpoint,T_5568bd9d,T_a02bf5e9,3584
3501,892,match_start,0,New Queen Street,Push,T_5568bd9d,T_a02bf5e9,3586
3502,892,match_start,0,Busan,Control,T_5568bd9d,T_a02bf5e9,3587
3503,894,match_start,0,Numbani,Hybrid,T_5568bd9d,T_a02bf5e9,3588
3504,894,match_start,0,Runasapi,Push,T_5568bd9d,T_a02bf5e9,3589
3505,894,match_start,0,Ilios,Control,T_5568bd9d,T_a02bf5e9,3590
3506,903,match_start,0,Circuit royal,Escort,T_1e08f45a,T_a4c36554,3591
3507,904,match_start,0,Circuit royal,Escort,T_1e08f45a,T_a4c36554,3592
3508,905,match_start,0,Circuit royal,Escort,T_1e08f45a,T_a4c36554,3593
3509,905,match_start,0,Suravasa,Flashpoint,T_1e08f45a,T_a4c36554,3594
3510,905,match_start,0,New Queen Street,Push,T_1e08f45a,T_a4c36554,3595
3511,905,match_start,0,Hanaoka,Clash,T_1e08f45a,T_a4c36554,3596
3512,905,match_start,0,Lijiang Tower,Control,T_1e08f45a,T_a4c36554,3597
3513,905,match_start,0,Hollywood,Hybrid,T_1e08f45a,T_a4c36554,3598
3514,906,match_start,0,Blizzard World,Hybrid,T_1e08f45a,T_6da1ba9e,3599
3515,906,match_start,0,Esperança,Push,T_1e08f45a,T_6da1ba9e,3600
3516,906,match_start,0,New Junk City,Flashpoint,T_1e08f45a,T_6da1ba9e,3601
3517,906,match_start,0,Ilios,Control,T_1e08f45a,T_6da1ba9e,3602
3518,906,match_start,0,Watchpoint: Gibraltar,Escort,T_1e08f45a,T_6da1ba9e,3603
3519,907,match_start,0,Runasapi,Push,T_5568bd9d,T_a02bf5e9,3604
3520,907,match_start,0,New Queen Street,Push,T_5568bd9d,T_a02bf5e9,3605
3521,907,match_start,0,Nepal,Control,T_5568bd9d,T_a02bf5e9,3606
3523,907,match_start,0,Lijiang Tower,Control,T_5568bd9d,T_a02bf5e9,3608
3524,908,match_start,0,Antarctic Peninsula,Control,T_5568bd9d,T_a02bf5e9,3609
3525,908,match_start,0,Midtown,Hybrid,T_553ef4f1,T_d9063442,3610
3526,908,match_start,0,Suravasa,Flashpoint,T_553ef4f1,T_d9063442,3611
3527,908,match_start,0,Watchpoint: Gibraltar,Escort,T_553ef4f1,T_d9063442,3612
3528,908,match_start,0,Colosseo,Push,T_553ef4f1,T_d9063442,3613
3529,909,match_start,0,Ilios,Control,T_5568bd9d,T_a02bf5e9,3614
3530,909,match_start,0,Midtown,Hybrid,T_5568bd9d,T_a02bf5e9,3615
3531,909,match_start,0,Esperança,Push,T_5568bd9d,T_a02bf5e9,3616
3532,909,match_start,0,Watchpoint: Gibraltar,Escort,T_5568bd9d,T_a02bf5e9,3617
3533,909,match_start,0,Suravasa,Flashpoint,T_5568bd9d,T_a02bf5e9,3618
3534,909,match_start,0,Hanaoka,Clash,T_5568bd9d,T_a02bf5e9,3619
3535,909,match_start,0,Nepal,Control,T_5568bd9d,T_a02bf5e9,3620
3536,912,match_start,0,Blizzard World,Hybrid,T_1e08f45a,T_47153176,3621
3537,913,match_start,0,Blizzard World,Hybrid,T_1e08f45a,T_47153176,3622
3538,913,match_start,0,New Queen Street,Push,T_1e08f45a,T_47153176,3623
3539,913,match_start,0,New Junk City,Flashpoint,T_1e08f45a,T_47153176,3624
3540,913,match_start,0,Rialto,Escort,T_1e08f45a,T_47153176,3625
3541,913,match_start,0,Rialto,Escort,T_1e08f45a,T_47153176,3626
3542,913,match_start,0,Lijiang Tower,Control,T_1e08f45a,T_47153176,3627
3543,913,match_start,0,Nepal,Control,T_5568bd9d,T_a02bf5e9,3628
3544,914,match_start,0,Oasis,Control,T_f62e24fe,T_75f50b54,3629
3545,914,match_start,0,Hollywood,Hybrid,T_f62e24fe,T_75f50b54,3630
3550,918,match_start,0,"King's Row",Hybrid,T_5568bd9d,T_a02bf5e9,3635
3551,918,match_start,0,Nepal,Control,T_5568bd9d,T_a02bf5e9,3636
3552,919,match_start,0,Antarctic Peninsula,Control,T_553ef4f1,T_b8c7971d,3637
3553,919,match_start,0,Blizzard World,Hybrid,T_553ef4f1,T_b8c7971d,3638
3554,919,match_start,0,New Junk City,Flashpoint,T_553ef4f1,T_b8c7971d,3639
3555,919,match_start,0,Watchpoint: Gibraltar,Escort,T_553ef4f1,T_b8c7971d,3640
3556,919,match_start,0,New Queen Street,Push,T_553ef4f1,T_b8c7971d,3641
3559,920,match_start,0,Watchpoint: Gibraltar,Escort,T_68c6a1f8,T_2649596f,3644
3561,920,match_start,0,Suravasa,Flashpoint,T_aa9f4ebe,T_9a31ae66,3646
3547,914,match_start,0,New Junk City,Flashpoint,T_f62e24fe,T_75f50b54,
3548,914,match_start,0,Busan,Control,T_f62e24fe,T_75f50b54,
3558,920,match_start,0,Throne of Anubis,Clash,T_68c6a1f8,T_2649596f,
3560,920,match_start,0,Runasapi,Push,T_aa9f4ebe,T_9a31ae66,
3557,920,match_start,0,Runasapi,Push,T_68c6a1f8,T_2649596f,
3562,920,match_start,0,Colosseo,Push,T_aa9f4ebe,T_9a31ae66,3647
3563,920,match_start,0,"King's Row",Hybrid,T_e7ab2fad,T_9a31ae66,3648
3564,920,match_start,0,Oasis,Control,T_e7ab2fad,T_9a31ae66,3649
3565,920,match_start,0,Rialto,Escort,T_5568bd9d,T_a02bf5e9,3650
3566,920,match_start,0,Rialto,Escort,T_5568bd9d,T_a02bf5e9,3651
3567,920,match_start,0,Oasis,Control,T_e7ab2fad,T_9a31ae66,3652
3568,920,match_start,0,Colosseo,Push,T_aa9f4ebe,T_9a31ae66,3653
3569,920,match_start,0,Runasapi,Push,T_aa9f4ebe,T_9a31ae66,3654
3570,920,match_start,0,Throne of Anubis,Clash,T_aa9f4ebe,T_2649596f,3655
3571,921,match_start,0,Esperança,Push,T_5568bd9d,T_a02bf5e9,3656
3572,924,match_start,0,Route 66,Escort,T_5568bd9d,T_a02bf5e9,3657
3573,925,match_start,0,Route 66,Escort,T_5568bd9d,T_a02bf5e9,3658
3574,933,match_start,0,Hollywood,Hybrid,T_5568bd9d,T_a02bf5e9,3659
3576,934,match_start,0,Rialto,Escort,T_5568bd9d,T_a02bf5e9,3661
3577,934,match_start,0,Oasis,Control,T_e7ab2fad,T_9a31ae66,3662
3578,934,match_start,0,Colosseo,Push,T_aa9f4ebe,T_9a31ae66,3663
3579,939,match_start,0,Colosseo,Push,T_aa9f4ebe,T_9a31ae66,3664
3580,939,match_start,0,Suravasa,Flashpoint,T_aa9f4ebe,T_9a31ae66,3665
3581,939,match_start,0,Runasapi,Push,T_aa9f4ebe,T_9a31ae66,3666
3582,938,match_start,0,Throne of Anubis,Clash,T_aa9f4ebe,T_2649596f,3667
3583,938,match_start,0,Throne of Anubis,Clash,T_aa9f4ebe,T_2649596f,3668
3584,938,match_start,0,Throne of Anubis,Clash,T_68c6a1f8,T_2649596f,3669
3585,938,match_start,0,Runasapi,Push,T_68c6a1f8,T_2649596f,3670
3586,938,match_start,0,Runasapi,Push,T_68c6a1f8,T_2649596f,3671
3587,938,match_start,0,Throne of Anubis,Clash,T_68c6a1f8,T_2649596f,3672
3588,533,match_start,0,Dorado,Escort,T_5568bd9d,T_a02bf5e9,3673
3589,938,match_start,0,Runasapi,Push,T_68c6a1f8,T_2649596f,3674
3590,938,match_start,0,Throne of Anubis,Clash,T_68c6a1f8,T_2649596f,3675
3591,938,match_start,0,Watchpoint: Gibraltar,Escort,T_68c6a1f8,T_2649596f,3676
3592,938,match_start,0,Throne of Anubis,Clash,T_aa9f4ebe,T_2649596f,3677
3593,533,match_start,0,Lijiang Tower,Control,T_5568bd9d,T_a02bf5e9,3678
3594,940,match_start,0,Antarctic Peninsula,Control,T_553ef4f1,T_09108de9,3679
3595,940,match_start,0,Blizzard World,Hybrid,T_553ef4f1,T_09108de9,3680
3596,940,match_start,0,Suravasa,Flashpoint,T_553ef4f1,T_09108de9,3681
3597,940,match_start,0,Dorado,Escort,T_553ef4f1,T_09108de9,3682
3598,941,match_start,0,Eichenwalde (Halloween),Hybrid,T_5568bd9d,T_a02bf5e9,3683
3599,942,match_start,0,Antarctic Peninsula,Control,T_553ef4f1,T_a02bf5e9,3684
3601,942,match_start,0,Suravasa,Flashpoint,T_553ef4f1,T_674c7502,3686
3603,942,match_start,0,"King's Row",Hybrid,T_553ef4f1,T_674c7502,3688
3604,943,match_start,0,Eichenwalde (Halloween),Hybrid,T_5568bd9d,T_a02bf5e9,3689
3605,943,match_start,0,Colosseo,Push,T_5a16ee7f,T_667a1c7e,3690
3606,943,match_start,0,Dorado,Escort,T_5a16ee7f,T_667a1c7e,3691
3607,943,match_start,0,Ilios,Control,T_5a16ee7f,T_667a1c7e,3692
3608,944,match_start,0,Rialto,Escort,T_5568bd9d,T_a02bf5e9,3693
3609,945,match_start,0,Havana,Escort,T_5568bd9d,T_a02bf5e9,3694
3610,946,match_start,0,Suravasa,Flashpoint,T_5568bd9d,T_a02bf5e9,3695
3611,947,match_start,0,Rialto,Escort,T_5568bd9d,T_a02bf5e9,3696
3612,948,match_start,0,Rialto,Escort,T_5568bd9d,T_a02bf5e9,3697
3613,949,match_start,0,Rialto,Escort,T_5568bd9d,T_a02bf5e9,3698
3614,950,match_start,0,Havana,Escort,T_5568bd9d,T_a02bf5e9,3699
3615,950,match_start,0,Colosseo,Push,T_5568bd9d,T_a02bf5e9,3700
3616,950,match_start,0,Midtown,Hybrid,T_5568bd9d,T_a02bf5e9,3701
3617,950,match_start,0,Hanaoka,Clash,T_5568bd9d,T_a02bf5e9,3702
3618,951,match_start,0,Lijiang Tower,Control,T_5568bd9d,T_a02bf5e9,3703
3619,951,match_start,0,Circuit royal,Escort,T_5568bd9d,T_a02bf5e9,3704
3620,951,match_start,0,New Junk City,Flashpoint,T_5568bd9d,T_a02bf5e9,3705
3621,951,match_start,0,Hollywood,Hybrid,T_5568bd9d,T_a02bf5e9,3706
3622,951,match_start,0,Esperança,Push,T_5568bd9d,T_a02bf5e9,3707
3623,951,match_start,0,Busan,Control,T_5568bd9d,T_a02bf5e9,3708
3624,951,match_start,0,Busan,Control,T_5568bd9d,T_a02bf5e9,3709
3625,950,match_start,0,Rialto,Escort,T_5568bd9d,T_a02bf5e9,3710
3626,954,match_start,0,Rialto,Escort,T_9a31ae66,T_2649596f,3711
3628,954,match_start,0,Ilios,Control,T_9a31ae66,T_2649596f,3713
3629,954,match_start,0,Eichenwalde (Halloween),Hybrid,T_e7ab2fad,T_68c6a1f8,3714
3630,954,match_start,0,Shambali Monastery,Escort,T_9a31ae66,T_2649596f,3715
3631,954,match_start,0,Route 66,Escort,T_aa9f4ebe,T_68c6a1f8,3716
3632,954,match_start,0,"King's Row",Hybrid,T_9a31ae66,T_2649596f,3717
3633,954,match_start,0,Hollywood (Halloween),Hybrid,T_aa9f4ebe,T_68c6a1f8,3718
3634,954,match_start,0,Shambali Monastery,Escort,T_9a31ae66,T_2649596f,3719
3635,955,match_start,0,"King's Row",Hybrid,T_5568bd9d,T_a02bf5e9,3720
3636,955,match_start,0,Watchpoint: Gibraltar,Escort,T_5568bd9d,T_a02bf5e9,3721
3637,955,match_start,0,Runasapi,Push,T_5568bd9d,T_a02bf5e9,3722
3638,955,match_start,0,Throne of Anubis,Clash,T_5568bd9d,T_a02bf5e9,3723
3639,956,match_start,0,Busan,Control,T_5568bd9d,T_a02bf5e9,3724
3640,956,match_start,0,Rialto,Escort,T_5568bd9d,T_a02bf5e9,3725
3641,956,match_start,0,Hollywood (Halloween),Hybrid,T_5568bd9d,T_a02bf5e9,3726
3642,956,match_start,0,Colosseo,Push,T_5568bd9d,T_a02bf5e9,3727
3643,956,match_start,0,New Junk City,Flashpoint,T_5568bd9d,T_a02bf5e9,3728
3644,956,match_start,0,Throne of Anubis,Clash,T_5568bd9d,T_a02bf5e9,3729
3648,958,match_start,0,"King's Row",Hybrid,T_5568bd9d,T_a02bf5e9,3733
3649,958,match_start,0,Suravasa,Flashpoint,T_5568bd9d,T_a02bf5e9,3734
3650,959,match_start,0,Oasis,Control,T_5568bd9d,T_a02bf5e9,3735
3651,959,match_start,0,Colosseo,Push,T_5568bd9d,T_a02bf5e9,3736
3627,954,match_start,0,Hanaoka,Clash,T_e7ab2fad,T_68c6a1f8,
3646,958,match_start,0,Busan,Control,T_5568bd9d,T_a02bf5e9,
3647,958,match_start,0,Dorado,Escort,T_5568bd9d,T_a02bf5e9,
3602,942,match_start,0,Esperança,Push,T_553ef4f1,T_674c7502,
3652,533,match_start,0,Busan,Control,T_5568bd9d,T_a02bf5e9,3737
3656,960,match_start,0,Busan,Control,T_5568bd9d,T_a02bf5e9,3741
3657,960,match_start,0,Circuit royal,Escort,T_5568bd9d,T_a02bf5e9,3742
3658,960,match_start,0,Suravasa,Flashpoint,T_5568bd9d,T_a02bf5e9,3743
3659,960,match_start,0,"King's Row",Hybrid,T_5568bd9d,T_a02bf5e9,3744
3660,960,match_start,0,Runasapi,Push,T_5568bd9d,T_a02bf5e9,3745
3661,960,match_start,0,Oasis,Control,T_5568bd9d,T_a02bf5e9,3746
3662,961,match_start,0,"King's Row",Hybrid,T_5568bd9d,T_a02bf5e9,3747
3663,961,match_start,0,Watchpoint: Gibraltar,Escort,T_5568bd9d,T_a02bf5e9,3748
3664,961,match_start,0,Runasapi,Push,T_5568bd9d,T_a02bf5e9,3749
3665,961,match_start,0,Throne of Anubis,Clash,T_5568bd9d,T_a02bf5e9,3750
3666,962,match_start,0,Hollywood,Hybrid,T_5568bd9d,T_a02bf5e9,3751
3667,962,match_start,0,Suravasa,Flashpoint,T_5568bd9d,T_a02bf5e9,3752
3669,963,match_start,0,Lijiang Tower,Control,T_5568bd9d,T_a02bf5e9,3754
3670,963,match_start,0,Dorado,Escort,T_5568bd9d,T_a02bf5e9,3755
3671,963,match_start,0,"King's Row",Hybrid,T_5568bd9d,T_a02bf5e9,3756
3672,963,match_start,0,Colosseo,Push,T_5568bd9d,T_a02bf5e9,3757
3673,963,match_start,0,Hanaoka,Clash,T_5568bd9d,T_a02bf5e9,3758
3674,963,match_start,0,New Junk City,Flashpoint,T_5568bd9d,T_a02bf5e9,3759
3675,964,match_start,0,"King's Row",Hybrid,T_5568bd9d,T_a02bf5e9,3760
3676,964,match_start,0,Runasapi,Push,T_5568bd9d,T_a02bf5e9,3761
3677,964,match_start,0,New Junk City,Flashpoint,T_5568bd9d,T_a02bf5e9,3762
3678,964,match_start,0,Watchpoint: Gibraltar,Escort,T_5568bd9d,T_a02bf5e9,3763
3679,964,match_start,0,Oasis,Control,T_5568bd9d,T_a02bf5e9,3764
3680,959,match_start,0,Lijiang Tower,Control,T_5568bd9d,T_a02bf5e9,3765
3681,965,match_start,0,Nepal,Control,T_5568bd9d,T_a02bf5e9,3766
3682,965,match_start,0,"King's Row",Hybrid,T_5568bd9d,T_a02bf5e9,3767
3683,965,match_start,0,Dorado,Escort,T_5568bd9d,T_a02bf5e9,3768
3684,965,match_start,0,Suravasa,Flashpoint,T_5568bd9d,T_a02bf5e9,3769
3685,965,match_start,0,Throne of Anubis,Clash,T_5568bd9d,T_a02bf5e9,3770
3686,969,match_start,0,Busan,Control,T_801994be,T_2736b3ae,3774
3687,970,match_start,0,Oasis,Control,T_5568bd9d,T_a02bf5e9,3775
3688,970,match_start,0,Watchpoint: Gibraltar,Escort,T_5568bd9d,T_a02bf5e9,3776
3689,970,match_start,0,Suravasa,Flashpoint,T_5568bd9d,T_a02bf5e9,3777
3690,970,match_start,0,"King's Row",Hybrid,T_5568bd9d,T_a02bf5e9,3778
3691,970,match_start,0,Runasapi,Push,T_5568bd9d,T_a02bf5e9,3779
3692,971,match_start,0,Nepal,Control,T_5568bd9d,T_a02bf5e9,3780
3693,972,match_start,0,Lijiang Tower,Control,T_1699ed97,T_f6707f5c,3781
3694,971,match_start,0,Shambali Monastery,Escort,T_5568bd9d,T_a02bf5e9,3782
3695,972,match_start,0,Esperança,Push,T_1699ed97,T_f6707f5c,3783
3697,972,match_start,0,Eichenwalde,Hybrid,T_1699ed97,T_f6707f5c,3785
3698,972,match_start,0,Eichenwalde,Hybrid,T_1699ed97,T_f6707f5c,3786
3699,971,match_start,0,New Junk City,Flashpoint,T_5568bd9d,T_a02bf5e9,3787
3700,972,match_start,0,Eichenwalde,Hybrid,T_1699ed97,T_f6707f5c,3788
3701,972,match_start,0,Shambali Monastery,Escort,T_1699ed97,T_f6707f5c,3789
3702,972,match_start,0,Eichenwalde,Hybrid,T_1699ed97,T_f6707f5c,3790
3704,971,match_start,0,"King's Row",Hybrid,T_5568bd9d,T_a02bf5e9,3792
3705,972,match_start,0,Circuit royal,Escort,T_1699ed97,T_f6707f5c,3793
3706,972,match_start,0,Eichenwalde,Hybrid,T_1699ed97,T_f6707f5c,3794
3707,972,match_start,0,Eichenwalde,Hybrid,T_1699ed97,T_f6707f5c,3795
3708,972,match_start,0,Eichenwalde,Hybrid,T_1699ed97,T_f6707f5c,3796
3709,972,match_start,0,Adlersbrunn,Hybrid,T_1699ed97,T_f6707f5c,3797
3710,972,match_start,0,Eichenwalde,Hybrid,T_1699ed97,T_f6707f5c,3798
3711,973,match_start,0,Eichenwalde,Hybrid,T_1699ed97,T_f6707f5c,3799
3712,974,match_start,0,Eichenwalde,Hybrid,T_1699ed97,T_f6707f5c,3800
3713,972,match_start,0,Eichenwalde,Hybrid,T_1699ed97,T_f6707f5c,3801
3714,975,match_start,0,Antarctic Peninsula,Control,T_1699ed97,T_8b7c3d9b,3802
3715,975,match_start,0,Blizzard World,Hybrid,T_1699ed97,T_8b7c3d9b,3803
3716,975,match_start,0,New Junk City,Flashpoint,T_1699ed97,T_8b7c3d9b,3804
3717,975,match_start,0,Rialto,Escort,T_1699ed97,T_8b7c3d9b,3805
3718,975,match_start,0,New Queen Street,Push,T_1699ed97,T_8b7c3d9b,3806
3721,976,match_start,0,Hanaoka,Clash,T_5568bd9d,T_a02bf5e9,3809
3722,977,match_start,0,Busan,Control,T_be7ae347,T_a02bf5e9,3810
3725,977,match_start,0,Runasapi,Push,T_be7ae347,T_a02bf5e9,3813
3726,977,match_start,0,Suravasa,Flashpoint,T_be7ae347,T_a02bf5e9,3814
3727,977,match_start,0,Throne of Anubis,Clash,T_be7ae347,T_a02bf5e9,3815
3728,977,match_start,0,Watchpoint: Gibraltar,Escort,T_be7ae347,T_a02bf5e9,3816
3729,980,match_start,0,Oasis,Control,T_1699ed97,T_26e6dabd,3817
3731,980,match_start,0,Havana,Escort,T_1699ed97,T_26e6dabd,3819
3732,981,match_start,0,Nepal,Control,T_bcf820e4,T_db8cc624,3820
3733,981,match_start,0,Havana,Escort,T_bcf820e4,T_db8cc624,3821
3735,981,match_start,0,"King's Row",Hybrid,T_bcf820e4,T_db8cc624,3823
3736,981,match_start,0,New Queen Street,Push,T_bcf820e4,T_db8cc624,3824
3737,980,match_start,0,Suravasa,Flashpoint,T_1699ed97,T_26e6dabd,3825
3655,959,match_start,0,Lijiang Tower,Control,T_5568bd9d,T_a02bf5e9,
3654,533,match_start,0,Watchpoint: Gibraltar,Escort,T_5568bd9d,T_a02bf5e9,
3668,962,match_start,0,Oasis,Control,T_5568bd9d,T_a02bf5e9,
3696,971,match_start,0,Paraíso,Hybrid,T_5568bd9d,T_a02bf5e9,
3719,975,match_start,0,Dorado,Escort,T_1699ed97,T_8b7c3d9b,
3720,976,match_start,0,Lijiang Tower,Control,T_5568bd9d,T_a02bf5e9,
3723,977,match_start,0,"King's Row",Hybrid,T_be7ae347,T_a02bf5e9,
3724,977,match_start,0,New Junk City,Flashpoint,T_be7ae347,T_a02bf5e9,
3730,980,match_start,0,Midtown,Hybrid,T_1699ed97,T_26e6dabd,
3734,981,match_start,0,Suravasa,Flashpoint,T_bcf820e4,T_db8cc624,
3739,980,match_start,0,Throne of Anubis,Clash,T_1699ed97,T_26e6dabd,3827
3741,982,match_start,0,Hollywood (Halloween),Hybrid,T_3238eb96,T_04b64bac,3829
3744,982,match_start,0,Esperança,Push,T_3238eb96,T_04b64bac,3832
3745,982,match_start,0,Watchpoint: Gibraltar,Escort,T_3238eb96,T_04b64bac,3833
3746,982,match_start,0,"King's Row",Hybrid,T_3238eb96,T_04b64bac,3834
3748,984,match_start,0,Ilios,Control,T_5568bd9d,T_a02bf5e9,3836
3749,984,match_start,0,Watchpoint: Gibraltar,Escort,T_3238eb96,T_00cb894d,3837
3751,984,match_start,0,Runasapi,Push,T_3238eb96,T_00cb894d,3839
3752,984,match_start,0,Suravasa,Flashpoint,T_3238eb96,T_00cb894d,3840
3753,984,match_start,0,Lijiang Tower,Control,T_3238eb96,T_00cb894d,3841
3754,984,match_start,0,Watchpoint: Gibraltar,Escort,T_3238eb96,T_00cb894d,3842
3755,984,match_start,0,Watchpoint: Gibraltar,Escort,T_3238eb96,T_00cb894d,3843
3757,985,match_start,0,Oasis,Control,T_5568bd9d,T_a02bf5e9,3845
3758,985,match_start,0,Throne of Anubis,Clash,T_5568bd9d,T_a02bf5e9,3846
3759,985,match_start,0,Circuit royal,Escort,T_5568bd9d,T_a02bf5e9,3847
3760,985,match_start,0,Esperança,Push,T_5568bd9d,T_a02bf5e9,3848
3763,985,match_start,0,Throne of Anubis,Clash,T_5568bd9d,T_a02bf5e9,3851
3765,985,match_start,0,Throne of Anubis,Clash,T_5568bd9d,T_a02bf5e9,3853
3766,986,match_start,0,Busan,Control,T_5568bd9d,T_a02bf5e9,3854
3767,986,match_start,0,Circuit royal,Escort,T_5568bd9d,T_a02bf5e9,3855
3768,986,match_start,0,Watchpoint: Gibraltar,Escort,T_5568bd9d,T_a02bf5e9,3856
3769,986,match_start,0,"King's Row",Hybrid,T_5568bd9d,T_a02bf5e9,3857
3771,986,match_start,0,Runasapi,Push,T_5568bd9d,T_a02bf5e9,3859
3772,986,match_start,0,Throne of Anubis,Clash,T_5568bd9d,T_a02bf5e9,3860
3773,987,match_start,0,Busan,Control,T_1699ed97,T_a02bf5e9,3861
3774,988,match_start,0,Hollywood,Hybrid,T_1699ed97,T_a02bf5e9,3862
3775,988,match_start,0,Circuit royal,Escort,T_1699ed97,T_a02bf5e9,3863
3776,988,match_start,0,New Junk City,Flashpoint,T_1699ed97,T_a02bf5e9,3864
3777,988,match_start,0,Runasapi,Push,T_1699ed97,T_a02bf5e9,3865
3778,988,match_start,0,Hanaoka,Clash,T_1699ed97,T_a02bf5e9,3866
3779,990,match_start,0,Lijiang Tower,Control,T_3238eb96,T_dfd70c07,3867
3788,990,match_start,0,Blizzard World,Hybrid,T_3238eb96,T_dfd70c07,3876
3789,990,match_start,0,Hanaoka,Clash,T_3238eb96,T_dfd70c07,3877
3790,990,match_start,0,New Queen Street,Push,T_3238eb96,T_dfd70c07,3878
3791,990,match_start,0,Rialto,Escort,T_3238eb96,T_dfd70c07,3879
3792,990,match_start,0,Watchpoint: Gibraltar,Escort,T_3238eb96,T_dfd70c07,3880
3793,990,match_start,0,"King's Row",Hybrid,T_3238eb96,T_dfd70c07,3881
3795,991,match_start,0,Oasis,Control,T_5568bd9d,T_a02bf5e9,3883
3796,991,match_start,0,Shambali Monastery,Escort,T_5568bd9d,T_a02bf5e9,3884
3797,991,match_start,0,Suravasa,Flashpoint,T_5568bd9d,T_a02bf5e9,3885
3798,991,match_start,0,"King's Row",Hybrid,T_5568bd9d,T_a02bf5e9,3886
3799,992,match_start,0,Ilios,Control,T_5568bd9d,T_a02bf5e9,3887
3800,992,match_start,0,Blizzard World,Hybrid,T_3238eb96,T_2b7aadcd,3888
3801,992,match_start,0,Suravasa,Flashpoint,T_3238eb96,T_2b7aadcd,3889
3802,992,match_start,0,Watchpoint: Gibraltar,Escort,T_3238eb96,T_2b7aadcd,3890
3803,992,match_start,0,New Queen Street,Push,T_3238eb96,T_2b7aadcd,3891
3804,992,match_start,0,"King's Row",Hybrid,T_3238eb96,T_2b7aadcd,3892
3805,996,match_start,0,Nepal,Control,T_5568bd9d,T_a02bf5e9,3893
3806,996,match_start,0,Havana,Escort,T_5568bd9d,T_a02bf5e9,3894
3807,996,match_start,0,Eichenwalde,Hybrid,T_5568bd9d,T_a02bf5e9,3895
3808,997,match_start,0,Samoa,Control,T_5568bd9d,T_a02bf5e9,3896
3811,998,match_start,0,Suravasa,Flashpoint,T_9a31ae66,T_2649596f,3899
3812,998,match_start,0,Antarctic Peninsula,Control,T_9a31ae66,T_2649596f,3900
3818,1001,match_start,0,Ilios,Control,T_1699ed97,T_899dd41d,3906
3819,1000,match_start,0,Route 66,Escort,T_05bd8a51,T_ef5236df,3907
3820,1002,match_start,0,Midtown,Hybrid,T_1699ed97,T_899dd41d,3908
3821,1000,match_start,0,"King's Row",Hybrid,T_05bd8a51,T_ef5236df,3909
3822,1002,match_start,0,Colosseo,Push,T_1699ed97,T_899dd41d,3910
3823,1000,match_start,0,New Queen Street,Push,T_05bd8a51,T_ef5236df,3911
3824,1000,match_start,0,Suravasa,Flashpoint,T_05bd8a51,T_ef5236df,3912
3825,1000,match_start,0,Suravasa,Flashpoint,T_05bd8a51,T_ef5236df,3913
3826,1002,match_start,0,Junkertown,Escort,T_1699ed97,T_899dd41d,3914
3827,1002,match_start,0,New Junk City,Flashpoint,T_1699ed97,T_899dd41d,3915
3828,1002,match_start,0,Ilios,Control,T_1699ed97,T_899dd41d,3916
3829,1000,match_start,0,Nepal,Control,T_05bd8a51,T_ef5236df,3917
3830,1000,match_start,0,Suravasa,Flashpoint,T_05bd8a51,T_ef5236df,3918
3831,1000,match_start,0,Suravasa,Flashpoint,T_05bd8a51,T_ef5236df,3919
3832,1003,match_start,0,Lijiang Tower,Control,T_1699ed97,T_a02bf5e9,3920
3740,982,match_start,0,Ilios,Control,T_3238eb96,T_04b64bac,
3747,982,match_start,0,Havana,Escort,T_3238eb96,T_04b64bac,
3743,982,match_start,0,Suravasa,Flashpoint,T_3238eb96,T_04b64bac,
3750,984,match_start,0,Blizzard World,Hybrid,T_3238eb96,T_00cb894d,
3756,984,match_start,0,Watchpoint: Gibraltar,Escort,T_3238eb96,T_00cb894d,
3761,985,match_start,0,Suravasa,Flashpoint,T_5568bd9d,T_a02bf5e9,
3762,985,match_start,0,"King's Row",Hybrid,T_5568bd9d,T_a02bf5e9,
3770,986,match_start,0,New Junk City,Flashpoint,T_5568bd9d,T_a02bf5e9,
3810,997,match_start,0,Route 66,Escort,T_aa9f4ebe,T_68c6a1f8,
3813,999,match_start,0,Ilios,Control,T_5568bd9d,T_a02bf5e9,
3814,999,match_start,0,Watchpoint: Gibraltar,Escort,T_3238eb96,T_2b7aadcd,
3815,999,match_start,0,Suravasa,Flashpoint,T_3238eb96,T_2b7aadcd,
3816,999,match_start,0,Blizzard World,Hybrid,T_3238eb96,T_2b7aadcd,
3817,1000,match_start,0,Busan,Control,T_05bd8a51,T_ef5236df,
3833,1003,match_start,0,Numbani,Hybrid,T_1699ed97,T_a02bf5e9,3921
3834,1003,match_start,0,Circuit royal,Escort,T_1699ed97,T_a02bf5e9,3922
3835,1003,match_start,0,Numbani,Hybrid,T_1699ed97,T_a02bf5e9,3923
3837,1003,match_start,0,Suravasa,Flashpoint,T_1699ed97,T_a02bf5e9,3925
3838,1003,match_start,0,Throne of Anubis,Clash,T_1699ed97,T_a02bf5e9,3926
3839,1004,match_start,0,Watchpoint: Gibraltar,Escort,T_0b3fafe7,T_3238eb96,3927
3840,1004,match_start,0,Nepal,Control,T_0b3fafe7,T_3238eb96,3928
3841,1004,match_start,0,Suravasa,Flashpoint,T_0b3fafe7,T_3238eb96,3929
3842,1004,match_start,0,Midtown,Hybrid,T_0b3fafe7,T_3238eb96,3930
3843,1003,match_start,0,Blizzard World,Hybrid,T_1699ed97,T_a02bf5e9,3931
3844,1005,match_start,0,Antarctic Peninsula,Control,T_5568bd9d,T_a02bf5e9,3932
3845,1009,match_start,0,Lijiang Tower,Control,T_1699ed97,T_a02bf5e9,3933
3846,1009,match_start,0,Eichenwalde,Hybrid,T_1699ed97,T_a02bf5e9,3934
3847,1009,match_start,0,Rialto,Escort,T_1699ed97,T_a02bf5e9,3935
3848,1009,match_start,0,Runasapi,Push,T_1699ed97,T_a02bf5e9,3936
3849,1009,match_start,0,New Junk City,Flashpoint,T_1699ed97,T_a02bf5e9,3937
3850,1009,match_start,0,Hanaoka,Clash,T_1699ed97,T_a02bf5e9,3938
3851,1010,match_start,0,Nepal,Control,T_5568bd9d,T_a02bf5e9,3939
3853,1010,match_start,0,Suravasa,Flashpoint,T_3238eb96,T_4994897b,3941
3854,1010,match_start,0,Blizzard World,Hybrid,T_3238eb96,T_4994897b,3942
3855,1010,match_start,0,Colosseo,Push,T_3238eb96,T_4994897b,3943
3856,1010,match_start,0,Throne of Anubis,Clash,T_3238eb96,T_4994897b,3944
3857,1010,match_start,0,"King's Row",Hybrid,T_3238eb96,T_4994897b,3945
3858,1011,match_start,0,Circuit royal,Escort,T_5568bd9d,T_a02bf5e9,3946
3859,1011,match_start,0,Colosseo,Push,T_5568bd9d,T_a02bf5e9,3947
3860,1011,match_start,0,New Junk City,Flashpoint,T_5568bd9d,T_a02bf5e9,3948
3861,1011,match_start,0,Blizzard World,Hybrid,T_5568bd9d,T_a02bf5e9,3949
3862,1011,match_start,0,Busan,Control,T_5568bd9d,T_a02bf5e9,3950
3863,1012,match_start,0,Lijiang Tower,Control,T_5568bd9d,T_a02bf5e9,3951
3864,1012,match_start,0,"King's Row",Hybrid,T_5568bd9d,T_a02bf5e9,3952
3865,1012,match_start,0,Suravasa,Flashpoint,T_5568bd9d,T_a02bf5e9,3953
3866,1012,match_start,0,Shambali Monastery,Escort,T_5568bd9d,T_a02bf5e9,3954
3867,1012,match_start,0,Esperança,Push,T_5568bd9d,T_a02bf5e9,3955
3868,1012,match_start,0,Throne of Anubis,Clash,T_5568bd9d,T_a02bf5e9,3956
3869,1013,match_start,0,Oasis,Control,T_5568bd9d,T_a02bf5e9,3957
3870,1013,match_start,0,Shambali Monastery,Escort,T_5568bd9d,T_a02bf5e9,3958
3871,1013,match_start,0,Suravasa,Flashpoint,T_5568bd9d,T_a02bf5e9,3959
3872,1013,match_start,0,"King's Row",Hybrid,T_5568bd9d,T_a02bf5e9,3960
3873,1013,match_start,0,Runasapi,Push,T_5568bd9d,T_a02bf5e9,3961
3875,1013,match_start,0,Busan,Control,T_5568bd9d,T_a02bf5e9,3963
3877,1014,match_start,0,Blizzard World,Hybrid,T_2649596f,T_05e2eced,3965
3878,1014,match_start,0,Esperança,Push,T_2649596f,T_05e2eced,3966
3879,1021,match_start,0,Rialto,Escort,T_5568bd9d,T_a02bf5e9,3967
3880,1021,match_start,0,Throne of Anubis,Clash,T_68c6a1f8,T_41f135cc,3968
3881,1021,match_start,0,Suravasa,Flashpoint,T_68c6a1f8,T_41f135cc,3969
3882,1021,match_start,0,Circuit royal,Escort,T_04e16151,T_05e2eced,3970
3883,1022,match_start,0,"King's Row",Hybrid,T_5568bd9d,T_a02bf5e9,3971
3884,1022,match_start,0,New Junk City,Flashpoint,T_5568bd9d,T_a02bf5e9,3972
3886,1022,match_start,0,Circuit royal,Escort,T_5568bd9d,T_a02bf5e9,3974
3887,1022,match_start,0,Suravasa,Flashpoint,T_5568bd9d,T_a02bf5e9,3975
3890,1023,match_start,0,"King's Row",Hybrid,T_5568bd9d,T_a02bf5e9,3978
3891,1023,match_start,0,Rialto,Escort,T_5568bd9d,T_a02bf5e9,3979
3892,1023,match_start,0,Esperança,Push,T_5568bd9d,T_a02bf5e9,3980
3893,1024,match_start,0,Nepal,Control,T_5568bd9d,T_a02bf5e9,3981
3894,1024,match_start,0,"King's Row",Hybrid,T_5568bd9d,T_a02bf5e9,3982
3895,1024,match_start,0,Circuit royal,Escort,T_5568bd9d,T_a02bf5e9,3983
3896,1025,match_start,0,Busan,Control,T_5568bd9d,T_a02bf5e9,3984
3898,1024,match_start,0,Suravasa,Flashpoint,T_5568bd9d,T_a02bf5e9,3986
3899,1024,match_start,0,New Queen Street,Push,T_5568bd9d,T_a02bf5e9,3987
3900,1024,match_start,0,Throne of Anubis,Clash,T_5568bd9d,T_a02bf5e9,3988
3901,1025,match_start,0,Circuit royal,Escort,T_bcf820e4,T_3238eb96,3989
3902,1025,match_start,0,Suravasa,Flashpoint,T_bcf820e4,T_3238eb96,3990
3903,1025,match_start,0,Blizzard World,Hybrid,T_bcf820e4,T_3238eb96,3991
3905,1025,match_start,0,Hanaoka,Clash,T_bcf820e4,T_3238eb96,3993
3906,1026,match_start,0,Route 66,Escort,T_5568bd9d,T_a02bf5e9,3994
3912,1026,match_start,0,Hanaoka,Clash,T_5568bd9d,T_a02bf5e9,4000
3914,1028,match_start,0,Nepal,Control,T_3238eb96,T_00cb894d,4002
3915,1028,match_start,0,Colosseo,Push,T_3238eb96,T_00cb894d,4003
3916,1028,match_start,0,Dorado,Escort,T_3238eb96,T_00cb894d,4004
3917,1028,match_start,0,New Junk City,Flashpoint,T_3238eb96,T_00cb894d,4005
3918,1028,match_start,0,"King's Row (Winter)",Hybrid,T_3238eb96,T_00cb894d,4006
3919,1028,match_start,0,Hanaoka,Clash,T_3238eb96,T_00cb894d,4007
3920,1029,match_start,0,Rialto,Escort,T_5568bd9d,T_a02bf5e9,4008
3852,1010,match_start,0,Watchpoint: Gibraltar,Escort,T_3238eb96,T_4994897b,
3874,1013,match_start,0,Throne of Anubis,Clash,T_5568bd9d,T_a02bf5e9,
3885,1022,match_start,0,Colosseo,Push,T_5568bd9d,T_a02bf5e9,
3888,1022,match_start,0,Busan,Control,T_5568bd9d,T_a02bf5e9,
3876,1014,match_start,0,Rialto,Escort,T_5568bd9d,T_a02bf5e9,
3889,1023,match_start,0,Oasis,Control,T_5568bd9d,T_a02bf5e9,
3904,1025,match_start,0,Esperança,Push,T_bcf820e4,T_3238eb96,
3910,1026,match_start,0,Oasis,Control,T_5568bd9d,T_a02bf5e9,
3907,1026,match_start,0,Suravasa,Flashpoint,T_5568bd9d,T_a02bf5e9,
3908,1026,match_start,0,"King's Row",Hybrid,T_5568bd9d,T_a02bf5e9,
3911,1026,match_start,0,Hanaoka,Clash,T_5568bd9d,T_a02bf5e9,
3909,1026,match_start,0,Runasapi,Push,T_5568bd9d,T_a02bf5e9,
3921,1029,match_start,0,New Junk City,Flashpoint,T_5568bd9d,T_a02bf5e9,4009
3923,1029,match_start,0,Colosseo,Push,T_5568bd9d,T_a02bf5e9,4011
3925,1030,match_start,0,Busan,Control,T_1699ed97,T_a02bf5e9,4013
3927,1030,match_start,0,Circuit royal,Escort,T_1699ed97,T_a02bf5e9,4015
3928,1030,match_start,0,Esperança,Push,T_1699ed97,T_a02bf5e9,4016
3929,1030,match_start,0,Suravasa,Flashpoint,T_1699ed97,T_a02bf5e9,4017
3931,1030,match_start,0,Lijiang Tower,Control,T_1699ed97,T_a02bf5e9,4019
3932,1031,match_start,0,Oasis,Control,T_1699ed97,T_a02bf5e9,4020
3933,1031,match_start,0,Paraíso,Hybrid,T_1699ed97,T_a02bf5e9,4021
3934,1031,match_start,0,Rialto,Escort,T_1699ed97,T_a02bf5e9,4022
3941,1031,match_start,0,New Junk City,Flashpoint,T_1699ed97,T_a02bf5e9,4029
3942,1031,match_start,0,New Queen Street,Push,T_1699ed97,T_a02bf5e9,4030
3943,1031,match_start,0,Hanaoka,Clash,T_1699ed97,T_a02bf5e9,4031
3944,1031,match_start,0,Antarctic Peninsula,Control,T_1699ed97,T_a02bf5e9,4032
3945,1034,match_start,0,New Queen Street,Push,T_5568bd9d,T_a02bf5e9,4033
3946,1034,match_start,0,Esperança,Push,T_155af8eb,T_8c6b6c44,4034
3947,1035,match_start,0,Esperança,Push,T_155af8eb,T_8c6b6c44,4035
3948,1036,match_start,0,Suravasa,Flashpoint,T_5568bd9d,T_a02bf5e9,4036
3949,1037,match_start,0,Suravasa,Flashpoint,T_5568bd9d,T_a02bf5e9,4037
3950,1038,match_start,0,Suravasa,Flashpoint,T_5568bd9d,T_a02bf5e9,4038
3951,1039,match_start,0,Suravasa,Flashpoint,T_5568bd9d,T_a02bf5e9,4039
3952,1040,match_start,0,Midtown,Hybrid,T_5568bd9d,T_a02bf5e9,4040
3953,1041,match_start,0,Midtown,Hybrid,T_5568bd9d,T_a02bf5e9,4041
3954,1042,match_start,0,Midtown,Hybrid,T_5568bd9d,T_a02bf5e9,4042
3955,1042,match_start,0,Runasapi,Push,T_5568bd9d,T_a02bf5e9,4043
3956,1042,match_start,0,Hanaoka,Clash,T_5568bd9d,T_a02bf5e9,4044
3957,1049,match_start,0,Oasis,Control,T_985fffee,T_ffdf9583,4045
3958,1049,match_start,0,Midtown,Hybrid,T_985fffee,T_ffdf9583,4046
3959,1049,match_start,0,Runasapi,Push,T_985fffee,T_ffdf9583,4047
3960,1049,match_start,0,Suravasa,Flashpoint,T_985fffee,T_ffdf9583,4048
3962,1049,match_start,0,Watchpoint: Gibraltar,Escort,T_985fffee,T_ffdf9583,4050
3963,1049,match_start,0,Runasapi,Push,T_985fffee,T_ffdf9583,4051
3964,1049,match_start,0,Runasapi,Push,T_985fffee,T_ffdf9583,4052
3965,1050,match_start,0,Oasis,Control,T_1699ed97,T_a02bf5e9,4053
3966,1050,match_start,0,Numbani,Hybrid,T_1699ed97,T_bd77122f,4054
3967,1050,match_start,0,Shambali Monastery,Escort,T_1699ed97,T_bd77122f,4055
3968,1050,match_start,0,Runasapi,Push,T_1699ed97,T_bd77122f,4056
3969,1050,match_start,0,Suravasa,Flashpoint,T_1699ed97,T_bd77122f,4057
3970,1050,match_start,0,Hanaoka,Clash,T_1699ed97,T_bd77122f,4058
3971,1051,match_start,0,Oasis,Control,T_5568bd9d,T_a02bf5e9,4059
3972,1051,match_start,0,Circuit royal,Escort,T_5568bd9d,T_a02bf5e9,4060
3973,1051,match_start,0,Suravasa,Flashpoint,T_5568bd9d,T_a02bf5e9,4061
3974,1051,match_start,0,Midtown,Hybrid,T_5568bd9d,T_a02bf5e9,4062
3975,1051,match_start,0,Runasapi,Push,T_5568bd9d,T_a02bf5e9,4063
3976,1051,match_start,0,Throne of Anubis,Clash,T_5568bd9d,T_a02bf5e9,4064
3977,1051,match_start,0,Ilios,Control,T_5568bd9d,T_a02bf5e9,4065
3978,1052,match_start,0,Nepal,Control,T_5568bd9d,T_a02bf5e9,4066
3979,1052,match_start,0,Watchpoint: Gibraltar,Escort,T_3238eb96,T_bb3ff955,4067
3980,1052,match_start,0,Blizzard World,Hybrid,T_3238eb96,T_bb3ff955,4068
3981,1052,match_start,0,Suravasa,Flashpoint,T_3238eb96,T_bb3ff955,4069
3982,1052,match_start,0,New Queen Street,Push,T_3238eb96,T_bb3ff955,4070
3983,1052,match_start,0,Hanaoka,Clash,T_3238eb96,T_bb3ff955,4071
3984,1052,match_start,0,"King's Row",Hybrid,T_3238eb96,T_bb3ff955,4072
3986,1053,match_start,0,Shambali Monastery,Escort,T_5568bd9d,T_a02bf5e9,4074
3992,1055,match_start,0,Busan,Control,T_3238eb96,T_a02bf5e9,4080
3993,1056,match_start,0,"King's Row (Winter)",Hybrid,T_3238eb96,T_a02bf5e9,4081
3994,1056,match_start,0,Circuit royal,Escort,T_3238eb96,T_a02bf5e9,4082
3995,1056,match_start,0,New Queen Street,Push,T_3238eb96,T_a02bf5e9,4083
3996,1056,match_start,0,New Junk City,Flashpoint,T_3238eb96,T_a02bf5e9,4084
3997,1056,match_start,0,Throne of Anubis,Clash,T_3238eb96,T_a02bf5e9,4085
3998,1056,match_start,0,Runasapi,Push,T_3238eb96,T_a02bf5e9,4086
3999,1056,match_start,0,Busan,Control,T_3238eb96,T_e290f218,4087
4000,1056,match_start,0,Busan,Control,T_3238eb96,T_e290f218,4088
4001,1056,match_start,0,Busan,Control,T_3238eb96,T_e290f218,4089
4002,1056,match_start,0,Busan,Control,T_3238eb96,T_e290f218,4090
4003,1056,match_start,0,Busan,Control,T_3238eb96,T_e290f218,4091
4004,1057,match_start,0,Nepal,Control,T_5568bd9d,T_a02bf5e9,4092
4005,1057,match_start,0,Eichenwalde,Hybrid,T_5568bd9d,T_a02bf5e9,4093
4006,1057,match_start,0,Route 66,Escort,T_5568bd9d,T_a02bf5e9,4094
4007,1057,match_start,0,New Queen Street,Push,T_5568bd9d,T_a02bf5e9,4095
4008,1057,match_start,0,Suravasa,Flashpoint,T_5568bd9d,T_a02bf5e9,4096
4009,1057,match_start,0,Oasis,Control,T_5568bd9d,T_a02bf5e9,4097
4010,1058,match_start,0,Antarctic Peninsula,Control,T_1699ed97,T_a02bf5e9,4098
4011,1058,match_start,0,Hollywood,Hybrid,T_1699ed97,T_a02bf5e9,4099
4012,1058,match_start,0,Circuit royal,Escort,T_1699ed97,T_a02bf5e9,4100
3924,1029,match_start,0,Blizzard World,Hybrid,T_5568bd9d,T_a02bf5e9,
3926,1030,match_start,0,"King's Row",Hybrid,T_1699ed97,T_a02bf5e9,
3930,1030,match_start,0,Throne of Anubis,Clash,T_1699ed97,T_a02bf5e9,
3985,1053,match_start,0,Oasis,Control,T_5568bd9d,T_a02bf5e9,
3988,1053,match_start,0,"King's Row",Hybrid,T_5568bd9d,T_a02bf5e9,
3987,1053,match_start,0,Suravasa,Flashpoint,T_5568bd9d,T_a02bf5e9,
3989,1053,match_start,0,Runasapi,Push,T_5568bd9d,T_a02bf5e9,
3990,1053,match_start,0,Hanaoka,Clash,T_5568bd9d,T_a02bf5e9,
3991,1054,match_start,0,Busan,Control,T_5568bd9d,T_a02bf5e9,
4013,1058,match_start,0,Colosseo,Push,T_1699ed97,T_a02bf5e9,4101
4014,1058,match_start,0,New Junk City,Flashpoint,T_1699ed97,T_a02bf5e9,4102
4016,1059,match_start,0,Nepal,Control,T_3238eb96,T_3835a974,4104
4017,1059,match_start,0,Eichenwalde,Hybrid,T_3238eb96,T_d26e7e80,4105
4018,1059,match_start,0,Circuit royal,Escort,T_3238eb96,T_d26e7e80,4106
4019,1059,match_start,0,Colosseo,Push,T_3238eb96,T_d26e7e80,4107
4020,1059,match_start,0,Lijiang Tower,Control,T_3238eb96,T_d26e7e80,4108
4023,1060,match_start,0,Busan,Control,T_5568bd9d,T_a02bf5e9,4111
4024,1060,match_start,0,Dorado,Escort,T_5568bd9d,T_a02bf5e9,4112
4026,1060,match_start,0,Hanaoka,Clash,T_5568bd9d,T_a02bf5e9,4114
4027,1060,match_start,0,Blizzard World,Hybrid,T_5568bd9d,T_a02bf5e9,4115
4028,1061,match_start,0,Circuit royal,Escort,T_5568bd9d,T_a02bf5e9,4116
4029,1061,match_start,0,"King's Row (Winter)",Hybrid,T_aa9f4ebe,T_68c6a1f8,4117
4030,1061,match_start,0,"King's Row (Winter)",Hybrid,T_aa9f4ebe,T_68c6a1f8,4118
4031,1061,match_start,0,"King's Row (Winter)",Hybrid,T_aa9f4ebe,T_68c6a1f8,4119
4034,1062,match_start,0,New Queen Street,Push,T_3238eb96,T_5de6f547,4122
4035,1062,match_start,0,Paraíso,Hybrid,T_3238eb96,T_5de6f547,4123
4036,1062,match_start,0,New Junk City,Flashpoint,T_3238eb96,T_5de6f547,4124
4037,1062,match_start,0,Throne of Anubis,Clash,T_3238eb96,T_5de6f547,4125
4038,1062,match_start,0,Lijiang Tower,Control,T_3238eb96,T_5de6f547,4126
4039,1064,match_start,0,Samoa,Control,T_1699ed97,T_a02bf5e9,4127
4040,1063,match_start,0,Midtown,Hybrid,T_1699ed97,T_a02bf5e9,4128
4042,1063,match_start,0,Rialto,Escort,T_1699ed97,T_a02bf5e9,4130
4043,1063,match_start,0,Suravasa,Flashpoint,T_1699ed97,T_a02bf5e9,4131
4044,1063,match_start,0,Runasapi,Push,T_1699ed97,T_a02bf5e9,4132
4045,1065,match_start,0,Lijiang Tower,Control,T_1699ed97,T_a02bf5e9,4133
4046,1065,match_start,0,Numbani,Hybrid,T_1699ed97,T_a02bf5e9,4134
4047,1065,match_start,0,Route 66,Escort,T_1699ed97,T_a02bf5e9,4135
4048,1065,match_start,0,New Junk City,Flashpoint,T_1699ed97,T_a02bf5e9,4136
4050,1068,match_start,0,Samoa,Control,T_5de6f547,T_3238eb96,4138
4052,1068,match_start,0,Runasapi,Push,T_5de6f547,T_3238eb96,4140
4055,1069,match_start,0,Lijiang Tower,Control,T_5568bd9d,T_a02bf5e9,4143
4056,1069,match_start,0,New Junk City,Flashpoint,T_5568bd9d,T_a02bf5e9,4144
4057,1069,match_start,0,Midtown,Hybrid,T_5568bd9d,T_a02bf5e9,4145
4058,1069,match_start,0,Runasapi,Push,T_5568bd9d,T_a02bf5e9,4146
4059,1069,match_start,0,Dorado,Escort,T_5568bd9d,T_a02bf5e9,4147
4060,1069,match_start,0,Suravasa,Flashpoint,T_5568bd9d,T_a02bf5e9,4148
4061,1070,match_start,0,Nepal,Control,T_5568bd9d,T_a02bf5e9,4149
4062,1070,match_start,0,Throne of Anubis,Clash,T_5568bd9d,T_a02bf5e9,4150
4063,1070,match_start,0,Hollywood,Hybrid,T_5568bd9d,T_a02bf5e9,4151
4064,1070,match_start,0,New Junk City,Flashpoint,T_5568bd9d,T_a02bf5e9,4152
4065,1070,match_start,0,Esperança,Push,T_5568bd9d,T_a02bf5e9,4153
4066,1071,match_start,0,Esperança,Push,T_626f467c,T_42f78f05,4154
4067,1071,match_start,0,Watchpoint: Gibraltar,Escort,T_626f467c,T_42f78f05,4155
4068,1071,match_start,0,Hanaoka,Clash,T_626f467c,T_42f78f05,4156
4069,1071,match_start,0,Nepal,Control,T_626f467c,T_42f78f05,4157
4070,1072,match_start,0,Samoa,Control,T_5568bd9d,T_a02bf5e9,4158
4075,1072,match_start,0,Lijiang Tower,Control,T_5568bd9d,T_a02bf5e9,4163
4076,1075,match_start,0,Nepal,Control,T_5568bd9d,T_a02bf5e9,4164
4077,1075,match_start,0,Suravasa,Flashpoint,T_5568bd9d,T_a02bf5e9,4165
4079,1075,match_start,0,Esperança,Push,T_5568bd9d,T_a02bf5e9,4167
4080,1075,match_start,0,Hanaoka,Clash,T_5568bd9d,T_a02bf5e9,4168
4081,1075,match_start,0,Midtown,Hybrid,T_5568bd9d,T_a02bf5e9,4169
4083,1077,match_start,0,Samoa,Control,T_41c8397f,T_3f7bae38,4171
4084,1077,match_start,0,Eichenwalde,Hybrid,T_41c8397f,T_3f7bae38,4172
4086,1077,match_start,0,Colosseo,Push,T_41c8397f,T_3f7bae38,4174
4087,1077,match_start,0,Havana,Escort,T_41c8397f,T_3f7bae38,4175
4088,1077,match_start,0,Suravasa,Flashpoint,T_41c8397f,T_3f7bae38,4176
4089,1077,match_start,0,Hanaoka,Clash,T_41c8397f,T_3f7bae38,4177
4090,1079,match_start,0,Lijiang Tower,Control,T_5568bd9d,T_a02bf5e9,4178
4092,1079,match_start,0,Dorado,Escort,T_5568bd9d,T_a02bf5e9,4180
4093,1079,match_start,0,Hanaoka,Clash,T_5568bd9d,T_a02bf5e9,4181
4094,1079,match_start,0,Midtown,Hybrid,T_5568bd9d,T_a02bf5e9,4182
4098,1080,match_start,0,Shambali Monastery,Escort,T_1699ed97,T_a02bf5e9,4186
4100,1080,match_start,0,Hollywood,Hybrid,T_1699ed97,T_a02bf5e9,4188
4099,1080,match_start,0,Colosseo,Push,T_1699ed97,T_a02bf5e9,4187
4101,1080,match_start,0,Suravasa,Flashpoint,T_1699ed97,T_a02bf5e9,4189
4102,1081,match_start,0,Hanaoka,Clash,T_5568bd9d,T_a02bf5e9,4190
4025,1060,match_start,0,New Junk City,Flashpoint,T_5568bd9d,T_a02bf5e9,
4032,1062,match_start,0,Oasis,Control,T_3238eb96,T_5de6f547,
4041,1063,match_start,0,Samoa,Control,T_1699ed97,T_a02bf5e9,
4049,1065,match_start,0,Colosseo,Push,T_1699ed97,T_a02bf5e9,
4051,1068,match_start,0,Route 66,Escort,T_5de6f547,T_3238eb96,
4053,1068,match_start,0,Hollywood,Hybrid,T_5de6f547,T_3238eb96,
4054,1068,match_start,0,New Junk City,Flashpoint,T_5de6f547,T_3238eb96,
4072,1072,match_start,0,Dorado,Escort,T_5568bd9d,T_a02bf5e9,
4071,1072,match_start,0,Suravasa,Flashpoint,T_5568bd9d,T_a02bf5e9,
4022,1060,match_start,0,Runasapi,Push,T_5568bd9d,T_a02bf5e9,
4021,1059,match_start,0,Suravasa,Flashpoint,T_3238eb96,T_d26e7e80,
4073,1072,match_start,0,Esperança,Push,T_5568bd9d,T_a02bf5e9,
4074,1072,match_start,0,Hanaoka,Clash,T_5568bd9d,T_a02bf5e9,
4078,1075,match_start,0,Dorado,Escort,T_5568bd9d,T_a02bf5e9,
4103,1082,match_start,0,Nepal,Control,T_5568bd9d,T_a02bf5e9,4191
4104,1082,match_start,0,Dorado,Escort,T_5568bd9d,T_a02bf5e9,4192
4105,1082,match_start,0,Eichenwalde,Hybrid,T_5568bd9d,T_a02bf5e9,4193
4106,1082,match_start,0,Suravasa,Flashpoint,T_5568bd9d,T_a02bf5e9,4194
4107,1082,match_start,0,Esperança,Push,T_5568bd9d,T_a02bf5e9,4195
4108,1082,match_start,0,Lijiang Tower,Control,T_5568bd9d,T_a02bf5e9,4196
4110,1081,match_start,0,Suravasa,Flashpoint,T_5568bd9d,T_a02bf5e9,4198
4111,1081,match_start,0,Eichenwalde,Hybrid,T_5568bd9d,T_a02bf5e9,4199
4112,1081,match_start,0,Nepal,Control,T_5568bd9d,T_a02bf5e9,4200
4119,1084,match_start,0,Lijiang Tower,Control,T_1699ed97,T_a02bf5e9,4207
4120,1084,match_start,0,"King's Row",Hybrid,T_1699ed97,T_70cf47d6,4208
4121,1084,match_start,0,Havana,Escort,T_1699ed97,T_70cf47d6,4209
4122,1084,match_start,0,New Junk City,Flashpoint,T_1699ed97,T_70cf47d6,4210
4123,1084,match_start,0,New Queen Street,Push,T_1699ed97,T_70cf47d6,4211
4124,1084,match_start,0,Throne of Anubis,Clash,T_1699ed97,T_70cf47d6,4212
4125,1085,match_start,0,Samoa,Control,T_5568bd9d,T_a02bf5e9,4213
4127,1086,match_start,0,Dorado,Escort,T_5568bd9d,T_a02bf5e9,4215
4128,1086,match_start,0,Suravasa,Flashpoint,T_5568bd9d,T_a02bf5e9,4216
4129,1086,match_start,0,Blizzard World,Hybrid,T_5568bd9d,T_a02bf5e9,4217
4132,1086,match_start,0,Lijiang Tower,Control,T_5568bd9d,T_a02bf5e9,4220
4133,1087,match_start,0,"King's Row",Hybrid,T_a3876e46,T_3238eb96,4221
4137,1087,match_start,0,New Queen Street,Push,T_a3876e46,T_3238eb96,4225
4138,1087,match_start,0,Eichenwalde,Hybrid,T_a3876e46,T_3238eb96,4226
4139,1088,match_start,0,Samoa,Control,T_5568bd9d,T_a02bf5e9,4227
4140,1088,match_start,0,Eichenwalde,Hybrid,T_5568bd9d,T_a02bf5e9,4228
4141,1088,match_start,0,Suravasa,Flashpoint,T_5568bd9d,T_a02bf5e9,4229
4142,1088,match_start,0,Suravasa,Flashpoint,T_5568bd9d,T_a02bf5e9,4230
4143,1088,match_start,0,Suravasa,Flashpoint,T_5568bd9d,T_a02bf5e9,4231
4144,1088,match_start,0,Suravasa,Flashpoint,T_5568bd9d,T_a02bf5e9,4232
4146,1088,match_start,0,Suravasa,Flashpoint,T_5568bd9d,T_a02bf5e9,4234
4147,1088,match_start,0,Suravasa,Flashpoint,T_5568bd9d,T_a02bf5e9,4235
4148,1088,match_start,0,Suravasa,Flashpoint,T_5568bd9d,T_a02bf5e9,4236
4149,1088,match_start,0,Suravasa,Flashpoint,T_5568bd9d,T_a02bf5e9,4237
4150,1088,match_start,0,Suravasa,Flashpoint,T_5568bd9d,T_a02bf5e9,4238
4152,1088,match_start,0,Hanaoka,Clash,T_5568bd9d,T_a02bf5e9,4240
4153,1089,match_start,0,Colosseo,Push,T_70180e67,T_3238eb96,4241
4154,1089,match_start,0,Nepal,Control,T_70180e67,T_3238eb96,4242
4155,1089,match_start,0,Hollywood,Hybrid,T_70180e67,T_3238eb96,4243
4156,1089,match_start,0,Hollywood,Hybrid,T_70180e67,T_3238eb96,4244
4157,1089,match_start,0,Suravasa,Flashpoint,T_70180e67,T_3238eb96,4245
4158,1089,match_start,0,Throne of Anubis,Clash,T_70180e67,T_3238eb96,4246
4159,1089,match_start,0,Dorado,Escort,T_70180e67,T_3238eb96,4247
4160,1089,match_start,0,Hollywood,Hybrid,T_70180e67,T_3238eb96,4248
4161,1089,match_start,0,Hollywood,Hybrid,T_70180e67,T_3238eb96,4249
4162,1089,match_start,0,Hollywood,Hybrid,T_70180e67,T_3238eb96,4250
4163,1088,match_start,0,Lijiang Tower,Control,T_5568bd9d,T_a02bf5e9,4251
4164,1090,match_start,0,Numbani,Hybrid,T_29e0905e,T_5c1e2096,4252
4165,1090,match_start,0,Suravasa,Flashpoint,T_29e0905e,T_5c1e2096,4253
4167,1090,match_start,0,Runasapi,Push,T_29e0905e,T_5c1e2096,4255
4169,1092,match_start,0,Dorado,Escort,T_5568bd9d,T_a02bf5e9,4257
4170,1092,match_start,0,Suravasa,Flashpoint,T_5568bd9d,T_a02bf5e9,4258
4171,1092,match_start,0,Blizzard World,Hybrid,T_5568bd9d,T_a02bf5e9,4259
4173,1093,match_start,0,Esperança,Push,T_3b33fda5,T_42ed2469,4261
4174,1093,match_start,0,Route 66,Escort,T_3b33fda5,T_42ed2469,4262
4175,1093,match_start,0,Lijiang Tower,Control,T_3b33fda5,T_42ed2469,4263
4176,1094,match_start,0,Lijiang Tower,Control,T_5568bd9d,T_a02bf5e9,4264
4177,1094,match_start,0,Dorado,Escort,T_5568bd9d,T_a02bf5e9,4265
4178,1094,match_start,0,Suravasa,Flashpoint,T_5568bd9d,T_a02bf5e9,4266
4179,1094,match_start,0,Blizzard World,Hybrid,T_5568bd9d,T_a02bf5e9,4267
4180,1094,match_start,0,Esperança,Push,T_5568bd9d,T_a02bf5e9,4268
4181,1095,match_start,0,Lijiang Tower,Control,T_0cac1da9,T_8f3e6107,4269
4182,1095,match_start,0,"King's Row",Hybrid,T_0cac1da9,T_8f3e6107,4270
4183,1095,match_start,0,Suravasa,Flashpoint,T_0cac1da9,T_8f3e6107,4271
4184,1095,match_start,0,Runasapi,Push,T_0cac1da9,T_8f3e6107,4272
4185,1095,match_start,0,Watchpoint: Gibraltar,Escort,T_0cac1da9,T_8f3e6107,4273
4186,1095,match_start,0,Hanaoka,Clash,T_0cac1da9,T_8f3e6107,4274
4189,1096,match_start,0,Nepal,Control,T_f5b16258,T_360e64d5,4277
4191,1096,match_start,0,Eichenwalde,Hybrid,T_5568bd9d,T_a02bf5e9,4279
4192,1096,match_start,0,Eichenwalde,Hybrid,T_5568bd9d,T_a02bf5e9,4280
4193,1096,match_start,0,Colosseo,Push,T_5568bd9d,T_a02bf5e9,4281
4194,1096,match_start,0,Suravasa,Flashpoint,T_5568bd9d,T_a02bf5e9,4282
4195,1096,match_start,0,Hanaoka,Clash,T_5568bd9d,T_a02bf5e9,4283
4196,1096,match_start,0,Havana,Escort,T_5568bd9d,T_a02bf5e9,4284
4197,1097,match_start,0,Suravasa,Flashpoint,T_5568bd9d,T_a02bf5e9,4285
4198,1097,match_start,0,"King's Row",Hybrid,T_5568bd9d,T_a02bf5e9,4286
4199,1097,match_start,0,Esperança,Push,T_5568bd9d,T_a02bf5e9,4287
4200,1097,match_start,0,Samoa,Control,T_5568bd9d,T_a02bf5e9,4288
4203,1098,match_start,0,Watchpoint: Gibraltar,Escort,T_8478c02e,T_478f548f,4291
4204,1098,match_start,0,Eichenwalde,Hybrid,T_8478c02e,T_478f548f,4292
4205,1098,match_start,0,Watchpoint: Gibraltar,Escort,T_8478c02e,T_478f548f,4293
4206,1098,match_start,0,Dorado,Escort,T_8478c02e,T_478f548f,4294
4207,1098,match_start,0,Circuit royal,Escort,T_8478c02e,T_478f548f,4295
4212,1099,match_start,0,Esperança,Push,T_5568bd9d,T_a02bf5e9,4300
4215,1101,match_start,0,Hollywood,Hybrid,T_41c8397f,T_a34bd8eb,4303
4216,1101,match_start,0,Colosseo,Push,T_41c8397f,T_a34bd8eb,4304
4217,1101,match_start,0,Watchpoint: Gibraltar,Escort,T_41c8397f,T_a34bd8eb,4305
4219,1101,match_start,0,New Junk City,Flashpoint,T_41c8397f,T_a34bd8eb,4307
4222,1102,match_start,0,Samoa,Control,T_1699ed97,T_a02bf5e9,4310
4223,1102,match_start,0,Blizzard World,Hybrid,T_1699ed97,T_ef2c9796,4311
4224,1102,match_start,0,Junkertown,Escort,T_1699ed97,T_ef2c9796,4312
4225,1102,match_start,0,Suravasa,Flashpoint,T_1699ed97,T_ef2c9796,4313
4226,1102,match_start,0,Runasapi,Push,T_1699ed97,T_ef2c9796,4314
4227,1103,match_start,0,Busan,Control,T_5568bd9d,T_a02bf5e9,4315
4228,1103,match_start,0,Colosseo,Push,T_3238eb96,T_b5daed59,4316
4231,1103,match_start,0,Hanaoka,Clash,T_3238eb96,T_b5daed59,4319
4233,1103,match_start,0,New Junk City,Flashpoint,T_3238eb96,T_b5daed59,4321
4234,1103,match_start,0,"King's Row",Hybrid,T_3238eb96,T_b5daed59,4322
4235,1103,match_start,0,Hanaoka,Clash,T_3238eb96,T_b5daed59,4323
4236,1103,match_start,0,Hanaoka,Clash,T_3238eb96,T_b5daed59,4324
4237,1104,match_start,0,Ilios,Control,T_5568bd9d,T_a02bf5e9,4325
4238,1104,match_start,0,Midtown,Hybrid,T_1699ed97,T_a02bf5e9,4326
4241,1104,match_start,0,Circuit royal,Escort,T_1699ed97,T_a02bf5e9,4329
4242,1104,match_start,0,Esperança,Push,T_1699ed97,T_a02bf5e9,4330
4243,1104,match_start,0,New Junk City,Flashpoint,T_1699ed97,T_a02bf5e9,4331
4244,1104,match_start,0,Throne of Anubis,Clash,T_1699ed97,T_a02bf5e9,4332
4253,1106,match_start,0,Antarctic Peninsula,Control,T_5568bd9d,T_a02bf5e9,4341
4256,1106,match_start,0,Colosseo,Push,T_5568bd9d,T_a02bf5e9,4344
4257,1106,match_start,0,Suravasa,Flashpoint,T_5568bd9d,T_a02bf5e9,4345
4258,1106,match_start,0,Hanaoka,Clash,T_5568bd9d,T_a02bf5e9,4346
4260,1108,match_start,0,Lijiang Tower,Control,T_5568bd9d,T_a02bf5e9,4348
4261,1108,match_start,0,Circuit royal,Escort,T_3238eb96,T_6ab14952,4349
4262,1108,match_start,0,Suravasa,Flashpoint,T_3238eb96,T_6ab14952,4350
4270,1110,match_start,0,Runasapi,Push,T_f5b16258,T_a02bf5e9,4358
4272,1112,match_start,0,Lijiang Tower,Control,T_5568bd9d,T_a02bf5e9,4360
4274,1112,match_start,0,Esperança,Push,T_5568bd9d,T_a02bf5e9,4362
4276,1112,match_start,0,Suravasa,Flashpoint,T_5568bd9d,T_a02bf5e9,4364
4277,1112,match_start,0,Nepal,Control,T_5568bd9d,T_a02bf5e9,4365
4281,1113,match_start,0,"King's Row",Hybrid,T_5568bd9d,T_a02bf5e9,4369
4282,1113,match_start,0,Esperança,Push,T_5568bd9d,T_a02bf5e9,4370
4284,1114,match_start,0,Suravasa,Flashpoint,T_5568bd9d,T_a02bf5e9,4372
4285,1115,match_start,0,Busan,Control,T_1699ed97,T_a02bf5e9,4373
4286,1115,match_start,0,Paraíso,Hybrid,T_1699ed97,T_a02bf5e9,4374
4290,1115,match_start,0,Paraíso,Hybrid,T_1699ed97,T_a02bf5e9,4378
4291,1116,match_start,0,Lijiang Tower,Control,T_5568bd9d,T_a02bf5e9,4379
4292,1116,match_start,0,Shambali Monastery,Escort,T_5568bd9d,T_a02bf5e9,4380
4293,1116,match_start,0,Suravasa,Flashpoint,T_5568bd9d,T_a02bf5e9,4381
4294,1116,match_start,0,"King's Row",Hybrid,T_5568bd9d,T_a02bf5e9,4382
4296,1116,match_start,0,Nepal,Control,T_5568bd9d,T_a02bf5e9,4384
4297,1116,match_start,0,Hanaoka,Clash,T_5568bd9d,T_a02bf5e9,4385
4298,1117,match_start,0,Oasis,Control,T_5568bd9d,T_a02bf5e9,4386
4299,1118,match_start,0,Eichenwalde,Hybrid,T_5568bd9d,T_a02bf5e9,4387
4303,1118,match_start,0,Hanaoka,Clash,T_5568bd9d,T_a02bf5e9,4391
4304,1118,match_start,0,Esperança,Push,T_5568bd9d,T_a02bf5e9,4392
4306,1120,match_start,0,Numbani,Hybrid,T_5568bd9d,T_a02bf5e9,4394
4308,1120,match_start,0,Runasapi,Push,T_5568bd9d,T_a02bf5e9,4396
4309,1120,match_start,0,Suravasa,Flashpoint,T_5568bd9d,T_a02bf5e9,4397
4310,1120,match_start,0,Hanaoka,Clash,T_5568bd9d,T_a02bf5e9,4398
4312,1120,match_start,0,Lijiang Tower,Control,T_5568bd9d,T_a02bf5e9,4400
4313,1121,match_start,0,New Junk City,Flashpoint,T_5568bd9d,T_a02bf5e9,4401
4314,1121,match_start,0,Watchpoint: Gibraltar,Escort,T_5568bd9d,T_a02bf5e9,4402
4315,1121,match_start,0,Nepal,Control,T_5568bd9d,T_a02bf5e9,4403
4316,1121,match_start,0,Circuit royal,Escort,T_5568bd9d,T_a02bf5e9,4404
4317,1121,match_start,0,Lijiang Tower,Control,T_5568bd9d,T_a02bf5e9,4405
4319,1122,match_start,0,Lijiang Tower,Control,T_5568bd9d,T_a02bf5e9,4407
4320,1122,match_start,0,Suravasa,Flashpoint,T_5568bd9d,T_a02bf5e9,4408
4321,1122,match_start,0,Route 66,Escort,T_5568bd9d,T_a02bf5e9,4409
4326,1123,match_start,0,New Junk City,Flashpoint,T_3238eb96,T_d0bc03db,4414
4327,1123,match_start,0,Hollywood,Hybrid,T_3238eb96,T_d0bc03db,4415
4328,1123,match_start,0,Rialto,Escort,T_3238eb96,T_d0bc03db,4416
4329,1123,match_start,0,Esperança,Push,T_3238eb96,T_d0bc03db,4417
4330,1123,match_start,0,Throne of Anubis,Clash,T_3238eb96,T_d0bc03db,4418
4332,1124,match_start,0,Lijiang Tower,Control,T_5568bd9d,T_a02bf5e9,4420
4333,1124,match_start,0,Eichenwalde,Hybrid,T_5568bd9d,T_a02bf5e9,4421
4337,1124,match_start,0,Havana,Escort,T_5568bd9d,T_a02bf5e9,4425
4338,1124,match_start,0,Hanaoka,Clash,T_5568bd9d,T_a02bf5e9,4426
4339,1124,match_start,0,Suravasa,Flashpoint,T_5568bd9d,T_a02bf5e9,4427
4340,1124,match_start,0,Havana,Escort,T_5568bd9d,T_a02bf5e9,4428
4341,1125,match_start,0,Samoa,Control,T_5568bd9d,T_a02bf5e9,4429
4343,1125,match_start,0,Colosseo,Push,T_5568bd9d,T_a02bf5e9,4431
4344,1125,match_start,0,Dorado,Escort,T_5568bd9d,T_a02bf5e9,4432
4345,1125,match_start,0,Suravasa,Flashpoint,T_5568bd9d,T_a02bf5e9,4433
4347,1125,match_start,0,Lijiang Tower,Control,T_5568bd9d,T_a02bf5e9,4435
4349,1127,match_start,0,Hanaoka,Clash,T_5568bd9d,T_a02bf5e9,4437
4350,1128,match_start,0,Lijiang Tower,Control,T_5568bd9d,T_a02bf5e9,4438
4351,1128,match_start,0,Eichenwalde,Hybrid,T_5568bd9d,T_a02bf5e9,4439
4352,1128,match_start,0,Colosseo,Push,T_5568bd9d,T_a02bf5e9,4440
4353,1128,match_start,0,Dorado,Escort,T_5568bd9d,T_a02bf5e9,4441
4354,1128,match_start,0,Suravasa,Flashpoint,T_5568bd9d,T_a02bf5e9,4442
4355,1128,match_start,0,Dorado,Escort,T_5568bd9d,T_a02bf5e9,4443
4356,1128,match_start,0,Dorado,Escort,T_5568bd9d,T_a02bf5e9,4444
4357,1128,match_start,0,Suravasa,Flashpoint,T_5568bd9d,T_a02bf5e9,4445
4358,1128,match_start,0,Esperança,Push,T_5568bd9d,T_a02bf5e9,4446
4359,1128,match_start,0,Nepal,Control,T_5568bd9d,T_a02bf5e9,4447
4360,1128,match_start,0,Hanaoka,Clash,T_5568bd9d,T_a02bf5e9,4448
4361,1129,match_start,0,Samoa,Control,T_5568bd9d,T_a02bf5e9,4449
4363,1129,match_start,0,Rialto,Escort,T_5568bd9d,T_a02bf5e9,4451
4364,1129,match_start,0,Colosseo,Push,T_5568bd9d,T_a02bf5e9,4452
4365,1129,match_start,0,Hanaoka,Clash,T_5568bd9d,T_a02bf5e9,4453
4369,1130,match_start,0,Midtown,Hybrid,T_5568bd9d,T_a02bf5e9,4457
4371,1130,match_start,0,Runasapi,Push,T_5568bd9d,T_a02bf5e9,4459
4372,1130,match_start,0,Throne of Anubis,Clash,T_5568bd9d,T_a02bf5e9,4460
4373,1130,match_start,0,New Junk City,Flashpoint,T_5568bd9d,T_a02bf5e9,4461
4374,1131,match_start,0,Lijiang Tower,Control,T_5568bd9d,T_a02bf5e9,4462
4375,1131,match_start,0,Route 66,Escort,T_5568bd9d,T_a02bf5e9,4463
4376,1131,match_start,0,Esperança,Push,T_5568bd9d,T_a02bf5e9,4464
4377,1131,match_start,0,Lijiang Tower,Control,T_5568bd9d,T_a02bf5e9,4465
4378,1131,match_start,0,Route 66,Escort,T_5568bd9d,T_a02bf5e9,4466
4379,1131,match_start,0,Esperança,Push,T_5568bd9d,T_a02bf5e9,4467
4380,1131,match_start,0,Nepal,Control,T_5568bd9d,T_a02bf5e9,4468
4381,1132,match_start,0,Eichenwalde,Hybrid,T_3238eb96,T_267fa7be,4469
4382,1132,match_start,0,Nepal,Control,T_3238eb96,T_267fa7be,4470
4383,1132,match_start,0,Circuit royal,Escort,T_3238eb96,T_267fa7be,4471
4384,1132,match_start,0,Suravasa,Flashpoint,T_3238eb96,T_267fa7be,4472
4385,1132,match_start,0,Watchpoint: Gibraltar,Escort,T_3238eb96,T_267fa7be,4473
4386,1133,match_start,0,Havana,Escort,T_5568bd9d,T_a02bf5e9,4474
4387,1133,match_start,0,Esperança,Push,T_5568bd9d,T_a02bf5e9,4475
4388,1134,match_start,0,Lijiang Tower,Control,T_5568bd9d,T_a02bf5e9,4476
4389,1135,match_start,0,Lijiang Tower,Control,T_5568bd9d,T_a02bf5e9,4477
4390,1136,match_start,0,Lijiang Tower,Control,T_5568bd9d,T_a02bf5e9,4478
4391,1137,match_start,0,Lijiang Tower,Control,T_5568bd9d,T_a02bf5e9,4479
4392,1137,match_start,0,Route 66,Escort,T_5568bd9d,T_a02bf5e9,4480
4393,1137,match_start,0,Esperança,Push,T_5568bd9d,T_a02bf5e9,4481
4394,1138,match_start,0,Watchpoint: Gibraltar,Escort,T_8478c02e,T_478f548f,4482
4395,1139,match_start,0,Watchpoint: Gibraltar,Escort,T_8478c02e,T_478f548f,4483
4396,1140,match_start,0,Watchpoint: Gibraltar,Escort,T_8478c02e,T_478f548f,4484
4398,1140,match_start,0,Nepal,Control,T_8478c02e,T_478f548f,4486
4399,1140,match_start,0,New Junk City,Flashpoint,T_8478c02e,T_478f548f,4487
4401,1140,match_start,0,Throne of Anubis,Clash,T_8478c02e,T_478f548f,4489
4402,1148,match_start,0,Suravasa,Flashpoint,T_5568bd9d,T_a02bf5e9,4490
4403,1148,match_start,0,Blizzard World,Hybrid,T_5568bd9d,T_a02bf5e9,4491
4404,1148,match_start,0,Esperança,Push,T_5568bd9d,T_a02bf5e9,4492
4405,1148,match_start,0,Hanaoka,Clash,T_5568bd9d,T_a02bf5e9,4493
4406,1148,match_start,0,Samoa,Control,T_5568bd9d,T_a02bf5e9,4494
3546,914,match_start,0,Esperança,Push,T_f62e24fe,T_75f50b54,
3549,914,match_start,0,Watchpoint: Gibraltar,Escort,T_f62e24fe,T_75f50b54,
4408,1174,match_start,0,Oasis,Control,T_5568bd9d,T_a02bf5e9,4496
4409,533,match_start,0,Antarctic Peninsula,Control,T_5568bd9d,T_a02bf5e9,4497
4410,1186,match_start,0,Lijiang Tower,Control,T_5568bd9d,T_a02bf5e9,4498
4411,1186,match_start,0,Esperança,Push,T_5568bd9d,T_a02bf5e9,4499
4412,1186,match_start,0,Hanaoka,Clash,T_5568bd9d,T_a02bf5e9,4500
4413,1186,match_start,0,Suravasa,Flashpoint,T_5568bd9d,T_a02bf5e9,4501
4414,1186,match_start,0,Lijiang Tower,Control,T_5568bd9d,T_a02bf5e9,4502
4415,1186,match_start,0,Suravasa,Flashpoint,T_5568bd9d,T_a02bf5e9,4503
4416,1186,match_start,0,Hanaoka,Clash,T_5568bd9d,T_a02bf5e9,4504
4417,1186,match_start,0,Esperança,Push,T_5568bd9d,T_a02bf5e9,4505
4418,1187,match_start,0,Lijiang Tower,Control,T_5568bd9d,T_a02bf5e9,4506
4419,1187,match_start,0,Route 66,Escort,T_ce6d7d76,T_a02bf5e9,4507
4420,1187,match_start,0,Suravasa,Flashpoint,T_ce6d7d76,T_a02bf5e9,4508
4421,1187,match_start,0,Esperança,Push,T_ce6d7d76,T_a02bf5e9,4509
4422,1187,match_start,0,Numbani,Hybrid,T_ce6d7d76,T_a02bf5e9,4510
4423,1187,match_start,0,Samoa,Control,T_ce6d7d76,T_a02bf5e9,4511
4424,1188,match_start,0,Hanaoka,Clash,T_5568bd9d,T_a02bf5e9,4512
4425,1188,match_start,0,Samoa,Control,T_5568bd9d,T_a02bf5e9,4513
4426,1188,match_start,0,Lijiang Tower,Control,T_5568bd9d,T_a02bf5e9,4514
4427,1189,match_start,0,Blizzard World,Hybrid,T_5568bd9d,T_a02bf5e9,4515
4428,1189,match_start,0,Colosseo,Push,T_5568bd9d,T_a02bf5e9,4516
4429,1189,match_start,0,Hanaoka,Clash,T_5568bd9d,T_a02bf5e9,4517
4430,1189,match_start,0,Havana,Escort,T_5568bd9d,T_a02bf5e9,4518
4431,1189,match_start,0,Nepal,Control,T_5568bd9d,T_a02bf5e9,4519
4432,1189,match_start,0,Suravasa,Flashpoint,T_5568bd9d,T_a02bf5e9,4520
4433,1190,match_start,0,Busan,Control,T_5568bd9d,T_a02bf5e9,4521
4434,1191,match_start,0,Busan,Control,T_5568bd9d,T_a02bf5e9,4522
4435,1192,match_start,0,Busan,Control,T_5568bd9d,T_a02bf5e9,4523
4436,1193,match_start,0,Busan,Control,T_5568bd9d,T_a02bf5e9,4524
4439,1193,match_start,0,New Queen Street,Push,T_3238eb96,T_f9416cc2,4527
4442,1194,match_start,0,Shambali Monastery,Escort,T_1699ed97,T_dbf13920,4530
4443,1194,match_start,0,Eichenwalde,Hybrid,T_1699ed97,T_dbf13920,4531
4444,1194,match_start,0,New Junk City,Flashpoint,T_1699ed97,T_dbf13920,4532
4445,1194,match_start,0,Runasapi,Push,T_1699ed97,T_dbf13920,4533
4446,1195,match_start,0,Antarctic Peninsula,Control,T_5568bd9d,T_a02bf5e9,4534
4448,1195,match_start,0,New Queen Street,Push,T_5568bd9d,T_a02bf5e9,4536
4449,1195,match_start,0,Circuit royal,Escort,T_5568bd9d,T_a02bf5e9,4537
4451,1195,match_start,0,Watchpoint: Gibraltar,Escort,T_5568bd9d,T_a02bf5e9,4539
4452,1195,match_start,0,"King's Row",Hybrid,T_5568bd9d,T_a02bf5e9,4540
4453,1196,match_start,0,Watchpoint: Gibraltar,Escort,T_f4443d5e,T_0cbebe29,4541
4455,1196,match_start,0,New Junk City,Flashpoint,T_f4443d5e,T_0cbebe29,4543
4456,1196,match_start,0,Paraíso,Hybrid,T_f4443d5e,T_0cbebe29,4544
4459,1196,match_start,0,Esperança,Push,T_f4443d5e,T_0cbebe29,4547
3600,942,match_start,0,Blizzard World,Hybrid,T_553ef4f1,T_674c7502,
4469,1207,match_start,0,Oasis,Control,T_5568bd9d,T_a02bf5e9,4557
4471,1209,match_start,0,Oasis,Control,T_5568bd9d,T_a02bf5e9,4559
4472,1210,match_start,0,Esperança,Push,T_5568bd9d,T_a02bf5e9,4560
4473,1210,match_start,0,Oasis,Control,T_5568bd9d,T_a02bf5e9,4561
4474,1210,match_start,0,Shambali Monastery,Escort,T_5568bd9d,T_a02bf5e9,4562
4476,1210,match_start,0,New Junk City,Flashpoint,T_5568bd9d,T_a02bf5e9,4564
4477,1210,match_start,0,Throne of Anubis,Clash,T_5568bd9d,T_a02bf5e9,4565
4478,1210,match_start,0,Oasis,Control,T_5568bd9d,T_a02bf5e9,4566
4479,1211,match_start,0,Route 66,Escort,T_5568bd9d,T_a02bf5e9,4567
4480,1211,match_start,0,Lijiang Tower,Control,T_5568bd9d,T_a02bf5e9,4568
4482,1211,match_start,0,Lijiang Tower,Control,T_5568bd9d,T_a02bf5e9,4570
4484,1211,match_start,0,Esperança,Push,T_5568bd9d,T_a02bf5e9,4572
4485,1211,match_start,0,Nepal,Control,T_5568bd9d,T_a02bf5e9,4573
4486,1211,match_start,0,Route 66,Escort,T_5568bd9d,T_a02bf5e9,4574
4487,1212,match_start,0,Nepal,Control,T_5568bd9d,T_a02bf5e9,4575
4488,1213,match_start,0,Nepal,Control,T_12aacf23,T_f58d45ac,4576
4489,1214,match_start,0,Nepal,Control,T_12aacf23,T_f58d45ac,4577
4490,1215,match_start,0,Route 66,Escort,T_12aacf23,T_f58d45ac,4578
4491,1215,match_start,0,Esperança,Push,T_12aacf23,T_f58d45ac,4579
4492,1215,match_start,0,Nepal,Control,T_12aacf23,T_f58d45ac,4580
4493,1215,match_start,0,Havana,Escort,T_12aacf23,T_f58d45ac,4581
4494,1215,match_start,0,Lijiang Tower,Control,T_12aacf23,T_f58d45ac,4582
4496,1216,match_start,0,Lijiang Tower,Control,T_5568bd9d,T_a02bf5e9,4584
4497,1216,match_start,0,Hollywood,Hybrid,T_fa455f51,T_3238eb96,4585
4498,1216,match_start,0,Circuit royal,Escort,T_fa455f51,T_3238eb96,4586
4499,1216,match_start,0,Suravasa,Flashpoint,T_fa455f51,T_3238eb96,4587
4501,1216,match_start,0,Throne of Anubis,Clash,T_fa455f51,T_3238eb96,4589
4502,1217,match_start,0,Eichenwalde,Hybrid,T_5568bd9d,T_a02bf5e9,4590
4503,1218,match_start,0,Route 66,Escort,T_5568bd9d,T_a02bf5e9,4591
4504,1218,match_start,0,Colosseo,Push,T_5568bd9d,T_a02bf5e9,4592
4505,1218,match_start,0,Suravasa,Flashpoint,T_5568bd9d,T_a02bf5e9,4593
4506,1218,match_start,0,Numbani,Hybrid,T_5568bd9d,T_a02bf5e9,4594
4507,1218,match_start,0,Lijiang Tower,Control,T_5568bd9d,T_a02bf5e9,4595
4509,1218,match_start,0,Eichenwalde,Hybrid,T_5568bd9d,T_a02bf5e9,4597
4510,1219,match_start,0,Lijiang Tower,Control,T_5568bd9d,T_a02bf5e9,4598
4511,1219,match_start,0,Watchpoint: Gibraltar,Escort,T_5568bd9d,T_a02bf5e9,4599
4512,1219,match_start,0,"King's Row",Hybrid,T_5568bd9d,T_a02bf5e9,4600
4513,1220,match_start,0,Esperança,Push,T_5568bd9d,T_a02bf5e9,4601
4514,1220,match_start,0,Route 66,Escort,T_5568bd9d,T_a02bf5e9,4602
4515,1220,match_start,0,Numbani,Hybrid,T_5568bd9d,T_a02bf5e9,4603
4516,1220,match_start,0,Suravasa,Flashpoint,T_5568bd9d,T_a02bf5e9,4604
4517,1220,match_start,0,Lijiang Tower,Control,T_5568bd9d,T_a02bf5e9,4605
4518,1219,match_start,0,New Junk City,Flashpoint,T_5568bd9d,T_a02bf5e9,4606
4520,1219,match_start,0,Hanaoka,Clash,T_5568bd9d,T_a02bf5e9,4608
4521,1221,match_start,0,Oasis,Control,T_5568bd9d,T_a02bf5e9,4609
4522,1222,match_start,0,Oasis,Control,T_5568bd9d,T_a02bf5e9,4610
4523,1223,match_start,0,Oasis,Control,T_5568bd9d,T_a02bf5e9,4611
4525,1225,match_start,0,Oasis,Control,T_5568bd9d,T_a02bf5e9,4613
4526,1226,match_start,0,Oasis,Control,T_5568bd9d,T_a02bf5e9,4614
4534,1227,match_start,0,Eichenwalde,Hybrid,T_5568bd9d,T_a02bf5e9,4622
4535,1227,match_start,0,Colosseo,Push,T_5568bd9d,T_a02bf5e9,4623
4536,1227,match_start,0,Suravasa,Flashpoint,T_5568bd9d,T_a02bf5e9,4624
4537,1227,match_start,0,Throne of Anubis,Clash,T_5568bd9d,T_a02bf5e9,4625
4538,1227,match_start,0,Ilios,Control,T_5568bd9d,T_a02bf5e9,4626
4542,1229,match_start,0,Lijiang Tower,Control,T_5568bd9d,T_a02bf5e9,4630
4543,1230,match_start,0,Lijiang Tower,Control,T_5568bd9d,T_a02bf5e9,4631
4544,1231,match_start,0,Lijiang Tower,Control,T_5568bd9d,T_a02bf5e9,4632
4545,1231,match_start,0,Suravasa,Flashpoint,T_5568bd9d,T_a02bf5e9,4633
4546,1231,match_start,0,Esperança,Push,T_5568bd9d,T_a02bf5e9,4634
4547,1231,match_start,0,Route 66,Escort,T_5568bd9d,T_a02bf5e9,4635
4548,1231,match_start,0,Eichenwalde,Hybrid,T_5568bd9d,T_a02bf5e9,4636
4549,1233,match_start,0,Esperança,Push,T_5568bd9d,T_a02bf5e9,4637
4550,1233,match_start,0,Paraíso,Hybrid,T_5568bd9d,T_a02bf5e9,4638
4551,1233,match_start,0,Suravasa,Flashpoint,T_5568bd9d,T_a02bf5e9,4639
4552,1234,match_start,0,Antarctic Peninsula,Control,T_5568bd9d,T_a02bf5e9,4640
4553,1234,match_start,0,Rialto,Escort,T_5568bd9d,T_a02bf5e9,4641
4554,1234,match_start,0,Hollywood,Hybrid,T_5568bd9d,T_a02bf5e9,4642
4555,1234,match_start,0,Throne of Anubis,Clash,T_5568bd9d,T_a02bf5e9,4643
4556,1234,match_start,0,Suravasa,Flashpoint,T_5568bd9d,T_a02bf5e9,4644
4557,1234,match_start,0,"King's Row",Hybrid,T_5568bd9d,T_a02bf5e9,4645
4558,1234,match_start,0,Colosseo,Push,T_5568bd9d,T_a02bf5e9,4646
4559,1235,match_start,0,Hanaoka,Clash,T_5568bd9d,T_a02bf5e9,4647
4560,1235,match_start,0,Esperança,Push,T_5568bd9d,T_a02bf5e9,4648
4561,1235,match_start,0,Dorado,Escort,T_5568bd9d,T_a02bf5e9,4649
4563,1235,match_start,0,Nepal,Control,T_5568bd9d,T_a02bf5e9,4651
4564,1235,match_start,0,Numbani,Hybrid,T_5568bd9d,T_a02bf5e9,4652
4565,1235,match_start,0,Ilios,Control,T_5568bd9d,T_a02bf5e9,4653
4566,1235,match_start,0,New Junk City,Flashpoint,T_5568bd9d,T_a02bf5e9,4654
4567,1236,match_start,0,Ilios,Control,T_5568bd9d,T_a02bf5e9,4655
4568,1236,match_start,0,Rialto,Escort,T_5568bd9d,T_a02bf5e9,4656
4570,1236,match_start,0,New Queen Street,Push,T_5568bd9d,T_a02bf5e9,4658
4571,1236,match_start,0,Route 66,Escort,T_5568bd9d,T_a02bf5e9,4659
4572,1236,match_start,0,Midtown,Hybrid,T_5568bd9d,T_a02bf5e9,4660
4573,1236,match_start,0,New Junk City,Flashpoint,T_5568bd9d,T_a02bf5e9,4661
4574,1237,match_start,0,Lijiang Tower,Control,T_5568bd9d,T_a02bf5e9,4662
4575,1237,match_start,0,Havana,Escort,T_5568bd9d,T_a02bf5e9,4663
4576,1237,match_start,0,Suravasa,Flashpoint,T_5568bd9d,T_a02bf5e9,4664
4577,1237,match_start,0,Numbani,Hybrid,T_5568bd9d,T_a02bf5e9,4665
4578,1238,match_start,0,Antarctic Peninsula,Control,T_5568bd9d,T_a02bf5e9,4666
4579,1238,match_start,0,"King's Row",Hybrid,T_1699ed97,T_a02bf5e9,4667
4580,1238,match_start,0,Junkertown,Escort,T_1699ed97,T_a02bf5e9,4668
4581,1238,match_start,0,Esperança,Push,T_1699ed97,T_a02bf5e9,4669
4582,1238,match_start,0,Suravasa,Flashpoint,T_1699ed97,T_a02bf5e9,4670
4583,1238,match_start,0,Throne of Anubis,Clash,T_1699ed97,T_a02bf5e9,4671
4584,1237,match_start,0,Hanaoka,Clash,T_5568bd9d,T_a02bf5e9,4672
4585,1239,match_start,0,Lijiang Tower,Control,T_3238eb96,T_b958fc84,4673
4586,1239,match_start,0,Blizzard World,Hybrid,T_3238eb96,T_b958fc84,4674
4587,1239,match_start,0,Colosseo,Push,T_3238eb96,T_b958fc84,4675
4590,1237,match_start,0,Esperança,Push,T_5568bd9d,T_a02bf5e9,4678
4593,1240,match_start,0,Runasapi,Push,T_5568bd9d,T_a02bf5e9,4681
4594,1240,match_start,0,Havana,Escort,T_5568bd9d,T_a02bf5e9,4682
4595,1240,match_start,0,Suravasa,Flashpoint,T_5568bd9d,T_a02bf5e9,4683
4596,1240,match_start,0,Hanaoka,Clash,T_5568bd9d,T_a02bf5e9,4684
4597,1240,match_start,0,Busan,Control,T_5568bd9d,T_a02bf5e9,4685
4598,1241,match_start,0,Lijiang Tower,Control,T_29e0905e,T_e21dde7d,4686
4599,1241,match_start,0,Route 66,Escort,T_29e0905e,T_e21dde7d,4687
4600,1241,match_start,0,Blizzard World,Hybrid,T_29e0905e,T_e21dde7d,4688
4601,1241,match_start,0,Colosseo,Push,T_29e0905e,T_e21dde7d,4689
4602,1241,match_start,0,New Junk City,Flashpoint,T_29e0905e,T_e21dde7d,4690
4603,1241,match_start,0,Rialto,Escort,T_29e0905e,T_e21dde7d,4691
4604,1243,match_start,0,Throne of Anubis,Clash,T_5568bd9d,T_a02bf5e9,4692
4605,1243,match_start,0,"King's Row",Hybrid,T_c2f547c5,T_eb73c192,4693
4606,1243,match_start,0,Watchpoint: Gibraltar,Escort,T_c2f547c5,T_eb73c192,4694
4607,1243,match_start,0,Rialto,Escort,T_c2f547c5,T_eb73c192,4695
4608,1243,match_start,0,Esperança,Push,T_c2f547c5,T_eb73c192,4696
4610,1244,match_start,0,Antarctic Peninsula,Control,T_5568bd9d,T_a02bf5e9,4698
4611,1244,match_start,0,New Queen Street,Push,T_5b9402a1,T_eb73c192,4699
4612,1244,match_start,0,Hollywood,Hybrid,T_5b9402a1,T_eb73c192,4700
4613,1244,match_start,0,Nepal,Control,T_5b9402a1,T_c2f547c5,4701
4614,1244,match_start,0,Route 66,Escort,T_5b9402a1,T_c2f547c5,4702
4615,1245,match_start,0,Lijiang Tower,Control,T_5568bd9d,T_a02bf5e9,4703
4616,1245,match_start,0,Watchpoint: Gibraltar,Escort,T_5568bd9d,T_a02bf5e9,4704
4617,1245,match_start,0,Suravasa,Flashpoint,T_5568bd9d,T_a02bf5e9,4705
4618,1245,match_start,0,Eichenwalde,Hybrid,T_5568bd9d,T_a02bf5e9,4706
4619,1245,match_start,0,Esperança,Push,T_5568bd9d,T_a02bf5e9,4707
4621,1246,match_start,0,Lijiang Tower,Control,T_5568bd9d,T_a02bf5e9,4709
4622,1246,match_start,0,Route 66,Escort,T_5568bd9d,T_a02bf5e9,4710
4623,1246,match_start,0,Suravasa,Flashpoint,T_5568bd9d,T_a02bf5e9,4711
4625,1247,match_start,0,Havana,Escort,T_1699ed97,T_a02bf5e9,4713
4626,1247,match_start,0,New Junk City,Flashpoint,T_1699ed97,T_a02bf5e9,4714
4627,1247,match_start,0,Paraíso,Hybrid,T_1699ed97,T_a02bf5e9,4715
4628,1247,match_start,0,Colosseo,Push,T_1699ed97,T_a02bf5e9,4716
4629,1247,match_start,0,Watchpoint: Gibraltar,Escort,T_1699ed97,T_a02bf5e9,4717
4630,1246,match_start,0,Esperança,Push,T_5568bd9d,T_a02bf5e9,4718
4631,1246,match_start,0,Blizzard World,Hybrid,T_5568bd9d,T_a02bf5e9,4719
4632,1248,match_start,0,Antarctic Peninsula,Control,T_5568bd9d,T_a02bf5e9,4720
4633,1248,match_start,0,Numbani,Hybrid,T_5568bd9d,T_a02bf5e9,4721
4634,1248,match_start,0,Hollywood,Hybrid,T_5568bd9d,T_a02bf5e9,4722
4635,1248,match_start,0,Route 66,Escort,T_5568bd9d,T_a02bf5e9,4723
4636,1248,match_start,0,Samoa,Control,T_5568bd9d,T_a02bf5e9,4724
4637,1249,match_start,0,Lijiang Tower,Control,T_5568bd9d,T_a02bf5e9,4725
4638,1249,match_start,0,Blizzard World,Hybrid,T_5568bd9d,T_a02bf5e9,4726
4639,1249,match_start,0,Colosseo,Push,T_5568bd9d,T_a02bf5e9,4727
4640,1249,match_start,0,Suravasa,Flashpoint,T_5568bd9d,T_a02bf5e9,4728
4641,1249,match_start,0,Rialto,Escort,T_5568bd9d,T_a02bf5e9,4729
4642,1250,match_start,0,Busan,Control,T_5568bd9d,T_a02bf5e9,4730
4643,1250,match_start,0,Esperança,Push,T_5568bd9d,T_a02bf5e9,4731
4644,1250,match_start,0,Watchpoint: Gibraltar,Escort,T_5568bd9d,T_a02bf5e9,4732
4645,1250,match_start,0,Circuit royal,Escort,T_5568bd9d,T_a02bf5e9,4733
4646,1250,match_start,0,Lijiang Tower,Control,T_5568bd9d,T_a02bf5e9,4734
4651,1253,match_start,0,New Junk City,Flashpoint,T_5568bd9d,T_a02bf5e9,4739
4652,1254,match_start,0,Lijiang Tower,Control,T_5568bd9d,T_a02bf5e9,4740
4653,1254,match_start,0,New Junk City,Flashpoint,T_5568bd9d,T_a02bf5e9,4741
4654,1254,match_start,0,"King's Row",Hybrid,T_5568bd9d,T_a02bf5e9,4742
4655,1254,match_start,0,Esperança,Push,T_5568bd9d,T_a02bf5e9,4743
4656,1254,match_start,0,Nepal,Control,T_5568bd9d,T_a02bf5e9,4744
4657,1255,match_start,0,Oasis,Control,T_5568bd9d,T_a02bf5e9,4745
4658,1256,match_start,0,Lijiang Tower,Control,T_3238eb96,T_7f8ba35f,4746
4659,1256,match_start,0,Blizzard World,Hybrid,T_3238eb96,T_7f8ba35f,4747
4660,1256,match_start,0,Colosseo,Push,T_3238eb96,T_7f8ba35f,4748
4661,1256,match_start,0,New Junk City,Flashpoint,T_3238eb96,T_7f8ba35f,4749
4662,1255,match_start,0,Shambali Monastery,Escort,T_1699ed97,T_a02bf5e9,4750
4663,1255,match_start,0,Suravasa,Flashpoint,T_1699ed97,T_a02bf5e9,4751
4664,1255,match_start,0,Runasapi,Push,T_1699ed97,T_a02bf5e9,4752
4665,1256,match_start,0,Rialto,Escort,T_3238eb96,T_7f8ba35f,4753
4666,1257,match_start,0,Lijiang Tower,Control,T_5568bd9d,T_a02bf5e9,4754
4667,1257,match_start,0,Eichenwalde,Hybrid,T_5568bd9d,T_a02bf5e9,4755
4668,1257,match_start,0,Route 66,Escort,T_5568bd9d,T_a02bf5e9,4756
4669,1257,match_start,0,Esperança,Push,T_5568bd9d,T_a02bf5e9,4757
4670,1257,match_start,0,Blizzard World,Hybrid,T_5568bd9d,T_a02bf5e9,4758
4671,1261,match_start,0,Ilios,Control,T_2bfdcb8b,T_6775d51a,4759
4674,1261,match_start,0,Watchpoint: Gibraltar,Escort,T_2bfdcb8b,T_6775d51a,4762
3653,533,match_start,0,Watchpoint: Gibraltar,Escort,T_5568bd9d,T_a02bf5e9,
4676,1262,match_start,0,Nepal,Control,T_5568bd9d,T_a02bf5e9,4764
4677,1262,match_start,0,Paraíso,Hybrid,T_5568bd9d,T_a02bf5e9,4765
4678,1262,match_start,0,Dorado,Escort,T_5568bd9d,T_a02bf5e9,4766
4679,1262,match_start,0,Junkertown,Escort,T_5568bd9d,T_a02bf5e9,4767
4680,1262,match_start,0,Colosseo,Push,T_5568bd9d,T_a02bf5e9,4768
4681,1262,match_start,0,Oasis,Control,T_5568bd9d,T_a02bf5e9,4769
4682,1263,match_start,0,Lijiang Tower,Control,T_3238eb96,T_861b9363,4770
4683,1263,match_start,0,Blizzard World,Hybrid,T_3238eb96,T_861b9363,4771
4684,1263,match_start,0,Colosseo,Push,T_3238eb96,T_861b9363,4772
4685,1263,match_start,0,New Junk City,Flashpoint,T_3238eb96,T_861b9363,4773
4686,1264,match_start,0,Oasis,Control,T_5568bd9d,T_a02bf5e9,4774
4687,1264,match_start,0,Esperança,Push,T_5568bd9d,T_a02bf5e9,4775
4689,1264,match_start,0,Watchpoint: Gibraltar,Escort,T_5568bd9d,T_a02bf5e9,4777
4690,1264,match_start,0,Eichenwalde,Hybrid,T_5568bd9d,T_a02bf5e9,4778
4691,1269,match_start,0,SURAVASA,Flashpoint,T_7e239be7,T_12550726,4783
4692,1269,match_start,0,LIJIANG TOWER,Control,T_7e239be7,T_12550726,4784
4693,1269,match_start,0,"KING'S ROW",Hybrid,T_7e239be7,T_12550726,4785
4695,1270,match_start,0,Oasis,Control,T_29e0905e,T_005a5450,4787
4696,1270,match_start,0,Eichenwalde,Hybrid,T_29e0905e,T_005a5450,4788
4697,1270,match_start,0,Esperança,Push,T_29e0905e,T_005a5450,4789
4698,1270,match_start,0,Suravasa,Flashpoint,T_29e0905e,T_005a5450,4790
4699,1270,match_start,0,Dorado,Escort,T_29e0905e,T_005a5450,4791
4700,1270,match_start,0,Ilios,Control,T_29e0905e,T_005a5450,4792
4701,1271,match_start,0,Oasis,Control,T_29e0905e,T_2a4902a2,4793
4702,1272,match_start,0,Oasis,Control,T_064f58d1,T_1699ed97,4794
4703,1272,match_start,0,Havana,Escort,T_064f58d1,T_1699ed97,4795
4710,1273,match_start,0,Route 66,Escort,T_5568bd9d,T_a02bf5e9,4802
4711,1273,match_start,0,Route 66,Escort,T_5568bd9d,T_a02bf5e9,4803
4712,1274,match_start,0,New Junk City,Flashpoint,T_5568bd9d,T_a02bf5e9,4804
4713,1274,match_start,0,New Junk City,Flashpoint,T_5568bd9d,T_a02bf5e9,4805
4715,1278,match_start,0,Lijiang Tower,Control,T_5568bd9d,T_a02bf5e9,4807
4716,1278,match_start,0,Suravasa,Flashpoint,T_5568bd9d,T_a02bf5e9,4808
4717,1278,match_start,0,Esperança,Push,T_5568bd9d,T_a02bf5e9,4809
4718,1278,match_start,0,Nepal,Control,T_5568bd9d,T_a02bf5e9,4810
4719,1278,match_start,0,Havana,Escort,T_5568bd9d,T_a02bf5e9,4811
4720,1278,match_start,0,Blizzard World,Hybrid,T_5568bd9d,T_a02bf5e9,4812
4721,1278,match_start,0,Samoa,Control,T_5568bd9d,T_a02bf5e9,4813
4722,1279,match_start,0,Lijiang Tower,Control,T_5568bd9d,T_a02bf5e9,4814
4723,1279,match_start,0,"King's Row",Hybrid,T_5568bd9d,T_a02bf5e9,4815
4724,1279,match_start,0,Havana,Escort,T_5568bd9d,T_a02bf5e9,4816
4725,1279,match_start,0,Suravasa,Flashpoint,T_5568bd9d,T_a02bf5e9,4817
4726,1280,match_start,0,Oasis,Control,T_5568bd9d,T_a02bf5e9,4818
4727,1280,match_start,0,Shambali Monastery,Escort,T_5568bd9d,T_a02bf5e9,4819
4729,1280,match_start,0,Hollywood,Hybrid,T_5568bd9d,T_a02bf5e9,4821
4730,1280,match_start,0,Runasapi,Push,T_5568bd9d,T_a02bf5e9,4822
4731,1280,match_start,0,Samoa,Control,T_5568bd9d,T_a02bf5e9,4823
4733,1281,match_start,0,Watchpoint: Gibraltar,Escort,T_5568bd9d,T_a02bf5e9,4825
4734,1281,match_start,0,Suravasa,Flashpoint,T_5568bd9d,T_a02bf5e9,4826
4735,1281,match_start,0,Paraíso,Hybrid,T_5568bd9d,T_a02bf5e9,4827
4736,1281,match_start,0,New Queen Street,Push,T_5568bd9d,T_a02bf5e9,4828
4737,1282,match_start,0,Oasis,Control,T_5568bd9d,T_a02bf5e9,4829
4738,1283,match_start,0,Samoa,Control,T_1699ed97,T_a02bf5e9,4830
4739,1283,match_start,0,Circuit royal,Escort,T_1699ed97,T_a02bf5e9,4831
4740,1283,match_start,0,Suravasa,Flashpoint,T_1699ed97,T_a02bf5e9,4832
4741,1283,match_start,0,Hollywood,Hybrid,T_1699ed97,T_a02bf5e9,4833
4742,1283,match_start,0,New Queen Street,Push,T_1699ed97,T_a02bf5e9,4834
4744,1284,match_start,0,Lijiang Tower,Control,T_5568bd9d,T_a02bf5e9,4836
4745,1284,match_start,0,Eichenwalde,Hybrid,T_5568bd9d,T_a02bf5e9,4837
4746,1285,match_start,0,Lijiang Tower,Control,T_5568bd9d,T_a02bf5e9,4838
4747,1285,match_start,0,Midtown,Hybrid,T_5568bd9d,T_a02bf5e9,4838
4750,1286,match_start,0,Nepal,Control,T_ac878fbe,T_f5d0d96a,4841
4754,1287,match_start,0,"King's Row",Hybrid,T_80dd92cb,T_a9df0f72,4844
4755,1288,match_start,0,Lijiang Tower,Control,T_5568bd9d,T_a02bf5e9,4845
4756,1288,match_start,0,Midtown,Hybrid,T_5568bd9d,T_a02bf5e9,4846
4757,1289,match_start,0,Hollywood,Hybrid,T_5568bd9d,T_a02bf5e9,4847
4758,1289,match_start,0,New Junk City,Flashpoint,T_5568bd9d,T_a02bf5e9,4848
4759,1289,match_start,0,Circuit royal,Escort,T_5568bd9d,T_a02bf5e9,4849
4760,1290,match_start,0,Numbani,Hybrid,T_5568bd9d,T_a02bf5e9,4850
4761,1290,match_start,0,Numbani,Hybrid,T_5568bd9d,T_a02bf5e9,4851
4762,1290,match_start,0,Havana,Escort,T_5568bd9d,T_a02bf5e9,4852
4763,1290,match_start,0,Colosseo,Push,T_5568bd9d,T_a02bf5e9,4853
4764,1290,match_start,0,Esperança,Push,T_5568bd9d,T_a02bf5e9,4854
4765,1290,match_start,0,Lijiang Tower,Control,T_5568bd9d,T_a02bf5e9,4855
4766,1290,match_start,0,Suravasa,Flashpoint,T_5568bd9d,T_a02bf5e9,4856
4767,1291,match_start,0,Paraíso,Hybrid,T_5568bd9d,T_a02bf5e9,4857
4768,1291,match_start,0,New Junk City,Flashpoint,T_eb73c192,T_5b9402a1,4858
4769,1291,match_start,0,Colosseo,Push,T_eb73c192,T_5b9402a1,4859
4770,1291,match_start,0,Circuit royal,Escort,T_eb73c192,T_c2f547c5,4860
4771,1291,match_start,0,Lijiang Tower,Control,T_eb73c192,T_c2f547c5,4861
4772,1292,match_start,0,Ilios,Control,T_c2f547c5,T_5b9402a1,4862
4773,1292,match_start,0,Route 66,Escort,T_c2f547c5,T_5b9402a1,4863
4774,1292,match_start,0,Suravasa,Flashpoint,T_c2f547c5,T_eb73c192,4864
4775,1292,match_start,0,Lijiang Tower (Lunar New Year),Control,T_c2f547c5,T_eb73c192,4865
4776,1292,match_start,0,Runasapi,Push,T_c2f547c5,T_5b9402a1,4866
4777,1292,match_start,0,Route 66,Escort,T_c2f547c5,T_5b9402a1,4867
4778,1293,match_start,0,Antarctic Peninsula,Control,T_5568bd9d,T_a02bf5e9,4868
4779,1293,match_start,0,New Queen Street,Push,T_5b9402a1,T_eb73c192,4869
4780,1293,match_start,0,Shambali Monastery,Escort,T_5b9402a1,T_eb73c192,4870
4781,1293,match_start,0,New Junk City,Flashpoint,T_5b9402a1,T_c2f547c5,4871
4782,1293,match_start,0,New Junk City,Flashpoint,T_5b9402a1,T_c2f547c5,4872
4783,1293,match_start,0,Shambali Monastery,Escort,T_5b9402a1,T_eb73c192,4873
4784,1293,match_start,0,New Queen Street,Push,T_5b9402a1,T_eb73c192,4874
4785,1293,match_start,0,Route 66,Escort,T_5b9402a1,T_eb73c192,4875
4789,1294,match_start,0,Eichenwalde,Hybrid,T_5568bd9d,T_a02bf5e9,4879
4790,1295,match_start,0,Blizzard World,Hybrid,T_5568bd9d,T_a02bf5e9,4880
4791,1295,match_start,0,Esperança,Push,T_5568bd9d,T_a02bf5e9,4881
4792,1295,match_start,0,Havana,Escort,T_5568bd9d,T_a02bf5e9,4882
4793,1295,match_start,0,Lijiang Tower,Control,T_5568bd9d,T_a02bf5e9,4883
4794,1295,match_start,0,Samoa,Control,T_5568bd9d,T_a02bf5e9,4884
4795,1295,match_start,0,Suravasa,Flashpoint,T_5568bd9d,T_a02bf5e9,4885
4796,1296,match_start,0,Samoa,Control,T_f5b16258,T_a02bf5e9,4886
4797,1296,match_start,0,Dorado,Escort,T_f5b16258,T_a02bf5e9,4887
4798,1296,match_start,0,Blizzard World,Hybrid,T_f5b16258,T_a02bf5e9,4888
4799,1296,match_start,0,Suravasa,Flashpoint,T_f5b16258,T_a02bf5e9,4889
4802,1297,match_start,0,Lijiang Tower,Control,T_5568bd9d,T_a02bf5e9,4892
4804,1297,match_start,0,Suravasa,Flashpoint,T_5568bd9d,T_a02bf5e9,4894
4806,1297,match_start,0,Nepal,Control,T_5568bd9d,T_a02bf5e9,4896
4807,1297,match_start,0,Colosseo,Push,T_5568bd9d,T_a02bf5e9,4897
4808,1298,match_start,0,Colosseo,Push,T_5568bd9d,T_a02bf5e9,4898
4817,1299,match_start,0,Suravasa,Flashpoint,T_5568bd9d,T_a02bf5e9,4907
4818,1300,match_start,0,Lijiang Tower,Control,T_ab058ed0,T_a02bf5e9,4908
4819,1301,match_start,0,Numbani,Hybrid,T_ab058ed0,T_a02bf5e9,4909
4820,1302,match_start,0,Dorado,Escort,T_ab058ed0,T_a02bf5e9,4910
4821,1302,match_start,0,Suravasa,Flashpoint,T_ab058ed0,T_a02bf5e9,4911
4822,1302,match_start,0,Esperança,Push,T_ab058ed0,T_a02bf5e9,4912
4823,1302,match_start,0,Samoa,Control,T_ab058ed0,T_a02bf5e9,4913
4824,1303,match_start,0,Busan,Control,T_5568bd9d,T_a02bf5e9,4914
4825,1303,match_start,0,Midtown,Hybrid,T_5568bd9d,T_a02bf5e9,4915
4826,1303,match_start,0,New Junk City,Flashpoint,T_5568bd9d,T_a02bf5e9,4916
4827,1305,match_start,0,Lijiang Tower,Control,T_5568bd9d,T_a02bf5e9,4917
4828,1305,match_start,0,Suravasa,Flashpoint,T_5568bd9d,T_a02bf5e9,4918
4829,1305,match_start,0,Numbani,Hybrid,T_5568bd9d,T_a02bf5e9,4919
4830,1305,match_start,0,Esperança,Push,T_5568bd9d,T_a02bf5e9,4920
4831,1305,match_start,0,Havana,Escort,T_5568bd9d,T_a02bf5e9,4921
4832,1306,match_start,0,Nepal,Control,T_7ba5dfb5,T_467b3697,4922
4833,1306,match_start,0,Suravasa,Flashpoint,T_7ba5dfb5,T_467b3697,4923
4834,1307,match_start,0,Blizzard World,Hybrid,T_e46ac485,T_7ba5dfb5,4924
4835,1307,match_start,0,Dorado,Escort,T_7ba5dfb5,T_e46ac485,4925
4836,1308,match_start,0,Nepal,Control,T_7ba5dfb5,T_467b3697,4926
4837,1308,match_start,0,Suravasa,Flashpoint,T_7ba5dfb5,T_467b3697,4927
4838,1308,match_start,0,Colosseo,Push,T_7ba5dfb5,T_467b3697,4928
4839,1308,match_start,0,Dorado,Escort,T_7ba5dfb5,T_467b3697,4929
4840,1309,match_start,0,Suravasa,Flashpoint,T_38396cf2,T_de0009ad,4930
4841,1309,match_start,0,Lijiang Tower,Control,T_38396cf2,T_de0009ad,4931
4842,1310,match_start,0,Suravasa,Flashpoint,T_4ee8fb4a,T_de0009ad,4932
4843,1310,match_start,0,Lijiang Tower,Control,T_4ee8fb4a,T_de0009ad,4933
3703,971,match_start,0,New Queen Street,Push,T_5568bd9d,T_a02bf5e9,
4853,1316,match_start,0,Esperança,Push,T_eb73c192,T_c2f547c5,4943
4854,1316,match_start,0,Numbani,Hybrid,T_eb73c192,T_c2f547c5,4944
4856,1316,match_start,0,New Junk City,Flashpoint,T_eb73c192,T_5b9402a1,4946
4857,1316,match_start,0,Colosseo,Push,T_eb73c192,T_5b9402a1,4947
4858,1317,match_start,0,Lijiang Tower,Control,T_5568bd9d,T_a02bf5e9,4948
4859,1318,match_start,0,Ilios,Control,T_1699ed97,T_a02bf5e9,4949
4862,1318,match_start,0,Numbani,Hybrid,T_1699ed97,T_a02bf5e9,4952
4863,1318,match_start,0,New Junk City,Flashpoint,T_1699ed97,T_a02bf5e9,4953
4865,1319,match_start,0,"King's Row",Hybrid,T_29e0905e,T_47cdef68,4955
4866,1319,match_start,0,Dorado,Escort,T_29e0905e,T_47cdef68,4956
4867,1319,match_start,0,New Junk City,Flashpoint,T_29e0905e,T_47cdef68,4957
4868,1319,match_start,0,Shambali Monastery,Escort,T_29e0905e,T_47cdef68,4958
4871,1319,match_start,0,Eichenwalde,Hybrid,T_29e0905e,T_47cdef68,4961
4872,1319,match_start,0,Esperança,Push,T_29e0905e,T_47cdef68,4962
4873,1319,match_start,0,Shambali Monastery,Escort,T_29e0905e,T_47cdef68,4963
4874,1319,match_start,0,Shambali Monastery,Escort,T_29e0905e,T_47cdef68,4964
4876,1319,match_start,0,Shambali Monastery,Escort,T_29e0905e,T_47cdef68,4966
4877,1320,match_start,0,Ilios,Control,T_3238eb96,T_7f8ba35f,4967
4878,1320,match_start,0,Route 66,Escort,T_3238eb96,T_7f8ba35f,4968
4880,1321,match_start,0,Ilios,Control,T_5568bd9d,T_a02bf5e9,4970
4881,1321,match_start,0,Circuit royal,Escort,T_5568bd9d,T_a02bf5e9,4971
4882,1321,match_start,0,Suravasa,Flashpoint,T_5568bd9d,T_a02bf5e9,4972
4883,1321,match_start,0,Midtown,Hybrid,T_5568bd9d,T_a02bf5e9,4973
4884,1321,match_start,0,New Queen Street,Push,T_5568bd9d,T_a02bf5e9,4974
4886,1323,match_start,0,"King's Row",Hybrid,T_5568bd9d,T_a02bf5e9,4976
4895,1331,match_start,0,Nepal,Control,T_5568bd9d,T_a02bf5e9,4988
4896,1331,match_start,0,Eichenwalde,Hybrid,T_5568bd9d,T_a02bf5e9,4989
4897,1331,match_start,0,Route 66,Escort,T_5568bd9d,T_a02bf5e9,4990
4899,1331,match_start,0,Lijiang Tower,Control,T_5568bd9d,T_a02bf5e9,4992
4900,1331,match_start,0,Esperança,Push,T_5568bd9d,T_a02bf5e9,4993
4904,1333,match_start,0,Lijiang Tower,Control,T_5568bd9d,T_a02bf5e9,4997
4905,1333,match_start,0,Dorado,Escort,T_5568bd9d,T_a02bf5e9,4998
4906,1333,match_start,0,Suravasa,Flashpoint,T_5568bd9d,T_a02bf5e9,4999
4907,1333,match_start,0,"King's Row",Hybrid,T_5568bd9d,T_a02bf5e9,5000
4908,1333,match_start,0,Runasapi,Push,T_5568bd9d,T_a02bf5e9,5001
4917,1337,match_start,0,Busan,Control,T_1699ed97,T_a02bf5e9,5010
4918,1337,match_start,0,Rialto,Escort,T_1699ed97,T_a02bf5e9,5011
4919,1337,match_start,0,New Junk City,Flashpoint,T_1699ed97,T_a02bf5e9,5012
4920,1337,match_start,0,Blizzard World,Hybrid,T_1699ed97,T_a02bf5e9,5013
4921,1337,match_start,0,Esperança,Push,T_1699ed97,T_a02bf5e9,5014
4922,1339,match_start,0,Lijiang Tower,Control,T_5568bd9d,T_a02bf5e9,5015
4923,1339,match_start,0,Eichenwalde,Hybrid,T_5568bd9d,T_a02bf5e9,5016
4924,1339,match_start,0,Colosseo,Push,T_5568bd9d,T_a02bf5e9,5017
4925,1339,match_start,0,Junkertown,Escort,T_5568bd9d,T_a02bf5e9,5018
4927,1340,match_start,0,Samoa,Control,T_3238eb96,T_7f8ba35f,5020
4928,1340,match_start,0,Numbani,Hybrid,T_3238eb96,T_7f8ba35f,5021
4929,1340,match_start,0,Colosseo,Push,T_3238eb96,T_7f8ba35f,5022
4930,1342,match_start,0,Nepal,Control,T_5568bd9d,T_a02bf5e9,5023
4931,1342,match_start,0,Suravasa,Flashpoint,T_5568bd9d,T_a02bf5e9,5024
4934,1342,match_start,0,"King's Row",Hybrid,T_5568bd9d,T_a02bf5e9,5027
4935,1342,match_start,0,Colosseo,Push,T_5568bd9d,T_a02bf5e9,5028
3738,980,match_start,0,Runasapi,Push,T_1699ed97,T_26e6dabd,
4940,1347,match_start,0,New Junk City,Flashpoint,T_496df5f2,T_d35e6606,5033
4942,1347,match_start,0,Oasis,Control,T_496df5f2,T_d35e6606,5035
4945,1349,match_start,0,Oasis,Control,T_5568bd9d,T_a02bf5e9,5038
4946,1349,match_start,0,"King's Row",Hybrid,T_5568bd9d,T_a02bf5e9,5039
4947,1349,match_start,0,Suravasa,Flashpoint,T_5568bd9d,T_a02bf5e9,5040
4948,1349,match_start,0,Esperança,Push,T_5568bd9d,T_a02bf5e9,5041
4949,1349,match_start,0,Circuit royal,Escort,T_5568bd9d,T_a02bf5e9,5042
4950,1349,match_start,0,Ilios,Control,T_5568bd9d,T_a02bf5e9,5043
4953,1353,match_start,0,Watchpoint: Gibraltar,Escort,T_969420ad,T_496df5f2,5046
4954,1353,match_start,0,"King's Row",Hybrid,T_969420ad,T_496df5f2,5047
4955,1354,match_start,0,Samoa,Control,T_be0b0d78,T_1607e776,5048
4957,1354,match_start,0,"King's Row",Hybrid,T_be0b0d78,T_1607e776,5061
4958,1354,match_start,0,Circuit royal,Escort,T_be0b0d78,T_1607e776,5062
4959,1358,match_start,0,Samoa,Control,T_13ab2299,T_7ba5dfb5,5063
4960,1358,match_start,0,Midtown,Hybrid,T_7ba5dfb5,T_13ab2299,5064
4961,1358,match_start,0,Suravasa,Flashpoint,T_7ba5dfb5,T_13ab2299,5065
4962,1359,match_start,0,Ilios,Control,T_38270be3,T_467b3697,5066
4963,1359,match_start,0,"King's Row",Hybrid,T_38270be3,T_467b3697,5067
4964,1359,match_start,0,Suravasa,Flashpoint,T_38270be3,T_467b3697,5068
4966,1360,match_start,0,"King's Row",Hybrid,T_496df5f2,T_62530b65,5070
4967,1360,match_start,0,Lijiang Tower,Control,T_496df5f2,T_62530b65,5071
4968,1360,match_start,0,Circuit royal,Escort,T_496df5f2,T_62530b65,5072
4969,1360,match_start,0,Nepal,Control,T_496df5f2,T_62530b65,5073
4970,1360,match_start,0,Esperança,Push,T_496df5f2,T_62530b65,5074
4971,1360,match_start,0,Suravasa,Flashpoint,T_496df5f2,T_62530b65,5075
4972,1361,match_start,0,New Queen Street,Push,T_5568bd9d,T_a02bf5e9,5076
4973,1362,match_start,0,Ilios,Control,T_13ab2299,T_e46ac485,5077
4974,1362,match_start,0,"King's Row",Hybrid,T_13ab2299,T_e46ac485,5078
4975,1362,match_start,0,Circuit royal,Escort,T_13ab2299,T_e46ac485,5079
4976,1363,match_start,0,Lijiang Tower,Control,T_13ab2299,T_467b3697,5080
4979,1363,match_start,0,Numbani,Hybrid,T_13ab2299,T_467b3697,5083
4980,1363,match_start,0,Suravasa,Flashpoint,T_13ab2299,T_467b3697,5084
4981,1365,match_start,0,"King's Row",Hybrid,T_496df5f2,T_62530b65,5085
4992,1366,match_start,0,Oasis,Control,T_496df5f2,T_8b4000a4,5096
4993,1366,match_start,0,Circuit royal,Escort,T_496df5f2,T_8b4000a4,5097
4994,1366,match_start,0,New Queen Street,Push,T_496df5f2,T_8b4000a4,5098
4995,1366,match_start,0,Suravasa,Flashpoint,T_496df5f2,T_8b4000a4,5099
4996,1366,match_start,0,"King's Row",Hybrid,T_496df5f2,T_8b4000a4,5100
4997,1366,match_start,0,Ilios,Control,T_496df5f2,T_8b4000a4,5101
4998,1371,match_start,0,Samoa,Control,T_1c43ee12,T_de0009ad,5102
4999,1371,match_start,0,Suravasa,Flashpoint,T_1c43ee12,T_de0009ad,5103
5002,1371,match_start,0,Watchpoint: Gibraltar,Escort,T_de0009ad,T_1c43ee12,5106
5003,1371,match_start,0,"King's Row",Hybrid,T_de0009ad,T_1c43ee12,5107
5004,1372,match_start,0,Samoa,Control,T_de0009ad,T_d2dba261,5108
5006,1372,match_start,0,New Junk City,Flashpoint,T_d2dba261,T_de0009ad,5110
5007,1373,match_start,0,Lijiang Tower,Control,T_38270be3,T_7ba5dfb5,5111
5008,1373,match_start,0,Rialto,Escort,T_38270be3,T_7ba5dfb5,5112
5009,1373,match_start,0,Suravasa,Flashpoint,T_38270be3,T_7ba5dfb5,5113
5010,1373,match_start,0,Runasapi,Push,T_38270be3,T_7ba5dfb5,5114
5012,1374,match_start,0,"King's Row",Hybrid,T_496df5f2,T_41934d9d,5116
5013,1374,match_start,0,Shambali Monastery,Escort,T_496df5f2,T_41934d9d,5117
5014,1374,match_start,0,Colosseo,Push,T_496df5f2,T_41934d9d,5118
5015,1374,match_start,0,Suravasa,Flashpoint,T_496df5f2,T_41934d9d,5119
5016,1374,match_start,0,Hollywood,Hybrid,T_496df5f2,T_41934d9d,5120
5017,1374,match_start,0,Samoa,Control,T_496df5f2,T_41934d9d,5121
5018,1375,match_start,0,Lijiang Tower,Control,T_5568bd9d,T_a02bf5e9,5122
5020,1375,match_start,0,Watchpoint: Gibraltar,Escort,T_5568bd9d,T_a02bf5e9,5124
5022,1375,match_start,0,New Junk City,Flashpoint,T_5568bd9d,T_a02bf5e9,5126
5023,1375,match_start,0,Colosseo,Push,T_5568bd9d,T_a02bf5e9,5127
5024,1375,match_start,0,Circuit royal,Escort,T_5568bd9d,T_a02bf5e9,5128
5025,1376,match_start,0,Lijiang Tower,Control,T_5568bd9d,T_a02bf5e9,5129
5026,1377,match_start,0,Dorado,Escort,T_5568bd9d,T_a02bf5e9,5130
5027,1377,match_start,0,Eichenwalde,Hybrid,T_5568bd9d,T_a02bf5e9,5131
5028,1377,match_start,0,Dorado,Escort,T_5568bd9d,T_a02bf5e9,5132
5029,1377,match_start,0,Lijiang Tower,Control,T_5568bd9d,T_a02bf5e9,5133
5030,1379,match_start,0,Busan,Control,T_3238eb96,T_7f8ba35f,5134
5031,1379,match_start,0,Blizzard World,Hybrid,T_3238eb96,T_7f8ba35f,5135
5032,1379,match_start,0,Suravasa,Flashpoint,T_3238eb96,T_7f8ba35f,5136
5033,1379,match_start,0,New Queen Street,Push,T_3238eb96,T_7f8ba35f,5137
5034,1379,match_start,0,Watchpoint: Gibraltar,Escort,T_3238eb96,T_7f8ba35f,5138
5037,1380,match_start,0,Lijiang Tower,Control,T_496df5f2,T_285e8464,5141
5038,1380,match_start,0,Shambali Monastery,Escort,T_496df5f2,T_285e8464,5142
5039,1380,match_start,0,Suravasa,Flashpoint,T_496df5f2,T_285e8464,5143
5040,1380,match_start,0,"King's Row",Hybrid,T_496df5f2,T_285e8464,5144
5041,1380,match_start,0,New Queen Street,Push,T_496df5f2,T_285e8464,5145
5042,1380,match_start,0,Eichenwalde,Hybrid,T_496df5f2,T_285e8464,5146
5049,1389,match_start,0,"King's Row",Hybrid,T_5568bd9d,T_a02bf5e9,5153
5050,1389,match_start,0,Suravasa,Flashpoint,T_5568bd9d,T_a02bf5e9,5154
5051,1389,match_start,0,Route 66,Escort,T_5568bd9d,T_a02bf5e9,5155
5052,1389,match_start,0,Runasapi,Push,T_5568bd9d,T_a02bf5e9,5156
5053,1390,match_start,0,Havana,Escort,T_5568bd9d,T_a02bf5e9,5157
5054,1390,match_start,0,New Queen Street,Push,T_5568bd9d,T_a02bf5e9,5158
5055,1390,match_start,0,Numbani,Hybrid,T_5568bd9d,T_a02bf5e9,5159
5056,1390,match_start,0,Route 66,Escort,T_5568bd9d,T_a02bf5e9,5160
5057,1391,match_start,0,Oasis,Control,T_7188b826,T_31bf65b3,5161
5061,1392,match_start,0,"King's Row",Hybrid,T_5568bd9d,T_a02bf5e9,5165
5064,1392,match_start,0,Dorado,Escort,T_5568bd9d,T_a02bf5e9,5168
5066,1393,match_start,0,Runasapi,Push,T_5568bd9d,T_a02bf5e9,5170
5067,1393,match_start,0,New Junk City,Flashpoint,T_5568bd9d,T_a02bf5e9,5171
5069,1393,match_start,0,Busan,Control,T_5568bd9d,T_a02bf5e9,5173
5070,1393,match_start,0,"King's Row",Hybrid,T_5568bd9d,T_a02bf5e9,5174
5073,1394,match_start,0,Suravasa,Flashpoint,T_5568bd9d,T_a02bf5e9,5177
5074,1394,match_start,0,Junkertown,Escort,T_5568bd9d,T_a02bf5e9,5178
5076,1395,match_start,0,"King's Row",Hybrid,T_5568bd9d,T_a02bf5e9,5180
5077,1396,match_start,0,Lijiang Tower,Control,T_5568bd9d,T_a02bf5e9,5181
5078,1396,match_start,0,"King's Row",Hybrid,T_1699ed97,T_a02bf5e9,5182
5080,1396,match_start,0,Dorado,Escort,T_1699ed97,T_a02bf5e9,5184
5081,1396,match_start,0,New Junk City,Flashpoint,T_1699ed97,T_a02bf5e9,5185
5082,1397,match_start,0,Oasis,Control,T_5568bd9d,T_a02bf5e9,5186
5083,1397,match_start,0,Watchpoint: Gibraltar,Escort,T_5568bd9d,T_a02bf5e9,5187
5084,1397,match_start,0,New Junk City,Flashpoint,T_5568bd9d,T_a02bf5e9,5188
5085,1397,match_start,0,Hollywood,Hybrid,T_5568bd9d,T_a02bf5e9,5189
5086,1398,match_start,0,Nepal,Control,T_5568bd9d,T_a02bf5e9,5190
5087,1398,match_start,0,Suravasa,Flashpoint,T_5568bd9d,T_a02bf5e9,5191
5088,1398,match_start,0,Dorado,Escort,T_5568bd9d,T_a02bf5e9,5192
5089,1398,match_start,0,Circuit royal,Escort,T_5568bd9d,T_a02bf5e9,5193
5090,1398,match_start,0,"King's Row",Hybrid,T_5568bd9d,T_a02bf5e9,5194
5091,1400,match_start,0,Route 66,Escort,T_5568bd9d,T_a02bf5e9,5195
5092,1401,match_start,0,"King's Row",Hybrid,T_5568bd9d,T_a02bf5e9,5196
5093,1401,match_start,0,Suravasa,Flashpoint,T_5568bd9d,T_a02bf5e9,5197
5094,1401,match_start,0,Watchpoint: Gibraltar,Escort,T_5568bd9d,T_a02bf5e9,5198
5095,1401,match_start,0,Circuit royal,Escort,T_5568bd9d,T_a02bf5e9,5199
5096,1401,match_start,0,Runasapi,Push,T_5568bd9d,T_a02bf5e9,5200
5097,1404,match_start,0,Oasis,Control,T_5568bd9d,T_a02bf5e9,5201
5098,1404,match_start,0,Midtown,Hybrid,T_5568bd9d,T_a02bf5e9,5202
5099,1404,match_start,0,Midtown,Hybrid,T_5568bd9d,T_a02bf5e9,5203
5100,1404,match_start,0,Watchpoint: Gibraltar,Escort,T_5568bd9d,T_a02bf5e9,5204
5101,1404,match_start,0,Runasapi,Push,T_5568bd9d,T_a02bf5e9,5205
5102,1404,match_start,0,New Junk City,Flashpoint,T_5568bd9d,T_a02bf5e9,5206
5103,1405,match_start,0,Oasis,Control,T_5568bd9d,T_a02bf5e9,5207
5104,1406,match_start,0,Oasis,Control,T_5568bd9d,T_a02bf5e9,5208
5105,1406,match_start,0,Midtown,Hybrid,T_5568bd9d,T_a02bf5e9,5209
5106,1406,match_start,0,Midtown,Hybrid,T_5568bd9d,T_a02bf5e9,5210
5109,1406,match_start,0,New Junk City,Flashpoint,T_5568bd9d,T_a02bf5e9,5213
5110,1407,match_start,0,Ilios,Control,T_5568bd9d,T_a02bf5e9,5214
5111,1407,match_start,0,Suravasa,Flashpoint,T_5568bd9d,T_a02bf5e9,5215
5112,1407,match_start,0,Runasapi,Push,T_5568bd9d,T_a02bf5e9,5216
5113,1407,match_start,0,Hollywood,Hybrid,T_5568bd9d,T_a02bf5e9,5217
5114,1407,match_start,0,Suravasa,Flashpoint,T_5568bd9d,T_a02bf5e9,5218
5119,1408,match_start,0,Suravasa,Flashpoint,T_5568bd9d,T_a02bf5e9,5223
5120,1409,match_start,0,Oasis,Control,T_5568bd9d,T_a02bf5e9,5224
5121,1409,match_start,0,Suravasa,Flashpoint,T_5568bd9d,T_a02bf5e9,5225
5122,1409,match_start,0,Runasapi,Push,T_5568bd9d,T_a02bf5e9,5226
5123,1409,match_start,0,"King's Row",Hybrid,T_5568bd9d,T_a02bf5e9,5227
5124,1409,match_start,0,Ilios,Control,T_5568bd9d,T_a02bf5e9,5228
5125,1410,match_start,0,Ilios,Control,T_5568bd9d,T_a02bf5e9,5229
5126,1410,match_start,0,Ilios,Control,T_5568bd9d,T_a02bf5e9,5230
5127,1410,match_start,0,Circuit royal,Escort,T_5568bd9d,T_a02bf5e9,5231
5128,1410,match_start,0,New Junk City,Flashpoint,T_5568bd9d,T_a02bf5e9,5232
5129,1410,match_start,0,"King's Row",Hybrid,T_5568bd9d,T_a02bf5e9,5233
5130,1410,match_start,0,Colosseo,Push,T_5568bd9d,T_a02bf5e9,5234
5131,1411,match_start,0,Oasis,Control,T_5568bd9d,T_a02bf5e9,5235
5132,1411,match_start,0,Suravasa,Flashpoint,T_5568bd9d,T_a02bf5e9,5236
5133,1411,match_start,0,Midtown,Hybrid,T_5568bd9d,T_a02bf5e9,5237
5134,1411,match_start,0,Circuit royal,Escort,T_5568bd9d,T_a02bf5e9,5238
5135,1411,match_start,0,Colosseo,Push,T_5568bd9d,T_a02bf5e9,5239
5136,1412,match_start,0,Ilios,Control,T_5568bd9d,T_a02bf5e9,5240
5137,1413,match_start,0,Ilios,Control,T_5568bd9d,T_a02bf5e9,5241
5138,1412,match_start,0,Circuit royal,Escort,T_5568bd9d,T_a02bf5e9,5242
5139,1412,match_start,0,New Junk City,Flashpoint,T_5568bd9d,T_a02bf5e9,5243
5140,1412,match_start,0,Midtown,Hybrid,T_5568bd9d,T_a02bf5e9,5244
5141,1412,match_start,0,Runasapi,Push,T_5568bd9d,T_a02bf5e9,5245
5142,1412,match_start,0,Runasapi,Push,T_5568bd9d,T_a02bf5e9,5246
5143,1414,match_start,0,Oasis,Control,T_5568bd9d,T_a02bf5e9,5247
5144,1414,match_start,0,"King's Row",Hybrid,T_5568bd9d,T_a02bf5e9,5248
5145,1414,match_start,0,Circuit royal,Escort,T_5568bd9d,T_a02bf5e9,5249
5150,1419,match_start,0,Nepal,Control,T_dc7a587c,T_a02bf5e9,5254
5151,1420,match_start,0,Oasis,Control,T_5568bd9d,T_a02bf5e9,5255
5152,1420,match_start,0,Runasapi,Push,T_5568bd9d,T_a02bf5e9,5256
5153,1420,match_start,0,Watchpoint: Gibraltar,Escort,T_5568bd9d,T_a02bf5e9,5257
5154,1420,match_start,0,Suravasa,Flashpoint,T_5568bd9d,T_a02bf5e9,5258
5155,1420,match_start,0,Suravasa,Flashpoint,T_5568bd9d,T_a02bf5e9,5259
5156,1420,match_start,0,Suravasa,Flashpoint,T_5568bd9d,T_a02bf5e9,5260
3809,997,match_start,0,"King's Row (Winter)",Hybrid,T_aa9f4ebe,T_68c6a1f8,
5162,1419,match_start,0,Hollywood,Hybrid,T_dc7a587c,T_a02bf5e9,5266
5163,1419,match_start,0,Watchpoint: Gibraltar,Escort,T_dc7a587c,T_a02bf5e9,5267
5164,1419,match_start,0,Colosseo,Push,T_dc7a587c,T_a02bf5e9,5268
5165,1419,match_start,0,New Junk City,Flashpoint,T_dc7a587c,T_a02bf5e9,5269
5166,1419,match_start,0,Lijiang Tower,Control,T_dc7a587c,T_a02bf5e9,5270
5167,1426,match_start,0,Oasis,Control,T_5568bd9d,T_a02bf5e9,5271
5168,1426,match_start,0,Circuit royal,Escort,T_5568bd9d,T_a02bf5e9,5272
5169,1426,match_start,0,Runasapi,Push,T_5568bd9d,T_a02bf5e9,5273
5170,1426,match_start,0,New Junk City,Flashpoint,T_5568bd9d,T_a02bf5e9,5274
5171,1426,match_start,0,Hollywood,Hybrid,T_5568bd9d,T_a02bf5e9,5275
5172,1427,match_start,0,Colosseo,Push,T_5568bd9d,T_a02bf5e9,5276
5173,1427,match_start,0,Ilios,Control,T_5568bd9d,T_a02bf5e9,5277
5174,1427,match_start,0,Suravasa,Flashpoint,T_5568bd9d,T_a02bf5e9,5278
5175,1427,match_start,0,Watchpoint: Gibraltar,Escort,T_5568bd9d,T_a02bf5e9,5279
5176,1427,match_start,0,Runasapi,Push,T_5568bd9d,T_a02bf5e9,5280
5177,1428,match_start,0,Oasis,Control,T_5568bd9d,T_a02bf5e9,5281
5178,1428,match_start,0,Suravasa,Flashpoint,T_5568bd9d,T_a02bf5e9,5282
5179,1428,match_start,0,"King's Row",Hybrid,T_5568bd9d,T_a02bf5e9,5283
5180,1428,match_start,0,Circuit royal,Escort,T_5568bd9d,T_a02bf5e9,5284
5181,1428,match_start,0,Colosseo,Push,T_5568bd9d,T_a02bf5e9,5285
5182,1429,match_start,0,Oasis,Control,T_5568bd9d,T_a02bf5e9,5286
5183,1429,match_start,0,Colosseo,Push,T_5568bd9d,T_a02bf5e9,5287
5184,1429,match_start,0,Watchpoint: Gibraltar,Escort,T_5568bd9d,T_a02bf5e9,5288
5185,1429,match_start,0,"King's Row",Hybrid,T_5568bd9d,T_a02bf5e9,5289
5186,1429,match_start,0,Suravasa,Flashpoint,T_5568bd9d,T_a02bf5e9,5290
5187,1430,match_start,0,Hollywood,Hybrid,T_5568bd9d,T_a02bf5e9,5291
5188,1430,match_start,0,Hollywood,Hybrid,T_5568bd9d,T_a02bf5e9,5292
5189,1430,match_start,0,Circuit royal,Escort,T_5568bd9d,T_a02bf5e9,5293
5190,1430,match_start,0,Midtown,Hybrid,T_5568bd9d,T_a02bf5e9,5294
5191,1430,match_start,0,Runasapi,Push,T_5568bd9d,T_a02bf5e9,5295
5192,1431,match_start,0,Lijiang Tower,Control,T_5568bd9d,T_a02bf5e9,5296
5193,1431,match_start,0,Watchpoint: Gibraltar,Escort,T_5568bd9d,T_a02bf5e9,5297
5194,1431,match_start,0,Circuit royal,Escort,T_5568bd9d,T_a02bf5e9,5298
5195,1431,match_start,0,"King's Row",Hybrid,T_5568bd9d,T_a02bf5e9,5299
5196,1431,match_start,0,New Junk City,Flashpoint,T_5568bd9d,T_a02bf5e9,5300
5197,1432,match_start,0,Lijiang Tower,Control,T_5568bd9d,T_a02bf5e9,5301
5198,1432,match_start,0,Suravasa,Flashpoint,T_5568bd9d,T_a02bf5e9,5302
5199,1432,match_start,0,Watchpoint: Gibraltar,Escort,T_5568bd9d,T_a02bf5e9,5303
5200,1432,match_start,0,Runasapi,Push,T_5568bd9d,T_a02bf5e9,5304
5201,1432,match_start,0,Runasapi,Push,T_5568bd9d,T_a02bf5e9,5305
5202,1432,match_start,0,Circuit royal,Escort,T_5568bd9d,T_a02bf5e9,5306
5203,1432,match_start,0,Runasapi,Push,T_5568bd9d,T_a02bf5e9,5307
5205,1434,match_start,0,Circuit royal,Escort,T_5568bd9d,T_a02bf5e9,5309
5206,1434,match_start,0,Busan,Control,T_5568bd9d,T_a02bf5e9,5310
5208,1434,match_start,0,Colosseo,Push,T_5568bd9d,T_a02bf5e9,5312
5209,1420,match_start,0,"King's Row",Hybrid,T_5568bd9d,T_a02bf5e9,5313
5210,1432,match_start,0,Runasapi,Push,T_5568bd9d,T_a02bf5e9,5314
5211,1432,match_start,0,Runasapi,Push,T_5568bd9d,T_a02bf5e9,5315
5212,1434,match_start,0,"King's Row",Hybrid,T_5568bd9d,T_a02bf5e9,5316
5214,1435,match_start,0,New Junk City,Flashpoint,T_e5a93ed2,T_67df9af7,5318
5215,1436,match_start,0,Oasis,Control,T_5568bd9d,T_a02bf5e9,5319
5216,1436,match_start,0,Ilios,Control,T_5568bd9d,T_a02bf5e9,5320
5217,1436,match_start,0,Runasapi,Push,T_5568bd9d,T_a02bf5e9,5321
5218,1436,match_start,0,Circuit royal,Escort,T_5568bd9d,T_a02bf5e9,5322
5219,1436,match_start,0,Suravasa,Flashpoint,T_5568bd9d,T_a02bf5e9,5323
5220,1437,match_start,0,Busan,Control,T_ecb05279,T_360e64d5,5324
5221,1437,match_start,0,Watchpoint: Gibraltar,Escort,T_ecb05279,T_360e64d5,5325
5222,1437,match_start,0,"King's Row",Hybrid,T_ecb05279,T_360e64d5,5326
5223,1437,match_start,0,Colosseo,Push,T_ecb05279,T_360e64d5,5327
5224,1437,match_start,0,Circuit royal,Escort,T_ecb05279,T_360e64d5,5328
5225,1438,match_start,0,Lijiang Tower,Control,T_5568bd9d,T_a02bf5e9,5329
5226,1438,match_start,0,Oasis,Control,T_5568bd9d,T_a02bf5e9,5330
5227,1438,match_start,0,New Queen Street,Push,T_5568bd9d,T_a02bf5e9,5331
5228,1438,match_start,0,Colosseo,Push,T_5568bd9d,T_a02bf5e9,5332
5229,1438,match_start,0,Watchpoint: Gibraltar,Escort,T_5568bd9d,T_a02bf5e9,5333
5230,1439,match_start,0,Watchpoint: Gibraltar,Escort,T_5568bd9d,T_a02bf5e9,5334
5231,1439,match_start,0,Runasapi,Push,T_5568bd9d,T_a02bf5e9,5335
5232,1439,match_start,0,Midtown,Hybrid,T_5568bd9d,T_a02bf5e9,5336
5233,1439,match_start,0,Suravasa,Flashpoint,T_5568bd9d,T_a02bf5e9,5337
5234,1439,match_start,0,Ilios,Control,T_5568bd9d,T_a02bf5e9,5338
5235,1440,match_start,0,Oasis,Control,T_57756dd1,T_f40af949,5339
5236,1440,match_start,0,Runasapi,Push,T_57756dd1,T_f40af949,5340
5237,1440,match_start,0,Runasapi,Push,T_57756dd1,T_f40af949,5341
5238,1440,match_start,0,Watchpoint: Gibraltar,Escort,T_57756dd1,T_f40af949,5342
5239,1440,match_start,0,Suravasa,Flashpoint,T_57756dd1,T_f40af949,5343
5240,1440,match_start,0,Midtown,Hybrid,T_57756dd1,T_f40af949,5344
5241,1441,match_start,0,"King's Row",Hybrid,T_5568bd9d,T_a02bf5e9,5345
5242,1441,match_start,0,Lijiang Tower,Control,T_5568bd9d,T_a02bf5e9,5346
5243,1441,match_start,0,Suravasa,Flashpoint,T_5568bd9d,T_a02bf5e9,5347
5244,1441,match_start,0,Lijiang Tower,Control,T_5568bd9d,T_a02bf5e9,5348
5245,1441,match_start,0,Lijiang Tower,Control,T_5568bd9d,T_a02bf5e9,5349
5246,1441,match_start,0,New Queen Street,Push,T_5568bd9d,T_a02bf5e9,5350
5248,1442,match_start,0,Ilios,Control,T_5568bd9d,T_a02bf5e9,5352
5249,1442,match_start,0,Midtown,Hybrid,T_5568bd9d,T_a02bf5e9,5353
5250,1442,match_start,0,Dorado,Escort,T_5568bd9d,T_a02bf5e9,5354
5251,1442,match_start,0,New Junk City,Flashpoint,T_5568bd9d,T_a02bf5e9,5355
5252,1442,match_start,0,Runasapi,Push,T_5568bd9d,T_a02bf5e9,5356
5253,1442,match_start,0,"King's Row",Hybrid,T_5568bd9d,T_a02bf5e9,5357
5254,1443,match_start,0,Oasis,Control,T_5568bd9d,T_a02bf5e9,5358
5255,1443,match_start,0,Dorado,Escort,T_5568bd9d,T_a02bf5e9,5359
5256,1443,match_start,0,Dorado,Escort,T_5568bd9d,T_a02bf5e9,5360
5257,1443,match_start,0,Midtown,Hybrid,T_5568bd9d,T_a02bf5e9,5361
5258,1443,match_start,0,Circuit royal,Escort,T_5568bd9d,T_a02bf5e9,5362
5259,1443,match_start,0,Runasapi,Push,T_5568bd9d,T_a02bf5e9,5363
5260,1443,match_start,0,"King's Row",Hybrid,T_5568bd9d,T_a02bf5e9,5364
3836,1003,match_start,0,Esperança,Push,T_1699ed97,T_a02bf5e9,
5276,1448,match_start,0,New Queen Street,Push,T_c755d549,T_356d3903,5380
5277,1445,match_start,0,Hollywood,Hybrid,T_496df5f2,T_dfa2d504,5381
5280,1449,match_start,0,Suravasa,Flashpoint,T_e49a88c8,T_7e55086c,5384
5281,1449,match_start,0,Hollywood,Hybrid,T_e49a88c8,T_7e55086c,5385
5282,1450,match_start,0,Oasis,Control,T_e49a88c8,T_9998ee2f,5386
5285,1450,match_start,0,Circuit royal,Escort,T_e49a88c8,T_9998ee2f,5389
5286,1450,match_start,0,Runasapi,Push,T_e49a88c8,T_9998ee2f,5390
5287,1450,match_start,0,Oasis,Control,T_e49a88c8,T_9998ee2f,5391
5288,1451,match_start,0,Ilios,Control,T_1699ed97,T_a02bf5e9,5392
5289,1451,match_start,0,Runasapi,Push,T_1699ed97,T_a02bf5e9,5393
5290,1451,match_start,0,Hollywood,Hybrid,T_1699ed97,T_a02bf5e9,5394
5292,1451,match_start,0,Route 66,Escort,T_1699ed97,T_a02bf5e9,5396
5293,1451,match_start,0,New Junk City,Flashpoint,T_1699ed97,T_a02bf5e9,5397
5294,1452,match_start,0,Oasis,Control,T_5568bd9d,T_a02bf5e9,5398
5295,1452,match_start,0,Circuit royal,Escort,T_5568bd9d,T_a02bf5e9,5399
5296,1452,match_start,0,Suravasa,Flashpoint,T_5568bd9d,T_a02bf5e9,5400
5297,1452,match_start,0,Hollywood,Hybrid,T_5568bd9d,T_a02bf5e9,5401
5298,1452,match_start,0,Runasapi,Push,T_5568bd9d,T_a02bf5e9,5402
5299,1452,match_start,0,"King's Row",Hybrid,T_5568bd9d,T_a02bf5e9,5403
5301,1453,match_start,0,Busan,Control,T_5568bd9d,T_a02bf5e9,5405
5302,1453,match_start,0,Circuit royal,Escort,T_1699ed97,T_a02bf5e9,5406
5303,1453,match_start,0,"King's Row",Hybrid,T_1699ed97,T_a02bf5e9,5407
5304,1453,match_start,0,Suravasa,Flashpoint,T_1699ed97,T_a02bf5e9,5408
5305,1453,match_start,0,New Queen Street,Push,T_1699ed97,T_a02bf5e9,5409
5306,1453,match_start,0,Rialto,Escort,T_1699ed97,T_a02bf5e9,5410
5307,1454,match_start,0,Ilios,Control,T_5568bd9d,T_a02bf5e9,5411
5308,1455,match_start,0,Oasis,Control,T_5568bd9d,T_a02bf5e9,5412
5309,1455,match_start,0,Circuit royal,Escort,T_5568bd9d,T_a02bf5e9,5413
5312,1455,match_start,0,New Junk City,Flashpoint,T_5568bd9d,T_a02bf5e9,5416
5315,1456,match_start,0,New Queen Street,Push,T_5568bd9d,T_a02bf5e9,5419
5316,1457,match_start,0,New Queen Street,Push,T_02be34b6,T_73334c8f,5420
5317,1455,match_start,0,Shambali Monastery,Escort,T_5568bd9d,T_a02bf5e9,5421
5318,1458,match_start,0,Lijiang Tower,Control,T_5568bd9d,T_a02bf5e9,5422
5319,1458,match_start,0,Route 66,Escort,T_5568bd9d,T_a02bf5e9,5423
5320,1458,match_start,0,"King's Row (Winter)",Hybrid,T_5568bd9d,T_a02bf5e9,5424
5321,1458,match_start,0,Esperança,Push,T_5568bd9d,T_a02bf5e9,5425
5322,1458,match_start,0,Aatlis,Flashpoint,T_5568bd9d,T_a02bf5e9,5426
5323,1459,match_start,0,Lijiang Tower,Control,T_5568bd9d,T_a02bf5e9,5427
5324,1459,match_start,0,Eichenwalde,Hybrid,T_5568bd9d,T_a02bf5e9,5428
5327,1459,match_start,0,Circuit royal,Escort,T_5568bd9d,T_a02bf5e9,5431
5329,1461,match_start,0,Lijiang Tower,Control,T_5568bd9d,T_a02bf5e9,5433
5330,1461,match_start,0,Eichenwalde,Hybrid,T_5568bd9d,T_a02bf5e9,5434
5331,1461,match_start,0,Esperança,Push,T_5568bd9d,T_a02bf5e9,5435
5333,1461,match_start,0,Circuit royal,Escort,T_5568bd9d,T_a02bf5e9,5437
5334,1461,match_start,0,Aatlis,Flashpoint,T_5568bd9d,T_a02bf5e9,5438
5335,1462,match_start,0,Lijiang Tower,Control,T_5568bd9d,T_a02bf5e9,5439
5336,1462,match_start,0,Blizzard World,Hybrid,T_5568bd9d,T_a02bf5e9,5440
5338,1462,match_start,0,Circuit royal,Escort,T_5568bd9d,T_a02bf5e9,5442
5339,1462,match_start,0,Colosseo,Push,T_5568bd9d,T_a02bf5e9,5443
5340,1462,match_start,0,Oasis,Control,T_5568bd9d,T_a02bf5e9,5444
5341,1462,match_start,0,Aatlis,Flashpoint,T_5568bd9d,T_a02bf5e9,5445
5343,1464,match_start,0,Samoa,Control,T_d6f0c499,T_a02bf5e9,5447
5345,1464,match_start,0,"King's Row",Hybrid,T_d6f0c499,T_f8574642,5449
5346,1464,match_start,0,Watchpoint: Gibraltar,Escort,T_b55b70a5,T_7611e5d7,5450
5347,1464,match_start,0,Colosseo,Push,T_b55b70a5,T_7611e5d7,5451
5348,1464,match_start,0,Suravasa,Flashpoint,T_b55b70a5,T_7611e5d7,5452
5349,1465,match_start,0,Oasis,Control,T_5568bd9d,T_a02bf5e9,5453
5350,1465,match_start,0,Midtown,Hybrid,T_5568bd9d,T_a02bf5e9,5454
5351,1466,match_start,0,Circuit royal,Escort,T_5568bd9d,T_a02bf5e9,5455
5352,1465,match_start,0,Shambali Monastery,Escort,T_5568bd9d,T_a02bf5e9,5456
5353,1465,match_start,0,Aatlis,Flashpoint,T_5568bd9d,T_a02bf5e9,5457
5356,1466,match_start,0,Colosseo,Push,T_5568bd9d,T_a02bf5e9,5460
5357,1466,match_start,0,Aatlis,Flashpoint,T_5568bd9d,T_a02bf5e9,5461
5358,1466,match_start,0,Lijiang Tower,Control,T_5568bd9d,T_a02bf5e9,5462
5360,1467,match_start,0,Watchpoint: Gibraltar,Escort,T_5568bd9d,T_a02bf5e9,5464
5361,1467,match_start,0,Aatlis,Flashpoint,T_5568bd9d,T_a02bf5e9,5465
5362,1473,match_start,0,Lijiang Tower,Control,T_5568bd9d,T_a02bf5e9,5466
5366,1473,match_start,0,Watchpoint: Gibraltar,Escort,T_5568bd9d,T_a02bf5e9,5470
5367,1473,match_start,0,Midtown,Hybrid,T_5568bd9d,T_a02bf5e9,5471
5368,1473,match_start,0,Aatlis,Flashpoint,T_5568bd9d,T_a02bf5e9,5472
5378,1473,match_start,0,Colosseo,Push,T_5568bd9d,T_a02bf5e9,5482
5379,1474,match_start,0,Lijiang Tower,Control,T_5568bd9d,T_a02bf5e9,5483
5380,1474,match_start,0,Blizzard World,Hybrid,T_5568bd9d,T_a02bf5e9,5484
5381,1474,match_start,0,Circuit royal,Escort,T_5568bd9d,T_a02bf5e9,5485
5382,1474,match_start,0,Aatlis,Flashpoint,T_5568bd9d,T_a02bf5e9,5486
5383,1474,match_start,0,Esperança,Push,T_5568bd9d,T_a02bf5e9,5487
5384,1475,match_start,0,Samoa,Control,T_5568bd9d,T_a02bf5e9,5488
5385,1475,match_start,0,Watchpoint: Gibraltar,Escort,T_5568bd9d,T_a02bf5e9,5489
5386,1475,match_start,0,Paraíso,Hybrid,T_5568bd9d,T_a02bf5e9,5490
5387,1475,match_start,0,New Queen Street,Push,T_5568bd9d,T_a02bf5e9,5491
5388,1475,match_start,0,Aatlis,Flashpoint,T_5568bd9d,T_a02bf5e9,5492
5389,1475,match_start,0,Dorado,Escort,T_5568bd9d,T_a02bf5e9,5493
5390,1476,match_start,0,Oasis,Control,T_5568bd9d,T_a02bf5e9,5494
5391,1476,match_start,0,New Junk City,Flashpoint,T_5568bd9d,T_a02bf5e9,5495
5392,1476,match_start,0,Aatlis,Flashpoint,T_5568bd9d,T_a02bf5e9,5496
5394,1477,match_start,0,Oasis,Control,T_5568bd9d,T_a02bf5e9,5498
5395,1478,match_start,0,Oasis,Control,T_5568bd9d,T_a02bf5e9,5499
5396,1479,match_start,0,"King's Row",Hybrid,T_1699ed97,T_a02bf5e9,5500
5397,1479,match_start,0,New Queen Street,Push,T_1699ed97,T_a02bf5e9,5501
5398,1479,match_start,0,Route 66,Escort,T_1699ed97,T_a02bf5e9,5502
5399,1479,match_start,0,Oasis,Control,T_5568bd9d,T_a02bf5e9,5503
5400,1476,match_start,0,Esperança,Push,T_5568bd9d,T_a02bf5e9,5504
5401,1476,match_start,0,Eichenwalde,Hybrid,T_5568bd9d,T_a02bf5e9,5505
5403,1481,match_start,0,Lijiang Tower,Control,T_5568bd9d,T_a02bf5e9,5507
5404,1481,match_start,0,Watchpoint: Gibraltar,Escort,T_5568bd9d,T_a02bf5e9,5508
5405,1481,match_start,0,Aatlis,Flashpoint,T_5568bd9d,T_a02bf5e9,5509
5406,1481,match_start,0,Blizzard World,Hybrid,T_5568bd9d,T_a02bf5e9,5510
5407,1481,match_start,0,Colosseo,Push,T_5568bd9d,T_a02bf5e9,5511
5408,1481,match_start,0,Nepal,Control,T_5568bd9d,T_a02bf5e9,5512
5409,1481,match_start,0,Blizzard World,Hybrid,T_5568bd9d,T_a02bf5e9,5513
5412,1485,match_start,0,Blizzard World,Hybrid,T_5568bd9d,T_a02bf5e9,5516
5415,1485,match_start,0,Antarctic Peninsula,Control,T_5568bd9d,T_a02bf5e9,5519
5416,1485,match_start,0,New Queen Street,Push,T_5568bd9d,T_a02bf5e9,5520
5417,1486,match_start,0,Lijiang Tower,Control,T_5568bd9d,T_a02bf5e9,5521
5418,1486,match_start,0,Watchpoint: Gibraltar,Escort,T_5568bd9d,T_a02bf5e9,5522
5419,1486,match_start,0,New Junk City,Flashpoint,T_5568bd9d,T_a02bf5e9,5523
5420,1486,match_start,0,Eichenwalde,Hybrid,T_5568bd9d,T_a02bf5e9,5524
5421,1486,match_start,0,Esperança,Push,T_5568bd9d,T_a02bf5e9,5525
5422,1486,match_start,0,Oasis,Control,T_5568bd9d,T_a02bf5e9,5526
5424,1487,match_start,0,Oasis,Control,T_5568bd9d,T_a02bf5e9,5528
5425,1487,match_start,0,"King's Row",Hybrid,T_5568bd9d,T_a02bf5e9,5529
5426,1487,match_start,0,New Junk City,Flashpoint,T_5568bd9d,T_a02bf5e9,5530
5427,1487,match_start,0,Runasapi,Push,T_5568bd9d,T_a02bf5e9,5531
5428,1487,match_start,0,Watchpoint: Gibraltar,Escort,T_5568bd9d,T_a02bf5e9,5532
5429,1488,match_start,0,Oasis,Control,T_5568bd9d,T_a02bf5e9,5533
5431,1490,match_start,0,Blizzard World,Hybrid,T_5568bd9d,T_a02bf5e9,5535
5432,1490,match_start,0,Aatlis,Flashpoint,T_5568bd9d,T_a02bf5e9,5536
5433,1490,match_start,0,Watchpoint: Gibraltar,Escort,T_5568bd9d,T_a02bf5e9,5537
5434,1490,match_start,0,Lijiang Tower,Control,T_5568bd9d,T_a02bf5e9,5538
5435,1490,match_start,0,Runasapi,Push,T_5568bd9d,T_a02bf5e9,5539
5437,1492,match_start,0,Lijiang Tower,Control,T_5568bd9d,T_a02bf5e9,5541
5438,1492,match_start,0,Midtown,Hybrid,T_5568bd9d,T_a02bf5e9,5542
5439,1492,match_start,0,Watchpoint: Gibraltar,Escort,T_5568bd9d,T_a02bf5e9,5543
5440,1492,match_start,0,Watchpoint: Gibraltar,Escort,T_5568bd9d,T_a02bf5e9,5544
5441,1492,match_start,0,Aatlis,Flashpoint,T_5568bd9d,T_a02bf5e9,5545
5443,1493,match_start,0,Antarctic Peninsula,Control,T_5568bd9d,T_a02bf5e9,5547
5444,1493,match_start,0,"King's Row",Hybrid,T_5568bd9d,T_a02bf5e9,5548
5445,1493,match_start,0,Watchpoint: Gibraltar,Escort,T_5568bd9d,T_a02bf5e9,5549
5446,1493,match_start,0,Esperança,Push,T_5568bd9d,T_a02bf5e9,5550
5447,1493,match_start,0,Suravasa,Flashpoint,T_5568bd9d,T_a02bf5e9,5551
5448,1493,match_start,0,Watchpoint: Gibraltar,Escort,T_5568bd9d,T_a02bf5e9,5552
5450,1496,match_start,0,Colosseo,Push,T_5568bd9d,T_a02bf5e9,5554
5451,1496,match_start,0,"King's Row",Hybrid,T_5568bd9d,T_a02bf5e9,5555
5452,1496,match_start,0,Oasis,Control,T_5568bd9d,T_a02bf5e9,5556
5453,1496,match_start,0,Circuit royal,Escort,T_5568bd9d,T_a02bf5e9,5557
5454,1498,match_start,0,Lijiang Tower,Control,T_5568bd9d,T_a02bf5e9,5558
5455,1498,match_start,0,Blizzard World,Hybrid,T_5568bd9d,T_a02bf5e9,5559
5456,1498,match_start,0,Aatlis,Flashpoint,T_5568bd9d,T_a02bf5e9,5560
5457,1498,match_start,0,Circuit royal,Escort,T_5568bd9d,T_a02bf5e9,5561
5458,1498,match_start,0,Esperança,Push,T_5568bd9d,T_a02bf5e9,5562
5459,1498,match_start,0,Oasis,Control,T_5568bd9d,T_a02bf5e9,5563
5463,1499,match_start,0,Aatlis,Flashpoint,T_5568bd9d,T_a02bf5e9,5567
5464,1499,match_start,0,Hollywood,Hybrid,T_5568bd9d,T_a02bf5e9,5568
5466,1500,match_start,0,Nepal,Control,T_5568bd9d,T_a02bf5e9,5570
5467,1500,match_start,0,Numbani,Hybrid,T_5568bd9d,T_a02bf5e9,5571
5468,1500,match_start,0,Route 66,Escort,T_5568bd9d,T_a02bf5e9,5572
5469,1500,match_start,0,Esperança,Push,T_5568bd9d,T_a02bf5e9,5573
5471,1500,match_start,0,Oasis,Control,T_5568bd9d,T_a02bf5e9,5575
5472,1501,match_start,0,Esperança,Push,T_5568bd9d,T_a02bf5e9,5576
5474,1501,match_start,0,Watchpoint: Gibraltar,Escort,T_5568bd9d,T_a02bf5e9,5578
5475,1501,match_start,0,Suravasa,Flashpoint,T_5568bd9d,T_a02bf5e9,5579
5476,1501,match_start,0,Lijiang Tower,Control,T_5568bd9d,T_a02bf5e9,5580
5477,1501,match_start,0,"King's Row",Hybrid,T_5568bd9d,T_a02bf5e9,5581
5481,1502,match_start,0,Hollywood,Hybrid,T_1699ed97,T_a02bf5e9,5585
5482,1502,match_start,0,Colosseo,Push,T_1699ed97,T_a02bf5e9,5586
5483,1503,match_start,0,Lijiang Tower,Control,T_915af013,T_e92a712e,5587
5484,1503,match_start,0,Route 66,Escort,T_915af013,T_e92a712e,5588
5485,1503,match_start,0,Hollywood,Hybrid,T_915af013,T_e92a712e,5589
5486,1503,match_start,0,Hollywood,Hybrid,T_915af013,T_e92a712e,5590
5487,1503,match_start,0,Suravasa,Flashpoint,T_915af013,T_e92a712e,5591
5488,1503,match_start,0,Suravasa,Flashpoint,T_915af013,T_e92a712e,5592
5489,1504,match_start,0,Oasis,Control,T_5568bd9d,T_a02bf5e9,5593
5490,1504,match_start,0,Watchpoint: Gibraltar,Escort,T_5568bd9d,T_a02bf5e9,5594
5492,1504,match_start,0,"King's Row",Hybrid,T_5568bd9d,T_a02bf5e9,5596
5493,1504,match_start,0,Runasapi,Push,T_5568bd9d,T_a02bf5e9,5597
5494,1504,match_start,0,New Junk City,Flashpoint,T_5568bd9d,T_a02bf5e9,5598
5495,1504,match_start,0,New Junk City,Flashpoint,T_5568bd9d,T_a02bf5e9,5599
5496,1504,match_start,0,New Junk City,Flashpoint,T_5568bd9d,T_a02bf5e9,5600
5497,1504,match_start,0,Circuit royal,Escort,T_5568bd9d,T_a02bf5e9,5601
5498,1504,match_start,0,New Junk City,Flashpoint,T_5568bd9d,T_a02bf5e9,5602
5499,1504,match_start,0,New Junk City,Flashpoint,T_5568bd9d,T_a02bf5e9,5603
3897,1025,match_start,0,Circuit royal,Escort,T_bcf820e4,T_3238eb96,
5508,1506,match_start,0,Oasis,Control,T_5568bd9d,T_a02bf5e9,5612
5509,1506,match_start,0,Blizzard World,Hybrid,T_5568bd9d,T_a02bf5e9,5613
5510,1506,match_start,0,Aatlis,Flashpoint,T_5568bd9d,T_a02bf5e9,5614
5511,1506,match_start,0,Shambali Monastery,Escort,T_5568bd9d,T_a02bf5e9,5615
5512,1506,match_start,0,Colosseo,Push,T_5568bd9d,T_a02bf5e9,5616
5516,1503,match_start,0,Hollywood,Hybrid,T_915af013,T_e92a712e,5620
5517,1507,match_start,0,Oasis,Control,T_0d0b6c05,T_1966ca27,5621
5518,1507,match_start,0,Runasapi,Push,T_0d0b6c05,T_1966ca27,5622
5519,1507,match_start,0,Midtown,Hybrid,T_0d0b6c05,T_1966ca27,5623
5520,1507,match_start,0,Circuit royal,Escort,T_0d0b6c05,T_1966ca27,5624
5521,1507,match_start,0,Suravasa,Flashpoint,T_0d0b6c05,T_1966ca27,5625
5522,1507,match_start,0,Suravasa,Flashpoint,T_0d0b6c05,T_1966ca27,5626
5523,1508,match_start,0,Blizzard World,Hybrid,T_5568bd9d,T_a02bf5e9,5627
5524,1508,match_start,0,Lijiang Tower,Control,T_5568bd9d,T_a02bf5e9,5628
5526,1509,match_start,0,Rialto,Escort,T_5568bd9d,T_a02bf5e9,5630
5527,1509,match_start,0,Rialto,Escort,T_5568bd9d,T_a02bf5e9,5631
5528,1509,match_start,0,Blizzard World,Hybrid,T_5568bd9d,T_a02bf5e9,5632
5529,1509,match_start,0,New Queen Street,Push,T_5568bd9d,T_a02bf5e9,5633
5530,1509,match_start,0,Aatlis,Flashpoint,T_5568bd9d,T_a02bf5e9,5634
5531,1510,match_start,0,Oasis,Control,T_5568bd9d,T_a02bf5e9,5635
5536,1510,match_start,0,"King's Row",Hybrid,T_5568bd9d,T_a02bf5e9,5640
5540,1510,match_start,0,Watchpoint: Gibraltar,Escort,T_5568bd9d,T_a02bf5e9,5644
5541,1510,match_start,0,New Junk City,Flashpoint,T_5568bd9d,T_a02bf5e9,5645
5542,1510,match_start,0,Runasapi,Push,T_5568bd9d,T_a02bf5e9,5646
5543,1511,match_start,0,Lijiang Tower,Control,T_5568bd9d,T_a02bf5e9,5647
5544,1511,match_start,0,Midtown,Hybrid,T_1699ed97,T_a02bf5e9,5648
5545,1511,match_start,0,Colosseo,Push,T_1699ed97,T_a02bf5e9,5649
5546,1511,match_start,0,Watchpoint: Gibraltar,Escort,T_1699ed97,T_a02bf5e9,5650
5547,1511,match_start,0,New Junk City,Flashpoint,T_1699ed97,T_a02bf5e9,5651
5548,1509,match_start,0,Samoa,Control,T_5568bd9d,T_a02bf5e9,5652
5549,1512,match_start,0,Ilios,Control,T_5568bd9d,T_a02bf5e9,5653
5550,1512,match_start,0,Watchpoint: Gibraltar,Escort,T_5568bd9d,T_a02bf5e9,5654
5551,1512,match_start,0,Aatlis,Flashpoint,T_5568bd9d,T_a02bf5e9,5655
5552,1512,match_start,0,Eichenwalde,Hybrid,T_5568bd9d,T_a02bf5e9,5656
5553,1512,match_start,0,Colosseo,Push,T_5568bd9d,T_a02bf5e9,5657
5554,1512,match_start,0,Lijiang Tower,Control,T_5568bd9d,T_a02bf5e9,5658
5555,1514,match_start,0,Oasis,Control,T_5568bd9d,T_a02bf5e9,5659
5556,1514,match_start,0,Circuit royal,Escort,T_5568bd9d,T_a02bf5e9,5660
5557,1514,match_start,0,New Junk City,Flashpoint,T_5568bd9d,T_a02bf5e9,5661
5558,1514,match_start,0,"King's Row",Hybrid,T_5568bd9d,T_a02bf5e9,5662
5559,1514,match_start,0,Watchpoint: Gibraltar,Escort,T_5568bd9d,T_a02bf5e9,5663
5566,1520,match_start,0,Lijiang Tower,Control,T_5568bd9d,T_a02bf5e9,5670
5567,1520,match_start,0,Dorado,Escort,T_5568bd9d,T_a02bf5e9,5671
5568,1520,match_start,0,Hollywood,Hybrid,T_5568bd9d,T_a02bf5e9,5672
5569,1521,match_start,0,Oasis,Control,T_5568bd9d,T_a02bf5e9,5673
5570,1521,match_start,0,Hollywood,Hybrid,T_2493ae81,T_ec9e865f,5674
5571,1521,match_start,0,Watchpoint: Gibraltar,Escort,T_2493ae81,T_ec9e865f,5675
5572,1521,match_start,0,Suravasa,Flashpoint,T_2493ae81,T_ec9e865f,5676
5573,1521,match_start,0,Colosseo,Push,T_2493ae81,T_ec9e865f,5677
5574,1521,match_start,0,Ilios,Control,T_2493ae81,T_ec9e865f,5678
5575,1520,match_start,0,New Junk City,Flashpoint,T_5568bd9d,T_a02bf5e9,5679
5576,1520,match_start,0,Colosseo,Push,T_5568bd9d,T_a02bf5e9,5680
5577,1520,match_start,0,Oasis,Control,T_5568bd9d,T_a02bf5e9,5681
5589,1522,match_start,0,Oasis,Control,T_96542ce3,T_70a2ca39,5693
5590,1522,match_start,0,Circuit royal,Escort,T_96542ce3,T_70a2ca39,5694
5591,1522,match_start,0,Suravasa,Flashpoint,T_96542ce3,T_70a2ca39,5695
5592,1522,match_start,0,"King's Row",Hybrid,T_96542ce3,T_70a2ca39,5696
5593,1522,match_start,0,New Queen Street,Push,T_96542ce3,T_70a2ca39,5697
5596,1523,match_start,0,Oasis,Control,T_5568bd9d,T_a02bf5e9,5700
5597,1523,match_start,0,Midtown,Hybrid,T_5568bd9d,T_a02bf5e9,5701
5598,1523,match_start,0,Suravasa,Flashpoint,T_5568bd9d,T_a02bf5e9,5702
5610,1525,match_start,0,Lijiang Tower,Control,T_5568bd9d,T_a02bf5e9,5714
5611,1525,match_start,0,"King's Row",Hybrid,T_5568bd9d,T_a02bf5e9,5715
5612,1525,match_start,0,Aatlis,Flashpoint,T_5568bd9d,T_a02bf5e9,5716
5613,1525,match_start,0,New Queen Street,Push,T_5568bd9d,T_a02bf5e9,5717
5614,1525,match_start,0,Watchpoint: Gibraltar,Escort,T_5568bd9d,T_a02bf5e9,5718
5615,1525,match_start,0,Antarctic Peninsula,Control,T_5568bd9d,T_a02bf5e9,5719
5616,1526,match_start,0,Oasis,Control,T_5568bd9d,T_a02bf5e9,5720
5617,1526,match_start,0,Hollywood,Hybrid,T_2493ae81,T_033b8b16,5721
5618,1526,match_start,0,Circuit royal,Escort,T_2493ae81,T_033b8b16,5722
5619,1526,match_start,0,Suravasa,Flashpoint,T_2493ae81,T_033b8b16,5723
5620,1526,match_start,0,Colosseo,Push,T_2493ae81,T_033b8b16,5724
5621,1526,match_start,0,Watchpoint: Gibraltar,Escort,T_2493ae81,T_033b8b16,5725
5622,1527,match_start,0,Havana,Escort,T_5568bd9d,T_a02bf5e9,5726
5623,1529,match_start,0,Busan,Control,T_0601dad8,T_92470a2c,5728
5624,1529,match_start,0,"King's Row",Hybrid,T_5568bd9d,T_a02bf5e9,5729
5625,1529,match_start,0,Watchpoint: Gibraltar,Escort,T_5568bd9d,T_a02bf5e9,5730
5626,1529,match_start,0,Watchpoint: Gibraltar,Escort,T_5568bd9d,T_a02bf5e9,5731
5627,1529,match_start,0,Circuit Royal,Escort,T_5568bd9d,T_a02bf5e9,5732
5628,1529,match_start,0,Suravasa,Flashpoint,T_5568bd9d,T_a02bf5e9,5733
5631,1529,match_start,0,Suravasa,Flashpoint,T_5568bd9d,T_a02bf5e9,5736
5632,1530,match_start,0,Oasis,Control,T_5568bd9d,T_a02bf5e9,5737
5633,1530,match_start,0,"King's Row",Hybrid,T_5568bd9d,T_a02bf5e9,5738
3922,1029,match_start,0,Hanaoka,Clash,T_5568bd9d,T_a02bf5e9,
5636,1534,match_start,0,Lijiang Tower,Control,T_5568bd9d,T_a02bf5e9,5741
5637,1534,match_start,0,"King's Row",Hybrid,T_5568bd9d,T_a02bf5e9,5742
5638,1534,match_start,0,Esperança,Push,T_5568bd9d,T_a02bf5e9,5743
5639,1534,match_start,0,Junkertown,Escort,T_5568bd9d,T_a02bf5e9,5744
5640,1534,match_start,0,Suravasa,Flashpoint,T_5568bd9d,T_a02bf5e9,5745
5641,1534,match_start,0,Ilios,Control,T_5568bd9d,T_a02bf5e9,5746
5642,1535,match_start,0,Antarctic Peninsula,Control,T_5568bd9d,T_a02bf5e9,5747
5643,1535,match_start,0,Junkertown,Escort,T_5568bd9d,T_a02bf5e9,5748
5644,1535,match_start,0,Suravasa,Flashpoint,T_5568bd9d,T_a02bf5e9,5749
5645,1535,match_start,0,Hollywood,Hybrid,T_5568bd9d,T_a02bf5e9,5750
5647,1535,match_start,0,New Queen Street,Push,T_5568bd9d,T_a02bf5e9,5752
5656,1537,match_start,0,Suravasa,Flashpoint,T_5568bd9d,T_a02bf5e9,5761
5657,1537,match_start,0,New Queen Street,Push,T_5568bd9d,T_a02bf5e9,5762
5658,1537,match_start,0,Hollywood,Hybrid,T_5568bd9d,T_a02bf5e9,5763
5659,1537,match_start,0,Antarctic Peninsula,Control,T_5568bd9d,T_a02bf5e9,5764
5660,1537,match_start,0,Junkertown,Escort,T_5568bd9d,T_a02bf5e9,5765
5661,1538,match_start,0,Lijiang Tower,Control,T_5568bd9d,T_a02bf5e9,5766
5662,1539,match_start,0,Lijiang Tower,Control,T_5568bd9d,T_a02bf5e9,5767
5663,1540,match_start,0,New Junk City,Flashpoint,T_5568bd9d,T_a02bf5e9,5768
5664,1540,match_start,0,Watchpoint: Gibraltar,Escort,T_5568bd9d,T_a02bf5e9,5769
5665,1540,match_start,0,New Queen Street,Push,T_5568bd9d,T_a02bf5e9,5771
5666,1540,match_start,0,Watchpoint: Gibraltar,Escort,T_5568bd9d,T_a02bf5e9,5772
5667,1548,match_start,0,Runasapi,Push,T_5568bd9d,T_a02bf5e9,5781
5668,1548,match_start,0,Numbani,Hybrid,T_5568bd9d,T_a02bf5e9,5782
5669,1548,match_start,0,Samoa,Control,T_5568bd9d,T_a02bf5e9,5783
5670,1549,match_start,0,Lijiang Tower,Control,T_5568bd9d,T_a02bf5e9,5784
5671,1549,match_start,0,Shambali Monastery,Escort,T_5568bd9d,T_a02bf5e9,5785
5672,1549,match_start,0,Aatlis,Flashpoint,T_5568bd9d,T_a02bf5e9,5786
5673,1549,match_start,0,Blizzard World,Hybrid,T_5568bd9d,T_a02bf5e9,5787
5674,1549,match_start,0,Esperança,Push,T_5568bd9d,T_a02bf5e9,5788
5675,1550,match_start,0,Ilios,Control,T_5568bd9d,T_a02bf5e9,5789
5676,1550,match_start,0,Watchpoint: Gibraltar,Escort,T_5568bd9d,T_a02bf5e9,5790
5677,1550,match_start,0,New Queen Street,Push,T_5568bd9d,T_a02bf5e9,5791
5679,1552,match_start,0,Colosseo,Push,T_1699ed97,T_a02bf5e9,5793
5680,1553,match_start,0,Lijiang Tower,Control,T_5568bd9d,T_a02bf5e9,5794
5681,1553,match_start,0,"King's Row",Hybrid,T_5568bd9d,T_a02bf5e9,5795
5682,1553,match_start,0,Esperança,Push,T_5568bd9d,T_a02bf5e9,5796
5683,1553,match_start,0,Aatlis,Flashpoint,T_5568bd9d,T_a02bf5e9,5797
5684,1553,match_start,0,Suravasa,Flashpoint,T_5568bd9d,T_a02bf5e9,5798
5685,1552,match_start,0,Aatlis,Flashpoint,T_1699ed97,T_a02bf5e9,5799
5686,1552,match_start,0,Dorado,Escort,T_1699ed97,T_a02bf5e9,5800
5687,1552,match_start,0,Blizzard World,Hybrid,T_1699ed97,T_a02bf5e9,5801
5688,1552,match_start,0,Lijiang Tower,Control,T_5568bd9d,T_a02bf5e9,5802
5689,1554,match_start,0,Suravasa,Flashpoint,T_dcc9cee3,T_1699ed97,5803
5690,1554,match_start,0,Hollywood,Hybrid,T_dcc9cee3,T_1699ed97,5804
5691,1555,match_start,0,Lijiang Tower,Control,T_5568bd9d,T_a02bf5e9,5805
5692,1555,match_start,0,Circuit royal,Escort,T_5568bd9d,T_a02bf5e9,5806
5693,1555,match_start,0,New Junk City,Flashpoint,T_5568bd9d,T_a02bf5e9,5807
5694,1555,match_start,0,Blizzard World (Winter),Hybrid,T_5568bd9d,T_a02bf5e9,5808
5695,1555,match_start,0,Colosseo,Push,T_5568bd9d,T_a02bf5e9,5809
5696,1557,match_start,0,Oasis,Control,T_5568bd9d,T_a02bf5e9,5810
5697,1557,match_start,0,"King's Row",Hybrid,T_5568bd9d,T_a02bf5e9,5811
5698,1557,match_start,0,Watchpoint: Gibraltar,Escort,T_5568bd9d,T_a02bf5e9,5812
5700,1557,match_start,0,Esperança,Push,T_5568bd9d,T_a02bf5e9,5814
5701,1557,match_start,0,Suravasa,Flashpoint,T_5568bd9d,T_a02bf5e9,5815
5702,1558,match_start,0,Samoa,Control,T_5568bd9d,T_a02bf5e9,5816
5703,1558,match_start,0,Blizzard World,Hybrid,T_5568bd9d,T_a02bf5e9,5817
5704,1558,match_start,0,Circuit royal,Escort,T_5568bd9d,T_a02bf5e9,5818
5705,1558,match_start,0,Suravasa,Flashpoint,T_5568bd9d,T_a02bf5e9,5819
5706,1558,match_start,0,Esperança,Push,T_5568bd9d,T_a02bf5e9,5820
5707,1559,match_start,0,Circuit royal,Escort,T_5568bd9d,T_a02bf5e9,5821
5708,1560,match_start,0,Circuit royal,Escort,T_5568bd9d,T_a02bf5e9,5822
5709,1561,match_start,0,Runasapi,Push,T_5568bd9d,T_a02bf5e9,5823
5710,1561,match_start,0,Suravasa,Flashpoint,T_5568bd9d,T_a02bf5e9,5824
5711,1561,match_start,0,"King's Row",Hybrid,T_5568bd9d,T_a02bf5e9,5825
5712,1561,match_start,0,Oasis,Control,T_5568bd9d,T_a02bf5e9,5826
5713,1561,match_start,0,Circuit royal,Escort,T_5568bd9d,T_a02bf5e9,5827
5714,1561,match_start,0,Circuit royal,Escort,T_5568bd9d,T_a02bf5e9,5828
5715,1562,match_start,0,Lijiang Tower,Control,T_5568bd9d,T_a02bf5e9,5829
5716,1562,match_start,0,"King's Row",Hybrid,T_5568bd9d,T_a02bf5e9,5830
5717,1562,match_start,0,Suravasa,Flashpoint,T_5568bd9d,T_a02bf5e9,5831
5718,1562,match_start,0,Junkertown,Escort,T_5568bd9d,T_a02bf5e9,5832
5719,1562,match_start,0,Colosseo,Push,T_5568bd9d,T_a02bf5e9,5833
5720,1562,match_start,0,Ilios,Control,T_5568bd9d,T_a02bf5e9,5834
5721,1563,match_start,0,Lijiang Tower,Control,T_5568bd9d,T_a02bf5e9,5835
5723,1563,match_start,0,Aatlis,Flashpoint,T_5568bd9d,T_a02bf5e9,5837
5724,1563,match_start,0,Eichenwalde,Hybrid,T_5568bd9d,T_a02bf5e9,5838
5725,1563,match_start,0,New Queen Street,Push,T_5568bd9d,T_a02bf5e9,5839
5726,1563,match_start,0,Samoa,Control,T_5568bd9d,T_a02bf5e9,5840
5727,1563,match_start,0,Rialto,Escort,T_5568bd9d,T_a02bf5e9,5841
5728,1564,match_start,0,Oasis,Control,T_5568bd9d,T_a02bf5e9,5842
5729,1564,match_start,0,Suravasa,Flashpoint,T_5568bd9d,T_a02bf5e9,5843
5730,1564,match_start,0,Runasapi,Push,T_5568bd9d,T_a02bf5e9,5844
5731,1564,match_start,0,"King's Row",Hybrid,T_5568bd9d,T_a02bf5e9,5845
5732,1564,match_start,0,Circuit royal,Escort,T_5568bd9d,T_a02bf5e9,5846
5733,1565,match_start,0,Ilios,Control,T_5568bd9d,T_a02bf5e9,5847
5734,1565,match_start,0,Shambali Monastery,Escort,T_5568bd9d,T_a02bf5e9,5848
5735,1565,match_start,0,Hollywood,Hybrid,T_5568bd9d,T_a02bf5e9,5849
5736,1565,match_start,0,Esperança,Push,T_5568bd9d,T_a02bf5e9,5850
5737,1565,match_start,0,New Junk City,Flashpoint,T_5568bd9d,T_a02bf5e9,5851
5738,1566,match_start,0,Oasis,Control,T_5568bd9d,T_a02bf5e9,5852
5739,1566,match_start,0,Circuit royal,Escort,T_5568bd9d,T_a02bf5e9,5853
5741,1567,match_start,0,Oasis,Control,T_5568bd9d,T_a02bf5e9,5855
5742,1567,match_start,0,"King's Row",Hybrid,T_5568bd9d,T_a02bf5e9,5856
5743,1568,match_start,0,Samoa,Control,T_3238eb96,T_99940b25,5857
5744,1568,match_start,0,Samoa,Control,T_3238eb96,T_99940b25,5858
5746,1568,match_start,0,Blizzard World,Hybrid,T_3238eb96,T_99940b25,5860
5747,1568,match_start,0,Aatlis,Flashpoint,T_3238eb96,T_99940b25,5861
5748,1568,match_start,0,Aatlis,Flashpoint,T_3238eb96,T_99940b25,5862
5749,1568,match_start,0,Circuit royal,Escort,T_3238eb96,T_99940b25,5863
5750,1568,match_start,0,Runasapi,Push,T_3238eb96,T_99940b25,5864
5751,1568,match_start,0,Oasis,Control,T_3238eb96,T_99940b25,5865
5752,1568,match_start,0,Aatlis,Flashpoint,T_3238eb96,T_99940b25,5866
3961,1049,match_start,0,Shambali Monastery,Escort,T_985fffee,T_ffdf9583,
5765,1570,match_start,0,Watchpoint: Gibraltar,Escort,T_5568bd9d,T_a02bf5e9,5879
5766,1570,match_start,0,"King's Row",Hybrid,T_5568bd9d,T_a02bf5e9,5880
5767,1570,match_start,0,Runasapi,Push,T_5568bd9d,T_a02bf5e9,5881
5768,1570,match_start,0,Suravasa,Flashpoint,T_5568bd9d,T_a02bf5e9,5882
5771,1570,match_start,0,Suravasa,Flashpoint,T_5568bd9d,T_a02bf5e9,5885
5772,1571,match_start,0,Lijiang Tower,Control,T_5568bd9d,T_a02bf5e9,5886
5773,1571,match_start,0,Rialto,Escort,T_5568bd9d,T_a02bf5e9,5887
5774,1571,match_start,0,Suravasa,Flashpoint,T_5568bd9d,T_a02bf5e9,5888
5775,1571,match_start,0,"King's Row",Hybrid,T_5568bd9d,T_a02bf5e9,5889
5776,1571,match_start,0,Ilios,Control,T_5568bd9d,T_a02bf5e9,5890
5777,1571,match_start,0,New Queen Street,Push,T_5568bd9d,T_a02bf5e9,5891
5783,1576,match_start,0,Ilios,Control,T_5568bd9d,T_a02bf5e9,5897
5784,1576,match_start,0,"King's Row",Hybrid,T_5568bd9d,T_a02bf5e9,5898
5785,1577,match_start,0,Lijiang Tower,Control,T_5568bd9d,T_a02bf5e9,5899
5786,1577,match_start,0,"King's Row",Hybrid,T_5568bd9d,T_a02bf5e9,5900
5787,1577,match_start,0,Aatlis,Flashpoint,T_5568bd9d,T_a02bf5e9,5901
5788,1577,match_start,0,Esperança,Push,T_5568bd9d,T_a02bf5e9,5902
5789,1577,match_start,0,Watchpoint: Gibraltar,Escort,T_5568bd9d,T_a02bf5e9,5903
5790,1577,match_start,0,Samoa,Control,T_5568bd9d,T_a02bf5e9,5904
5791,1577,match_start,0,Watchpoint: Gibraltar,Escort,T_5568bd9d,T_a02bf5e9,5905
5792,1577,match_start,0,Watchpoint: Gibraltar,Escort,T_5568bd9d,T_a02bf5e9,5906
5793,1577,match_start,0,Watchpoint: Gibraltar,Escort,T_5568bd9d,T_a02bf5e9,5907
5794,1578,match_start,0,Watchpoint: Gibraltar,Escort,T_5568bd9d,T_a02bf5e9,5908
5795,1578,match_start,0,Aatlis,Flashpoint,T_5568bd9d,T_a02bf5e9,5909
5796,1578,match_start,0,Colosseo,Push,T_5568bd9d,T_a02bf5e9,5910
5797,1579,match_start,0,Lijiang Tower,Control,T_5568bd9d,T_a02bf5e9,5911
5798,1579,match_start,0,Watchpoint: Gibraltar,Escort,T_5568bd9d,T_a02bf5e9,5912
5799,1579,match_start,0,Aatlis,Flashpoint,T_5568bd9d,T_a02bf5e9,5913
5800,1579,match_start,0,"King's Row",Hybrid,T_5568bd9d,T_a02bf5e9,5914
5801,1579,match_start,0,New Queen Street,Push,T_5568bd9d,T_a02bf5e9,5915
5805,1580,match_start,0,Ilios,Control,T_5568bd9d,T_a02bf5e9,5919
5806,1580,match_start,0,Runasapi,Push,T_5568bd9d,T_a02bf5e9,5920
5807,1580,match_start,0,Dorado,Escort,T_5568bd9d,T_a02bf5e9,5921
5808,1581,match_start,0,Ilios,Control,T_5568bd9d,T_a02bf5e9,5922
5810,1581,match_start,0,Junkertown,Escort,T_5568bd9d,T_a02bf5e9,5924
5811,1581,match_start,0,Suravasa,Flashpoint,T_5568bd9d,T_a02bf5e9,5925
5812,1581,match_start,0,Junkertown,Escort,T_5568bd9d,T_a02bf5e9,5926
5813,1581,match_start,0,Junkertown,Escort,T_5568bd9d,T_a02bf5e9,5927
5814,1581,match_start,0,Eichenwalde,Hybrid,T_5568bd9d,T_a02bf5e9,5928
5815,1581,match_start,0,New Queen Street,Push,T_5568bd9d,T_a02bf5e9,5929
5816,1581,match_start,0,Esperança,Push,T_5568bd9d,T_a02bf5e9,5930
5817,1581,match_start,0,Junkertown,Escort,T_5568bd9d,T_a02bf5e9,5931
5818,1581,match_start,0,Junkertown,Escort,T_5568bd9d,T_a02bf5e9,5932
5819,1582,match_start,0,Ilios,Control,T_5568bd9d,T_a02bf5e9,5933
5820,1582,match_start,0,"King's Row",Hybrid,T_5568bd9d,T_a02bf5e9,5934
5821,1582,match_start,0,Aatlis,Flashpoint,T_5568bd9d,T_a02bf5e9,5935
5822,1582,match_start,0,Esperança,Push,T_5568bd9d,T_a02bf5e9,5936
5823,1582,match_start,0,Watchpoint: Gibraltar,Escort,T_5568bd9d,T_a02bf5e9,5937
5824,1582,match_start,0,Lijiang Tower,Control,T_5568bd9d,T_a02bf5e9,5938
5825,1583,match_start,0,Oasis,Control,T_5568bd9d,T_a02bf5e9,5939
5826,1584,match_start,0,Watchpoint: Gibraltar,Escort,T_5568bd9d,T_a02bf5e9,5940
5827,1584,match_start,0,New Junk City,Flashpoint,T_5568bd9d,T_a02bf5e9,5941
5828,1584,match_start,0,Runasapi,Push,T_5568bd9d,T_a02bf5e9,5942
5829,1585,match_start,0,Lijiang Tower,Control,T_5568bd9d,T_a02bf5e9,5943
5830,1585,match_start,0,Rialto,Escort,T_5568bd9d,T_a02bf5e9,5944
5831,1585,match_start,0,Suravasa,Flashpoint,T_5568bd9d,T_a02bf5e9,5945
5832,1585,match_start,0,"King's Row",Hybrid,T_5568bd9d,T_a02bf5e9,5946
5833,1585,match_start,0,Esperança,Push,T_5568bd9d,T_a02bf5e9,5947
5834,1585,match_start,0,Samoa,Control,T_5568bd9d,T_a02bf5e9,5948
5836,1586,match_start,0,Oasis,Control,T_5568bd9d,T_a02bf5e9,5950
5837,1586,match_start,0,Busan,Control,T_5568bd9d,T_a02bf5e9,5951
5839,1586,match_start,0,Dorado,Escort,T_5568bd9d,T_a02bf5e9,5953
5840,1586,match_start,0,Runasapi,Push,T_5568bd9d,T_a02bf5e9,5954
5841,1586,match_start,0,New Junk City,Flashpoint,T_5568bd9d,T_a02bf5e9,5955
5842,1586,match_start,0,Colosseo,Push,T_5568bd9d,T_a02bf5e9,5956
5845,1588,match_start,0,Ilios,Control,T_5568bd9d,T_a02bf5e9,5959
5846,1588,match_start,0,Circuit royal,Escort,T_5568bd9d,T_a02bf5e9,5960
5847,1588,match_start,0,Runasapi,Push,T_5568bd9d,T_a02bf5e9,5961
5849,1584,match_start,0,Oasis,Control,T_5568bd9d,T_a02bf5e9,5963
5851,1584,match_start,0,Hollywood,Hybrid,T_5568bd9d,T_a02bf5e9,5965
5853,1590,match_start,0,Lijiang Tower,Control,T_5568bd9d,T_a02bf5e9,5967
5854,1590,match_start,0,Watchpoint: Gibraltar,Escort,T_5568bd9d,T_a02bf5e9,5968
5855,1590,match_start,0,Suravasa,Flashpoint,T_5568bd9d,T_a02bf5e9,5969
5856,1590,match_start,0,"King's Row",Hybrid,T_5568bd9d,T_a02bf5e9,5970
5857,1590,match_start,0,New Queen Street,Push,T_5568bd9d,T_a02bf5e9,5971
5858,1590,match_start,0,Ilios,Control,T_5568bd9d,T_a02bf5e9,5972
5859,1591,match_start,0,Lijiang Tower,Control,T_5568bd9d,T_a02bf5e9,5973
5860,1591,match_start,0,Route 66,Escort,T_5568bd9d,T_a02bf5e9,5974
5861,1591,match_start,0,Aatlis,Flashpoint,T_5568bd9d,T_a02bf5e9,5975
5862,1591,match_start,0,"King's Row",Hybrid,T_5568bd9d,T_a02bf5e9,5976
5863,1591,match_start,0,Esperança,Push,T_5568bd9d,T_a02bf5e9,5977
5864,1591,match_start,0,Busan,Control,T_5568bd9d,T_a02bf5e9,5978
5865,1592,match_start,0,Ilios,Control,T_5568bd9d,T_a02bf5e9,5979
5866,1592,match_start,0,Runasapi,Push,T_5568bd9d,T_a02bf5e9,5980
5867,1592,match_start,0,"King's Row",Hybrid,T_5568bd9d,T_a02bf5e9,5981
5868,1592,match_start,0,Suravasa,Flashpoint,T_5568bd9d,T_a02bf5e9,5982
5869,1592,match_start,0,Circuit royal,Escort,T_5568bd9d,T_a02bf5e9,5983
5871,1594,match_start,0,Ilios,Control,T_5568bd9d,T_a02bf5e9,5985
5872,1594,match_start,0,Esperança,Push,T_5568bd9d,T_a02bf5e9,5986
5873,1594,match_start,0,Junkertown,Escort,T_5568bd9d,T_a02bf5e9,5987
5874,1594,match_start,0,"King's Row",Hybrid,T_5568bd9d,T_a02bf5e9,5988
5875,1594,match_start,0,Aatlis,Flashpoint,T_5568bd9d,T_a02bf5e9,5989
5882,1600,match_start,0,Ilios,Control,T_5568bd9d,T_a02bf5e9,5996
5883,1600,match_start,0,Esperança,Push,T_5568bd9d,T_a02bf5e9,5997
5884,1600,match_start,0,Suravasa,Flashpoint,T_5568bd9d,T_a02bf5e9,5998
5885,1600,match_start,0,Suravasa,Flashpoint,T_5568bd9d,T_a02bf5e9,5999
5886,1600,match_start,0,Suravasa,Flashpoint,T_5568bd9d,T_a02bf5e9,6000
5889,1600,match_start,0,Suravasa,Flashpoint,T_5568bd9d,T_a02bf5e9,6003
5890,1600,match_start,0,Rialto,Escort,T_5568bd9d,T_a02bf5e9,6004
5892,1600,match_start,0,Eichenwalde,Hybrid,T_5568bd9d,T_a02bf5e9,6006
5893,1600,match_start,0,Suravasa,Flashpoint,T_5568bd9d,T_a02bf5e9,6007
5894,1600,match_start,0,Lijiang Tower,Control,T_5568bd9d,T_a02bf5e9,6008
5895,1601,match_start,0,Busan,Control,T_5568bd9d,T_a02bf5e9,6009
5896,1601,match_start,0,"King's Row",Hybrid,T_5568bd9d,T_a02bf5e9,6010
5897,1601,match_start,0,New Queen Street,Push,T_5568bd9d,T_a02bf5e9,6011
5898,1601,match_start,0,Havana,Escort,T_5568bd9d,T_a02bf5e9,6012
5899,1601,match_start,0,Suravasa,Flashpoint,T_5568bd9d,T_a02bf5e9,6013
5900,1601,match_start,0,Route 66,Escort,T_5568bd9d,T_a02bf5e9,6014
5901,1601,match_start,0,Route 66,Escort,T_5568bd9d,T_a02bf5e9,6015
5902,1601,match_start,0,Route 66,Escort,T_5568bd9d,T_a02bf5e9,6016
5903,1601,match_start,0,Route 66,Escort,T_5568bd9d,T_a02bf5e9,6017
5904,1601,match_start,0,Route 66,Escort,T_5568bd9d,T_a02bf5e9,6018
5905,1601,match_start,0,Route 66,Escort,T_5568bd9d,T_a02bf5e9,6019
5906,1601,match_start,0,Route 66,Escort,T_5568bd9d,T_a02bf5e9,6020
5907,1602,match_start,0,Busan,Control,T_3238eb96,T_99940b25,6021
5908,1602,match_start,0,New Queen Street,Push,T_3238eb96,T_99940b25,6022
5909,1602,match_start,0,Blizzard World,Hybrid,T_3238eb96,T_99940b25,6023
5910,1602,match_start,0,Circuit royal,Escort,T_3238eb96,T_99940b25,6024
5911,1602,match_start,0,New Junk City,Flashpoint,T_3238eb96,T_99940b25,6025
5912,1602,match_start,0,Colosseo,Push,T_3238eb96,T_99940b25,6026
5913,1603,match_start,0,Oasis,Control,T_5568bd9d,T_a02bf5e9,6027
5914,1603,match_start,0,Circuit royal,Escort,T_5568bd9d,T_a02bf5e9,6028
5915,1603,match_start,0,Runasapi,Push,T_5568bd9d,T_a02bf5e9,6029
5916,1603,match_start,0,Runasapi,Push,T_5568bd9d,T_a02bf5e9,6030
5917,1604,match_start,0,Lijiang Tower,Control,T_5568bd9d,T_a02bf5e9,6031
5918,1604,match_start,0,"King's Row",Hybrid,T_5568bd9d,T_a02bf5e9,6032
5919,1604,match_start,0,Suravasa,Flashpoint,T_5568bd9d,T_a02bf5e9,6033
5920,1604,match_start,0,Esperança,Push,T_5568bd9d,T_a02bf5e9,6034
5921,1605,match_start,0,Samoa,Control,T_5568bd9d,T_a02bf5e9,6035
5922,1605,match_start,0,Blizzard World,Hybrid,T_5568bd9d,T_a02bf5e9,6036
5923,1605,match_start,0,Shambali Monastery,Escort,T_5568bd9d,T_a02bf5e9,6037
5924,1605,match_start,0,Runasapi,Push,T_5568bd9d,T_a02bf5e9,6038
5925,1605,match_start,0,Suravasa,Flashpoint,T_5568bd9d,T_a02bf5e9,6039
5926,1605,match_start,0,Suravasa,Flashpoint,T_5568bd9d,T_a02bf5e9,6040
5927,1605,match_start,0,Colosseo,Push,T_5568bd9d,T_a02bf5e9,6041
5928,1604,match_start,0,Circuit royal,Escort,T_5568bd9d,T_a02bf5e9,6042
5929,1606,match_start,0,Oasis,Control,T_3238eb96,T_5ec108cc,6043
5930,1606,match_start,0,Hollywood,Hybrid,T_3238eb96,T_5ec108cc,6044
5931,1606,match_start,0,New Junk City,Flashpoint,T_3238eb96,T_5ec108cc,6045
5932,1606,match_start,0,Runasapi,Push,T_3238eb96,T_5ec108cc,6046
5933,1606,match_start,0,Runasapi,Push,T_3238eb96,T_5ec108cc,6047
5934,1606,match_start,0,Rialto,Escort,T_3238eb96,T_5ec108cc,6048
5935,1606,match_start,0,Esperança,Push,T_3238eb96,T_5ec108cc,6049
5936,1609,match_start,0,Midtown,Hybrid,T_5568bd9d,T_a02bf5e9,6050
5937,1609,match_start,0,Circuit royal,Escort,T_5568bd9d,T_a02bf5e9,6051
5938,1609,match_start,0,Lijiang Tower,Control,T_5568bd9d,T_a02bf5e9,6052
5939,1609,match_start,0,Aatlis,Flashpoint,T_5568bd9d,T_a02bf5e9,6053
5940,1610,match_start,0,Colosseo,Push,T_5568bd9d,T_a02bf5e9,6054
5941,1610,match_start,0,"King's Row",Hybrid,T_5568bd9d,T_a02bf5e9,6055
5942,1610,match_start,0,New Junk City,Flashpoint,T_5568bd9d,T_a02bf5e9,6056
5943,1610,match_start,0,Midtown,Hybrid,T_5568bd9d,T_a02bf5e9,6057
5944,1610,match_start,0,Esperança,Push,T_5568bd9d,T_a02bf5e9,6058
5948,1610,match_start,0,Circuit royal,Escort,T_5568bd9d,T_a02bf5e9,6062
5949,1610,match_start,0,Suravasa,Flashpoint,T_5568bd9d,T_a02bf5e9,6063
5950,1610,match_start,0,Hollywood,Hybrid,T_5568bd9d,T_a02bf5e9,6064
5952,1623,match_start,0,Lijiang Tower,Control,T_5568bd9d,T_a02bf5e9,6066
5953,1623,match_start,0,Watchpoint: Gibraltar,Escort,T_5568bd9d,T_a02bf5e9,6067
5954,1623,match_start,0,Suravasa,Flashpoint,T_5568bd9d,T_a02bf5e9,6068
5955,1623,match_start,0,Esperança,Push,T_5568bd9d,T_a02bf5e9,6069
5956,1623,match_start,0,New Queen Street,Push,T_5568bd9d,T_a02bf5e9,6070
5957,1624,match_start,0,Samoa,Control,T_5568bd9d,T_a02bf5e9,6071
5958,1624,match_start,0,Circuit royal,Escort,T_5568bd9d,T_a02bf5e9,6072
5959,1624,match_start,0,New Junk City,Flashpoint,T_5568bd9d,T_a02bf5e9,6073
5960,1624,match_start,0,Hollywood,Hybrid,T_5568bd9d,T_a02bf5e9,6074
5961,1624,match_start,0,Esperança,Push,T_5568bd9d,T_a02bf5e9,6075
5962,1625,match_start,0,Samoa,Control,T_5568bd9d,T_a02bf5e9,6076
5963,1625,match_start,0,Rialto,Escort,T_5568bd9d,T_a02bf5e9,6077
5965,1625,match_start,0,New Queen Street,Push,T_5568bd9d,T_a02bf5e9,6079
4015,1058,match_start,0,Throne of Anubis,Clash,T_1699ed97,T_a02bf5e9,
5966,1626,match_start,0,Numbani,Hybrid,T_5568bd9d,T_a02bf5e9,6080
5968,1628,match_start,0,Lijiang Tower,Control,T_5568bd9d,T_a02bf5e9,6082
5969,1628,match_start,0,"King's Row",Hybrid,T_5568bd9d,T_a02bf5e9,6083
5970,1628,match_start,0,Esperança,Push,T_5568bd9d,T_a02bf5e9,6084
5971,1628,match_start,0,"King's Row",Hybrid,T_5568bd9d,T_a02bf5e9,6085
5972,1628,match_start,0,Suravasa,Flashpoint,T_5568bd9d,T_a02bf5e9,6086
5973,1628,match_start,0,Samoa,Control,T_5568bd9d,T_a02bf5e9,6087
5974,1628,match_start,0,"King's Row",Hybrid,T_5568bd9d,T_a02bf5e9,6088
5975,1628,match_start,0,Samoa,Control,T_5568bd9d,T_a02bf5e9,6089
5976,1628,match_start,0,"King's Row",Hybrid,T_5568bd9d,T_a02bf5e9,6090
5977,1628,match_start,0,"King's Row",Hybrid,T_5568bd9d,T_a02bf5e9,6091
5997,34,match_start,0,Hanaoka,Clash,T_3238eb96,T_b5daed59,6111
5998,1631,match_start,0,Samoa,Control,T_5568bd9d,T_a02bf5e9,6112
5999,1632,match_start,0,Lijiang Tower,Control,T_5568bd9d,T_a02bf5e9,6113
6000,1632,match_start,0,"King's Row",Hybrid,T_5568bd9d,T_a02bf5e9,6114
6002,1632,match_start,0,"King's Row",Hybrid,T_5568bd9d,T_a02bf5e9,6116
6003,1632,match_start,0,Esperança,Push,T_5568bd9d,T_a02bf5e9,6117
6004,1632,match_start,0,Suravasa,Flashpoint,T_5568bd9d,T_a02bf5e9,6118
6005,1632,match_start,0,Samoa,Control,T_5568bd9d,T_a02bf5e9,6119
6006,1632,match_start,0,Samoa,Control,T_5568bd9d,T_a02bf5e9,6120
6007,1633,match_start,0,Lijiang Tower,Control,T_5568bd9d,T_a02bf5e9,6121
6008,1633,match_start,0,"King's Row",Hybrid,T_5568bd9d,T_a02bf5e9,6122
6009,1633,match_start,0,Esperança,Push,T_5568bd9d,T_a02bf5e9,6123
6013,1635,match_start,0,Samoa,Control,T_5568bd9d,T_a02bf5e9,6127
6014,1635,match_start,0,New Queen Street,Push,T_5568bd9d,T_a02bf5e9,6128
6015,1636,match_start,0,Lijiang Tower,Control,T_5568bd9d,T_a02bf5e9,6129
6016,1636,match_start,0,"King's Row",Hybrid,T_5568bd9d,T_a02bf5e9,6130
6017,1636,match_start,0,Esperança,Push,T_5568bd9d,T_a02bf5e9,6131
6018,1636,match_start,0,Suravasa,Flashpoint,T_5568bd9d,T_a02bf5e9,6132
6019,1636,match_start,0,Junkertown,Escort,T_5568bd9d,T_a02bf5e9,6133
6020,1635,match_start,0,Suravasa,Flashpoint,T_5568bd9d,T_a02bf5e9,6134
6022,1635,match_start,0,Busan,Control,T_5568bd9d,T_a02bf5e9,6136
6023,1635,match_start,0,"King's Row",Hybrid,T_5568bd9d,T_a02bf5e9,6137
6024,1635,match_start,0,"King's Row",Hybrid,T_5568bd9d,T_a02bf5e9,6138
6025,1635,match_start,0,"King's Row",Hybrid,T_5568bd9d,T_a02bf5e9,6139
6026,1635,match_start,0,"King's Row",Hybrid,T_5568bd9d,T_a02bf5e9,6140
6027,1635,match_start,0,"King's Row",Hybrid,T_5568bd9d,T_a02bf5e9,6141
6028,1636,match_start,0,Ilios,Control,T_5568bd9d,T_a02bf5e9,6142
6029,1637,match_start,0,Ilios,Control,T_5568bd9d,T_a02bf5e9,6143
6030,1637,match_start,0,"King's Row",Hybrid,T_5568bd9d,T_a02bf5e9,6144
6031,1637,match_start,0,Suravasa,Flashpoint,T_5568bd9d,T_a02bf5e9,6145
6032,1637,match_start,0,New Queen Street,Push,T_5568bd9d,T_a02bf5e9,6146
6033,1637,match_start,0,Watchpoint: Gibraltar,Escort,T_5568bd9d,T_a02bf5e9,6147
6034,1637,match_start,0,Oasis,Control,T_5568bd9d,T_a02bf5e9,6148
6035,1635,match_start,0,Route 66,Escort,T_5568bd9d,T_a02bf5e9,6149
4033,1062,match_start,0,Route 66,Escort,T_3238eb96,T_5de6f547,
6038,1640,match_start,0,Busan,Control,T_8e2038c6,T_e8fb19ca,6152
6039,1640,match_start,0,Hanaoka,Clash,T_8e2038c6,T_e8fb19ca,6153
6040,1640,match_start,0,"King's Row (Winter)",Hybrid,T_8e2038c6,T_e8fb19ca,6154
6041,1640,match_start,0,"King's Row (Winter)",Hybrid,T_8e2038c6,T_e8fb19ca,6155
6043,1640,match_start,0,Junkertown,Escort,T_8e2038c6,T_e8fb19ca,6157
6046,1640,match_start,0,Junkertown,Escort,T_8e2038c6,T_e8fb19ca,6160
6047,1641,match_start,0,Busan,Control,T_5568bd9d,T_a02bf5e9,6161
6048,1641,match_start,0,Hollywood,Hybrid,T_5568bd9d,T_a02bf5e9,6162
6049,1641,match_start,0,Junkertown,Escort,T_5568bd9d,T_a02bf5e9,6163
6050,1641,match_start,0,Runasapi,Push,T_5568bd9d,T_a02bf5e9,6164
6051,1641,match_start,0,Suravasa,Flashpoint,T_5568bd9d,T_a02bf5e9,6165
6055,1641,match_start,0,Watchpoint: Gibraltar,Escort,T_5568bd9d,T_a02bf5e9,6169
6056,1641,match_start,0,Ilios,Control,T_5568bd9d,T_a02bf5e9,6170
6057,1643,match_start,0,Lijiang Tower,Control,T_5568bd9d,T_a02bf5e9,6171
6058,1643,match_start,0,"King's Row",Hybrid,T_5568bd9d,T_a02bf5e9,6172
6059,1644,match_start,0,Blizzard World,Hybrid,T_5568bd9d,T_a02bf5e9,6173
6060,1645,match_start,0,Ilios,Control,T_5568bd9d,T_a02bf5e9,6174
6061,1645,match_start,0,Eichenwalde,Hybrid,T_5568bd9d,T_a02bf5e9,6175
6062,1645,match_start,0,Aatlis,Flashpoint,T_5568bd9d,T_a02bf5e9,6176
6064,1645,match_start,0,Rialto,Escort,T_5568bd9d,T_a02bf5e9,6178
6065,1645,match_start,0,Esperança,Push,T_5568bd9d,T_a02bf5e9,6179
6066,1646,match_start,0,Lijiang Tower,Control,T_5568bd9d,T_a02bf5e9,6180
6068,1646,match_start,0,"King's Row",Hybrid,T_5568bd9d,T_a02bf5e9,6182
6069,1646,match_start,0,Suravasa,Flashpoint,T_5568bd9d,T_a02bf5e9,6183
6070,1646,match_start,0,Esperança,Push,T_5568bd9d,T_a02bf5e9,6184
6071,1646,match_start,0,Watchpoint: Gibraltar,Escort,T_5568bd9d,T_a02bf5e9,6185
6072,1647,match_start,0,Ilios,Control,T_5568bd9d,T_a02bf5e9,6186
6075,1650,match_start,0,Eichenwalde,Hybrid,T_5568bd9d,T_a02bf5e9,6189
6076,1651,match_start,0,Aatlis,Flashpoint,T_5568bd9d,T_a02bf5e9,6190
6077,1652,match_start,0,Esperança,Push,T_5568bd9d,T_a02bf5e9,6191
6078,1647,match_start,0,Rialto,Escort,T_5568bd9d,T_a02bf5e9,6192
6079,1647,match_start,0,Eichenwalde,Hybrid,T_5568bd9d,T_a02bf5e9,6193
6080,1647,match_start,0,Aatlis,Flashpoint,T_5568bd9d,T_a02bf5e9,6194
6081,1647,match_start,0,Esperança,Push,T_5568bd9d,T_a02bf5e9,6195
6082,1653,match_start,0,Samoa,Control,T_5568bd9d,T_a02bf5e9,6196
6083,1653,match_start,0,Paraíso,Hybrid,T_5568bd9d,T_a02bf5e9,6197
6084,1653,match_start,0,Watchpoint: Gibraltar,Escort,T_5568bd9d,T_a02bf5e9,6198
6085,1653,match_start,0,Aatlis,Flashpoint,T_5568bd9d,T_a02bf5e9,6199
6086,1653,match_start,0,New Queen Street,Push,T_5568bd9d,T_a02bf5e9,6200
6087,1654,match_start,0,Lijiang Tower,Control,T_5568bd9d,T_a02bf5e9,6201
6088,1654,match_start,0,Blizzard World,Hybrid,T_5568bd9d,T_a02bf5e9,6202
6090,1654,match_start,0,Watchpoint: Gibraltar,Escort,T_5568bd9d,T_a02bf5e9,6204
6091,1654,match_start,0,Suravasa,Flashpoint,T_5568bd9d,T_a02bf5e9,6205
6094,1656,match_start,0,Lijiang Tower,Control,T_5568bd9d,T_a02bf5e9,6208
6095,1656,match_start,0,Blizzard World,Hybrid,T_5568bd9d,T_a02bf5e9,6209
6096,1656,match_start,0,Runasapi,Push,T_5568bd9d,T_a02bf5e9,6210
6097,1656,match_start,0,Suravasa,Flashpoint,T_5568bd9d,T_a02bf5e9,6211
6098,1656,match_start,0,Watchpoint: Gibraltar,Escort,T_5568bd9d,T_a02bf5e9,6212
6105,1663,match_start,0,Nepal,Control,T_5568bd9d,T_a02bf5e9,6219
6106,1663,match_start,0,Aatlis,Flashpoint,T_5568bd9d,T_a02bf5e9,6220
6107,1663,match_start,0,Blizzard World,Hybrid,T_5568bd9d,T_a02bf5e9,6221
6108,1663,match_start,0,"King's Row",Hybrid,T_5568bd9d,T_a02bf5e9,6222
6112,1663,match_start,0,Colosseo,Push,T_5568bd9d,T_a02bf5e9,6226
6113,1663,match_start,0,Havana,Escort,T_5568bd9d,T_a02bf5e9,6227
6117,1664,match_start,0,Samoa,Control,T_4bc42396,T_7f352ac7,6231
6118,1664,match_start,0,"King's Row",Hybrid,T_4bc42396,T_7f352ac7,6232
6119,1664,match_start,0,Circuit royal,Escort,T_4bc42396,T_7f352ac7,6233
6120,1664,match_start,0,Suravasa,Flashpoint,T_4bc42396,T_7f352ac7,6234
6121,1664,match_start,0,Esperança,Push,T_4bc42396,T_7f352ac7,6235
6122,1664,match_start,0,New Queen Street,Push,T_4bc42396,T_7f352ac7,6236
6123,1665,match_start,0,Oasis,Control,T_5568bd9d,T_a02bf5e9,6237
6124,1665,match_start,0,Circuit royal,Escort,T_5568bd9d,T_a02bf5e9,6238
6125,1665,match_start,0,Suravasa,Flashpoint,T_5568bd9d,T_a02bf5e9,6239
6127,1665,match_start,0,Suravasa,Flashpoint,T_5568bd9d,T_a02bf5e9,6241
6128,1665,match_start,0,Suravasa,Flashpoint,T_5568bd9d,T_a02bf5e9,6242
6129,1665,match_start,0,Numbani,Hybrid,T_5568bd9d,T_a02bf5e9,6243
6130,1665,match_start,0,Esperança,Push,T_5568bd9d,T_a02bf5e9,6244
6131,1666,match_start,0,Busan,Control,T_5568bd9d,T_a02bf5e9,6245
6132,1666,match_start,0,"King's Row",Hybrid,T_5568bd9d,T_a02bf5e9,6246
6133,1666,match_start,0,Shambali Monastery,Escort,T_5568bd9d,T_a02bf5e9,6247
6134,1666,match_start,0,Samoa,Control,T_5568bd9d,T_a02bf5e9,6248
6135,1666,match_start,0,Runasapi,Push,T_5568bd9d,T_a02bf5e9,6249
6137,1666,match_start,0,New Junk City,Flashpoint,T_5568bd9d,T_a02bf5e9,6251
6138,1667,match_start,0,Lijiang Tower,Control,T_5568bd9d,T_a02bf5e9,6252
6139,1667,match_start,0,Junkertown,Escort,T_5568bd9d,T_a02bf5e9,6253
6140,1667,match_start,0,Aatlis,Flashpoint,T_5568bd9d,T_a02bf5e9,6254
6141,1667,match_start,0,Eichenwalde,Hybrid,T_5568bd9d,T_a02bf5e9,6255
6142,1667,match_start,0,New Queen Street,Push,T_5568bd9d,T_a02bf5e9,6256
6143,1667,match_start,0,Samoa,Control,T_5568bd9d,T_a02bf5e9,6257
6144,1667,match_start,0,Samoa,Control,T_5568bd9d,T_a02bf5e9,6258
6145,1668,match_start,0,Junkertown,Escort,T_5568bd9d,T_a02bf5e9,6259
6146,1668,match_start,0,Aatlis,Flashpoint,T_5568bd9d,T_a02bf5e9,6260
6147,1668,match_start,0,Hollywood,Hybrid,T_5568bd9d,T_a02bf5e9,6261
6148,1668,match_start,0,Esperança,Push,T_5568bd9d,T_a02bf5e9,6262
6150,1668,match_start,0,Samoa,Control,T_5568bd9d,T_a02bf5e9,6264
6151,1669,match_start,0,Lijiang Tower,Control,T_5568bd9d,T_a02bf5e9,6265
6153,1669,match_start,0,"King's Row",Hybrid,T_5568bd9d,T_a02bf5e9,6267
6163,1669,match_start,0,Esperança,Push,T_5568bd9d,T_a02bf5e9,6277
6166,1669,match_start,0,Watchpoint: Gibraltar,Escort,T_5568bd9d,T_a02bf5e9,6280
6167,1669,match_start,0,Eichenwalde,Hybrid,T_5568bd9d,T_a02bf5e9,6281
6168,1669,match_start,0,Aatlis,Flashpoint,T_5568bd9d,T_a02bf5e9,6282
6169,1670,match_start,0,Ilios,Control,T_5568bd9d,T_a02bf5e9,6283
6170,1670,match_start,0,Eichenwalde,Hybrid,T_4aa2650a,T_1565fc88,6284
6171,1670,match_start,0,Aatlis,Flashpoint,T_4aa2650a,T_1565fc88,6285
6172,1670,match_start,0,Esperança,Push,T_4aa2650a,T_1565fc88,6286
6173,1670,match_start,0,New Queen Street,Push,T_4aa2650a,T_1565fc88,6287
6174,1671,match_start,0,Lijiang Tower,Control,T_5568bd9d,T_a02bf5e9,6288
6175,1671,match_start,0,Aatlis,Flashpoint,T_5568bd9d,T_a02bf5e9,6289
6177,1671,match_start,0,New Queen Street,Push,T_5568bd9d,T_a02bf5e9,6291
6178,1671,match_start,0,Rialto,Escort,T_5568bd9d,T_a02bf5e9,6292
6179,1671,match_start,0,Ilios,Control,T_5568bd9d,T_a02bf5e9,6293
6180,1671,match_start,0,"King's Row",Hybrid,T_5568bd9d,T_a02bf5e9,6294
6181,1672,match_start,0,Lijiang Tower,Control,T_5568bd9d,T_a02bf5e9,6295
6182,1672,match_start,0,Eichenwalde,Hybrid,T_5568bd9d,T_a02bf5e9,6296
6183,1672,match_start,0,Suravasa,Flashpoint,T_5568bd9d,T_a02bf5e9,6297
6184,1672,match_start,0,Esperança,Push,T_5568bd9d,T_a02bf5e9,6298
6185,1672,match_start,0,Rialto,Escort,T_5568bd9d,T_a02bf5e9,6299
6186,1672,match_start,0,"King's Row",Hybrid,T_5568bd9d,T_a02bf5e9,6300
6188,1673,match_start,0,Antarctic Peninsula,Control,T_3238eb96,T_6a59b9b6,6302
6189,1673,match_start,0,Hollywood,Hybrid,T_3238eb96,T_6a59b9b6,6303
6190,1673,match_start,0,Esperança,Push,T_3238eb96,T_6a59b9b6,6304
6191,1671,match_start,0,Lijiang Tower,Control,T_5568bd9d,T_a02bf5e9,6305
6192,1671,match_start,0,"King's Row",Hybrid,T_5568bd9d,T_a02bf5e9,6306
6193,1671,match_start,0,Ilios,Control,T_5568bd9d,T_a02bf5e9,6307
6194,1671,match_start,0,Suravasa,Flashpoint,T_5568bd9d,T_a02bf5e9,6308
6195,1671,match_start,0,Esperança,Push,T_5568bd9d,T_a02bf5e9,6309
6196,1673,match_start,0,Suravasa,Flashpoint,T_3238eb96,T_6a59b9b6,6310
6197,1673,match_start,0,Watchpoint: Gibraltar,Escort,T_3238eb96,T_6a59b9b6,6311
6198,1676,match_start,0,"King's Row",Hybrid,T_4aa2650a,T_e77473c8,6312
6199,1676,match_start,0,Esperança,Push,T_4aa2650a,T_e77473c8,6313
6200,1676,match_start,0,Watchpoint: Gibraltar,Escort,T_4aa2650a,T_e77473c8,6314
6201,1677,match_start,0,Ilios,Control,T_4aa2650a,T_616470b8,6315
6202,1677,match_start,0,Aatlis,Flashpoint,T_4aa2650a,T_616470b8,6316
6203,1677,match_start,0,Esperança,Push,T_4aa2650a,T_616470b8,6317
6204,1677,match_start,0,Eichenwalde,Hybrid,T_4aa2650a,T_616470b8,6318
6205,1677,match_start,0,Watchpoint: Gibraltar,Escort,T_4aa2650a,T_616470b8,6319
806,249,match_start,0,Route 66,Escort,T_f651b2a4,T_8b3a2c80,
2085,565,match_start,0,New Junk City,Flashpoint,T_122ad7b6,T_b61ee4a9,
1199,343,match_start,0,Esperança,Push,T_d0976a92,T_735f7bf9,
1200,345,match_start,0,Esperança,Push,T_6f51c467,T_32495e59,
1304,379,match_start,0,Eichenwalde,Hybrid,T_d0976a92,T_a02bf5e9,
1305,379,match_start,0,Oasis,Control,T_d0976a92,T_a02bf5e9,
1306,378,match_start,0,New Queen Street,Push,T_bfbda9d2,T_62c140a2,
1307,378,match_start,0,Suravasa,Flashpoint,T_bfbda9d2,T_62c140a2,
1885,515,match_start,0,New Queen Street,Push,T_9c178995,T_ff796947,
1995,539,match_start,0,Esperança,Push,T_4408f908,T_a02bf5e9,
1996,539,match_start,0,Suravasa,Flashpoint,T_4408f908,T_a02bf5e9,
1997,539,match_start,0,Lijiang Tower,Control,T_4408f908,T_a02bf5e9,
6211,1684,match_start,0,Lijiang Tower,Control,T_5568bd9d,T_a02bf5e9,6325
6212,1683,match_start,0,Lijiang Tower,Control,T_5568bd9d,T_a02bf5e9,6326
6213,1683,match_start,0,Esperança,Push,T_5568bd9d,T_a02bf5e9,6327
6214,1685,match_start,0,Samoa,Control,T_5568bd9d,T_a02bf5e9,6328
6215,1685,match_start,0,Hollywood,Hybrid,T_5568bd9d,T_a02bf5e9,6329
6216,1685,match_start,0,Esperança,Push,T_5568bd9d,T_a02bf5e9,6330
6217,1685,match_start,0,Aatlis,Flashpoint,T_5568bd9d,T_a02bf5e9,6331
6218,1685,match_start,0,Rialto,Escort,T_5568bd9d,T_a02bf5e9,6332
6219,1685,match_start,0,Aatlis,Flashpoint,T_5568bd9d,T_a02bf5e9,6333
6220,1685,match_start,0,"King's Row",Hybrid,T_5568bd9d,T_a02bf5e9,6334
6221,1687,match_start,0,Aatlis,Flashpoint,T_5568bd9d,T_a02bf5e9,6335
6222,1688,match_start,0,Samoa,Control,T_5568bd9d,T_a02bf5e9,6336
6223,1688,match_start,0,Eichenwalde,Hybrid,T_5568bd9d,T_a02bf5e9,6337
6224,1688,match_start,0,Suravasa,Flashpoint,T_5568bd9d,T_a02bf5e9,6338
6227,1688,match_start,0,Rialto,Escort,T_5568bd9d,T_a02bf5e9,6341
6228,1688,match_start,0,"King's Row",Hybrid,T_5568bd9d,T_a02bf5e9,6342
6229,1687,match_start,0,Samoa,Control,T_5568bd9d,T_a02bf5e9,6343
6230,1689,match_start,0,Busan,Control,T_5568bd9d,T_a02bf5e9,6344
6231,1689,match_start,0,Hollywood,Hybrid,T_5568bd9d,T_a02bf5e9,6345
6232,1689,match_start,0,Suravasa,Flashpoint,T_5568bd9d,T_a02bf5e9,6346
6233,1689,match_start,0,Colosseo,Push,T_5568bd9d,T_a02bf5e9,6347
6234,1689,match_start,0,Watchpoint: Gibraltar,Escort,T_5568bd9d,T_a02bf5e9,6348
6235,1687,match_start,0,Blizzard World,Hybrid,T_5568bd9d,T_a02bf5e9,6349
6236,1687,match_start,0,Havana,Escort,T_5568bd9d,T_a02bf5e9,6350
6237,1687,match_start,0,Suravasa,Flashpoint,T_5568bd9d,T_a02bf5e9,6351
6238,1687,match_start,0,Colosseo,Push,T_5568bd9d,T_a02bf5e9,6352
6239,1690,match_start,0,Lijiang Tower,Control,T_5568bd9d,T_a02bf5e9,6353
6240,1690,match_start,0,Lijiang Tower,Control,T_5568bd9d,T_a02bf5e9,6354
6241,1690,match_start,0,"King's Row",Hybrid,T_5568bd9d,T_a02bf5e9,6355
6242,1690,match_start,0,Rialto,Escort,T_5568bd9d,T_a02bf5e9,6356
6243,1690,match_start,0,Aatlis,Flashpoint,T_5568bd9d,T_a02bf5e9,6357
6244,1690,match_start,0,New Queen Street,Push,T_5568bd9d,T_a02bf5e9,6358
6245,1690,match_start,0,Suravasa,Flashpoint,T_5568bd9d,T_a02bf5e9,6359
6246,1691,match_start,0,Ilios,Control,T_5568bd9d,T_a02bf5e9,6360
6247,1691,match_start,0,Rialto,Escort,T_5568bd9d,T_a02bf5e9,6361
6248,1691,match_start,0,Esperança,Push,T_5568bd9d,T_a02bf5e9,6362
6249,1691,match_start,0,"King's Row",Hybrid,T_5568bd9d,T_a02bf5e9,6363
6250,1691,match_start,0,Suravasa,Flashpoint,T_5568bd9d,T_a02bf5e9,6364
6251,1691,match_start,0,Lijiang Tower,Control,T_5568bd9d,T_a02bf5e9,6365
6252,1692,match_start,0,Ilios,Control,T_5568bd9d,T_a02bf5e9,6366
6253,1692,match_start,0,"King's Row",Hybrid,T_5568bd9d,T_a02bf5e9,6367
6254,1692,match_start,0,Watchpoint: Gibraltar,Escort,T_5568bd9d,T_a02bf5e9,6368
6255,1692,match_start,0,Suravasa,Flashpoint,T_5568bd9d,T_a02bf5e9,6369
6256,1692,match_start,0,Esperança,Push,T_5568bd9d,T_a02bf5e9,6370
6257,1693,match_start,0,Eichenwalde,Hybrid,T_5568bd9d,T_a02bf5e9,6371
6258,1693,match_start,0,Samoa,Control,T_5568bd9d,T_a02bf5e9,6372
6259,1693,match_start,0,Aatlis,Flashpoint,T_5568bd9d,T_a02bf5e9,6373
6260,1694,match_start,0,Ilios,Control,T_5568bd9d,T_a02bf5e9,6374
6261,1694,match_start,0,"King's Row",Hybrid,T_5568bd9d,T_a02bf5e9,6375
6262,1694,match_start,0,Junkertown,Escort,T_5568bd9d,T_a02bf5e9,6376
6263,1694,match_start,0,New Queen Street,Push,T_5568bd9d,T_a02bf5e9,6377
6264,1694,match_start,0,Suravasa,Flashpoint,T_5568bd9d,T_a02bf5e9,6378
6265,1694,match_start,0,Lijiang Tower,Control,T_5568bd9d,T_a02bf5e9,6379
6266,1695,match_start,0,Lijiang Tower,Control,T_5568bd9d,T_a02bf5e9,6380
6267,1695,match_start,0,Eichenwalde,Hybrid,T_5568bd9d,T_a02bf5e9,6381
6268,1695,match_start,0,Watchpoint: Gibraltar,Escort,T_5568bd9d,T_a02bf5e9,6382
6269,1695,match_start,0,New Queen Street,Push,T_5568bd9d,T_a02bf5e9,6383
6270,1695,match_start,0,Suravasa,Flashpoint,T_5568bd9d,T_a02bf5e9,6384
6271,1695,match_start,0,Esperança,Push,T_5568bd9d,T_a02bf5e9,6385
6272,1693,match_start,0,Rialto,Escort,T_5568bd9d,T_a02bf5e9,6386
6273,1693,match_start,0,Runasapi,Push,T_5568bd9d,T_a02bf5e9,6387
6274,1693,match_start,0,Suravasa,Flashpoint,T_5568bd9d,T_a02bf5e9,6388
6275,1691,match_start,0,Ilios,Control,T_5568bd9d,T_a02bf5e9,6389
6276,1696,match_start,0,Ilios,Control,T_5568bd9d,T_a02bf5e9,6390
6277,1696,match_start,0,Hollywood,Hybrid,T_5568bd9d,T_a02bf5e9,6391
6278,1696,match_start,0,Suravasa,Flashpoint,T_5568bd9d,T_a02bf5e9,6392
6279,1696,match_start,0,New Queen Street,Push,T_5568bd9d,T_a02bf5e9,6393
6280,1696,match_start,0,Watchpoint: Gibraltar,Escort,T_5568bd9d,T_a02bf5e9,6394
6281,1697,match_start,0,Ilios,Control,T_5568bd9d,T_a02bf5e9,6395
6282,1697,match_start,0,Hollywood,Hybrid,T_5568bd9d,T_a02bf5e9,6396
6283,1697,match_start,0,Eichenwalde,Hybrid,T_5568bd9d,T_a02bf5e9,6397
6284,1697,match_start,0,Aatlis,Flashpoint,T_5568bd9d,T_a02bf5e9,6398
6285,1697,match_start,0,Junkertown,Escort,T_5568bd9d,T_a02bf5e9,6399
6286,1697,match_start,0,Samoa,Control,T_5568bd9d,T_a02bf5e9,6400
6287,1697,match_start,0,Esperança,Push,T_5568bd9d,T_a02bf5e9,6401
6288,1698,match_start,0,Nepal,Control,T_5568bd9d,T_a02bf5e9,6402
6289,1698,match_start,0,Samoa,Control,T_5568bd9d,T_a02bf5e9,6403
6290,1698,match_start,0,Eichenwalde,Hybrid,T_5568bd9d,T_a02bf5e9,6404
6292,1698,match_start,0,New Queen Street,Push,T_5568bd9d,T_a02bf5e9,6406
6293,1698,match_start,0,Suravasa,Flashpoint,T_5568bd9d,T_a02bf5e9,6407
6294,1698,match_start,0,Route 66,Escort,T_5568bd9d,T_a02bf5e9,6408
4091,1079,match_start,0,Suravasa,Flashpoint,T_5568bd9d,T_a02bf5e9,
6296,1636,match_start,0,"King's Row",Hybrid,T_5568bd9d,T_a02bf5e9,6410
6297,1700,match_start,0,"King's Row",Hybrid,T_5568bd9d,T_a02bf5e9,6411
6298,1701,match_start,0,"King's Row",Hybrid,T_5568bd9d,T_a02bf5e9,6412
6299,1701,match_start,0,Watchpoint: Gibraltar,Escort,T_5568bd9d,T_a02bf5e9,6413
6300,1701,match_start,0,New Queen Street,Push,T_5568bd9d,T_a02bf5e9,6414
6301,1701,match_start,0,Lijiang Tower,Control,T_5568bd9d,T_a02bf5e9,6415
6302,1702,match_start,0,Ilios,Control,T_5568bd9d,T_a02bf5e9,6416
6303,1702,match_start,0,Rialto,Escort,T_5568bd9d,T_a02bf5e9,6417
6304,1702,match_start,0,"King's Row",Hybrid,T_5568bd9d,T_a02bf5e9,6418
6305,1702,match_start,0,"King's Row",Hybrid,T_5568bd9d,T_a02bf5e9,6419
6306,1702,match_start,0,"King's Row",Hybrid,T_5568bd9d,T_a02bf5e9,6420
6307,1702,match_start,0,"King's Row",Hybrid,T_5568bd9d,T_a02bf5e9,6421
6308,1702,match_start,0,"King's Row",Hybrid,T_5568bd9d,T_a02bf5e9,6422
6309,1702,match_start,0,"King's Row",Hybrid,T_5568bd9d,T_a02bf5e9,6423
6310,1702,match_start,0,Suravasa,Flashpoint,T_5568bd9d,T_a02bf5e9,6424
6311,1702,match_start,0,New Queen Street,Push,T_5568bd9d,T_a02bf5e9,6425
6312,1702,match_start,0,Lijiang Tower,Control,T_5568bd9d,T_a02bf5e9,6426
6313,1704,match_start,0,Nepal,Control,T_5568bd9d,T_a02bf5e9,6427
6314,1704,match_start,0,"King's Row",Hybrid,T_5568bd9d,T_a02bf5e9,6428
6315,1704,match_start,0,Dorado,Escort,T_5568bd9d,T_a02bf5e9,6429
6316,1704,match_start,0,New Junk City,Flashpoint,T_5568bd9d,T_a02bf5e9,6430
6317,1704,match_start,0,New Queen Street,Push,T_5568bd9d,T_a02bf5e9,6431
6318,1704,match_start,0,Busan,Control,T_5568bd9d,T_a02bf5e9,6432
6319,1705,match_start,0,Oasis,Control,T_5568bd9d,T_a02bf5e9,6433
6320,1705,match_start,0,Midtown,Hybrid,T_ed2937da,T_87a36abe,6434
6321,1705,match_start,0,Suravasa,Flashpoint,T_ed2937da,T_87a36abe,6435
6322,1705,match_start,0,Esperança,Push,T_ed2937da,T_87a36abe,6436
6323,1705,match_start,0,Circuit royal,Escort,T_ed2937da,T_87a36abe,6437
6324,1706,match_start,0,Lijiang Tower,Control,T_5568bd9d,T_a02bf5e9,6438
6325,1706,match_start,0,Hollywood,Hybrid,T_5568bd9d,T_a02bf5e9,6439
6326,1706,match_start,0,New Queen Street,Push,T_5568bd9d,T_a02bf5e9,6440
6327,1706,match_start,0,Aatlis,Flashpoint,T_5568bd9d,T_a02bf5e9,6441
6328,1706,match_start,0,Junkertown,Escort,T_5568bd9d,T_a02bf5e9,6442
6329,1706,match_start,0,Suravasa,Flashpoint,T_5568bd9d,T_a02bf5e9,6443
6330,1707,match_start,0,Nepal,Control,T_29e0905e,T_8d17b0d1,6444
6333,1707,match_start,0,"King's Row",Hybrid,T_29e0905e,T_8d17b0d1,6447
6334,1707,match_start,0,Suravasa,Flashpoint,T_29e0905e,T_8d17b0d1,6448
6335,1707,match_start,0,Route 66,Escort,T_29e0905e,T_8d17b0d1,6449
6336,1707,match_start,0,Runasapi,Push,T_29e0905e,T_8d17b0d1,6450
6337,1708,match_start,0,Ilios,Control,T_3238eb96,T_e5416907,6451
6338,1708,match_start,0,New Junk City,Flashpoint,T_3238eb96,T_e5416907,6452
6339,1708,match_start,0,Hollywood,Hybrid,T_3238eb96,T_e5416907,6453
6345,1708,match_start,0,Hollywood,Hybrid,T_3238eb96,T_e5416907,6459
6346,1708,match_start,0,Watchpoint: Gibraltar,Escort,T_3238eb96,T_e5416907,6460
6347,1708,match_start,0,New Queen Street,Push,T_3238eb96,T_e5416907,6461
6348,1708,match_start,0,"King's Row",Hybrid,T_3238eb96,T_e5416907,6462
6349,1708,match_start,0,Samoa,Control,T_3238eb96,T_e5416907,6463
6350,1709,match_start,0,Busan,Control,T_5568bd9d,T_a02bf5e9,6464
6351,1709,match_start,0,Blizzard World,Hybrid,T_5568bd9d,T_a02bf5e9,6465
6352,1709,match_start,0,Suravasa,Flashpoint,T_5568bd9d,T_a02bf5e9,6466
6353,1709,match_start,0,Dorado,Escort,T_5568bd9d,T_a02bf5e9,6467
6354,1709,match_start,0,New Queen Street,Push,T_5568bd9d,T_a02bf5e9,6468
6355,1709,match_start,0,Nepal,Control,T_5568bd9d,T_a02bf5e9,6469
6356,1710,match_start,0,Ilios,Control,T_5568bd9d,T_a02bf5e9,6470
6357,1711,match_start,0,Ilios,Control,T_5568bd9d,T_a02bf5e9,6471
6358,1712,match_start,0,Ilios,Control,T_5568bd9d,T_a02bf5e9,6472
6359,1713,match_start,0,Ilios,Control,T_5568bd9d,T_a02bf5e9,6473
6360,1714,match_start,0,Ilios,Control,T_5568bd9d,T_a02bf5e9,6474
6361,1715,match_start,0,Ilios,Control,T_5568bd9d,T_a02bf5e9,6475
6364,1717,match_start,0,Ilios,Control,T_5568bd9d,T_a02bf5e9,6478
6365,1718,match_start,0,Ilios,Control,T_5568bd9d,T_a02bf5e9,6479
6370,1720,match_start,0,Dorado,Escort,T_29e0905e,T_2a090866,6484
6371,1720,match_start,0,Runasapi,Push,T_29e0905e,T_2a090866,6485
6372,1720,match_start,0,New Junk City,Flashpoint,T_29e0905e,T_2a090866,6486
6373,1721,match_start,0,Ilios,Control,T_5568bd9d,T_a02bf5e9,6487
6374,1722,match_start,0,Ilios,Control,T_5568bd9d,T_a02bf5e9,6488
6375,1723,match_start,0,Ilios,Control,T_5568bd9d,T_a02bf5e9,6489
6376,1723,match_start,0,"King's Row",Hybrid,T_5568bd9d,T_a02bf5e9,6490
6377,1723,match_start,0,Shambali Monastery,Escort,T_5568bd9d,T_a02bf5e9,6491
6378,1723,match_start,0,Suravasa,Flashpoint,T_5568bd9d,T_a02bf5e9,6492
6379,1723,match_start,0,Runasapi,Push,T_5568bd9d,T_a02bf5e9,6493
6380,1723,match_start,0,Nepal,Control,T_5568bd9d,T_a02bf5e9,6494
6383,1724,match_start,0,Samoa,Control,T_5568bd9d,T_a02bf5e9,6497
6384,1724,match_start,0,"King's Row",Hybrid,T_5568bd9d,T_a02bf5e9,6498
6385,1724,match_start,0,Colosseo,Push,T_5568bd9d,T_a02bf5e9,6499
6386,1724,match_start,0,Aatlis,Flashpoint,T_5568bd9d,T_a02bf5e9,6500
6387,1724,match_start,0,Nepal,Control,T_5568bd9d,T_a02bf5e9,6501
6388,1726,match_start,0,Samoa,Control,T_5568bd9d,T_a02bf5e9,6502
6389,1726,match_start,0,Colosseo,Push,T_5568bd9d,T_a02bf5e9,6503
6390,1726,match_start,0,Suravasa,Flashpoint,T_5568bd9d,T_a02bf5e9,6504
6391,1726,match_start,0,"King's Row",Hybrid,T_5568bd9d,T_a02bf5e9,6505
6392,1726,match_start,0,Route 66,Escort,T_5568bd9d,T_a02bf5e9,6506
6393,1726,match_start,0,New Junk City,Flashpoint,T_5568bd9d,T_a02bf5e9,6507
6394,1727,match_start,0,Ilios,Control,T_5568bd9d,T_a02bf5e9,6508
6395,1727,match_start,0,Shambali Monastery,Escort,T_5568bd9d,T_a02bf5e9,6509
6396,1727,match_start,0,Runasapi,Push,T_5568bd9d,T_a02bf5e9,6510
6397,1727,match_start,0,Suravasa,Flashpoint,T_5568bd9d,T_a02bf5e9,6511
6398,1727,match_start,0,Blizzard World,Hybrid,T_5568bd9d,T_a02bf5e9,6512
6399,1727,match_start,0,Busan,Control,T_5568bd9d,T_a02bf5e9,6513
6400,1727,match_start,0,Suravasa,Flashpoint,T_5568bd9d,T_a02bf5e9,6514
6401,1728,match_start,0,Ilios,Control,T_5568bd9d,T_a02bf5e9,6515
6402,1728,match_start,0,Midtown,Hybrid,T_5568bd9d,T_a02bf5e9,6516
6403,1728,match_start,0,Suravasa,Flashpoint,T_5568bd9d,T_a02bf5e9,6517
6404,1728,match_start,0,New Queen Street,Push,T_5568bd9d,T_a02bf5e9,6518
6405,1728,match_start,0,Route 66,Escort,T_5568bd9d,T_a02bf5e9,6519
6406,1728,match_start,0,Busan,Control,T_5568bd9d,T_a02bf5e9,6520
6409,1729,match_start,0,Lijiang Tower,Control,T_4c3f37e0,T_5dce4708,6527
6410,1729,match_start,0,Watchpoint: Gibraltar,Escort,T_4c3f37e0,T_5dce4708,6528
6411,1729,match_start,0,"King's Row",Hybrid,T_4c3f37e0,T_5dce4708,6529
6412,1729,match_start,0,Esperança,Push,T_4c3f37e0,T_5dce4708,6530
6413,1729,match_start,0,Suravasa,Flashpoint,T_4c3f37e0,T_5dce4708,6531
6414,1729,match_start,0,Rialto,Escort,T_4c3f37e0,T_5dce4708,6532
6415,1729,match_start,0,Ilios,Control,T_4c3f37e0,T_5dce4708,6533
6416,1730,match_start,0,Nepal,Control,T_5568bd9d,T_a02bf5e9,6534
6417,1730,match_start,0,Midtown,Hybrid,T_5568bd9d,T_a02bf5e9,6535
6418,1730,match_start,0,Dorado,Escort,T_5568bd9d,T_a02bf5e9,6536
6419,1730,match_start,0,New Queen Street,Push,T_5568bd9d,T_a02bf5e9,6537
6420,1730,match_start,0,New Junk City,Flashpoint,T_5568bd9d,T_a02bf5e9,6538
6421,1730,match_start,0,Ilios,Control,T_5568bd9d,T_a02bf5e9,6539
6422,1730,match_start,0,Runasapi,Push,T_5568bd9d,T_a02bf5e9,6540
6424,1730,match_start,0,Runasapi,Push,T_5568bd9d,T_a02bf5e9,6542
6425,1731,match_start,0,Nepal,Control,T_5568bd9d,T_a02bf5e9,6543
6426,1731,match_start,0,Midtown,Hybrid,T_5568bd9d,T_a02bf5e9,6544
6427,1731,match_start,0,Dorado,Escort,T_5568bd9d,T_a02bf5e9,6545
6428,1731,match_start,0,Runasapi,Push,T_5568bd9d,T_a02bf5e9,6546
6429,1731,match_start,0,New Junk City,Flashpoint,T_5568bd9d,T_a02bf5e9,6547
6430,1731,match_start,0,"King's Row",Hybrid,T_5568bd9d,T_a02bf5e9,6548
6431,1732,match_start,0,Busan,Control,T_5568bd9d,T_a02bf5e9,6549
6432,1732,match_start,0,Route 66,Escort,T_5568bd9d,T_a02bf5e9,6550
6433,1732,match_start,0,New Queen Street,Push,T_5568bd9d,T_a02bf5e9,6551
6434,1732,match_start,0,Suravasa,Flashpoint,T_5568bd9d,T_a02bf5e9,6552
6435,1732,match_start,0,"King's Row",Hybrid,T_5568bd9d,T_a02bf5e9,6553
6436,1732,match_start,0,Nepal,Control,T_5568bd9d,T_a02bf5e9,6554
6437,1733,match_start,0,Busan,Control,T_3238eb96,T_f9bed691,6555
6438,1733,match_start,0,Midtown,Hybrid,T_3238eb96,T_f9bed691,6556
6439,1733,match_start,0,New Junk City,Flashpoint,T_3238eb96,T_f9bed691,6557
6449,533,match_start,0,Suravasa,Flashpoint,T_5568bd9d,T_a02bf5e9,6573
6450,533,match_start,0,Watchpoint: Gibraltar,Escort,T_3238eb96,T_f9bed691,6574
6451,533,match_start,0,Suravasa,Flashpoint,T_5568bd9d,T_a02bf5e9,6575
6452,1736,match_start,0,Oasis,Control,T_5568bd9d,T_a02bf5e9,6576
6453,1736,match_start,0,Midtown,Hybrid,T_5568bd9d,T_a02bf5e9,6577
6454,1736,match_start,0,Dorado,Escort,T_5568bd9d,T_a02bf5e9,6578
6455,1736,match_start,0,Suravasa,Flashpoint,T_5568bd9d,T_a02bf5e9,6579
6457,1736,match_start,0,New Queen Street,Push,T_5568bd9d,T_a02bf5e9,6581
6458,1736,match_start,0,Runasapi,Push,T_5568bd9d,T_a02bf5e9,6582
6459,1737,match_start,0,Oasis,Control,T_5568bd9d,T_a02bf5e9,6583
6460,1737,match_start,0,Dorado,Escort,T_5568bd9d,T_a02bf5e9,6584
6461,1737,match_start,0,Blizzard World,Hybrid,T_5568bd9d,T_a02bf5e9,6585
6462,1737,match_start,0,Esperança,Push,T_5568bd9d,T_a02bf5e9,6586
6463,1737,match_start,0,Suravasa,Flashpoint,T_5568bd9d,T_a02bf5e9,6587
6464,1737,match_start,0,Rialto,Escort,T_5568bd9d,T_a02bf5e9,6588
6465,1738,match_start,0,Busan,Control,T_5568bd9d,T_a02bf5e9,6589
6466,1739,match_start,0,Lijiang Tower,Control,T_5568bd9d,T_a02bf5e9,6590
6467,1739,match_start,0,Blizzard World,Hybrid,T_5568bd9d,T_a02bf5e9,6591
6468,1739,match_start,0,Circuit royal,Escort,T_5568bd9d,T_a02bf5e9,6592
6469,1739,match_start,0,Aatlis,Flashpoint,T_5568bd9d,T_a02bf5e9,6593
6470,1739,match_start,0,New Queen Street,Push,T_5568bd9d,T_a02bf5e9,6594
6471,1738,match_start,0,Midtown,Hybrid,T_5568bd9d,T_a02bf5e9,6595
6472,1738,match_start,0,Dorado,Escort,T_5568bd9d,T_a02bf5e9,6596
6473,1738,match_start,0,New Junk City,Flashpoint,T_5568bd9d,T_a02bf5e9,6597
6475,1741,match_start,0,Nepal,Control,T_5568bd9d,T_a02bf5e9,6599
6477,1741,match_start,0,Suravasa,Flashpoint,T_5568bd9d,T_a02bf5e9,6601
6496,1744,match_start,0,Ilios,Control,T_5568bd9d,T_a02bf5e9,6620
6497,1744,match_start,0,Blizzard World,Hybrid,T_5568bd9d,T_a02bf5e9,6621
6498,1744,match_start,0,Route 66,Escort,T_5568bd9d,T_a02bf5e9,6622
6499,1744,match_start,0,New Queen Street,Push,T_5568bd9d,T_a02bf5e9,6623
6500,1744,match_start,0,Suravasa,Flashpoint,T_5568bd9d,T_a02bf5e9,6624
6501,1746,match_start,0,Ilios,Control,T_5568bd9d,T_a02bf5e9,6625
6502,1746,match_start,0,"King's Row",Hybrid,T_5568bd9d,T_a02bf5e9,6626
6503,1746,match_start,0,Shambali Monastery,Escort,T_5568bd9d,T_a02bf5e9,6627
6505,1746,match_start,0,Suravasa,Flashpoint,T_5568bd9d,T_a02bf5e9,6629
6506,1746,match_start,0,Runasapi,Push,T_5568bd9d,T_a02bf5e9,6630
6508,1747,match_start,0,Suravasa,Flashpoint,T_5568bd9d,T_a02bf5e9,6632
6509,1747,match_start,0,Route 66,Escort,T_5568bd9d,T_a02bf5e9,6633
6510,1747,match_start,0,Ilios,Control,T_5568bd9d,T_a02bf5e9,6634
6512,1747,match_start,0,Ilios,Control,T_5568bd9d,T_a02bf5e9,6636
6513,1749,match_start,0,Suravasa,Flashpoint,T_5568bd9d,T_a02bf5e9,6637
6514,1749,match_start,0,Dorado,Escort,T_5568bd9d,T_a02bf5e9,6638
6515,1749,match_start,0,"King's Row",Hybrid,T_5568bd9d,T_a02bf5e9,6639
6516,1749,match_start,0,Busan,Control,T_5568bd9d,T_a02bf5e9,6640
6517,1749,match_start,0,Runasapi,Push,T_5568bd9d,T_a02bf5e9,6641
6518,1750,match_start,0,Busan,Control,T_5568bd9d,T_a02bf5e9,6642
6519,1750,match_start,0,Suravasa,Flashpoint,T_5568bd9d,T_a02bf5e9,6643
6520,1750,match_start,0,"King's Row",Hybrid,T_5568bd9d,T_a02bf5e9,6644
6521,1750,match_start,0,Route 66,Escort,T_5568bd9d,T_a02bf5e9,6645
6522,1750,match_start,0,New Queen Street,Push,T_5568bd9d,T_a02bf5e9,6646
6523,1750,match_start,0,Runasapi,Push,T_5568bd9d,T_a02bf5e9,6647
6525,1750,match_start,0,Runasapi,Push,T_5568bd9d,T_a02bf5e9,6649
6526,1751,match_start,0,Busan,Control,T_5568bd9d,T_a02bf5e9,6650
6527,1751,match_start,0,Blizzard World,Hybrid,T_5568bd9d,T_a02bf5e9,6651
6528,1751,match_start,0,Route 66,Escort,T_5568bd9d,T_a02bf5e9,6652
6529,1751,match_start,0,Runasapi,Push,T_5568bd9d,T_a02bf5e9,6653
6530,1751,match_start,0,Suravasa,Flashpoint,T_5568bd9d,T_a02bf5e9,6654
6531,1751,match_start,0,Ilios,Control,T_5568bd9d,T_a02bf5e9,6655
6532,1752,match_start,0,Nepal,Control,T_5568bd9d,T_a02bf5e9,6656
6533,1752,match_start,0,Midtown,Hybrid,T_5568bd9d,T_a02bf5e9,6657
6534,1752,match_start,0,Shambali Monastery,Escort,T_5568bd9d,T_a02bf5e9,6658
6535,1752,match_start,0,New Junk City,Flashpoint,T_5568bd9d,T_a02bf5e9,6659
6536,1753,match_start,0,Oasis,Control,T_4bc42396,T_5a77f1ca,6660
6537,1754,match_start,0,Oasis,Control,T_4bc42396,T_5a77f1ca,6661
6538,1755,match_start,0,Oasis,Control,T_4bc42396,T_5a77f1ca,6662
6539,1755,match_start,0,"King's Row",Hybrid,T_4bc42396,T_5a77f1ca,6663
6540,1755,match_start,0,Suravasa,Flashpoint,T_4bc42396,T_5a77f1ca,6664
6541,1755,match_start,0,Dorado,Escort,T_4bc42396,T_5a77f1ca,6665
6542,1755,match_start,0,Runasapi,Push,T_4bc42396,T_5a77f1ca,6666
6543,1756,match_start,0,Nepal,Control,T_5568bd9d,T_a02bf5e9,6667
6544,1756,match_start,0,Midtown,Hybrid,T_5568bd9d,T_a02bf5e9,6668
6545,1756,match_start,0,Dorado,Escort,T_5568bd9d,T_a02bf5e9,6669
6546,1756,match_start,0,Suravasa,Flashpoint,T_5568bd9d,T_a02bf5e9,6670
6547,1756,match_start,0,New Queen Street,Push,T_5568bd9d,T_a02bf5e9,6671
6548,1756,match_start,0,Ilios,Control,T_5568bd9d,T_a02bf5e9,6672
6549,1757,match_start,0,Ilios,Control,T_5568bd9d,T_a02bf5e9,6673
6550,1757,match_start,0,"King's Row",Hybrid,T_5568bd9d,T_a02bf5e9,6674
6551,1757,match_start,0,New Junk City,Flashpoint,T_5568bd9d,T_a02bf5e9,6675
6552,1757,match_start,0,Dorado,Escort,T_5568bd9d,T_a02bf5e9,6676
6553,1757,match_start,0,Runasapi,Push,T_5568bd9d,T_a02bf5e9,6677
6554,1758,match_start,0,Ilios,Control,T_5568bd9d,T_a02bf5e9,6678
6555,1758,match_start,0,Route 66,Escort,T_5568bd9d,T_a02bf5e9,6679
6556,1758,match_start,0,"King's Row",Hybrid,T_5568bd9d,T_a02bf5e9,6680
6557,1758,match_start,0,Suravasa,Flashpoint,T_5568bd9d,T_a02bf5e9,6681
6559,1758,match_start,0,New Queen Street,Push,T_5568bd9d,T_a02bf5e9,6683
6560,1758,match_start,0,Route 66,Escort,T_5568bd9d,T_a02bf5e9,6684
6561,1758,match_start,0,Route 66,Escort,T_5568bd9d,T_a02bf5e9,6685
6562,1758,match_start,0,Route 66,Escort,T_5568bd9d,T_a02bf5e9,6686
6563,1759,match_start,0,Nepal,Control,T_5568bd9d,T_a02bf5e9,6687
6564,1759,match_start,0,Midtown,Hybrid,T_5568bd9d,T_a02bf5e9,6688
6565,1759,match_start,0,Dorado,Escort,T_5568bd9d,T_a02bf5e9,6689
6566,1759,match_start,0,New Queen Street,Push,T_5568bd9d,T_a02bf5e9,6690
6567,1760,match_start,0,Nepal,Control,T_cb79cd49,T_e9d6682a,6691
6568,1760,match_start,0,"King's Row",Hybrid,T_cb79cd49,T_e9d6682a,6692
6569,1760,match_start,0,Dorado,Escort,T_cb79cd49,T_e9d6682a,6693
6570,1760,match_start,0,New Junk City,Flashpoint,T_cb79cd49,T_e9d6682a,6694
6571,1760,match_start,0,Runasapi,Push,T_cb79cd49,T_e9d6682a,6695
6572,1760,match_start,0,Busan,Control,T_cb79cd49,T_e9d6682a,6696
6573,1761,match_start,0,Lijiang Tower,Control,T_dfe6a94e,T_3238eb96,6697
6574,1761,match_start,0,Midtown,Hybrid,T_dfe6a94e,T_3238eb96,6698
6575,1761,match_start,0,Aatlis,Flashpoint,T_dfe6a94e,T_3238eb96,6699
6576,1761,match_start,0,Runasapi,Push,T_dfe6a94e,T_3238eb96,6700
6577,1762,match_start,0,Busan,Control,T_5568bd9d,T_a02bf5e9,6701
6578,1762,match_start,0,Route 66,Escort,T_5568bd9d,T_a02bf5e9,6702
6579,1762,match_start,0,Suravasa,Flashpoint,T_5568bd9d,T_a02bf5e9,6703
6580,1762,match_start,0,New Queen Street,Push,T_5568bd9d,T_a02bf5e9,6704
6581,1762,match_start,0,"King's Row",Hybrid,T_5568bd9d,T_a02bf5e9,6705
6582,1762,match_start,0,Runasapi,Push,T_5568bd9d,T_a02bf5e9,6706
6583,1763,match_start,0,Suravasa,Flashpoint,T_5568bd9d,T_a02bf5e9,6707
6584,1763,match_start,0,Route 66,Escort,T_5568bd9d,T_a02bf5e9,6708
6585,1763,match_start,0,Busan,Control,T_5568bd9d,T_a02bf5e9,6709
6586,1763,match_start,0,Runasapi,Push,T_5568bd9d,T_a02bf5e9,6710
6587,1763,match_start,0,"King's Row",Hybrid,T_5568bd9d,T_a02bf5e9,6711
6588,1763,match_start,0,New Queen Street,Push,T_5568bd9d,T_a02bf5e9,6712
6589,1764,match_start,0,Nepal,Control,T_5568bd9d,T_a02bf5e9,6713
6590,1764,match_start,0,New Queen Street,Push,T_5568bd9d,T_a02bf5e9,6714
6591,1764,match_start,0,New Junk City,Flashpoint,T_5568bd9d,T_a02bf5e9,6715
6592,1764,match_start,0,Route 66,Escort,T_5568bd9d,T_a02bf5e9,6716
6595,1764,match_start,0,Blizzard World,Hybrid,T_5568bd9d,T_a02bf5e9,6719
6596,1764,match_start,0,Busan,Control,T_5568bd9d,T_a02bf5e9,6720
6597,1765,match_start,0,Ilios,Control,T_5568bd9d,T_a02bf5e9,6721
6598,1765,match_start,0,Blizzard World,Hybrid,T_5568bd9d,T_a02bf5e9,6722
6599,1765,match_start,0,Route 66,Escort,T_5568bd9d,T_a02bf5e9,6723
6600,1765,match_start,0,Suravasa,Flashpoint,T_5568bd9d,T_a02bf5e9,6724
6601,1765,match_start,0,Runasapi,Push,T_5568bd9d,T_a02bf5e9,6725
6602,1765,match_start,0,New Queen Street,Push,T_5568bd9d,T_a02bf5e9,6726
6603,1766,match_start,0,Nepal,Control,T_5568bd9d,T_a02bf5e9,6727
6604,1766,match_start,0,Runasapi,Push,T_5568bd9d,T_a02bf5e9,6728
6605,1766,match_start,0,Dorado,Escort,T_5568bd9d,T_a02bf5e9,6729
6607,1766,match_start,0,Suravasa,Flashpoint,T_5568bd9d,T_a02bf5e9,6731
6608,1766,match_start,0,"King's Row",Hybrid,T_5568bd9d,T_a02bf5e9,6732
6609,1766,match_start,0,Busan,Control,T_5568bd9d,T_a02bf5e9,6733
6610,1767,match_start,0,Ilios,Control,T_5568bd9d,T_a02bf5e9,6734
6611,1767,match_start,0,Blizzard World,Hybrid,T_5568bd9d,T_a02bf5e9,6735
6612,1767,match_start,0,New Junk City,Flashpoint,T_5568bd9d,T_a02bf5e9,6736
6613,1767,match_start,0,Shambali Monastery,Escort,T_5568bd9d,T_a02bf5e9,6737
6614,1767,match_start,0,Runasapi,Push,T_5568bd9d,T_a02bf5e9,6738
6643,1767,match_start,0,Nepal,Control,T_5568bd9d,T_a02bf5e9,6767
6709,1833,match_start,0,Colosseo,Push,T_5568bd9d,T_a02bf5e9,6833
6710,1833,match_start,0,Samoa,Control,T_5568bd9d,T_a02bf5e9,6834
6712,1833,match_start,0,Suravasa,Flashpoint,T_5568bd9d,T_a02bf5e9,6836
6744,1833,match_start,0,Havana,Escort,T_5568bd9d,T_a02bf5e9,6868
6777,1833,match_start,0,"King's Row",Hybrid,T_5568bd9d,T_a02bf5e9,6901
6810,1866,match_start,0,Nepal,Control,T_5568bd9d,T_a02bf5e9,6934
6811,1866,match_start,0,Midtown,Hybrid,T_5568bd9d,T_a02bf5e9,6935
6812,1866,match_start,0,Shambali Monastery,Escort,T_5568bd9d,T_a02bf5e9,6936
6813,1866,match_start,0,Runasapi,Push,T_5568bd9d,T_a02bf5e9,6937
6814,1866,match_start,0,New Junk City,Flashpoint,T_5568bd9d,T_a02bf5e9,6938
6846,1903,match_start,0,Ilios,Control,T_5568bd9d,T_a02bf5e9,6970
6847,1903,match_start,0,Midtown,Hybrid,T_5568bd9d,T_a02bf5e9,6971
6848,1903,match_start,0,Dorado,Escort,T_5568bd9d,T_a02bf5e9,6972
6849,1903,match_start,0,Runasapi,Push,T_5568bd9d,T_a02bf5e9,6973
6850,1903,match_start,0,Suravasa,Flashpoint,T_5568bd9d,T_a02bf5e9,6974
6877,1903,match_start,0,Nepal,Control,T_5568bd9d,T_a02bf5e9,7001