id,scrimId,event_type,match_time,round_number,previous_objective_index,current_objective_index,MapDataId
79,31,objective_updated,0,1,0,1,30
80,31,objective_updated,172.33,2,1,0,30
81,31,objective_updated,479.59,3,0,2,30
82,31,objective_updated,148.56,1,0,1,31
83,31,objective_updated,209.15,1,1,2,31
84,31,objective_updated,442.81,1,2,3,31
85,31,objective_updated,442.81,2,3,0,31
86,31,objective_updated,625.74,2,0,1,31
87,31,objective_updated,689.82,2,1,2,31
88,31,objective_updated,61.53,1,0,1,32
89,31,objective_updated,188.18,1,1,2,32
90,31,objective_updated,272.27,1,2,3,32
91,31,objective_updated,272.27,2,3,0,32
92,31,objective_updated,316.6,2,0,1,32
93,31,objective_updated,513.13,2,1,2,32
94,31,objective_updated,206.91,2,0,2,33
95,31,objective_updated,381.06,3,2,4,33
96,31,objective_updated,509.34,4,4,3,33
97,31,objective_updated,652.63,5,3,1,33
98,31,objective_updated,851.76,6,1,2,33
105,29,objective_updated,118.97,2,0,3,41
106,29,objective_updated,304.22,3,3,2,41
107,29,objective_updated,433.82,4,2,1,41
108,29,objective_updated,662.69,5,1,4,41
109,29,objective_updated,798.38,6,4,2,41
110,29,objective_updated,0,1,0,1,42
111,29,objective_updated,172.33,2,1,0,42
112,29,objective_updated,479.59,3,0,2,42
113,35,objective_updated,128.28,1,0,1,43
114,35,objective_updated,423.36,2,1,0,43
115,35,objective_updated,113.61,2,0,1,44
116,35,objective_updated,309.55,3,1,2,44
117,35,objective_updated,522.56,4,2,3,44
118,35,objective_updated,753.42,5,3,4,44
119,35,objective_updated,948.36,6,4,0,44
120,35,objective_updated,52.49,1,0,1,45
121,35,objective_updated,167.63,1,1,2,45
122,35,objective_updated,516.33,1,2,3,45
123,35,objective_updated,516.33,2,3,0,45
124,35,objective_updated,622.98,2,0,1,45
125,35,objective_updated,733.14,2,1,2,45
126,35,objective_updated,1023.35,2,2,3,45
130,29,objective_updated,0,1,0,2,50
131,29,objective_updated,215.26,2,2,0,50
132,29,objective_updated,508.84,3,0,1,50
133,36,objective_updated,0,1,0,2,51
134,36,objective_updated,298.45,2,2,0,51
135,36,objective_updated,515.37,3,0,1,51
136,36,objective_updated,470.42,2,0,1,52
137,36,objective_updated,564.15,2,1,2,52
138,36,objective_updated,208.41,2,0,1,53
139,36,objective_updated,420.91,3,1,3,53
140,36,objective_updated,568.78,4,3,2,53
141,36,objective_updated,710.89,5,2,4,53
142,36,objective_updated,945.93,6,4,2,53
143,36,objective_updated,204.04,1,0,1,54
144,36,objective_updated,412.15,1,1,2,54
145,36,objective_updated,531.24,2,2,0,54
146,36,objective_updated,746.35,2,0,1,54
147,36,objective_updated,863.5,2,1,2,54
148,36,objective_updated,1024.52,2,2,3,54
149,36,objective_updated,0,1,0,2,56
150,36,objective_updated,260.27,2,2,1,56
169,29,objective_updated,0,1,0,2,62
170,29,objective_updated,215.26,2,2,0,62
171,29,objective_updated,508.84,3,0,1,62
172,29,objective_updated,0,1,0,2,63
173,29,objective_updated,313.02,2,2,0,63
174,29,objective_updated,577.94,3,0,1,63
175,29,objective_updated,0,1,0,2,64
176,29,objective_updated,313.02,2,2,0,64
177,29,objective_updated,577.94,3,0,1,64
178,29,objective_updated,0,1,0,2,65
179,29,objective_updated,313.02,2,2,0,65
180,29,objective_updated,577.94,3,0,1,65
181,38,objective_updated,0,1,0,2,66
182,38,objective_updated,215.26,2,2,0,66
183,38,objective_updated,508.84,3,0,1,66
210,40,objective_updated,0,1,0,1,73
211,40,objective_updated,169.63,2,1,2,73
212,40,objective_updated,396.68,3,2,0,73
249,29,objective_updated,254.32,1,0,1,82
250,29,objective_updated,415.21,1,1,2,82
251,29,objective_updated,513.59,1,2,3,82
252,29,objective_updated,513.59,2,3,0,82
253,29,objective_updated,585.96,2,0,1,82
254,29,objective_updated,776.07,2,1,2,82
255,29,objective_updated,1021.56,2,2,3,82
256,43,objective_updated,0,1,0,2,83
257,43,objective_updated,260.88,2,2,1,83
258,43,objective_updated,563.95,3,1,0,83
259,43,objective_updated,199.41,1,0,1,84
260,43,objective_updated,382.47,1,1,2,84
261,43,objective_updated,504.88,1,2,3,84
262,43,objective_updated,504.88,2,3,0,84
263,43,objective_updated,710.15,2,0,1,84
264,43,objective_updated,817.29,2,1,2,84
265,43,objective_updated,931.92,2,2,3,84
303,45,objective_updated,0,1,0,2,97
304,45,objective_updated,229.23,2,2,1,97
305,45,objective_updated,548,3,1,0,97
306,45,objective_updated,315.14,2,0,1,98
307,45,objective_updated,392.04,2,1,2,98
308,45,objective_updated,464.74,2,2,3,98
309,45,objective_updated,109.02,2,0,1,99
310,45,objective_updated,243.32,3,1,2,99
311,45,objective_updated,411.28,4,2,4,99
312,45,objective_updated,637.06,5,4,3,99
313,45,objective_updated,129.1,1,0,1,100
314,45,objective_updated,396.27,2,1,0,100
315,45,objective_updated,441.3,2,0,1,100
316,45,objective_updated,617.67,2,1,2,100
317,45,objective_updated,798.58,2,2,3,100
332,47,objective_updated,125.35,2,0,4,108
333,47,objective_updated,264.43,3,4,2,108
334,47,objective_updated,459.74,4,2,3,108
335,47,objective_updated,598.19,5,3,1,108
336,47,objective_updated,781.18,6,1,2,108
337,29,objective_updated,0,1,0,1,109
338,29,objective_updated,240.49,2,1,2,109
339,29,objective_updated,462.6,3,2,0,109
349,29,objective_updated,309.39,2,0,1,113
350,29,objective_updated,647.47,3,1,2,113
351,29,objective_updated,309.39,2,0,1,114
352,29,objective_updated,647.47,3,1,2,114
353,29,objective_updated,309.39,2,0,1,115
354,29,objective_updated,647.47,3,1,2,115
355,29,objective_updated,309.39,2,0,1,116
356,29,objective_updated,647.47,3,1,2,116
357,34,objective_updated,309.39,2,0,1,118
358,34,objective_updated,647.47,3,1,2,118
359,34,objective_updated,309.39,2,0,1,
360,34,objective_updated,647.47,3,1,2,
361,51,objective_updated,309.39,2,0,1,120
362,51,objective_updated,647.47,3,1,2,120
376,53,objective_updated,204.01,2,0,1,125
377,53,objective_updated,332.18,3,1,4,125
378,53,objective_updated,462.2,4,4,3,125
379,53,objective_updated,584.49,5,3,2,125
380,53,objective_updated,801.92,6,2,1,125
381,54,objective_updated,204.01,2,0,1,126
382,54,objective_updated,332.18,3,1,4,126
383,54,objective_updated,462.2,4,4,3,126
384,54,objective_updated,584.49,5,3,2,126
385,54,objective_updated,801.92,6,2,1,126
386,55,objective_updated,204.01,2,0,1,127
387,55,objective_updated,332.18,3,1,4,127
388,55,objective_updated,462.2,4,4,3,127
389,55,objective_updated,584.49,5,3,2,127
390,55,objective_updated,801.92,6,2,1,127
391,53,objective_updated,249.9,1,0,1,128
392,53,objective_updated,400.68,1,1,2,128
393,53,objective_updated,490.75,2,2,0,128
394,53,objective_updated,557.9,2,0,1,128
395,53,objective_updated,682.68,2,1,2,128
396,53,objective_updated,927.28,2,2,3,128
400,53,objective_updated,338.35,2,0,1,130
401,53,objective_updated,639.16,3,1,2,130
402,53,objective_updated,141.82,2,0,4,131
403,53,objective_updated,320.78,3,4,3,131
404,53,objective_updated,515.58,4,3,1,131
405,53,objective_updated,647.88,5,1,2,131
406,53,objective_updated,822.77,6,2,4,131
433,57,objective_updated,0,1,0,1,139
434,57,objective_updated,280.65,2,1,2,139
435,57,objective_updated,465.16,3,2,0,139
436,57,objective_updated,174.11,2,0,2,141
437,57,objective_updated,360.34,3,2,3,141
438,57,objective_updated,496.56,4,3,4,141
439,57,objective_updated,694.63,5,4,1,141
440,57,objective_updated,397.57,2,0,1,142
441,57,objective_updated,588.01,2,1,2,142
442,57,objective_updated,684.74,2,2,3,142
443,57,objective_updated,397.57,2,0,1,143
444,57,objective_updated,588.01,2,1,2,143
445,57,objective_updated,684.74,2,2,3,143
446,57,objective_updated,0,1,0,1,
447,57,objective_updated,163.59,2,1,2,
448,58,objective_updated,0,1,0,1,
449,58,objective_updated,240.49,2,1,2,
450,58,objective_updated,462.6,3,2,0,
451,58,objective_updated,363.48,2,0,1,
452,58,objective_updated,460.7,2,1,2,
453,58,objective_updated,577.34,2,2,3,
454,58,objective_updated,118.97,2,0,3,
455,58,objective_updated,304.22,3,3,2,
456,58,objective_updated,433.82,4,2,1,
457,58,objective_updated,662.69,5,1,4,
458,58,objective_updated,798.38,6,4,2,
459,58,objective_updated,118.97,2,0,3,
460,58,objective_updated,304.22,3,3,2,
461,58,objective_updated,433.82,4,2,1,
462,58,objective_updated,662.69,5,1,4,
463,58,objective_updated,798.38,6,4,2,
464,58,objective_updated,102.73,1,0,1,
465,58,objective_updated,306.37,1,1,2,
466,58,objective_updated,497.14,2,2,0,
467,58,objective_updated,547.16,2,0,1,
468,58,objective_updated,772.5,2,1,2,
469,58,objective_updated,940.23,2,2,3,
470,58,objective_updated,0,1,0,1,153
471,58,objective_updated,215.26,2,1,2,153
472,58,objective_updated,555.96,3,2,0,153
473,59,objective_updated,0,1,0,2,154
474,59,objective_updated,222.72,2,2,0,154
475,59,objective_updated,523.59,3,0,1,154
476,59,objective_updated,195.2,1,0,1,155
477,59,objective_updated,284.87,1,1,2,155
478,59,objective_updated,490.23,2,2,0,155
479,59,objective_updated,641.25,2,0,1,155
480,59,objective_updated,786.91,2,1,2,155
481,59,objective_updated,999.34,2,2,3,155
482,59,objective_updated,135.6,2,0,2,156
483,59,objective_updated,253.36,3,2,4,156
484,59,objective_updated,375.02,4,4,1,156
485,59,objective_updated,512.43,5,1,3,156
486,59,objective_updated,633.96,6,3,1,156
487,59,objective_updated,148.75,1,0,1,157
488,59,objective_updated,252.65,1,1,2,157
489,59,objective_updated,500.96,2,2,0,157
490,59,objective_updated,751.4,2,0,1,157
491,59,objective_updated,897.51,2,1,2,157
492,59,objective_updated,0,1,0,2,159
493,59,objective_updated,310.4,2,2,0,159
494,59,objective_updated,636.55,3,0,1,159
495,60,objective_updated,0,1,0,2,160
496,60,objective_updated,259.96,2,2,1,160
497,60,objective_updated,437.51,3,1,0,160
498,60,objective_updated,148.64,1,0,1,161
499,60,objective_updated,249.66,1,1,2,161
500,60,objective_updated,435.16,1,2,3,161
501,60,objective_updated,435.18,2,3,0,161
502,60,objective_updated,601.8,2,0,1,161
503,60,objective_updated,121.32,2,0,3,162
504,60,objective_updated,236.57,3,3,2,162
505,60,objective_updated,425.64,4,2,4,162
506,60,objective_updated,660.77,5,4,1,162
507,60,objective_updated,832.55,6,1,3,162
508,60,objective_updated,196.44,1,0,1,163
509,60,objective_updated,391.92,1,1,2,163
510,60,objective_updated,528.3,2,2,0,163
511,60,objective_updated,614.37,2,0,1,163
512,60,objective_updated,695.9,2,1,2,163
513,60,objective_updated,1025.13,2,2,3,163
514,60,objective_updated,315.23,2,0,1,164
515,60,objective_updated,663.48,3,1,2,164
516,60,objective_updated,315.23,2,0,1,165
517,60,objective_updated,663.48,3,1,2,165
518,61,objective_updated,0,1,0,1,167
519,61,objective_updated,208.36,2,1,0,167
520,61,objective_updated,388.27,3,0,2,167
521,61,objective_updated,125.54,1,0,1,168
522,61,objective_updated,319.58,1,1,2,168
523,61,objective_updated,425.92,1,2,3,168
524,61,objective_updated,425.92,2,3,0,168
525,61,objective_updated,492.83,2,0,1,168
526,61,objective_updated,576.04,2,1,2,168
527,61,objective_updated,112.33,2,0,4,169
528,61,objective_updated,295.52,3,4,3,169
529,61,objective_updated,480.24,4,3,1,169
530,61,objective_updated,627.24,5,1,2,169
531,61,objective_updated,158.98,1,0,1,170
532,61,objective_updated,364.08,1,1,2,170
533,61,objective_updated,499.72,2,2,0,170
534,61,objective_updated,540.03,2,0,1,170
535,61,objective_updated,719.62,2,1,2,170
536,61,objective_updated,933.37,2,2,3,170
537,61,objective_updated,192.07,2,0,1,172
538,61,objective_updated,373.91,3,1,2,172
539,34,objective_updated,262.83,1,0,1,173
540,34,objective_updated,332.15,1,1,2,173
541,34,objective_updated,536.79,2,2,0,173
542,34,objective_updated,625.51,2,0,1,173
543,34,objective_updated,743.19,2,1,2,173
544,34,objective_updated,956.57,2,2,3,173
545,62,objective_updated,0,1,0,1,174
546,62,objective_updated,237.29,2,1,0,174
547,62,objective_updated,555.12,3,0,2,174
548,62,objective_updated,146.64,1,0,1,175
549,62,objective_updated,396.3,1,1,2,175
550,62,objective_updated,491.92,2,2,0,175
551,62,objective_updated,739.75,2,0,1,175
552,62,objective_updated,969.19,2,1,2,175
553,62,objective_updated,1041.44,2,2,3,175
554,62,objective_updated,162.55,2,0,2,176
555,62,objective_updated,370.31,3,2,1,176
556,62,objective_updated,610.62,4,1,4,176
557,62,objective_updated,756.01,5,4,3,176
558,62,objective_updated,931.79,6,3,2,176
559,62,objective_updated,105.74,1,0,1,177
560,62,objective_updated,208.62,1,1,2,177
561,62,objective_updated,487.67,1,2,3,177
562,62,objective_updated,487.67,2,3,0,177
563,62,objective_updated,562.55,2,0,1,177
564,62,objective_updated,737.61,2,1,2,177
565,62,objective_updated,77.16,1,0,1,179
566,62,objective_updated,148.4,1,1,2,179
567,62,objective_updated,489.97,2,2,0,179
568,62,objective_updated,634.85,2,0,1,179
569,62,objective_updated,824.81,2,1,2,179
570,62,objective_updated,978.21,2,2,3,179
588,64,objective_updated,0,1,0,1,185
589,64,objective_updated,283.4,2,1,0,185
590,64,objective_updated,544.01,3,0,2,185
591,64,objective_updated,80.68,1,0,1,186
592,64,objective_updated,255.49,1,1,2,186
593,64,objective_updated,509.33,2,2,0,186
594,64,objective_updated,673.3,2,0,1,186
595,64,objective_updated,106.12,2,0,2,187
596,64,objective_updated,271,3,2,1,187
597,64,objective_updated,394.08,4,1,4,187
598,64,objective_updated,558.28,5,4,3,187
599,64,objective_updated,83.15,1,0,1,188
600,64,objective_updated,147.07,1,1,2,188
601,64,objective_updated,356.24,1,2,3,188
602,64,objective_updated,356.24,2,3,0,188
603,64,objective_updated,456.43,2,0,1,188
604,64,objective_updated,725.25,2,1,2,188
605,34,objective_updated,309.39,2,0,1,190
606,34,objective_updated,647.47,3,1,2,190
621,67,objective_updated,175.24,2,0,1,197
622,67,objective_updated,385.69,3,1,2,197
623,67,objective_updated,626.08,4,2,3,197
624,67,objective_updated,810.65,5,3,4,197
625,67,objective_updated,1003.49,6,4,1,197
626,67,objective_updated,57.57,1,0,1,198
627,67,objective_updated,389.25,1,1,2,198
628,67,objective_updated,502.95,2,2,0,198
629,67,objective_updated,578.13,2,0,1,198
630,67,objective_updated,784.48,2,1,2,198
631,67,objective_updated,844.03,2,2,3,198
632,67,objective_updated,0,1,0,2,200
633,67,objective_updated,208.78,2,2,0,200
634,67,objective_updated,380.38,3,0,1,200
635,67,objective_updated,262.83,1,0,1,201
636,67,objective_updated,332.15,1,1,2,201
637,67,objective_updated,536.79,2,2,0,201
638,67,objective_updated,625.51,2,0,1,201
639,67,objective_updated,743.19,2,1,2,201
640,67,objective_updated,956.57,2,2,3,201
649,69,objective_updated,109.13,1,0,1,206
650,69,objective_updated,350.1,1,1,2,206
651,69,objective_updated,495.2,2,2,0,206
652,69,objective_updated,563.04,2,0,1,206
653,69,objective_updated,782.69,2,1,2,206
654,69,objective_updated,854.27,2,2,3,206
655,69,objective_updated,56.48,1,0,1,207
656,69,objective_updated,129.79,1,1,2,207
657,69,objective_updated,480.23,2,2,0,207
658,69,objective_updated,597.99,2,0,1,207
659,69,objective_updated,699.66,2,1,2,207
660,69,objective_updated,178.93,2,0,1,208
661,69,objective_updated,359.49,3,1,3,208
662,69,objective_updated,478.06,4,3,4,208
663,69,objective_updated,707.42,5,4,2,208
664,69,objective_updated,824.28,6,2,3,208
665,69,objective_updated,273.72,2,0,2,210
666,69,objective_updated,601.13,3,2,1,210
667,70,objective_updated,97,1,0,1,211
668,70,objective_updated,381.14,1,1,2,211
669,70,objective_updated,476.42,1,2,3,211
670,70,objective_updated,476.42,2,3,0,211
671,70,objective_updated,581.22,2,0,1,211
672,71,objective_updated,97,1,0,1,212
673,71,objective_updated,381.14,1,1,2,212
674,71,objective_updated,476.42,1,2,3,212
675,71,objective_updated,476.42,2,3,0,212
676,71,objective_updated,581.22,2,0,1,212
677,73,objective_updated,242.49,2,0,2,214
678,73,objective_updated,400.24,3,2,1,214
681,74,objective_updated,83.98,1,0,1,216
682,74,objective_updated,164.55,1,1,2,216
683,74,objective_updated,268.34,1,2,3,216
684,74,objective_updated,268.34,2,3,0,216
685,74,objective_updated,471.18,2,0,1,216
686,74,objective_updated,563.05,2,1,2,216
687,74,objective_updated,676.73,2,2,3,216
688,74,objective_updated,676.75,3,3,0,216
689,74,objective_updated,210.73,2,0,2,217
690,74,objective_updated,422.49,3,2,3,217
691,74,objective_updated,561.85,4,3,1,217
692,74,objective_updated,750.11,5,1,4,217
693,74,objective_updated,982.59,6,4,2,217
694,74,objective_updated,116.47,1,0,1,218
695,74,objective_updated,254.28,1,1,2,218
696,74,objective_updated,441.96,1,2,3,218
697,74,objective_updated,441.98,2,3,0,218
698,74,objective_updated,492.13,2,0,1,218
699,74,objective_updated,591.41,2,1,2,218
700,75,objective_updated,0,1,0,2,220
701,75,objective_updated,245.48,2,2,1,220
702,75,objective_updated,554.58,3,1,0,220
703,75,objective_updated,135.37,1,0,1,221
704,75,objective_updated,390.14,2,1,0,221
705,75,objective_updated,470.38,2,0,1,221
706,75,objective_updated,599.54,2,1,2,221
707,75,objective_updated,728.16,2,2,3,221
708,75,objective_updated,120.57,2,0,1,222
709,75,objective_updated,254.38,3,1,3,222
710,75,objective_updated,472.22,4,3,2,222
711,75,objective_updated,696.3,5,2,4,222
712,75,objective_updated,829.6,6,4,3,222
713,75,objective_updated,245.53,1,0,1,225
714,75,objective_updated,395.63,2,1,0,225
715,75,objective_updated,445.19,2,0,1,225
716,75,objective_updated,699.82,2,1,2,225
717,75,objective_updated,766.04,2,2,3,225
718,75,objective_updated,0,1,0,1,227
719,75,objective_updated,281.85,2,1,2,227
720,75,objective_updated,510.86,3,2,0,227
721,76,objective_updated,311.71,2,0,2,228
722,76,objective_updated,615.03,3,2,1,228
723,77,objective_updated,311.71,2,0,2,229
724,77,objective_updated,615.03,3,2,1,229
725,78,objective_updated,311.71,2,0,2,230
726,78,objective_updated,615.03,3,2,1,230
727,79,objective_updated,311.71,2,0,2,231
728,79,objective_updated,615.03,3,2,1,231
729,80,objective_updated,63.84,1,0,1,232
730,80,objective_updated,342.44,1,1,2,232
731,80,objective_updated,441.87,1,2,3,232
732,80,objective_updated,441.87,2,3,0,232
733,80,objective_updated,720.92,2,0,1,232
734,80,objective_updated,104.62,2,0,4,233
735,80,objective_updated,274.92,3,4,2,233
736,80,objective_updated,537.84,4,2,3,233
737,80,objective_updated,775.65,5,3,1,233
738,80,objective_updated,998.9,6,1,4,233
741,80,objective_updated,110.71,1,0,1,236
742,80,objective_updated,260.6,1,1,2,236
743,80,objective_updated,405.67,1,2,3,236
744,80,objective_updated,405.67,2,3,0,236
745,80,objective_updated,311.71,2,0,2,237
746,80,objective_updated,615.03,3,2,1,237
747,82,objective_updated,178.65,2,0,1,238
748,82,objective_updated,373.06,3,1,4,238
749,82,objective_updated,516.02,4,4,3,238
750,82,objective_updated,643.26,5,3,2,238
751,82,objective_updated,797.85,6,2,4,238
752,83,objective_updated,178.65,2,0,1,239
753,83,objective_updated,373.06,3,1,4,239
754,83,objective_updated,516.02,4,4,3,239
755,83,objective_updated,643.26,5,3,2,239
756,83,objective_updated,797.85,6,2,4,239
757,84,objective_updated,178.65,2,0,1,240
758,84,objective_updated,373.06,3,1,4,240
759,84,objective_updated,516.02,4,4,3,240
760,84,objective_updated,643.26,5,3,2,240
761,84,objective_updated,797.85,6,2,4,240
762,34,objective_updated,178.65,2,0,1,241
763,34,objective_updated,373.06,3,1,4,241
764,34,objective_updated,516.02,4,4,3,241
765,34,objective_updated,643.26,5,3,2,241
766,34,objective_updated,797.85,6,2,4,241
767,34,objective_updated,178.65,2,0,1,242
768,34,objective_updated,373.06,3,1,4,242
769,34,objective_updated,516.02,4,4,3,242
770,34,objective_updated,643.26,5,3,2,242
771,34,objective_updated,797.85,6,2,4,242
772,34,objective_updated,178.65,2,0,1,243
773,34,objective_updated,373.06,3,1,4,243
774,34,objective_updated,516.02,4,4,3,243
775,34,objective_updated,643.26,5,3,2,243
776,34,objective_updated,797.85,6,2,4,243
777,34,objective_updated,178.65,2,0,1,244
778,34,objective_updated,373.06,3,1,4,244
779,34,objective_updated,516.02,4,4,3,244
780,34,objective_updated,643.26,5,3,2,244
781,34,objective_updated,797.85,6,2,4,244
782,34,objective_updated,178.65,2,0,1,245
783,34,objective_updated,373.06,3,1,4,245
784,34,objective_updated,516.02,4,4,3,245
785,34,objective_updated,643.26,5,3,2,245
786,34,objective_updated,797.85,6,2,4,245
787,34,objective_updated,178.65,2,0,1,246
788,34,objective_updated,373.06,3,1,4,246
789,34,objective_updated,516.02,4,4,3,246
790,34,objective_updated,643.26,5,3,2,246
791,34,objective_updated,797.85,6,2,4,246
797,34,objective_updated,178.65,2,0,1,248
798,34,objective_updated,373.06,3,1,4,248
799,34,objective_updated,516.02,4,4,3,248
800,34,objective_updated,643.26,5,3,2,248
801,34,objective_updated,797.85,6,2,4,248
802,34,objective_updated,178.65,2,0,1,249
803,34,objective_updated,373.06,3,1,4,249
804,34,objective_updated,516.02,4,4,3,249
805,34,objective_updated,643.26,5,3,2,249
806,34,objective_updated,797.85,6,2,4,249
807,34,objective_updated,178.65,2,0,1,250
808,34,objective_updated,373.06,3,1,4,250
809,34,objective_updated,516.02,4,4,3,250
810,34,objective_updated,643.26,5,3,2,250
811,34,objective_updated,797.85,6,2,4,250
812,85,objective_updated,126.3,2,0,2,252
813,85,objective_updated,327.51,3,2,1,252
814,85,objective_updated,445.89,4,1,4,252
815,85,objective_updated,575.26,5,4,3,252
820,34,objective_updated,245.53,1,0,1,254
821,34,objective_updated,395.63,2,1,0,254
822,34,objective_updated,445.19,2,0,1,254
823,34,objective_updated,699.82,2,1,2,254
824,34,objective_updated,766.04,2,2,3,254
825,34,objective_updated,245.53,1,0,1,255
826,34,objective_updated,395.63,2,1,0,255
827,34,objective_updated,445.19,2,0,1,255
828,34,objective_updated,699.82,2,1,2,255
829,34,objective_updated,766.04,2,2,3,255
830,34,objective_updated,245.53,1,0,1,256
831,34,objective_updated,395.63,2,1,0,256
832,34,objective_updated,445.19,2,0,1,256
833,34,objective_updated,699.82,2,1,2,256
834,34,objective_updated,766.04,2,2,3,256
835,34,objective_updated,135.37,1,0,1,257
836,34,objective_updated,390.14,2,1,0,257
837,34,objective_updated,470.38,2,0,1,257
838,34,objective_updated,599.54,2,1,2,257
839,34,objective_updated,728.16,2,2,3,257
840,34,objective_updated,371.28,2,0,1,258
841,34,objective_updated,454.47,2,1,2,258
842,34,objective_updated,651.5,2,2,3,258
843,87,objective_updated,0,1,0,2,259
844,87,objective_updated,307.36,2,2,0,259
845,87,objective_updated,500.32,3,0,1,259
846,87,objective_updated,94.78,1,0,1,260
847,87,objective_updated,230.98,1,1,2,260
848,87,objective_updated,377.57,1,2,3,260
849,87,objective_updated,377.57,2,3,0,260
850,87,objective_updated,139.44,2,0,4,261
851,87,objective_updated,253.5,3,4,2,261
852,87,objective_updated,430.55,4,2,3,261
853,87,objective_updated,589.67,5,3,1,261
854,87,objective_updated,46.8,1,0,1,262
855,87,objective_updated,242.44,1,1,2,262
856,87,objective_updated,294.75,1,2,3,262
857,87,objective_updated,294.75,2,3,0,262
858,87,objective_updated,157.45,2,0,2,264
859,87,objective_updated,436.93,3,2,1,264
860,87,objective_updated,70.27,1,0,1,265
861,87,objective_updated,262.49,1,1,2,265
862,87,objective_updated,350.32,1,2,3,265
863,87,objective_updated,350.32,2,3,0,265
867,85,objective_updated,65.57,1,0,1,267
868,85,objective_updated,183.22,1,1,2,267
869,85,objective_updated,296.87,1,2,3,267
870,85,objective_updated,296.89,2,3,0,267
871,85,objective_updated,455.23,2,0,1,267
872,85,objective_updated,126.3,2,0,2,268
873,85,objective_updated,327.51,3,2,1,268
874,85,objective_updated,445.89,4,1,4,268
875,85,objective_updated,575.26,5,4,3,268
882,89,objective_updated,0,1,0,1,270
883,89,objective_updated,225.91,2,1,2,270
884,89,objective_updated,584.91,3,2,0,270
885,90,objective_updated,0,1,0,1,271
886,90,objective_updated,225.91,2,1,2,271
887,90,objective_updated,584.91,3,2,0,271
888,91,objective_updated,0,1,0,1,272
889,91,objective_updated,225.91,2,1,2,272
890,91,objective_updated,584.91,3,2,0,272
891,91,objective_updated,96.3,1,0,1,273
892,91,objective_updated,184.72,1,1,2,273
893,91,objective_updated,511.48,2,2,0,273
894,91,objective_updated,672.19,2,0,1,273
895,91,objective_updated,740.28,2,1,2,273
896,91,objective_updated,906.21,2,2,3,273
897,91,objective_updated,142.88,2,0,1,274
898,91,objective_updated,320.59,3,1,4,274
899,91,objective_updated,509.77,4,4,3,274
900,91,objective_updated,660.05,5,3,2,274
901,91,objective_updated,802.49,6,2,1,274
902,91,objective_updated,43.84,1,0,1,275
903,91,objective_updated,158.66,1,1,2,275
904,91,objective_updated,275.84,1,2,3,275
905,91,objective_updated,275.84,2,3,0,275
906,91,objective_updated,319.95,2,0,1,275
907,91,objective_updated,481.19,2,1,2,275
908,91,objective_updated,567.3,2,2,3,275
909,91,objective_updated,0,1,0,1,277
910,91,objective_updated,222.77,2,1,0,277
911,91,objective_updated,468.04,3,0,2,277
912,92,objective_updated,0,1,0,2,278
913,92,objective_updated,327.03,2,2,1,278
914,92,objective_updated,576.21,3,1,0,278
915,92,objective_updated,43.76,1,0,1,279
916,92,objective_updated,155.25,1,1,2,279
917,92,objective_updated,229.11,1,2,3,279
918,92,objective_updated,229.12,2,3,0,279
919,92,objective_updated,223.01,1,0,1,280
920,92,objective_updated,426.28,2,1,0,280
921,92,objective_updated,581.76,2,0,1,280
922,92,objective_updated,129.29,2,0,4,281
923,92,objective_updated,277.51,3,4,3,281
924,92,objective_updated,476.47,4,3,1,281
925,92,objective_updated,611.12,5,1,2,281
926,92,objective_updated,760.75,6,2,3,281
927,93,objective_updated,0,1,0,1,283
928,93,objective_updated,225.91,2,1,2,283
929,93,objective_updated,584.91,3,2,0,283
930,93,objective_updated,96.3,1,0,1,284
931,93,objective_updated,184.72,1,1,2,284
932,93,objective_updated,511.48,2,2,0,284
933,93,objective_updated,672.19,2,0,1,284
934,93,objective_updated,740.28,2,1,2,284
935,93,objective_updated,906.21,2,2,3,284
936,93,objective_updated,142.88,2,0,1,285
937,93,objective_updated,320.59,3,1,4,285
938,93,objective_updated,509.77,4,4,3,285
939,93,objective_updated,660.05,5,3,2,285
940,93,objective_updated,802.49,6,2,1,285
941,93,objective_updated,43.84,1,0,1,286
942,93,objective_updated,158.66,1,1,2,286
943,93,objective_updated,275.84,1,2,3,286
944,93,objective_updated,275.84,2,3,0,286
945,93,objective_updated,319.95,2,0,1,286
946,93,objective_updated,481.19,2,1,2,286
947,93,objective_updated,567.3,2,2,3,286
948,93,objective_updated,0,1,0,1,288
949,93,objective_updated,222.77,2,1,0,288
950,93,objective_updated,468.04,3,0,2,288
951,94,objective_updated,329.08,2,0,1,289
952,94,objective_updated,492.08,3,1,2,289
953,94,objective_updated,92.62,1,0,1,290
954,94,objective_updated,245.91,1,1,2,290
955,94,objective_updated,507.05,2,2,0,290
956,94,objective_updated,583.06,2,0,1,290
957,94,objective_updated,654.76,2,1,2,290
958,94,objective_updated,796.49,2,2,3,290
959,94,objective_updated,205.43,2,0,1,291
960,94,objective_updated,350.71,3,1,3,291
961,94,objective_updated,520.5,4,3,2,291
962,94,objective_updated,743.23,5,2,4,291
963,94,objective_updated,860.97,6,4,3,291
964,94,objective_updated,98.2,1,0,1,292
965,94,objective_updated,341.7,1,1,2,292
966,94,objective_updated,509.41,2,2,0,292
967,94,objective_updated,606.17,2,0,1,292
968,94,objective_updated,745.46,2,1,2,292
969,94,objective_updated,918.22,2,2,3,292
970,94,objective_updated,0,1,0,2,294
971,94,objective_updated,239.17,2,2,0,294
972,94,objective_updated,546.95,3,0,1,294
973,94,objective_updated,0,1,0,2,295
974,94,objective_updated,239.17,2,2,0,295
975,94,objective_updated,546.95,3,0,1,295
1011,96,objective_updated,73.01,1,0,1,305
1012,96,objective_updated,161.03,1,1,2,305
1013,96,objective_updated,281.39,1,2,3,305
1014,96,objective_updated,281.39,2,3,0,305
1015,96,objective_updated,475.12,2,0,1,305
1016,96,objective_updated,642.99,2,1,2,305
1017,96,objective_updated,132.27,1,0,1,307
1018,96,objective_updated,303.42,1,1,2,307
1019,96,objective_updated,477.83,1,2,3,307
1020,96,objective_updated,477.83,2,3,0,307
1021,96,objective_updated,0,1,0,1,308
1022,96,objective_updated,181.79,2,1,2,308
1023,96,objective_updated,440.91,3,2,0,308
1067,97,objective_updated,330.12,2,0,1,319
1068,97,objective_updated,629.36,3,1,2,319
1069,99,objective_updated,0,1,0,1,320
1070,99,objective_updated,246.99,2,1,0,320
1071,99,objective_updated,529.22,3,0,2,320
1072,99,objective_updated,94.75,1,0,1,321
1073,99,objective_updated,420.57,2,1,0,321
1074,99,objective_updated,541.61,2,0,1,321
1075,99,objective_updated,613.86,2,1,2,321
1076,99,objective_updated,896.81,2,2,3,321
1077,99,objective_updated,127.23,2,0,4,322
1078,99,objective_updated,251.32,3,4,2,322
1079,99,objective_updated,386.25,4,2,3,322
1080,99,objective_updated,582.99,5,3,1,322
1081,99,objective_updated,129.51,1,0,1,323
1082,99,objective_updated,245.37,1,1,2,323
1083,99,objective_updated,315.96,1,2,3,323
1084,99,objective_updated,315.98,2,3,0,323
1085,99,objective_updated,535.82,2,0,1,323
1086,99,objective_updated,688.59,2,1,2,323
1087,99,objective_updated,0,1,0,1,325
1088,99,objective_updated,222.9,2,1,2,325
1089,99,objective_updated,547.78,3,2,0,325
1090,100,objective_updated,312.21,2,0,1,327
1091,100,objective_updated,526.1,2,1,2,327
1092,100,objective_updated,617.91,2,2,3,327
1093,100,objective_updated,0,1,0,2,328
1094,100,objective_updated,258.37,2,2,0,328
1095,100,objective_updated,474.09,3,0,1,328
1096,100,objective_updated,0,1,0,2,329
1097,100,objective_updated,223.68,2,2,1,329
1098,100,objective_updated,391.31,3,1,0,329
1099,100,objective_updated,110.01,2,0,4,330
1100,100,objective_updated,231.56,3,4,3,330
1101,100,objective_updated,386.91,4,3,1,330
1102,100,objective_updated,555.27,5,1,2,330
1103,100,objective_updated,717.2,6,2,0,330
1104,100,objective_updated,148.61,1,0,1,331
1105,100,objective_updated,254.06,1,1,2,331
1106,100,objective_updated,480.25,2,2,0,331
1107,100,objective_updated,737.22,2,0,1,331
1108,100,objective_updated,827.39,2,1,2,331
1109,100,objective_updated,1002.11,2,2,3,331
1130,104,objective_updated,0,1,0,2,336
1131,104,objective_updated,257.84,2,2,1,336
1132,104,objective_updated,486.43,3,1,0,336
1133,104,objective_updated,166.02,1,0,1,337
1134,104,objective_updated,316.6,1,1,2,337
1135,104,objective_updated,492.23,2,2,0,337
1136,104,objective_updated,569.03,2,0,1,337
1137,104,objective_updated,643.86,2,1,2,337
1138,104,objective_updated,735.58,2,2,3,337
1139,104,objective_updated,306.53,2,0,1,339
1140,104,objective_updated,394.61,2,1,2,339
1141,104,objective_updated,559.19,2,2,3,339
1142,104,objective_updated,183.17,2,0,2,340
1143,104,objective_updated,368.96,3,2,4,340
1144,104,objective_updated,583.37,4,4,1,340
1145,104,objective_updated,778.99,5,1,3,340
1146,104,objective_updated,999.48,6,3,0,340
1147,105,objective_updated,0,1,0,2,341
1148,105,objective_updated,242.26,2,2,0,341
1149,105,objective_updated,469.71,3,0,1,341
1150,105,objective_updated,56.14,1,0,1,342
1151,105,objective_updated,338.05,1,1,2,342
1152,105,objective_updated,501.46,2,2,0,342
1153,105,objective_updated,574.48,2,0,1,342
1154,105,objective_updated,689.75,2,1,2,342
1155,105,objective_updated,870.75,2,2,3,342
1156,105,objective_updated,204.81,2,0,4,343
1157,105,objective_updated,433.16,3,4,2,343
1158,105,objective_updated,682.06,4,2,3,343
1159,105,objective_updated,854.26,5,3,1,343
1160,105,objective_updated,1061.94,6,1,4,343
1161,105,objective_updated,217.9,1,0,1,345
1162,105,objective_updated,396.84,2,1,0,345
1163,105,objective_updated,532.88,2,0,1,345
1164,105,objective_updated,652.17,2,1,2,345
1165,105,objective_updated,802.65,2,2,3,345
1190,34,objective_updated,205.43,2,0,1,353
1191,34,objective_updated,350.71,3,1,3,353
1192,34,objective_updated,520.5,4,3,2,353
1193,34,objective_updated,743.23,5,2,4,353
1194,34,objective_updated,860.97,6,4,3,353
1195,107,objective_updated,0,1,0,1,354
1196,107,objective_updated,305.9,2,1,0,354
1197,107,objective_updated,590.36,3,0,2,354
1198,107,objective_updated,124.81,2,0,4,355
1199,107,objective_updated,292.21,3,4,1,355
1200,107,objective_updated,454.12,4,1,3,355
1201,107,objective_updated,576.07,5,3,2,355
1202,107,objective_updated,798.65,6,2,0,355
1203,107,objective_updated,178.24,1,0,1,356
1204,107,objective_updated,390.14,2,1,0,356
1205,107,objective_updated,458.38,2,0,1,356
1206,107,objective_updated,594.25,2,1,2,356
1207,107,objective_updated,667.14,2,2,3,356
1208,107,objective_updated,0,1,0,1,358
1209,107,objective_updated,182.22,2,1,2,358
1210,107,objective_updated,477.89,3,2,0,358
1211,108,objective_updated,297.42,2,0,2,359
1212,108,objective_updated,617.31,3,2,1,359
1213,108,objective_updated,131.82,1,0,1,360
1214,108,objective_updated,374.28,1,1,2,360
1215,108,objective_updated,480.21,2,2,0,360
1216,108,objective_updated,624.55,2,0,1,360
1217,108,objective_updated,717.48,2,1,2,360
1218,108,objective_updated,793.81,2,2,3,360
1238,111,objective_updated,0,1,0,1,369
1239,111,objective_updated,227.47,2,1,0,369
1240,112,objective_updated,0,1,0,2,370
1241,112,objective_updated,192.24,2,2,0,370
1242,112,objective_updated,486.08,3,0,1,370
1243,112,objective_updated,116.67,1,0,1,371
1244,112,objective_updated,218.62,1,1,2,371
1245,112,objective_updated,378.05,1,2,3,371
1246,112,objective_updated,378.05,2,3,0,371
1247,112,objective_updated,182.02,2,0,4,372
1248,112,objective_updated,414.26,3,4,1,372
1249,112,objective_updated,615.6,4,1,3,372
1250,112,objective_updated,759.63,5,3,2,372
1251,112,objective_updated,995.52,6,2,0,372
1252,112,objective_updated,48.29,1,0,1,373
1253,112,objective_updated,218.81,1,1,2,373
1254,112,objective_updated,312.38,1,2,3,373
1255,112,objective_updated,312.38,2,3,0,373
1256,112,objective_updated,363.3,2,0,1,373
1257,112,objective_updated,464.97,2,1,2,373
1258,112,objective_updated,816.99,2,2,3,373
1259,112,objective_updated,252,2,0,1,375
1260,112,objective_updated,567.84,3,1,2,375
1261,113,objective_updated,0,1,0,1,376
1262,113,objective_updated,182.13,2,1,0,376
1263,113,objective_updated,391.56,3,0,2,376
1264,113,objective_updated,116.52,1,0,1,377
1265,113,objective_updated,371.15,1,1,2,377
1266,113,objective_updated,490.1,1,2,3,377
1267,113,objective_updated,490.1,2,3,0,377
1268,113,objective_updated,655.45,2,0,1,377
1269,113,objective_updated,761.9,2,1,2,377
1270,113,objective_updated,917,2,2,3,377
1271,113,objective_updated,184.27,2,0,4,378
1272,113,objective_updated,412.61,3,4,1,378
1273,113,objective_updated,540.34,4,1,3,378
1274,113,objective_updated,760.33,5,3,2,378
1275,113,objective_updated,989.39,6,2,1,378
1276,113,objective_updated,200.31,1,0,1,380
1277,113,objective_updated,332.48,1,1,2,380
1278,113,objective_updated,495.97,2,2,0,380
1279,113,objective_updated,701,2,0,1,380
1280,113,objective_updated,830.85,2,1,2,380
1281,113,objective_updated,953.29,2,2,3,380
1282,113,objective_updated,116.52,1,0,1,381
1283,113,objective_updated,371.15,1,1,2,381
1284,113,objective_updated,490.1,1,2,3,381
1285,113,objective_updated,490.1,2,3,0,381
1286,113,objective_updated,655.45,2,0,1,381
1287,113,objective_updated,761.9,2,1,2,381
1288,113,objective_updated,917,2,2,3,381
1296,113,objective_updated,116.52,1,0,1,383
1297,113,objective_updated,371.15,1,1,2,383
1298,113,objective_updated,490.1,1,2,3,383
1299,113,objective_updated,490.1,2,3,0,383
1300,113,objective_updated,655.45,2,0,1,383
1301,113,objective_updated,761.9,2,1,2,383
1302,113,objective_updated,917,2,2,3,383
1303,113,objective_updated,116.52,1,0,1,384
1304,113,objective_updated,371.15,1,1,2,384
1305,113,objective_updated,490.1,1,2,3,384
1306,113,objective_updated,490.1,2,3,0,384
1307,113,objective_updated,655.45,2,0,1,384
1308,113,objective_updated,761.9,2,1,2,384
1309,113,objective_updated,917,2,2,3,384
1310,114,objective_updated,287.17,2,0,1,385
1311,114,objective_updated,638.26,3,1,2,385
1312,114,objective_updated,238.42,1,0,1,386
1313,114,objective_updated,395.97,2,1,0,386
1314,114,objective_updated,476.85,2,0,1,386
1315,114,objective_updated,700.59,2,1,2,386
1316,114,objective_updated,199.3,2,0,2,388
1317,114,objective_updated,381.77,3,2,1,388
1318,114,objective_updated,585.11,4,1,3,388
1319,114,objective_updated,725.88,5,3,4,388
1320,114,objective_updated,193.81,1,0,1,389
1321,114,objective_updated,413.4,2,1,0,389
1322,114,objective_updated,452.52,2,0,1,389
1323,114,objective_updated,661.43,2,1,2,389
1324,114,objective_updated,835.35,2,2,3,389
1325,114,objective_updated,0,1,0,2,390
1326,114,objective_updated,322.19,2,2,1,390
1327,114,objective_updated,521.24,3,1,0,390
1328,115,objective_updated,0,1,0,1,391
1329,115,objective_updated,253.52,2,1,0,391
1330,115,objective_updated,569.59,3,0,2,391
1331,115,objective_updated,142.51,1,0,1,392
1332,115,objective_updated,342.18,1,1,2,392
1333,115,objective_updated,499.65,1,2,3,392
1334,115,objective_updated,499.65,2,3,0,392
1335,115,objective_updated,698.19,2,0,1,392
1336,115,objective_updated,897.75,2,1,2,392
1337,115,objective_updated,984.69,2,2,3,392
1338,115,objective_updated,201.46,2,0,3,393
1339,115,objective_updated,393.27,3,3,4,393
1340,115,objective_updated,515.44,4,4,1,393
1341,115,objective_updated,731.54,5,1,2,393
1342,115,objective_updated,945.7,6,2,1,393
1343,115,objective_updated,141.94,1,0,1,394
1344,115,objective_updated,288.45,1,1,2,394
1345,115,objective_updated,502.61,2,2,0,394
1346,115,objective_updated,692.4,2,0,1,394
1347,115,objective_updated,779.31,2,1,2,394
1348,116,objective_updated,0,1,0,2,396
1349,116,objective_updated,210.12,2,2,0,396
1350,116,objective_updated,579.95,3,0,1,396
1351,116,objective_updated,128.06,1,0,1,397
1352,116,objective_updated,268.64,1,1,2,397
1353,116,objective_updated,409.05,1,2,3,397
1354,116,objective_updated,409.05,2,3,0,397
1355,116,objective_updated,121.18,2,0,2,398
1356,116,objective_updated,288.59,3,2,4,398
1357,116,objective_updated,435.04,4,4,1,398
1358,116,objective_updated,655.4,5,1,3,398
1359,116,objective_updated,190.16,1,0,1,399
1360,116,objective_updated,395.13,2,1,0,399
1361,116,objective_updated,461.25,2,0,1,399
1362,117,objective_updated,0,1,0,1,400
1363,117,objective_updated,271.91,2,1,0,400
1364,117,objective_updated,490.53,3,0,2,400
1365,117,objective_updated,121.27,1,0,1,401
1366,117,objective_updated,261.74,1,1,2,401
1367,117,objective_updated,501.29,2,2,0,401
1368,117,objective_updated,715.2,2,0,1,401
1369,117,objective_updated,805.45,2,1,2,401
1370,117,objective_updated,135.71,2,0,4,402
1371,117,objective_updated,332.41,3,4,2,402
1372,117,objective_updated,464.07,4,2,1,402
1373,117,objective_updated,683.3,5,1,3,402
1374,117,objective_updated,866.16,6,3,0,402
1375,117,objective_updated,85.71,1,0,1,403
1376,117,objective_updated,422.14,1,1,2,403
1377,117,objective_updated,513.05,1,2,3,403
1378,117,objective_updated,513.05,2,3,0,403
1379,117,objective_updated,556.47,2,0,1,403
1380,117,objective_updated,658.6,2,1,2,403
1381,117,objective_updated,905.28,2,2,3,403
1382,117,objective_updated,0,1,0,2,405
1383,117,objective_updated,156.08,2,2,1,405
1384,117,objective_updated,462.33,3,1,0,405
1385,117,objective_updated,0,1,0,2,406
1386,117,objective_updated,156.08,2,2,1,406
1387,117,objective_updated,462.33,3,1,0,406
1393,125,objective_updated,0,1,0,1,408
1394,125,objective_updated,251.8,2,1,2,408
1395,125,objective_updated,511.36,3,2,0,408
1396,125,objective_updated,155.2,1,0,1,409
1397,125,objective_updated,370.88,1,1,2,409
1398,125,objective_updated,498.52,1,2,3,409
1399,125,objective_updated,498.52,2,3,0,409
1400,125,objective_updated,602.66,2,0,1,409
1401,125,objective_updated,673.08,2,1,2,409
1402,125,objective_updated,744,2,2,3,409
1403,125,objective_updated,744.02,3,3,0,409
1404,125,objective_updated,214.86,2,0,3,410
1405,125,objective_updated,429.59,3,3,4,410
1406,125,objective_updated,614.75,4,4,1,410
1407,125,objective_updated,815.1,5,1,2,410
1408,125,objective_updated,938.3,6,2,0,410
1415,125,objective_updated,0,1,0,1,413
1416,125,objective_updated,289.75,2,1,0,413
1417,125,objective_updated,540.5,3,0,2,413
1421,127,objective_updated,211.68,2,0,2,415
1422,127,objective_updated,486.57,3,2,1,415
1423,127,objective_updated,249.77,1,0,1,416
1424,127,objective_updated,422.68,2,1,0,416
1425,127,objective_updated,564.23,2,0,1,416
1426,127,objective_updated,750.67,2,1,2,416
1427,127,objective_updated,908.52,2,2,3,416
1428,127,objective_updated,140.69,2,0,4,417
1429,127,objective_updated,303.4,3,4,2,417
1430,127,objective_updated,506.87,4,2,1,417
1431,127,objective_updated,692.26,5,1,3,417
1432,127,objective_updated,840.26,6,3,1,417
1433,127,objective_updated,57.85,1,0,1,418
1434,127,objective_updated,428.07,2,1,0,418
1435,127,objective_updated,581.72,2,0,1,418
1436,127,objective_updated,672.49,2,1,2,418
1437,127,objective_updated,918.19,2,2,3,418
1438,127,objective_updated,0,1,0,1,420
1439,127,objective_updated,167.83,2,1,2,420
1440,127,objective_updated,450.24,3,2,0,420
1475,129,objective_updated,0,1,0,2,429
1476,129,objective_updated,287.41,2,2,1,429
1477,129,objective_updated,542.49,3,1,0,429
1478,129,objective_updated,102.79,1,0,1,430
1479,129,objective_updated,181.84,1,1,2,430
1480,129,objective_updated,312.42,1,2,3,430
1481,129,objective_updated,312.42,2,3,0,430
1482,129,objective_updated,402.82,2,0,1,430
1483,129,objective_updated,580.82,2,1,2,430
1484,129,objective_updated,114.44,2,0,3,431
1485,129,objective_updated,356.62,3,3,4,431
1486,129,objective_updated,536.14,4,4,2,431
1487,129,objective_updated,652.99,5,2,1,431
1488,129,objective_updated,141.7,1,0,1,432
1489,129,objective_updated,255.85,1,1,2,432
1490,129,objective_updated,385.85,1,2,3,432
1491,129,objective_updated,385.86,2,3,0,432
1492,129,objective_updated,463.76,2,0,1,432
1493,129,objective_updated,647.77,2,1,2,432
1500,131,objective_updated,248.22,2,0,2,436
1501,131,objective_updated,529.5,3,2,1,436
1502,131,objective_updated,378.39,2,0,1,437
1503,131,objective_updated,446.92,2,1,2,437
1504,131,objective_updated,719.59,2,2,3,437
1505,131,objective_updated,163.14,2,0,2,438
1506,131,objective_updated,375.49,3,2,4,438
1507,131,objective_updated,573.83,4,4,3,438
1508,131,objective_updated,752.12,5,3,1,438
1509,131,objective_updated,883.12,6,1,4,438
1510,131,objective_updated,163.67,1,0,1,439
1511,131,objective_updated,366.41,1,1,2,439
1512,131,objective_updated,502.9,2,2,0,439
1513,131,objective_updated,553.8,2,0,1,439
1514,131,objective_updated,703.27,2,1,2,439
1515,131,objective_updated,828.44,2,2,3,439
1516,131,objective_updated,158.79,1,0,1,440
1517,131,objective_updated,401.92,2,1,0,440
1518,131,objective_updated,481.63,2,0,1,440
1519,131,objective_updated,668.2,2,1,2,440
1520,132,objective_updated,0,1,0,1,441
1521,132,objective_updated,221.62,2,1,2,441
1522,132,objective_updated,492.26,3,2,0,441
1523,132,objective_updated,272.43,1,0,1,442
1524,132,objective_updated,422.52,2,1,0,442
1525,132,objective_updated,667.69,2,0,1,442
1526,132,objective_updated,113.24,2,0,4,444
1527,132,objective_updated,351.91,3,4,3,444
1528,132,objective_updated,473.3,4,3,2,444
1529,132,objective_updated,685.09,5,2,1,444
1530,132,objective_updated,167.93,1,0,1,445
1531,132,objective_updated,411.61,2,1,0,445
1532,132,objective_updated,450.9,2,0,1,445
1533,132,objective_updated,570.07,2,1,2,445
1534,132,objective_updated,761.23,2,2,3,445
1535,133,objective_updated,0,1,0,2,446
1536,133,objective_updated,165.93,2,2,1,446
1537,133,objective_updated,403.67,3,1,0,446
1538,133,objective_updated,318.28,2,0,1,447
1539,133,objective_updated,606.49,2,1,2,447
1540,133,objective_updated,695.77,2,2,3,447
1546,133,objective_updated,299.77,2,0,1,450
1547,133,objective_updated,374.2,2,1,2,450
1548,133,objective_updated,654.37,2,2,3,450
1549,133,objective_updated,0,1,0,1,451
1550,133,objective_updated,285.99,2,1,2,451
1551,133,objective_updated,488.77,3,2,0,451
1552,134,objective_updated,0,1,0,2,452
1553,134,objective_updated,307.21,2,2,0,452
1554,134,objective_updated,555.35,3,0,1,452
1555,134,objective_updated,116.43,1,0,1,453
1556,134,objective_updated,343.61,1,1,2,453
1557,134,objective_updated,489.63,1,2,3,453
1558,134,objective_updated,489.63,2,3,0,453
1559,134,objective_updated,721.61,2,0,1,453
1560,134,objective_updated,811.9,2,1,2,453
1561,134,objective_updated,125.03,2,0,3,454
1562,134,objective_updated,378.56,3,3,2,454
1563,134,objective_updated,508.58,4,2,4,454
1564,134,objective_updated,636.64,5,4,1,454
1565,134,objective_updated,781.7,6,1,2,454
1571,134,objective_updated,0,1,0,2,457
1572,134,objective_updated,273.19,2,2,1,457
1573,134,objective_updated,568.94,3,1,0,457
1574,135,objective_updated,166.91,2,0,1,458
1575,135,objective_updated,301.66,3,1,2,458
1576,135,objective_updated,458.99,4,2,3,458
1577,135,objective_updated,675.01,5,3,4,458
1578,135,objective_updated,859.74,6,4,0,458
1582,137,objective_updated,0,1,0,2,460
1583,137,objective_updated,315.23,2,2,0,460
1584,137,objective_updated,494.1,3,0,1,460
1585,137,objective_updated,330.66,2,0,1,461
1586,137,objective_updated,425.33,2,1,2,461
1587,137,objective_updated,532.49,2,2,3,461
1588,137,objective_updated,207.31,2,0,2,462
1589,137,objective_updated,326.41,3,2,1,462
1590,137,objective_updated,517.08,4,1,4,462
1591,137,objective_updated,757.91,5,4,3,462
1592,137,objective_updated,891.23,6,3,4,462
1593,137,objective_updated,232.74,1,0,1,463
1594,137,objective_updated,346.56,1,1,2,463
1595,137,objective_updated,480.11,2,2,0,463
1596,137,objective_updated,529.9,2,0,1,463
1597,137,objective_updated,699.55,2,1,2,463
1598,137,objective_updated,752.21,2,2,3,463
1599,137,objective_updated,0,1,0,1,465
1600,137,objective_updated,308.46,2,1,0,465
1601,137,objective_updated,597.5,3,0,2,465
1605,135,objective_updated,194.77,1,0,1,467
1606,135,objective_updated,457.04,1,1,2,467
1607,135,objective_updated,552.04,2,2,0,467
1608,135,objective_updated,644.95,2,0,1,467
1609,135,objective_updated,949.46,2,1,2,467
1610,135,objective_updated,484.25,2,0,1,469
1611,135,objective_updated,623.05,2,1,2,469
1612,135,objective_updated,0,1,0,1,470
1613,135,objective_updated,286.81,2,1,2,470
1614,135,objective_updated,628.55,3,2,0,470
1615,139,objective_updated,218.54,2,0,1,472
1616,139,objective_updated,406.03,3,1,2,472
1617,139,objective_updated,544.35,4,2,4,472
1618,139,objective_updated,756.16,5,4,3,472
1619,139,objective_updated,941.46,6,3,4,472
1637,141,objective_updated,168.73,2,0,2,480
1638,141,objective_updated,444.29,3,2,1,480
1639,141,objective_updated,258.24,1,0,1,481
1640,141,objective_updated,414.34,2,1,0,481
1641,141,objective_updated,181.66,2,0,1,482
1642,141,objective_updated,303.67,3,1,2,482
1643,141,objective_updated,485.1,4,2,3,482
1644,141,objective_updated,653.4,5,3,4,482
1645,141,objective_updated,47.49,1,0,1,483
1646,141,objective_updated,215.34,1,1,2,483
1647,141,objective_updated,413.78,1,2,3,483
1648,141,objective_updated,413.78,2,3,0,483
1649,141,objective_updated,600.41,2,0,1,483
1650,141,objective_updated,696.26,2,1,2,483
1651,141,objective_updated,0,1,0,2,485
1652,141,objective_updated,210.15,2,2,0,485
1653,141,objective_updated,427.46,3,0,1,485
1672,143,objective_updated,0,1,0,1,492
1673,143,objective_updated,235.96,2,1,2,492
1674,143,objective_updated,527.12,3,2,0,492
1704,146,objective_updated,0,1,0,2,500
1705,146,objective_updated,345.98,2,2,1,500
1706,146,objective_updated,551.27,3,1,0,500
1707,146,objective_updated,0,1,0,2,501
1708,146,objective_updated,252.38,2,2,1,501
1709,146,objective_updated,569.75,3,1,0,501
1710,146,objective_updated,85.2,1,0,1,502
1711,146,objective_updated,305.97,1,1,2,502
1712,146,objective_updated,412.51,1,2,3,502
1713,146,objective_updated,412.53,2,3,0,502
1714,146,objective_updated,659.33,2,0,1,502
1715,146,objective_updated,172.24,2,0,4,504
1716,146,objective_updated,346.78,3,4,3,504
1717,146,objective_updated,498.57,4,3,1,504
1718,146,objective_updated,644.75,5,1,2,504
1719,146,objective_updated,126.1,1,0,1,505
1720,146,objective_updated,275.47,1,1,2,505
1721,146,objective_updated,485.68,1,2,3,505
1722,146,objective_updated,485.68,2,3,0,505
1723,146,objective_updated,569.02,2,0,1,505
1724,146,objective_updated,685.1,2,1,2,505
1725,146,objective_updated,936.07,2,2,3,505
1772,153,objective_updated,0,1,0,1,519
1773,153,objective_updated,225.59,2,1,2,519
1774,153,objective_updated,425.04,3,2,0,519
1775,153,objective_updated,206.2,1,0,1,520
1776,153,objective_updated,415.99,2,1,0,520
1777,153,objective_updated,599.34,2,0,1,520
1778,153,objective_updated,735.83,2,1,2,520
1783,153,objective_updated,295.24,2,0,1,522
1784,153,objective_updated,448.68,2,1,2,522
1785,153,objective_updated,574.57,2,2,3,522
1786,153,objective_updated,0,1,0,2,524
1787,153,objective_updated,309.14,2,2,0,524
1788,153,objective_updated,620.61,3,0,1,524
1838,156,objective_updated,279.38,2,0,1,540
1839,156,objective_updated,540.3,3,1,2,540
1840,156,objective_updated,54.54,1,0,1,541
1841,156,objective_updated,236.57,1,1,2,541
1842,156,objective_updated,485.27,2,2,0,541
1843,156,objective_updated,612.43,2,0,1,541
1844,156,objective_updated,723.6,2,1,2,541
1845,156,objective_updated,162.18,2,0,2,543
1846,156,objective_updated,334.97,3,2,4,543
1847,156,objective_updated,467.05,4,4,1,543
1848,156,objective_updated,615.51,5,1,3,543
1849,156,objective_updated,834.95,6,3,1,543
1850,156,objective_updated,134.73,1,0,1,544
1851,156,objective_updated,288.13,1,1,2,544
1852,156,objective_updated,480.24,2,2,0,544
1853,156,objective_updated,87.56,1,0,1,545
1854,156,objective_updated,287.92,1,1,2,545
1855,156,objective_updated,364.1,1,2,3,545
1856,156,objective_updated,364.12,2,3,0,545
1857,156,objective_updated,446.85,2,0,1,545
1858,156,objective_updated,539.64,2,1,2,545
1887,157,objective_updated,228.85,2,0,1,554
1888,157,objective_updated,343.18,3,1,4,554
1889,157,objective_updated,564.5,4,4,3,554
1890,157,objective_updated,767.68,5,3,2,554
1891,157,objective_updated,940.93,6,2,4,554
1892,158,objective_updated,179.85,2,0,1,555
1893,158,objective_updated,434.01,3,1,2,555
1894,158,objective_updated,148.19,1,0,1,556
1895,158,objective_updated,390.16,2,1,0,556
1896,158,objective_updated,526.45,2,0,1,556
1897,158,objective_updated,611.93,2,1,2,556
1898,158,objective_updated,237.64,2,0,4,558
1899,158,objective_updated,435.56,3,4,2,558
1900,158,objective_updated,552.54,4,2,1,558
1901,158,objective_updated,718.84,5,1,3,558
1902,158,objective_updated,859.42,6,3,2,558
1903,158,objective_updated,341.32,2,0,1,559
1904,158,objective_updated,593.42,2,1,2,559
1905,158,objective_updated,695.7,2,2,3,559
1906,158,objective_updated,0,1,0,2,560
1907,158,objective_updated,241.11,2,2,1,560
1908,158,objective_updated,503.88,3,1,0,560
1909,158,objective_updated,0,1,0,1,561
1910,158,objective_updated,214.4,2,1,0,561
1911,158,objective_updated,491.56,3,0,2,561
1912,159,objective_updated,131.71,2,0,2,562
1913,159,objective_updated,275.31,3,2,4,562
1914,159,objective_updated,482.85,4,4,3,562
1915,159,objective_updated,641.03,5,3,1,562
1916,159,objective_updated,808.72,6,1,3,562
1917,159,objective_updated,69.63,1,0,1,563
1918,159,objective_updated,160.47,1,1,2,563
1919,159,objective_updated,480.23,2,2,0,563
1920,159,objective_updated,608.76,2,0,1,563
1924,160,objective_updated,0,1,0,2,566
1925,160,objective_updated,294.31,2,2,1,566
1926,160,objective_updated,543.71,3,1,0,566
1941,161,objective_updated,273.77,2,0,1,572
1942,161,objective_updated,616.49,3,1,2,572
1943,162,objective_updated,132.88,1,0,1,573
1944,162,objective_updated,376.38,1,1,2,573
1945,162,objective_updated,458.77,1,2,3,573
1946,162,objective_updated,458.79,2,3,0,573
1947,162,objective_updated,491.77,2,0,1,573
1948,162,objective_updated,862.33,2,1,2,573
1949,162,objective_updated,969.33,2,2,3,573
1950,163,objective_updated,121.63,2,0,2,574
1951,163,objective_updated,289.11,3,2,3,574
1952,163,objective_updated,516.67,4,3,4,574
1953,163,objective_updated,632.6,5,4,1,574
1954,163,objective_updated,273.77,2,0,1,576
1955,163,objective_updated,616.49,3,1,2,576
1956,164,objective_updated,0,1,0,2,577
1957,164,objective_updated,217.77,2,2,0,577
1958,164,objective_updated,421.09,3,0,1,577
1959,164,objective_updated,105.85,2,0,3,578
1960,164,objective_updated,227.99,3,3,2,578
1961,164,objective_updated,347.13,4,2,1,578
1962,164,objective_updated,469.95,5,1,4,578
1963,164,objective_updated,0,1,0,2,579
1964,164,objective_updated,296.39,2,2,0,579
1965,164,objective_updated,577.67,3,0,1,579
1966,164,objective_updated,146.72,1,0,1,580
1967,164,objective_updated,299.9,1,1,2,580
1968,164,objective_updated,379.87,1,2,3,580
1969,164,objective_updated,379.89,2,3,0,580
1970,164,objective_updated,101.55,1,0,1,582
1971,164,objective_updated,300.76,1,1,2,582
1972,164,objective_updated,401.37,1,2,3,582
1973,164,objective_updated,401.37,2,3,0,582
1974,164,objective_updated,621.57,2,0,1,582
1975,164,objective_updated,713.82,2,1,2,582
1979,171,objective_updated,226,2,0,2,589
1980,171,objective_updated,373.53,3,2,1,589
1981,171,objective_updated,514.81,4,1,4,589
1982,171,objective_updated,705.09,5,4,3,589
1983,171,objective_updated,894.23,6,3,2,589
1984,171,objective_updated,104.55,1,0,1,590
1985,171,objective_updated,273.02,1,1,2,590
1986,171,objective_updated,507.28,2,2,0,590
1987,171,objective_updated,653.86,2,0,1,590
1988,171,objective_updated,778.21,2,1,2,590
1989,163,objective_updated,132.88,1,0,1,591
1990,163,objective_updated,376.38,1,1,2,591
1991,163,objective_updated,458.77,1,2,3,591
1992,163,objective_updated,458.79,2,3,0,591
1993,163,objective_updated,491.77,2,0,1,591
1994,163,objective_updated,862.33,2,1,2,591
1995,163,objective_updated,969.33,2,2,3,591
1996,172,objective_updated,234.37,2,0,1,592
1997,172,objective_updated,508.57,3,1,2,592
2003,172,objective_updated,128.67,2,0,1,595
2004,172,objective_updated,327.55,3,1,4,595
2005,172,objective_updated,459.69,4,4,3,595
2006,172,objective_updated,659.71,5,3,2,595
2007,172,objective_updated,871.74,6,2,3,595
2008,172,objective_updated,109.55,1,0,1,596
2009,172,objective_updated,400.64,1,1,2,596
2010,172,objective_updated,461.95,1,2,3,596
2011,172,objective_updated,461.95,2,3,0,596
2018,176,objective_updated,0,1,0,2,599
2019,176,objective_updated,164.98,2,2,1,599
2020,176,objective_updated,347.32,3,1,0,599
2021,176,objective_updated,62.51,1,0,1,600
2022,176,objective_updated,193.99,1,1,2,600
2023,176,objective_updated,271.12,1,2,3,600
2024,176,objective_updated,271.12,2,3,0,600
2025,176,objective_updated,344.34,2,0,1,600
2026,176,objective_updated,576.13,2,1,2,600
2027,176,objective_updated,125.98,2,0,3,601
2028,176,objective_updated,262.41,3,3,4,601
2029,176,objective_updated,449.15,4,4,1,601
2030,176,objective_updated,664.33,5,1,2,601
2031,176,objective_updated,799.12,6,2,3,601
2032,176,objective_updated,134.41,1,0,1,602
2033,176,objective_updated,223.26,1,1,2,602
2034,176,objective_updated,432.21,1,2,3,602
2035,176,objective_updated,432.21,2,3,0,602
2036,176,objective_updated,619.85,2,0,1,602
2037,176,objective_updated,125.98,2,0,3,603
2038,176,objective_updated,262.41,3,3,4,603
2039,176,objective_updated,449.15,4,4,1,603
2040,176,objective_updated,664.33,5,1,2,603
2041,176,objective_updated,799.12,6,2,3,603
2058,178,objective_updated,0,1,0,2,610
2059,178,objective_updated,254.28,2,2,1,610
2060,178,objective_updated,443.05,3,1,0,610
2061,178,objective_updated,133.04,1,0,1,611
2062,178,objective_updated,421.06,2,1,0,611
2063,178,objective_updated,557.86,2,0,1,611
2064,178,objective_updated,710.48,2,1,2,611
2065,178,objective_updated,916.8,2,2,3,611
2066,178,objective_updated,114.91,2,0,1,613
2067,178,objective_updated,284.28,3,1,2,613
2068,178,objective_updated,544.09,4,2,4,613
2069,178,objective_updated,707.19,5,4,3,613
2070,177,objective_updated,0,1,0,2,615
2071,177,objective_updated,192.5,2,2,1,615
2072,177,objective_updated,462.79,3,1,0,615
2073,179,objective_updated,0,1,0,2,616
2074,179,objective_updated,211.72,2,2,0,616
2075,179,objective_updated,481.95,3,0,1,616
2076,180,objective_updated,0,1,0,2,617
2077,180,objective_updated,211.72,2,2,0,617
2078,180,objective_updated,481.95,3,0,1,617
2079,180,objective_updated,243.05,1,0,1,618
2080,180,objective_updated,393.12,2,1,0,618
2081,180,objective_updated,484.26,2,0,1,618
2082,180,objective_updated,596.29,2,1,2,618
2083,180,objective_updated,665.84,2,2,3,618
2084,180,objective_updated,177.73,2,0,4,619
2085,180,objective_updated,364,3,4,2,619
2086,180,objective_updated,480.42,4,2,1,619
2087,180,objective_updated,693.67,5,1,3,619
2088,180,objective_updated,906.61,6,3,0,619
2089,180,objective_updated,272.25,1,0,1,620
2090,180,objective_updated,435.1,1,1,2,620
2091,180,objective_updated,534.8,2,2,0,620
2092,180,objective_updated,740.11,2,0,1,620
2093,180,objective_updated,927.92,2,1,2,620
2097,181,objective_updated,215.15,2,0,4,624
2098,181,objective_updated,410.72,3,4,1,624
2099,181,objective_updated,578.45,4,1,3,624
2100,181,objective_updated,770.64,5,3,2,624
2101,181,objective_updated,947.51,6,2,3,624
2102,181,objective_updated,230.56,1,0,1,625
2103,181,objective_updated,320.79,1,1,2,625
2104,181,objective_updated,514.51,1,2,3,625
2105,181,objective_updated,514.51,2,3,0,625
2106,181,objective_updated,751.33,2,0,1,625
2107,181,objective_updated,0,1,0,1,627
2108,181,objective_updated,254.38,2,1,0,627
2109,181,objective_updated,464.84,3,0,2,627
2147,196,objective_updated,0,1,0,2,644
2148,196,objective_updated,315.09,2,2,1,644
2149,196,objective_updated,586.4,3,1,0,644
2150,196,objective_updated,116.99,1,0,1,645
2151,196,objective_updated,213.88,1,1,2,645
2152,196,objective_updated,300.56,1,2,3,645
2153,196,objective_updated,300.57,2,3,0,645
2154,196,objective_updated,367.29,2,0,1,645
2159,196,objective_updated,0,1,0,2,648
2160,196,objective_updated,331.29,2,2,0,648
2161,196,objective_updated,667.94,3,0,1,648
2162,197,objective_updated,0,1,0,1,649
2163,197,objective_updated,247.05,2,1,2,649
2164,197,objective_updated,479.79,3,2,0,649
2165,197,objective_updated,86.76,1,0,1,650
2166,197,objective_updated,209.8,1,1,2,650
2167,197,objective_updated,281.59,1,2,3,650
2168,197,objective_updated,281.59,2,3,0,650
2169,197,objective_updated,320.63,2,0,1,650
2170,197,objective_updated,548.47,2,1,2,650
2171,197,objective_updated,690.82,2,2,3,650
2172,197,objective_updated,569.53,2,0,1,651
2173,197,objective_updated,119.67,2,0,1,653
2174,197,objective_updated,288.09,3,1,2,653
2175,197,objective_updated,477.3,4,2,4,653
2176,197,objective_updated,649.71,5,4,3,653
2177,197,objective_updated,0,1,0,2,654
2178,197,objective_updated,158.02,2,2,0,654
2179,197,objective_updated,339.87,3,0,1,654
2180,198,objective_updated,0,1,0,2,655
2181,198,objective_updated,241.51,2,2,1,655
2182,198,objective_updated,549.88,3,1,0,655
2183,198,objective_updated,314.81,2,0,1,656
2184,198,objective_updated,535.55,2,1,2,656
2185,198,objective_updated,646.58,2,2,3,656
2203,199,objective_updated,269.85,2,0,1,661
2204,199,objective_updated,454.16,3,1,2,661
2205,199,objective_updated,105.64,1,0,1,663
2206,199,objective_updated,245.82,1,1,2,663
2207,199,objective_updated,356.92,1,2,3,663
2208,199,objective_updated,356.92,2,3,0,663
2245,202,objective_updated,210.38,2,0,4,676
2246,202,objective_updated,418.36,3,4,3,676
2247,202,objective_updated,624.74,4,3,1,676
2248,202,objective_updated,810.16,5,1,2,676
2249,202,objective_updated,997.03,6,2,4,676
2250,203,objective_updated,177.5,2,0,1,678
2251,203,objective_updated,389.61,3,1,2,678
2252,203,objective_updated,67.53,1,0,1,679
2253,203,objective_updated,149.19,1,1,2,679
2254,203,objective_updated,217.36,1,2,3,679
2255,203,objective_updated,217.36,2,3,0,679
2256,203,objective_updated,324.43,2,0,1,679
2257,203,objective_updated,436.46,2,1,2,679
2258,203,objective_updated,614.44,2,2,3,679
2259,203,objective_updated,105.53,2,0,3,681
2260,203,objective_updated,295.01,3,3,1,681
2261,203,objective_updated,525.32,4,1,2,681
2262,203,objective_updated,720.52,5,2,4,681
2263,203,objective_updated,874.58,6,4,3,681
2264,203,objective_updated,322.81,2,0,2,682
2265,203,objective_updated,591.56,3,2,1,682
2266,203,objective_updated,190.31,1,0,1,683
2267,203,objective_updated,408.48,2,1,0,683
2268,203,objective_updated,469.25,2,0,1,683
2269,203,objective_updated,563.13,2,1,2,683
2270,203,objective_updated,692.32,2,2,3,683
2278,205,objective_updated,155.43,2,0,1,688
2279,205,objective_updated,427.7,3,1,2,688
2280,206,objective_updated,0,1,0,2,689
2281,206,objective_updated,218.85,2,2,1,689
2282,206,objective_updated,398.22,3,1,0,689
2283,205,objective_updated,118.7,1,0,1,690
2284,205,objective_updated,257.76,1,1,2,690
2285,205,objective_updated,352.99,1,2,3,690
2286,205,objective_updated,353.01,2,3,0,690
2287,205,objective_updated,121.15,2,0,4,691
2288,205,objective_updated,328.3,3,4,2,691
2289,205,objective_updated,442.33,4,2,1,691
2290,205,objective_updated,574.53,5,1,3,691
2291,205,objective_updated,692.85,6,3,4,691
2292,206,objective_updated,180.94,1,0,1,692
2293,206,objective_updated,413.45,2,1,0,692
2294,206,objective_updated,540.26,2,0,1,692
2295,206,objective_updated,649.29,2,1,2,692
2296,206,objective_updated,922.83,2,2,3,692
2297,205,objective_updated,64.19,1,0,1,693
2298,205,objective_updated,395.15,1,1,2,693
2299,205,objective_updated,493.97,2,2,0,693
2300,205,objective_updated,576.83,2,0,1,693
2301,205,objective_updated,661.92,2,1,2,693
2302,206,objective_updated,243.66,1,0,1,694
2303,206,objective_updated,396.63,1,1,2,694
2304,206,objective_updated,517.92,2,2,0,694
2305,206,objective_updated,605.87,2,0,1,694
2306,206,objective_updated,928.35,2,1,2,694
2307,206,objective_updated,147.7,2,0,1,696
2308,206,objective_updated,375.16,3,1,2,696
2309,206,objective_updated,595.22,4,2,3,696
2310,206,objective_updated,738.5,5,3,4,696
2311,206,objective_updated,913.14,6,4,2,696
2312,205,objective_updated,0,1,0,1,698
2313,205,objective_updated,225.17,2,1,0,698
2314,205,objective_updated,400.97,3,0,2,698
2315,207,objective_updated,0,1,0,2,699
2316,207,objective_updated,195.19,2,2,1,699
2317,207,objective_updated,482.74,3,1,0,699
2318,207,objective_updated,112.78,1,0,1,700
2319,207,objective_updated,255.81,1,1,2,700
2320,207,objective_updated,543.2,1,2,3,700
2321,207,objective_updated,543.2,2,3,0,700
2322,207,objective_updated,779.21,2,0,1,700
2323,207,objective_updated,328.13,2,0,1,701
2324,207,objective_updated,396.81,2,1,2,701
2325,207,objective_updated,485.76,2,2,3,701
2326,207,objective_updated,153,2,0,3,702
2327,207,objective_updated,296.54,3,3,1,702
2328,207,objective_updated,428.03,4,1,2,702
2329,207,objective_updated,543.34,5,2,4,702
2345,206,objective_updated,195.48,2,0,2,711
2346,206,objective_updated,358.91,3,2,1,711
2347,34,objective_updated,0,1,0,1,712
2348,34,objective_updated,195.99,2,1,0,712
2349,34,objective_updated,393.6,3,0,2,712
2350,218,objective_updated,0,1,0,1,713
2351,218,objective_updated,195.99,2,1,0,713
2352,218,objective_updated,393.6,3,0,2,713
2353,218,objective_updated,96.44,1,0,1,714
2354,218,objective_updated,260.23,1,1,2,714
2355,218,objective_updated,443,1,2,3,714
2356,218,objective_updated,443.02,2,3,0,714
2357,218,objective_updated,587.35,2,0,1,714
2358,218,objective_updated,209.96,2,0,2,715
2359,218,objective_updated,382.35,3,2,3,715
2360,218,objective_updated,509.27,4,3,1,715
2361,218,objective_updated,630.43,5,1,4,715
2362,218,objective_updated,43.5,1,0,1,716
2363,218,objective_updated,412.15,1,1,2,716
2364,218,objective_updated,529.67,2,2,0,716
2365,218,objective_updated,625.62,2,0,1,716
2366,218,objective_updated,813.01,2,1,2,716
2367,218,objective_updated,915.16,2,2,3,716
2372,222,objective_updated,257.72,2,0,1,720
2373,222,objective_updated,421.54,3,1,2,720
2374,222,objective_updated,70.22,1,0,1,721
2375,222,objective_updated,158.23,1,1,2,721
2376,222,objective_updated,316.75,1,2,3,721
2377,222,objective_updated,316.75,2,3,0,721
2378,222,objective_updated,483,2,0,1,721
2379,222,objective_updated,59.21,1,0,1,722
2380,222,objective_updated,212.56,1,1,2,722
2381,222,objective_updated,361.89,1,2,3,722
2382,222,objective_updated,361.89,2,3,0,722
2383,222,objective_updated,436.07,2,0,1,722
2384,222,objective_updated,590.59,2,1,2,722
2385,222,objective_updated,840.93,2,2,3,722
2386,222,objective_updated,160.44,2,0,1,723
2387,222,objective_updated,278.49,3,1,4,723
2388,222,objective_updated,396.56,4,4,2,723
2389,222,objective_updated,594.86,5,2,3,723
2390,222,objective_updated,719.43,6,3,4,723
2391,222,objective_updated,70.64,1,0,1,724
2392,222,objective_updated,134.86,1,1,2,724
2393,222,objective_updated,503.62,2,2,0,724
2394,222,objective_updated,619.89,2,0,1,724
2395,222,objective_updated,685.88,2,1,2,724
2396,222,objective_updated,844.5,2,2,3,724
2397,206,objective_updated,0,1,0,1,726
2398,223,objective_updated,0,1,0,2,727
2399,223,objective_updated,154,2,2,0,727
2400,223,objective_updated,339.17,3,0,1,727
2401,223,objective_updated,112.67,1,0,1,728
2402,223,objective_updated,384.07,1,1,2,728
2403,223,objective_updated,548.68,2,2,0,728
2404,223,objective_updated,635.51,2,0,1,728
2405,223,objective_updated,110.79,2,0,4,729
2406,223,objective_updated,233.16,3,4,2,729
2407,223,objective_updated,428.58,4,2,1,729
2408,223,objective_updated,626.54,5,1,3,729
2409,223,objective_updated,840.74,6,3,1,729
2410,223,objective_updated,201.64,1,0,1,730
2411,223,objective_updated,401.18,2,1,0,730
2412,223,objective_updated,612.82,2,0,1,730
2413,223,objective_updated,780.27,2,1,2,730
2414,224,objective_updated,0,1,0,1,733
2415,224,objective_updated,283.66,2,1,0,733
2416,224,objective_updated,591.05,3,0,2,733
2417,223,objective_updated,0,1,0,1,734
2418,223,objective_updated,222.19,2,1,0,734
2419,223,objective_updated,525.81,3,0,2,734
2420,225,objective_updated,255.04,2,0,1,735
2421,225,objective_updated,522.75,3,1,2,735
2436,227,objective_updated,0,1,0,2,744
2437,227,objective_updated,0,1,0,2,745
2438,227,objective_updated,0,1,0,2,746
2439,229,objective_updated,0,1,0,2,748
2440,229,objective_updated,298.48,2,2,1,748
2441,229,objective_updated,463.16,3,1,0,748
2442,229,objective_updated,140.19,1,0,1,749
2443,229,objective_updated,401.29,2,1,0,749
2444,229,objective_updated,456.38,2,0,1,749
2445,229,objective_updated,223.86,1,0,1,750
2446,229,objective_updated,383.69,1,1,2,750
2447,229,objective_updated,506.08,1,2,3,750
2448,229,objective_updated,506.08,2,3,0,750
2449,229,objective_updated,588.87,2,0,1,750
2450,229,objective_updated,676.23,2,1,2,750
2451,229,objective_updated,898.03,2,2,3,750
2452,229,objective_updated,141.76,2,0,4,751
2453,229,objective_updated,363.7,3,4,1,751
2454,229,objective_updated,510.87,4,1,3,751
2455,229,objective_updated,708.55,5,3,2,751
2456,229,objective_updated,949.54,6,2,3,751
2457,229,objective_updated,0,1,0,1,752
2458,229,objective_updated,261.9,2,1,2,752
2459,229,objective_updated,0,1,0,1,754
2460,229,objective_updated,261.9,2,1,2,754
2461,229,objective_updated,497.87,3,2,0,754
2473,231,objective_updated,0,1,0,1,758
2474,231,objective_updated,317.14,2,1,0,758
2475,231,objective_updated,577.12,3,0,2,758
2476,231,objective_updated,223.68,1,0,1,759
2477,231,objective_updated,318.02,1,1,2,759
2478,231,objective_updated,451.26,1,2,3,759
2479,231,objective_updated,451.26,2,3,0,759
2480,231,objective_updated,61.04,1,0,1,760
2481,231,objective_updated,167.45,1,1,2,760
2482,231,objective_updated,272.24,1,2,3,760
2483,231,objective_updated,272.24,2,3,0,760
2484,231,objective_updated,341.6,2,0,1,760
2485,231,objective_updated,121.19,2,0,3,762
2486,231,objective_updated,319.92,3,3,2,762
2487,231,objective_updated,538.83,4,2,1,762
2488,231,objective_updated,753.47,5,1,4,762
2491,232,objective_updated,0,1,0,2,764
2492,232,objective_updated,311.21,2,2,1,764
2493,232,objective_updated,557.33,3,1,0,764
2494,232,objective_updated,106.76,1,0,1,765
2495,232,objective_updated,408.59,1,1,2,765
2496,232,objective_updated,499.62,1,2,3,765
2497,232,objective_updated,499.64,2,3,0,765
2498,232,objective_updated,185.31,1,0,1,766
2499,232,objective_updated,322.43,1,1,2,766
2500,232,objective_updated,482.73,1,2,3,766
2501,232,objective_updated,482.73,2,3,0,766
2502,232,objective_updated,181.65,2,0,1,768
2503,232,objective_updated,310.83,3,1,3,768
2504,232,objective_updated,542.42,4,3,4,768
2505,232,objective_updated,745.55,5,4,2,768
2506,232,objective_updated,0,1,0,1,769
2507,232,objective_updated,245.23,2,1,2,769
2508,232,objective_updated,568.72,3,2,0,769
2517,237,objective_updated,191.91,1,0,1,776
2518,237,objective_updated,282.62,1,1,2,776
2519,237,objective_updated,531.77,2,2,0,776
2520,237,objective_updated,595.59,2,0,1,776
2521,237,objective_updated,675.02,2,1,2,776
2522,237,objective_updated,924.8,2,2,3,776
2523,237,objective_updated,45.94,1,0,1,779
2524,237,objective_updated,238.34,1,1,2,779
2525,237,objective_updated,480.28,1,2,3,779
2526,237,objective_updated,480.28,2,3,0,779
2527,237,objective_updated,711.73,2,0,1,779
2528,237,objective_updated,821.85,2,1,2,779
2529,237,objective_updated,937.08,2,2,3,779
2537,237,objective_updated,174.83,2,0,2,781
2538,237,objective_updated,374.76,3,2,4,781
2539,237,objective_updated,508.61,4,4,1,781
2540,237,objective_updated,709.78,5,1,3,781
2541,237,objective_updated,882.12,6,3,0,781
2569,244,objective_updated,0,1,0,2,790
2570,244,objective_updated,269.05,2,2,1,790
2571,244,objective_updated,582.06,3,1,0,790
2572,244,objective_updated,338.47,2,0,1,791
2573,244,objective_updated,552.15,2,1,2,791
2574,244,objective_updated,721,2,2,3,791
2575,244,objective_updated,99,1,0,1,792
2576,244,objective_updated,240.95,1,1,2,792
2577,244,objective_updated,391.28,1,2,3,792
2578,244,objective_updated,391.29,2,3,0,792
2579,244,objective_updated,474.02,2,0,1,792
2580,244,objective_updated,606.86,2,1,2,792
2581,244,objective_updated,904.29,2,2,3,792
2582,244,objective_updated,186.88,2,0,2,794
2583,244,objective_updated,338,3,2,3,794
2584,244,objective_updated,458.67,4,3,4,794
2585,244,objective_updated,593.99,5,4,1,794
2586,244,objective_updated,711.16,6,1,0,794
2587,245,objective_updated,0,1,0,1,795
2588,245,objective_updated,191.09,2,1,2,795
2589,245,objective_updated,407.05,3,2,0,795
2590,245,objective_updated,75.52,1,0,1,796
2591,245,objective_updated,192.67,1,1,2,796
2592,245,objective_updated,519.4,1,2,3,796
2593,245,objective_updated,519.4,2,3,0,796
2594,245,objective_updated,651.07,2,0,1,796
2595,245,objective_updated,853.21,2,1,2,796
2596,245,objective_updated,1061.63,2,2,3,796
2597,245,objective_updated,79.2,1,0,1,797
2598,245,objective_updated,389.03,1,1,2,797
2599,245,objective_updated,480.22,2,2,0,797
2600,245,objective_updated,672.55,2,0,1,797
2613,245,objective_updated,0,1,0,2,802
2614,245,objective_updated,307.13,2,2,0,802
2615,245,objective_updated,574.64,3,0,1,802
2616,246,objective_updated,0,1,0,1,803
2617,246,objective_updated,318.52,2,1,2,803
2618,246,objective_updated,502.2,3,2,0,803
2619,247,objective_updated,0,1,0,1,804
2620,247,objective_updated,318.52,2,1,2,804
2621,247,objective_updated,502.2,3,2,0,804
2622,248,objective_updated,0,1,0,1,805
2623,248,objective_updated,318.52,2,1,2,805
2624,248,objective_updated,502.2,3,2,0,805
2625,248,objective_updated,247.69,1,0,1,806
2626,248,objective_updated,406.38,2,1,0,806
2627,248,objective_updated,504.54,2,0,1,806
2628,248,objective_updated,698.65,2,1,2,806
2629,248,objective_updated,906.85,2,2,3,806
2630,248,objective_updated,63.21,1,0,1,808
2631,248,objective_updated,415.87,1,1,2,808
2632,248,objective_updated,537.84,2,2,0,808
2633,248,objective_updated,693.76,2,0,1,808
2634,248,objective_updated,860.61,2,1,2,808
2635,248,objective_updated,195.38,2,0,1,809
2636,248,objective_updated,320.22,3,1,3,809
2637,248,objective_updated,453.77,4,3,2,809
2638,248,objective_updated,583.57,5,2,4,809
2639,248,objective_updated,701.41,6,4,1,809
2640,248,objective_updated,177.87,2,0,1,810
2641,248,objective_updated,337.79,3,1,2,810
2644,249,objective_updated,0,1,0,1,812
2645,249,objective_updated,255.63,2,1,0,812
2646,249,objective_updated,457.18,3,0,2,812
2647,249,objective_updated,322.33,2,0,1,813
2648,249,objective_updated,514.91,2,1,2,813
2649,249,objective_updated,615.51,2,2,3,813
2650,249,objective_updated,153.72,2,0,4,814
2651,249,objective_updated,305.28,3,4,3,814
2652,249,objective_updated,454.15,4,3,1,814
2653,249,objective_updated,644.65,5,1,2,814
2654,249,objective_updated,869.51,6,2,4,814
2655,249,objective_updated,100.76,1,0,1,
2656,249,objective_updated,315.12,1,1,2,
2657,249,objective_updated,425.41,1,2,3,
2658,249,objective_updated,425.41,2,3,0,
2659,249,objective_updated,516.36,2,0,1,
2663,251,objective_updated,247.99,2,0,2,820
2722,253,objective_updated,137.37,2,0,3,838
2723,253,objective_updated,261.71,3,3,1,838
2724,253,objective_updated,375.96,4,1,2,838
2725,253,objective_updated,583.09,5,2,4,838
2726,253,objective_updated,702.72,6,4,0,838
2727,256,objective_updated,0,1,0,1,839
2728,256,objective_updated,270.89,2,1,0,839
2729,256,objective_updated,535.19,3,0,2,839
2730,257,objective_updated,0,1,0,1,840
2731,257,objective_updated,270.89,2,1,0,840
2732,257,objective_updated,535.19,3,0,2,840
2733,258,objective_updated,0,1,0,1,841
2734,258,objective_updated,270.89,2,1,0,841
2735,258,objective_updated,535.19,3,0,2,841
2736,259,objective_updated,0,1,0,1,842
2737,259,objective_updated,270.89,2,1,0,842
2738,259,objective_updated,535.19,3,0,2,842
2739,259,objective_updated,65.33,1,0,1,843
2740,259,objective_updated,406.21,2,1,0,843
2741,259,objective_updated,489.09,2,0,1,843
2742,259,objective_updated,434.85,2,0,1,844
2743,259,objective_updated,499.37,2,1,2,844
2744,259,objective_updated,177.07,2,0,4,846
2745,259,objective_updated,316.3,3,4,2,846
2746,259,objective_updated,450.15,4,2,1,846
2747,259,objective_updated,657.64,5,1,3,846
2748,259,objective_updated,846.51,6,3,2,846
2751,261,objective_updated,226.67,1,0,1,850
2752,261,objective_updated,412.56,2,1,0,850
2753,261,objective_updated,481.59,2,0,1,850
2754,261,objective_updated,646.37,2,1,2,850
2755,261,objective_updated,792.77,2,2,3,850
2762,261,objective_updated,133.23,2,0,1,853
2763,261,objective_updated,353.37,3,1,2,853
2764,261,objective_updated,472.84,4,2,3,853
2765,261,objective_updated,617.85,5,3,4,853
2766,261,objective_updated,0,1,0,1,854
2767,261,objective_updated,284.57,2,1,2,854
2768,261,objective_updated,583.55,3,2,0,854
2769,262,objective_updated,0,1,0,1,856
2770,262,objective_updated,0,2,1,2,856
2771,262,objective_updated,0,3,2,0,856
2772,271,objective_updated,265.63,2,0,2,857
2773,271,objective_updated,516.33,3,2,1,857
2777,271,objective_updated,184.75,2,0,1,859
2778,271,objective_updated,397.81,3,1,4,859
2779,271,objective_updated,606.4,4,4,3,859
2780,271,objective_updated,791.39,5,3,2,859
2781,271,objective_updated,93.21,1,0,1,860
2782,271,objective_updated,417.7,2,1,0,860
2783,271,objective_updated,559.06,2,0,1,860
2784,271,objective_updated,184.43,1,0,1,862
2785,271,objective_updated,429.47,2,1,0,862
2786,271,objective_updated,654.06,2,0,1,862
2787,271,objective_updated,749.01,2,1,2,862
2788,271,objective_updated,255.81,2,0,2,863
2789,271,objective_updated,411.65,3,2,1,863
2790,272,objective_updated,0,1,0,1,864
2791,272,objective_updated,296.7,2,1,2,864
2792,272,objective_updated,521.34,3,2,0,864
2793,273,objective_updated,0,1,0,1,865
2794,273,objective_updated,296.7,2,1,2,865
2795,273,objective_updated,521.34,3,2,0,865
2802,276,objective_updated,35.82,1,0,1,868
2803,276,objective_updated,142.32,1,1,2,868
2804,276,objective_updated,298.75,1,2,3,868
2805,276,objective_updated,298.75,2,3,0,868
2806,276,objective_updated,367.19,2,0,1,868
2807,276,objective_updated,597.72,2,1,2,868
2808,276,objective_updated,97.82,1,0,1,869
2809,276,objective_updated,179.02,1,1,2,869
2810,276,objective_updated,298.12,1,2,3,869
2811,276,objective_updated,298.12,2,3,0,869
2821,277,objective_updated,107.98,2,0,4,876
2822,277,objective_updated,331.58,3,4,2,876
2823,277,objective_updated,461.81,4,2,1,876
2824,277,objective_updated,657.16,5,1,3,876
2825,277,objective_updated,804.15,6,3,1,876
2826,277,objective_updated,192.37,1,0,1,878
2827,277,objective_updated,304.12,1,1,2,878
2828,277,objective_updated,374.57,1,2,3,878
2829,277,objective_updated,374.59,2,3,0,878
2831,278,objective_updated,230.34,2,0,1,880
2832,278,objective_updated,468.51,3,1,2,880
2833,278,objective_updated,93.69,1,0,1,881
2834,278,objective_updated,303.69,1,1,2,881
2835,278,objective_updated,495.78,2,2,0,881
2836,278,objective_updated,577.27,2,0,1,881
2837,278,objective_updated,658.44,2,1,2,881
2838,278,objective_updated,895.06,2,2,3,881
2839,278,objective_updated,121.19,2,0,3,882
2840,278,objective_updated,273.74,3,3,1,882
2841,278,objective_updated,416.75,4,1,2,882
2842,278,objective_updated,595.89,5,2,4,882
2843,278,objective_updated,724.16,6,4,2,882
2844,278,objective_updated,70.85,1,0,1,883
2845,278,objective_updated,213.63,1,1,2,883
2846,278,objective_updated,353.18,1,2,3,883
2847,278,objective_updated,353.18,2,3,0,883
2848,278,objective_updated,462.83,2,0,1,883
2849,278,objective_updated,0,1,0,2,884
2850,278,objective_updated,311.46,2,2,0,884
2851,278,objective_updated,500.5,3,0,1,884
2852,278,objective_updated,121.19,2,0,3,885
2853,278,objective_updated,273.74,3,3,1,885
2854,278,objective_updated,416.75,4,1,2,885
2855,278,objective_updated,595.89,5,2,4,885
2856,278,objective_updated,724.16,6,4,2,885
2870,279,objective_updated,128.94,2,0,4,891
2871,279,objective_updated,284.2,3,4,2,891
2872,279,objective_updated,493.68,4,2,3,891
2873,279,objective_updated,612.45,5,3,1,891
2874,279,objective_updated,0,1,0,2,892
2875,279,objective_updated,241.98,2,2,1,892
2876,279,objective_updated,410.93,3,1,0,892
2882,280,objective_updated,234.82,2,0,1,894
2883,280,objective_updated,446.91,3,1,2,894
2884,280,objective_updated,192.37,1,0,1,895
2885,280,objective_updated,304.12,1,1,2,895
2886,280,objective_updated,374.57,1,2,3,895
2887,280,objective_updated,374.59,2,3,0,895
2893,281,objective_updated,0,1,0,1,898
2894,281,objective_updated,204.28,2,1,2,898
2895,281,objective_updated,552.14,3,2,0,898
2896,281,objective_updated,54.91,1,0,1,899
2897,281,objective_updated,239.89,1,1,2,899
2898,281,objective_updated,525.38,1,2,3,899
2899,281,objective_updated,525.38,2,3,0,899
2900,281,objective_updated,560.32,2,0,1,899
2901,281,objective_updated,101.66,1,0,1,900
2902,281,objective_updated,440.11,1,1,2,900
2903,281,objective_updated,557.08,2,2,0,900
2904,281,objective_updated,661.28,2,0,1,900
2905,281,objective_updated,757.18,2,1,2,900
2906,281,objective_updated,956.46,2,2,3,900
2907,281,objective_updated,175.52,2,0,2,901
2908,281,objective_updated,301.68,3,2,1,901
2909,281,objective_updated,511.42,4,1,3,901
2910,281,objective_updated,678.69,5,3,4,901
2911,281,objective_updated,848.42,6,4,3,901
2919,282,objective_updated,0,1,0,2,904
2920,282,objective_updated,325.67,2,2,1,904
2921,282,objective_updated,558.61,3,1,0,904
2962,285,objective_updated,114.35,1,0,1,918
2963,285,objective_updated,289.36,1,1,2,918
2964,285,objective_updated,498.05,2,2,0,918
2965,285,objective_updated,565.17,2,0,1,918
2966,285,objective_updated,729.83,2,1,2,918
2967,285,objective_updated,815.3,2,2,3,918
2968,285,objective_updated,115.08,1,0,1,920
2969,285,objective_updated,204.49,1,1,2,920
2970,285,objective_updated,409.03,1,2,3,920
2971,285,objective_updated,409.04,2,3,0,920
2972,285,objective_updated,501.61,2,0,1,920
2973,285,objective_updated,695.01,2,1,2,920
2974,285,objective_updated,863.56,2,2,3,920
2975,285,objective_updated,863.56,3,3,0,920
2976,285,objective_updated,175.32,2,0,3,921
2977,285,objective_updated,363.04,3,3,4,921
2978,285,objective_updated,555.89,4,4,1,921
2979,285,objective_updated,673.63,5,1,2,921
2980,285,objective_updated,796.8,6,2,0,921
2981,285,objective_updated,0,1,0,1,922
2982,285,objective_updated,286.97,2,1,0,922
2983,285,objective_updated,563.33,3,0,2,922
2984,285,objective_updated,0,1,0,2,924
2985,285,objective_updated,269.29,2,2,0,924
2986,285,objective_updated,499.35,3,0,1,924
2993,287,objective_updated,0,1,0,2,929
2994,287,objective_updated,213.26,2,2,1,929
2995,287,objective_updated,507.97,3,1,0,929
2996,287,objective_updated,32.67,1,0,1,930
2997,287,objective_updated,345.08,1,1,2,930
2998,287,objective_updated,511.57,2,2,0,930
3003,291,objective_updated,257.95,1,0,1,932
3004,291,objective_updated,430.29,2,1,0,932
3005,291,objective_updated,562.81,2,0,1,932
3006,291,objective_updated,686.12,2,1,2,932
3012,291,objective_updated,160.52,2,0,1,934
3013,291,objective_updated,309.81,3,1,4,934
3014,291,objective_updated,429.58,4,4,3,934
3015,291,objective_updated,654.71,5,3,2,934
3016,291,objective_updated,846.97,6,2,1,934
3017,291,objective_updated,186.19,2,0,2,935
3018,291,objective_updated,504.25,3,2,1,935
3019,292,objective_updated,156.36,1,0,1,937
3020,292,objective_updated,233.76,1,1,2,937
3021,292,objective_updated,383.41,1,2,3,937
3022,292,objective_updated,383.41,2,3,0,937
3023,292,objective_updated,160.87,1,0,1,938
3024,292,objective_updated,289.78,1,1,2,938
3025,292,objective_updated,510.5,1,2,3,938
3026,292,objective_updated,510.5,2,3,0,938
3027,292,objective_updated,166.78,2,0,2,940
3028,292,objective_updated,369.91,3,2,1,940
3029,292,objective_updated,538.34,4,1,4,940
3030,292,objective_updated,744.8,5,4,3,940
3031,292,objective_updated,877.88,6,3,0,940
3032,292,objective_updated,0,1,0,1,941
3033,292,objective_updated,328.65,2,1,0,941
3034,292,objective_updated,587.98,3,0,2,941
3035,293,objective_updated,0,1,0,1,942
3036,293,objective_updated,319.29,2,1,0,942
3037,293,objective_updated,488.19,3,0,2,942
3038,293,objective_updated,163.67,1,0,1,943
3039,293,objective_updated,241.96,1,1,2,943
3040,293,objective_updated,523.39,2,2,0,943
3041,293,objective_updated,681.51,2,0,1,943
3042,293,objective_updated,750.72,2,1,2,943
3043,293,objective_updated,917.06,2,2,3,943
3044,293,objective_updated,47.31,1,0,1,944
3045,293,objective_updated,333.7,1,1,2,944
3046,293,objective_updated,458.22,1,2,3,944
3047,293,objective_updated,458.24,2,3,0,944
3048,293,objective_updated,744.58,2,0,1,944
3049,293,objective_updated,109.69,2,0,4,946
3050,293,objective_updated,270.7,3,4,3,946
3051,293,objective_updated,404.33,4,3,2,946
3052,293,objective_updated,608.34,5,2,1,946
3053,293,objective_updated,846.76,6,1,4,946
3054,293,objective_updated,0,1,0,1,947
3055,293,objective_updated,163.75,2,1,0,947
3056,293,objective_updated,473.4,3,0,2,947
3057,294,objective_updated,279.42,2,0,1,948
3058,294,objective_updated,608.73,3,1,2,948
3059,294,objective_updated,264.54,1,0,1,949
3060,294,objective_updated,414.62,2,1,0,949
3061,294,objective_updated,489.53,2,0,1,949
3062,294,objective_updated,584.22,2,1,2,949
3063,294,objective_updated,678.35,2,2,3,949
3064,294,objective_updated,114.62,2,0,3,950
3065,294,objective_updated,296.22,3,3,1,950
3066,294,objective_updated,412.23,4,1,4,950
3067,294,objective_updated,620.67,5,4,2,950
3068,294,objective_updated,812.26,6,2,1,950
3069,294,objective_updated,171.08,1,0,1,952
3070,294,objective_updated,408.61,1,1,2,952
3071,294,objective_updated,514.16,2,2,0,952
3072,294,objective_updated,619.42,2,0,1,952
3073,294,objective_updated,781.66,2,1,2,952
3074,294,objective_updated,929.98,2,2,3,952
3075,294,objective_updated,258.96,1,0,1,953
3076,294,objective_updated,409.07,2,1,0,953
3077,294,objective_updated,472.57,2,0,1,953
3078,294,objective_updated,757.25,2,1,2,953
3079,294,objective_updated,840.37,2,2,3,953
3083,296,objective_updated,59.39,1,0,1,955
3084,296,objective_updated,160.76,1,1,2,955
3085,296,objective_updated,315.64,1,2,3,955
3086,296,objective_updated,315.64,2,3,0,955
3087,296,objective_updated,578.19,2,0,1,955
3088,296,objective_updated,729.28,2,1,2,955
3089,296,objective_updated,149.92,2,0,2,960
3090,296,objective_updated,281.98,3,2,3,960
3091,296,objective_updated,401.65,4,3,1,960
3092,296,objective_updated,518.53,5,1,4,960
3093,296,objective_updated,0,1,0,2,961
3094,296,objective_updated,216.78,2,2,1,961
3095,296,objective_updated,536.31,3,1,0,961
3096,296,objective_updated,0,1,0,2,962
3097,296,objective_updated,216.78,2,2,1,962
3098,296,objective_updated,536.31,3,1,0,962
3099,296,objective_updated,0,1,0,2,963
3100,296,objective_updated,216.78,2,2,1,963
3101,296,objective_updated,536.31,3,1,0,963
3102,296,objective_updated,0,1,0,2,964
3103,296,objective_updated,216.78,2,2,1,964
3104,296,objective_updated,536.31,3,1,0,964
3105,296,objective_updated,0,1,0,2,965
3106,296,objective_updated,216.78,2,2,1,965
3107,296,objective_updated,536.31,3,1,0,965
3108,296,objective_updated,74.92,1,0,1,966
3109,296,objective_updated,132.11,1,1,2,966
3110,296,objective_updated,486.34,2,2,0,966
3111,296,objective_updated,581.15,2,0,1,966
3112,296,objective_updated,811.35,2,1,2,966
3113,296,objective_updated,924.68,2,2,3,966
3114,297,objective_updated,0,1,0,1,967
3115,297,objective_updated,284.66,2,1,2,967
3116,297,objective_updated,481.1,3,2,0,967
3117,297,objective_updated,203.85,1,0,1,968
3118,297,objective_updated,399.76,2,1,0,968
3119,297,objective_updated,456.2,2,0,1,968
3120,297,objective_updated,642.18,2,1,2,968
3121,297,objective_updated,760.97,2,2,3,968
3136,298,objective_updated,119.11,2,0,3,977
3137,298,objective_updated,239.13,3,3,1,977
3138,298,objective_updated,453.72,4,1,2,977
3139,298,objective_updated,578.78,5,2,4,977
3140,298,objective_updated,713.63,6,4,2,977
3170,300,objective_updated,314.96,2,0,1,989
3171,300,objective_updated,396.07,2,1,2,989
3172,300,objective_updated,533.79,2,2,3,989
3173,300,objective_updated,296.02,2,0,2,990
3174,300,objective_updated,545.97,3,2,1,990
3175,300,objective_updated,182.21,2,0,3,991
3176,300,objective_updated,374.16,3,3,4,991
3177,300,objective_updated,492.45,4,4,1,991
3178,300,objective_updated,641.48,5,1,2,991
3179,300,objective_updated,797.18,6,2,0,991
3183,300,objective_updated,82.49,1,0,1,993
3184,300,objective_updated,218.94,1,1,2,993
3185,300,objective_updated,465.82,1,2,3,993
3186,300,objective_updated,465.82,2,3,0,993
3187,301,objective_updated,69.9,1,0,1,995
3188,301,objective_updated,239.29,1,1,2,995
3189,301,objective_updated,496.5,2,2,0,995
3190,301,objective_updated,571.61,2,0,1,995
3191,301,objective_updated,763.37,2,1,2,995
3192,301,objective_updated,948.55,2,2,3,995
3193,301,objective_updated,305.65,2,0,2,996
3194,301,objective_updated,471.15,3,2,1,996
3201,302,objective_updated,125.5,1,0,1,1000
3202,302,objective_updated,325.51,1,1,2,1000
3203,302,objective_updated,422.54,1,2,3,1000
3204,302,objective_updated,422.56,2,3,0,1000
3205,302,objective_updated,102.41,1,0,1,1001
3206,302,objective_updated,220.72,1,1,2,1001
3207,302,objective_updated,332.39,1,2,3,1001
3208,302,objective_updated,332.39,2,3,0,1001
3209,302,objective_updated,521.25,2,0,1,1001
3210,302,objective_updated,644.85,2,1,2,1001
3211,302,objective_updated,196.31,2,0,4,1002
3212,302,objective_updated,443.34,3,4,2,1002
3213,302,objective_updated,636.63,4,2,3,1002
3214,302,objective_updated,759.19,5,3,1,1002
3215,302,objective_updated,948.65,6,1,2,1002
3216,302,objective_updated,0,1,0,2,1004
3217,302,objective_updated,249.48,2,2,0,1004
3218,302,objective_updated,521.49,3,0,1,1004
3219,303,objective_updated,0,1,0,1,1005
3220,303,objective_updated,267.88,2,1,0,1005
3221,303,objective_updated,517.48,3,0,2,1005
3222,303,objective_updated,80.27,1,0,1,1006
3223,303,objective_updated,445.03,1,1,2,1006
3224,303,objective_updated,489.33,1,2,3,1006
3225,303,objective_updated,489.33,2,3,0,1006
3226,303,objective_updated,170.27,1,0,1,1007
3227,303,objective_updated,333.87,1,1,2,1007
3228,303,objective_updated,489.56,2,2,0,1007
3229,303,objective_updated,687.51,2,0,1,1007
3230,303,objective_updated,115.43,2,0,3,1009
3231,303,objective_updated,313.57,3,3,2,1009
3232,303,objective_updated,479.26,4,2,1,1009
3233,303,objective_updated,608,5,1,4,1009
3234,303,objective_updated,771.27,6,4,3,1009
3235,303,objective_updated,0,1,0,1,1010
3236,303,objective_updated,309.62,2,1,0,1010
3237,303,objective_updated,528.45,3,0,2,1010
3242,305,objective_updated,183.54,2,0,2,1015
3243,305,objective_updated,357.19,3,2,1,1015
3244,305,objective_updated,235.08,1,0,1,1016
3245,305,objective_updated,395.28,2,1,0,1016
3246,305,objective_updated,462.22,2,0,1,1016
3247,305,objective_updated,548.75,2,1,2,1016
3248,305,objective_updated,658.4,2,2,3,1016
3249,305,objective_updated,330.28,2,0,1,1017
3250,305,objective_updated,412.01,2,1,2,1017
3251,305,objective_updated,557.82,2,2,3,1017
3252,305,objective_updated,215.32,2,0,2,1019
3253,305,objective_updated,355.27,3,2,4,1019
3254,305,objective_updated,473.22,4,4,1,1019
3255,305,objective_updated,660.31,5,1,3,1019
3256,306,objective_updated,0,1,0,1,1020
3257,306,objective_updated,273.59,2,1,0,1020
3258,306,objective_updated,484.97,3,0,2,1020
3259,306,objective_updated,100.56,1,0,1,1021
3260,306,objective_updated,403.69,2,1,0,1021
3261,306,objective_updated,453.81,2,0,1,1021
3262,306,objective_updated,556.59,2,1,2,1021
3263,306,objective_updated,843.96,2,2,3,1021
3264,306,objective_updated,122.06,2,0,2,1022
3265,306,objective_updated,319.11,3,2,4,1022
3266,306,objective_updated,445.82,4,4,3,1022
3267,306,objective_updated,623.33,5,3,1,1022
3268,306,objective_updated,99.02,1,0,1,1023
3269,306,objective_updated,187.59,1,1,2,1023
3270,306,objective_updated,456.63,1,2,3,1023
3271,306,objective_updated,456.63,2,3,0,1023
3272,306,objective_updated,642.01,2,0,1,1023
3273,306,objective_updated,883.19,2,1,2,1023
3274,306,objective_updated,122.06,2,0,2,1029
3275,306,objective_updated,319.11,3,2,4,1029
3276,306,objective_updated,445.82,4,4,3,1029
3277,306,objective_updated,623.33,5,3,1,1029
3284,308,objective_updated,369.01,2,0,1,1034
3285,308,objective_updated,434.36,2,1,2,1034
3286,308,objective_updated,115.24,2,0,2,1035
3287,308,objective_updated,265,3,2,4,1035
3288,308,objective_updated,482.07,4,4,1,1035
3289,308,objective_updated,600.25,5,1,3,1035
3290,308,objective_updated,808.27,6,3,1,1035
3291,308,objective_updated,63.44,1,0,1,1036
3292,308,objective_updated,216.25,1,1,2,1036
3293,308,objective_updated,308.67,1,2,3,1036
3294,308,objective_updated,308.69,2,3,0,1036
3295,308,objective_updated,551.45,2,0,1,1036
3296,308,objective_updated,53.76,1,0,1,1038
3297,308,objective_updated,159.48,1,1,2,1038
3298,308,objective_updated,235.49,1,2,3,1038
3299,308,objective_updated,235.49,2,3,0,1038
3300,308,objective_updated,0,1,0,2,1039
3301,308,objective_updated,46.08,1,2,1,1039
3302,308,objective_updated,90.48,1,1,0,1039
3303,308,objective_updated,171.31,1,0,-1,1039
3323,309,objective_updated,0,1,0,2,1045
3324,309,objective_updated,290.39,2,2,1,1045
3325,309,objective_updated,546.93,3,1,0,1045
3334,309,objective_updated,130.95,2,0,2,1048
3335,309,objective_updated,330.65,3,2,3,1048
3336,309,objective_updated,500.45,4,3,1,1048
3337,309,objective_updated,638.04,5,1,4,1048
3338,309,objective_updated,772.83,6,4,0,1048
3342,311,objective_updated,0,1,0,1,1050
3343,311,objective_updated,209.9,2,1,0,1050
3344,311,objective_updated,513.71,3,0,2,1050
3371,312,objective_updated,111.56,2,0,2,1059
3372,312,objective_updated,288.37,3,2,3,1059
3373,312,objective_updated,510.15,4,3,1,1059
3374,312,objective_updated,746.95,5,1,4,1059
3375,312,objective_updated,924.12,6,4,1,1059
3376,312,objective_updated,68.81,1,0,1,1061
3377,312,objective_updated,385.32,1,1,2,1061
3378,312,objective_updated,506.18,2,2,0,1061
3379,312,objective_updated,630.03,2,0,1,1061
3380,312,objective_updated,933.72,2,1,2,1061
3392,315,objective_updated,159.49,1,0,1,1071
3393,315,objective_updated,390.18,2,1,0,1071
3394,315,objective_updated,650.66,2,0,1,1071
3395,315,objective_updated,0,1,0,1,1072
3396,315,objective_updated,212.65,2,1,2,1072
3397,315,objective_updated,521.37,3,2,0,1072
3398,315,objective_updated,99.04,1,0,1,1073
3399,315,objective_updated,191.04,1,1,2,1073
3400,315,objective_updated,346.83,1,2,3,1073
3401,315,objective_updated,346.83,2,3,0,1073
3402,315,objective_updated,588.23,2,0,1,1073
3403,316,objective_updated,249.45,2,0,2,1074
3404,316,objective_updated,461.44,3,2,1,1074
3405,316,objective_updated,88.62,1,0,1,1075
3406,316,objective_updated,169.02,1,1,2,1075
3407,316,objective_updated,436.33,1,2,3,1075
3408,316,objective_updated,436.33,2,3,0,1075
3409,316,objective_updated,706.02,2,0,1,1075
3410,316,objective_updated,41.84,1,0,1,1077
3411,316,objective_updated,130.99,1,1,2,1077
3412,316,objective_updated,212.92,1,2,3,1077
3413,316,objective_updated,212.92,2,3,0,1077
3414,316,objective_updated,41.84,1,0,1,1078
3415,316,objective_updated,130.99,1,1,2,1078
3416,316,objective_updated,212.92,1,2,3,1078
3417,316,objective_updated,212.92,2,3,0,1078
3418,316,objective_updated,41.84,1,0,1,1079
3419,316,objective_updated,130.99,1,1,2,1079
3420,316,objective_updated,212.92,1,2,3,1079
3421,316,objective_updated,212.92,2,3,0,1079
3422,316,objective_updated,105.74,2,0,1,1080
3423,316,objective_updated,288.85,3,1,3,1080
3424,316,objective_updated,509.57,4,3,4,1080
3425,316,objective_updated,660.06,5,4,2,1080
3434,318,objective_updated,163.64,2,0,4,1085
3435,318,objective_updated,287.8,3,4,2,1085
3436,318,objective_updated,463.72,4,2,1,1085
3437,318,objective_updated,693.36,5,1,3,1085
3438,318,objective_updated,869.79,6,3,1,1085
3439,318,objective_updated,0,1,0,1,1086
3440,318,objective_updated,188.26,2,1,0,1086
3441,318,objective_updated,446.93,3,0,2,1086
3442,319,objective_updated,214.8,2,0,1,1087
3443,319,objective_updated,484.6,3,1,2,1087
3444,319,objective_updated,436.73,2,0,1,1089
3445,319,objective_updated,532.81,2,1,2,1089
3446,319,objective_updated,174.24,2,0,3,1091
3447,319,objective_updated,294.06,3,3,4,1091
3448,319,objective_updated,488.74,4,4,2,1091
3449,319,objective_updated,666.15,5,2,1,1091
3450,319,objective_updated,847.2,6,1,3,1091
3454,320,objective_updated,214.8,2,0,1,1093
3455,320,objective_updated,484.6,3,1,2,1093
3458,320,objective_updated,174.24,2,0,3,1097
3459,320,objective_updated,294.06,3,3,4,1097
3460,320,objective_updated,488.74,4,4,2,1097
3461,320,objective_updated,666.15,5,2,1,1097
3462,320,objective_updated,847.2,6,1,3,1097
3477,321,objective_updated,103.05,1,0,1,1103
3478,321,objective_updated,412.62,2,1,0,1103
3479,321,objective_updated,509.36,2,0,1,1103
3480,321,objective_updated,657.96,2,1,2,1103
3481,321,objective_updated,745.47,2,2,3,1103
3482,321,objective_updated,163.46,2,0,2,1104
3483,321,objective_updated,348.55,3,2,1,1104
3484,322,objective_updated,309.2,2,0,2,1105
3485,322,objective_updated,553.81,3,2,1,1105
3486,322,objective_updated,146.18,1,0,1,1106
3487,322,objective_updated,385.97,1,1,2,1106
3488,322,objective_updated,502.27,2,2,0,1106
3489,322,objective_updated,782.35,2,0,1,1106
3490,322,objective_updated,114.59,2,0,4,1107
3491,322,objective_updated,274.26,3,4,1,1107
3492,322,objective_updated,415.05,4,1,3,1107
3493,322,objective_updated,543.13,5,3,2,1107
3494,322,objective_updated,45.66,1,0,1,1108
3495,322,objective_updated,345.06,1,1,2,1108
3496,322,objective_updated,485.44,1,2,3,1108
3497,322,objective_updated,485.46,2,3,0,1108
3498,322,objective_updated,636.36,2,0,1,1108
3499,322,objective_updated,52.03,1,0,1,1110
3500,322,objective_updated,327.93,1,1,2,1110
3501,322,objective_updated,493.33,2,2,0,1110
3502,322,objective_updated,531.59,2,0,1,1110
3507,324,objective_updated,296.9,2,0,2,1112
3508,324,objective_updated,553.52,3,2,1,1112
3511,324,objective_updated,296.9,2,0,2,1114
3512,324,objective_updated,553.52,3,2,1,1114
3513,324,objective_updated,296.9,2,0,2,1115
3514,324,objective_updated,553.52,3,2,1,1115
3517,324,objective_updated,479.76,2,0,1,1117
3518,324,objective_updated,572.25,2,1,2,1117
3519,324,objective_updated,675.57,2,2,3,1117
3525,324,objective_updated,370.81,2,0,1,1119
3526,324,objective_updated,584.26,2,1,2,1119
3527,324,objective_updated,720.04,2,2,3,1119
3536,325,objective_updated,136.25,2,0,1,1124
3537,325,objective_updated,336.34,3,1,2,1124
3538,325,objective_updated,455.17,4,2,3,1124
3539,325,objective_updated,666.7,5,3,4,1124
3540,325,objective_updated,801.94,6,4,1,1124
3541,325,objective_updated,98.14,1,0,1,1125
3542,325,objective_updated,166.34,1,1,2,1125
3543,325,objective_updated,381.28,1,2,3,1125
3544,325,objective_updated,381.28,2,3,0,1125
3552,325,objective_updated,98.14,1,0,1,1129
3553,325,objective_updated,166.34,1,1,2,1129
3554,325,objective_updated,381.28,1,2,3,1129
3555,325,objective_updated,381.28,2,3,0,1129
3556,325,objective_updated,98.14,1,0,1,1131
3557,325,objective_updated,166.34,1,1,2,1131
3558,325,objective_updated,381.28,1,2,3,1131
3559,325,objective_updated,381.28,2,3,0,1131
3568,325,objective_updated,98.14,1,0,1,1134
3569,325,objective_updated,166.34,1,1,2,1134
3570,325,objective_updated,381.28,1,2,3,1134
3571,325,objective_updated,381.28,2,3,0,1134
3572,327,objective_updated,175.63,2,0,1,1135
3573,327,objective_updated,451.3,3,1,2,1135
3616,329,objective_updated,81.32,1,0,1,1151
3617,329,objective_updated,157.4,1,1,2,1151
3618,329,objective_updated,480.25,2,2,0,1151
3619,329,objective_updated,178.05,2,0,4,1152
3620,329,objective_updated,366.05,3,4,2,1152
3621,329,objective_updated,564.73,4,2,1,1152
3622,329,objective_updated,758.78,5,1,3,1152
3623,329,objective_updated,958.59,6,3,2,1152
3634,329,objective_updated,330.7,2,0,1,1155
3635,329,objective_updated,437.41,2,1,2,1155
3636,329,objective_updated,763.73,2,2,3,1155
3637,330,objective_updated,0,1,0,2,1156
3638,330,objective_updated,325.25,2,2,1,1156
3639,330,objective_updated,622.07,3,1,0,1156
3657,330,objective_updated,0,1,0,2,1161
3658,330,objective_updated,257.6,2,2,0,1161
3659,330,objective_updated,485.29,3,0,1,1161
3660,331,objective_updated,273.77,2,0,1,1162
3661,331,objective_updated,616.49,3,1,2,1162
3666,333,objective_updated,241.45,2,0,1,1164
3667,333,objective_updated,420.88,3,1,2,1164
3668,333,objective_updated,254.2,1,0,1,1165
3669,333,objective_updated,453.47,2,1,0,1165
3670,333,objective_updated,584.86,2,0,1,1165
3671,333,objective_updated,787.58,2,1,2,1165
3672,333,objective_updated,87.96,1,0,1,1166
3673,333,objective_updated,338.76,1,1,2,1166
3674,333,objective_updated,509.86,1,2,3,1166
3675,333,objective_updated,509.88,2,3,0,1166
3676,333,objective_updated,658.47,2,0,1,1166
3677,333,objective_updated,904.95,2,1,2,1166
3678,333,objective_updated,128.73,2,0,2,1168
3679,333,objective_updated,304,3,2,3,1168
3680,333,objective_updated,524.15,4,3,1,1168
3681,333,objective_updated,756.45,5,1,4,1168
3682,334,objective_updated,0,1,0,1,1169
3683,334,objective_updated,182.86,2,1,0,1169
3684,334,objective_updated,254.24,1,0,1,1170
3685,334,objective_updated,398.13,1,1,2,1170
3686,334,objective_updated,469.57,1,2,3,1170
3687,334,objective_updated,469.58,2,3,0,1170
3688,334,objective_updated,434.13,2,0,1,1171
3689,337,objective_updated,0,1,0,1,1173
3690,337,objective_updated,231.35,2,1,0,1173
3691,337,objective_updated,541.76,3,0,2,1173
3692,337,objective_updated,310.37,2,0,1,1174
3693,337,objective_updated,540.66,2,1,2,1174
3694,337,objective_updated,112.28,2,0,1,1175
3695,337,objective_updated,226.72,3,1,2,1175
3696,337,objective_updated,412.82,4,2,4,1175
3697,337,objective_updated,641.7,5,4,3,1175
3698,337,objective_updated,850.66,6,3,1,1175
3699,337,objective_updated,93.31,1,0,1,1176
3700,337,objective_updated,425.19,2,1,0,1176
3701,338,objective_updated,260.12,2,0,1,1178
3702,338,objective_updated,538.41,3,1,2,1178
3703,338,objective_updated,328.69,2,0,1,1179
3704,338,objective_updated,460.09,2,1,2,1179
3705,338,objective_updated,666.62,2,2,3,1179
3706,338,objective_updated,92.89,1,0,1,1180
3707,338,objective_updated,390.18,2,1,0,1180
3708,338,objective_updated,449.17,2,0,1,1180
3709,338,objective_updated,628.34,2,1,2,1180
3710,338,objective_updated,856.5,2,2,3,1180
3711,338,objective_updated,196.79,2,0,2,1182
3712,338,objective_updated,340.76,3,2,4,1182
3713,338,objective_updated,472.58,4,4,1,1182
3714,338,objective_updated,654.31,5,1,3,1182
3715,338,objective_updated,797.75,6,3,4,1182
3716,338,objective_updated,253.47,2,0,1,1183
3717,338,objective_updated,492.01,3,1,2,1183
3726,339,objective_updated,0,1,0,1,1189
3727,339,objective_updated,236.68,2,1,2,1189
3728,339,objective_updated,529.86,3,2,0,1189
3741,340,objective_updated,0,1,0,2,1195
3742,340,objective_updated,255.26,2,2,0,1195
3743,340,objective_updated,555.59,3,0,1,1195
3744,340,objective_updated,92.73,1,0,1,1196
3745,340,objective_updated,373.12,1,1,2,1196
3746,340,objective_updated,471.41,1,2,3,1196
3747,340,objective_updated,471.41,2,3,0,1196
3748,340,objective_updated,555.39,2,0,1,1196
3749,340,objective_updated,906.24,2,1,2,1196
3750,340,objective_updated,1011.27,2,2,3,1196
3751,340,objective_updated,155.49,2,0,4,1197
3752,340,objective_updated,389.76,3,4,2,1197
3753,340,objective_updated,569.53,4,2,1,1197
3754,340,objective_updated,779.06,5,1,3,1197
3755,340,objective_updated,945.4,6,3,2,1197
3756,340,objective_updated,192.02,1,0,1,1198
3757,340,objective_updated,270.4,1,1,2,1198
3758,340,objective_updated,419.11,1,2,3,1198
3759,340,objective_updated,419.11,2,3,0,1198
3760,340,objective_updated,621.1,2,0,1,1198
3761,340,objective_updated,798.88,2,1,2,1198
3762,342,objective_updated,0,1,0,2,1200
3763,342,objective_updated,205.95,2,2,1,1200
3764,342,objective_updated,393.39,3,1,0,1200
3765,343,objective_updated,0,1,0,1,1201
3766,343,objective_updated,157.86,2,1,0,1201
3767,343,objective_updated,343.89,3,0,2,1201
3773,344,objective_updated,242.3,1,0,1,1204
3774,344,objective_updated,478.26,2,1,0,1204
3775,344,objective_updated,540.74,2,0,1,1204
3776,344,objective_updated,672.7,2,1,2,1204
3777,344,objective_updated,757.6,2,2,3,1204
3797,345,objective_updated,327.17,2,0,1,1212
3798,345,objective_updated,399.69,2,1,2,1212
3799,345,objective_updated,475.19,2,2,3,1212
3803,345,objective_updated,113.64,2,0,3,1214
3804,345,objective_updated,290.86,3,3,1,1214
3805,345,objective_updated,425.83,4,1,2,1214
3806,345,objective_updated,576.54,5,2,4,1214
3807,345,objective_updated,0,1,0,1,1215
3808,345,objective_updated,264.4,2,1,0,1215
3809,345,objective_updated,454.72,3,0,2,1215
3815,342,objective_updated,358.66,2,0,1,1217
3816,342,objective_updated,454.08,2,1,2,1217
3817,342,objective_updated,358.66,2,0,1,1218
3818,342,objective_updated,454.08,2,1,2,1218
3819,342,objective_updated,199.69,1,0,1,1220
3820,342,objective_updated,389.45,1,1,2,1220
3821,342,objective_updated,522.12,2,2,0,1220
3822,342,objective_updated,665.33,2,0,1,1220
3823,342,objective_updated,898.33,2,1,2,1220
3848,346,objective_updated,167.82,2,0,4,1229
3849,346,objective_updated,345.95,3,4,1,1229
3850,346,objective_updated,478.75,4,1,3,1229
3851,346,objective_updated,608.51,5,3,2,1229
3852,346,objective_updated,866.88,6,2,0,1229
3853,346,objective_updated,47.89,1,0,1,1230
3854,346,objective_updated,234.39,1,1,2,1230
3855,346,objective_updated,416.22,1,2,3,1230
3856,346,objective_updated,416.22,2,3,0,1230
3857,346,objective_updated,489.1,2,0,1,1230
3858,346,objective_updated,630.05,2,1,2,1230
3859,346,objective_updated,727.25,2,2,3,1230
3860,346,objective_updated,170.52,2,0,2,1232
3861,346,objective_updated,437.78,3,2,1,1232
3884,350,objective_updated,0,1,0,1,1248
3885,350,objective_updated,217.55,2,1,2,1248
3886,350,objective_updated,413.72,3,2,0,1248
3887,350,objective_updated,79.55,1,0,1,1249
3888,350,objective_updated,268.73,1,1,2,1249
3889,350,objective_updated,335.58,1,2,3,1249
3890,350,objective_updated,335.58,2,3,0,1249
3891,350,objective_updated,536.19,2,0,1,1249
3892,350,objective_updated,742.5,2,1,2,1249
3893,350,objective_updated,879.33,2,2,3,1249
3894,350,objective_updated,104.84,1,0,1,1250
3895,350,objective_updated,409.01,1,1,2,1250
3896,350,objective_updated,509.4,2,2,0,1250
3897,350,objective_updated,669.37,2,0,1,1250
3898,350,objective_updated,118.95,2,0,1,1252
3899,350,objective_updated,238.18,3,1,4,1252
3900,350,objective_updated,479.92,4,4,2,1252
3901,350,objective_updated,615.27,5,2,3,1252
3902,350,objective_updated,805.71,6,3,1,1252
3909,351,objective_updated,0,1,0,2,1255
3910,351,objective_updated,303.47,2,2,0,1255
3911,351,objective_updated,589.08,3,0,1,1255
3912,351,objective_updated,82.54,1,0,1,1256
3913,351,objective_updated,314.19,1,1,2,1256
3914,351,objective_updated,452.96,1,2,3,1256
3915,351,objective_updated,452.96,2,3,0,1256
3916,351,objective_updated,55.76,1,0,1,1257
3917,351,objective_updated,133.47,1,1,2,1257
3918,351,objective_updated,280.49,1,2,3,1257
3919,351,objective_updated,280.49,2,3,0,1257
3920,351,objective_updated,138.37,2,0,3,1259
3921,351,objective_updated,328.31,3,3,4,1259
3922,351,objective_updated,478.99,4,4,2,1259
3923,351,objective_updated,597.08,5,2,1,1259
3924,351,objective_updated,737.27,6,1,4,1259
3925,351,objective_updated,0,1,0,1,1260
3926,351,objective_updated,283.49,2,1,0,1260
3927,351,objective_updated,463.86,3,0,2,1260
3928,352,objective_updated,280.43,2,0,2,1261
3929,352,objective_updated,454.05,3,2,1,1261
3946,353,objective_updated,239.14,2,0,2,1270
3947,353,objective_updated,568.67,3,2,1,1270
3948,354,objective_updated,288.31,2,0,2,1271
3949,354,objective_updated,490.75,3,2,1,1271
3950,354,objective_updated,72.99,1,0,1,1272
3951,354,objective_updated,406.25,2,1,0,1272
3952,354,objective_updated,461.22,2,0,1,1272
3953,354,objective_updated,678.42,2,1,2,1272
3954,354,objective_updated,740.81,2,2,3,1272
3955,354,objective_updated,363.07,2,0,1,1274
3956,354,objective_updated,650.58,2,1,2,1274
3957,354,objective_updated,138.22,2,0,4,1275
3958,354,objective_updated,257.12,3,4,2,1275
3959,354,objective_updated,458.16,4,2,1,1275
3960,354,objective_updated,605.38,5,1,3,1275
3961,354,objective_updated,742.33,6,3,4,1275
3962,354,objective_updated,262.57,2,0,1,1276
3963,354,objective_updated,495.39,3,1,2,1276
4004,356,objective_updated,0,1,0,1,1287
4005,356,objective_updated,289.03,2,1,2,1287
4006,356,objective_updated,457.71,3,2,0,1287
4007,356,objective_updated,192.05,1,0,1,1288
4008,356,objective_updated,268.16,1,1,2,1288
4009,356,objective_updated,326.05,1,2,3,1288
4010,356,objective_updated,326.05,2,3,0,1288
4011,356,objective_updated,419.73,2,0,1,1288
4012,356,objective_updated,789.94,2,1,2,1288
4013,356,objective_updated,198.81,1,0,1,1290
4014,356,objective_updated,400.44,2,1,0,1290
4015,356,objective_updated,476.72,2,0,1,1290
4016,356,objective_updated,644.19,2,1,2,1290
4017,356,objective_updated,845.19,2,2,3,1290
4018,356,objective_updated,130.2,2,0,3,1291
4019,356,objective_updated,328.87,3,3,1,1291
4020,356,objective_updated,444.23,4,1,4,1291
4021,356,objective_updated,581.53,5,4,2,1291
4022,356,objective_updated,232.63,1,0,1,1292
4023,356,objective_updated,369.29,1,1,2,1292
4024,356,objective_updated,493.94,2,2,0,1292
4025,356,objective_updated,653.9,2,0,1,1292
4026,356,objective_updated,814.99,2,1,2,1292
4027,356,objective_updated,1000.35,2,2,3,1292
4028,357,objective_updated,422.53,2,0,1,1293
4029,357,objective_updated,587.03,2,1,2,1293
4030,357,objective_updated,762.02,2,2,3,1293
4031,358,objective_updated,422.53,2,0,1,1294
4032,358,objective_updated,587.03,2,1,2,1294
4033,358,objective_updated,762.02,2,2,3,1294
4034,359,objective_updated,422.53,2,0,1,1295
4035,359,objective_updated,587.03,2,1,2,1295
4036,359,objective_updated,762.02,2,2,3,1295
4037,360,objective_updated,422.53,2,0,1,1296
4038,360,objective_updated,587.03,2,1,2,1296
4039,360,objective_updated,762.02,2,2,3,1296
4040,361,objective_updated,142.75,2,0,4,1298
4041,361,objective_updated,258.43,3,4,3,1298
4042,361,objective_updated,443.51,4,3,2,1298
4043,361,objective_updated,677.04,5,2,1,1298
4044,361,objective_updated,422.53,2,0,1,1299
4045,361,objective_updated,587.03,2,1,2,1299
4046,361,objective_updated,762.02,2,2,3,1299
4050,362,objective_updated,224.1,2,0,2,1301
4051,362,objective_updated,469.06,3,2,1,1301
4054,362,objective_updated,77.29,1,0,1,1303
4055,362,objective_updated,173.29,1,1,2,1303
4056,362,objective_updated,338.54,1,2,3,1303
4057,362,objective_updated,338.54,2,3,0,1303
4058,362,objective_updated,438,2,0,1,1303
4059,362,objective_updated,627.32,2,1,2,1303
4063,375,objective_updated,44.82,1,0,1,1305
4064,375,objective_updated,288.24,1,1,2,1305
4065,375,objective_updated,473.45,1,2,3,1305
4066,375,objective_updated,473.45,2,3,0,1305
4067,375,objective_updated,517.4,2,0,1,1305
4068,375,objective_updated,689.86,2,1,2,1305
4069,375,objective_updated,934.88,2,2,3,1305
4070,375,objective_updated,173.93,1,0,1,1306
4071,375,objective_updated,255.97,1,1,2,1306
4072,375,objective_updated,480.21,2,2,0,1306
4082,376,objective_updated,65.1,1,0,1,1311
4083,376,objective_updated,390.16,2,1,0,1311
4084,376,objective_updated,496.3,2,0,1,1311
4085,376,objective_updated,139.9,1,0,1,1312
4086,376,objective_updated,225.01,1,1,2,1312
4087,376,objective_updated,499.78,1,2,3,1312
4088,376,objective_updated,499.78,2,3,0,1312
4089,376,objective_updated,573.45,2,0,1,1312
4090,376,objective_updated,723.35,2,1,2,1312
4091,376,objective_updated,943.95,2,2,3,1312
4092,376,objective_updated,943.97,3,3,0,1312
4093,376,objective_updated,172.33,1,0,1,1313
4094,376,objective_updated,253.02,1,1,2,1313
4095,376,objective_updated,446.69,1,2,3,1313
4096,376,objective_updated,446.69,2,3,0,1313
4097,376,objective_updated,516.19,2,0,1,1313
4098,376,objective_updated,728.88,2,1,2,1313
4099,376,objective_updated,950.27,2,2,3,1313
4100,376,objective_updated,0,1,0,2,1314
4101,376,objective_updated,248.51,2,2,1,1314
4102,376,objective_updated,574.71,3,1,0,1314
4103,377,objective_updated,0,1,0,2,1315
4104,377,objective_updated,276.25,2,2,1,1315
4105,377,objective_updated,537.17,3,1,0,1315
4106,377,objective_updated,105.96,1,0,1,1316
4107,377,objective_updated,258.51,1,1,2,1316
4108,377,objective_updated,384.88,1,2,3,1316
4109,377,objective_updated,384.88,2,3,0,1316
4110,377,objective_updated,499.89,2,0,1,1316
4111,377,objective_updated,639.23,2,1,2,1316
4146,379,objective_updated,246.07,1,0,1,
4147,379,objective_updated,401.18,2,1,0,
4148,379,objective_updated,504.31,2,0,1,
4149,379,objective_updated,630.59,2,1,2,
4150,379,objective_updated,798.72,2,2,3,
4151,378,objective_updated,141.09,2,0,4,
4152,378,objective_updated,295.47,3,4,3,
4153,378,objective_updated,461.65,4,3,1,
4154,378,objective_updated,576.03,5,1,2,
4155,378,objective_updated,780.02,6,2,3,
4156,378,objective_updated,184.34,1,0,1,1332
4157,378,objective_updated,451.41,2,1,0,1332
4158,378,objective_updated,589.8,2,0,1,1332
4159,378,objective_updated,752.14,2,1,2,1332
4160,378,objective_updated,892.13,2,2,3,1332
4161,378,objective_updated,0,1,0,1,1333
4162,378,objective_updated,161.53,2,1,2,1333
4163,378,objective_updated,453.9,3,2,0,1333
4170,381,objective_updated,190.88,1,0,1,1336
4171,381,objective_updated,315.9,1,1,2,1336
4172,381,objective_updated,454.18,1,2,3,1336
4173,381,objective_updated,454.18,2,3,0,1336
4174,381,objective_updated,217.76,2,0,3,1337
4175,381,objective_updated,368.51,3,3,1,1337
4176,381,objective_updated,589.59,4,1,2,1337
4177,381,objective_updated,768.08,5,2,4,1337
4178,381,objective_updated,987.27,6,4,2,1337
4184,381,objective_updated,211.34,1,0,1,1339
4185,381,objective_updated,416.01,2,1,0,1339
4186,381,objective_updated,511.81,2,0,1,1339
4187,381,objective_updated,776.69,2,1,2,1339
4188,381,objective_updated,208.55,1,0,1,1340
4189,381,objective_updated,395.19,2,1,0,1340
4190,381,objective_updated,669.67,2,0,1,1340
4191,381,objective_updated,250.27,2,0,2,1341
4192,381,objective_updated,545.14,3,2,1,1341
4193,383,objective_updated,297.91,2,0,1,1342
4194,383,objective_updated,500.93,3,1,2,1342
4198,383,objective_updated,123.29,2,0,3,1344
4199,383,objective_updated,321.79,3,3,4,1344
4200,383,objective_updated,440.12,4,4,1,1344
4201,383,objective_updated,602.89,5,1,2,1344
4202,383,objective_updated,259.42,1,0,1,1345
4203,383,objective_updated,418.61,2,1,0,1345
4204,383,objective_updated,518.53,2,0,1,1345
4205,383,objective_updated,612.24,2,1,2,1345
4206,383,objective_updated,751.87,2,2,3,1345
4221,385,objective_updated,85.58,1,0,1,1352
4222,385,objective_updated,327.65,1,1,2,1352
4223,385,objective_updated,485.82,2,2,0,1352
4224,385,objective_updated,697.03,2,0,1,1352
4225,385,objective_updated,853.1,2,1,2,1352
4226,385,objective_updated,1010.04,2,2,3,1352
4231,385,objective_updated,0,1,0,2,1355
4232,385,objective_updated,275.79,2,2,0,1355
4233,385,objective_updated,570.95,3,0,1,1355
4234,385,objective_updated,139.17,1,0,1,1356
4235,385,objective_updated,246.27,1,1,2,1356
4236,385,objective_updated,498.23,1,2,3,1356
4237,385,objective_updated,498.23,2,3,0,1356
4238,385,objective_updated,602.48,2,0,1,1356
4239,385,objective_updated,852.36,2,1,2,1356
4240,385,objective_updated,1002.44,2,2,3,1356
4241,385,objective_updated,1002.44,3,3,0,1356
4242,385,objective_updated,111.85,2,0,3,1358
4243,385,objective_updated,227.81,3,3,4,1358
4244,385,objective_updated,378.7,4,4,1,1358
4245,385,objective_updated,545.82,5,1,2,1358
4246,385,objective_updated,775.95,6,2,1,1358
4247,386,objective_updated,255.41,2,0,1,1359
4248,386,objective_updated,445.46,3,1,2,1359
4249,386,objective_updated,45.57,1,0,1,1360
4250,386,objective_updated,172.27,1,1,2,1360
4251,386,objective_updated,389.05,1,2,3,1360
4252,386,objective_updated,389.05,2,3,0,1360
4253,386,objective_updated,462.6,2,0,1,1360
4254,386,objective_updated,91.55,1,0,1,1361
4255,386,objective_updated,194.77,1,1,2,1361
4256,386,objective_updated,369.8,1,2,3,1361
4257,386,objective_updated,369.81,2,3,0,1361
4258,386,objective_updated,478.64,2,0,1,1361
4259,386,objective_updated,717.17,2,1,2,1361
4260,386,objective_updated,781.01,2,2,3,1361
4261,386,objective_updated,0,1,0,2,1362
4262,386,objective_updated,304.67,2,2,1,1362
4263,386,objective_updated,538.02,3,1,0,1362
4264,386,objective_updated,200.36,2,0,4,1363
4265,386,objective_updated,347.04,3,4,3,1363
4266,386,objective_updated,480.3,4,3,1,1363
4267,386,objective_updated,596.65,5,1,2,1363
4293,386,objective_updated,0,1,0,2,1372
4294,386,objective_updated,304.67,2,2,1,1372
4295,386,objective_updated,538.02,3,1,0,1372
4296,387,objective_updated,0,1,0,2,1373
4297,387,objective_updated,263.85,2,2,0,1373
4298,387,objective_updated,526.86,3,0,1,1373
4299,387,objective_updated,152.76,1,0,1,1374
4300,387,objective_updated,344.44,1,1,2,1374
4301,387,objective_updated,461.61,1,2,3,1374
4302,387,objective_updated,461.61,2,3,0,1374
4303,387,objective_updated,509.63,2,0,1,1374
4304,387,objective_updated,665.95,2,1,2,1374
4305,387,objective_updated,744.16,2,2,3,1374
4306,387,objective_updated,239.13,2,0,3,1375
4307,387,objective_updated,437.43,3,3,1,1375
4308,387,objective_updated,554.43,4,1,2,1375
4309,387,objective_updated,734.38,5,2,4,1375
4310,387,objective_updated,82.03,1,0,1,1376
4311,387,objective_updated,372.13,1,1,2,1376
4312,387,objective_updated,498.92,2,2,0,1376
4313,387,objective_updated,571.07,2,0,1,1376
4314,387,objective_updated,671.11,2,1,2,1376
4315,387,objective_updated,885.62,2,2,3,1376
4336,394,objective_updated,0,1,0,1,1386
4337,394,objective_updated,155.49,2,1,0,1386
4338,394,objective_updated,412.9,3,0,2,1386
4339,394,objective_updated,166.76,1,0,1,1387
4340,394,objective_updated,324,1,1,2,1387
4341,394,objective_updated,500.6,1,2,3,1387
4342,394,objective_updated,500.6,2,3,0,1387
4343,394,objective_updated,642.96,2,0,1,1387
4344,394,objective_updated,839.32,2,1,2,1387
4345,394,objective_updated,53.71,1,0,1,1388
4346,394,objective_updated,214.6,1,1,2,1388
4347,394,objective_updated,414.4,1,2,3,1388
4348,394,objective_updated,414.4,2,3,0,1388
4349,394,objective_updated,529.12,2,0,1,1388
4350,394,objective_updated,201.58,2,0,4,1389
4351,394,objective_updated,343.91,3,4,3,1389
4352,394,objective_updated,459.94,4,3,2,1389
4353,394,objective_updated,674.59,5,2,1,1389
4354,394,objective_updated,264.08,2,0,1,1391
4355,394,objective_updated,438.61,3,1,2,1391
4356,395,objective_updated,0,1,0,2,1392
4357,395,objective_updated,173.15,2,2,1,1392
4358,395,objective_updated,461.19,3,1,0,1392
4359,395,objective_updated,158.05,1,0,1,1393
4360,395,objective_updated,309.33,1,1,2,1393
4361,395,objective_updated,399.62,1,2,3,1393
4362,395,objective_updated,399.62,2,3,0,1393
4363,395,objective_updated,77.39,1,0,1,1394
4364,395,objective_updated,220.38,1,1,2,1394
4365,395,objective_updated,436.85,1,2,3,1394
4366,395,objective_updated,436.85,2,3,0,1394
4367,395,objective_updated,543.8,2,0,1,1394
4368,395,objective_updated,656.61,2,1,2,1394
4369,395,objective_updated,749.38,2,2,3,1394
4370,395,objective_updated,136.4,2,0,3,1396
4371,395,objective_updated,332.52,3,3,4,1396
4372,395,objective_updated,504.94,4,4,2,1396
4373,395,objective_updated,762.95,5,2,1,1396
4374,395,objective_updated,208.87,2,0,2,1397
4375,395,objective_updated,485.42,3,2,1,1397
4376,388,objective_updated,0,1,0,1,1399
4377,388,objective_updated,155.49,2,1,0,1399
4378,388,objective_updated,412.9,3,0,2,1399
4379,388,objective_updated,166.76,1,0,1,1400
4380,388,objective_updated,324,1,1,2,1400
4381,388,objective_updated,500.6,1,2,3,1400
4382,388,objective_updated,500.6,2,3,0,1400
4383,388,objective_updated,642.96,2,0,1,1400
4384,388,objective_updated,839.32,2,1,2,1400
4385,388,objective_updated,53.71,1,0,1,1401
4386,388,objective_updated,214.6,1,1,2,1401
4387,388,objective_updated,414.4,1,2,3,1401
4388,388,objective_updated,414.4,2,3,0,1401
4389,388,objective_updated,529.12,2,0,1,1401
4390,388,objective_updated,201.58,2,0,4,1402
4391,388,objective_updated,343.91,3,4,3,1402
4392,388,objective_updated,459.94,4,3,2,1402
4393,388,objective_updated,674.59,5,2,1,1402
4394,396,objective_updated,0,1,0,1,1404
4395,396,objective_updated,223.17,2,1,0,1404
4396,396,objective_updated,421.8,3,0,2,1404
4397,396,objective_updated,340.49,2,0,1,1405
4398,396,objective_updated,532.96,2,1,2,1405
4399,396,objective_updated,704.35,2,2,3,1405
4400,396,objective_updated,118.51,2,0,3,1406
4401,396,objective_updated,300.18,3,3,4,1406
4402,396,objective_updated,507.53,4,4,2,1406
4403,396,objective_updated,714.45,5,2,1,1406
4404,396,objective_updated,843,6,1,4,1406
4405,398,objective_updated,0,1,0,2,1407
4406,398,objective_updated,164.2,2,2,1,1407
4407,398,objective_updated,409.1,3,1,0,1407
4411,398,objective_updated,118.57,2,0,1,1411
4412,398,objective_updated,248.7,3,1,2,1411
4413,398,objective_updated,461.88,4,2,4,1411
4414,398,objective_updated,626.04,5,4,3,1411
4415,398,objective_updated,113.98,1,0,1,1413
4416,398,objective_updated,420.51,1,1,2,1413
4417,398,objective_updated,593.9,2,2,0,1413
4418,398,objective_updated,666.47,2,0,1,1413
4419,398,objective_updated,849.44,2,1,2,1413
4420,402,objective_updated,299.1,2,0,1,1414
4421,402,objective_updated,496.26,3,1,2,1414
4422,402,objective_updated,76.56,1,0,1,1415
4423,402,objective_updated,161.46,1,1,2,1415
4424,402,objective_updated,488.36,2,2,0,1415
4425,402,objective_updated,586.92,2,0,1,1415
4426,402,objective_updated,714.93,2,1,2,1415
4427,402,objective_updated,887.51,2,2,3,1415
4428,402,objective_updated,65.33,1,0,1,1416
4429,402,objective_updated,161.66,1,1,2,1416
4430,402,objective_updated,283.55,1,2,3,1416
4431,402,objective_updated,283.55,2,3,0,1416
4432,402,objective_updated,514.83,2,0,1,1416
4433,402,objective_updated,256.7,2,0,2,1418
4434,402,objective_updated,391.9,3,2,3,1418
4435,402,objective_updated,537.83,4,3,4,1418
4436,402,objective_updated,677.27,5,4,1,1418
4437,402,objective_updated,864.32,6,1,3,1418
4438,402,objective_updated,0,1,0,2,1419
4439,402,objective_updated,322.38,2,2,1,1419
4440,402,objective_updated,538.66,3,1,0,1419
4447,404,objective_updated,126.06,1,0,1,1426
4448,404,objective_updated,303.14,1,1,2,1426
4449,404,objective_updated,461.08,1,2,3,1426
4450,404,objective_updated,461.08,2,3,0,1426
4451,404,objective_updated,691.51,2,0,1,1426
4464,405,objective_updated,0,1,0,2,1439
4465,405,objective_updated,238.69,2,2,0,1439
4466,405,objective_updated,533.89,3,0,1,1439
4467,408,objective_updated,0,1,0,2,1440
4468,408,objective_updated,215.4,2,2,0,1440
4469,408,objective_updated,458.59,3,0,1,1440
4470,408,objective_updated,48.14,1,0,1,1441
4471,408,objective_updated,156.02,1,1,2,1441
4472,408,objective_updated,239.93,1,2,3,1441
4473,408,objective_updated,239.94,2,3,0,1441
4474,408,objective_updated,480.12,2,0,1,1441
4475,408,objective_updated,143.82,2,0,1,1442
4476,408,objective_updated,327.51,3,1,3,1442
4477,408,objective_updated,494.8,4,3,2,1442
4478,408,objective_updated,637.41,5,2,4,1442
4479,408,objective_updated,753.57,6,4,1,1442
4485,408,objective_updated,143.82,2,0,1,1444
4486,408,objective_updated,327.51,3,1,3,1444
4487,408,objective_updated,494.8,4,3,2,1444
4488,408,objective_updated,637.41,5,2,4,1444
4489,408,objective_updated,753.57,6,4,1,1444
4490,408,objective_updated,106.07,1,0,1,1445
4491,408,objective_updated,306.51,1,1,2,1445
4492,408,objective_updated,427.1,1,2,3,1445
4493,408,objective_updated,427.12,2,3,0,1445
4494,408,objective_updated,298,2,0,2,1447
4495,408,objective_updated,529.59,3,2,1,1447
4496,410,objective_updated,0,1,0,1,1448
4497,410,objective_updated,154.2,2,1,0,1448
4498,410,objective_updated,479.11,3,0,2,1448
4499,410,objective_updated,135.61,1,0,1,1449
4500,410,objective_updated,299.29,1,1,2,1449
4501,410,objective_updated,393.72,1,2,3,1449
4502,410,objective_updated,393.72,2,3,0,1449
4503,410,objective_updated,485.45,2,0,1,1449
4504,410,objective_updated,600.16,2,1,2,1449
4505,410,objective_updated,741.01,2,2,3,1449
4519,411,objective_updated,0,1,0,1,1454
4520,411,objective_updated,154.2,2,1,0,1454
4521,411,objective_updated,479.11,3,0,2,1454
4535,411,objective_updated,135.61,1,0,1,1458
4536,411,objective_updated,299.29,1,1,2,1458
4537,411,objective_updated,393.72,1,2,3,1458
4538,411,objective_updated,393.72,2,3,0,1458
4539,411,objective_updated,485.45,2,0,1,1458
4540,411,objective_updated,600.16,2,1,2,1458
4541,411,objective_updated,741.01,2,2,3,1458
4542,411,objective_updated,157.75,2,0,3,1459
4543,411,objective_updated,371.03,3,3,4,1459
4544,411,objective_updated,523.5,4,4,1,1459
4545,411,objective_updated,671.58,5,1,2,1459
4546,411,objective_updated,830.04,6,2,3,1459
4547,411,objective_updated,55.58,1,0,1,1460
4548,411,objective_updated,296.79,1,1,2,1460
4549,411,objective_updated,426.3,1,2,3,1460
4550,411,objective_updated,426.3,2,3,0,1460
4551,411,objective_updated,475.36,2,0,1,1460
4552,411,objective_updated,871.67,2,1,2,1460
4589,415,objective_updated,178.62,1,0,1,1474
4590,415,objective_updated,407.02,2,1,0,1474
4591,415,objective_updated,497.81,2,0,1,1474
4592,415,objective_updated,703.25,2,1,2,1474
4593,415,objective_updated,347.35,2,0,1,1475
4594,415,objective_updated,482.75,2,1,2,1475
4595,415,objective_updated,612.15,2,2,3,1475
4596,415,objective_updated,165.27,2,0,4,1476
4597,415,objective_updated,350.57,3,4,1,1476
4598,415,objective_updated,508.91,4,1,3,1476
4599,415,objective_updated,637.19,5,3,2,1476
4600,415,objective_updated,797.13,6,2,0,1476
4601,415,objective_updated,231.28,2,0,2,1477
4602,415,objective_updated,564.34,3,2,1,1477
4603,415,objective_updated,152.95,1,0,1,1478
4604,415,objective_updated,341.58,1,1,2,1478
4605,415,objective_updated,553.14,2,2,0,1478
4606,415,objective_updated,853.97,2,0,1,1478
4607,415,objective_updated,979.47,2,1,2,1478
4608,415,objective_updated,1079.38,2,2,3,1478
4617,416,objective_updated,75.73,1,0,1,1482
4618,416,objective_updated,309.79,1,1,2,1482
4619,416,objective_updated,497.67,1,2,3,1482
4620,416,objective_updated,497.67,2,3,0,1482
4627,417,objective_updated,0,1,0,2,1485
4628,417,objective_updated,236.28,2,2,0,1485
4629,417,objective_updated,451.3,3,0,1,1485
4630,417,objective_updated,54.91,1,0,1,1486
4631,417,objective_updated,236.53,1,1,2,1486
4632,417,objective_updated,285.96,1,2,3,1486
4633,417,objective_updated,285.98,2,3,0,1486
4634,417,objective_updated,392.57,2,0,1,1486
4638,417,objective_updated,233.94,2,0,2,1488
4639,417,objective_updated,528.71,3,2,1,1488
4640,417,objective_updated,90.6,1,0,1,1489
4641,417,objective_updated,214.09,1,1,2,1489
4642,417,objective_updated,369.38,1,2,3,1489
4643,417,objective_updated,369.38,2,3,0,1489
4644,417,objective_updated,519.61,2,0,1,1489
4645,417,objective_updated,707.67,2,1,2,1489
4646,417,objective_updated,860.35,2,2,3,1489
4647,417,objective_updated,860.35,3,3,0,1489
4648,418,objective_updated,253.16,2,0,2,1490
4649,418,objective_updated,479.41,3,2,1,1490
4650,418,objective_updated,274.43,1,0,1,1491
4651,418,objective_updated,424.51,2,1,0,1491
4652,418,objective_updated,488.42,2,0,1,1491
4653,418,objective_updated,597.37,2,1,2,1491
4654,418,objective_updated,927.51,2,2,3,1491
4655,418,objective_updated,81.42,1,0,1,1492
4656,418,objective_updated,395.14,2,1,0,1492
4657,418,objective_updated,490.3,2,0,1,1492
4658,418,objective_updated,681.94,2,1,2,1492
4659,418,objective_updated,878.8,2,2,3,1492
4660,418,objective_updated,122.09,2,0,2,1493
4661,418,objective_updated,266.01,3,2,3,1493
4662,418,objective_updated,391.19,4,3,1,1493
4663,418,objective_updated,570.64,5,1,4,1493
4664,418,objective_updated,785.72,6,4,1,1493
4665,419,objective_updated,0,1,0,1,1495
4666,419,objective_updated,174.96,2,1,2,1495
4667,419,objective_updated,502.12,3,2,0,1495
4668,419,objective_updated,127.85,1,0,1,1496
4669,419,objective_updated,331.96,1,1,2,1496
4670,419,objective_updated,497.01,1,2,3,1496
4671,419,objective_updated,497.01,2,3,0,1496
4672,419,objective_updated,225.7,2,0,1,1497
4673,419,objective_updated,391.1,3,1,2,1497
4674,419,objective_updated,521.8,4,2,3,1497
4675,419,objective_updated,649.88,5,3,4,1497
4676,419,objective_updated,847.82,6,4,1,1497
4677,419,objective_updated,53.85,1,0,1,1498
4678,419,objective_updated,186.93,1,1,2,1498
4679,419,objective_updated,271.25,1,2,3,1498
4680,419,objective_updated,271.25,2,3,0,1498
4681,419,objective_updated,469.37,2,0,1,1498
4682,419,objective_updated,686.65,2,1,2,1498
4683,419,objective_updated,797.11,2,2,3,1498
4684,419,objective_updated,243.11,2,0,2,1500
4685,419,objective_updated,484.87,3,2,1,1500
4686,420,objective_updated,154.55,2,0,2,1501
4687,420,objective_updated,415.15,3,2,1,1501
4688,420,objective_updated,59.26,1,0,1,1502
4689,420,objective_updated,127.3,1,1,2,1502
4690,420,objective_updated,269.98,1,2,3,1502
4691,420,objective_updated,270,2,3,0,1502
4692,420,objective_updated,427.92,2,0,1,1502
4693,420,objective_updated,248.14,1,0,1,1503
4694,420,objective_updated,347.37,1,1,2,1503
4695,420,objective_updated,457.81,1,2,3,1503
4696,420,objective_updated,457.81,2,3,0,1503
4697,420,objective_updated,540.28,2,0,1,1503
4698,420,objective_updated,751.73,2,1,2,1503
4699,420,objective_updated,808.26,2,2,3,1503
4700,420,objective_updated,110.06,2,0,4,1505
4701,420,objective_updated,237.64,3,4,3,1505
4702,420,objective_updated,396.68,4,3,2,1505
4703,420,objective_updated,606.46,5,2,1,1505
4704,420,objective_updated,749.54,6,1,4,1505
4705,420,objective_updated,0,1,0,2,1506
4706,420,objective_updated,216.05,2,2,1,1506
4707,420,objective_updated,553.31,3,1,0,1506
4708,420,objective_updated,0,1,0,2,1507
4709,420,objective_updated,216.05,2,2,1,1507
4710,420,objective_updated,553.31,3,1,0,1507
4711,421,objective_updated,0,1,0,2,1508
4712,421,objective_updated,173.16,2,2,0,1508
4713,421,objective_updated,493.44,3,0,1,1508
4714,421,objective_updated,118.57,1,0,1,1509
4715,421,objective_updated,294.42,1,1,2,1509
4716,421,objective_updated,490.88,2,2,0,1509
4717,421,objective_updated,578.45,2,0,1,1509
4718,421,objective_updated,849.55,2,1,2,1509
4719,421,objective_updated,73.92,1,0,1,1510
4720,421,objective_updated,225.39,1,1,2,1510
4721,421,objective_updated,323.64,1,2,3,1510
4722,421,objective_updated,323.66,2,3,0,1510
4723,421,objective_updated,389.99,2,0,1,1510
4724,421,objective_updated,541.83,2,1,2,1510
4725,421,objective_updated,738.79,2,2,3,1510
4726,421,objective_updated,213.32,2,0,4,1512
4727,421,objective_updated,358.91,3,4,1,1512
4728,421,objective_updated,589.44,4,1,2,1512
4729,421,objective_updated,734.82,5,2,3,1512
4730,421,objective_updated,0,1,0,1,1513
4731,421,objective_updated,299.28,2,1,2,1513
4732,421,objective_updated,517.01,3,2,0,1513
4733,422,objective_updated,0,1,0,2,1514
4734,422,objective_updated,167.75,2,2,1,1514
4735,422,objective_updated,354.55,3,1,0,1514
4745,423,objective_updated,0,1,0,2,1520
4746,423,objective_updated,312.9,2,2,0,1520
4747,423,objective_updated,472,3,0,1,1520
4748,423,objective_updated,139.21,1,0,1,1521
4749,423,objective_updated,228.47,1,1,2,1521
4750,423,objective_updated,315.35,1,2,3,1521
4751,423,objective_updated,315.36,2,3,0,1521
4752,423,objective_updated,399.24,2,0,1,1521
4753,423,objective_updated,462.9,2,1,2,1521
4758,423,objective_updated,161.62,1,0,1,1523
4759,423,objective_updated,390.16,2,1,0,1523
4760,423,objective_updated,488.75,2,0,1,1523
4761,423,objective_updated,0,1,0,2,1525
4762,423,objective_updated,324.54,2,2,1,1525
4763,423,objective_updated,652.66,3,1,0,1525
4764,425,objective_updated,305.41,2,0,2,1526
4765,425,objective_updated,522.34,3,2,1,1526
4766,425,objective_updated,186.66,1,0,1,1527
4767,425,objective_updated,413.41,2,1,0,1527
4768,425,objective_updated,590.69,2,0,1,1527
4769,425,objective_updated,768.81,2,1,2,1527
4770,426,objective_updated,86.32,1,0,1,1528
4771,426,objective_updated,291.81,1,1,2,1528
4772,426,objective_updated,485.55,2,2,0,1528
4778,426,objective_updated,133.39,1,0,1,1531
4779,426,objective_updated,411.14,1,1,2,1531
4780,426,objective_updated,517.36,1,2,3,1531
4781,426,objective_updated,517.38,2,3,0,1531
4787,426,objective_updated,0,1,0,1,1533
4788,426,objective_updated,307.38,2,1,2,1533
4789,426,objective_updated,509.62,3,2,0,1533
4790,426,objective_updated,63.13,1,0,1,1534
4791,426,objective_updated,181.63,1,1,2,1534
4792,426,objective_updated,283.42,1,2,3,1534
4793,426,objective_updated,283.44,2,3,0,1534
4794,426,objective_updated,489.93,2,0,1,1534
4795,427,objective_updated,0,1,0,2,1535
4796,427,objective_updated,330.51,2,2,1,1535
4797,427,objective_updated,530.4,3,1,0,1535
4798,427,objective_updated,351.64,2,0,1,1536
4799,427,objective_updated,455.6,2,1,2,1536
4800,427,objective_updated,150.23,1,0,1,1537
4801,427,objective_updated,274.91,1,1,2,1537
4802,427,objective_updated,501.99,1,2,3,1537
4803,427,objective_updated,501.99,2,3,0,1537
4804,427,objective_updated,625.62,2,0,1,1537
4805,427,objective_updated,892.42,2,1,2,1537
4832,426,objective_updated,0,1,0,1,1546
4833,426,objective_updated,307.38,2,1,2,1546
4834,426,objective_updated,509.62,3,2,0,1546
4835,429,objective_updated,169.29,2,0,2,1547
4836,429,objective_updated,342.87,3,2,1,1547
4837,429,objective_updated,114.23,2,0,2,1548
4838,429,objective_updated,244.92,3,2,1,1548
4839,429,objective_updated,373.09,4,1,3,1548
4840,429,objective_updated,508.66,5,3,4,1548
4841,429,objective_updated,669.37,6,4,2,1548
4842,429,objective_updated,91.1,1,0,1,1549
4843,429,objective_updated,262.32,1,1,2,1549
4844,429,objective_updated,580.49,1,2,3,1549
4845,429,objective_updated,580.49,2,3,0,1549
4846,429,objective_updated,683.69,2,0,1,1549
4847,429,objective_updated,778.72,2,1,2,1549
4848,429,objective_updated,933.4,2,2,3,1549
4849,429,objective_updated,933.4,3,3,0,1549
4850,429,objective_updated,184.66,1,0,1,1550
4851,429,objective_updated,390.15,2,1,0,1550
4852,429,objective_updated,484.07,2,0,1,1550
4853,429,objective_updated,718.33,2,1,2,1550
4854,429,objective_updated,889.95,2,2,3,1550
4855,430,objective_updated,0,1,0,1,1552
4856,430,objective_updated,335.84,2,1,0,1552
4857,430,objective_updated,536.14,3,0,2,1552
4858,430,objective_updated,80.32,1,0,1,1553
4859,430,objective_updated,357.16,1,1,2,1553
4860,430,objective_updated,512.95,2,2,0,1553
4861,430,objective_updated,769.13,2,0,1,1553
4867,430,objective_updated,144.32,2,0,2,1556
4868,430,objective_updated,275.72,3,2,3,1556
4869,430,objective_updated,414.77,4,3,4,1556
4870,430,objective_updated,590.45,5,4,1,1556
4871,430,objective_updated,228.19,2,0,1,1557
4872,430,objective_updated,422.1,3,1,2,1557
4873,431,objective_updated,307.72,2,0,1,1558
4874,431,objective_updated,619.85,3,1,2,1558
4875,431,objective_updated,159.08,1,0,1,1559
4876,431,objective_updated,413,2,1,0,1559
4877,431,objective_updated,561.41,2,0,1,1559
4878,431,objective_updated,147.18,1,0,1,1561
4879,431,objective_updated,282.49,1,1,2,1561
4880,431,objective_updated,403.13,1,2,3,1561
4881,431,objective_updated,403.15,2,3,0,1561
4882,431,objective_updated,138.97,2,0,4,1562
4883,431,objective_updated,274.76,3,4,3,1562
4884,431,objective_updated,464.8,4,3,2,1562
4885,431,objective_updated,616.97,5,2,1,1562
4886,431,objective_updated,138.97,2,0,4,1563
4887,431,objective_updated,274.76,3,4,3,1563
4888,431,objective_updated,464.8,4,3,2,1563
4889,431,objective_updated,616.97,5,2,1,1563
4890,431,objective_updated,138.97,2,0,4,1564
4891,431,objective_updated,274.76,3,4,3,1564
4892,431,objective_updated,464.8,4,3,2,1564
4893,431,objective_updated,616.97,5,2,1,1564
4896,432,objective_updated,0,1,0,1,1566
4897,432,objective_updated,283.48,2,1,0,1566
4898,432,objective_updated,529.26,3,0,2,1566
4913,432,objective_updated,123.48,2,0,2,1570
4914,432,objective_updated,311.03,3,2,4,1570
4915,432,objective_updated,513.45,4,4,3,1570
4916,432,objective_updated,639.14,5,3,1,1570
4917,432,objective_updated,0,1,0,1,1571
4918,432,objective_updated,333.04,2,1,0,1571
4919,432,objective_updated,551.51,3,0,2,1571
4920,433,objective_updated,0,1,0,2,1572
4921,433,objective_updated,197.45,2,2,0,1572
4922,433,objective_updated,359.79,3,0,1,1572
4923,433,objective_updated,129.15,1,0,1,1573
4924,433,objective_updated,225.7,1,1,2,1573
4925,433,objective_updated,459.54,1,2,3,1573
4926,433,objective_updated,459.54,2,3,0,1573
4927,433,objective_updated,671.19,2,0,1,1573
4928,433,objective_updated,57.93,1,0,1,1574
4929,433,objective_updated,136.35,1,1,2,1574
4930,433,objective_updated,344.98,1,2,3,1574
4931,433,objective_updated,344.98,2,3,0,1574
4932,433,objective_updated,555.91,2,0,1,1574
4933,433,objective_updated,765.31,2,1,2,1574
4934,433,objective_updated,119.39,2,0,2,1577
4935,433,objective_updated,258.08,3,2,4,1577
4936,433,objective_updated,476.7,4,4,3,1577
4937,433,objective_updated,635.49,5,3,1,1577
4938,433,objective_updated,828.72,6,1,2,1577
4939,434,objective_updated,0,1,0,1,1578
4940,434,objective_updated,333.04,2,1,0,1578
4941,434,objective_updated,551.51,3,0,2,1578
4942,434,objective_updated,123.48,2,0,2,1579
4943,434,objective_updated,311.03,3,2,4,1579
4944,434,objective_updated,513.45,4,4,3,1579
4945,434,objective_updated,639.14,5,3,1,1579
4946,434,objective_updated,55.02,1,0,1,1581
4947,434,objective_updated,180.38,1,1,2,1581
4948,434,objective_updated,269.93,1,2,3,1581
4949,434,objective_updated,269.95,2,3,0,1581
4950,434,objective_updated,439.35,2,0,1,1581
4951,434,objective_updated,601.41,2,1,2,1581
4952,434,objective_updated,759.02,2,2,3,1581
4953,434,objective_updated,137.61,1,0,1,1582
4954,434,objective_updated,239.97,1,1,2,1582
4955,434,objective_updated,453.87,1,2,3,1582
4956,434,objective_updated,453.87,2,3,0,1582
4957,434,objective_updated,521.87,2,0,1,1582
4958,434,objective_updated,627.79,2,1,2,1582
4959,434,objective_updated,883.78,2,2,3,1582
4965,435,objective_updated,154.84,1,0,1,1585
4966,435,objective_updated,399.59,2,1,0,1585
4967,435,objective_updated,0,1,0,1,1587
4968,435,objective_updated,337.1,2,1,0,1587
4969,435,objective_updated,543.38,3,0,2,1587
4970,435,objective_updated,173.82,1,0,1,1588
4971,435,objective_updated,313.49,1,1,2,1588
4972,435,objective_updated,397.78,1,2,3,1588
4973,435,objective_updated,397.78,2,3,0,1588
4974,435,objective_updated,569.54,2,0,1,1588
4975,436,objective_updated,238.33,2,0,2,1589
4976,436,objective_updated,509.96,3,2,1,1589
4977,436,objective_updated,336.49,2,0,1,1590
4978,436,objective_updated,421.36,2,1,2,1590
4979,436,objective_updated,595.01,2,2,3,1590
4980,436,objective_updated,154.48,2,0,4,1591
4981,436,objective_updated,345.96,3,4,3,1591
4982,436,objective_updated,464.83,4,3,2,1591
4983,436,objective_updated,665.02,5,2,1,1591
4984,436,objective_updated,154.48,2,0,4,1592
4985,436,objective_updated,345.96,3,4,3,1592
4986,436,objective_updated,464.83,4,3,2,1592
4987,436,objective_updated,665.02,5,2,1,1592
4988,436,objective_updated,193.83,1,0,1,1593
4989,436,objective_updated,349.68,1,1,2,1593
4990,436,objective_updated,494.63,2,2,0,1593
4991,436,objective_updated,571.27,2,0,1,1593
4992,436,objective_updated,723.01,2,1,2,1593
4993,436,objective_updated,837.54,2,2,3,1593
4994,436,objective_updated,0,1,0,2,1595
4995,436,objective_updated,253.07,2,2,0,1595
4996,436,objective_updated,423.88,3,0,1,1595
4997,436,objective_updated,325.37,2,0,1,1596
4998,436,objective_updated,452.05,2,1,2,1596
4999,436,objective_updated,682.76,2,2,3,1596
5003,436,objective_updated,154.48,2,0,4,1598
5004,436,objective_updated,345.96,3,4,3,1598
5005,436,objective_updated,464.83,4,3,2,1598
5006,436,objective_updated,665.02,5,2,1,1598
5007,436,objective_updated,154.48,2,0,4,1599
5008,436,objective_updated,345.96,3,4,3,1599
5009,436,objective_updated,464.83,4,3,2,1599
5010,436,objective_updated,665.02,5,2,1,1599
5011,437,objective_updated,0,1,0,2,1600
5012,437,objective_updated,261.04,2,2,1,1600
5013,437,objective_updated,587.61,3,1,0,1600
5014,437,objective_updated,111.5,1,0,1,1601
5015,437,objective_updated,321.31,1,1,2,1601
5016,437,objective_updated,490.9,2,2,0,1601
5017,437,objective_updated,117.85,1,0,1,1602
5018,437,objective_updated,415.87,2,1,0,1602
5019,437,objective_updated,610.29,2,0,1,1602
5020,437,objective_updated,112.79,2,0,1,1604
5021,437,objective_updated,308.67,3,1,3,1604
5022,437,objective_updated,426.21,4,3,2,1604
5023,437,objective_updated,641.28,5,2,4,1604
5024,437,objective_updated,839.17,6,4,0,1604
5025,437,objective_updated,0,1,0,1,1605
5026,437,objective_updated,187.79,2,1,0,1605
5027,437,objective_updated,450.32,3,0,2,1605
5028,437,objective_updated,0,1,0,1,1606
5029,437,objective_updated,187.79,2,1,0,1606
5030,437,objective_updated,450.32,3,0,2,1606
5031,438,objective_updated,292,2,0,1,1607
5032,438,objective_updated,642.86,3,1,2,1607
5033,438,objective_updated,474.01,2,0,1,1608
5034,438,objective_updated,691.77,2,1,2,1608
5035,438,objective_updated,817.77,2,2,3,1608
5036,438,objective_updated,231.35,1,0,1,1610
5037,438,objective_updated,337.84,1,1,2,1610
5038,438,objective_updated,491.38,1,2,3,1610
5039,438,objective_updated,491.38,2,3,0,1610
5040,438,objective_updated,665.58,2,0,1,1610
5041,438,objective_updated,727.08,2,1,2,1610
5042,438,objective_updated,944.8,2,2,3,1610
5044,438,objective_updated,231.35,1,0,1,1612
5045,438,objective_updated,337.84,1,1,2,1612
5046,438,objective_updated,491.38,1,2,3,1612
5047,438,objective_updated,491.38,2,3,0,1612
5048,438,objective_updated,665.58,2,0,1,1612
5049,438,objective_updated,727.08,2,1,2,1612
5050,438,objective_updated,944.8,2,2,3,1612
5051,438,objective_updated,231.35,1,0,1,1613
5052,438,objective_updated,337.84,1,1,2,1613
5053,438,objective_updated,491.38,1,2,3,1613
5054,438,objective_updated,491.38,2,3,0,1613
5055,438,objective_updated,665.58,2,0,1,1613
5056,438,objective_updated,727.08,2,1,2,1613
5057,438,objective_updated,944.8,2,2,3,1613
5058,438,objective_updated,106.73,2,0,3,1614
5059,438,objective_updated,235.86,3,3,1,1614
5060,438,objective_updated,363.57,4,1,2,1614
5061,438,objective_updated,559.95,5,2,4,1614
5062,438,objective_updated,234.68,2,0,2,1615
5063,438,objective_updated,474.23,3,2,1,1615
5064,444,objective_updated,186.26,2,0,2,1616
5065,444,objective_updated,439.04,3,2,1,1616
5066,444,objective_updated,254.36,1,0,1,1617
5067,444,objective_updated,367.27,1,1,2,1617
5068,444,objective_updated,506.35,2,2,0,1617
5069,444,objective_updated,654.5,2,0,1,1617
5070,444,objective_updated,764.71,2,1,2,1617
5071,444,objective_updated,828.04,2,2,3,1617
5079,445,objective_updated,0,1,0,1,1619
5080,445,objective_updated,280.46,2,1,2,1619
5081,445,objective_updated,564.44,3,2,0,1619
5082,446,objective_updated,0,1,0,1,1620
5083,446,objective_updated,280.46,2,1,2,1620
5084,446,objective_updated,564.44,3,2,0,1620
5085,447,objective_updated,0,1,0,1,1621
5086,447,objective_updated,280.46,2,1,2,1621
5087,447,objective_updated,564.44,3,2,0,1621
5088,448,objective_updated,135.9,2,0,3,1622
5089,448,objective_updated,264.59,3,3,1,1622
5090,448,objective_updated,408.28,4,1,4,1622
5091,448,objective_updated,533.2,5,4,2,1622
5092,448,objective_updated,753.38,6,2,0,1622
5098,448,objective_updated,0,1,0,1,1624
5099,448,objective_updated,280.46,2,1,2,1624
5100,448,objective_updated,564.44,3,2,0,1624
5101,448,objective_updated,0,1,0,1,1625
5102,448,objective_updated,280.46,2,1,2,1625
5103,448,objective_updated,564.44,3,2,0,1625
5104,448,objective_updated,0,1,0,1,1626
5105,448,objective_updated,280.46,2,1,2,1626
5106,448,objective_updated,564.44,3,2,0,1626
5107,448,objective_updated,125.23,1,0,1,1627
5108,448,objective_updated,219.53,1,1,2,1627
5109,448,objective_updated,404.4,1,2,3,1627
5110,448,objective_updated,404.4,2,3,0,1627
5111,448,objective_updated,129.18,1,0,1,1628
5112,448,objective_updated,304.85,1,1,2,1628
5113,448,objective_updated,487.93,1,2,3,1628
5114,448,objective_updated,487.93,2,3,0,1628
5115,448,objective_updated,541.51,2,0,1,1628
5116,449,objective_updated,0,1,0,1,1630
5117,449,objective_updated,334.6,2,1,0,1630
5118,449,objective_updated,613.2,3,0,2,1630
5119,450,objective_updated,0,1,0,1,1631
5120,450,objective_updated,334.6,2,1,0,1631
5121,450,objective_updated,613.2,3,0,2,1631
5122,451,objective_updated,0,1,0,1,1632
5123,451,objective_updated,334.6,2,1,0,1632
5124,451,objective_updated,613.2,3,0,2,1632
5125,452,objective_updated,0,1,0,1,1633
5126,452,objective_updated,334.6,2,1,0,1633
5127,452,objective_updated,613.2,3,0,2,1633
5128,452,objective_updated,267.35,1,0,1,1634
5129,452,objective_updated,441.09,2,1,0,1634
5130,452,objective_updated,526.23,2,0,1,1634
5131,452,objective_updated,637.86,2,1,2,1634
5132,452,objective_updated,806.57,2,2,3,1634
5133,452,objective_updated,47.63,1,0,1,1635
5134,452,objective_updated,143.15,1,1,2,1635
5135,452,objective_updated,281.67,1,2,3,1635
5136,452,objective_updated,281.67,2,3,0,1635
5137,452,objective_updated,395.19,2,0,1,1635
5138,452,objective_updated,572.84,2,1,2,1635
5139,452,objective_updated,718.14,2,2,3,1635
5140,453,objective_updated,0,1,0,2,1637
5141,453,objective_updated,263.71,2,2,1,1637
5142,453,objective_updated,498.61,3,1,0,1637
5143,453,objective_updated,450.41,2,0,1,1638
5144,453,objective_updated,518.18,2,1,2,1638
5145,453,objective_updated,650.43,2,2,3,1638
5146,453,objective_updated,236.1,2,0,2,1639
5147,453,objective_updated,365.92,3,2,1,1639
5148,453,objective_updated,529.45,4,1,3,1639
5149,453,objective_updated,665.35,5,3,4,1639
5150,453,objective_updated,833.21,6,4,1,1639
5151,453,objective_updated,340.38,2,0,1,1640
5152,453,objective_updated,462.53,2,1,2,1640
5153,453,objective_updated,567.48,2,2,3,1640
5154,453,objective_updated,160.98,2,0,1,1642
5155,453,objective_updated,434.81,3,1,2,1642
5156,453,objective_updated,362.2,2,0,1,1643
5157,453,objective_updated,496.37,2,1,2,1643
5158,452,objective_updated,144.34,2,0,2,1644
5159,452,objective_updated,304.77,3,2,1,1644
5160,452,objective_updated,444.41,4,1,3,1644
5161,452,objective_updated,610.51,5,3,4,1644
5162,452,objective_updated,858.34,6,4,2,1644
5177,454,objective_updated,204.07,2,0,4,1649
5178,454,objective_updated,389.93,3,4,3,1649
5179,454,objective_updated,546.25,4,3,2,1649
5180,454,objective_updated,741.09,5,2,1,1649
5181,454,objective_updated,977.47,6,1,0,1649
5182,454,objective_updated,0,1,0,1,1650
5183,454,objective_updated,186.16,2,1,2,1650
5184,454,objective_updated,472.69,3,2,0,1650
5185,455,objective_updated,0,1,0,2,1651
5186,455,objective_updated,281.11,2,2,1,1651
5187,455,objective_updated,479.06,3,1,0,1651
5188,455,objective_updated,100.31,1,0,1,1652
5189,455,objective_updated,419.09,2,1,0,1652
5190,455,objective_updated,513.15,2,0,1,1652
5191,455,objective_updated,585.85,2,1,2,1652
5192,455,objective_updated,129.59,1,0,1,1653
5193,455,objective_updated,263.74,1,1,2,1653
5194,455,objective_updated,495.92,1,2,3,1653
5195,455,objective_updated,495.92,2,3,0,1653
5196,455,objective_updated,589.72,2,0,1,1653
5197,455,objective_updated,728.5,2,1,2,1653
5198,455,objective_updated,773.84,2,2,3,1653
5199,455,objective_updated,117.83,2,0,2,1654
5200,455,objective_updated,306.58,3,2,1,1654
5201,455,objective_updated,499.74,4,1,3,1654
5202,455,objective_updated,691.03,5,3,4,1654
5203,455,objective_updated,805.94,6,4,1,1654
5207,456,objective_updated,215.56,1,0,1,1658
5208,456,objective_updated,318.27,1,1,2,1658
5209,456,objective_updated,501.76,2,2,0,1658
5210,456,objective_updated,628.32,2,0,1,1658
5211,456,objective_updated,751.26,2,1,2,1658
5212,456,objective_updated,1101.09,2,2,3,1658
5213,456,objective_updated,219.33,2,0,2,1659
5214,456,objective_updated,432.53,3,2,4,1659
5215,456,objective_updated,558.04,4,4,1,1659
5216,456,objective_updated,756.58,5,1,3,1659
5217,456,objective_updated,979.71,6,3,1,1659
5222,456,objective_updated,0,1,0,1,1662
5223,456,objective_updated,199.93,2,1,2,1662
5224,456,objective_updated,486.73,3,2,0,1662
5228,458,objective_updated,341.18,2,0,1,1664
5229,458,objective_updated,447.94,2,1,2,1664
5230,458,objective_updated,536.76,2,2,3,1664
5231,458,objective_updated,195.48,1,0,1,1665
5232,458,objective_updated,415.37,2,1,0,1665
5233,458,objective_updated,475.38,2,0,1,1665
5234,458,objective_updated,577.9,2,1,2,1665
5235,458,objective_updated,709.93,2,2,3,1665
5236,458,objective_updated,116.47,2,0,1,1666
5237,458,objective_updated,299.49,3,1,2,1666
5238,458,objective_updated,537.7,4,2,4,1666
5239,458,objective_updated,703.09,5,4,3,1666
5240,458,objective_updated,322.57,2,0,1,1667
5241,458,objective_updated,491.08,2,1,2,1667
5242,458,objective_updated,575.53,2,2,3,1667
5243,459,objective_updated,0,1,0,1,1674
5244,459,objective_updated,211.04,2,1,2,1674
5245,459,objective_updated,447.91,3,2,0,1674
5246,459,objective_updated,238.18,1,0,1,1675
5247,459,objective_updated,402.7,1,1,2,1675
5248,459,objective_updated,492.75,2,2,0,1675
5249,459,objective_updated,581.16,2,0,1,1675
5250,459,objective_updated,639.01,2,1,2,1675
5251,459,objective_updated,826.05,2,2,3,1675
5257,459,objective_updated,153.41,2,0,4,1678
5258,459,objective_updated,331.44,3,4,1,1678
5259,459,objective_updated,496.35,4,1,2,1678
5260,459,objective_updated,742.19,5,2,3,1678
5261,459,objective_updated,913.41,6,3,2,1678
5268,460,objective_updated,0,1,0,1,1682
5269,460,objective_updated,221.41,2,1,2,1682
5270,460,objective_updated,431.4,3,2,0,1682
5271,460,objective_updated,240.87,1,0,1,1683
5272,460,objective_updated,395.86,1,1,2,1683
5273,460,objective_updated,512.13,2,2,0,1683
5274,460,objective_updated,49.53,1,0,1,1684
5275,460,objective_updated,179.28,1,1,2,1684
5276,460,objective_updated,450.55,1,2,3,1684
5277,460,objective_updated,450.55,2,3,0,1684
5278,460,objective_updated,592.43,2,0,1,1684
5279,460,objective_updated,774.29,2,1,2,1684
5280,460,objective_updated,138.93,2,0,4,1686
5281,460,objective_updated,366.54,3,4,2,1686
5282,460,objective_updated,506.66,4,2,1,1686
5283,460,objective_updated,672.14,5,1,3,1686
5284,460,objective_updated,892.55,6,3,4,1686
5285,461,objective_updated,0,1,0,1,1687
5286,461,objective_updated,371.64,2,1,2,1687
5287,461,objective_updated,553.5,3,2,0,1687
5288,462,objective_updated,0,1,0,1,1688
5289,462,objective_updated,371.64,2,1,2,1688
5290,462,objective_updated,553.5,3,2,0,1688
5294,464,objective_updated,0,1,0,1,1690
5295,464,objective_updated,371.64,2,1,2,1690
5296,464,objective_updated,553.5,3,2,0,1690
5297,465,objective_updated,0,1,0,1,1691
5298,465,objective_updated,371.64,2,1,2,1691
5299,465,objective_updated,553.5,3,2,0,1691
5300,465,objective_updated,98.39,1,0,1,1692
5301,465,objective_updated,228.42,1,1,2,1692
5302,465,objective_updated,332.92,1,2,3,1692
5303,465,objective_updated,332.92,2,3,0,1692
5304,465,objective_updated,409.3,2,0,1,1692
5305,465,objective_updated,541.03,2,1,2,1692
5306,465,objective_updated,108.62,1,0,1,1693
5307,465,objective_updated,331.76,1,1,2,1693
5308,465,objective_updated,425.74,1,2,3,1693
5309,465,objective_updated,425.75,2,3,0,1693
5310,465,objective_updated,661.37,2,0,1,1693
5311,465,objective_updated,858.19,2,1,2,1693
5312,465,objective_updated,169.66,2,0,4,1694
5313,465,objective_updated,305.86,3,4,1,1694
5314,465,objective_updated,437.42,4,1,3,1694
5315,465,objective_updated,557.31,5,3,2,1694
5316,465,objective_updated,698.54,6,2,1,1694
5317,466,objective_updated,0,1,0,2,1695
5318,466,objective_updated,236.36,2,2,0,1695
5319,466,objective_updated,481.51,3,0,1,1695
5320,466,objective_updated,116.63,2,0,1,1697
5321,466,objective_updated,239.01,3,1,2,1697
5322,466,objective_updated,360.15,4,2,4,1697
5323,466,objective_updated,511.98,5,4,3,1697
5324,466,objective_updated,668.96,6,3,1,1697
5325,466,objective_updated,136.35,1,0,1,1698
5326,466,objective_updated,395.11,2,1,0,1698
5327,466,objective_updated,551.67,2,0,1,1698
5328,466,objective_updated,637.43,2,1,2,1698
5329,466,objective_updated,920.99,2,2,3,1698
5330,466,objective_updated,0,1,0,1,1700
5331,466,objective_updated,235.17,2,1,0,1700
5332,466,objective_updated,403.01,3,0,2,1700
5333,468,objective_updated,218.19,2,0,1,1701
5334,468,objective_updated,483.28,3,1,2,1701
5335,467,objective_updated,218.19,2,0,1,1702
5336,467,objective_updated,483.28,3,1,2,1702
5337,467,objective_updated,95.66,1,0,1,1703
5338,467,objective_updated,282.73,1,1,2,1703
5339,467,objective_updated,504.12,1,2,3,1703
5340,467,objective_updated,504.12,2,3,0,1703
5341,467,objective_updated,688.47,2,0,1,1703
5342,469,objective_updated,0,1,0,1,1704
5343,469,objective_updated,204.39,2,1,0,1704
5344,469,objective_updated,506.13,3,0,2,1704
5353,469,objective_updated,69.07,1,0,1,1707
5354,469,objective_updated,204.58,1,1,2,1707
5355,469,objective_updated,294.88,1,2,3,1707
5356,469,objective_updated,294.88,2,3,0,1707
5357,469,objective_updated,359.47,2,0,1,1707
5358,469,objective_updated,590.24,2,1,2,1707
5359,469,objective_updated,813.59,2,2,3,1707
5360,470,objective_updated,147.38,1,0,1,1708
5361,470,objective_updated,226.42,1,1,2,1708
5362,470,objective_updated,324.2,1,2,3,1708
5363,470,objective_updated,324.2,2,3,0,1708
5364,470,objective_updated,462.48,2,0,1,1708
5365,470,objective_updated,122.91,1,0,1,1709
5366,470,objective_updated,291.78,1,1,2,1709
5367,470,objective_updated,496.96,2,2,0,1709
5368,470,objective_updated,732.89,2,0,1,1709
5369,470,objective_updated,876.09,2,1,2,1709
5381,469,objective_updated,0,1,0,1,1714
5382,469,objective_updated,246.97,2,1,0,1714
5383,469,objective_updated,457.38,3,0,2,1714
5384,469,objective_updated,0,1,0,1,1715
5385,469,objective_updated,246.97,2,1,0,1715
5386,469,objective_updated,457.38,3,0,2,1715
5387,469,objective_updated,0,1,0,1,1716
5388,469,objective_updated,246.97,2,1,0,1716
5389,469,objective_updated,457.38,3,0,2,1716
5390,470,objective_updated,115.77,2,0,2,1718
5391,470,objective_updated,233.7,3,2,1,1718
5392,470,objective_updated,356.9,4,1,4,1718
5393,470,objective_updated,502.9,5,4,3,1718
5397,471,objective_updated,61.68,1,0,1,1720
5398,471,objective_updated,390.15,2,1,0,1720
5399,471,objective_updated,479.57,2,0,1,1720
5400,471,objective_updated,632.85,2,1,2,1720
5401,471,objective_updated,812.61,2,2,3,1720
5402,471,objective_updated,164.81,2,0,4,1721
5403,471,objective_updated,299.16,3,4,1,1721
5404,471,objective_updated,456.39,4,1,2,1721
5405,471,objective_updated,701.96,5,2,3,1721
5406,471,objective_updated,883.6,6,3,1,1721
5407,471,objective_updated,173.64,1,0,1,1722
5408,471,objective_updated,340.35,1,1,2,1722
5409,471,objective_updated,511.9,1,2,3,1722
5410,471,objective_updated,511.9,2,3,0,1722
5411,471,objective_updated,655.82,2,0,1,1722
5412,471,objective_updated,807.56,2,1,2,1722
5413,471,objective_updated,1011.96,2,2,3,1722
5414,471,objective_updated,0,1,0,2,1724
5415,471,objective_updated,260.54,2,2,1,1724
5416,471,objective_updated,443.1,3,1,0,1724
5417,472,objective_updated,224.08,2,0,1,1725
5418,472,objective_updated,542.26,3,1,2,1725
5429,472,objective_updated,218.69,2,0,4,1729
5430,472,objective_updated,424.32,3,4,1,1729
5431,472,objective_updated,645.6,4,1,3,1729
5432,472,objective_updated,850.32,5,3,2,1729
5433,472,objective_updated,218.69,2,0,4,1730
5434,472,objective_updated,424.32,3,4,1,1730
5435,472,objective_updated,645.6,4,1,3,1730
5436,472,objective_updated,850.32,5,3,2,1730
5437,472,objective_updated,203.03,1,0,1,1731
5438,472,objective_updated,358.21,1,1,2,1731
5439,472,objective_updated,496.15,1,2,3,1731
5440,472,objective_updated,496.17,2,3,0,1731
5441,472,objective_updated,700.47,2,0,1,1731
5442,474,objective_updated,213.36,1,0,1,1733
5443,474,objective_updated,432.1,1,1,2,1733
5444,474,objective_updated,474.62,1,2,3,1733
5445,474,objective_updated,474.64,2,3,0,1733
5446,474,objective_updated,632.97,2,0,1,1733
5447,474,objective_updated,846.29,2,1,2,1733
5448,474,objective_updated,969.85,2,2,3,1733
5449,477,objective_updated,240.3,2,0,1,1736
5450,477,objective_updated,508.76,3,1,2,1736
5451,477,objective_updated,84.46,1,0,1,1737
5452,477,objective_updated,299.04,1,1,2,1737
5453,477,objective_updated,373.11,1,2,3,1737
5454,477,objective_updated,373.11,2,3,0,1737
5462,478,objective_updated,72.22,1,0,1,1741
5463,478,objective_updated,328.38,1,1,2,1741
5464,478,objective_updated,480.22,2,2,0,1741
5465,478,objective_updated,578.08,2,0,1,1741
5466,478,objective_updated,854.84,2,1,2,1741
5485,480,objective_updated,0,1,0,1,1748
5486,480,objective_updated,302.02,2,1,0,1748
5487,480,objective_updated,612.85,3,0,2,1748
5498,480,objective_updated,0,1,0,1,1752
5499,480,objective_updated,320.3,2,1,0,1752
5500,480,objective_updated,552.94,3,0,2,1752
5501,481,objective_updated,0,1,0,1,1754
5502,481,objective_updated,173.08,2,1,0,1754
5503,481,objective_updated,470,3,0,2,1754
5504,481,objective_updated,157.77,1,0,1,1755
5505,481,objective_updated,420.54,2,1,0,1755
5506,481,objective_updated,637.98,2,0,1,1755
5507,481,objective_updated,818.26,2,1,2,1755
5508,481,objective_updated,197.96,1,0,1,1756
5509,481,objective_updated,407.92,2,1,0,1756
5510,481,objective_updated,502.41,2,0,1,1756
5511,481,objective_updated,656.11,2,1,2,1756
5512,481,objective_updated,805.69,2,2,3,1756
5513,481,objective_updated,178.51,2,0,3,1757
5514,481,objective_updated,352.06,3,3,4,1757
5515,481,objective_updated,468.29,4,4,1,1757
5516,481,objective_updated,634.14,5,1,2,1757
5517,481,objective_updated,860.99,6,2,4,1757
5518,481,objective_updated,0,1,0,1,1759
5519,481,objective_updated,331.48,2,1,2,1759
5520,481,objective_updated,643.48,3,2,0,1759
5521,482,objective_updated,0,1,0,1,1760
5522,482,objective_updated,236.85,2,1,0,1760
5523,482,objective_updated,509.05,3,0,2,1760
5524,481,objective_updated,197.96,1,0,1,1763
5525,481,objective_updated,407.92,2,1,0,1763
5526,481,objective_updated,502.41,2,0,1,1763
5527,481,objective_updated,656.11,2,1,2,1763
5528,481,objective_updated,805.69,2,2,3,1763
5554,482,objective_updated,94.68,1,0,1,1771
5555,482,objective_updated,420.86,2,1,0,1771
5556,482,objective_updated,521.04,2,0,1,1771
5557,482,objective_updated,645.51,2,1,2,1771
5558,482,objective_updated,810.17,2,2,3,1771
5559,482,objective_updated,139.13,1,0,1,1772
5560,482,objective_updated,298.2,1,1,2,1772
5561,482,objective_updated,506.6,1,2,3,1772
5562,482,objective_updated,506.6,2,3,0,1772
5563,482,objective_updated,570.97,2,0,1,1772
5564,482,objective_updated,696.53,2,1,2,1772
5565,482,objective_updated,837.86,2,2,3,1772
5566,482,objective_updated,139.18,2,0,1,1774
5567,482,objective_updated,254.32,3,1,4,1774
5568,482,objective_updated,452.84,4,4,2,1774
5569,482,objective_updated,578.79,5,2,3,1774
5570,482,objective_updated,735.57,6,3,2,1774
5571,482,objective_updated,171.42,2,0,1,1775
5572,482,objective_updated,355.49,3,1,2,1775
5583,487,objective_updated,0,1,0,2,1780
5584,487,objective_updated,211.53,2,2,0,1780
5585,487,objective_updated,508.71,3,0,1,1780
5597,487,objective_updated,199.01,2,0,4,1784
5598,487,objective_updated,393.59,3,4,1,1784
5599,487,objective_updated,510.06,4,1,2,1784
5600,487,objective_updated,667.03,5,2,3,1784
5601,487,objective_updated,880.69,6,3,0,1784
5630,490,objective_updated,287.49,2,0,2,1793
5631,490,objective_updated,456.82,3,2,1,1793
5632,490,objective_updated,238.81,1,0,1,1794
5633,490,objective_updated,407.27,1,1,2,1794
5634,490,objective_updated,497.31,2,2,0,1794
5635,490,objective_updated,125.15,2,0,2,1795
5636,490,objective_updated,243.66,3,2,4,1795
5637,490,objective_updated,392.37,4,4,1,1795
5638,490,objective_updated,627.25,5,1,3,1795
5639,490,objective_updated,828.9,6,3,0,1795
5640,490,objective_updated,169.11,1,0,1,1796
5641,490,objective_updated,257.2,1,1,2,1796
5642,490,objective_updated,346.2,1,2,3,1796
5643,490,objective_updated,346.2,2,3,0,1796
5644,490,objective_updated,449.61,2,0,1,1796
5645,490,objective_updated,169.11,1,0,1,1797
5646,490,objective_updated,257.2,1,1,2,1797
5647,490,objective_updated,346.2,1,2,3,1797
5648,490,objective_updated,346.2,2,3,0,1797
5649,490,objective_updated,449.61,2,0,1,1797
5650,490,objective_updated,0,1,0,2,1799
5651,490,objective_updated,304.13,2,2,0,1799
5652,490,objective_updated,520.96,3,0,1,1799
5653,488,objective_updated,66.54,1,0,1,1801
5654,488,objective_updated,419.97,1,1,2,1801
5655,488,objective_updated,536.56,2,2,0,1801
5656,488,objective_updated,736.82,2,0,1,1801
5657,488,objective_updated,857.68,2,1,2,1801
5658,488,objective_updated,1028.13,2,2,3,1801
5659,488,objective_updated,68.88,1,0,1,1802
5660,488,objective_updated,390.15,2,1,0,1802
5661,488,objective_updated,436.86,2,0,1,1802
5662,488,objective_updated,681.56,2,1,2,1802
5663,488,objective_updated,761.74,2,2,3,1802
5664,488,objective_updated,341.45,2,0,1,1803
5665,488,objective_updated,414.11,2,1,2,1803
5666,488,objective_updated,569.37,2,2,3,1803
5679,488,objective_updated,221.78,2,0,1,1810
5680,488,objective_updated,552.44,3,1,2,1810
5681,491,objective_updated,280.94,2,0,2,1811
5682,491,objective_updated,461.88,3,2,1,1811
5683,491,objective_updated,56.24,1,0,1,1812
5684,491,objective_updated,162.52,1,1,2,1812
5685,491,objective_updated,480.22,2,2,0,1812
5686,491,objective_updated,83.92,1,0,1,1813
5687,491,objective_updated,160.49,1,1,2,1813
5688,491,objective_updated,427.77,1,2,3,1813
5689,491,objective_updated,427.77,2,3,0,1813
5690,491,objective_updated,566.5,2,0,1,1813
5691,491,objective_updated,821.46,2,1,2,1813
5692,491,objective_updated,83.92,1,0,1,1814
5693,491,objective_updated,160.49,1,1,2,1814
5694,491,objective_updated,427.77,1,2,3,1814
5695,491,objective_updated,427.77,2,3,0,1814
5696,491,objective_updated,566.5,2,0,1,1814
5697,491,objective_updated,821.46,2,1,2,1814
5698,491,objective_updated,83.92,1,0,1,1815
5699,491,objective_updated,160.49,1,1,2,1815
5700,491,objective_updated,427.77,1,2,3,1815
5701,491,objective_updated,427.77,2,3,0,1815
5702,491,objective_updated,566.5,2,0,1,1815
5703,491,objective_updated,821.46,2,1,2,1815
5704,492,objective_updated,0,1,0,1,1816
5705,492,objective_updated,263.45,2,1,2,1816
5706,492,objective_updated,553.58,3,2,0,1816
5707,493,objective_updated,0,1,0,1,1817
5708,493,objective_updated,263.45,2,1,2,1817
5709,493,objective_updated,553.58,3,2,0,1817
5710,494,objective_updated,0,1,0,1,1818
5711,494,objective_updated,263.45,2,1,2,1818
5712,494,objective_updated,553.58,3,2,0,1818
5713,494,objective_updated,217.49,1,0,1,1819
5714,494,objective_updated,438.99,2,1,0,1819
5715,494,objective_updated,502.36,2,0,1,1819
5716,494,objective_updated,585.5,2,1,2,1819
5717,494,objective_updated,756.37,2,2,3,1819
5718,494,objective_updated,212.04,1,0,1,1820
5719,494,objective_updated,463.62,1,1,2,1820
5720,494,objective_updated,553.62,2,2,0,1820
5721,494,objective_updated,620.14,2,0,1,1820
5722,494,objective_updated,722.73,2,1,2,1820
5723,494,objective_updated,914.51,2,2,3,1820
5724,494,objective_updated,136.17,2,0,4,1822
5725,494,objective_updated,291.21,3,4,3,1822
5726,494,objective_updated,478.42,4,3,1,1822
5727,494,objective_updated,601.5,5,1,2,1822
5728,494,objective_updated,715.45,6,2,1,1822
5729,494,objective_updated,186.47,2,0,2,1823
5730,494,objective_updated,420.5,3,2,1,1823
5731,494,objective_updated,0,1,0,2,1824
5732,494,objective_updated,229.79,2,2,1,1824
5733,494,objective_updated,539.07,3,1,0,1824
5734,494,objective_updated,0,1,0,2,1825
5735,494,objective_updated,229.79,2,2,1,1825
5736,494,objective_updated,539.07,3,1,0,1825
5737,495,objective_updated,0,1,0,1,1826
5738,495,objective_updated,280.79,2,1,0,1826
5739,495,objective_updated,503.01,3,0,2,1826
5740,495,objective_updated,129.82,1,0,1,1827
5741,495,objective_updated,408.21,2,1,0,1827
5742,495,objective_updated,701.84,2,0,1,1827
5743,495,objective_updated,880.11,2,1,2,1827
5744,496,objective_updated,0,1,0,2,1828
5745,496,objective_updated,300.13,2,2,1,1828
5746,496,objective_updated,646.19,3,1,0,1828
5747,496,objective_updated,107.18,1,0,1,1829
5748,496,objective_updated,400.05,2,1,0,1829
5749,496,objective_updated,632.49,2,0,1,1829
5750,496,objective_updated,811.74,2,1,2,1829
5751,496,objective_updated,907.3,2,2,3,1829
5752,496,objective_updated,225.7,2,0,2,1830
5753,496,objective_updated,347.15,3,2,4,1830
5754,496,objective_updated,529.99,4,4,1,1830
5755,496,objective_updated,722.51,5,1,3,1830
5756,496,objective_updated,855.95,6,3,1,1830
5757,496,objective_updated,354.09,2,0,1,1831
5758,496,objective_updated,482.47,2,1,2,1831
5759,496,objective_updated,672.67,2,2,3,1831
5760,496,objective_updated,0,1,0,1,1833
5761,496,objective_updated,190.13,2,1,2,1833
5762,496,objective_updated,382.36,3,2,0,1833
5768,495,objective_updated,113.05,2,0,1,1836
5769,495,objective_updated,319.01,3,1,2,1836
5770,495,objective_updated,464.64,4,2,4,1836
5771,495,objective_updated,646.8,5,4,3,1836
5772,495,objective_updated,862.3,6,3,0,1836
5773,501,objective_updated,0,1,0,1,1837
5774,501,objective_updated,173.87,2,1,2,1837
5775,501,objective_updated,342.04,3,2,0,1837
5776,501,objective_updated,206.67,1,0,1,1838
5777,501,objective_updated,262.37,1,1,2,1838
5778,501,objective_updated,357.58,1,2,3,1838
5779,501,objective_updated,357.58,2,3,0,1838
5780,501,objective_updated,448.83,2,0,1,1839
5781,501,objective_updated,104.48,2,0,4,1841
5782,501,objective_updated,295.83,3,4,2,1841
5783,501,objective_updated,523.84,4,2,3,1841
5784,501,objective_updated,649.37,5,3,1,1841
5785,501,objective_updated,764.06,6,1,2,1841
5786,501,objective_updated,0,1,0,1,1842
5787,501,objective_updated,299.12,2,1,0,1842
5788,501,objective_updated,600.5,3,0,2,1842
5801,503,objective_updated,106.25,1,0,1,1850
5802,503,objective_updated,283.52,1,1,2,1850
5803,503,objective_updated,480.18,2,2,0,1850
5804,503,objective_updated,568.94,2,0,1,1850
5805,503,objective_updated,753.43,2,1,2,1850
5806,503,objective_updated,975.73,2,2,3,1850
5807,503,objective_updated,111.21,2,0,4,1851
5808,503,objective_updated,315.04,3,4,3,1851
5809,503,objective_updated,515.6,4,3,2,1851
5810,503,objective_updated,691.15,5,2,1,1851
5811,503,objective_updated,908.52,6,1,2,1851
5814,504,objective_updated,139.49,1,0,1,1853
5815,504,objective_updated,375.61,1,1,2,1853
5816,504,objective_updated,513.72,2,2,0,1853
5817,504,objective_updated,50.41,1,0,1,1854
5818,504,objective_updated,131.59,1,1,2,1854
5819,504,objective_updated,497.06,2,2,0,1854
5827,503,objective_updated,184.51,1,0,1,1858
5828,503,objective_updated,388.33,1,1,2,1858
5829,503,objective_updated,509.78,2,2,0,1858
5830,503,objective_updated,739.35,2,0,1,1858
5831,503,objective_updated,930.6,2,1,2,1858
5832,505,objective_updated,173.52,2,0,1,1859
5833,505,objective_updated,478.61,3,1,2,1859
5834,505,objective_updated,202.68,2,0,3,1860
5835,505,objective_updated,335.32,3,3,1,1860
5836,505,objective_updated,452.21,4,1,4,1860
5837,505,objective_updated,609.05,5,4,2,1860
5838,505,objective_updated,790.63,6,2,0,1860
5839,505,objective_updated,0,1,0,1,1862
5840,505,objective_updated,336.15,2,1,0,1862
5841,505,objective_updated,539.73,3,0,2,1862
5842,505,objective_updated,0,1,0,1,1863
5843,505,objective_updated,336.15,2,1,0,1863
5844,505,objective_updated,539.73,3,0,2,1863
5845,505,objective_updated,0,1,0,1,1864
5846,505,objective_updated,336.15,2,1,0,1864
5847,505,objective_updated,539.73,3,0,2,1864
5848,506,objective_updated,0,1,0,2,1865
5849,506,objective_updated,271.35,2,2,0,1865
5850,506,objective_updated,565.55,3,0,1,1865
5862,507,objective_updated,127.21,2,0,4,1870
5863,507,objective_updated,288.05,3,4,2,1870
5864,507,objective_updated,430.62,4,2,3,1870
5865,507,objective_updated,640.75,5,3,1,1870
5866,507,objective_updated,79.05,1,0,1,1871
5867,507,objective_updated,162.84,1,1,2,1871
5868,507,objective_updated,319.64,1,2,3,1871
5869,507,objective_updated,319.64,2,3,0,1871
5870,507,objective_updated,371.11,2,0,1,1871
5890,507,objective_updated,0,1,0,1,1879
5891,507,objective_updated,166.55,2,1,2,1879
5892,507,objective_updated,495.05,3,2,0,1879
5893,505,objective_updated,130.63,1,0,1,1880
5894,505,objective_updated,307.89,1,1,2,1880
5895,505,objective_updated,419.86,1,2,3,1880
5896,505,objective_updated,419.86,2,3,0,1880
5897,505,objective_updated,674.45,2,0,1,1880
5898,505,objective_updated,92.67,1,0,1,1881
5899,505,objective_updated,169.96,1,1,2,1881
5900,505,objective_updated,247.99,1,2,3,1881
5901,505,objective_updated,247.99,2,3,0,1881
5902,505,objective_updated,409.49,2,0,1,1881
5903,505,objective_updated,624.59,2,1,2,1881
5904,509,objective_updated,0,1,0,2,1882
5905,509,objective_updated,289.89,2,2,1,1882
5906,509,objective_updated,601.73,3,1,0,1882
5912,509,objective_updated,128.63,2,0,1,1885
5913,509,objective_updated,307.67,3,1,3,1885
5914,509,objective_updated,429.37,4,3,2,1885
5915,509,objective_updated,657.38,5,2,4,1885
5964,514,objective_updated,178.65,2,0,1,1901
5965,514,objective_updated,373.06,3,1,4,1901
5966,514,objective_updated,516.02,4,4,3,1901
5967,514,objective_updated,643.26,5,3,2,1901
5968,514,objective_updated,797.85,6,2,4,1901
5983,515,objective_updated,0,1,0,1,1905
5984,515,objective_updated,211.2,2,1,2,1905
5985,515,objective_updated,413.07,3,2,0,1905
5991,515,objective_updated,178.97,2,0,3,1907
5992,515,objective_updated,307.24,3,3,2,1907
5993,515,objective_updated,531.28,4,2,1,1907
5994,515,objective_updated,731.43,5,1,4,1907
5995,515,objective_updated,916.22,6,4,2,1907
6002,515,objective_updated,172.96,1,0,1,1910
6003,515,objective_updated,421.17,2,1,0,1910
6004,515,objective_updated,501.16,2,0,1,1910
6005,515,objective_updated,0,1,0,1,1911
6006,515,objective_updated,273.27,2,1,2,1911
6007,515,objective_updated,487.06,3,2,0,1911
6008,516,objective_updated,0,1,0,2,1912
6009,516,objective_updated,233.56,2,2,1,1912
6010,516,objective_updated,532.49,3,1,0,1912
6022,516,objective_updated,0,1,0,2,1917
6023,516,objective_updated,344.78,2,2,0,1917
6024,516,objective_updated,657.8,3,0,1,1917
6025,516,objective_updated,113.05,1,0,1,1918
6026,516,objective_updated,369.25,1,1,2,1918
6027,516,objective_updated,529.19,2,2,0,1918
6028,516,objective_updated,583.19,2,0,1,1918
6029,516,objective_updated,691.55,2,1,2,1918
6030,516,objective_updated,856.05,2,2,3,1918
6031,517,objective_updated,0,1,0,2,1919
6032,517,objective_updated,290.37,2,2,1,1919
6033,517,objective_updated,601.17,3,1,0,1919
6034,517,objective_updated,120.7,1,0,1,1920
6035,517,objective_updated,209.59,1,1,2,1920
6036,517,objective_updated,309.21,1,2,3,1920
6037,517,objective_updated,309.21,2,3,0,1920
6038,517,objective_updated,576.76,2,0,1,1920
6039,517,objective_updated,684.22,2,1,2,1920
6040,517,objective_updated,866.08,2,2,3,1920
6041,517,objective_updated,866.08,3,3,0,1920
6042,517,objective_updated,105.32,2,0,4,1921
6043,517,objective_updated,224.4,3,4,1,1921
6044,517,objective_updated,361.31,4,1,2,1921
6045,517,objective_updated,500.34,5,2,3,1921
6046,517,objective_updated,70.27,1,0,1,1922
6047,517,objective_updated,178.91,1,1,2,1922
6048,517,objective_updated,261.74,1,2,3,1922
6049,517,objective_updated,261.74,2,3,0,1922
6050,517,objective_updated,407.53,2,0,1,1922
6051,517,objective_updated,497.36,2,1,2,1922
6052,517,objective_updated,652.36,2,2,3,1922
6055,518,objective_updated,278.26,2,0,2,1925
6056,518,objective_updated,529.3,3,2,1,1925
6057,518,objective_updated,75.36,1,0,1,1926
6058,518,objective_updated,222.97,1,1,2,1926
6059,518,objective_updated,331.72,1,2,3,1926
6060,518,objective_updated,331.74,2,3,0,1926
6061,518,objective_updated,468.12,2,0,1,1926
6062,518,objective_updated,604.06,2,1,2,1926
6063,518,objective_updated,173.4,2,0,3,1927
6064,518,objective_updated,377.71,3,3,4,1927
6065,518,objective_updated,586.67,4,4,2,1927
6066,518,objective_updated,776.77,5,2,1,1927
6067,518,objective_updated,979.15,6,1,0,1927
6075,518,objective_updated,0,1,0,2,1930
6076,518,objective_updated,306.2,2,2,0,1930
6077,518,objective_updated,596.71,3,0,1,1930
6078,519,objective_updated,167.08,2,0,1,1931
6079,519,objective_updated,388.71,3,1,2,1931
6103,519,objective_updated,107.23,1,0,1,1939
6104,519,objective_updated,306.64,1,1,2,1939
6105,519,objective_updated,492.84,2,2,0,1939
6106,519,objective_updated,776.61,2,0,1,1939
6113,522,objective_updated,0,1,0,2,1942
6114,522,objective_updated,223.82,2,2,1,1942
6115,522,objective_updated,524.65,3,1,0,1942
6116,522,objective_updated,409.87,2,0,1,1943
6117,522,objective_updated,173.23,2,0,2,1944
6118,522,objective_updated,369.08,3,2,4,1944
6119,522,objective_updated,532.05,4,4,1,1944
6120,522,objective_updated,685.49,5,1,3,1944
6121,522,objective_updated,868.06,6,3,1,1944
6122,522,objective_updated,294.9,2,0,1,1945
6123,522,objective_updated,406.35,2,1,2,1945
6124,522,objective_updated,471.08,2,2,3,1945
6127,522,objective_updated,416,2,0,1,1949
6128,522,objective_updated,517.59,2,1,2,1949
6129,522,objective_updated,677.43,2,2,3,1949
6130,523,objective_updated,0,1,0,2,1950
6131,523,objective_updated,249.29,2,2,0,1950
6132,523,objective_updated,517.46,3,0,1,1950
6133,524,objective_updated,0,1,0,1,1951
6134,524,objective_updated,298.95,2,1,0,1951
6135,524,objective_updated,500.95,3,0,2,1951
6136,525,objective_updated,0,1,0,2,1952
6137,525,objective_updated,249.29,2,2,0,1952
6138,525,objective_updated,517.46,3,0,1,1952
6139,524,objective_updated,100.92,1,0,1,1953
6140,524,objective_updated,212.89,1,1,2,1953
6141,524,objective_updated,394.35,1,2,3,1953
6142,524,objective_updated,394.37,2,3,0,1953
6143,524,objective_updated,665.97,2,0,1,1953
6144,524,objective_updated,826.92,2,1,2,1953
6145,526,objective_updated,0,1,0,2,1954
6146,526,objective_updated,249.29,2,2,0,1954
6147,526,objective_updated,517.46,3,0,1,1954
6148,524,objective_updated,100.92,1,0,1,1955
6149,524,objective_updated,212.89,1,1,2,1955
6150,524,objective_updated,394.35,1,2,3,1955
6151,524,objective_updated,394.37,2,3,0,1955
6152,524,objective_updated,665.97,2,0,1,1955
6153,524,objective_updated,826.92,2,1,2,1955
6154,524,objective_updated,132.2,2,0,3,1956
6155,524,objective_updated,311.18,3,3,4,1956
6156,524,objective_updated,475.48,4,4,1,1956
6157,524,objective_updated,690.54,5,1,2,1956
6158,524,objective_updated,897.58,6,2,0,1956
6159,524,objective_updated,53.28,1,0,1,1957
6160,524,objective_updated,159.27,1,1,2,1957
6161,524,objective_updated,439.28,1,2,3,1957
6162,524,objective_updated,439.28,2,3,0,1957
6163,524,objective_updated,485.58,2,0,1,1957
6164,524,objective_updated,846.85,2,1,2,1957
6165,524,objective_updated,954.58,2,2,3,1957
6166,524,objective_updated,0,1,0,1,1959
6167,524,objective_updated,308.16,2,1,2,1959
6168,524,objective_updated,605.41,3,2,0,1959
6169,527,objective_updated,0,1,0,2,1960
6170,527,objective_updated,249.29,2,2,0,1960
6171,527,objective_updated,517.46,3,0,1,1960
6172,528,objective_updated,0,1,0,2,1961
6173,528,objective_updated,272.11,2,2,1,1961
6174,528,objective_updated,613.49,3,1,0,1961
6175,528,objective_updated,81.93,1,0,1,1962
6176,528,objective_updated,224.06,1,1,2,1962
6177,528,objective_updated,416.12,1,2,3,1962
6178,528,objective_updated,416.12,2,3,0,1962
6179,528,objective_updated,81.93,1,0,1,1963
6180,528,objective_updated,224.06,1,1,2,1963
6181,528,objective_updated,416.12,1,2,3,1963
6182,528,objective_updated,416.12,2,3,0,1963
6183,528,objective_updated,183.81,2,0,1,1964
6184,528,objective_updated,387.1,3,1,4,1964
6185,528,objective_updated,514.79,4,4,3,1964
6186,528,objective_updated,725.47,5,3,2,1964
6187,528,objective_updated,54.22,1,0,1,1965
6188,528,objective_updated,184.18,1,1,2,1965
6189,528,objective_updated,500.23,1,2,3,1965
6190,528,objective_updated,500.23,2,3,0,1965
6191,528,objective_updated,622.82,2,0,1,1965
6192,528,objective_updated,703.66,2,1,2,1965
6193,528,objective_updated,979.89,2,2,3,1965
6194,528,objective_updated,320.03,2,0,2,1967
6195,528,objective_updated,504.17,3,2,1,1967
6196,528,objective_updated,143.45,1,0,1,1968
6197,528,objective_updated,258,1,1,2,1968
6198,528,objective_updated,485.44,2,2,0,1968
6199,528,objective_updated,570.26,2,0,1,1968
6200,528,objective_updated,848.41,2,1,2,1968
6201,529,objective_updated,0,1,0,2,1969
6202,529,objective_updated,249.29,2,2,0,1969
6203,529,objective_updated,517.46,3,0,1,1969
6204,530,objective_updated,309.39,2,0,1,1970
6205,530,objective_updated,647.47,3,1,2,1970
6206,531,objective_updated,309.39,2,0,1,1971
6207,531,objective_updated,647.47,3,1,2,1971
6229,531,objective_updated,0,1,0,1,1978
6230,531,objective_updated,210.78,2,1,0,1978
6231,531,objective_updated,406.02,3,0,2,1978
6241,533,objective_updated,0,1,0,2,1982
6242,533,objective_updated,249.29,2,2,0,1982
6243,533,objective_updated,517.46,3,0,1,1982
6259,534,objective_updated,241.37,2,0,2,1987
6260,534,objective_updated,439.22,3,2,1,1987
6261,534,objective_updated,275.57,1,0,1,1988
6262,534,objective_updated,414.96,1,1,2,1988
6263,534,objective_updated,500.32,1,2,3,1988
6264,534,objective_updated,500.32,2,3,0,1988
6265,534,objective_updated,668.64,2,0,1,1988
6266,534,objective_updated,934.04,2,1,2,1988
6267,534,objective_updated,275.57,1,0,1,1989
6268,534,objective_updated,414.96,1,1,2,1989
6269,534,objective_updated,500.32,1,2,3,1989
6270,534,objective_updated,500.32,2,3,0,1989
6271,534,objective_updated,668.64,2,0,1,1989
6272,534,objective_updated,934.04,2,1,2,1989
6282,535,objective_updated,275.57,1,0,1,1993
6283,535,objective_updated,414.96,1,1,2,1993
6284,535,objective_updated,500.32,1,2,3,1993
6285,535,objective_updated,500.32,2,3,0,1993
6286,535,objective_updated,668.64,2,0,1,1993
6287,535,objective_updated,934.04,2,1,2,1993
6288,535,objective_updated,270.89,1,0,1,1995
6289,535,objective_updated,449.13,2,1,0,1995
6290,535,objective_updated,522.41,2,0,1,1995
6291,535,objective_updated,700.76,2,1,2,1995
6292,535,objective_updated,773.9,2,2,3,1995
6293,535,objective_updated,139.41,2,0,2,1996
6294,535,objective_updated,324.99,3,2,4,1996
6295,535,objective_updated,554.17,4,4,3,1996
6296,535,objective_updated,692.37,5,3,1,1996
6297,535,objective_updated,241.37,2,0,2,1997
6298,535,objective_updated,439.22,3,2,1,1997
6299,536,objective_updated,0,1,0,1,1998
6300,536,objective_updated,356.54,2,1,0,1998
6301,536,objective_updated,568.5,3,0,2,1998
6302,536,objective_updated,79.66,1,0,1,2000
6303,536,objective_updated,172.44,1,1,2,2000
6304,536,objective_updated,413.13,1,2,3,2000
6305,536,objective_updated,413.13,2,3,0,2000
6306,536,objective_updated,491.33,2,0,1,2000
6307,536,objective_updated,610.41,2,1,2,2000
6325,537,objective_updated,182.51,1,0,1,2007
6326,537,objective_updated,402.36,1,1,2,2007
6327,537,objective_updated,491.21,1,2,3,2007
6328,537,objective_updated,491.21,2,3,0,2007
6329,537,objective_updated,574.85,2,0,1,2007
6330,537,objective_updated,128.36,2,0,2,2009
6331,537,objective_updated,267.29,3,2,4,2009
6332,537,objective_updated,480.23,4,4,1,2009
6333,537,objective_updated,660.61,5,1,3,2009
6334,537,objective_updated,924.05,6,3,0,2009
6335,538,objective_updated,278.73,2,0,1,2010
6336,538,objective_updated,546.31,3,1,2,2010
6337,538,objective_updated,153.36,1,0,1,2011
6338,538,objective_updated,319.03,1,1,2,2011
6339,538,objective_updated,499,1,2,3,2011
6340,538,objective_updated,499,2,3,0,2011
6341,538,objective_updated,645.6,2,0,1,2011
6342,538,objective_updated,834.41,2,1,2,2011
6343,538,objective_updated,1004.4,2,2,3,2011
6344,538,objective_updated,210.06,2,0,3,2012
6345,538,objective_updated,406.63,3,3,2,2012
6346,538,objective_updated,536.88,4,2,1,2012
6347,538,objective_updated,726.43,5,1,4,2012
6348,538,objective_updated,863.2,6,4,3,2012
6349,538,objective_updated,139.13,1,0,1,2013
6350,538,objective_updated,421.23,2,1,0,2013
6351,538,objective_updated,503.18,2,0,1,2013
6352,538,objective_updated,800.32,2,1,2,2013
6353,538,objective_updated,908.8,2,2,3,2013
6354,538,objective_updated,0,1,0,1,2015
6355,538,objective_updated,328.58,2,1,0,2015
6356,538,objective_updated,594.81,3,0,2,2015
6357,539,objective_updated,167.91,2,0,1,2016
6358,539,objective_updated,323.78,3,1,2,2016
6359,539,objective_updated,94.04,1,0,1,2017
6360,539,objective_updated,427.79,1,1,2,2017
6361,539,objective_updated,503.44,1,2,3,2017
6362,539,objective_updated,503.46,2,3,0,2017
6363,539,objective_updated,718.82,2,0,1,2017
6364,539,objective_updated,814.2,2,1,2,2017
6365,539,objective_updated,989.32,2,2,3,2017
6366,539,objective_updated,358.47,2,0,1,2018
6367,539,objective_updated,458.68,2,1,2,2018
6368,539,objective_updated,568.35,2,2,3,2018
6369,539,objective_updated,105.34,2,0,1,
6370,539,objective_updated,220.41,3,1,4,
6371,539,objective_updated,346.58,4,4,2,
6372,539,objective_updated,509.99,5,2,3,
6373,539,objective_updated,0,1,0,1,
6374,539,objective_updated,228.66,2,1,2,
6375,539,objective_updated,459.83,3,2,0,
6398,542,objective_updated,141.78,1,0,1,2028
6399,542,objective_updated,390.13,2,1,0,2028
6411,542,objective_updated,234.96,1,0,1,2031
6412,542,objective_updated,411.1,1,1,2,2031
6413,542,objective_updated,519.33,2,2,0,2031
6414,542,objective_updated,693.92,2,0,1,2031
6415,542,objective_updated,945.59,2,1,2,2031
6416,542,objective_updated,0,1,0,1,2032
6417,542,objective_updated,239.88,2,1,0,2032
6418,542,objective_updated,530.9,3,0,2,2032
6419,542,objective_updated,115.1,2,0,4,2033
6420,542,objective_updated,310.16,3,4,3,2033
6421,542,objective_updated,482.35,4,3,1,2033
6422,542,objective_updated,657.94,5,1,2,2033
6423,542,objective_updated,870.34,6,2,4,2033
6424,543,objective_updated,0,1,0,2,2034
6425,543,objective_updated,219.47,2,2,0,2034
6426,543,objective_updated,469.37,3,0,1,2034
6427,543,objective_updated,150.67,1,0,1,2035
6428,543,objective_updated,418.94,2,1,0,2035
6429,543,objective_updated,546.74,2,0,1,2035
6430,543,objective_updated,671.79,2,1,2,2035
6431,543,objective_updated,867.19,2,2,3,2035
6432,543,objective_updated,111.96,1,0,1,2036
6433,543,objective_updated,390.17,2,1,0,2036
6434,543,objective_updated,547,2,0,1,2036
6454,544,objective_updated,0,1,0,1,2042
6455,544,objective_updated,266.97,2,1,2,2042
6456,544,objective_updated,528.29,3,2,0,2042
6457,544,objective_updated,184.74,1,0,1,2043
6458,544,objective_updated,395.15,2,1,0,2043
6459,544,objective_updated,569.5,2,0,1,2043
6460,544,objective_updated,729.41,2,1,2,2043
6461,544,objective_updated,898.29,2,2,3,2043
6462,544,objective_updated,196.45,2,0,1,2044
6463,544,objective_updated,414.69,3,1,2,2044
6464,544,objective_updated,605.69,4,2,4,2044
6465,544,objective_updated,831.69,5,4,3,2044
6466,544,objective_updated,995.97,6,3,0,2044
6467,544,objective_updated,0,1,0,2,2046
6468,544,objective_updated,200.34,2,2,1,2046
6469,544,objective_updated,441.24,3,1,0,2046
6470,545,objective_updated,131.31,1,0,1,2048
6471,545,objective_updated,314.22,1,1,2,2048
6472,545,objective_updated,551.46,1,2,3,2048
6473,545,objective_updated,551.46,2,3,0,2048
6474,545,objective_updated,601.7,2,0,1,2048
6475,545,objective_updated,750.39,2,1,2,2048
6476,545,objective_updated,167.87,2,0,2,2049
6477,545,objective_updated,358.27,3,2,3,2049
6478,545,objective_updated,616.28,4,3,4,2049
6479,545,objective_updated,783.26,5,4,1,2049
6480,545,objective_updated,85.82,1,0,1,2050
6481,545,objective_updated,224.5,1,1,2,2050
6482,545,objective_updated,432.66,1,2,3,2050
6483,545,objective_updated,432.66,2,3,0,2050
6484,545,objective_updated,572.07,2,0,1,2050
6485,545,objective_updated,843.31,2,1,2,2050
6486,545,objective_updated,196.87,2,0,1,2051
6487,545,objective_updated,500.57,3,1,2,2051
6488,547,objective_updated,0,1,0,2,2052
6489,547,objective_updated,209.74,2,2,0,2052
6490,547,objective_updated,583.33,3,0,1,2052
6491,547,objective_updated,329.64,2,0,1,2053
6492,547,objective_updated,491.57,2,1,2,2053
6493,547,objective_updated,684.28,2,2,3,2053
6494,547,objective_updated,147.95,2,0,1,2054
6495,547,objective_updated,266.44,3,1,4,2054
6496,547,objective_updated,480.89,4,4,3,2054
6497,547,objective_updated,668.86,5,3,2,2054
6498,547,objective_updated,824.81,6,2,0,2054
6499,547,objective_updated,122.79,1,0,1,2055
6500,547,objective_updated,240.53,1,1,2,2055
6501,547,objective_updated,502.02,2,2,0,2055
6502,547,objective_updated,549.07,2,0,1,2055
6503,547,objective_updated,705.77,2,1,2,2055
6504,547,objective_updated,790.34,2,2,3,2055
6505,548,objective_updated,0,1,0,1,2057
6506,548,objective_updated,239.43,2,1,0,2057
6507,548,objective_updated,508,3,0,2,2057
6508,548,objective_updated,202.7,1,0,1,2058
6509,548,objective_updated,315.67,1,1,2,2058
6510,548,objective_updated,418.85,1,2,3,2058
6511,548,objective_updated,418.85,2,3,0,2058
6512,548,objective_updated,179.9,1,0,1,2059
6513,548,objective_updated,281.64,1,1,2,2059
6514,548,objective_updated,363.74,1,2,3,2059
6515,548,objective_updated,363.76,2,3,0,2059
6516,548,objective_updated,450.9,2,0,1,2059
6517,548,objective_updated,707.01,2,1,2,2059
6518,548,objective_updated,119.53,2,0,1,2061
6519,548,objective_updated,259.28,3,1,2,2061
6520,548,objective_updated,458.02,4,2,4,2061
6521,548,objective_updated,593.53,5,4,3,2061
6522,548,objective_updated,0,1,0,2,2062
6523,548,objective_updated,176.72,2,2,0,2062
6524,548,objective_updated,475.11,3,0,1,2062
6525,547,objective_updated,0,1,0,2,2064
6526,547,objective_updated,231.84,2,2,0,2064
6527,547,objective_updated,450.38,3,0,1,2064
6528,549,objective_updated,0,1,0,1,2065
6529,549,objective_updated,275.43,2,1,0,2065
6530,549,objective_updated,598.11,3,0,2,2065
6531,549,objective_updated,127.42,1,0,1,2066
6532,549,objective_updated,417.52,2,1,0,2066
6533,549,objective_updated,670.89,2,0,1,2066
6534,549,objective_updated,835.25,2,1,2,2066
6535,549,objective_updated,183.55,2,0,2,2067
6536,549,objective_updated,391.27,3,2,3,2067
6537,549,objective_updated,608.14,4,3,4,2067
6538,549,objective_updated,813.93,5,4,1,2067
6539,549,objective_updated,939.93,6,1,3,2067
6540,549,objective_updated,76.09,1,0,1,2068
6541,549,objective_updated,356.19,1,1,2,2068
6542,549,objective_updated,531.62,2,2,0,2068
6543,549,objective_updated,729.48,2,0,1,2068
6553,551,objective_updated,138.59,1,0,1,2072
6554,551,objective_updated,261.7,1,1,2,2072
6555,551,objective_updated,501.45,2,2,0,2072
6556,551,objective_updated,627.83,2,0,1,2072
6557,551,objective_updated,188.19,2,0,4,2074
6558,551,objective_updated,414.06,3,4,2,2074
6559,551,objective_updated,611.63,4,2,1,2074
6560,551,objective_updated,852.72,5,1,3,2074
6561,551,objective_updated,0,1,0,1,2075
6562,551,objective_updated,193.64,2,1,0,2075
6563,551,objective_updated,366.49,3,0,2,2075
6565,554,objective_updated,244.22,2,0,2,2079
6568,554,objective_updated,102.86,1,0,1,2081
6569,554,objective_updated,201.86,1,1,2,2081
6570,554,objective_updated,491.53,1,2,3,2081
6571,554,objective_updated,491.54,2,3,0,2081
6572,554,objective_updated,693.29,2,0,1,2081
6573,554,objective_updated,783.01,2,1,2,2081
6574,554,objective_updated,957.12,2,2,3,2081
6575,554,objective_updated,957.14,3,3,0,2081
6585,555,objective_updated,0,1,0,2,2085
6586,555,objective_updated,185.06,2,2,0,2085
6587,555,objective_updated,354.38,3,0,1,2085
6595,556,objective_updated,0,1,0,2,2087
6596,556,objective_updated,185.06,2,2,0,2087
6597,556,objective_updated,354.38,3,0,1,2087
6598,556,objective_updated,84.83,1,0,1,2088
6599,556,objective_updated,267.42,1,1,2,2088
6600,556,objective_updated,368.06,1,2,3,2088
6601,556,objective_updated,368.06,2,3,0,2088
6602,556,objective_updated,542.17,2,0,1,2088
6603,556,objective_updated,708.88,2,1,2,2088
6604,556,objective_updated,910.54,2,2,3,2088
6612,556,objective_updated,108.91,2,0,4,2091
6613,556,objective_updated,244.76,3,4,3,2091
6614,556,objective_updated,426.53,4,3,1,2091
6615,556,objective_updated,624.28,5,1,2,2091
6616,556,objective_updated,824.41,6,2,1,2091
6644,564,objective_updated,189.81,1,0,1,2106
6645,564,objective_updated,455.51,2,1,0,2106
6646,564,objective_updated,514.1,2,0,1,2106
6647,564,objective_updated,662.35,2,1,2,2106
6648,564,objective_updated,776.29,2,2,3,2106
6654,565,objective_updated,247.27,2,0,1,2108
6655,565,objective_updated,454.64,3,1,2,2108
6668,565,objective_updated,207.75,2,0,4,
6669,565,objective_updated,327.68,3,4,2,
6670,565,objective_updated,514.45,4,2,1,
6671,565,objective_updated,629.01,5,1,3,
6672,565,objective_updated,783.72,6,3,4,
6673,565,objective_updated,209.55,1,0,1,2112
6674,565,objective_updated,348.12,1,1,2,2112
6675,565,objective_updated,476.29,1,2,3,2112
6676,565,objective_updated,476.29,2,3,0,2112
6677,565,objective_updated,555.87,2,0,1,2112
6678,565,objective_updated,677.18,2,1,2,2112
6679,565,objective_updated,819.3,2,2,3,2112
6685,566,objective_updated,442.99,2,0,1,2117
6691,566,objective_updated,162.65,2,0,2,2120
6692,566,objective_updated,349.44,3,2,4,2120
6693,566,objective_updated,481.36,4,4,3,2120
6694,566,objective_updated,681.63,5,3,1,2120
6695,566,objective_updated,809.31,6,1,2,2120
6696,566,objective_updated,0,1,0,1,2121
6697,566,objective_updated,343.6,2,1,2,2121
6698,566,objective_updated,618.87,3,2,0,2121
6699,567,objective_updated,306.18,2,0,2,2122
6700,567,objective_updated,564.71,3,2,1,2122
6701,567,objective_updated,442.99,2,0,1,2123
6702,567,objective_updated,60.05,1,0,1,2124
6703,567,objective_updated,390.14,2,1,0,2124
6704,567,objective_updated,511.31,2,0,1,2124
6705,567,objective_updated,646.21,2,1,2,2124
6706,567,objective_updated,773.53,2,2,3,2124
6707,567,objective_updated,162.65,2,0,2,2126
6708,567,objective_updated,349.44,3,2,4,2126
6709,567,objective_updated,481.36,4,4,3,2126
6710,567,objective_updated,681.63,5,3,1,2126
6711,567,objective_updated,809.31,6,1,2,2126
6712,567,objective_updated,0,1,0,1,2127
6713,567,objective_updated,343.6,2,1,2,2127
6714,567,objective_updated,618.87,3,2,0,2127
6715,568,objective_updated,61.73,1,0,1,2128
6716,568,objective_updated,304.82,1,1,2,2128
6717,568,objective_updated,480.19,2,2,0,2128
6718,568,objective_updated,591.08,2,0,1,2128
6719,568,objective_updated,740.76,2,1,2,2128
6720,568,objective_updated,0,1,0,1,2131
6721,568,objective_updated,287.29,2,1,2,2131
6722,568,objective_updated,517.75,3,2,0,2131
6723,568,objective_updated,682.7,4,0,1,2131
6732,568,objective_updated,43.92,1,0,1,2136
6733,568,objective_updated,160.81,1,1,2,2136
6734,568,objective_updated,428,1,2,3,2136
6735,568,objective_updated,428,2,3,0,2136
6736,568,objective_updated,554.44,2,0,1,2136
6737,568,objective_updated,633.26,2,1,2,2136
6738,568,objective_updated,733.24,2,2,3,2136
6739,568,objective_updated,733.25,3,3,0,2136
6740,568,objective_updated,0,1,0,2,2139
6741,568,objective_updated,208.04,2,2,0,2139
6742,568,objective_updated,456.12,3,0,1,2139
6743,570,objective_updated,0,1,0,2,2140
6744,570,objective_updated,257.42,2,2,1,2140
6745,570,objective_updated,594,3,1,0,2140
6746,570,objective_updated,518.29,2,0,1,2141
6747,570,objective_updated,50.35,1,0,1,2142
6748,570,objective_updated,185.66,1,1,2,2142
6749,570,objective_updated,324.23,1,2,3,2142
6750,570,objective_updated,324.23,2,3,0,2142
6751,570,objective_updated,455.24,2,0,1,2142
6752,570,objective_updated,597.32,2,1,2,2142
6753,570,objective_updated,202.28,2,0,2,2144
6754,570,objective_updated,325.79,3,2,4,2144
6755,570,objective_updated,497.59,4,4,1,2144
6756,570,objective_updated,704.31,5,1,3,2144
6757,570,objective_updated,820.59,6,3,4,2144
6758,571,objective_updated,0,1,0,1,2145
6759,571,objective_updated,233.35,2,1,0,2145
6760,571,objective_updated,487.53,3,0,2,2145
6761,571,objective_updated,271.42,1,0,1,2146
6762,571,objective_updated,444.71,2,1,0,2146
6763,571,objective_updated,682.35,2,0,1,2146
6764,571,objective_updated,806.26,2,1,2,2146
6765,571,objective_updated,239.75,1,0,1,2148
6766,571,objective_updated,371.62,1,1,2,2148
6767,571,objective_updated,480.2,2,2,0,2148
6768,571,objective_updated,616,2,0,1,2148
6769,571,objective_updated,819.36,2,1,2,2148
6770,571,objective_updated,1048.15,2,2,3,2148
6771,571,objective_updated,158.02,2,0,4,2149
6772,571,objective_updated,273.63,3,4,2,2149
6773,571,objective_updated,401.02,4,2,1,2149
6774,571,objective_updated,540.27,5,1,3,2149
6798,574,objective_updated,0,1,0,1,2156
6799,574,objective_updated,323.04,2,1,0,2156
6800,574,objective_updated,566.98,3,0,2,2156
6805,574,objective_updated,136.83,2,0,3,2158
6806,574,objective_updated,322.65,3,3,1,2158
6807,574,objective_updated,450.14,4,1,2,2158
6808,574,objective_updated,582.03,5,2,4,2158
6809,574,objective_updated,800.82,6,4,0,2158
6810,574,objective_updated,89.47,1,0,1,2160
6811,574,objective_updated,150.08,1,1,2,2160
6812,574,objective_updated,248.7,1,2,3,2160
6813,574,objective_updated,248.7,2,3,0,2160
6814,574,objective_updated,508.68,2,0,1,2160
6815,574,objective_updated,89.47,1,0,1,2161
6816,574,objective_updated,150.08,1,1,2,2161
6817,574,objective_updated,248.7,1,2,3,2161
6818,574,objective_updated,248.7,2,3,0,2161
6819,574,objective_updated,508.68,2,0,1,2161
6820,574,objective_updated,245.53,2,0,2,2162
6821,574,objective_updated,568.77,3,2,1,2162
6825,575,objective_updated,0,1,0,2,2164
6826,575,objective_updated,290.44,2,2,0,2164
6827,575,objective_updated,630.87,3,0,1,2164
6828,575,objective_updated,195.89,2,0,4,2165
6829,575,objective_updated,326.48,3,4,3,2165
6830,575,objective_updated,441.8,4,3,2,2165
6831,575,objective_updated,645.14,5,2,1,2165
6832,575,objective_updated,854.05,6,1,2,2165
6843,576,objective_updated,71.28,1,0,1,2172
6844,576,objective_updated,404.46,1,1,2,2172
6845,576,objective_updated,504.69,2,2,0,2172
6846,576,objective_updated,0,1,0,1,2173
6847,576,objective_updated,171.03,2,1,2,2173
6848,576,objective_updated,491.72,3,2,0,2173
6849,577,objective_updated,0,1,0,2,2174
6850,577,objective_updated,213.21,2,2,0,2174
6851,577,objective_updated,389.76,3,0,1,2174
6852,577,objective_updated,223.23,1,0,1,2175
6853,577,objective_updated,428.06,2,1,0,2175
6854,577,objective_updated,593.2,2,0,1,2175
6855,577,objective_updated,691.77,2,1,2,2175
6856,577,objective_updated,826.26,2,2,3,2175
6857,577,objective_updated,124.6,2,0,1,2176
6858,577,objective_updated,308.07,3,1,4,2176
6859,577,objective_updated,426.27,4,4,3,2176
6860,577,objective_updated,570.49,5,3,2,2176
6861,577,objective_updated,791.28,6,2,1,2176
6862,577,objective_updated,342.24,2,0,1,2177
6863,577,objective_updated,429.21,2,1,2,2177
6864,577,objective_updated,527.44,2,2,3,2177
6865,577,objective_updated,0,1,0,2,2179
6866,577,objective_updated,203.53,2,2,1,2179
6867,577,objective_updated,488.91,3,1,0,2179
6868,578,objective_updated,324.08,2,0,1,2180
6869,578,objective_updated,489.07,3,1,2,2180
6870,578,objective_updated,153.67,1,0,1,2181
6871,578,objective_updated,318.84,1,1,2,2181
6872,578,objective_updated,410.66,1,2,3,2181
6873,578,objective_updated,410.66,2,3,0,2181
6874,578,objective_updated,72.86,1,0,1,2182
6875,578,objective_updated,260.92,1,1,2,2182
6876,578,objective_updated,485.22,2,2,0,2182
6877,578,objective_updated,254.84,2,0,2,2184
6878,578,objective_updated,412.55,3,2,4,2184
6879,578,objective_updated,604.94,4,4,1,2184
6880,578,objective_updated,796.26,5,1,3,2184
6881,578,objective_updated,977.94,6,3,1,2184
6882,578,objective_updated,0,1,0,1,2185
6883,578,objective_updated,275.29,2,1,2,2185
6884,578,objective_updated,587.89,3,2,0,2185
6885,580,objective_updated,0,1,0,2,2186
6886,580,objective_updated,299.65,2,2,0,2186
6887,580,objective_updated,561.22,3,0,1,2186
6888,580,objective_updated,220.85,1,0,1,2187
6889,580,objective_updated,405.02,2,1,0,2187
6890,580,objective_updated,496.17,2,0,1,2187
6891,580,objective_updated,658.7,2,1,2,2187
6892,580,objective_updated,751.98,2,2,3,2187
6893,580,objective_updated,215.53,1,0,1,2188
6894,580,objective_updated,418.23,2,1,0,2188
6895,580,objective_updated,501.84,2,0,1,2188
6896,580,objective_updated,643.55,2,1,2,2188
6897,580,objective_updated,755.47,2,2,3,2188
6898,580,objective_updated,130.84,2,0,1,2189
6899,580,objective_updated,388.61,3,1,4,2189
6900,580,objective_updated,523.83,4,4,3,2189
6901,580,objective_updated,641.23,5,3,2,2189
6902,580,objective_updated,824.49,6,2,4,2189
6903,580,objective_updated,0,1,0,1,2191
6904,580,objective_updated,345.76,2,1,2,2191
6905,580,objective_updated,605.51,3,2,0,2191
6906,581,objective_updated,0,1,0,2,2192
6907,581,objective_updated,207.02,2,2,0,2192
6908,581,objective_updated,395.94,3,0,1,2192
6909,581,objective_updated,333.07,2,0,1,2193
6910,581,objective_updated,500.59,2,1,2,2193
6911,581,objective_updated,622.24,2,2,3,2193
6912,581,objective_updated,122.33,2,0,1,2194
6913,581,objective_updated,288.57,3,1,2,2194
6914,581,objective_updated,426,4,2,4,2194
6915,581,objective_updated,607.61,5,4,3,2194
6916,581,objective_updated,832.11,6,3,2,2194
6917,581,objective_updated,415.7,2,0,1,2195
6918,581,objective_updated,522.03,2,1,2,2195
6919,581,objective_updated,681.81,2,2,3,2195
6920,582,objective_updated,395.54,2,0,2,2197
6921,582,objective_updated,633.53,3,2,1,2197
6922,582,objective_updated,102.48,1,0,1,2198
6923,582,objective_updated,193.17,1,1,2,2198
6924,582,objective_updated,410.15,1,2,3,2198
6925,582,objective_updated,410.15,2,3,0,2198
6926,582,objective_updated,472.79,2,0,1,2198
6927,582,objective_updated,577.48,2,1,2,2198
6928,582,objective_updated,672.91,2,2,3,2198
6929,582,objective_updated,341.3,2,0,1,2199
6930,582,objective_updated,457.22,2,1,2,2199
6931,582,objective_updated,541.64,2,2,3,2199
6932,582,objective_updated,227.17,2,0,2,2201
6933,582,objective_updated,443.07,3,2,4,2201
6934,582,objective_updated,664.75,4,4,1,2201
6935,582,objective_updated,869.37,5,1,3,2201
6936,582,objective_updated,1050.25,6,3,4,2201
6965,533,objective_updated,62.13,1,0,1,2241
6966,533,objective_updated,183.04,1,1,2,2241
6967,533,objective_updated,434.15,1,2,3,2241
6968,533,objective_updated,434.15,2,3,0,2241
6969,533,objective_updated,574.62,2,0,1,2241
6970,533,objective_updated,769.05,2,1,2,2241
6971,533,objective_updated,154.74,2,0,3,2242
6972,533,objective_updated,308.42,3,3,1,2242
6973,533,objective_updated,477.01,4,1,4,2242
6974,533,objective_updated,644.79,5,4,2,2242
6975,533,objective_updated,99.42,1,0,1,2244
6976,533,objective_updated,400.81,2,1,0,2244
6977,533,objective_updated,0,1,0,1,2245
6978,533,objective_updated,336.93,2,1,2,2245
6979,533,objective_updated,507.63,3,2,0,2245
6993,608,objective_updated,0,1,0,1,2250
6994,608,objective_updated,336.93,2,1,2,2250
6995,608,objective_updated,507.63,3,2,0,2250
6996,608,objective_updated,154.74,2,0,3,2251
6997,608,objective_updated,308.42,3,3,1,2251
6998,608,objective_updated,477.01,4,1,4,2251
6999,608,objective_updated,644.79,5,4,2,2251
7000,608,objective_updated,99.42,1,0,1,2252
7001,608,objective_updated,400.81,2,1,0,2252
7002,608,objective_updated,62.13,1,0,1,2253
7003,608,objective_updated,183.04,1,1,2,2253
7004,608,objective_updated,434.15,1,2,3,2253
7005,608,objective_updated,434.15,2,3,0,2253
7006,608,objective_updated,574.62,2,0,1,2253
7007,608,objective_updated,769.05,2,1,2,2253
7008,608,objective_updated,0,1,0,1,2254
7009,608,objective_updated,191.75,2,1,0,2254
7010,608,objective_updated,369.45,3,0,2,2254
7011,609,objective_updated,0,1,0,2,2256
7012,609,objective_updated,195.09,2,2,1,2256
7013,609,objective_updated,459.97,3,1,0,2256
7014,609,objective_updated,174.27,1,0,1,2257
7015,609,objective_updated,406.06,2,1,0,2257
7016,609,objective_updated,614.52,2,0,1,2257
7017,609,objective_updated,798.74,2,1,2,2257
7018,609,objective_updated,192.26,1,0,1,2258
7019,609,objective_updated,346.17,1,1,2,2258
7020,609,objective_updated,411.93,1,2,3,2258
7021,609,objective_updated,411.94,2,3,0,2258
7022,609,objective_updated,653.31,2,0,1,2258
7023,609,objective_updated,225.57,1,0,1,2260
7024,609,objective_updated,391.12,1,1,2,2260
7025,609,objective_updated,513.95,2,2,0,2260
7026,609,objective_updated,708.11,2,0,1,2260
7027,609,objective_updated,878.42,2,1,2,2260
7028,609,objective_updated,1057.82,2,2,3,2260
7029,609,objective_updated,150.64,2,0,3,2261
7030,609,objective_updated,268.7,3,3,1,2261
7031,609,objective_updated,486.59,4,1,2,2261
7032,609,objective_updated,605.2,5,2,4,2261
7033,609,objective_updated,806.8,6,4,2,2261
7034,610,objective_updated,0,1,0,2,2262
7035,610,objective_updated,191.68,2,2,0,2262
7036,610,objective_updated,511.1,3,0,1,2262
7042,610,objective_updated,163.05,2,0,3,2264
7043,610,objective_updated,346.03,3,3,4,2264
7044,610,objective_updated,488.76,4,4,2,2264
7045,610,objective_updated,603.19,5,2,1,2264
7051,611,objective_updated,0,1,0,2,2269
7052,611,objective_updated,209.02,2,2,1,2269
7053,611,objective_updated,385.21,3,1,0,2269
7060,613,objective_updated,371.25,2,0,1,2272
7061,613,objective_updated,509.57,2,1,2,2272
7062,613,objective_updated,0,1,0,1,2274
7063,613,objective_updated,344.25,2,1,2,2274
7064,613,objective_updated,667.87,3,2,0,2274
7065,613,objective_updated,0,1,0,2,2275
7066,613,objective_updated,209.02,2,2,1,2275
7067,613,objective_updated,385.21,3,1,0,2275
7068,613,objective_updated,517.35,2,0,1,2276
7069,613,objective_updated,648.64,2,1,2,2276
7070,615,objective_updated,312.17,2,0,1,2277
7071,615,objective_updated,621.15,3,1,2,2277
7072,615,objective_updated,194.71,1,0,1,2278
7073,615,objective_updated,310.46,1,1,2,2278
7074,615,objective_updated,432.76,1,2,3,2278
7075,615,objective_updated,432.76,2,3,0,2278
7076,615,objective_updated,679.54,2,0,1,2278
7077,615,objective_updated,181.73,1,0,1,2279
7078,615,objective_updated,436.94,2,1,0,2279
7079,615,objective_updated,233.96,2,0,2,2281
7080,615,objective_updated,371.06,3,2,4,2281
7081,615,objective_updated,562.61,4,4,1,2281
7082,615,objective_updated,785.29,5,1,3,2281
7083,615,objective_updated,911.59,6,3,0,2281
7084,615,objective_updated,0,1,0,2,2282
7085,615,objective_updated,333.94,2,2,0,2282
7086,615,objective_updated,663.16,3,0,1,2282
7087,616,objective_updated,297.38,2,0,2,2283
7088,616,objective_updated,544.03,3,2,1,2283
7089,616,objective_updated,206.2,1,0,1,2284
7090,616,objective_updated,337.89,1,1,2,2284
7091,616,objective_updated,486.93,2,2,0,2284
7092,616,objective_updated,624.44,2,0,1,2284
7093,616,objective_updated,765.61,2,1,2,2284
7094,616,objective_updated,875.25,2,2,3,2284
7114,617,objective_updated,409.95,2,0,1,2291
7115,617,objective_updated,615.81,2,1,2,2291
7116,617,objective_updated,730.42,2,2,3,2291
7117,617,objective_updated,131.32,2,0,2,2293
7118,617,objective_updated,267.74,3,2,3,2293
7119,617,objective_updated,389.03,4,3,4,2293
7120,617,objective_updated,520.08,5,4,1,2293
7121,617,objective_updated,0,1,0,2,2294
7122,617,objective_updated,192.21,2,2,0,2294
7123,617,objective_updated,399.19,3,0,1,2294
7148,619,objective_updated,0,1,0,1,2302
7149,619,objective_updated,319.44,2,1,0,2302
7150,619,objective_updated,478.57,3,0,2,2302
7151,619,objective_updated,241.69,1,0,1,2303
7152,619,objective_updated,397,2,1,0,2303
7153,619,objective_updated,469.4,2,0,1,2303
7154,619,objective_updated,570.38,2,1,2,2303
7155,619,objective_updated,839.12,2,2,3,2303
7156,619,objective_updated,129.95,2,0,2,2306
7157,619,objective_updated,328.19,3,2,3,2306
7158,619,objective_updated,464.74,4,3,1,2306
7159,619,objective_updated,579.59,5,1,4,2306
7160,619,objective_updated,153.04,1,0,1,2307
7161,619,objective_updated,257.84,1,1,2,2307
7162,619,objective_updated,546.97,1,2,3,2307
7163,619,objective_updated,546.97,2,3,0,2307
7164,619,objective_updated,610.33,2,0,1,2307
7165,619,objective_updated,692.37,2,1,2,2307
7166,619,objective_updated,957.72,2,2,3,2307
7167,619,objective_updated,0,1,0,2,2308
7168,619,objective_updated,286.36,2,2,0,2308
7169,619,objective_updated,600.65,3,0,1,2308
7170,620,objective_updated,0,1,0,1,2310
7171,620,objective_updated,197.59,2,1,2,2310
7172,620,objective_updated,466.03,3,2,0,2310
7173,620,objective_updated,143.34,1,0,1,2311
7174,620,objective_updated,345.73,1,1,2,2311
7175,620,objective_updated,487.81,2,2,0,2311
7176,620,objective_updated,534.59,2,0,1,2311
7177,620,objective_updated,774.17,2,1,2,2311
7178,620,objective_updated,1009.39,2,2,3,2311
7179,621,objective_updated,0,1,0,1,2312
7180,621,objective_updated,206.41,2,1,2,2312
7181,621,objective_updated,429.82,3,2,0,2312
7182,621,objective_updated,316.13,2,0,1,2313
7183,621,objective_updated,471.66,2,1,2,2313
7184,621,objective_updated,593.42,2,2,3,2313
7185,621,objective_updated,133.71,2,0,2,2314
7186,621,objective_updated,334.37,3,2,1,2314
7187,621,objective_updated,556.81,4,1,4,2314
7188,621,objective_updated,675.24,5,4,3,2314
7195,621,objective_updated,77.32,1,0,1,2317
7196,621,objective_updated,259.6,1,1,2,2317
7197,621,objective_updated,508.3,2,2,0,2317
7198,621,objective_updated,686.74,2,0,1,2317
7199,621,objective_updated,800.4,2,1,2,2317
7200,621,objective_updated,992.97,2,2,3,2317
7201,620,objective_updated,143.34,1,0,1,2319
7202,620,objective_updated,345.73,1,1,2,2319
7203,620,objective_updated,487.81,2,2,0,2319
7204,620,objective_updated,534.59,2,0,1,2319
7205,620,objective_updated,774.17,2,1,2,2319
7206,620,objective_updated,1009.39,2,2,3,2319
7210,622,objective_updated,270.19,1,0,1,2322
7211,622,objective_updated,345.31,1,1,2,2322
7212,622,objective_updated,537.02,1,2,3,2322
7213,622,objective_updated,537.02,2,3,0,2322
7214,622,objective_updated,644.21,2,0,1,2322
7215,622,objective_updated,751.95,2,1,2,2322
7216,622,objective_updated,851.68,2,2,3,2322
7217,622,objective_updated,203.45,2,0,2,2323
7218,622,objective_updated,329.69,3,2,1,2323
7219,622,objective_updated,444.26,4,1,4,2323
7220,622,objective_updated,559.1,5,4,3,2323
7221,622,objective_updated,711.89,6,3,2,2323
7222,622,objective_updated,119.51,1,0,1,2325
7223,622,objective_updated,390.21,2,1,0,2325
7224,622,objective_updated,486.34,2,0,1,2325
7225,622,objective_updated,559.59,2,1,2,2325
7226,622,objective_updated,657.6,2,2,3,2325
7227,622,objective_updated,474.38,2,0,1,2327
7228,620,objective_updated,143.34,1,0,1,2328
7229,620,objective_updated,345.73,1,1,2,2328
7230,620,objective_updated,487.81,2,2,0,2328
7231,620,objective_updated,534.59,2,0,1,2328
7232,620,objective_updated,774.17,2,1,2,2328
7233,620,objective_updated,1009.39,2,2,3,2328
7234,620,objective_updated,244.62,1,0,1,2329
7235,620,objective_updated,413.36,1,1,2,2329
7236,620,objective_updated,513.75,2,2,0,2329
7237,620,objective_updated,584.29,2,0,1,2329
7238,620,objective_updated,716.92,2,1,2,2329
7239,620,objective_updated,946.78,2,2,3,2329
7240,620,objective_updated,170.57,2,0,1,2331
7241,620,objective_updated,312.66,3,1,3,2331
7242,620,objective_updated,489.9,4,3,4,2331
7243,620,objective_updated,614.54,5,4,2,2331
7244,620,objective_updated,828.87,6,2,4,2331
7245,623,objective_updated,0,1,0,2,2332
7246,623,objective_updated,290.34,2,2,0,2332
7247,623,objective_updated,470.41,3,0,1,2332
7248,623,objective_updated,283.98,2,0,1,2333
7249,623,objective_updated,376.84,2,1,2,2333
7250,623,objective_updated,441.57,2,2,3,2333
7251,623,objective_updated,73.04,1,0,1,2335
7252,623,objective_updated,151.15,1,1,2,2335
7253,623,objective_updated,395.36,1,2,3,2335
7254,623,objective_updated,395.36,2,3,0,2335
7255,623,objective_updated,147.94,2,0,1,2336
7256,623,objective_updated,275.11,3,1,3,2336
7257,623,objective_updated,475.26,4,3,2,2336
7258,623,objective_updated,675.72,5,2,4,2336
7259,623,objective_updated,851.8,6,4,0,2336
7358,627,objective_updated,186.22,2,0,3,2368
7359,627,objective_updated,363.25,3,3,4,2368
7360,627,objective_updated,551.94,4,4,2,2368
7361,627,objective_updated,708.09,5,2,1,2368
7362,627,objective_updated,931.3,6,1,3,2368
7391,629,objective_updated,0,1,0,2,2377
7392,629,objective_updated,289.1,2,2,1,2377
7393,629,objective_updated,566.16,3,1,0,2377
7394,629,objective_updated,232.63,1,0,1,2378
7395,629,objective_updated,468.75,2,1,0,2378
7396,629,objective_updated,538.28,2,0,1,2378
7397,629,objective_updated,796.04,2,1,2,2378
7398,629,objective_updated,890.12,2,2,3,2378
7399,629,objective_updated,132.14,2,0,2,2379
7400,629,objective_updated,272.79,3,2,1,2379
7401,629,objective_updated,424.63,4,1,4,2379
7402,629,objective_updated,605.41,5,4,3,2379
7403,629,objective_updated,801.75,6,3,2,2379
7404,629,objective_updated,415.64,2,0,1,2380
7405,629,objective_updated,527.67,2,1,2,2380
7406,629,objective_updated,614.57,2,2,3,2380
7426,632,objective_updated,0,1,0,1,2389
7427,632,objective_updated,257,2,1,2,2389
7428,632,objective_updated,551.17,3,2,0,2389
7429,632,objective_updated,57.45,1,0,1,2390
7430,632,objective_updated,152.87,1,1,2,2390
7431,632,objective_updated,266.91,1,2,3,2390
7432,632,objective_updated,266.91,2,3,0,2390
7433,632,objective_updated,101.6,1,0,1,2391
7434,632,objective_updated,375.08,1,1,2,2391
7435,632,objective_updated,517.29,2,2,0,2391
7436,632,objective_updated,565.18,2,0,1,2391
7437,632,objective_updated,656.49,2,1,2,2391
7438,632,objective_updated,737.04,2,2,3,2391
7439,632,objective_updated,117.93,2,0,4,2393
7440,632,objective_updated,284.75,3,4,1,2393
7441,632,objective_updated,456.46,4,1,3,2393
7442,632,objective_updated,597.47,5,3,2,2393
7443,632,objective_updated,796.4,6,2,1,2393
7444,632,objective_updated,278.89,2,0,2,2394
7445,632,objective_updated,468.74,3,2,1,2394
7452,641,objective_updated,318.8,2,0,1,2401
7453,641,objective_updated,547.54,3,1,2,2401
7454,641,objective_updated,150.27,1,0,1,2402
7455,641,objective_updated,404.9,2,1,0,2402
7456,641,objective_updated,593.16,2,0,1,2402
7457,641,objective_updated,732.35,2,1,2,2402
7458,641,objective_updated,109.64,2,0,2,2403
7459,641,objective_updated,228.18,3,2,4,2403
7460,641,objective_updated,440.94,4,4,1,2403
7461,641,objective_updated,582.97,5,1,3,2403
7462,641,objective_updated,708.22,6,3,0,2403
7463,641,objective_updated,150.27,1,0,1,2404
7464,641,objective_updated,404.9,2,1,0,2404
7465,641,objective_updated,593.16,2,0,1,2404
7466,641,objective_updated,732.35,2,1,2,2404
7474,641,objective_updated,150.27,1,0,1,2408
7475,641,objective_updated,404.9,2,1,0,2408
7476,641,objective_updated,593.16,2,0,1,2408
7477,641,objective_updated,732.35,2,1,2,2408
7478,641,objective_updated,150.27,1,0,1,2409
7479,641,objective_updated,404.9,2,1,0,2409
7480,641,objective_updated,593.16,2,0,1,2409
7481,641,objective_updated,732.35,2,1,2,2409
7482,642,objective_updated,0,1,0,1,2410
7483,642,objective_updated,309.17,2,1,2,2410
7484,642,objective_updated,467.3,3,2,0,2410
7485,642,objective_updated,74.75,1,0,1,2411
7486,642,objective_updated,252.88,1,1,2,2411
7487,642,objective_updated,494.87,2,2,0,2411
7488,642,objective_updated,591.3,2,0,1,2411
7489,642,objective_updated,802.95,2,1,2,2411
7490,642,objective_updated,150.77,2,0,3,2412
7491,642,objective_updated,354.09,3,3,2,2412
7492,642,objective_updated,472.46,4,2,1,2412
7493,642,objective_updated,587.75,5,1,4,2412
7499,642,objective_updated,282.95,2,0,2,2415
7500,642,objective_updated,455.81,3,2,1,2415
7525,644,objective_updated,0,1,0,1,2421
7526,644,objective_updated,339.2,2,1,0,2421
7527,644,objective_updated,535.05,3,0,2,2421
7528,644,objective_updated,62.89,1,0,1,2422
7529,644,objective_updated,313.15,1,1,2,2422
7530,644,objective_updated,464.95,1,2,3,2422
7531,644,objective_updated,464.95,2,3,0,2422
7532,644,objective_updated,138.46,2,0,3,2423
7533,644,objective_updated,270.27,3,3,4,2423
7534,644,objective_updated,439.01,4,4,2,2423
7535,644,objective_updated,591.19,5,2,1,2423
7536,644,objective_updated,51.45,1,0,1,2424
7537,644,objective_updated,186.07,1,1,2,2424
7538,644,objective_updated,312.08,1,2,3,2424
7539,644,objective_updated,312.08,2,3,0,2424
7540,644,objective_updated,209.47,2,0,2,2426
7541,644,objective_updated,421.69,3,2,1,2426
7542,644,objective_updated,83.74,1,0,1,2427
7543,644,objective_updated,164.55,1,1,2,2427
7544,644,objective_updated,312.29,1,2,3,2427
7545,644,objective_updated,312.31,2,3,0,2427
7546,644,objective_updated,83.74,1,0,1,2428
7547,644,objective_updated,164.55,1,1,2,2428
7548,644,objective_updated,312.29,1,2,3,2428
7549,644,objective_updated,312.31,2,3,0,2428
7550,644,objective_updated,426.74,2,0,1,2428
7551,644,objective_updated,720.18,2,1,2,2428
7552,645,objective_updated,0,1,0,2,2429
7553,645,objective_updated,306.75,2,2,0,2429
7554,645,objective_updated,568.85,3,0,1,2429
7555,645,objective_updated,372.63,2,0,1,2431
7556,645,objective_updated,469.39,2,1,2,2431
7557,645,objective_updated,567.09,2,2,3,2431
7558,645,objective_updated,303.27,2,0,1,2432
7559,645,objective_updated,478.7,2,1,2,2432
7560,645,objective_updated,574.8,2,2,3,2432
7561,645,objective_updated,121.02,2,0,3,2433
7562,645,objective_updated,252.43,3,3,4,2433
7563,645,objective_updated,383.16,4,4,2,2433
7564,645,objective_updated,499.7,5,2,1,2433
7583,646,objective_updated,116.89,2,0,4,2440
7584,646,objective_updated,284.35,3,4,3,2440
7585,646,objective_updated,412.97,4,3,2,2440
7586,646,objective_updated,600.78,5,2,1,2440
7587,646,objective_updated,771.23,6,1,3,2440
7588,647,objective_updated,0,1,0,1,2441
7589,647,objective_updated,211.64,2,1,2,2441
7590,647,objective_updated,403.54,3,2,0,2441
7591,648,objective_updated,0,1,0,1,2442
7592,648,objective_updated,211.64,2,1,2,2442
7593,648,objective_updated,403.54,3,2,0,2442
7594,649,objective_updated,0,1,0,1,2443
7595,649,objective_updated,211.64,2,1,2,2443
7596,649,objective_updated,403.54,3,2,0,2443
7597,650,objective_updated,0,1,0,1,2444
7598,650,objective_updated,211.64,2,1,2,2444
7599,650,objective_updated,403.54,3,2,0,2444
7600,651,objective_updated,62.13,1,0,1,2445
7601,651,objective_updated,183.04,1,1,2,2445
7602,651,objective_updated,434.15,1,2,3,2445
7603,651,objective_updated,434.15,2,3,0,2445
7604,651,objective_updated,574.62,2,0,1,2445
7605,651,objective_updated,769.05,2,1,2,2445
7606,650,objective_updated,77.41,1,0,1,2446
7607,650,objective_updated,223.84,1,1,2,2446
7608,650,objective_updated,305.73,1,2,3,2446
7609,650,objective_updated,305.73,2,3,0,2446
7610,650,objective_updated,111.71,2,0,3,2447
7611,650,objective_updated,226.56,3,3,2,2447
7612,650,objective_updated,446.03,4,2,1,2447
7613,650,objective_updated,590.69,5,1,4,2447
7614,650,objective_updated,73.5,1,0,1,2448
7615,650,objective_updated,284.01,1,1,2,2448
7616,650,objective_updated,358.27,1,2,3,2448
7617,650,objective_updated,358.27,2,3,0,2448
7618,650,objective_updated,542.11,2,0,1,2448
7625,652,objective_updated,145.81,1,0,1,2451
7626,652,objective_updated,293.36,1,1,2,2451
7627,652,objective_updated,465.85,1,2,3,2451
7628,652,objective_updated,465.85,2,3,0,2451
7638,650,objective_updated,263,2,0,1,2456
7639,650,objective_updated,588.37,3,1,2,2456
7643,654,objective_updated,79.1,1,0,1,2458
7644,654,objective_updated,424.58,2,1,0,2458
7645,654,objective_updated,486.73,2,0,1,2458
7646,654,objective_updated,594.48,2,1,2,2458
7647,654,objective_updated,728.74,2,2,3,2458
7648,654,objective_updated,116.89,2,0,4,2459
7649,654,objective_updated,322.08,3,4,3,2459
7650,654,objective_updated,521.36,4,3,2,2459
7651,654,objective_updated,637.86,5,2,1,2459
7652,654,objective_updated,309.92,2,0,1,2461
7653,654,objective_updated,402.07,2,1,2,2461
7654,654,objective_updated,549.35,2,2,3,2461
7655,654,objective_updated,0,1,0,1,2462
7656,654,objective_updated,159.3,2,1,0,2462
7657,654,objective_updated,364.67,3,0,2,2462
7658,654,objective_updated,116.89,2,0,4,2464
7659,654,objective_updated,322.08,3,4,3,2464
7660,654,objective_updated,521.36,4,3,2,2464
7661,654,objective_updated,637.86,5,2,1,2464
7662,654,objective_updated,116.89,2,0,4,2465
7663,654,objective_updated,322.08,3,4,3,2465
7664,654,objective_updated,521.36,4,3,2,2465
7665,654,objective_updated,637.86,5,2,1,2465
7666,655,objective_updated,0,1,0,2,2466
7667,655,objective_updated,167.03,2,2,0,2466
7668,655,objective_updated,375.41,3,0,1,2466
7669,655,objective_updated,294.32,2,0,1,2467
7670,655,objective_updated,581.98,2,1,2,2467
7671,655,objective_updated,707.86,2,2,3,2467
7672,655,objective_updated,106.89,2,0,3,2468
7673,655,objective_updated,252.38,3,3,4,2468
7674,655,objective_updated,409.64,4,4,2,2468
7675,655,objective_updated,577.49,5,2,1,2468
7676,655,objective_updated,307.34,2,0,1,2470
7677,655,objective_updated,521.7,2,1,2,2470
7678,655,objective_updated,670.15,2,2,3,2470
7679,656,objective_updated,0,1,0,1,2471
7680,656,objective_updated,286.02,2,1,2,2471
7681,656,objective_updated,444.57,3,2,0,2471
7682,656,objective_updated,286.73,2,0,1,2472
7683,656,objective_updated,372.16,2,1,2,2472
7684,656,objective_updated,489.01,2,2,3,2472
7685,656,objective_updated,113.08,2,0,1,2473
7686,656,objective_updated,228.53,3,1,4,2473
7687,656,objective_updated,369.77,4,4,2,2473
7688,656,objective_updated,500.21,5,2,3,2473
7689,656,objective_updated,298.1,1,0,1,2475
7690,656,objective_updated,533.32,1,1,2,2475
7691,656,objective_updated,646.84,2,2,0,2475
7692,656,objective_updated,755.64,2,0,1,2475
7693,656,objective_updated,858.53,2,1,2,2475
7694,656,objective_updated,1008.94,2,2,3,2475
7703,658,objective_updated,0,1,0,2,2478
7704,658,objective_updated,318.74,2,2,1,2478
7705,658,objective_updated,508.25,3,1,0,2478
7730,659,objective_updated,114.14,1,0,1,2485
7731,659,objective_updated,232.1,1,1,2,2485
7732,659,objective_updated,303.66,1,2,3,2485
7733,659,objective_updated,303.66,2,3,0,2485
7734,659,objective_updated,567.9,2,0,1,2485
7735,659,objective_updated,659.23,2,1,2,2485
7736,659,objective_updated,831.73,2,2,3,2485
7749,659,objective_updated,211.5,2,0,2,2489
7750,659,objective_updated,463.46,3,2,1,2489
7751,658,objective_updated,82.2,1,0,1,2490
7752,658,objective_updated,167.69,1,1,2,2490
7753,658,objective_updated,286.63,1,2,3,2490
7754,658,objective_updated,286.64,2,3,0,2490
7758,660,objective_updated,63.87,1,0,1,2492
7759,660,objective_updated,258.85,1,1,2,2492
7760,660,objective_updated,480.22,2,2,0,2492
7761,660,objective_updated,706.45,2,0,1,2492
7762,660,objective_updated,853.13,2,1,2,2492
7763,660,objective_updated,987.7,2,2,3,2492
7764,660,objective_updated,160.95,1,0,1,2493
7765,660,objective_updated,321.71,1,1,2,2493
7766,660,objective_updated,411.33,1,2,3,2493
7767,660,objective_updated,411.35,2,3,0,2493
7768,660,objective_updated,608,2,0,1,2493
7769,660,objective_updated,798.84,2,1,2,2493
7770,660,objective_updated,124.2,2,0,2,2494
7771,660,objective_updated,243.83,3,2,4,2494
7772,660,objective_updated,464.08,4,4,1,2494
7773,660,objective_updated,710.64,5,1,3,2494
7774,660,objective_updated,829.6,6,3,1,2494
7775,658,objective_updated,0,1,0,1,2496
7776,658,objective_updated,238.44,2,1,2,2496
7777,658,objective_updated,449.92,3,2,0,2496
7778,658,objective_updated,73.04,1,0,1,2497
7779,658,objective_updated,168.11,1,1,2,2497
7780,658,objective_updated,280.19,1,2,3,2497
7781,658,objective_updated,280.2,2,3,0,2497
7782,658,objective_updated,372.56,2,0,1,2497
7783,658,objective_updated,553.26,2,1,2,2497
7784,658,objective_updated,694.61,2,2,3,2497
7785,661,objective_updated,245.48,2,0,2,2498
7786,661,objective_updated,544,3,2,1,2498
7787,661,objective_updated,254.7,1,0,1,2499
7788,661,objective_updated,413.73,1,1,2,2499
7789,661,objective_updated,529.68,2,2,0,2499
7790,661,objective_updated,684.81,2,0,1,2499
7791,661,objective_updated,879.27,2,1,2,2499
7792,661,objective_updated,1022.88,2,2,3,2499
7793,661,objective_updated,125.5,2,0,1,2500
7794,661,objective_updated,291.36,3,1,4,2500
7795,661,objective_updated,479.92,4,4,2,2500
7796,661,objective_updated,599.53,5,2,3,2500
7797,661,objective_updated,834.13,6,3,4,2500
7798,661,objective_updated,220.22,1,0,1,2501
7799,661,objective_updated,401.25,2,1,0,2501
7800,661,objective_updated,513.64,2,0,1,2501
7801,661,objective_updated,653.74,2,1,2,2501
7802,661,objective_updated,799.52,2,2,3,2501
7803,661,objective_updated,0,1,0,2,2503
7804,661,objective_updated,185.94,2,2,0,2503
7805,661,objective_updated,439.94,3,0,1,2503
7806,662,objective_updated,0,1,0,2,2504
7807,662,objective_updated,204.5,2,2,1,2504
7808,662,objective_updated,389.87,3,1,0,2504
7809,662,objective_updated,159.46,1,0,1,2505
7810,662,objective_updated,395.48,1,1,2,2505
7811,662,objective_updated,485.56,2,2,0,2505
7812,662,objective_updated,616.01,2,0,1,2505
7820,662,objective_updated,255.1,2,0,2,2508
7821,662,objective_updated,442.83,3,2,4,2508
7822,662,objective_updated,621.62,4,4,3,2508
7823,662,objective_updated,829.17,5,3,1,2508
7824,662,objective_updated,968.55,6,1,0,2508
7846,664,objective_updated,286.94,1,0,1,2515
7847,664,objective_updated,400.43,1,1,2,2515
7848,664,objective_updated,552.33,2,2,0,2515
7849,664,objective_updated,620.04,2,0,1,2515
7850,664,objective_updated,741.87,2,1,2,2515
7851,664,objective_updated,1025.19,2,2,3,2515
7852,664,objective_updated,286.94,1,0,1,2516
7853,664,objective_updated,400.43,1,1,2,2516
7854,664,objective_updated,552.33,2,2,0,2516
7855,664,objective_updated,620.04,2,0,1,2516
7856,664,objective_updated,741.87,2,1,2,2516
7857,664,objective_updated,1025.19,2,2,3,2516
7858,664,objective_updated,119.42,2,0,2,2518
7859,664,objective_updated,233.88,3,2,1,2518
7860,664,objective_updated,408.11,4,1,3,2518
7861,664,objective_updated,610.19,5,3,4,2518
7862,664,objective_updated,764.2,6,4,2,2518
7863,664,objective_updated,278.52,1,0,1,2519
7864,664,objective_updated,402.2,1,1,2,2519
7865,664,objective_updated,541.87,2,2,0,2519
7866,664,objective_updated,714.27,2,0,1,2519
7867,664,objective_updated,862.1,2,1,2,2519
7868,664,objective_updated,962.62,2,2,3,2519
7894,666,objective_updated,77.23,1,0,1,2528
7895,666,objective_updated,416.16,2,1,0,2528
7896,666,objective_updated,522.16,2,0,1,2528
7897,666,objective_updated,645.76,2,1,2,2528
7898,666,objective_updated,752.39,2,2,3,2528
7899,666,objective_updated,274.27,1,0,1,2529
7900,666,objective_updated,424.39,2,1,0,2529
7901,666,objective_updated,488.12,2,0,1,2529
7902,666,objective_updated,566.93,2,1,2,2529
7903,666,objective_updated,659.33,2,2,3,2529
7904,666,objective_updated,130.75,2,0,2,2531
7905,666,objective_updated,262.41,3,2,1,2531
7906,666,objective_updated,473.93,4,1,3,2531
7907,666,objective_updated,650.33,5,3,4,2531
7908,666,objective_updated,209.58,2,0,1,2532
7909,666,objective_updated,409.79,3,1,2,2532
7910,667,objective_updated,0,1,0,1,2533
7911,667,objective_updated,256,2,1,0,2533
7912,667,objective_updated,458.35,3,0,2,2533
7913,667,objective_updated,255.84,1,0,1,2534
7914,667,objective_updated,416.75,2,1,0,2534
7915,667,objective_updated,511.85,2,0,1,2534
7916,667,objective_updated,655.8,2,1,2,2534
7917,667,objective_updated,796.2,2,2,3,2534
7937,669,objective_updated,188.31,2,0,3,2543
7938,669,objective_updated,306.34,3,3,4,2543
7939,669,objective_updated,526.99,4,4,1,2543
7940,669,objective_updated,662.94,5,1,2,2543
7941,669,objective_updated,807.06,6,2,3,2543
7945,670,objective_updated,260.51,2,0,1,2545
7946,670,objective_updated,418.35,3,1,2,2545
7950,671,objective_updated,193.91,1,0,1,2547
7951,671,objective_updated,365.17,1,1,2,2547
7952,671,objective_updated,488.27,1,2,3,2547
7953,671,objective_updated,488.27,2,3,0,2547
7954,671,objective_updated,638.38,2,0,1,2547
7955,671,objective_updated,861.7,2,1,2,2547
7956,671,objective_updated,124.04,1,0,1,2549
7957,671,objective_updated,275.67,1,1,2,2549
7958,671,objective_updated,368.19,1,2,3,2549
7959,671,objective_updated,368.21,2,3,0,2549
7960,671,objective_updated,429.52,2,0,1,2549
7961,671,objective_updated,540.74,2,1,2,2549
7962,671,objective_updated,704.62,2,2,3,2549
7971,672,objective_updated,380.45,2,0,1,2552
7972,672,objective_updated,538.74,2,1,2,2552
7973,672,objective_updated,736.09,2,2,3,2552
7974,672,objective_updated,0,1,0,1,2553
7975,672,objective_updated,259.48,2,1,0,2553
7976,672,objective_updated,539.88,3,0,2,2553
7977,672,objective_updated,0,1,0,2,2554
7978,672,objective_updated,195.73,2,2,1,2554
7979,672,objective_updated,517.41,3,1,0,2554
7980,672,objective_updated,221.39,1,0,1,2556
7981,672,objective_updated,422.73,1,1,2,2556
7982,672,objective_updated,528.24,2,2,0,2556
7983,672,objective_updated,666.82,2,0,1,2556
7984,672,objective_updated,814.6,2,1,2,2556
7985,672,objective_updated,996.39,2,2,3,2556
7986,672,objective_updated,194.72,1,0,1,2557
7987,672,objective_updated,404.28,2,1,0,2557
7988,672,objective_updated,473.94,2,0,1,2557
7989,672,objective_updated,743.4,2,1,2,2557
7990,672,objective_updated,909.86,2,2,3,2557
7991,672,objective_updated,166.46,2,0,2,2558
7992,672,objective_updated,383.78,3,2,4,2558
7993,672,objective_updated,635.15,4,4,3,2558
8004,672,objective_updated,77.63,1,0,1,2563
8005,672,objective_updated,161.75,1,1,2,2563
8006,672,objective_updated,431.91,1,2,3,2563
8007,672,objective_updated,431.91,2,3,0,2563
8008,672,objective_updated,519.42,2,0,1,2563
8009,672,objective_updated,598.21,2,1,2,2563
8010,672,objective_updated,888.25,2,2,3,2563
8011,672,objective_updated,155.28,2,0,3,2564
8012,672,objective_updated,326.73,3,3,1,2564
8013,672,objective_updated,524.09,4,1,2,2564
8014,672,objective_updated,727.03,5,2,4,2564
8015,672,objective_updated,948.96,6,4,2,2564
8016,672,objective_updated,146.96,1,0,1,2565
8017,672,objective_updated,417.82,2,1,0,2565
8018,672,objective_updated,613.29,2,0,1,2565
8019,672,objective_updated,811.55,2,1,2,2565
8020,672,objective_updated,888.36,2,2,3,2565
8021,672,objective_updated,0,1,0,2,2566
8022,672,objective_updated,211.23,2,2,0,2566
8023,672,objective_updated,405.73,3,0,1,2566
8024,672,objective_updated,93.08,1,0,1,2567
8025,672,objective_updated,200.28,1,1,2,2567
8026,672,objective_updated,352.53,1,2,3,2567
8027,672,objective_updated,352.55,2,3,0,2567
8028,672,objective_updated,94.76,1,0,1,2569
8029,672,objective_updated,238.45,1,1,2,2569
8030,672,objective_updated,435.62,1,2,3,2569
8031,672,objective_updated,435.62,2,3,0,2569
8032,672,objective_updated,601.94,2,0,1,2569
8033,672,objective_updated,162.55,2,0,1,2570
8034,672,objective_updated,287.51,3,1,4,2570
8035,672,objective_updated,402.77,4,4,2,2570
8036,672,objective_updated,565.7,5,2,3,2570
8037,672,objective_updated,0,1,0,1,2571
8038,672,objective_updated,227.63,2,1,2,2571
8039,672,objective_updated,446.73,3,2,0,2571
8040,672,objective_updated,393,2,0,1,2572
8041,672,objective_updated,105.72,2,0,4,2573
8042,672,objective_updated,309.98,3,4,3,2573
8043,672,objective_updated,536.21,4,3,2,2573
8044,672,objective_updated,651.27,5,2,1,2573
8045,672,objective_updated,890.66,6,1,4,2573
8046,672,objective_updated,141.49,1,0,1,2574
8047,672,objective_updated,395.65,2,1,0,2574
8048,672,objective_updated,620.58,2,0,1,2574
8049,672,objective_updated,742.53,2,1,2,2574
8050,672,objective_updated,257.87,2,0,2,2576
8051,672,objective_updated,517.53,3,2,1,2576
8052,672,objective_updated,119.53,1,0,1,2577
8053,672,objective_updated,357.99,1,1,2,2577
8054,672,objective_updated,480.23,2,2,0,2577
8055,672,objective_updated,564.52,2,0,1,2577
8056,672,objective_updated,103.85,1,0,1,2579
8057,672,objective_updated,198.49,1,1,2,2579
8058,672,objective_updated,310.48,1,2,3,2579
8059,672,objective_updated,310.5,2,3,0,2579
8060,672,objective_updated,443.91,2,0,1,2579
8061,672,objective_updated,559.81,2,1,2,2579
8062,672,objective_updated,212.41,2,0,4,2580
8063,672,objective_updated,388.41,3,4,3,2580
8064,672,objective_updated,525.59,4,3,1,2580
8065,672,objective_updated,703.92,5,1,2,2580
8066,672,objective_updated,911.04,6,2,0,2580
8067,672,objective_updated,0,1,0,2,2581
8068,672,objective_updated,272.03,2,2,0,2581
8069,672,objective_updated,565.35,3,0,1,2581
8080,672,objective_updated,182.51,2,0,1,2586
8081,672,objective_updated,355.07,3,1,2,2586
8082,672,objective_updated,89.4,1,0,1,2587
8083,672,objective_updated,174.59,1,1,2,2587
8084,672,objective_updated,291.84,1,2,3,2587
8085,672,objective_updated,291.84,2,3,0,2587
8086,672,objective_updated,446.75,2,0,1,2587
8087,673,objective_updated,0,1,0,2,2590
8088,673,objective_updated,229.38,2,2,1,2590
8089,673,objective_updated,491.34,3,1,0,2590
8090,674,objective_updated,0,1,0,2,2591
8091,674,objective_updated,229.38,2,2,1,2591
8092,674,objective_updated,491.34,3,1,0,2591
8096,675,objective_updated,125.59,1,0,1,2593
8097,675,objective_updated,255.18,1,1,2,2593
8098,675,objective_updated,435.25,1,2,3,2593
8099,675,objective_updated,435.25,2,3,0,2593
8100,675,objective_updated,585.69,2,0,1,2593
8101,675,objective_updated,712.83,2,1,2,2593
8102,675,objective_updated,956.22,2,2,3,2593
8103,680,objective_updated,0,1,0,2,2599
8104,680,objective_updated,286.01,2,2,0,2599
8105,680,objective_updated,599.92,3,0,1,2599
8106,680,objective_updated,122.39,1,0,1,2600
8107,680,objective_updated,289.26,1,1,2,2600
8108,680,objective_updated,396.7,1,2,3,2600
8109,680,objective_updated,396.72,2,3,0,2600
8110,680,objective_updated,437.08,2,0,1,2600
8111,680,objective_updated,793.69,2,1,2,2600
8112,675,objective_updated,32.93,1,0,1,2602
8113,675,objective_updated,254.04,1,1,2,2602
8114,675,objective_updated,309.18,1,2,3,2602
8115,675,objective_updated,309.19,2,3,0,2602
8116,675,objective_updated,445.74,2,0,1,2602
8121,675,objective_updated,196,2,0,1,2605
8122,675,objective_updated,311.04,3,1,4,2605
8123,675,objective_updated,442.63,4,4,3,2605
8124,675,objective_updated,568.18,5,3,2,2605
8129,680,objective_updated,129.02,2,0,3,2609
8130,680,objective_updated,310.51,3,3,2,2609
8131,680,objective_updated,518.64,4,2,1,2609
8132,680,objective_updated,634.61,5,1,4,2609
8133,680,objective_updated,850.76,6,4,3,2609
8134,680,objective_updated,0,1,0,1,2610
8135,680,objective_updated,303.73,2,1,0,2610
8136,680,objective_updated,584.29,3,0,2,2610
8137,681,objective_updated,0,1,0,2,2611
8138,681,objective_updated,251.52,2,2,0,2611
8139,681,objective_updated,471.51,3,0,1,2611
8140,681,objective_updated,98.52,1,0,1,2612
8141,681,objective_updated,230.59,1,1,2,2612
8142,681,objective_updated,352.18,1,2,3,2612
8143,681,objective_updated,352.18,2,3,0,2612
8144,681,objective_updated,595.22,2,0,1,2612
8145,681,objective_updated,787.92,2,1,2,2612
8146,681,objective_updated,931.89,2,2,3,2612
8147,681,objective_updated,56.61,1,0,1,2613
8148,681,objective_updated,451.76,1,1,2,2613
8149,681,objective_updated,570.28,2,2,0,2613
8150,681,objective_updated,644.24,2,0,1,2613
8151,681,objective_updated,749.07,2,1,2,2613
8152,681,objective_updated,851.66,2,2,3,2613
8153,681,objective_updated,132.01,2,0,4,2615
8154,681,objective_updated,326.35,3,4,3,2615
8155,681,objective_updated,440.56,4,3,1,2615
8156,681,objective_updated,611.63,5,1,2,2615
8157,681,objective_updated,132.01,2,0,4,2616
8158,681,objective_updated,326.35,3,4,3,2616
8159,681,objective_updated,440.56,4,3,1,2616
8160,681,objective_updated,611.63,5,1,2,2616
8161,681,objective_updated,0,1,0,2,2617
8162,681,objective_updated,231.33,2,2,0,2617
8163,681,objective_updated,485.28,3,0,1,2617
8164,682,objective_updated,251.26,2,0,2,2618
8165,682,objective_updated,411.56,3,2,1,2618
8169,682,objective_updated,298.55,2,0,1,2620
8170,682,objective_updated,473.54,2,1,2,2620
8171,682,objective_updated,728.65,2,2,3,2620
8172,683,objective_updated,359.33,2,0,1,2621
8173,683,objective_updated,433.55,2,1,2,2621
8174,683,objective_updated,538.87,2,2,3,2621
8175,682,objective_updated,171.72,2,0,3,2622
8176,682,objective_updated,328.07,3,3,2,2622
8177,682,objective_updated,494.91,4,2,1,2622
8178,682,objective_updated,615.39,5,1,4,2622
8179,683,objective_updated,246.51,1,0,1,2625
8180,683,objective_updated,413.55,2,1,0,2625
8181,683,objective_updated,526.39,2,0,1,2625
8182,683,objective_updated,693.01,2,1,2,2625
8183,683,objective_updated,828.4,2,2,3,2625
8194,684,objective_updated,0,1,0,2,2630
8195,684,objective_updated,282.34,2,2,0,2630
8196,684,objective_updated,520.77,3,0,1,2630
8197,684,objective_updated,295.65,2,0,1,2631
8198,684,objective_updated,562.57,2,1,2,2631
8199,684,objective_updated,713.4,2,2,3,2631
8200,684,objective_updated,142.37,2,0,1,2632
8201,684,objective_updated,309.23,3,1,2,2632
8202,684,objective_updated,427.21,4,2,3,2632
8203,684,objective_updated,542.22,5,3,4,2632
8204,684,objective_updated,458.24,2,0,1,2634
8205,684,objective_updated,537.74,2,1,2,2634
8206,684,objective_updated,625.87,2,2,3,2634
8207,684,objective_updated,0,1,0,2,2636
8208,684,objective_updated,318.4,2,2,0,2636
8209,684,objective_updated,570.42,3,0,1,2636
8210,684,objective_updated,0,1,0,2,2637
8211,684,objective_updated,318.4,2,2,0,2637
8212,684,objective_updated,570.42,3,0,1,2637
8213,682,objective_updated,0,1,0,1,2638
8214,682,objective_updated,285.75,2,1,2,2638
8215,682,objective_updated,560.12,3,2,0,2638
8216,682,objective_updated,0,1,0,1,2639
8217,682,objective_updated,285.75,2,1,2,2639
8218,682,objective_updated,560.12,3,2,0,2639
8219,682,objective_updated,0,1,0,1,2640
8220,682,objective_updated,285.75,2,1,2,2640
8221,682,objective_updated,560.12,3,2,0,2640
8222,682,objective_updated,0,1,0,1,2641
8223,682,objective_updated,285.75,2,1,2,2641
8224,682,objective_updated,560.12,3,2,0,2641
8225,685,objective_updated,0,1,0,1,2642
8226,685,objective_updated,231.11,2,1,2,2642
8227,685,objective_updated,494.09,3,2,0,2642
8228,685,objective_updated,310.83,2,0,1,2643
8229,685,objective_updated,464.42,2,1,2,2643
8230,685,objective_updated,586.19,2,2,3,2643
8231,685,objective_updated,103.24,1,0,1,2644
8232,685,objective_updated,390.14,2,1,0,2644
8233,685,objective_updated,481.01,2,0,1,2644
8234,685,objective_updated,558.64,2,1,2,2644
8235,685,objective_updated,800.25,2,2,3,2644
8236,685,objective_updated,147.65,2,0,1,2645
8237,685,objective_updated,271.34,3,1,3,2645
8238,685,objective_updated,407.62,4,3,4,2645
8239,685,objective_updated,542.94,5,4,2,2645
8240,685,objective_updated,155.67,2,0,1,2647
8241,685,objective_updated,507.67,3,1,2,2647
8242,689,objective_updated,305.25,2,0,1,2651
8243,689,objective_updated,609.3,3,1,2,2651
8260,690,objective_updated,93.8,1,0,1,2658
8261,690,objective_updated,207.53,1,1,2,2658
8262,690,objective_updated,433.87,1,2,3,2658
8263,690,objective_updated,433.87,2,3,0,2658
8264,690,objective_updated,700.3,2,0,1,2658
8265,690,objective_updated,55.55,1,0,1,2659
8266,690,objective_updated,262.48,1,1,2,2659
8267,690,objective_updated,506.43,2,2,0,2659
8268,690,objective_updated,115.15,2,0,2,2661
8269,690,objective_updated,231.7,3,2,1,2661
8270,690,objective_updated,387.4,4,1,3,2661
8271,690,objective_updated,522.49,5,3,4,2661
8272,690,objective_updated,0,1,0,1,2662
8273,690,objective_updated,223.92,2,1,2,2662
8274,690,objective_updated,503.72,3,2,0,2662
8275,689,objective_updated,79.74,1,0,1,2664
8276,689,objective_updated,217.44,1,1,2,2664
8277,689,objective_updated,433.59,1,2,3,2664
8278,689,objective_updated,433.59,2,3,0,2664
8279,689,objective_updated,479.1,2,0,1,2664
8280,689,objective_updated,583.87,2,1,2,2664
8281,689,objective_updated,907.1,2,2,3,2664
8282,691,objective_updated,0,1,0,2,2665
8283,691,objective_updated,260.68,2,2,1,2665
8284,691,objective_updated,435.14,3,1,0,2665
8288,691,objective_updated,341.01,2,0,1,2667
8289,691,objective_updated,546.63,2,1,2,2667
8290,691,objective_updated,614.35,2,2,3,2667
8291,691,objective_updated,180.91,2,0,2,2669
8292,691,objective_updated,297.16,3,2,1,2669
8293,691,objective_updated,496.62,4,1,4,2669
8294,691,objective_updated,695.35,5,4,3,2669
8295,691,objective_updated,865.83,6,3,0,2669
8296,691,objective_updated,0,1,0,2,2670
8297,691,objective_updated,307.6,2,2,0,2670
8298,691,objective_updated,615.52,3,0,1,2670
8299,692,objective_updated,0,1,0,1,2671
8300,692,objective_updated,0,1,1,2,2671
8301,692,objective_updated,0,1,2,3,2671
8302,692,objective_updated,0,2,3,0,2671
8303,692,objective_updated,0,2,0,1,2671
8304,692,objective_updated,0,2,1,2,2671
8305,692,objective_updated,0,2,2,3,2671
8306,692,objective_updated,0,1,0,1,2672
8307,692,objective_updated,297.3,2,0,1,2673
8308,692,objective_updated,391.82,2,1,2,2673
8309,692,objective_updated,461.18,2,2,3,2673
8310,693,objective_updated,175.93,2,0,1,2675
8311,693,objective_updated,300.69,3,1,4,2675
8312,693,objective_updated,496.09,4,4,2,2675
8313,693,objective_updated,683.86,5,2,3,2675
8314,693,objective_updated,803.13,6,3,1,2675
8315,693,objective_updated,0,1,0,1,2676
8316,693,objective_updated,241.21,2,1,2,2676
8317,693,objective_updated,501.38,3,2,0,2676
8318,693,objective_updated,101.82,1,0,1,2677
8319,693,objective_updated,274,1,1,2,2677
8320,693,objective_updated,507.76,2,2,0,2677
8321,693,objective_updated,676.61,2,0,1,2677
8322,693,objective_updated,753.96,2,1,2,2677
8323,693,objective_updated,68.99,1,0,1,2678
8324,693,objective_updated,163.75,1,1,2,2678
8325,693,objective_updated,255.45,1,2,3,2678
8326,693,objective_updated,255.45,2,3,0,2678
8327,693,objective_updated,405.94,2,0,1,2678
8328,693,objective_updated,560.12,2,1,2,2678
8329,693,objective_updated,747.47,2,2,3,2678
8330,694,objective_updated,0,1,0,1,2679
8331,694,objective_updated,202.76,2,1,2,2679
8332,694,objective_updated,385.18,3,2,0,2679
8335,694,objective_updated,164.7,1,0,1,2681
8336,694,objective_updated,390.14,2,1,0,2681
8337,694,objective_updated,512.32,2,0,1,2681
8338,694,objective_updated,657.93,2,1,2,2681
8339,694,objective_updated,792.8,2,2,3,2681
8340,694,objective_updated,62.01,1,0,1,2683
8341,694,objective_updated,151.84,1,1,2,2683
8342,694,objective_updated,430.95,1,2,3,2683
8343,694,objective_updated,430.95,2,3,0,2683
8344,694,objective_updated,690.65,2,0,1,2683
8345,694,objective_updated,125.96,2,0,1,2684
8346,694,objective_updated,309.31,3,1,2,2684
8347,694,objective_updated,516.07,4,2,3,2684
8348,694,objective_updated,740.32,5,3,4,2684
8349,694,objective_updated,941.93,6,4,1,2684
8350,694,objective_updated,299.13,2,0,2,2686
8351,694,objective_updated,634.78,3,2,1,2686
8352,695,objective_updated,0,1,0,2,2687
8353,695,objective_updated,225.94,2,2,0,2687
8354,695,objective_updated,461.77,3,0,1,2687
8355,695,objective_updated,334.88,2,0,1,2688
8356,695,objective_updated,605.27,2,1,2,2688
8357,695,objective_updated,183.95,2,0,1,2689
8358,695,objective_updated,404.67,3,1,4,2689
8359,695,objective_updated,592.29,4,4,3,2689
8360,695,objective_updated,751.46,5,3,2,2689
8361,695,objective_updated,912.11,6,2,3,2689
8362,695,objective_updated,336.02,2,0,1,2691
8363,695,objective_updated,422.25,2,1,2,2691
8364,695,objective_updated,705.99,2,2,3,2691
8365,695,objective_updated,336.02,2,0,1,2692
8366,695,objective_updated,422.25,2,1,2,2692
8367,695,objective_updated,705.99,2,2,3,2692
8368,696,objective_updated,0,1,0,1,2693
8369,696,objective_updated,291.32,2,1,2,2693
8370,696,objective_updated,496.23,3,2,0,2693
8371,696,objective_updated,89.5,1,0,1,2694
8372,696,objective_updated,278.63,1,1,2,2694
8373,696,objective_updated,485.2,2,2,0,2694
8374,696,objective_updated,562.24,2,0,1,2694
8375,696,objective_updated,674.45,2,1,2,2694
8376,696,objective_updated,844.9,2,2,3,2694
8377,696,objective_updated,243.61,1,0,1,2695
8378,696,objective_updated,328.16,1,1,2,2695
8379,696,objective_updated,416.38,1,2,3,2695
8380,696,objective_updated,416.4,2,3,0,2695
8381,696,objective_updated,558.01,2,0,1,2695
8382,696,objective_updated,717.49,2,1,2,2695
8383,696,objective_updated,851.47,2,2,3,2695
8384,696,objective_updated,187.65,2,0,1,2696
8385,696,objective_updated,321.18,3,1,2,2696
8386,696,objective_updated,546.91,4,2,3,2696
8387,696,objective_updated,680.15,5,3,4,2696
8388,696,objective_updated,233.88,2,0,1,2698
8389,696,objective_updated,440.23,3,1,2,2698
8390,697,objective_updated,0,1,0,1,2699
8391,697,objective_updated,313.94,2,1,2,2699
8392,697,objective_updated,492.17,3,2,0,2699
8403,697,objective_updated,322.71,2,0,1,2702
8404,697,objective_updated,533.87,2,1,2,2702
8414,699,objective_updated,251.93,2,0,1,2711
8415,699,objective_updated,571.75,3,1,2,2711
8416,699,objective_updated,145.36,1,0,1,2712
8417,699,objective_updated,401.97,2,1,0,2712
8418,699,objective_updated,633.15,2,0,1,2712
8419,699,objective_updated,745.07,2,1,2,2712
8420,699,objective_updated,138.88,1,0,1,2714
8421,699,objective_updated,239.65,1,1,2,2714
8422,699,objective_updated,480.22,2,2,0,2714
8423,699,objective_updated,123.64,2,0,4,2715
8424,699,objective_updated,271.05,3,4,1,2715
8425,699,objective_updated,391.83,4,1,2,2715
8426,699,objective_updated,507.08,5,2,3,2715
8427,699,objective_updated,673.02,6,3,0,2715
8428,702,objective_updated,0,1,0,2,2716
8429,702,objective_updated,178.33,2,2,0,2716
8430,702,objective_updated,417.3,3,0,1,2716
8431,702,objective_updated,193.56,1,0,1,2717
8432,702,objective_updated,429.48,2,1,0,2717
8433,702,objective_updated,499.8,2,0,1,2717
8434,702,objective_updated,763.44,2,1,2,2717
8435,702,objective_updated,861.16,2,2,3,2717
8436,702,objective_updated,248.91,1,0,1,2719
8437,702,objective_updated,420.11,2,1,0,2719
8438,702,objective_updated,519.14,2,0,1,2719
8439,702,objective_updated,593.82,2,1,2,2719
8440,702,objective_updated,663.75,2,2,3,2719
8441,702,objective_updated,230.85,2,0,1,2720
8442,702,objective_updated,387.22,3,1,4,2720
8443,702,objective_updated,607.86,4,4,2,2720
8444,702,objective_updated,754.19,5,2,3,2720
8445,702,objective_updated,895.4,6,3,2,2720
8446,702,objective_updated,0,1,0,2,2721
8447,702,objective_updated,197.16,2,2,0,2721
8448,702,objective_updated,360.4,3,0,1,2721
8449,703,objective_updated,0,1,0,2,2722
8450,703,objective_updated,270.24,2,2,1,2722
8451,703,objective_updated,579.98,3,1,0,2722
8452,703,objective_updated,81.07,1,0,1,2723
8453,703,objective_updated,193.44,1,1,2,2723
8454,703,objective_updated,257.44,1,2,3,2723
8455,703,objective_updated,257.44,2,3,0,2723
8456,703,objective_updated,344.41,2,0,1,2723
8457,703,objective_updated,73.12,1,0,1,2725
8458,703,objective_updated,164.54,1,1,2,2725
8459,703,objective_updated,433.41,1,2,3,2725
8460,703,objective_updated,433.41,2,3,0,2725
8461,703,objective_updated,165.05,2,0,3,2726
8462,703,objective_updated,296.84,3,3,2,2726
8463,703,objective_updated,498.62,4,2,4,2726
8464,703,objective_updated,653.18,5,4,1,2726
8465,703,objective_updated,0,1,0,2,2727
8466,703,objective_updated,209.66,2,2,0,2727
8467,703,objective_updated,523.71,3,0,1,2727
8468,704,objective_updated,179.65,2,0,2,2728
8469,704,objective_updated,434.47,3,2,1,2728
8470,704,objective_updated,190.27,1,0,1,2729
8471,704,objective_updated,273.58,1,1,2,2729
8472,704,objective_updated,485.47,2,2,0,2729
8473,704,objective_updated,114.07,2,0,4,2730
8474,704,objective_updated,259.95,3,4,1,2730
8475,704,objective_updated,378.63,4,1,3,2730
8476,704,objective_updated,497.05,5,3,2,2730
8481,704,objective_updated,0,1,0,2,2734
8482,704,objective_updated,239.72,2,2,0,2734
8483,704,objective_updated,476.75,3,0,1,2734
8484,704,objective_updated,97.98,1,0,1,2735
8485,704,objective_updated,195.57,1,1,2,2735
8486,704,objective_updated,261.93,1,2,3,2735
8487,704,objective_updated,261.93,2,3,0,2735
8488,705,objective_updated,0,1,0,2,2736
8489,705,objective_updated,255.52,2,2,0,2736
8490,705,objective_updated,550.73,3,0,1,2736
8503,705,objective_updated,204.82,2,0,2,2741
8504,705,objective_updated,410.11,3,2,1,2741
8505,705,objective_updated,531.52,4,1,3,2741
8506,705,objective_updated,692.34,5,3,4,2741
8507,705,objective_updated,887.86,6,4,3,2741
8514,707,objective_updated,43.78,1,0,1,2744
8515,707,objective_updated,418.44,1,1,2,2744
8516,707,objective_updated,531.98,2,2,0,2744
8517,707,objective_updated,706.86,2,0,1,2744
8518,707,objective_updated,896.71,2,1,2,2744
8519,707,objective_updated,401.35,2,0,1,2745
8520,707,objective_updated,581.18,2,1,2,2745
8526,708,objective_updated,0,1,0,2,2748
8527,708,objective_updated,197.78,2,2,0,2748
8528,708,objective_updated,409.04,3,0,1,2748
8535,708,objective_updated,88.91,1,0,1,2751
8536,708,objective_updated,178.03,1,1,2,2751
8537,708,objective_updated,480.2,2,2,0,2751
8538,708,objective_updated,565.89,2,0,1,2751
8539,708,objective_updated,638.82,2,1,2,2751
8540,708,objective_updated,819.86,2,2,3,2751
8541,708,objective_updated,158.98,2,0,4,2752
8542,708,objective_updated,338.26,3,4,1,2752
8543,708,objective_updated,476.76,4,1,3,2752
8544,708,objective_updated,656.42,5,3,2,2752
8545,708,objective_updated,866.2,6,2,4,2752
8546,709,objective_updated,0,1,0,2,2753
8547,709,objective_updated,295.87,2,2,0,2753
8548,709,objective_updated,533.45,3,0,1,2753
8549,709,objective_updated,99.77,1,0,1,2754
8550,709,objective_updated,259.57,1,1,2,2754
8551,709,objective_updated,369.44,1,2,3,2754
8552,709,objective_updated,369.44,2,3,0,2754
8553,709,objective_updated,123.15,1,0,1,2755
8554,709,objective_updated,229.63,1,1,2,2755
8555,709,objective_updated,436.66,1,2,3,2755
8556,709,objective_updated,436.66,2,3,0,2755
8557,709,objective_updated,529.86,2,0,1,2755
8558,709,objective_updated,668.82,2,1,2,2755
8559,709,objective_updated,823.97,2,2,3,2755
8560,709,objective_updated,123.15,1,0,1,2756
8561,709,objective_updated,229.63,1,1,2,2756
8562,709,objective_updated,436.66,1,2,3,2756
8563,709,objective_updated,436.66,2,3,0,2756
8564,709,objective_updated,529.86,2,0,1,2756
8565,709,objective_updated,668.82,2,1,2,2756
8566,709,objective_updated,823.97,2,2,3,2756
8574,709,objective_updated,132.01,2,0,1,2759
8575,709,objective_updated,292.86,3,1,2,2759
8576,709,objective_updated,509.1,4,2,3,2759
8577,709,objective_updated,704.63,5,3,4,2759
8578,709,objective_updated,940.42,6,4,0,2759
8579,692,objective_updated,0,1,0,2,2760
8580,692,objective_updated,310.85,2,2,1,2760
8581,692,objective_updated,652.79,3,1,0,2760
8582,710,objective_updated,0,1,0,2,2761
8583,710,objective_updated,310.85,2,2,1,2761
8584,710,objective_updated,652.79,3,1,0,2761
8585,710,objective_updated,81.84,1,0,1,2762
8586,710,objective_updated,416.66,2,1,0,2762
8587,710,objective_updated,447.51,2,0,1,2762
8588,710,objective_updated,598.15,2,1,2,2762
8589,710,objective_updated,725.98,2,2,3,2762
8590,710,objective_updated,81.84,1,0,1,2765
8591,710,objective_updated,416.66,2,1,0,2765
8592,710,objective_updated,447.51,2,0,1,2765
8593,710,objective_updated,598.15,2,1,2,2765
8594,710,objective_updated,725.98,2,2,3,2765
8595,715,objective_updated,0,1,0,1,2767
8596,715,objective_updated,223.63,2,1,2,2767
8597,715,objective_updated,534.21,3,2,0,2767
8598,715,objective_updated,81.42,1,0,1,2768
8599,715,objective_updated,185.01,1,1,2,2768
8600,715,objective_updated,497.72,2,2,0,2768
8601,715,objective_updated,647.9,2,0,1,2768
8602,715,objective_updated,814.48,2,1,2,2768
8603,715,objective_updated,942.09,2,2,3,2768
8604,715,objective_updated,197.22,1,0,1,2769
8605,715,objective_updated,309.03,1,1,2,2769
8606,715,objective_updated,511.55,2,2,0,2769
8607,715,objective_updated,640.45,2,0,1,2769
8608,715,objective_updated,724.05,2,1,2,2769
8614,715,objective_updated,0,1,0,2,2772
8615,715,objective_updated,169.71,2,2,1,2772
8616,715,objective_updated,369.84,3,1,0,2772
8617,716,objective_updated,357.74,2,0,1,2774
8618,716,objective_updated,438.28,2,1,2,2774
8619,716,objective_updated,665.22,2,2,3,2774
8620,716,objective_updated,190.55,2,0,2,2775
8621,716,objective_updated,319.79,3,2,1,2775
8622,716,objective_updated,492.81,4,1,3,2775
8623,716,objective_updated,690.2,5,3,4,2775
8624,716,objective_updated,270.4,2,0,2,2777
8625,716,objective_updated,544.7,3,2,1,2777
8632,717,objective_updated,113.75,1,0,1,2779
8633,717,objective_updated,390.15,2,1,0,2779
8634,717,objective_updated,514.76,2,0,1,2779
8635,717,objective_updated,784.38,2,1,2,2779
8636,717,objective_updated,837.51,2,2,3,2779
8652,718,objective_updated,245.06,1,0,1,2784
8653,718,objective_updated,431.24,2,1,0,2784
8654,718,objective_updated,628.73,2,0,1,2784
8655,718,objective_updated,779.03,2,1,2,2784
8656,718,objective_updated,867.17,2,2,3,2784
8657,718,objective_updated,343.49,2,0,1,2786
8658,718,objective_updated,410.74,2,1,2,2786
8659,718,objective_updated,528.83,2,2,3,2786
8660,717,objective_updated,132.04,2,0,4,2788
8661,717,objective_updated,279.13,3,4,1,2788
8662,717,objective_updated,397.11,4,1,3,2788
8663,717,objective_updated,619.3,5,3,2,2788
8664,717,objective_updated,750.79,6,2,4,2788
8665,719,objective_updated,0,1,0,2,2789
8666,719,objective_updated,157.93,2,2,0,2789
8667,719,objective_updated,339.33,3,0,1,2789
8679,719,objective_updated,0,1,0,1,2794
8680,719,objective_updated,184.48,2,1,2,2794
8681,719,objective_updated,459.92,3,2,0,2794
8682,717,objective_updated,354.5,2,0,1,2795
8683,717,objective_updated,553.53,3,1,2,2795
8684,720,objective_updated,0,1,0,1,2796
8685,720,objective_updated,198.07,2,1,2,2796
8686,720,objective_updated,443.59,3,2,0,2796
8687,720,objective_updated,236.13,1,0,1,2797
8688,720,objective_updated,326.7,1,1,2,2797
8689,720,objective_updated,439.4,1,2,3,2797
8690,720,objective_updated,439.42,2,3,0,2797
8691,720,objective_updated,682.35,2,0,1,2797
8692,720,objective_updated,761.73,2,1,2,2797
8693,720,objective_updated,122.52,2,0,4,2798
8694,720,objective_updated,248.43,3,4,2,2798
8695,720,objective_updated,367.39,4,2,1,2798
8696,720,objective_updated,498.57,5,1,3,2798
8697,720,objective_updated,742.64,6,3,2,2798
8698,720,objective_updated,56.75,1,0,1,2799
8699,720,objective_updated,331.51,1,1,2,2799
8700,720,objective_updated,480.18,2,2,0,2799
8701,720,objective_updated,649.65,2,0,1,2799
8702,720,objective_updated,822.58,2,1,2,2799
8703,720,objective_updated,129.59,1,0,1,2801
8704,720,objective_updated,252,1,1,2,2801
8705,720,objective_updated,506.81,2,2,0,2801
8706,720,objective_updated,596.12,2,0,1,2801
8707,720,objective_updated,755.76,2,1,2,2801
8708,721,objective_updated,0,1,0,2,2802
8709,721,objective_updated,308.42,2,2,0,2802
8710,721,objective_updated,495.11,3,0,1,2802
8711,722,objective_updated,175.53,1,0,1,2803
8712,722,objective_updated,402.48,1,1,2,2803
8713,722,objective_updated,492.56,2,2,0,2803
8714,722,objective_updated,741.15,2,0,1,2803
8715,722,objective_updated,872.03,2,1,2,2803
8716,722,objective_updated,938.73,2,2,3,2803
8717,723,objective_updated,175.53,1,0,1,2804
8718,723,objective_updated,402.48,1,1,2,2804
8719,723,objective_updated,492.56,2,2,0,2804
8720,723,objective_updated,741.15,2,0,1,2804
8721,723,objective_updated,872.03,2,1,2,2804
8722,723,objective_updated,938.73,2,2,3,2804
8735,726,objective_updated,0,1,0,2,2807
8736,726,objective_updated,217.21,2,2,0,2807
8737,726,objective_updated,414.95,3,0,1,2807
8738,721,objective_updated,62.53,1,0,1,2809
8739,721,objective_updated,310.22,1,1,2,2809
8740,721,objective_updated,496.78,2,2,0,2809
8741,721,objective_updated,643.46,2,0,1,2809
8742,721,objective_updated,854.99,2,1,2,2809
8743,721,objective_updated,194.96,2,0,3,2810
8744,721,objective_updated,374.76,3,3,1,2810
8745,721,objective_updated,506.42,4,1,4,2810
8746,721,objective_updated,703.51,5,4,2,2810
8747,721,objective_updated,175.53,1,0,1,2812
8748,721,objective_updated,402.48,1,1,2,2812
8749,721,objective_updated,492.56,2,2,0,2812
8750,721,objective_updated,741.15,2,0,1,2812
8751,721,objective_updated,872.03,2,1,2,2812
8752,721,objective_updated,938.73,2,2,3,2812
8753,725,objective_updated,0,1,0,2,2813
8754,725,objective_updated,228.07,2,2,0,2813
8755,725,objective_updated,472.41,3,0,1,2813
8756,725,objective_updated,51.06,1,0,1,2814
8757,725,objective_updated,202.63,1,1,2,2814
8758,725,objective_updated,260.32,1,2,3,2814
8759,725,objective_updated,260.34,2,3,0,2814
8760,725,objective_updated,382.46,2,0,1,2814
8761,725,objective_updated,479.38,2,1,2,2814
8762,725,objective_updated,583.77,2,2,3,2814
8763,725,objective_updated,184.27,2,0,3,2815
8764,725,objective_updated,346.87,3,3,2,2815
8765,725,objective_updated,513.95,4,2,4,2815
8766,725,objective_updated,646.08,5,4,1,2815
8767,725,objective_updated,833.93,6,1,2,2815
8768,725,objective_updated,207.56,1,0,1,2817
8769,725,objective_updated,341.26,1,1,2,2817
8770,725,objective_updated,449.14,1,2,3,2817
8771,725,objective_updated,449.14,2,3,0,2817
8772,725,objective_updated,638.9,2,0,1,2817
8773,725,objective_updated,863.85,2,1,2,2817
8774,725,objective_updated,0,1,0,1,2818
8775,725,objective_updated,362.66,2,1,2,2818
8776,725,objective_updated,643.5,3,2,0,2818
8777,726,objective_updated,47.07,1,0,1,2819
8778,726,objective_updated,147.78,1,1,2,2819
8779,726,objective_updated,514.66,2,2,0,2819
8780,726,objective_updated,679.79,2,0,1,2819
8781,726,objective_updated,104.62,2,0,3,2820
8782,726,objective_updated,273.13,3,3,4,2820
8783,726,objective_updated,448.39,4,4,2,2820
8784,726,objective_updated,594.24,5,2,1,2820
8785,726,objective_updated,803.41,6,1,0,2820
8786,726,objective_updated,100.2,1,0,1,2821
8787,726,objective_updated,305.7,1,1,2,2821
8788,726,objective_updated,432.06,1,2,3,2821
8789,726,objective_updated,432.06,2,3,0,2821
8790,726,objective_updated,607.41,2,0,1,2821
8791,726,objective_updated,739.56,2,1,2,2821
8792,726,objective_updated,884.62,2,2,3,2821
8796,727,objective_updated,0,1,0,2,2824
8797,727,objective_updated,253.9,2,2,1,2824
8798,727,objective_updated,564.34,3,1,0,2824
8799,727,objective_updated,405.21,2,0,1,2825
8800,727,objective_updated,596.49,2,1,2,2825
8801,727,objective_updated,787.74,2,2,3,2825
8802,727,objective_updated,147.89,2,0,3,2826
8803,727,objective_updated,338.42,3,3,1,2826
8804,727,objective_updated,529.67,4,1,4,2826
8805,727,objective_updated,684.78,5,4,2,2826
8806,727,objective_updated,517.25,2,0,1,2828
8807,727,objective_updated,656.18,2,1,2,2828
8808,727,objective_updated,778.01,2,2,3,2828
8809,727,objective_updated,0,1,0,2,2829
8810,727,objective_updated,215.93,2,2,1,2829
8811,727,objective_updated,488.35,3,1,0,2829
8812,728,objective_updated,0,1,0,2,2830
8813,728,objective_updated,286.28,2,2,0,2830
8814,728,objective_updated,619.22,3,0,1,2830
8815,728,objective_updated,220.96,1,0,1,2831
8816,728,objective_updated,329.83,1,1,2,2831
8817,728,objective_updated,480.2,2,2,0,2831
8818,728,objective_updated,614.14,2,0,1,2831
8819,728,objective_updated,759.8,2,1,2,2831
8820,728,objective_updated,898.93,2,2,3,2831
8821,728,objective_updated,114.39,2,0,2,2832
8822,728,objective_updated,314.89,3,2,1,2832
8823,728,objective_updated,491.37,4,1,4,2832
8824,728,objective_updated,635.62,5,4,3,2832
8825,728,objective_updated,878.07,6,3,4,2832
8828,729,objective_updated,332.95,2,0,2,2835
8829,729,objective_updated,504.45,3,2,1,2835
8830,729,objective_updated,319.15,2,0,1,2836
8831,729,objective_updated,455.54,2,1,2,2836
8832,729,objective_updated,560.35,2,2,3,2836
8833,729,objective_updated,114.25,2,0,2,2837
8834,729,objective_updated,304.05,3,2,3,2837
8835,729,objective_updated,468.03,4,3,4,2837
8836,729,objective_updated,624.67,5,4,1,2837
8837,729,objective_updated,813.89,6,1,3,2837
8838,729,objective_updated,183.89,1,0,1,2839
8839,729,objective_updated,413.52,2,1,0,2839
8840,729,objective_updated,518.69,2,0,1,2839
8841,729,objective_updated,578.86,2,1,2,2839
8842,730,objective_updated,239,2,0,1,2840
8843,730,objective_updated,406.1,3,1,2,2840
8844,730,objective_updated,251.16,1,0,1,2841
8845,730,objective_updated,411.08,2,1,0,2841
8846,730,objective_updated,458.93,2,0,1,2841
8847,730,objective_updated,574.51,2,1,2,2841
8848,730,objective_updated,733.67,2,2,3,2841
8849,730,objective_updated,156.16,1,0,1,2844
8850,730,objective_updated,227.79,1,1,2,2844
8851,730,objective_updated,339.6,1,2,3,2844
8852,730,objective_updated,339.6,2,3,0,2844
8864,732,objective_updated,84.84,1,0,1,2849
8865,732,objective_updated,289.6,1,1,2,2849
8866,732,objective_updated,490.23,2,2,0,2849
8867,732,objective_updated,529.62,2,0,1,2849
8868,732,objective_updated,662.02,2,1,2,2849
8869,732,objective_updated,736.29,2,2,3,2849
8880,732,objective_updated,0,1,0,2,2853
8881,732,objective_updated,306.36,2,2,1,2853
8882,732,objective_updated,612.32,3,1,0,2853
8883,733,objective_updated,0,1,0,2,2854
8884,733,objective_updated,196.87,2,2,0,2854
8885,733,objective_updated,379.93,3,0,1,2854
8886,733,objective_updated,80.43,1,0,1,2855
8887,733,objective_updated,175.18,1,1,2,2855
8888,733,objective_updated,301.69,1,2,3,2855
8889,733,objective_updated,301.71,2,3,0,2855
8890,733,objective_updated,501.53,2,0,1,2855
8891,733,objective_updated,724.76,2,1,2,2855
8892,733,objective_updated,0,1,0,1,2856
8893,733,objective_updated,229.47,2,1,2,2856
8894,733,objective_updated,434.28,3,2,0,2856
8895,733,objective_updated,53.85,1,0,1,2857
8896,733,objective_updated,156,1,1,2,2857
8897,733,objective_updated,242.06,1,2,3,2857
8898,733,objective_updated,242.06,2,3,0,2857
8899,733,objective_updated,345.77,2,0,1,2857
8900,733,objective_updated,575.5,2,1,2,2857
8901,733,objective_updated,53.85,1,0,1,2858
8902,733,objective_updated,156,1,1,2,2858
8903,733,objective_updated,242.06,1,2,3,2858
8904,733,objective_updated,242.06,2,3,0,2858
8905,733,objective_updated,345.77,2,0,1,2858
8906,733,objective_updated,575.5,2,1,2,2858
8907,734,objective_updated,0,1,0,1,2862
8908,734,objective_updated,208.46,2,1,2,2862
8909,734,objective_updated,427.68,3,2,0,2862
8910,734,objective_updated,85.31,1,0,1,2863
8911,734,objective_updated,158.98,1,1,2,2863
8912,734,objective_updated,376.3,1,2,3,2863
8913,734,objective_updated,376.3,2,3,0,2863
8914,734,objective_updated,515.23,2,0,1,2863
8915,734,objective_updated,635.46,2,1,2,2863
8916,734,objective_updated,121.93,2,0,2,2866
8917,734,objective_updated,241.93,3,2,3,2866
8918,734,objective_updated,384.12,4,3,1,2866
8919,734,objective_updated,562.94,5,1,4,2866
8920,734,objective_updated,691.94,6,4,3,2866
8921,734,objective_updated,151.67,1,0,1,2867
8922,734,objective_updated,336.57,1,1,2,2867
8923,734,objective_updated,501.3,1,2,3,2867
8924,734,objective_updated,501.3,2,3,0,2867
8925,734,objective_updated,580.3,2,0,1,2867
8926,734,objective_updated,714.35,2,1,2,2867
8927,735,objective_updated,246.59,2,0,2,2870
8928,735,objective_updated,557.57,3,2,1,2870
8929,735,objective_updated,218.65,1,0,1,2871
8930,735,objective_updated,400.48,1,1,2,2871
8931,735,objective_updated,521.36,2,2,0,2871
8932,735,objective_updated,177.5,2,0,3,2872
8933,735,objective_updated,373.91,3,3,1,2872
8934,735,objective_updated,560.73,4,1,2,2872
8935,735,objective_updated,675.79,5,2,4,2872
8936,735,objective_updated,846.86,6,4,2,2872
8937,735,objective_updated,65.13,1,0,1,2873
8938,735,objective_updated,253.79,1,1,2,2873
8939,735,objective_updated,480.17,2,2,0,2873
8940,735,objective_updated,569.36,2,0,1,2873
8941,735,objective_updated,794.09,2,1,2,2873
8948,738,objective_updated,0,1,0,2,2876
8949,738,objective_updated,205.88,2,2,1,2876
8950,738,objective_updated,481.67,3,1,0,2876
8951,739,objective_updated,0,1,0,2,2877
8952,739,objective_updated,205.88,2,2,1,2877
8953,739,objective_updated,481.67,3,1,0,2877
8954,740,objective_updated,0,1,0,2,2878
8955,740,objective_updated,205.88,2,2,1,2878
8956,740,objective_updated,481.67,3,1,0,2878
8957,741,objective_updated,0,1,0,2,2879
8958,741,objective_updated,205.88,2,2,1,2879
8959,741,objective_updated,481.67,3,1,0,2879
8960,742,objective_updated,0,1,0,2,2880
8961,742,objective_updated,205.88,2,2,1,2880
8962,742,objective_updated,481.67,3,1,0,2880
8966,744,objective_updated,0,1,0,2,2882
8967,744,objective_updated,205.88,2,2,1,2882
8968,744,objective_updated,481.67,3,1,0,2882
8984,746,objective_updated,0,1,0,1,2887
8985,746,objective_updated,170.67,2,1,2,2887
8986,746,objective_updated,401.19,3,2,0,2887
8987,746,objective_updated,321.49,2,0,1,2888
8988,746,objective_updated,460.31,2,1,2,2888
8989,746,objective_updated,526,2,2,3,2888
8990,746,objective_updated,119.08,2,0,3,2889
8991,746,objective_updated,277.01,3,3,1,2889
8992,746,objective_updated,413.26,4,1,4,2889
8993,746,objective_updated,616.33,5,4,2,2889
8994,746,objective_updated,95.63,1,0,1,2891
8995,746,objective_updated,194.32,1,1,2,2891
8996,746,objective_updated,336.26,1,2,3,2891
8997,746,objective_updated,336.26,2,3,0,2891
8998,746,objective_updated,477.41,2,0,1,2891
8999,746,objective_updated,623.05,2,1,2,2891
9000,746,objective_updated,819.79,2,2,3,2891
9001,746,objective_updated,0,1,0,2,2892
9002,746,objective_updated,192.48,2,2,1,2892
9003,746,objective_updated,384.58,3,1,0,2892
9004,745,objective_updated,0,1,0,2,2893
9005,745,objective_updated,205.88,2,2,1,2893
9006,745,objective_updated,481.67,3,1,0,2893
9007,745,objective_updated,0,1,0,2,2894
9008,745,objective_updated,205.88,2,2,1,2894
9009,745,objective_updated,481.67,3,1,0,2894
9010,745,objective_updated,115.59,2,0,2,2895
9011,745,objective_updated,333.1,3,2,3,2895
9012,745,objective_updated,487.61,4,3,1,2895
9013,745,objective_updated,679.72,5,1,4,2895
9014,745,objective_updated,908.06,6,4,0,2895
9015,745,objective_updated,151.32,1,0,1,2896
9016,745,objective_updated,271.35,1,1,2,2896
9017,745,objective_updated,391.08,1,2,3,2896
9018,745,objective_updated,391.08,2,3,0,2896
9019,745,objective_updated,490.49,2,0,1,2896
9020,745,objective_updated,738.6,2,1,2,2896
9021,745,objective_updated,0,1,0,2,2898
9022,745,objective_updated,205.88,2,2,1,2898
9023,745,objective_updated,481.67,3,1,0,2898
9037,753,objective_updated,0,1,0,1,2909
9038,753,objective_updated,218.96,2,1,0,2909
9039,753,objective_updated,509.71,3,0,2,2909
9040,753,objective_updated,183.81,2,0,1,2911
9041,753,objective_updated,303.84,3,1,3,2911
9042,753,objective_updated,423.1,4,3,4,2911
9043,753,objective_updated,561.69,5,4,2,2911
9054,753,objective_updated,0,1,0,1,2914
9055,753,objective_updated,188.5,2,1,0,2914
9056,753,objective_updated,346.12,3,0,2,2914
9059,753,objective_updated,61.29,1,0,1,2916
9060,753,objective_updated,194.68,1,1,2,2916
9061,753,objective_updated,248.47,1,2,3,2916
9062,753,objective_updated,248.49,2,3,0,2916
9063,753,objective_updated,506.35,2,0,1,2916
9064,753,objective_updated,209.75,1,0,1,2917
9065,753,objective_updated,338.86,1,1,2,2917
9066,753,objective_updated,487.45,2,2,0,2917
9067,753,objective_updated,702.95,2,0,1,2917
9068,753,objective_updated,112.91,2,0,4,2918
9069,753,objective_updated,270.7,3,4,1,2918
9070,753,objective_updated,405.19,4,1,3,2918
9071,753,objective_updated,605.63,5,3,2,2918
9072,753,objective_updated,0,1,0,2,2919
9073,753,objective_updated,196.47,2,2,0,2919
9074,753,objective_updated,386.6,3,0,1,2919
9075,753,objective_updated,69.69,1,0,1,2920
9076,753,objective_updated,236.42,1,1,2,2920
9077,753,objective_updated,380.03,1,2,3,2920
9078,753,objective_updated,380.03,2,3,0,2920
9079,753,objective_updated,579.27,2,0,1,2920
9080,753,objective_updated,189.39,2,0,1,2921
9081,753,objective_updated,373.64,3,1,2,2921
9082,754,objective_updated,0,1,0,2,2922
9083,754,objective_updated,217.17,2,2,1,2922
9084,754,objective_updated,502.95,3,1,0,2922
9085,754,objective_updated,136.17,1,0,1,2923
9086,754,objective_updated,416.71,1,1,2,2923
9087,754,objective_updated,539.92,2,2,0,2923
9088,754,objective_updated,650.96,2,0,1,2923
9089,754,objective_updated,866.17,2,1,2,2923
9090,754,objective_updated,982.77,2,2,3,2923
9091,754,objective_updated,254.76,1,0,1,2924
9092,754,objective_updated,325.42,1,1,2,2924
9093,754,objective_updated,522.93,1,2,3,2924
9094,754,objective_updated,522.95,2,3,0,2924
9095,754,objective_updated,622.48,2,0,1,2924
9096,754,objective_updated,826.17,2,1,2,2924
9097,754,objective_updated,1046.39,2,2,3,2924
9098,754,objective_updated,235.52,2,0,4,2925
9099,754,objective_updated,499.88,3,4,1,2925
9100,754,objective_updated,708.53,4,1,3,2925
9101,754,objective_updated,829.2,5,3,2,2925
9102,754,objective_updated,1044.11,6,2,3,2925
9103,755,objective_updated,0,1,0,1,2927
9104,755,objective_updated,335.36,2,1,2,2927
9105,755,objective_updated,629.99,3,2,0,2927
9106,755,objective_updated,219.93,1,0,1,2928
9107,755,objective_updated,418.48,2,1,0,2928
9108,755,objective_updated,522.47,2,0,1,2928
9109,755,objective_updated,649.5,2,1,2,2928
9110,755,objective_updated,184.69,1,0,1,2930
9111,755,objective_updated,383.72,1,1,2,2930
9112,755,objective_updated,506.05,2,2,0,2930
9113,755,objective_updated,184.86,2,0,4,2931
9114,755,objective_updated,333.35,3,4,1,2931
9115,755,objective_updated,468.17,4,1,3,2931
9116,755,objective_updated,598.71,5,3,2,2931
9117,755,objective_updated,805.38,6,2,4,2931
9118,736,objective_updated,88.73,1,0,1,2932
9119,736,objective_updated,262.5,1,1,2,2932
9120,736,objective_updated,498.58,1,2,3,2932
9121,736,objective_updated,498.58,2,3,0,2932
9122,736,objective_updated,592.85,2,0,1,2932
9123,736,objective_updated,911.89,2,1,2,2932
9124,736,objective_updated,264.62,2,0,2,2933
9125,736,objective_updated,573.5,3,2,1,2933
9126,736,objective_updated,73.04,1,0,1,2934
9127,736,objective_updated,168.99,1,1,2,2934
9128,736,objective_updated,299.98,1,2,3,2934
9129,736,objective_updated,300,2,3,0,2934
9130,736,objective_updated,486,2,0,1,2934
9131,736,objective_updated,690.77,2,1,2,2934
9132,736,objective_updated,105.98,2,0,1,2936
9133,736,objective_updated,316,3,1,4,2936
9134,736,objective_updated,479.88,4,4,2,2936
9135,736,objective_updated,639.93,5,2,3,2936
9136,736,objective_updated,783.3,6,3,1,2936
9137,756,objective_updated,0,1,0,2,2938
9138,756,objective_updated,247.35,2,2,0,2938
9139,756,objective_updated,470.24,3,0,1,2938
9140,756,objective_updated,189.81,1,0,1,2939
9141,756,objective_updated,400.03,1,1,2,2939
9142,756,objective_updated,482.83,1,2,3,2939
9143,756,objective_updated,482.84,2,3,0,2939
9144,756,objective_updated,520.32,2,0,1,2939
9145,756,objective_updated,629.89,2,1,2,2939
9146,756,objective_updated,674.6,2,2,3,2939
9147,756,objective_updated,179.41,1,0,1,2940
9148,756,objective_updated,299.38,1,1,2,2940
9149,756,objective_updated,496.01,2,2,0,2940
9150,756,objective_updated,618.48,2,0,1,2940
9151,756,objective_updated,810.53,2,1,2,2940
9152,756,objective_updated,991.5,2,2,3,2940
9153,756,objective_updated,163,2,0,3,2942
9154,756,objective_updated,396.06,3,3,1,2942
9155,756,objective_updated,570.11,4,1,4,2942
9156,756,objective_updated,739.74,5,4,2,2942
9157,756,objective_updated,919.18,6,2,1,2942
9158,757,objective_updated,301.2,2,0,1,2943
9159,757,objective_updated,514.21,3,1,2,2943
9160,757,objective_updated,141.82,1,0,1,2945
9161,757,objective_updated,269.5,1,1,2,2945
9162,757,objective_updated,345.3,1,2,3,2945
9163,757,objective_updated,345.3,2,3,0,2945
9164,757,objective_updated,563.47,2,0,1,2945
9165,757,objective_updated,141.82,1,0,1,2946
9166,757,objective_updated,269.5,1,1,2,2946
9167,757,objective_updated,345.3,1,2,3,2946
9168,757,objective_updated,345.3,2,3,0,2946
9169,757,objective_updated,563.47,2,0,1,2946
9170,757,objective_updated,126.7,1,0,1,2948
9171,757,objective_updated,271.91,1,1,2,2948
9172,757,objective_updated,400.63,1,2,3,2948
9173,757,objective_updated,400.63,2,3,0,2948
9174,757,objective_updated,537.78,2,0,1,2948
9175,757,objective_updated,118.86,2,0,3,2949
9176,757,objective_updated,243.21,3,3,1,2949
9177,757,objective_updated,448.32,4,1,4,2949
9178,757,objective_updated,677.79,5,4,2,2949
9179,757,objective_updated,860.17,6,2,1,2949
9180,759,objective_updated,0,1,0,2,2950
9181,759,objective_updated,241.82,2,2,0,2950
9182,759,objective_updated,504.86,3,0,1,2950
9183,759,objective_updated,256.64,1,0,1,2951
9184,759,objective_updated,445.87,2,1,0,2951
9200,761,objective_updated,152.83,1,0,1,2958
9201,761,objective_updated,390.12,2,1,0,2958
9202,761,objective_updated,563.77,2,0,1,2958
9203,761,objective_updated,645.52,2,1,2,2958
9204,761,objective_updated,879.1,2,2,3,2958
9205,761,objective_updated,152.83,1,0,1,2959
9206,761,objective_updated,390.12,2,1,0,2959
9207,761,objective_updated,563.77,2,0,1,2959
9208,761,objective_updated,645.52,2,1,2,2959
9209,761,objective_updated,879.1,2,2,3,2959
9210,761,objective_updated,61.57,1,0,1,2960
9211,761,objective_updated,334.52,1,1,2,2960
9212,761,objective_updated,480.22,2,2,0,2960
9213,761,objective_updated,554.38,2,0,1,2960
9214,761,objective_updated,790.19,2,1,2,2960
9215,761,objective_updated,901.63,2,2,3,2960
9216,761,objective_updated,194.23,2,0,3,2962
9217,761,objective_updated,324.02,3,3,2,2962
9218,761,objective_updated,499.27,4,2,1,2962
9219,761,objective_updated,687.05,5,1,4,2962
9220,761,objective_updated,802.3,6,4,0,2962
9221,761,objective_updated,0,1,0,1,2963
9222,761,objective_updated,310.54,2,1,2,2963
9223,761,objective_updated,573.13,3,2,0,2963
9224,763,objective_updated,209.51,2,0,2,2965
9225,763,objective_updated,398.79,3,2,1,2965
9226,763,objective_updated,48.66,1,0,1,2966
9227,763,objective_updated,322.63,1,1,2,2966
9228,763,objective_updated,526.62,1,2,3,2966
9229,763,objective_updated,526.62,2,3,0,2966
9230,763,objective_updated,585.93,2,0,1,2966
9231,763,objective_updated,765.29,2,1,2,2966
9232,763,objective_updated,816,2,2,3,2966
9233,763,objective_updated,189.46,1,0,1,2967
9234,763,objective_updated,382.83,1,1,2,2967
9235,763,objective_updated,502.89,1,2,3,2967
9236,763,objective_updated,502.89,2,3,0,2967
9237,763,objective_updated,626.05,2,0,1,2967
9238,763,objective_updated,889.83,2,1,2,2967
9239,763,objective_updated,120.22,2,0,3,2969
9240,763,objective_updated,274.04,3,3,1,2969
9241,763,objective_updated,466.85,4,1,4,2969
9242,763,objective_updated,643.76,5,4,2,2969
9243,763,objective_updated,843.42,6,2,0,2969
9244,764,objective_updated,277,2,0,2,2970
9245,764,objective_updated,620.84,3,2,1,2970
9246,764,objective_updated,245.63,1,0,1,2971
9247,764,objective_updated,423.99,2,1,0,2971
9248,764,objective_updated,501.89,2,0,1,2971
9249,764,objective_updated,615.52,2,1,2,2971
9250,764,objective_updated,822.85,2,2,3,2971
9256,764,objective_updated,206.55,2,0,4,2974
9257,764,objective_updated,352.8,3,4,1,2974
9258,764,objective_updated,582.96,4,1,2,2974
9259,764,objective_updated,747.5,5,2,3,2974
9260,764,objective_updated,944.57,6,3,1,2974
9261,767,objective_updated,0,1,0,2,2977
9262,767,objective_updated,287.17,2,2,1,2977
9263,767,objective_updated,600.38,3,1,0,2977
9264,767,objective_updated,164.1,1,0,1,2978
9265,767,objective_updated,399.17,1,1,2,2978
9266,767,objective_updated,494.47,2,2,0,2978
9267,767,objective_updated,659.42,2,0,1,2978
9268,767,objective_updated,899.95,2,1,2,2978
9269,767,objective_updated,972.28,2,2,3,2978
9270,767,objective_updated,224.51,1,0,1,2979
9271,767,objective_updated,295.75,1,1,2,2979
9272,767,objective_updated,537.95,2,2,0,2979
9273,767,objective_updated,184.9,2,0,2,2980
9274,767,objective_updated,347.03,3,2,4,2980
9275,767,objective_updated,514.66,4,4,3,2980
9276,767,objective_updated,646.57,5,3,1,2980
9277,768,objective_updated,337.81,2,0,1,2982
9278,768,objective_updated,518.07,3,1,2,2982
9279,768,objective_updated,261.05,1,0,1,2983
9280,768,objective_updated,358.57,1,1,2,2983
9281,768,objective_updated,524.22,1,2,3,2983
9282,768,objective_updated,524.22,2,3,0,2983
9283,768,objective_updated,601.44,2,0,1,2983
9284,768,objective_updated,906.11,2,1,2,2983
9285,768,objective_updated,1086.84,2,2,3,2983
9286,768,objective_updated,85,1,0,1,2984
9287,768,objective_updated,287.81,1,1,2,2984
9288,768,objective_updated,380.59,1,2,3,2984
9289,768,objective_updated,380.59,2,3,0,2984
9290,768,objective_updated,612.42,2,0,1,2984
9291,768,objective_updated,136.8,2,0,4,2985
9292,768,objective_updated,285.43,3,4,2,2985
9293,768,objective_updated,461.2,4,2,1,2985
9294,768,objective_updated,594.59,5,1,3,2985
9295,769,objective_updated,254.62,2,0,1,2987
9296,769,objective_updated,586.38,3,1,2,2987
9297,769,objective_updated,253.2,1,0,1,2988
9298,769,objective_updated,383.74,1,1,2,2988
9299,769,objective_updated,517.89,1,2,3,2988
9300,769,objective_updated,517.89,2,3,0,2988
9301,769,objective_updated,650.92,2,0,1,2988
9302,769,objective_updated,746.13,2,1,2,2988
9303,769,objective_updated,837.44,2,2,3,2988
9304,769,objective_updated,389.42,2,0,1,2989
9310,769,objective_updated,176.83,2,0,1,2992
9311,769,objective_updated,361.47,3,1,2,2992
9312,769,objective_updated,561.73,4,2,3,2992
9313,769,objective_updated,735.92,5,3,4,2992
9314,769,objective_updated,877.88,6,4,2,2992
9315,769,objective_updated,176.83,2,0,1,2993
9316,769,objective_updated,361.47,3,1,2,2993
9317,769,objective_updated,561.73,4,2,3,2993
9318,769,objective_updated,735.92,5,3,4,2993
9319,769,objective_updated,877.88,6,4,2,2993
9320,769,objective_updated,0,1,0,2,2994
9321,769,objective_updated,250.59,2,2,0,2994
9322,769,objective_updated,417.67,3,0,1,2994
9323,770,objective_updated,0,1,0,1,2995
9324,770,objective_updated,298.55,2,1,2,2995
9325,770,objective_updated,611.01,3,2,0,2995
9326,770,objective_updated,108.6,1,0,1,2996
9327,770,objective_updated,266.03,1,1,2,2996
9328,770,objective_updated,338.06,1,2,3,2996
9329,770,objective_updated,338.06,2,3,0,2996
9330,770,objective_updated,511.3,2,0,1,2996
9331,770,objective_updated,600.34,2,1,2,2996
9332,770,objective_updated,736.01,2,2,3,2996
9333,770,objective_updated,148.11,2,0,4,2997
9334,770,objective_updated,394.25,3,4,3,2997
9335,770,objective_updated,548.01,4,3,2,2997
9336,770,objective_updated,745.09,5,2,1,2997
9337,770,objective_updated,911.53,6,1,4,2997
9338,770,objective_updated,148.11,2,0,4,2998
9339,770,objective_updated,394.25,3,4,3,2998
9340,770,objective_updated,548.01,4,3,2,2998
9341,770,objective_updated,745.09,5,2,1,2998
9342,770,objective_updated,911.53,6,1,4,2998
9343,770,objective_updated,148.11,2,0,4,2999
9344,770,objective_updated,394.25,3,4,3,2999
9345,770,objective_updated,548.01,4,3,2,2999
9346,770,objective_updated,745.09,5,2,1,2999
9347,770,objective_updated,911.53,6,1,4,2999
9348,770,objective_updated,197.8,1,0,1,3000
9349,770,objective_updated,318.26,1,1,2,3000
9350,770,objective_updated,486.84,2,2,0,3000
9351,770,objective_updated,580.82,2,0,1,3000
9352,770,objective_updated,711.78,2,1,2,3000
9353,770,objective_updated,0,1,0,2,3002
9354,770,objective_updated,273.75,2,2,0,3002
9355,770,objective_updated,458.8,3,0,1,3002
9356,770,objective_updated,254.12,1,0,1,3003
9357,770,objective_updated,463.01,1,1,2,3003
9358,770,objective_updated,549.85,1,2,3,3003
9359,770,objective_updated,549.85,2,3,0,3003
9360,770,objective_updated,656,2,0,1,3003
9385,772,objective_updated,62.93,1,0,1,3010
9386,772,objective_updated,194.88,1,1,2,3010
9387,772,objective_updated,337.6,1,2,3,3010
9388,772,objective_updated,337.6,2,3,0,3010
9395,772,objective_updated,162.9,2,0,4,3013
9396,772,objective_updated,366.51,3,4,1,3013
9397,772,objective_updated,537.11,4,1,2,3013
9398,772,objective_updated,669.44,5,2,3,3013
9399,772,objective_updated,877.2,6,3,2,3013
9400,772,objective_updated,137.79,2,0,1,3015
9401,772,objective_updated,257.01,3,1,4,3015
9402,772,objective_updated,505.03,4,4,2,3015
9403,772,objective_updated,646.97,5,2,3,3015
9404,775,objective_updated,421.44,2,0,1,3016
9405,775,objective_updated,508.07,2,1,2,3016
9406,775,objective_updated,238.01,2,0,2,3017
9407,775,objective_updated,467.24,3,2,1,3017
9408,775,objective_updated,46.98,1,0,1,3018
9409,775,objective_updated,182.29,1,1,2,3018
9410,775,objective_updated,374.68,1,2,3,3018
9411,775,objective_updated,374.68,2,3,0,3018
9412,775,objective_updated,422.94,2,0,1,3018
9413,775,objective_updated,577.61,2,1,2,3018
9414,775,objective_updated,64.46,1,0,1,3019
9415,775,objective_updated,228.8,1,1,2,3019
9416,775,objective_updated,437.3,1,2,3,3019
9417,775,objective_updated,437.32,2,3,0,3019
9418,775,objective_updated,119.21,2,0,2,3020
9419,775,objective_updated,323,3,2,1,3020
9420,775,objective_updated,440.43,4,1,3,3020
9421,775,objective_updated,585.35,5,3,4,3020
9422,776,objective_updated,0,1,0,2,3022
9423,776,objective_updated,306.09,2,2,0,3022
9424,776,objective_updated,588.11,3,0,1,3022
9425,776,objective_updated,201.29,1,0,1,3023
9426,776,objective_updated,415.92,1,1,2,3023
9427,776,objective_updated,545.24,2,2,0,3023
9428,776,objective_updated,617.94,2,0,1,3023
9429,776,objective_updated,802.51,2,1,2,3023
9430,776,objective_updated,915.77,2,2,3,3023
9431,776,objective_updated,201.29,1,0,1,3024
9432,776,objective_updated,415.92,1,1,2,3024
9433,776,objective_updated,545.24,2,2,0,3024
9434,776,objective_updated,617.94,2,0,1,3024
9435,776,objective_updated,802.51,2,1,2,3024
9436,776,objective_updated,915.77,2,2,3,3024
9474,779,objective_updated,425.69,2,0,1,3038
9475,779,objective_updated,578.12,2,1,2,3038
9476,779,objective_updated,689.77,2,2,3,3038
9477,779,objective_updated,172.88,2,0,2,3039
9478,779,objective_updated,300.71,3,2,3,3039
9479,779,objective_updated,440.81,4,3,4,3039
9480,779,objective_updated,563.47,5,4,1,3039
9481,779,objective_updated,703.17,6,1,3,3039
9482,779,objective_updated,47.49,1,0,1,3040
9483,779,objective_updated,144.67,1,1,2,3040
9484,779,objective_updated,254.12,1,2,3,3040
9485,779,objective_updated,254.12,2,3,0,3040
9486,779,objective_updated,460.53,2,0,1,3040
9487,780,objective_updated,0,1,0,1,3042
9488,780,objective_updated,328.15,2,1,0,3042
9489,780,objective_updated,618.28,3,0,2,3042
9490,780,objective_updated,116.01,1,0,1,3043
9491,780,objective_updated,224.13,1,1,2,3043
9492,780,objective_updated,396.15,1,2,3,3043
9493,780,objective_updated,396.15,2,3,0,3043
9498,780,objective_updated,116.63,1,0,1,3045
9499,780,objective_updated,331.1,1,1,2,3045
9500,780,objective_updated,434.2,1,2,3,3045
9501,780,objective_updated,434.2,2,3,0,3045
9502,780,objective_updated,569.21,2,0,1,3045
9503,780,objective_updated,701.76,2,1,2,3045
9504,780,objective_updated,846.75,2,2,3,3045
9505,781,objective_updated,263.58,2,0,1,3046
9506,781,objective_updated,440.57,3,1,2,3046
9507,781,objective_updated,276.02,1,0,1,3047
9508,781,objective_updated,436.23,2,1,0,3047
9509,781,objective_updated,557.74,2,0,1,3047
9510,781,objective_updated,638.26,2,1,2,3047
9511,781,objective_updated,919.38,2,2,3,3047
9512,781,objective_updated,95.84,1,0,1,3048
9513,781,objective_updated,204.94,1,1,2,3048
9514,781,objective_updated,502.75,2,2,0,3048
9515,781,objective_updated,607.18,2,0,1,3048
9516,781,objective_updated,174.56,2,0,2,3050
9517,781,objective_updated,332.36,3,2,1,3050
9518,781,objective_updated,467.73,4,1,3,3050
9519,781,objective_updated,651.31,5,3,4,3050
9520,781,objective_updated,802.33,6,4,3,3050
9539,783,objective_updated,0,1,0,2,3057
9540,783,objective_updated,245.96,2,2,0,3057
9541,783,objective_updated,446.28,3,0,1,3057
9542,783,objective_updated,82.51,1,0,1,3058
9543,783,objective_updated,205.71,1,1,2,3058
9544,783,objective_updated,493,2,2,0,3058
9545,783,objective_updated,554.51,2,0,1,3058
9546,783,objective_updated,727.9,2,1,2,3058
9547,783,objective_updated,986.16,2,2,3,3058
9548,783,objective_updated,350.98,2,0,1,3059
9549,783,objective_updated,182.32,2,0,2,3061
9550,783,objective_updated,318.22,3,2,4,3061
9551,783,objective_updated,471.5,4,4,1,3061
9552,783,objective_updated,682.13,5,1,3,3061
9553,783,objective_updated,856.57,6,3,2,3061
9554,783,objective_updated,350.98,2,0,1,3062
9555,784,objective_updated,0,1,0,2,3063
9556,784,objective_updated,278.1,2,2,0,3063
9557,784,objective_updated,588.27,3,0,1,3063
9558,784,objective_updated,359,2,0,1,3064
9559,784,objective_updated,571.07,2,1,2,3064
9560,784,objective_updated,731.29,2,2,3,3064
9561,784,objective_updated,193.03,2,0,2,3065
9562,784,objective_updated,359.05,3,2,1,3065
9563,784,objective_updated,552.08,4,1,3,3065
9564,784,objective_updated,694.72,5,3,4,3065
9565,784,objective_updated,921.47,6,4,1,3065
9566,784,objective_updated,76.33,1,0,1,3066
9567,784,objective_updated,416.35,2,1,0,3066
9568,784,objective_updated,482.29,2,0,1,3066
9569,784,objective_updated,594.44,2,1,2,3066
9570,784,objective_updated,733.47,2,2,3,3066
9571,785,objective_updated,319.06,2,0,1,3068
9572,785,objective_updated,580.31,3,1,2,3068
9573,785,objective_updated,256.08,1,0,1,3069
9574,785,objective_updated,413.06,2,1,0,3069
9575,785,objective_updated,552.46,2,0,1,3069
9576,785,objective_updated,650.24,2,1,2,3069
9577,785,objective_updated,802.58,2,2,3,3069
9578,785,objective_updated,210.22,1,0,1,3070
9579,785,objective_updated,310.02,1,1,2,3070
9580,785,objective_updated,485.17,2,2,0,3070
9581,785,objective_updated,565.01,2,0,1,3070
9582,785,objective_updated,125.64,2,0,1,3071
9583,785,objective_updated,248.35,3,1,3,3071
9584,785,objective_updated,363.96,4,3,2,3071
9585,785,objective_updated,525.52,5,2,4,3071
9586,785,objective_updated,726.48,6,4,0,3071
9590,786,objective_updated,0,1,0,2,3074
9591,786,objective_updated,304.92,2,2,1,3074
9592,786,objective_updated,522.65,3,1,0,3074
9593,786,objective_updated,215.95,1,0,1,3075
9594,786,objective_updated,396.25,2,1,0,3075
9595,786,objective_updated,531.66,2,0,1,3075
9596,786,objective_updated,638.25,2,1,2,3075
9597,786,objective_updated,790.74,2,2,3,3075
9598,786,objective_updated,176.41,2,0,3,3076
9599,786,objective_updated,325.23,3,3,4,3076
9600,786,objective_updated,612.71,4,4,1,3076
9601,786,objective_updated,790.45,5,1,2,3076
9602,786,objective_updated,959.83,6,2,4,3076
9603,786,objective_updated,352.99,2,0,1,3077
9604,786,objective_updated,567.2,2,1,2,3077
9605,786,objective_updated,658.93,2,2,3,3077
9606,786,objective_updated,0,1,0,1,3079
9607,786,objective_updated,212.67,2,1,0,3079
9608,786,objective_updated,587.06,3,0,2,3079
9609,785,objective_updated,295.06,2,0,1,3081
9610,785,objective_updated,610.51,3,1,2,3081
9611,787,objective_updated,0,1,0,2,3082
9612,787,objective_updated,257.69,2,2,1,3082
9613,787,objective_updated,434.29,3,1,0,3082
9614,788,objective_updated,227.23,2,0,1,3083
9615,788,objective_updated,383.02,3,1,2,3083
9616,789,objective_updated,84.72,1,0,1,3084
9617,789,objective_updated,366.04,1,1,2,3084
9618,789,objective_updated,485.23,2,2,0,3084
9619,789,objective_updated,586.65,2,0,1,3084
9620,789,objective_updated,731.8,2,1,2,3084
9621,789,objective_updated,816.73,2,2,3,3084
9622,789,objective_updated,227.23,2,0,1,3085
9623,789,objective_updated,383.02,3,1,2,3085
9624,789,objective_updated,211.93,2,0,1,3086
9625,789,objective_updated,328.9,3,1,2,3086
9626,789,objective_updated,456.77,4,2,4,3086
9627,789,objective_updated,607.41,5,4,3,3086
9628,789,objective_updated,115.91,1,0,1,3087
9629,789,objective_updated,289.6,1,1,2,3087
9630,789,objective_updated,456.48,1,2,3,3087
9631,789,objective_updated,456.48,2,3,0,3087
9632,789,objective_updated,0,1,0,2,3089
9633,789,objective_updated,206.81,2,2,0,3089
9634,789,objective_updated,471.75,3,0,1,3089
9635,790,objective_updated,0,1,0,2,3090
9636,790,objective_updated,186.9,2,2,0,3090
9637,790,objective_updated,495.69,3,0,1,3090
9638,790,objective_updated,60,1,0,1,3091
9639,790,objective_updated,252.78,1,1,2,3091
9640,790,objective_updated,366.27,1,2,3,3091
9641,790,objective_updated,366.28,2,3,0,3091
9642,790,objective_updated,528.57,2,0,1,3091
9663,791,objective_updated,75.68,1,0,1,3097
9664,791,objective_updated,390.18,2,1,0,3097
9665,791,objective_updated,431.44,2,0,1,3097
9666,791,objective_updated,590.53,2,1,2,3097
9667,791,objective_updated,685.7,2,2,3,3097
9668,791,objective_updated,314.78,2,0,1,3099
9669,791,objective_updated,418.76,2,1,2,3099
9670,791,objective_updated,505.98,2,2,3,3099
9671,791,objective_updated,115.18,2,0,1,3100
9672,791,objective_updated,236.44,3,1,3,3100
9673,791,objective_updated,422.13,4,3,2,3100
9674,791,objective_updated,590.64,5,2,4,3100
9675,791,objective_updated,803.93,6,4,1,3100
9676,792,objective_updated,208.43,2,0,2,3101
9677,792,objective_updated,515.65,3,2,1,3101
9678,792,objective_updated,209.9,1,0,1,3102
9679,792,objective_updated,404.82,2,1,0,3102
9680,792,objective_updated,465.51,2,0,1,3102
9681,792,objective_updated,575.09,2,1,2,3102
9682,792,objective_updated,707.38,2,2,3,3102
9683,792,objective_updated,179.68,1,0,1,3104
9684,792,objective_updated,363.66,1,1,2,3104
9685,792,objective_updated,518.75,1,2,3,3104
9686,792,objective_updated,518.76,2,3,0,3104
9687,792,objective_updated,623.23,2,0,1,3104
9688,792,objective_updated,779.56,2,1,2,3104
9689,792,objective_updated,113.72,2,0,3,3105
9690,792,objective_updated,248.43,3,3,1,3105
9691,792,objective_updated,407.89,4,1,4,3105
9692,792,objective_updated,630.34,5,4,2,3105
9693,792,objective_updated,808.72,6,2,3,3105
9694,793,objective_updated,162.95,2,0,2,3106
9695,793,objective_updated,431.03,3,2,1,3106
9707,793,objective_updated,358.96,2,0,1,3110
9708,793,objective_updated,459.48,2,1,2,3110
9709,793,objective_updated,0,1,0,2,3111
9710,793,objective_updated,180.46,2,2,0,3111
9711,793,objective_updated,438.06,3,0,1,3111
9712,794,objective_updated,195.85,2,0,2,3112
9713,794,objective_updated,366.04,3,2,1,3112
9714,794,objective_updated,256.53,1,0,1,3113
9715,794,objective_updated,425.46,2,1,0,3113
9716,794,objective_updated,472.51,2,0,1,3113
9717,794,objective_updated,668.56,2,1,2,3113
9718,794,objective_updated,737.11,2,2,3,3113
9719,794,objective_updated,404.35,2,0,1,3114
9720,794,objective_updated,592.55,2,1,2,3114
9721,794,objective_updated,117.29,2,0,2,3116
9722,794,objective_updated,252.4,3,2,1,3116
9723,794,objective_updated,372.48,4,1,4,3116
9724,794,objective_updated,489.24,5,4,3,3116
9725,794,objective_updated,344.9,2,0,1,3117
9726,794,objective_updated,475.23,2,1,2,3117
9727,794,objective_updated,550.39,2,2,3,3117
9728,795,objective_updated,189.63,2,0,1,3119
9729,795,objective_updated,330.06,3,1,2,3119
9730,795,objective_updated,448.12,4,2,3,3119
9731,795,objective_updated,615.41,5,3,4,3119
9732,795,objective_updated,109.59,1,0,1,3120
9733,795,objective_updated,424.81,1,1,2,3120
9734,795,objective_updated,536.48,2,2,0,3120
9735,795,objective_updated,624.19,2,0,1,3120
9736,795,objective_updated,781.21,2,1,2,3120
9737,795,objective_updated,150.31,1,0,1,3121
9738,795,objective_updated,308.39,1,1,2,3121
9739,795,objective_updated,480.18,2,2,0,3121
9740,795,objective_updated,550.99,2,0,1,3121
9741,795,objective_updated,737.66,2,1,2,3121
9742,795,objective_updated,815.52,2,2,3,3121
9743,795,objective_updated,158.95,2,0,2,3122
9744,795,objective_updated,404.49,3,2,1,3122
9754,776,objective_updated,201.01,2,0,3,3133
9755,776,objective_updated,379.35,3,3,2,3133
9756,776,objective_updated,519.96,4,2,4,3133
9757,776,objective_updated,735.07,5,4,1,3133
9758,776,objective_updated,886.97,6,1,4,3133
9759,797,objective_updated,0,1,0,1,3134
9760,797,objective_updated,228.67,2,1,0,3134
9761,797,objective_updated,444.53,3,0,2,3134
9762,797,objective_updated,371.77,2,0,1,3135
9763,797,objective_updated,446.57,2,1,2,3135
9764,797,objective_updated,701.19,2,2,3,3135
9765,797,objective_updated,79.85,1,0,1,3136
9766,797,objective_updated,286.88,1,1,2,3136
9767,797,objective_updated,515.11,2,2,0,3136
9768,797,objective_updated,589.15,2,0,1,3136
9769,797,objective_updated,832.85,2,1,2,3136
9770,797,objective_updated,107.77,2,0,4,3138
9771,797,objective_updated,223.42,3,4,3,3138
9772,797,objective_updated,410.04,4,3,2,3138
9773,797,objective_updated,533.5,5,2,1,3138
9774,797,objective_updated,767.48,6,1,2,3138
9775,797,objective_updated,107.77,2,0,4,3139
9776,797,objective_updated,223.42,3,4,3,3139
9777,797,objective_updated,410.04,4,3,2,3139
9778,797,objective_updated,533.5,5,2,1,3139
9779,797,objective_updated,767.48,6,1,2,3139
9780,797,objective_updated,0,1,0,1,3140
9781,797,objective_updated,182.99,2,1,2,3140
9782,797,objective_updated,466.97,3,2,0,3140
9783,798,objective_updated,334.89,2,0,2,3141
9784,798,objective_updated,615.88,3,2,1,3141
9809,800,objective_updated,151.67,2,0,4,3150
9810,800,objective_updated,265.72,3,4,1,3150
9811,800,objective_updated,470.99,4,1,3,3150
9812,800,objective_updated,585.52,5,3,2,3150
9813,800,objective_updated,785.14,6,2,1,3150
9814,800,objective_updated,105.35,1,0,1,3152
9815,800,objective_updated,218.57,1,1,2,3152
9816,800,objective_updated,398.81,1,2,3,3152
9817,800,objective_updated,398.83,2,3,0,3152
9818,800,objective_updated,0,1,0,2,3153
9819,800,objective_updated,271.96,2,2,1,3153
9820,800,objective_updated,602.44,3,1,0,3153
9837,801,objective_updated,0,1,0,2,3161
9838,801,objective_updated,294.2,2,2,1,3161
9839,801,objective_updated,593.2,3,1,0,3161
9840,803,objective_updated,0,1,0,2,3162
9841,803,objective_updated,248.15,2,2,0,3162
9842,803,objective_updated,524.48,3,0,1,3162
9843,804,objective_updated,0,1,0,2,3163
9844,804,objective_updated,248.15,2,2,0,3163
9845,804,objective_updated,524.48,3,0,1,3163
9846,805,objective_updated,0,1,0,2,3164
9847,805,objective_updated,248.15,2,2,0,3164
9848,805,objective_updated,524.48,3,0,1,3164
9849,806,objective_updated,0,1,0,2,3165
9850,806,objective_updated,248.15,2,2,0,3165
9851,806,objective_updated,524.48,3,0,1,3165
9852,806,objective_updated,249.29,1,0,1,3166
9853,806,objective_updated,430.07,2,1,0,3166
9854,806,objective_updated,523.31,2,0,1,3166
9855,806,objective_updated,736.31,2,1,2,3166
9856,806,objective_updated,878.31,2,2,3,3166
9857,806,objective_updated,125.21,2,0,3,3167
9858,806,objective_updated,255.93,3,3,1,3167
9859,806,objective_updated,411.27,4,1,2,3167
9860,806,objective_updated,529.25,5,2,4,3167
9861,806,objective_updated,734.02,6,4,3,3167
9862,806,objective_updated,119.58,1,0,1,3169
9863,806,objective_updated,187.76,1,1,2,3169
9864,806,objective_updated,305.97,1,2,3,3169
9865,806,objective_updated,305.97,2,3,0,3169
9866,806,objective_updated,476.84,2,0,1,3169
9867,806,objective_updated,578.38,2,1,2,3169
9868,806,objective_updated,646.74,2,2,3,3169
9869,806,objective_updated,0,1,0,1,3170
9870,806,objective_updated,294.72,2,1,2,3170
9871,806,objective_updated,555.8,3,2,0,3170
9872,806,objective_updated,60.57,1,0,1,3171
9873,806,objective_updated,158.58,1,1,2,3171
9874,806,objective_updated,229.91,1,2,3,3171
9875,806,objective_updated,229.91,2,3,0,3171
9876,806,objective_updated,388.75,2,0,1,3171
9877,807,objective_updated,285.96,2,0,2,3172
9878,807,objective_updated,555.34,3,2,1,3172
9879,807,objective_updated,371.34,2,0,1,3173
9880,807,objective_updated,461.22,2,1,2,3173
9881,807,objective_updated,526.99,2,2,3,3173
9882,807,objective_updated,127.03,2,0,4,3174
9883,807,objective_updated,326.41,3,4,1,3174
9884,807,objective_updated,442.46,4,1,3,3174
9885,807,objective_updated,594.12,5,3,2,3174
9886,807,objective_updated,805.38,6,2,4,3174
9890,807,objective_updated,213.13,2,0,2,3177
9891,807,objective_updated,404.9,3,2,1,3177
9892,808,objective_updated,0,1,0,1,3178
9893,808,objective_updated,301.37,2,1,0,3178
9894,808,objective_updated,506.7,3,0,2,3178
9903,808,objective_updated,110.6,2,0,4,3181
9904,808,objective_updated,285.11,3,4,2,3181
9905,808,objective_updated,409.37,4,2,3,3181
9906,808,objective_updated,531.73,5,3,1,3181
9907,808,objective_updated,730.2,6,1,2,3181
9915,808,objective_updated,0,1,0,2,3184
9916,808,objective_updated,279.78,2,2,1,3184
9917,808,objective_updated,438.7,3,1,0,3184
9918,809,objective_updated,0,1,0,1,3185
9919,809,objective_updated,180.24,2,1,2,3185
9920,809,objective_updated,442.58,3,2,0,3185
9921,809,objective_updated,141.65,1,0,1,3186
9922,809,objective_updated,346.02,1,1,2,3186
9923,809,objective_updated,503.01,2,2,0,3186
9924,809,objective_updated,557.31,2,0,1,3186
9925,809,objective_updated,791.05,2,1,2,3186
9926,809,objective_updated,915.62,2,2,3,3186
9927,809,objective_updated,181.05,2,0,4,3187
9928,809,objective_updated,324.06,3,4,1,3187
9929,809,objective_updated,458.6,4,1,2,3187
9930,809,objective_updated,617.2,5,2,3,3187
9931,809,objective_updated,741.13,6,3,4,3187
9932,809,objective_updated,388.42,2,0,1,3189
9933,809,objective_updated,479.06,2,1,2,3189
9934,809,objective_updated,580.53,2,2,3,3189
9935,809,objective_updated,178.03,2,0,1,3190
9936,809,objective_updated,448.9,3,1,2,3190
9937,810,objective_updated,62.13,1,0,1,3191
9938,810,objective_updated,183.04,1,1,2,3191
9939,810,objective_updated,434.15,1,2,3,3191
9940,810,objective_updated,434.15,2,3,0,3191
9941,810,objective_updated,574.62,2,0,1,3191
9942,810,objective_updated,769.05,2,1,2,3191
9943,810,objective_updated,62.13,1,0,1,3192
9944,810,objective_updated,183.04,1,1,2,3192
9945,810,objective_updated,434.15,1,2,3,3192
9946,810,objective_updated,434.15,2,3,0,3192
9947,810,objective_updated,574.62,2,0,1,3192
9948,810,objective_updated,769.05,2,1,2,3192
9949,810,objective_updated,62.13,1,0,1,3193
9950,810,objective_updated,183.04,1,1,2,3193
9951,810,objective_updated,434.15,1,2,3,3193
9952,810,objective_updated,434.15,2,3,0,3193
9953,810,objective_updated,574.62,2,0,1,3193
9954,810,objective_updated,769.05,2,1,2,3193
9955,810,objective_updated,62.13,1,0,1,3195
9956,810,objective_updated,183.04,1,1,2,3195
9957,810,objective_updated,434.15,1,2,3,3195
9958,810,objective_updated,434.15,2,3,0,3195
9959,810,objective_updated,574.62,2,0,1,3195
9960,810,objective_updated,769.05,2,1,2,3195
9961,810,objective_updated,62.13,1,0,1,3197
9962,810,objective_updated,183.04,1,1,2,3197
9963,810,objective_updated,434.15,1,2,3,3197
9964,810,objective_updated,434.15,2,3,0,3197
9965,810,objective_updated,574.62,2,0,1,3197
9966,810,objective_updated,769.05,2,1,2,3197
9967,812,objective_updated,257.95,1,0,1,3198
9968,812,objective_updated,430.29,2,1,0,3198
9969,812,objective_updated,562.81,2,0,1,3198
9970,812,objective_updated,686.12,2,1,2,3198
9975,811,objective_updated,184.91,1,0,1,3201
9976,811,objective_updated,400.72,1,1,2,3201
9977,811,objective_updated,495.77,2,2,0,3201
9978,811,objective_updated,586.28,2,0,1,3201
9979,811,objective_updated,764.37,2,1,2,3201
9980,811,objective_updated,122.35,2,0,1,3202
9981,811,objective_updated,261.08,3,1,4,3202
9982,811,objective_updated,411.15,4,4,3,3202
9983,811,objective_updated,646.93,5,3,2,3202
9984,811,objective_updated,164.01,1,0,1,3203
9985,811,objective_updated,415.71,1,1,2,3203
9986,811,objective_updated,512.35,2,2,0,3203
9987,811,objective_updated,637.98,2,0,1,3203
9988,811,objective_updated,928.11,2,1,2,3203
9989,811,objective_updated,1039.02,2,2,3,3203
9990,811,objective_updated,328.06,2,0,2,3204
9991,811,objective_updated,693.63,3,2,1,3204
9992,813,objective_updated,0,1,0,1,3205
9993,813,objective_updated,237.54,2,1,0,3205
9994,813,objective_updated,493.45,3,0,2,3205
9995,813,objective_updated,183.04,1,0,1,3206
9996,813,objective_updated,384.61,1,1,2,3206
9997,813,objective_updated,480.22,2,2,0,3206
9998,813,objective_updated,566.8,2,0,1,3206
9999,813,objective_updated,674.42,2,1,2,3206
10000,813,objective_updated,211.29,1,0,1,3207
10001,813,objective_updated,350.44,1,1,2,3207
10002,813,objective_updated,440.98,1,2,3,3207
10003,813,objective_updated,440.98,2,3,0,3207
10004,813,objective_updated,637.92,2,0,1,3207
10005,813,objective_updated,817.57,2,1,2,3207
10006,813,objective_updated,107.18,2,0,4,3209
10007,813,objective_updated,241.64,3,4,1,3209
10008,813,objective_updated,471.2,4,1,2,3209
10009,813,objective_updated,644.11,5,2,3,3209
10010,813,objective_updated,824.81,6,3,4,3209
10011,813,objective_updated,0,1,0,2,3210
10012,813,objective_updated,221.01,2,2,1,3210
10013,813,objective_updated,498.69,3,1,0,3210
10014,815,objective_updated,0,1,0,2,3211
10015,815,objective_updated,215.6,2,2,1,3211
10016,815,objective_updated,388.35,3,1,0,3211
10020,815,objective_updated,112.97,1,0,1,3213
10021,815,objective_updated,184.86,1,1,2,3213
10022,815,objective_updated,480.22,2,2,0,3213
10023,815,objective_updated,581.27,2,0,1,3213
10024,815,objective_updated,665.78,2,1,2,3213
10025,815,objective_updated,108.14,2,0,2,3214
10026,815,objective_updated,298.56,3,2,1,3214
10027,815,objective_updated,427.13,4,1,4,3214
10028,815,objective_updated,541.3,5,4,3,3214
10029,815,objective_updated,338.97,2,0,2,3216
10030,815,objective_updated,500.84,3,2,1,3216
10031,816,objective_updated,0,1,0,1,3217
10032,816,objective_updated,169.02,2,1,0,3217
10033,816,objective_updated,448.73,3,0,2,3217
10034,816,objective_updated,193.17,1,0,1,3218
10035,816,objective_updated,416.26,2,1,0,3218
10036,816,objective_updated,494.22,2,0,1,3218
10037,816,objective_updated,583.25,2,1,2,3218
10038,816,objective_updated,963.97,2,2,3,3218
10039,816,objective_updated,225.02,1,0,1,3220
10040,816,objective_updated,316.98,1,1,2,3220
10041,816,objective_updated,466.75,1,2,3,3220
10042,816,objective_updated,466.76,2,3,0,3220
10043,816,objective_updated,655.6,2,0,1,3220
10044,816,objective_updated,788.09,2,1,2,3220
10045,816,objective_updated,187.01,2,0,3,3221
10046,816,objective_updated,396.83,3,3,1,3221
10047,816,objective_updated,511.02,4,1,4,3221
10048,816,objective_updated,731.91,5,4,2,3221
10049,816,objective_updated,893.71,6,2,0,3221
10050,817,objective_updated,0,1,0,2,3222
10051,817,objective_updated,311.68,2,2,0,3222
10052,817,objective_updated,557.64,3,0,1,3222
10053,817,objective_updated,184.08,1,0,1,3223
10054,817,objective_updated,370.57,1,1,2,3223
10055,817,objective_updated,490.58,2,2,0,3223
10066,817,objective_updated,316.3,2,0,1,3227
10067,817,objective_updated,635.6,3,1,2,3227
10068,817,objective_updated,316.3,2,0,1,3228
10069,817,objective_updated,635.6,3,1,2,3228
10070,817,objective_updated,316.3,2,0,1,3229
10071,817,objective_updated,635.6,3,1,2,3229
10072,818,objective_updated,0,1,0,2,3230
10073,818,objective_updated,311.4,2,2,0,3230
10074,818,objective_updated,645.66,3,0,1,3230
10075,818,objective_updated,178.11,1,0,1,3231
10076,818,objective_updated,310.57,1,1,2,3231
10077,818,objective_updated,414.61,1,2,3,3231
10078,818,objective_updated,414.61,2,3,0,3231
10079,818,objective_updated,604.05,2,0,1,3231
10080,818,objective_updated,660.93,2,1,2,3231
10081,818,objective_updated,909.59,2,2,3,3231
10082,818,objective_updated,183.66,1,0,1,3232
10083,818,objective_updated,396.45,1,1,2,3232
10084,818,objective_updated,486.51,2,2,0,3232
10085,818,objective_updated,613.28,2,0,1,3232
10086,818,objective_updated,785.33,2,1,2,3232
10087,818,objective_updated,162.65,2,0,1,3234
10088,818,objective_updated,458.57,3,1,3,3234
10089,818,objective_updated,583.77,4,3,2,3234
10090,818,objective_updated,701.63,5,2,4,3234
10091,818,objective_updated,847.05,6,4,3,3234
10092,818,objective_updated,0,1,0,1,3238
10093,818,objective_updated,294.52,2,1,2,3238
10094,818,objective_updated,606.15,3,2,0,3238
10103,819,objective_updated,0,1,0,1,3241
10104,819,objective_updated,229.14,2,1,0,3241
10105,819,objective_updated,427.92,3,0,2,3241
10106,819,objective_updated,190.9,1,0,1,3242
10107,819,objective_updated,377.38,1,1,2,3242
10108,819,objective_updated,526.61,2,2,0,3242
10109,819,objective_updated,142.72,1,0,1,3243
10110,819,objective_updated,390.21,2,1,0,3243
10111,819,objective_updated,636.56,2,0,1,3243
10112,819,objective_updated,186.48,2,0,1,3245
10113,819,objective_updated,444.09,3,1,3,3245
10114,819,objective_updated,642.83,4,3,2,3245
10115,819,objective_updated,831.54,5,2,4,3245
10125,820,objective_updated,118.25,1,0,1,3249
10126,820,objective_updated,184.62,1,1,2,3249
10127,820,objective_updated,431.82,1,2,3,3249
10128,820,objective_updated,431.82,2,3,0,3249
10129,820,objective_updated,518.43,2,0,1,3250
10130,820,objective_updated,106.31,2,0,3,3251
10131,820,objective_updated,331.56,3,3,1,3251
10132,820,objective_updated,543.81,4,1,2,3251
10133,820,objective_updated,663.12,5,2,4,3251
10134,820,objective_updated,781.54,6,4,1,3251
10135,820,objective_updated,0,1,0,2,3253
10136,820,objective_updated,49.38,1,2,1,3253
10137,820,objective_updated,99.05,1,1,0,3253
10138,820,objective_updated,143.71,1,0,1,3253
10139,820,objective_updated,231.6,1,1,2,3253
10140,820,objective_updated,298.07,1,2,3,3253
10141,820,objective_updated,404.6,1,3,4,3253
10142,820,objective_updated,509.76,1,4,3,3253
10143,820,objective_updated,567.4,1,3,2,3253
10144,820,objective_updated,636.3,1,2,1,3253
10145,821,objective_updated,0,1,0,1,3254
10146,821,objective_updated,238.45,2,1,2,3254
10147,821,objective_updated,462.36,3,2,0,3254
10148,822,objective_updated,0,1,0,2,3257
10149,822,objective_updated,169.64,2,2,0,3257
10150,822,objective_updated,428.65,3,0,1,3257
10156,822,objective_updated,130.6,1,0,1,3259
10157,822,objective_updated,285.74,1,1,2,3259
10158,822,objective_updated,495.9,1,2,3,3259
10159,822,objective_updated,495.9,2,3,0,3259
10160,822,objective_updated,723.64,2,0,1,3259
10161,822,objective_updated,825.48,2,1,2,3259
10162,822,objective_updated,907.11,2,2,3,3259
10163,822,objective_updated,77.45,1,0,1,3260
10164,822,objective_updated,178.83,1,1,2,3260
10165,822,objective_updated,250.83,1,2,3,3260
10166,822,objective_updated,250.84,2,3,0,3260
10167,822,objective_updated,484.65,2,0,1,3260
10168,822,objective_updated,191.7,2,0,4,3262
10169,822,objective_updated,358.85,3,4,2,3262
10170,822,objective_updated,504.5,4,2,1,3262
10171,822,objective_updated,644.2,5,1,3,3262
10172,822,objective_updated,816.84,6,3,0,3262
10173,822,objective_updated,0,1,0,2,3263
10174,822,objective_updated,76.38,1,2,1,3263
10175,822,objective_updated,132.75,1,1,2,3263
10176,822,objective_updated,179.26,1,2,3,3263
10177,822,objective_updated,236.21,1,3,4,3263
10178,822,objective_updated,275.13,1,4,3,3263
10179,822,objective_updated,314.58,1,3,2,3263
10180,822,objective_updated,364.82,1,2,1,3263
10181,822,objective_updated,406.22,1,1,2,3263
10182,822,objective_updated,454.68,1,2,1,3263
10183,823,objective_updated,0,1,0,1,3264
10184,823,objective_updated,321.89,2,1,2,3264
10185,823,objective_updated,540.46,3,2,0,3264
10186,823,objective_updated,109.72,1,0,1,3265
10187,823,objective_updated,322.96,1,1,2,3265
10188,823,objective_updated,512.64,2,2,0,3265
10189,823,objective_updated,662.63,2,0,1,3265
10190,823,objective_updated,822.35,2,1,2,3265
10191,823,objective_updated,1014.27,2,2,3,3265
10192,823,objective_updated,199.62,2,0,4,3267
10193,823,objective_updated,366.7,3,4,3,3267
10194,823,objective_updated,578.63,4,3,2,3267
10195,823,objective_updated,714.01,5,2,1,3267
10196,823,objective_updated,846.81,6,1,2,3267
10197,823,objective_updated,110.31,1,0,1,3268
10198,823,objective_updated,201.48,1,1,2,3268
10199,823,objective_updated,496.82,2,2,0,3268
10200,823,objective_updated,686.18,2,0,1,3268
10201,823,objective_updated,864.57,2,1,2,3268
10202,824,objective_updated,223.63,2,0,1,3269
10203,824,objective_updated,433.84,3,1,2,3269
10204,824,objective_updated,363.43,2,0,1,3270
10205,824,objective_updated,559.98,2,1,2,3270
10206,824,objective_updated,644.75,2,2,3,3270
10207,824,objective_updated,136.4,2,0,1,3271
10208,824,objective_updated,285.77,3,1,3,3271
10209,824,objective_updated,461.46,4,3,2,3271
10210,824,objective_updated,599.1,5,2,4,3271
10211,824,objective_updated,851.95,6,4,2,3271
10212,824,objective_updated,180.57,1,0,1,3272
10213,824,objective_updated,410.9,2,1,0,3272
10214,824,objective_updated,546.66,2,0,1,3272
10215,824,objective_updated,654.16,2,1,2,3272
10216,824,objective_updated,777.42,2,2,3,3272
10217,824,objective_updated,0,1,0,2,3274
10218,824,objective_updated,45.62,1,2,1,3274
10219,824,objective_updated,112.59,1,1,2,3274
10220,824,objective_updated,174.57,1,2,1,3274
10221,824,objective_updated,227.54,1,1,2,3274
10222,824,objective_updated,293.88,1,2,1,3274
10223,824,objective_updated,378.89,1,1,2,3274
10224,824,objective_updated,428.84,1,2,3,3274
10225,824,objective_updated,474.66,1,3,4,3274
10226,825,objective_updated,0,1,0,2,3275
10227,825,objective_updated,260.72,2,2,1,3275
10228,825,objective_updated,430.16,3,1,0,3275
10229,825,objective_updated,448.79,2,0,1,3276
10230,825,objective_updated,533.23,2,1,2,3276
10231,825,objective_updated,672.33,2,2,3,3276
10232,825,objective_updated,177.39,2,0,1,3277
10233,825,objective_updated,323.36,3,1,4,3277
10234,825,objective_updated,515.24,4,4,3,3277
10235,825,objective_updated,709.71,5,3,2,3277
10236,825,objective_updated,917.58,6,2,3,3277
10237,825,objective_updated,67.34,1,0,1,3278
10238,825,objective_updated,157.7,1,1,2,3278
10239,825,objective_updated,318.71,1,2,3,3278
10240,825,objective_updated,318.71,2,3,0,3278
10241,825,objective_updated,418.69,2,0,1,3278
10242,825,objective_updated,506.1,2,1,2,3278
10243,825,objective_updated,784.57,2,2,3,3278
10244,825,objective_updated,784.57,3,3,0,3278
10248,826,objective_updated,142.35,1,0,1,3283
10249,826,objective_updated,379.07,1,1,2,3283
10250,826,objective_updated,523.71,2,2,0,3283
10251,826,objective_updated,725,2,0,1,3283
10252,826,objective_updated,825.73,2,1,2,3283
10253,826,objective_updated,173.1,1,0,1,3284
10254,826,objective_updated,303,1,1,2,3284
10255,826,objective_updated,418.2,1,2,3,3284
10256,826,objective_updated,418.2,2,3,0,3284
10257,826,objective_updated,534.45,2,0,1,3284
10258,826,objective_updated,658.5,2,1,2,3284
10259,826,objective_updated,171.23,2,0,3,3287
10260,826,objective_updated,382.63,3,3,4,3287
10261,826,objective_updated,560.94,4,4,1,3287
10262,826,objective_updated,761.55,5,1,2,3287
10263,826,objective_updated,936.55,6,2,4,3287
10264,826,objective_updated,0,1,0,2,3288
10265,826,objective_updated,329.14,2,2,0,3288
10266,826,objective_updated,495.32,3,0,1,3288
10291,828,objective_updated,52.91,1,0,1,3296
10292,828,objective_updated,154.98,1,1,2,3296
10293,828,objective_updated,274.93,1,2,3,3296
10294,828,objective_updated,274.93,2,3,0,3296
10295,828,objective_updated,530.65,2,0,1,3296
10296,828,objective_updated,674.51,2,1,2,3296
10297,828,objective_updated,268.04,2,0,1,3298
10298,828,objective_updated,440.78,3,1,2,3298
10299,828,objective_updated,157.93,1,0,1,3299
10300,828,objective_updated,377.26,1,1,2,3299
10301,828,objective_updated,464.95,1,2,3,3299
10302,828,objective_updated,464.95,2,3,0,3299
10303,828,objective_updated,567.67,2,0,1,3299
10304,828,objective_updated,910.81,2,1,2,3299
10305,828,objective_updated,1050.05,2,2,3,3299
10306,828,objective_updated,157.93,1,0,1,3300
10307,828,objective_updated,377.26,1,1,2,3300
10308,828,objective_updated,464.95,1,2,3,3300
10309,828,objective_updated,464.95,2,3,0,3300
10310,828,objective_updated,567.67,2,0,1,3300
10311,828,objective_updated,910.81,2,1,2,3300
10312,828,objective_updated,1050.05,2,2,3,3300
10313,828,objective_updated,0,1,0,1,3302
10314,828,objective_updated,345.48,2,1,2,3302
10315,828,objective_updated,588.3,3,2,0,3302
10316,828,objective_updated,98.88,1,0,1,3303
10317,828,objective_updated,248.52,1,1,2,3303
10318,828,objective_updated,494.37,1,2,3,3303
10319,828,objective_updated,494.37,2,3,0,3303
10330,830,objective_updated,320.85,2,0,1,3306
10331,830,objective_updated,668.45,3,1,2,3306
10337,830,objective_updated,140.25,2,0,4,3309
10338,830,objective_updated,275.85,3,4,2,3309
10339,830,objective_updated,467.51,4,2,3,3309
10340,830,objective_updated,636.95,5,3,1,3309
10341,830,objective_updated,311.06,2,0,1,3310
10342,830,objective_updated,459.65,2,1,2,3310
10343,830,objective_updated,639.96,2,2,3,3310
10348,831,objective_updated,0,1,0,2,3315
10349,831,objective_updated,50.3,1,2,3,3315
10350,831,objective_updated,99.76,1,3,4,3315
10351,831,objective_updated,145.98,1,4,3,3315
10352,831,objective_updated,191.25,1,3,2,3315
10353,831,objective_updated,319.47,1,2,3,3315
10354,831,objective_updated,409.56,1,3,4,3315
10355,831,objective_updated,527.07,1,4,3,3315
10356,831,objective_updated,573.46,1,3,2,3315
10357,831,objective_updated,618.17,1,2,3,3315
10358,831,objective_updated,105.68,2,0,2,3317
10359,831,objective_updated,355.12,3,2,1,3317
10360,831,objective_updated,512.37,4,1,3,3317
10361,831,objective_updated,629.49,5,3,4,3317
10362,831,objective_updated,843.33,6,4,3,3317
10363,831,objective_updated,231.44,1,0,1,3318
10364,831,objective_updated,413.36,2,1,0,3318
10365,831,objective_updated,650.48,2,0,1,3318
10366,831,objective_updated,99.35,1,0,1,3319
10367,831,objective_updated,429.35,1,1,2,3319
10368,831,objective_updated,536.16,1,2,3,3319
10369,831,objective_updated,536.16,2,3,0,3319
10370,831,objective_updated,741.73,2,0,1,3319
10371,831,objective_updated,952.7,2,1,2,3319
10378,831,objective_updated,309.89,2,0,1,3321
10379,831,objective_updated,526.17,3,1,2,3321
10380,832,objective_updated,101.88,1,0,1,3322
10381,832,objective_updated,386.56,1,1,2,3322
10382,832,objective_updated,480.13,2,2,0,3322
10383,832,objective_updated,599.14,2,0,1,3322
10384,832,objective_updated,751.54,2,1,2,3322
10385,832,objective_updated,819.49,2,2,3,3322
10386,832,objective_updated,0,1,0,2,3324
10387,832,objective_updated,237.88,2,2,0,3324
10388,832,objective_updated,498.19,3,0,1,3324
10393,833,objective_updated,196.1,2,0,2,3328
10394,833,objective_updated,370.91,3,2,1,3328
10395,833,objective_updated,158.49,1,0,1,3329
10396,833,objective_updated,251.05,1,1,2,3329
10397,833,objective_updated,378.49,1,2,3,3329
10398,833,objective_updated,378.49,2,3,0,3329
10399,833,objective_updated,508.73,2,0,1,3329
10400,833,objective_updated,703.65,2,1,2,3329
10401,833,objective_updated,864.33,2,2,3,3329
10402,833,objective_updated,44.14,1,0,1,3330
10403,833,objective_updated,311.31,1,1,2,3330
10404,833,objective_updated,395.71,1,2,3,3330
10405,833,objective_updated,395.71,2,3,0,3330
10406,833,objective_updated,441.7,2,0,1,3330
10407,833,objective_updated,636.32,2,1,2,3330
10408,833,objective_updated,892.49,2,2,3,3330
10409,833,objective_updated,167.72,1,0,1,3332
10410,833,objective_updated,345.7,1,1,2,3332
10411,833,objective_updated,508.81,2,2,0,3332
10412,833,objective_updated,585.7,2,0,1,3332
10413,833,objective_updated,825.79,2,1,2,3332
10414,833,objective_updated,995.39,2,2,3,3332
10415,833,objective_updated,167.72,1,0,1,3333
10416,833,objective_updated,345.7,1,1,2,3333
10417,833,objective_updated,508.81,2,2,0,3333
10418,833,objective_updated,585.7,2,0,1,3333
10419,833,objective_updated,825.79,2,1,2,3333
10420,833,objective_updated,995.39,2,2,3,3333
10421,833,objective_updated,148,2,0,2,3334
10422,833,objective_updated,343.63,3,2,1,3334
10423,833,objective_updated,530.17,4,1,3,3334
10424,833,objective_updated,724.57,5,3,4,3334
10425,833,objective_updated,843.04,6,4,1,3334
10426,834,objective_updated,0,1,0,2,3335
10427,834,objective_updated,249.34,2,2,0,3335
10428,834,objective_updated,457.05,3,0,1,3335
10429,834,objective_updated,161.91,1,0,1,3336
10430,834,objective_updated,396.83,2,1,0,3336
10431,834,objective_updated,467.61,2,0,1,3336
10432,834,objective_updated,547.28,2,1,2,3336
10433,834,objective_updated,675.57,2,2,3,3336
10434,834,objective_updated,179.37,2,0,4,3338
10435,834,objective_updated,334.84,3,4,2,3338
10436,834,objective_updated,535.34,4,2,3,3338
10437,834,objective_updated,699.31,5,3,1,3338
10438,834,objective_updated,157.27,1,0,1,3339
10439,834,objective_updated,268.15,1,1,2,3339
10440,834,objective_updated,500.33,2,2,0,3339
10441,834,objective_updated,688.45,2,0,1,3339
10442,834,objective_updated,0,1,0,1,3340
10443,834,objective_updated,388.73,2,1,0,3340
10444,834,objective_updated,630.39,3,0,2,3340
10445,835,objective_updated,191.3,2,0,2,3341
10446,835,objective_updated,483.47,3,2,1,3341
10447,835,objective_updated,338.18,2,0,1,3342
10448,835,objective_updated,416.73,2,1,2,3342
10449,835,objective_updated,745.81,2,2,3,3342
10450,835,objective_updated,178,1,0,1,3343
10451,835,objective_updated,292.87,1,1,2,3343
10452,835,objective_updated,526.51,1,2,3,3343
10453,835,objective_updated,526.51,2,3,0,3343
10454,835,objective_updated,569.94,2,0,1,3343
10455,835,objective_updated,844.67,2,1,2,3343
10456,835,objective_updated,178,1,0,1,3344
10457,835,objective_updated,292.87,1,1,2,3344
10458,835,objective_updated,526.51,1,2,3,3344
10459,835,objective_updated,526.51,2,3,0,3344
10460,835,objective_updated,569.94,2,0,1,3344
10461,835,objective_updated,844.67,2,1,2,3344
10462,835,objective_updated,215.52,2,0,3,3346
10463,835,objective_updated,452.12,3,3,1,3346
10464,835,objective_updated,633.63,4,1,4,3346
10465,835,objective_updated,751.02,5,4,2,3346
10466,835,objective_updated,946.13,6,2,1,3346
10467,835,objective_updated,0,1,0,2,3351
10468,835,objective_updated,201.14,2,2,0,3351
10469,835,objective_updated,571.11,3,0,1,3351
10470,836,objective_updated,160.55,1,0,1,3352
10471,836,objective_updated,351.81,1,1,2,3352
10472,836,objective_updated,470.57,1,2,3,3352
10473,836,objective_updated,470.58,2,3,0,3352
10474,836,objective_updated,710.23,2,0,1,3352
10475,839,objective_updated,0,1,0,1,3353
10476,839,objective_updated,290.52,2,1,0,3353
10477,839,objective_updated,623.67,3,0,2,3353
10478,841,objective_updated,0,1,0,1,3354
10479,841,objective_updated,290.45,2,1,2,3354
10480,841,objective_updated,542.32,3,2,0,3354
10486,841,objective_updated,144.18,2,0,4,3360
10487,841,objective_updated,356.28,3,4,1,3360
10488,841,objective_updated,556.56,4,1,2,3360
10489,841,objective_updated,727.9,5,2,3,3360
10490,841,objective_updated,923.41,6,3,0,3360
10491,841,objective_updated,56.35,1,0,1,3361
10492,841,objective_updated,287.02,1,1,2,3361
10493,841,objective_updated,485.2,2,2,0,3361
10494,841,objective_updated,590.77,2,0,1,3361
10498,841,objective_updated,0,1,0,1,3364
10499,841,objective_updated,177.82,2,1,0,3364
10500,841,objective_updated,415.24,3,0,2,3364
10508,842,objective_updated,183.3,2,0,4,3369
10509,842,objective_updated,380.36,3,4,3,3369
10510,842,objective_updated,532.05,4,3,1,3369
10511,842,objective_updated,710.28,5,1,2,3369
10518,843,objective_updated,246.28,2,0,1,3372
10519,843,objective_updated,403.9,3,1,2,3372
10520,843,objective_updated,232.55,1,0,1,3373
10521,843,objective_updated,422.46,2,1,0,3373
10522,843,objective_updated,580.71,2,0,1,3373
10523,843,objective_updated,403.65,2,0,1,3374
10524,843,objective_updated,563.26,2,1,2,3374
10525,843,objective_updated,721.19,2,2,3,3374
10526,843,objective_updated,208.38,2,0,3,3375
10527,843,objective_updated,362.18,3,3,1,3375
10528,843,objective_updated,567.33,4,1,4,3375
10529,843,objective_updated,784.63,5,4,2,3375
10530,843,objective_updated,992.15,6,2,3,3375
10531,843,objective_updated,373.89,2,0,1,3377
10532,843,objective_updated,555.45,2,1,2,3377
10533,843,objective_updated,649.47,2,2,3,3377
10534,844,objective_updated,277.54,2,0,2,3378
10535,844,objective_updated,544.65,3,2,1,3378
10536,844,objective_updated,222.18,1,0,1,3379
10537,844,objective_updated,421.27,2,1,0,3379
10538,844,objective_updated,557.39,2,0,1,3379
10539,844,objective_updated,649.43,2,1,2,3379
10540,844,objective_updated,777.04,2,2,3,3379
10541,844,objective_updated,129.21,1,0,1,3381
10542,844,objective_updated,416.48,2,1,0,3381
10543,844,objective_updated,525.16,2,0,1,3381
10544,844,objective_updated,678.61,2,1,2,3381
10545,844,objective_updated,915.55,2,2,3,3381
10546,844,objective_updated,156.84,2,0,3,3382
10547,844,objective_updated,355.23,3,3,4,3382
10548,844,objective_updated,519.82,4,4,2,3382
10549,844,objective_updated,750.14,5,2,1,3382
10550,844,objective_updated,886.39,6,1,4,3382
10554,845,objective_updated,0,1,0,2,3384
10555,845,objective_updated,161.22,2,2,0,3384
10556,845,objective_updated,498.23,3,0,1,3384
10557,845,objective_updated,142.38,1,0,1,3385
10558,845,objective_updated,390.17,2,1,0,3385
10559,845,objective_updated,562.02,2,0,1,3385
10560,845,objective_updated,823.14,2,1,2,3385
10561,845,objective_updated,971.89,2,2,3,3385
10562,845,objective_updated,158.92,2,0,3,3386
10563,845,objective_updated,393.93,3,3,2,3386
10564,845,objective_updated,611.86,4,2,4,3386
10565,845,objective_updated,822.54,5,4,1,3386
10566,845,objective_updated,981.84,6,1,0,3386
10567,845,objective_updated,168.14,1,0,1,3387
10568,845,objective_updated,361.44,1,1,2,3387
10569,845,objective_updated,490.75,2,2,0,3387
10570,845,objective_updated,640.49,2,0,1,3387
10571,845,objective_updated,705.71,2,1,2,3387
10572,845,objective_updated,814.29,2,2,3,3387
10573,845,objective_updated,0,1,0,2,3390
10574,845,objective_updated,240.76,2,2,0,3390
10575,845,objective_updated,466.68,3,0,1,3390
10576,846,objective_updated,0,1,0,2,3394
10577,846,objective_updated,61.89,1,2,1,3394
10578,846,objective_updated,108.57,1,1,2,3394
10579,846,objective_updated,147.51,1,2,1,3394
10580,846,objective_updated,186.45,1,1,2,3394
10581,846,objective_updated,228.02,1,2,1,3394
10582,846,objective_updated,266.95,1,1,0,3394
10583,846,objective_updated,305.87,1,0,1,3394
10584,846,objective_updated,344.78,1,1,2,3394
10585,846,objective_updated,385.82,1,2,1,3394
10586,847,objective_updated,0,1,0,1,3395
10587,847,objective_updated,312.94,2,1,2,3395
10588,847,objective_updated,545.83,3,2,0,3395
10589,847,objective_updated,122.97,2,0,2,3396
10590,847,objective_updated,296.07,3,2,3,3396
10591,847,objective_updated,416.58,4,3,4,3396
10592,847,objective_updated,535.04,5,4,1,3396
10593,847,objective_updated,265.07,1,0,1,3397
10594,847,objective_updated,431.31,2,1,0,3397
10595,847,objective_updated,484.76,2,0,1,3397
10596,847,objective_updated,605.01,2,1,2,3397
10597,847,objective_updated,749.25,2,2,3,3397
10598,847,objective_updated,350.34,2,0,1,3398
10599,847,objective_updated,532.43,2,1,2,3398
10600,847,objective_updated,602.66,2,2,3,3398
10601,847,objective_updated,89.24,1,0,1,3400
10602,847,objective_updated,395.23,2,1,0,3400
10603,847,objective_updated,538.02,2,0,1,3400
10604,847,objective_updated,626.63,2,1,2,3400
10605,847,objective_updated,755.41,2,2,3,3400
10606,847,objective_updated,198.29,2,0,1,3401
10607,847,objective_updated,404.97,3,1,2,3401
10608,848,objective_updated,203.34,2,0,1,3402
10609,848,objective_updated,468.25,3,1,2,3402
10610,848,objective_updated,202.55,1,0,1,3403
10611,848,objective_updated,362.01,1,1,2,3403
10612,848,objective_updated,493.57,2,2,0,3403
10613,848,objective_updated,697.49,2,0,1,3403
10614,848,objective_updated,109.03,2,0,4,3404
10615,848,objective_updated,272.97,3,4,3,3404
10616,848,objective_updated,388.6,4,3,1,3404
10617,848,objective_updated,502.69,5,1,2,3404
10618,848,objective_updated,203.34,2,0,1,3406
10619,848,objective_updated,468.25,3,1,2,3406
10620,848,objective_updated,69.63,1,0,1,3408
10621,848,objective_updated,322.12,1,1,2,3408
10622,848,objective_updated,437.09,1,2,3,3408
10623,848,objective_updated,437.09,2,3,0,3408
10624,848,objective_updated,548.61,2,0,1,3408
10625,848,objective_updated,854.48,2,1,2,3408
10626,848,objective_updated,1003.03,2,2,3,3408
10627,848,objective_updated,1003.05,3,3,0,3408
10628,849,objective_updated,0,1,0,1,3409
10629,849,objective_updated,166.6,2,1,0,3409
10630,849,objective_updated,322.29,3,0,2,3409
10631,849,objective_updated,161.65,1,0,1,3410
10632,849,objective_updated,430.09,1,1,2,3410
10633,849,objective_updated,536.43,2,2,0,3410
10634,849,objective_updated,636.37,2,0,1,3410
10635,849,objective_updated,990.23,2,1,2,3410
10636,849,objective_updated,1089.18,2,2,3,3410
10637,849,objective_updated,108.62,2,0,3,3411
10638,849,objective_updated,227.81,3,3,1,3411
10639,849,objective_updated,419.62,4,1,2,3411
10640,849,objective_updated,541.04,5,2,4,3411
10641,849,objective_updated,714,6,4,0,3411
10642,849,objective_updated,376.47,2,0,1,3412
10643,849,objective_updated,467.27,2,1,2,3412
10644,849,objective_updated,667.13,2,2,3,3412
10645,849,objective_updated,0,1,0,2,3414
10646,849,objective_updated,237.21,2,2,1,3414
10647,849,objective_updated,525.37,3,1,0,3414
10656,850,objective_updated,205.99,1,0,1,3417
10657,850,objective_updated,395.2,2,1,0,3417
10658,850,objective_updated,528.57,2,0,1,3417
10659,850,objective_updated,607.97,2,1,2,3417
10660,850,objective_updated,685.68,2,2,3,3417
10661,850,objective_updated,255.28,1,0,1,3419
10662,850,objective_updated,447.88,2,1,0,3419
10663,850,objective_updated,290.9,2,0,2,3420
10664,850,objective_updated,600.55,3,2,1,3420
10665,851,objective_updated,0,1,0,2,3422
10666,851,objective_updated,215.23,2,2,1,3422
10667,851,objective_updated,457.31,3,1,0,3422
10668,851,objective_updated,191.62,1,0,1,3423
10669,851,objective_updated,414.31,2,1,0,3423
10670,851,objective_updated,534.78,2,0,1,3423
10671,851,objective_updated,714.56,2,1,2,3423
10672,851,objective_updated,185.79,2,0,3,3425
10673,851,objective_updated,320.91,3,3,1,3425
10674,851,objective_updated,447.89,4,1,2,3425
10675,851,objective_updated,591.72,5,2,4,3425
10676,851,objective_updated,815.2,6,4,3,3425
10677,851,objective_updated,176.32,1,0,1,3426
10678,851,objective_updated,288.58,1,1,2,3426
10679,851,objective_updated,493.3,2,2,0,3426
10680,851,objective_updated,734.18,2,0,1,3426
10681,851,objective_updated,855.16,2,1,2,3426
10682,851,objective_updated,1003.17,2,2,3,3426
10683,851,objective_updated,0,1,0,2,3427
10684,851,objective_updated,81.69,1,2,3,3427
10685,851,objective_updated,162.31,1,3,2,3427
10686,851,objective_updated,305.81,1,2,3,3427
10687,851,objective_updated,347.13,1,3,2,3427
10688,851,objective_updated,402.13,1,2,1,3427
10689,851,objective_updated,462.4,1,1,2,3427
10690,851,objective_updated,520.84,1,2,3,3427
10691,851,objective_updated,567.31,1,3,2,3427
10692,851,objective_updated,633.38,1,2,3,3427
10693,852,objective_updated,0,1,0,1,3428
10694,852,objective_updated,279.97,2,1,2,3428
10695,852,objective_updated,458.35,3,2,0,3428
10696,852,objective_updated,70.59,1,0,1,3429
10697,852,objective_updated,396.36,2,1,0,3429
10698,852,objective_updated,477.84,2,0,1,3429
10699,852,objective_updated,700.01,2,1,2,3429
10700,852,objective_updated,774.35,2,2,3,3429
10701,852,objective_updated,129.02,2,0,2,3430
10702,852,objective_updated,268.87,3,2,4,3430
10703,852,objective_updated,452.76,4,4,3,3430
10704,852,objective_updated,597.83,5,3,1,3430
10705,852,objective_updated,781.64,6,1,2,3430
10706,852,objective_updated,185.68,1,0,1,3431
10707,852,objective_updated,281.65,1,1,2,3431
10708,852,objective_updated,480.2,2,2,0,3431
10709,852,objective_updated,573.4,2,0,1,3431
10710,852,objective_updated,682.16,2,1,2,3431
10711,852,objective_updated,873.33,2,2,3,3431
10712,852,objective_updated,0,1,0,2,3433
10713,852,objective_updated,204.04,2,2,0,3433
10714,852,objective_updated,400.73,3,0,1,3433
10715,853,objective_updated,0,1,0,2,3434
10716,853,objective_updated,158.07,2,2,0,3434
10717,853,objective_updated,349.32,3,0,1,3434
10718,853,objective_updated,79.4,1,0,1,3435
10719,853,objective_updated,193.76,1,1,2,3435
10720,853,objective_updated,522.17,2,2,0,3435
10721,853,objective_updated,676.8,2,0,1,3435
10722,853,objective_updated,774.89,2,1,2,3435
10728,853,objective_updated,49.04,1,0,1,3437
10729,853,objective_updated,349.65,1,1,2,3437
10730,853,objective_updated,414.57,1,2,3,3437
10731,853,objective_updated,414.59,2,3,0,3437
10732,853,objective_updated,459.7,2,0,1,3437
10733,853,objective_updated,816.42,2,1,2,3437
10734,853,objective_updated,867.14,2,2,3,3437
10735,853,objective_updated,259.76,1,0,1,3439
10736,853,objective_updated,438.08,2,1,0,3439
10737,853,objective_updated,518.46,2,0,1,3439
10738,853,objective_updated,719,2,1,2,3439
10739,853,objective_updated,807.4,2,2,3,3439
10740,854,objective_updated,168.43,1,0,1,3440
10741,854,objective_updated,407.45,2,1,0,3440
10742,854,objective_updated,540.01,2,0,1,3440
10743,854,objective_updated,632.25,2,1,2,3440
10744,854,objective_updated,90.68,1,0,1,3441
10745,854,objective_updated,239.72,1,1,2,3441
10746,854,objective_updated,320.61,1,2,3,3441
10747,854,objective_updated,320.61,2,3,0,3441
10748,854,objective_updated,423.59,2,0,1,3441
10749,854,objective_updated,562.21,2,1,2,3441
10750,854,objective_updated,666.83,2,2,3,3441
10751,854,objective_updated,666.83,3,3,0,3441
10752,854,objective_updated,0,1,0,1,3442
10753,854,objective_updated,286.97,2,1,0,3442
10754,854,objective_updated,502.39,3,0,2,3442
10755,854,objective_updated,190.21,2,0,3,3444
10756,854,objective_updated,337.61,3,3,2,3444
10757,854,objective_updated,456.67,4,2,1,3444
10758,854,objective_updated,656.5,5,1,4,3444
10759,854,objective_updated,803.57,6,4,2,3444
10760,854,objective_updated,267.13,2,0,2,3445
10761,854,objective_updated,481.7,3,2,1,3445
10762,855,objective_updated,245.69,2,0,1,3446
10763,855,objective_updated,430.39,3,1,2,3446
10764,855,objective_updated,98.03,1,0,1,3447
10765,855,objective_updated,193.09,1,1,2,3447
10766,855,objective_updated,456.74,1,2,3,3447
10767,855,objective_updated,456.74,2,3,0,3447
10768,855,objective_updated,541.95,2,0,1,3447
10769,855,objective_updated,162.55,1,0,1,3448
10770,855,objective_updated,334.64,1,1,2,3448
10771,855,objective_updated,513.19,2,2,0,3448
10772,855,objective_updated,618.99,2,0,1,3448
10773,855,objective_updated,220.75,1,0,1,3449
10774,855,objective_updated,417.13,2,1,0,3449
10775,855,objective_updated,489.25,2,0,1,3449
10776,855,objective_updated,605.38,2,1,2,3449
10777,855,objective_updated,0,1,0,2,3450
10778,855,objective_updated,49.47,1,2,1,3450
10779,855,objective_updated,94.3,1,1,2,3450
10780,855,objective_updated,143.97,1,2,3,3450
10781,855,objective_updated,238.85,1,3,2,3450
10782,855,objective_updated,280.04,1,2,3,3450
10783,855,objective_updated,332.69,1,3,4,3450
10784,855,objective_updated,401.15,1,4,3,3450
10785,855,objective_updated,454.9,1,3,2,3450
10786,855,objective_updated,545.24,1,2,1,3450
10787,856,objective_updated,0,1,0,2,3451
10788,856,objective_updated,229.63,2,2,1,3451
10789,856,objective_updated,558.86,3,1,0,3451
10790,856,objective_updated,112.54,1,0,1,3452
10791,856,objective_updated,201.29,1,1,2,3452
10792,856,objective_updated,443.93,1,2,3,3452
10793,856,objective_updated,443.93,2,3,0,3452
10794,856,objective_updated,705.75,2,0,1,3452
10795,856,objective_updated,935.86,2,1,2,3452
10796,856,objective_updated,157.54,2,0,1,3453
10797,856,objective_updated,364.26,3,1,4,3453
10798,856,objective_updated,553.43,4,4,3,3453
10799,856,objective_updated,752.84,5,3,2,3453
10800,856,objective_updated,890.87,6,2,4,3453
10801,856,objective_updated,71.61,1,0,1,3454
10802,856,objective_updated,190.37,1,1,2,3454
10803,856,objective_updated,278.57,1,2,3,3454
10804,856,objective_updated,278.59,2,3,0,3454
10805,856,objective_updated,452.48,2,0,1,3454
10806,856,objective_updated,71.55,1,0,1,3456
10807,856,objective_updated,136.2,1,1,2,3456
10808,856,objective_updated,490.93,1,2,3,3456
10809,856,objective_updated,490.93,2,3,0,3456
10810,856,objective_updated,576.15,2,0,1,3456
10811,856,objective_updated,879.71,2,1,2,3456
10812,857,objective_updated,323.53,2,0,2,3457
10813,857,objective_updated,544.17,3,2,1,3457
10814,857,objective_updated,164.73,1,0,1,3458
10815,857,objective_updated,354.63,1,1,2,3458
10816,857,objective_updated,491.77,2,2,0,3458
10817,857,objective_updated,614.11,2,0,1,3458
10818,857,objective_updated,826.41,2,1,2,3458
10819,857,objective_updated,1010.58,2,2,3,3458
10820,857,objective_updated,164.73,1,0,1,3459
10821,857,objective_updated,354.63,1,1,2,3459
10822,857,objective_updated,491.77,2,2,0,3459
10823,857,objective_updated,614.11,2,0,1,3459
10824,857,objective_updated,826.41,2,1,2,3459
10825,857,objective_updated,1010.58,2,2,3,3459
10826,857,objective_updated,74.44,1,0,1,3460
10827,857,objective_updated,305.82,1,1,2,3460
10828,857,objective_updated,418.67,1,2,3,3460
10829,857,objective_updated,418.67,2,3,0,3460
10830,857,objective_updated,164.73,1,0,1,3461
10831,857,objective_updated,354.63,1,1,2,3461
10832,857,objective_updated,491.77,2,2,0,3461
10833,857,objective_updated,614.11,2,0,1,3461
10834,857,objective_updated,826.41,2,1,2,3461
10835,857,objective_updated,1010.58,2,2,3,3461
10836,857,objective_updated,164.73,1,0,1,3462
10837,857,objective_updated,354.63,1,1,2,3462
10838,857,objective_updated,491.77,2,2,0,3462
10839,857,objective_updated,614.11,2,0,1,3462
10840,857,objective_updated,826.41,2,1,2,3462
10841,857,objective_updated,1010.58,2,2,3,3462
10842,858,objective_updated,0,1,0,2,3463
10843,858,objective_updated,315.93,2,2,1,3463
10844,858,objective_updated,548.05,3,1,0,3463
10845,858,objective_updated,80.54,1,0,1,3464
10846,858,objective_updated,332.08,1,1,2,3464
10847,858,objective_updated,425.57,1,2,3,3464
10848,858,objective_updated,425.57,2,3,0,3464
10849,858,objective_updated,490.24,2,0,1,3464
10850,858,objective_updated,600.25,2,1,2,3464
10851,858,objective_updated,930.81,2,2,3,3464
10852,858,objective_updated,173.61,2,0,3,3465
10853,858,objective_updated,345.01,3,3,1,3465
10854,858,objective_updated,530.05,4,1,2,3465
10855,858,objective_updated,669.45,5,2,4,3465
10856,858,objective_updated,783.4,6,4,3,3465
10857,858,objective_updated,339.23,2,0,1,3466
10858,858,objective_updated,441.97,2,1,2,3466
10859,858,objective_updated,583.09,2,2,3,3466
10865,859,objective_updated,103.5,1,0,1,3469
10866,859,objective_updated,252.11,1,1,2,3469
10867,859,objective_updated,348.42,1,2,3,3469
10868,859,objective_updated,348.42,2,3,0,3469
10869,859,objective_updated,569.56,2,0,1,3469
10870,859,objective_updated,185.82,2,0,4,3471
10871,859,objective_updated,373.77,3,4,2,3471
10872,859,objective_updated,524.41,4,2,3,3471
10873,859,objective_updated,657.73,5,3,1,3471
10874,859,objective_updated,777.13,6,1,3,3471
10881,860,objective_updated,0,1,0,1,3473
10882,860,objective_updated,221.87,2,1,2,3473
10883,860,objective_updated,552.98,3,2,0,3473
10894,860,objective_updated,198.9,2,0,4,3476
10895,860,objective_updated,410.52,3,4,1,3476
10896,860,objective_updated,638.71,4,1,3,3476
10897,860,objective_updated,880,5,3,2,3476
10898,860,objective_updated,1018.02,6,2,4,3476
10899,860,objective_updated,438.97,2,0,1,3477
10900,860,objective_updated,578.44,2,1,2,3477
10901,861,objective_updated,357.17,2,0,1,3478
10902,861,objective_updated,670.81,3,1,2,3478
10903,862,objective_updated,357.17,2,0,1,3479
10904,862,objective_updated,670.81,3,1,2,3479
10905,863,objective_updated,120.39,1,0,1,3480
10906,863,objective_updated,294.48,1,1,2,3480
10907,863,objective_updated,361.92,1,2,3,3480
10908,863,objective_updated,361.92,2,3,0,3480
10909,863,objective_updated,357.17,2,0,1,3482
10910,863,objective_updated,670.81,3,1,2,3482
10911,864,objective_updated,208.14,1,0,1,3483
10912,864,objective_updated,390.12,2,1,0,3483
10913,864,objective_updated,490.3,2,0,1,3483
10914,864,objective_updated,713.15,2,1,2,3483
10915,864,objective_updated,917.54,2,2,3,3483
10916,864,objective_updated,181.79,2,0,1,3484
10917,864,objective_updated,378.72,3,1,3,3484
10918,864,objective_updated,573.54,4,3,2,3484
10919,864,objective_updated,715.79,5,2,4,3484
10920,864,objective_updated,434.87,2,0,1,3485
10921,864,objective_updated,0,1,0,1,3487
10922,864,objective_updated,218.69,2,1,2,3487
10923,864,objective_updated,389.86,3,2,0,3487
10924,863,objective_updated,0,1,0,2,3488
10925,863,objective_updated,247.93,2,2,0,3488
10926,863,objective_updated,426.43,3,0,1,3488
10927,863,objective_updated,87.52,1,0,1,3489
10928,863,objective_updated,333.25,1,1,2,3489
10929,863,objective_updated,485.29,1,2,3,3489
10930,863,objective_updated,485.29,2,3,0,3489
10931,863,objective_updated,609.77,2,0,1,3489
10932,863,objective_updated,744.94,2,1,2,3489
10933,863,objective_updated,849.28,2,2,3,3489
10934,863,objective_updated,131.98,2,0,4,3490
10935,863,objective_updated,320.82,3,4,1,3490
10936,863,objective_updated,544.19,4,1,2,3490
10937,863,objective_updated,721.85,5,2,3,3490
10938,863,objective_updated,889.17,6,3,4,3490
10939,863,objective_updated,357.17,2,0,1,3491
10940,863,objective_updated,670.81,3,1,2,3491
10941,868,objective_updated,240.36,1,0,1,3492
10942,868,objective_updated,409.87,1,1,2,3492
10943,868,objective_updated,567.25,2,2,0,3492
10944,868,objective_updated,778.78,2,0,1,3492
10945,868,objective_updated,858.29,2,1,2,3492
10946,868,objective_updated,118.28,1,0,1,3494
10947,868,objective_updated,259.17,1,1,2,3494
10948,868,objective_updated,358.53,1,2,3,3494
10949,868,objective_updated,358.53,2,3,0,3494
10950,868,objective_updated,485.13,2,0,1,3494
10951,868,objective_updated,607.52,2,1,2,3494
10952,868,objective_updated,706.15,2,2,3,3494
10953,869,objective_updated,0,1,0,1,3495
10954,869,objective_updated,238.55,2,1,2,3495
10955,869,objective_updated,474.15,3,2,0,3495
10956,869,objective_updated,203.86,1,0,1,3496
10957,869,objective_updated,357.45,1,1,2,3496
10958,869,objective_updated,519.21,2,2,0,3496
10959,869,objective_updated,409.81,2,0,1,3497
10960,869,objective_updated,483.35,2,1,2,3497
10961,869,objective_updated,119.83,2,0,1,3499
10962,869,objective_updated,347.13,3,1,4,3499
10963,869,objective_updated,520.61,4,4,3,3499
10964,869,objective_updated,707.21,5,3,2,3499
10965,869,objective_updated,53.82,1,0,1,3500
10966,869,objective_updated,147.55,1,1,2,3500
10967,869,objective_updated,241.75,1,2,3,3500
10968,869,objective_updated,241.77,2,3,0,3500
10969,869,objective_updated,455.57,2,0,1,3500
10970,869,objective_updated,567.03,2,1,2,3500
10971,869,objective_updated,655.06,2,2,3,3500
10972,869,objective_updated,119.83,2,0,1,3501
10973,869,objective_updated,347.13,3,1,4,3501
10974,869,objective_updated,520.61,4,4,3,3501
10975,869,objective_updated,707.21,5,3,2,3501
10976,869,objective_updated,119.83,2,0,1,3502
10977,869,objective_updated,347.13,3,1,4,3502
10978,869,objective_updated,520.61,4,4,3,3502
10979,869,objective_updated,707.21,5,3,2,3502
10980,870,objective_updated,81.87,1,0,1,3504
10981,870,objective_updated,206.81,1,1,2,3504
10982,870,objective_updated,532.52,1,2,3,3504
10983,870,objective_updated,532.52,2,3,0,3504
10984,870,objective_updated,597.88,2,0,1,3504
10985,870,objective_updated,810.74,2,1,2,3504
10986,870,objective_updated,902.78,2,2,3,3504
10987,870,objective_updated,129.91,2,0,4,3505
10988,870,objective_updated,323.73,3,4,3,3505
10989,870,objective_updated,548.24,4,3,1,3505
10990,870,objective_updated,665.74,5,1,2,3505
10991,870,objective_updated,833.41,6,2,4,3505
10992,870,objective_updated,203.32,2,0,2,3506
10993,870,objective_updated,488.73,3,2,1,3506
10999,871,objective_updated,0,1,0,2,3508
11000,871,objective_updated,268.68,2,2,0,3508
11001,871,objective_updated,557.45,3,0,1,3508
11002,871,objective_updated,150.95,1,0,1,3509
11003,871,objective_updated,236.63,1,1,2,3509
11004,871,objective_updated,419.24,1,2,3,3509
11005,871,objective_updated,419.24,2,3,0,3509
11006,871,objective_updated,589.47,2,0,1,3509
11007,871,objective_updated,670.37,2,1,2,3509
11008,871,objective_updated,756.53,2,2,3,3509
11009,871,objective_updated,127.39,2,0,1,3510
11010,871,objective_updated,267.95,3,1,4,3510
11011,871,objective_updated,489.92,4,4,3,3510
11012,871,objective_updated,670.39,5,3,2,3510
11013,871,objective_updated,87.45,1,0,1,3511
11014,871,objective_updated,187.78,1,1,2,3511
11015,871,objective_updated,309.94,1,2,3,3511
11016,871,objective_updated,309.94,2,3,0,3511
11017,871,objective_updated,384.94,2,0,1,3511
11018,871,objective_updated,552.59,2,1,2,3511
11019,871,objective_updated,709.86,2,2,3,3511
11020,871,objective_updated,0,1,0,2,3514
11021,871,objective_updated,64.05,1,2,3,3514
11022,871,objective_updated,113.51,1,3,2,3514
11023,871,objective_updated,155.04,1,2,1,3514
11024,871,objective_updated,194.74,1,1,0,3514
11025,871,objective_updated,253.61,1,0,1,3514
11026,871,objective_updated,299.68,1,1,0,3514
11027,871,objective_updated,371.41,1,0,1,3514
11028,871,objective_updated,426.38,1,1,0,3514
11029,872,objective_updated,156.04,2,0,4,3516
11030,872,objective_updated,418.95,3,4,3,3516
11031,872,objective_updated,662.08,4,3,2,3516
11032,872,objective_updated,861.78,5,2,1,3516
11033,872,objective_updated,1014.38,6,1,0,3516
11034,872,objective_updated,248.41,1,0,1,3517
11035,872,objective_updated,390.62,1,1,2,3517
11036,872,objective_updated,507.87,2,2,0,3517
11037,872,objective_updated,677.65,2,0,1,3517
11038,872,objective_updated,844,2,1,2,3517
11039,872,objective_updated,959.48,2,2,3,3517
11040,872,objective_updated,0,1,0,2,3519
11041,872,objective_updated,64.46,1,2,1,3519
11042,872,objective_updated,134.86,1,1,2,3519
11043,872,objective_updated,174.86,1,2,1,3519
11044,872,objective_updated,260.51,1,1,0,3519
11045,872,objective_updated,302.75,1,0,1,3519
11046,872,objective_updated,358.31,1,1,0,3519
11047,872,objective_updated,458.83,1,0,1,3519
11048,874,objective_updated,0,1,0,1,3521
11049,874,objective_updated,265.99,2,1,2,3521
11050,874,objective_updated,553.03,3,2,0,3521
11051,874,objective_updated,63.01,1,0,1,3522
11052,874,objective_updated,205.05,1,1,2,3522
11053,874,objective_updated,444.37,1,2,3,3522
11054,874,objective_updated,444.37,2,3,0,3522
11055,874,objective_updated,223.31,1,0,1,3524
11056,874,objective_updated,435.25,2,1,0,3524
11057,874,objective_updated,147.71,2,0,1,3525
11058,874,objective_updated,310.83,3,1,4,3525
11059,874,objective_updated,439.55,4,4,3,3525
11060,874,objective_updated,581.74,5,3,2,3525
11061,874,objective_updated,215.15,1,0,1,3526
11062,874,objective_updated,420.29,1,1,2,3526
11063,874,objective_updated,534.09,2,2,0,3526
11064,874,objective_updated,658.07,2,0,1,3526
11065,875,objective_updated,0,1,0,1,3527
11066,875,objective_updated,248.89,2,1,0,3527
11067,875,objective_updated,428.03,3,0,2,3527
11068,875,objective_updated,156.97,1,0,1,3528
11069,875,objective_updated,459.21,2,1,0,3528
11070,875,objective_updated,513.96,2,0,1,3528
11071,875,objective_updated,772.48,2,1,2,3528
11072,875,objective_updated,963.08,2,2,3,3528
11073,875,objective_updated,227.47,1,0,1,3530
11074,875,objective_updated,412.45,2,1,0,3530
11075,875,objective_updated,489.83,2,0,1,3530
11076,875,objective_updated,665.74,2,1,2,3530
11077,875,objective_updated,113.82,2,0,3,3531
11078,875,objective_updated,230.21,3,3,2,3531
11079,875,objective_updated,400.93,4,2,1,3531
11080,875,objective_updated,549.74,5,1,4,3531
11081,875,objective_updated,709.64,6,4,2,3531
11082,876,objective_updated,0,1,0,2,3532
11083,876,objective_updated,287.46,2,2,1,3532
11084,876,objective_updated,548.53,3,1,0,3532
11085,876,objective_updated,399.28,2,0,1,3533
11086,876,objective_updated,525.95,2,1,2,3533
11087,876,objective_updated,126.36,2,0,4,3535
11088,876,objective_updated,305.55,3,4,3,3535
11089,876,objective_updated,481.12,4,3,1,3535
11090,876,objective_updated,595.69,5,1,2,3535
11091,876,objective_updated,809.72,6,2,3,3535
11092,876,objective_updated,161.73,1,0,1,3536
11093,876,objective_updated,247.59,1,1,2,3536
11094,876,objective_updated,463.62,1,2,3,3536
11095,876,objective_updated,463.62,2,3,0,3536
11096,876,objective_updated,633.49,2,0,1,3536
11097,876,objective_updated,714.05,2,1,2,3536
11098,876,objective_updated,0,1,0,2,3538
11099,876,objective_updated,61.71,1,2,3,3538
11100,876,objective_updated,137.71,1,3,2,3538
11101,876,objective_updated,186.27,1,2,1,3538
11102,876,objective_updated,275.3,1,1,0,3538
11103,877,objective_updated,118.79,2,0,4,3540
11104,877,objective_updated,303.76,3,4,2,3540
11105,877,objective_updated,522.07,4,2,1,3540
11106,877,objective_updated,697.68,5,1,3,3540
11107,877,objective_updated,923.76,6,3,2,3540
11108,877,objective_updated,206.62,2,0,2,3541
11109,877,objective_updated,543.04,3,2,1,3541
11110,877,objective_updated,0,1,0,2,3542
11111,877,objective_updated,247.08,2,2,0,3542
11112,877,objective_updated,592.83,3,0,1,3542
11113,877,objective_updated,0,1,0,2,3543
11114,877,objective_updated,247.08,2,2,0,3543
11115,877,objective_updated,592.83,3,0,1,3543
11116,877,objective_updated,125.61,1,0,1,3544
11117,877,objective_updated,266.06,1,1,2,3544
11118,877,objective_updated,354.79,1,2,3,3544
11119,877,objective_updated,354.79,2,3,0,3544
11120,877,objective_updated,549.81,2,0,1,3544
11121,877,objective_updated,155.16,1,0,1,3545
11122,877,objective_updated,229.2,1,1,2,3545
11123,877,objective_updated,298.02,1,2,3,3545
11124,877,objective_updated,298.02,2,3,0,3545
11130,884,objective_updated,0,1,0,2,3549
11131,884,objective_updated,54.94,1,2,1,3549
11132,884,objective_updated,127.19,1,1,0,3549
11133,884,objective_updated,180.54,1,0,1,3549
11134,884,objective_updated,243.08,1,1,2,3549
11135,884,objective_updated,299.64,1,2,3,3549
11136,884,objective_updated,350.9,1,3,2,3549
11137,884,objective_updated,452,1,2,3,3549
11138,884,objective_updated,508.95,1,3,4,3549
11139,884,objective_updated,210.33,1,0,1,3550
11140,884,objective_updated,281.48,1,1,2,3550
11141,884,objective_updated,388.72,1,2,3,3550
11142,884,objective_updated,388.72,2,3,0,3550
11143,884,objective_updated,368.39,2,0,1,3551
11144,884,objective_updated,461.48,2,1,2,3551
11145,884,objective_updated,131,2,0,4,3552
11146,884,objective_updated,288.02,3,4,1,3552
11147,884,objective_updated,471.75,4,1,3,3552
11148,884,objective_updated,660.94,5,3,2,3552
11149,884,objective_updated,0,1,0,1,3554
11150,884,objective_updated,231.81,2,1,0,3554
11151,884,objective_updated,453.41,3,0,2,3554
11159,887,objective_updated,172.06,2,0,1,3557
11160,887,objective_updated,300.71,3,1,4,3557
11161,887,objective_updated,433.19,4,4,3,3557
11162,887,objective_updated,592.64,5,3,2,3557
11163,887,objective_updated,719.45,6,2,3,3557
11166,887,objective_updated,169.13,2,0,1,3559
11167,887,objective_updated,481.58,3,1,2,3559
11168,887,objective_updated,64.88,1,0,1,3560
11169,887,objective_updated,285.97,1,1,2,3560
11170,887,objective_updated,447.54,1,2,3,3560
11171,887,objective_updated,447.54,2,3,0,3560
11172,888,objective_updated,275.87,2,0,2,3561
11173,888,objective_updated,568.82,3,2,1,3561
11174,888,objective_updated,0,1,0,2,3562
11175,888,objective_updated,50.67,1,2,3,3562
11176,888,objective_updated,100.16,1,3,2,3562
11177,888,objective_updated,161.21,1,2,3,3562
11178,888,objective_updated,207.8,1,3,2,3562
11179,888,objective_updated,249.91,1,2,1,3562
11180,888,objective_updated,350.28,1,1,2,3562
11181,888,objective_updated,389.18,1,2,3,3562
11182,888,objective_updated,431.91,1,3,2,3562
11183,888,objective_updated,511,1,2,1,3562
11184,888,objective_updated,242.77,1,0,1,3563
11185,888,objective_updated,307.81,1,1,2,3563
11186,888,objective_updated,475.55,1,2,3,3563
11187,888,objective_updated,475.56,2,3,0,3563
11188,888,objective_updated,609.73,2,0,1,3563
11189,888,objective_updated,105.61,2,0,2,3564
11190,888,objective_updated,245.38,3,2,1,3564
11191,888,objective_updated,416.52,4,1,3,3564
11192,888,objective_updated,547.59,5,3,4,3564
11193,888,objective_updated,667.92,6,4,2,3564
11194,888,objective_updated,235,1,0,1,3565
11195,888,objective_updated,443.13,2,1,0,3565
11196,888,objective_updated,689.96,2,0,1,3565
11197,889,objective_updated,0,1,0,2,3567
11198,889,objective_updated,298.47,2,2,0,3567
11199,889,objective_updated,563.22,3,0,1,3567
11200,889,objective_updated,0,1,0,2,3568
11201,889,objective_updated,74.67,1,2,1,3568
11202,889,objective_updated,130.36,1,1,0,3568
11203,889,objective_updated,169.29,1,0,1,3568
11204,889,objective_updated,221.1,1,1,2,3568
11205,889,objective_updated,264.39,1,2,1,3568
11206,889,objective_updated,325.04,1,1,2,3568
11207,889,objective_updated,381.14,1,2,1,3568
11208,889,objective_updated,448.4,1,1,2,3568
11209,889,objective_updated,519.68,1,2,1,3568
11210,889,objective_updated,94.12,1,0,1,3569
11211,889,objective_updated,202.63,1,1,2,3569
11212,889,objective_updated,352.38,1,2,3,3569
11213,889,objective_updated,352.38,2,3,0,3569
11214,889,objective_updated,500.28,2,0,1,3569
11215,889,objective_updated,637.35,2,1,2,3569
11216,889,objective_updated,55.95,1,0,1,3570
11217,889,objective_updated,145.49,1,1,2,3570
11218,889,objective_updated,284.27,1,2,3,3570
11219,889,objective_updated,284.27,2,3,0,3570
11220,889,objective_updated,504.6,2,0,1,3570
11221,889,objective_updated,706.03,2,1,2,3570
11224,533,objective_updated,368.39,2,0,1,3572
11225,533,objective_updated,461.48,2,1,2,3572
11226,533,objective_updated,368.39,2,0,1,3573
11227,533,objective_updated,461.48,2,1,2,3573
11228,533,objective_updated,368.39,2,0,1,3574
11229,533,objective_updated,461.48,2,1,2,3574
11230,891,objective_updated,295.33,2,0,2,3575
11231,891,objective_updated,565.52,3,2,1,3575
11232,891,objective_updated,58.54,1,0,1,3576
11233,891,objective_updated,299.69,1,1,2,3576
11234,891,objective_updated,485.17,2,2,0,3576
11235,891,objective_updated,587.55,2,0,1,3576
11236,891,objective_updated,745.37,2,1,2,3576
11237,891,objective_updated,805.61,2,2,3,3576
11238,891,objective_updated,124.25,2,0,4,3578
11239,891,objective_updated,320.74,3,4,3,3578
11240,891,objective_updated,442.18,4,3,2,3578
11241,891,objective_updated,573.33,5,2,1,3578
11242,891,objective_updated,700.57,6,1,0,3578
11243,891,objective_updated,97.79,1,0,1,3579
11244,891,objective_updated,281.61,1,1,2,3579
11245,891,objective_updated,356.18,1,2,3,3579
11246,891,objective_updated,356.18,2,3,0,3579
11247,891,objective_updated,432.67,2,0,1,3579
11248,891,objective_updated,508.39,2,1,2,3579
11249,891,objective_updated,623.75,2,2,3,3579
11250,891,objective_updated,623.77,3,3,0,3579
11255,892,objective_updated,154,2,0,2,3582
11256,892,objective_updated,364.54,3,2,1,3582
11257,892,objective_updated,55.68,1,0,1,3583
11258,892,objective_updated,154.74,1,1,2,3583
11259,892,objective_updated,239.72,1,2,3,3583
11260,892,objective_updated,239.73,2,3,0,3583
11261,892,objective_updated,111.31,2,0,4,3584
11262,892,objective_updated,308.88,3,4,2,3584
11263,892,objective_updated,423.19,4,2,1,3584
11264,892,objective_updated,541.17,5,1,3,3584
11269,892,objective_updated,176.8,2,0,2,3587
11270,892,objective_updated,445.16,3,2,1,3587
11271,894,objective_updated,55.74,1,0,1,3588
11272,894,objective_updated,238.29,1,1,2,3588
11273,894,objective_updated,437.14,1,2,3,3588
11274,894,objective_updated,437.14,2,3,0,3588
11275,894,objective_updated,507.93,2,0,1,3588
11276,894,objective_updated,600.24,2,1,2,3588
11277,894,objective_updated,940.12,2,2,3,3588
11278,894,objective_updated,330.3,2,0,2,3590
11279,894,objective_updated,557.47,3,2,1,3590
11280,903,objective_updated,331.55,2,0,1,3591
11281,903,objective_updated,469.92,2,1,2,3591
11282,903,objective_updated,553.26,2,2,3,3591
11283,904,objective_updated,331.55,2,0,1,3592
11284,904,objective_updated,469.92,2,1,2,3592
11285,904,objective_updated,553.26,2,2,3,3592
11286,905,objective_updated,331.55,2,0,1,3593
11287,905,objective_updated,469.92,2,1,2,3593
11288,905,objective_updated,553.26,2,2,3,3593
11289,905,objective_updated,139.49,2,0,4,3594
11290,905,objective_updated,282.65,3,4,1,3594
11291,905,objective_updated,408.42,4,1,3,3594
11292,905,objective_updated,527.57,5,3,2,3594
11293,905,objective_updated,0,1,0,2,3596
11294,905,objective_updated,56.73,1,2,3,3596
11295,905,objective_updated,231.25,2,0,1,3597
11296,905,objective_updated,499.88,3,1,2,3597
11297,905,objective_updated,301.47,2,0,1,3598
11298,905,objective_updated,420.43,2,1,2,3598
11299,905,objective_updated,510.42,2,2,3,3598
11300,906,objective_updated,66.65,1,0,1,3599
11301,906,objective_updated,336.97,1,1,2,3599
11302,906,objective_updated,480.16,2,2,0,3599
11303,906,objective_updated,698.76,2,0,1,3599
11304,906,objective_updated,795.84,2,1,2,3599
11305,906,objective_updated,887.13,2,2,3,3599
11306,906,objective_updated,118.73,2,0,1,3601
11307,906,objective_updated,328.93,3,1,3,3601
11308,906,objective_updated,462.94,4,3,4,3601
11309,906,objective_updated,590.97,5,4,2,3601
11310,906,objective_updated,765.9,6,2,1,3601
11311,906,objective_updated,0,1,0,1,3602
11312,906,objective_updated,248.11,2,1,2,3602
11313,906,objective_updated,479.31,3,2,0,3602
11314,906,objective_updated,361.18,2,0,1,3603
11315,906,objective_updated,695.04,2,1,2,3603
11316,907,objective_updated,204.15,2,0,1,3606
11317,907,objective_updated,421.63,3,1,2,3606
11325,907,objective_updated,0,1,0,2,3608
11326,907,objective_updated,247.58,2,2,0,3608
11327,907,objective_updated,535.17,3,0,1,3608
11328,908,objective_updated,0,1,0,1,3609
11329,908,objective_updated,154.45,2,1,0,3609
11330,908,objective_updated,405.52,3,0,2,3609
11331,908,objective_updated,66.16,1,0,1,3610
11332,908,objective_updated,181.17,1,1,2,3610
11333,908,objective_updated,351.58,1,2,3,3610
11334,908,objective_updated,351.58,2,3,0,3610
11335,908,objective_updated,587.52,2,0,1,3610
11336,908,objective_updated,122.41,2,0,2,3611
11337,908,objective_updated,244.44,3,2,3,3611
11338,908,objective_updated,364.91,4,3,4,3611
11339,908,objective_updated,591.39,5,4,1,3611
11340,908,objective_updated,800.83,6,1,4,3611
11341,908,objective_updated,80.09,1,0,1,3612
11342,908,objective_updated,174.75,1,1,2,3612
11343,908,objective_updated,292.49,1,2,3,3612
11344,908,objective_updated,292.51,2,3,0,3612
11345,909,objective_updated,0,1,0,1,3614
11346,909,objective_updated,240.28,2,1,0,3614
11347,909,objective_updated,401.31,3,0,2,3614
11348,909,objective_updated,104.01,1,0,1,3615
11349,909,objective_updated,400.66,2,1,0,3615
11350,909,objective_updated,506.71,2,0,1,3615
11351,909,objective_updated,680.08,2,1,2,3615
11352,909,objective_updated,510.05,2,0,1,3617
11353,909,objective_updated,609.74,2,1,2,3617
11354,909,objective_updated,666.33,2,2,3,3617
11355,909,objective_updated,158.79,2,0,3,3618
11356,909,objective_updated,326.68,3,3,1,3618
11357,909,objective_updated,490.56,4,1,2,3618
11358,909,objective_updated,653.58,5,2,4,3618
11359,909,objective_updated,840.49,6,4,2,3618
11360,909,objective_updated,0,1,0,2,3619
11361,909,objective_updated,44.14,1,2,3,3619
11362,909,objective_updated,148.8,1,3,2,3619
11363,909,objective_updated,189.23,1,2,1,3619
11364,909,objective_updated,233.57,1,1,2,3619
11365,909,objective_updated,289.92,1,2,1,3619
11366,909,objective_updated,354.8,1,1,0,3619
11367,909,objective_updated,0,1,0,1,3620
11368,909,objective_updated,195.4,2,1,2,3620
11369,909,objective_updated,417.19,3,2,0,3620
11370,912,objective_updated,188.05,1,0,1,3621
11371,912,objective_updated,370.08,1,1,2,3621
11372,912,objective_updated,491.08,2,2,0,3621
11373,912,objective_updated,542.98,2,0,1,3621
11374,912,objective_updated,629.94,2,1,2,3621
11375,912,objective_updated,797.17,2,2,3,3621
11376,913,objective_updated,188.05,1,0,1,3622
11377,913,objective_updated,370.08,1,1,2,3622
11378,913,objective_updated,491.08,2,2,0,3622
11379,913,objective_updated,542.98,2,0,1,3622
11380,913,objective_updated,629.94,2,1,2,3622
11381,913,objective_updated,797.17,2,2,3,3622
11382,913,objective_updated,184.75,2,0,4,3624
11383,913,objective_updated,306.37,3,4,3,3624
11384,913,objective_updated,508.99,4,3,2,3624
11385,913,objective_updated,702.21,5,2,1,3624
11386,913,objective_updated,489.48,2,0,1,3625
11387,913,objective_updated,613.24,2,1,2,3625
11388,913,objective_updated,770.48,2,2,3,3625
11389,913,objective_updated,489.48,2,0,1,3626
11390,913,objective_updated,613.24,2,1,2,3626
11391,913,objective_updated,770.48,2,2,3,3626
11392,913,objective_updated,0,1,0,1,3627
11393,913,objective_updated,193.35,2,1,2,3627
11394,913,objective_updated,452.25,3,2,0,3627
11395,913,objective_updated,0,1,0,1,3628
11396,913,objective_updated,178.97,2,1,2,3628
11397,913,objective_updated,384.64,3,2,0,3628
11398,914,objective_updated,169.1,2,0,1,3629
11399,914,objective_updated,408.56,3,1,2,3629
11400,914,objective_updated,53.45,1,0,1,3630
11401,914,objective_updated,348.18,1,1,2,3630
11402,914,objective_updated,417.64,1,2,3,3630
11403,914,objective_updated,417.65,2,3,0,3630
11404,914,objective_updated,509.49,2,0,1,3630
11405,914,objective_updated,608.19,2,1,2,3630
11406,914,objective_updated,107.63,2,0,3,
11407,914,objective_updated,235.36,3,3,4,
11408,914,objective_updated,434.76,4,4,1,
11409,914,objective_updated,592.2,5,1,2,
11410,914,objective_updated,0,1,0,1,
11411,914,objective_updated,184.62,2,1,0,
11412,914,objective_updated,516.82,3,0,2,
11413,914,objective_updated,217.93,1,0,1,
11414,914,objective_updated,403.82,2,1,0,
11415,914,objective_updated,465.98,2,0,1,
11416,914,objective_updated,518.12,2,1,2,
11417,914,objective_updated,894.28,2,2,3,
11418,918,objective_updated,200.71,1,0,1,3635
11419,918,objective_updated,403.54,1,1,2,3635
11420,918,objective_updated,514.58,2,2,0,3635
11421,918,objective_updated,712.58,2,0,1,3635
11422,918,objective_updated,893.09,2,1,2,3635
11423,918,objective_updated,0,1,0,2,3636
11424,918,objective_updated,299.66,2,2,1,3636
11425,918,objective_updated,459.25,3,1,0,3636
11426,919,objective_updated,168.39,2,0,2,3637
11427,919,objective_updated,444.87,3,2,1,3637
11428,919,objective_updated,121.05,1,0,1,3638
11429,919,objective_updated,283.84,1,1,2,3638
11430,919,objective_updated,383.45,1,2,3,3638
11431,919,objective_updated,383.45,2,3,0,3638
11432,919,objective_updated,585.86,2,0,1,3638
11433,919,objective_updated,698.56,2,1,2,3638
11434,919,objective_updated,174.08,2,0,2,3639
11435,919,objective_updated,317.61,3,2,3,3639
11436,919,objective_updated,520.56,4,3,1,3639
11437,919,objective_updated,668.57,5,1,4,3639
11438,919,objective_updated,430.91,2,0,1,3640
11439,919,objective_updated,617.88,2,1,2,3640
11440,919,objective_updated,727.02,2,2,3,3640
11441,920,objective_updated,0,1,0,2,
11442,920,objective_updated,53.29,1,2,1,
11443,920,objective_updated,96.76,1,1,0,
11444,920,objective_updated,136.56,1,0,1,
11445,920,objective_updated,185.22,1,1,0,
11446,920,objective_updated,226.27,1,0,1,
11447,920,objective_updated,266.95,1,1,2,
11448,920,objective_updated,353.18,1,2,3,
11449,920,objective_updated,405.68,1,3,4,
11450,920,objective_updated,68.29,1,0,1,3644
11451,920,objective_updated,152.87,1,1,2,3644
11452,920,objective_updated,236.5,1,2,3,3644
11453,920,objective_updated,236.52,2,3,0,3644
11454,920,objective_updated,188.35,2,0,3,3646
11455,920,objective_updated,308.96,3,3,2,3646
11456,920,objective_updated,450.56,4,2,4,3646
11457,920,objective_updated,172.64,1,0,1,3648
11458,920,objective_updated,270.18,1,1,2,3648
11459,920,objective_updated,464,1,2,3,3648
11460,920,objective_updated,464,2,3,0,3648
11461,920,objective_updated,639.32,2,0,1,3648
11462,920,objective_updated,739.9,2,1,2,3648
11463,920,objective_updated,887.49,2,2,3,3648
11464,920,objective_updated,887.49,3,3,0,3648
11465,920,objective_updated,0,1,0,2,3649
11466,920,objective_updated,184.54,2,2,0,3649
11467,920,objective_updated,371.99,3,0,1,3649
11468,920,objective_updated,261.19,1,0,1,3650
11469,920,objective_updated,416.26,2,1,0,3650
11470,920,objective_updated,482.21,2,0,1,3650
11471,920,objective_updated,261.19,1,0,1,3651
11472,920,objective_updated,416.26,2,1,0,3651
11473,920,objective_updated,482.21,2,0,1,3651
11474,920,objective_updated,0,1,0,2,3652
11475,920,objective_updated,184.54,2,2,0,3652
11476,920,objective_updated,371.99,3,0,1,3652
11477,920,objective_updated,0,1,0,2,3655
11478,920,objective_updated,55.53,1,2,3,3655
11479,920,objective_updated,109.63,1,3,2,3655
11480,920,objective_updated,154.21,1,2,1,3655
11481,920,objective_updated,250.48,1,1,2,3655
11482,920,objective_updated,308.44,1,2,3,3655
11483,920,objective_updated,386.72,1,3,4,3655
11484,920,objective_updated,432.08,1,4,3,3655
11485,920,objective_updated,478.26,1,3,2,3655
11486,920,objective_updated,525.71,1,2,1,3655
11490,934,objective_updated,261.19,1,0,1,3661
11491,934,objective_updated,416.26,2,1,0,3661
11492,934,objective_updated,482.21,2,0,1,3661
11493,934,objective_updated,0,1,0,2,3662
11494,934,objective_updated,184.54,2,2,0,3662
11495,934,objective_updated,371.99,3,0,1,3662
11496,939,objective_updated,188.35,2,0,3,3665
11497,939,objective_updated,308.96,3,3,2,3665
11498,939,objective_updated,450.56,4,2,4,3665
11499,938,objective_updated,0,1,0,2,3667
11500,938,objective_updated,55.53,1,2,3,3667
11501,938,objective_updated,109.63,1,3,2,3667
11502,938,objective_updated,154.21,1,2,1,3667
11503,938,objective_updated,250.48,1,1,2,3667
11504,938,objective_updated,308.44,1,2,3,3667
11505,938,objective_updated,386.72,1,3,4,3667
11506,938,objective_updated,432.08,1,4,3,3667
11507,938,objective_updated,478.26,1,3,2,3667
11508,938,objective_updated,525.71,1,2,1,3667
11509,938,objective_updated,0,1,0,2,3668
11510,938,objective_updated,55.53,1,2,3,3668
11511,938,objective_updated,109.63,1,3,2,3668
11512,938,objective_updated,154.21,1,2,1,3668
11513,938,objective_updated,250.48,1,1,2,3668
11514,938,objective_updated,308.44,1,2,3,3668
11515,938,objective_updated,386.72,1,3,4,3668
11516,938,objective_updated,432.08,1,4,3,3668
11517,938,objective_updated,478.26,1,3,2,3668
11518,938,objective_updated,525.71,1,2,1,3668
11519,938,objective_updated,0,1,0,2,3669
11520,938,objective_updated,53.29,1,2,1,3669
11521,938,objective_updated,96.76,1,1,0,3669
11522,938,objective_updated,136.56,1,0,1,3669
11523,938,objective_updated,185.22,1,1,0,3669
11524,938,objective_updated,226.27,1,0,1,3669
11525,938,objective_updated,266.95,1,1,2,3669
11526,938,objective_updated,353.18,1,2,3,3669
11527,938,objective_updated,405.68,1,3,4,3669
11528,938,objective_updated,0,1,0,2,3672
11529,938,objective_updated,53.29,1,2,1,3672
11530,938,objective_updated,96.76,1,1,0,3672
11531,938,objective_updated,136.56,1,0,1,3672
11532,938,objective_updated,185.22,1,1,0,3672
11533,938,objective_updated,226.27,1,0,1,3672
11534,938,objective_updated,266.95,1,1,2,3672
11535,938,objective_updated,353.18,1,2,3,3672
11536,938,objective_updated,405.68,1,3,4,3672
11537,533,objective_updated,94.68,1,0,1,3673
11538,533,objective_updated,420.86,2,1,0,3673
11539,533,objective_updated,521.04,2,0,1,3673
11540,533,objective_updated,645.51,2,1,2,3673
11541,533,objective_updated,810.17,2,2,3,3673
11542,938,objective_updated,0,1,0,2,3675
11543,938,objective_updated,53.29,1,2,1,3675
11544,938,objective_updated,96.76,1,1,0,3675
11545,938,objective_updated,136.56,1,0,1,3675
11546,938,objective_updated,185.22,1,1,0,3675
11547,938,objective_updated,226.27,1,0,1,3675
11548,938,objective_updated,266.95,1,1,2,3675
11549,938,objective_updated,353.18,1,2,3,3675
11550,938,objective_updated,405.68,1,3,4,3675
11551,938,objective_updated,68.29,1,0,1,3676
11552,938,objective_updated,152.87,1,1,2,3676
11553,938,objective_updated,236.5,1,2,3,3676
11554,938,objective_updated,236.52,2,3,0,3676
11555,938,objective_updated,0,1,0,2,3677
11556,938,objective_updated,55.53,1,2,3,3677
11557,938,objective_updated,109.63,1,3,2,3677
11558,938,objective_updated,154.21,1,2,1,3677
11559,938,objective_updated,250.48,1,1,2,3677
11560,938,objective_updated,308.44,1,2,3,3677
11561,938,objective_updated,386.72,1,3,4,3677
11562,938,objective_updated,432.08,1,4,3,3677
11563,938,objective_updated,478.26,1,3,2,3677
11564,938,objective_updated,525.71,1,2,1,3677
11565,533,objective_updated,0,1,0,1,3678
11566,533,objective_updated,217.55,2,1,2,3678
11567,533,objective_updated,413.72,3,2,0,3678
11568,940,objective_updated,263.85,2,0,2,3679
11569,940,objective_updated,514.61,3,2,1,3679
11570,940,objective_updated,94.62,1,0,1,3680
11571,940,objective_updated,396.1,1,1,2,3680
11572,940,objective_updated,545.81,1,2,3,3680
11573,940,objective_updated,545.83,2,3,0,3680
11574,940,objective_updated,697.39,2,0,1,3680
11575,940,objective_updated,916.5,2,1,2,3680
11576,940,objective_updated,170.23,2,0,2,3681
11577,940,objective_updated,380.1,3,2,4,3681
11578,940,objective_updated,609.93,4,4,1,3681
11579,940,objective_updated,830.53,5,1,3,3681
11580,940,objective_updated,154.52,1,0,1,3682
11581,940,objective_updated,336.14,1,1,2,3682
11582,940,objective_updated,485.23,2,2,0,3682
11583,940,objective_updated,735.47,2,0,1,3682
11584,940,objective_updated,837.96,2,1,2,3682
11585,941,objective_updated,181.3,1,0,1,3683
11586,941,objective_updated,399.14,2,1,0,3683
11587,941,objective_updated,496.22,2,0,1,3683
11588,941,objective_updated,592.94,2,1,2,3683
11589,941,objective_updated,661.09,2,2,3,3683
11590,942,objective_updated,0,1,0,2,3684
11591,942,objective_updated,245.34,2,2,1,3684
11592,942,objective_updated,565.44,3,1,0,3684
11593,942,objective_updated,354.61,2,0,1,
11594,942,objective_updated,611.46,2,1,2,
11595,942,objective_updated,221.54,2,0,4,3686
11596,942,objective_updated,355.44,3,4,1,3686
11597,942,objective_updated,570.73,4,1,3,3686
11598,942,objective_updated,730.59,5,3,2,3686
11599,942,objective_updated,957.68,6,2,4,3686
11600,942,objective_updated,162.25,1,0,1,3688
11601,942,objective_updated,390.17,2,1,0,3688
11602,942,objective_updated,454.52,2,0,1,3688
11603,942,objective_updated,555.26,2,1,2,3688
11604,942,objective_updated,636.29,2,2,3,3688
11605,943,objective_updated,181.3,1,0,1,3689
11606,943,objective_updated,399.14,2,1,0,3689
11607,943,objective_updated,496.22,2,0,1,3689
11608,943,objective_updated,592.94,2,1,2,3689
11609,943,objective_updated,661.09,2,2,3,3689
11610,943,objective_updated,311.92,2,0,1,3691
11611,943,objective_updated,396.55,2,1,2,3691
11612,943,objective_updated,488.18,2,2,3,3691
11613,943,objective_updated,0,1,0,1,3692
11614,943,objective_updated,268.81,2,1,0,3692
11615,943,objective_updated,482.93,3,0,2,3692
11616,944,objective_updated,276.6,1,0,1,3693
11617,944,objective_updated,432.32,2,1,0,3693
11618,944,objective_updated,591.55,2,0,1,3693
11619,945,objective_updated,175.21,1,0,1,3694
11620,945,objective_updated,368.45,1,1,2,3694
11621,945,objective_updated,489.05,1,2,3,3694
11622,945,objective_updated,489.05,2,3,0,3694
11623,945,objective_updated,639.58,2,0,1,3694
11624,945,objective_updated,728.41,2,1,2,3694
11625,945,objective_updated,1024.29,2,2,3,3694
11626,945,objective_updated,1024.29,3,3,0,3694
11627,946,objective_updated,205.94,2,0,1,3695
11628,946,objective_updated,429.38,3,1,2,3695
11629,946,objective_updated,593.71,4,2,4,3695
11630,946,objective_updated,720.76,5,4,3,3695
11631,946,objective_updated,834.86,6,3,4,3695
11632,946,objective_updated,979.18,7,4,0,3695
11633,947,objective_updated,276.6,1,0,1,3696
11634,947,objective_updated,432.32,2,1,0,3696
11635,947,objective_updated,591.55,2,0,1,3696
11636,948,objective_updated,276.6,1,0,1,3697
11637,948,objective_updated,432.32,2,1,0,3697
11638,948,objective_updated,591.55,2,0,1,3697
11639,949,objective_updated,276.6,1,0,1,3698
11640,949,objective_updated,432.32,2,1,0,3698
11641,949,objective_updated,591.55,2,0,1,3698
11642,950,objective_updated,99.76,1,0,1,3699
11643,950,objective_updated,323.48,1,1,2,3699
11644,950,objective_updated,511.97,1,2,3,3699
11645,950,objective_updated,511.97,2,3,0,3699
11646,950,objective_updated,652.92,2,0,1,3699
11647,950,objective_updated,847.23,2,1,2,3699
11648,950,objective_updated,0,1,0,2,3702
11649,950,objective_updated,41.54,1,2,3,3702
11650,950,objective_updated,99.53,1,3,2,3702
11651,950,objective_updated,142.18,1,2,1,3702
11652,950,objective_updated,201.29,1,1,2,3702
11653,950,objective_updated,245.05,1,2,1,3702
11654,950,objective_updated,303.6,1,1,0,3702
11655,950,objective_updated,348.55,1,0,1,3702
11656,950,objective_updated,410.37,1,1,0,3702
11657,951,objective_updated,0,1,0,2,3703
11658,951,objective_updated,222.48,2,2,1,3703
11659,951,objective_updated,505.11,3,1,0,3703
11660,951,objective_updated,80.14,1,0,1,3704
11661,951,objective_updated,407.64,2,1,0,3704
11662,951,objective_updated,475.31,2,0,1,3704
11663,951,objective_updated,577.34,2,1,2,3704
11664,951,objective_updated,653.33,2,2,3,3704
11665,951,objective_updated,175.31,2,0,4,3705
11666,951,objective_updated,323.9,3,4,2,3705
11667,951,objective_updated,543.93,4,2,1,3705
11668,951,objective_updated,760.41,5,1,3,3705
11669,951,objective_updated,970.79,6,3,2,3705
11670,951,objective_updated,90.48,1,0,1,3706
11671,951,objective_updated,182.42,1,1,2,3706
11672,951,objective_updated,264.58,1,2,3,3706
11673,951,objective_updated,264.58,2,3,0,3706
11674,951,objective_updated,385.06,2,0,1,3706
11675,951,objective_updated,555.34,2,1,2,3706
11676,951,objective_updated,0,1,0,1,3708
11677,951,objective_updated,250.25,2,1,2,3708
11678,951,objective_updated,547.07,3,2,0,3708
11679,951,objective_updated,0,1,0,1,3709
11680,951,objective_updated,250.25,2,1,2,3709
11681,951,objective_updated,547.07,3,2,0,3709
11682,950,objective_updated,145.42,1,0,1,3710
11683,950,objective_updated,210.33,1,1,2,3710
11684,950,objective_updated,329.07,1,2,3,3710
11685,950,objective_updated,329.07,2,3,0,3710
11686,950,objective_updated,479.34,2,0,1,3710
11687,954,objective_updated,0,1,0,2,
11688,954,objective_updated,50.22,1,2,1,
11689,954,objective_updated,90.49,1,1,2,
11690,954,objective_updated,176.62,1,2,1,
11691,954,objective_updated,226.13,1,1,2,
11692,954,objective_updated,265.03,1,2,1,
11693,954,objective_updated,307.5,1,1,2,
11694,954,objective_updated,353.49,1,2,3,
11695,954,objective_updated,423.9,1,3,4,
11696,954,objective_updated,226.71,2,0,2,3713
11697,954,objective_updated,241.61,1,0,1,3714
11698,954,objective_updated,391.72,2,1,0,3714
11699,954,objective_updated,429.74,2,0,1,3714
11700,954,objective_updated,139.17,1,0,1,3715
11701,954,objective_updated,450.44,2,1,0,3715
11702,954,objective_updated,517.09,2,0,1,3715
11703,954,objective_updated,100.17,1,0,1,3716
11704,954,objective_updated,213.77,1,1,2,3716
11705,954,objective_updated,325.81,1,2,3,3716
11706,954,objective_updated,325.81,2,3,0,3716
11707,954,objective_updated,504.02,2,0,1,3716
11708,954,objective_updated,715.6,2,1,2,3716
11709,954,objective_updated,77.93,1,0,1,3717
11710,954,objective_updated,211,1,1,2,3717
11711,954,objective_updated,351.97,1,2,3,3717
11712,954,objective_updated,351.97,2,3,0,3717
11713,954,objective_updated,409.73,2,0,1,3717
11714,954,objective_updated,550.41,2,1,2,3717
11715,954,objective_updated,709.15,2,2,3,3717
11716,954,objective_updated,709.15,3,3,0,3717
11717,954,objective_updated,774.04,3,0,1,3717
11718,954,objective_updated,862.65,3,1,2,3717
11719,954,objective_updated,925.5,4,2,0,3717
11720,954,objective_updated,1025.06,4,0,1,3717
11721,954,objective_updated,103.26,1,0,1,3718
11722,954,objective_updated,404.78,1,1,2,3718
11723,954,objective_updated,475.3,1,2,3,3718
11724,954,objective_updated,475.3,2,3,0,3718
11725,954,objective_updated,532.04,2,0,1,3718
11726,954,objective_updated,139.17,1,0,1,3719
11727,954,objective_updated,450.44,2,1,0,3719
11728,954,objective_updated,517.09,2,0,1,3719
11729,955,objective_updated,68.19,1,0,1,3720
11730,955,objective_updated,223.06,1,1,2,3720
11731,955,objective_updated,331.6,1,2,3,3720
11732,955,objective_updated,331.61,2,3,0,3720
11733,955,objective_updated,470.13,2,0,1,3720
11734,955,objective_updated,557.79,2,1,2,3720
11735,955,objective_updated,793.28,2,2,3,3720
11736,955,objective_updated,326.22,2,0,1,3721
11737,955,objective_updated,391.72,2,1,2,3721
11738,955,objective_updated,670.37,2,2,3,3721
11739,955,objective_updated,0,1,0,2,3723
11740,955,objective_updated,44.67,1,2,1,3723
11741,955,objective_updated,137.5,1,1,2,3723
11742,955,objective_updated,182.77,1,2,3,3723
11743,955,objective_updated,286.82,1,3,2,3723
11744,955,objective_updated,334.7,1,2,3,3723
11745,955,objective_updated,410.8,1,3,2,3723
11746,955,objective_updated,467.62,1,2,3,3723
11747,955,objective_updated,541.08,1,3,2,3723
11748,955,objective_updated,664.63,1,2,1,3723
11749,956,objective_updated,0,1,0,1,3724
11750,956,objective_updated,241.35,2,1,2,3724
11751,956,objective_updated,514.8,3,2,0,3724
11752,956,objective_updated,110.35,1,0,1,3725
11753,956,objective_updated,204.17,1,1,2,3725
11754,956,objective_updated,287.56,1,2,3,3725
11755,956,objective_updated,287.56,2,3,0,3725
11756,956,objective_updated,112.52,1,0,1,3726
11757,956,objective_updated,306.8,1,1,2,3726
11758,956,objective_updated,479.58,1,2,3,3726
11759,956,objective_updated,479.58,2,3,0,3726
11760,956,objective_updated,601.91,2,0,1,3726
11761,956,objective_updated,821.18,2,1,2,3726
11762,956,objective_updated,175.77,2,0,1,3728
11763,956,objective_updated,360.07,3,1,4,3728
11764,956,objective_updated,494.97,4,4,2,3728
11765,956,objective_updated,630.64,5,2,3,3728
11766,956,objective_updated,0,1,0,2,3729
11767,956,objective_updated,54.22,1,2,1,3729
11768,956,objective_updated,98.09,1,1,0,3729
11769,956,objective_updated,176.83,1,0,-1,3729
11780,958,objective_updated,0,1,0,2,
11781,958,objective_updated,214.6,2,2,1,
11782,958,objective_updated,508.33,3,1,0,
11783,958,objective_updated,122.49,1,0,1,
11784,958,objective_updated,321.14,1,1,2,
11785,958,objective_updated,500.39,2,2,0,
11786,958,objective_updated,641.9,2,0,1,
11787,958,objective_updated,900.99,2,1,2,
11788,958,objective_updated,1011.24,2,2,3,
11789,958,objective_updated,172.75,1,0,1,3733
11790,958,objective_updated,423.2,2,1,0,3733
11791,958,objective_updated,558.79,2,0,1,3733
11792,958,objective_updated,720.03,2,1,2,3733
11793,958,objective_updated,188.31,2,0,2,3734
11794,958,objective_updated,437.88,3,2,1,3734
11795,958,objective_updated,552.91,4,1,3,3734
11796,958,objective_updated,718.1,5,3,4,3734
11797,959,objective_updated,0,1,0,2,3735
11798,959,objective_updated,211.72,2,2,0,3735
11799,959,objective_updated,481.95,3,0,1,3735
11800,533,objective_updated,309.39,2,0,1,3737
11801,533,objective_updated,647.47,3,1,2,3737
11802,959,objective_updated,0,1,0,1,
11803,959,objective_updated,156.6,2,1,2,
11804,959,objective_updated,328.05,3,2,0,
11805,960,objective_updated,0,1,0,2,3741
11806,960,objective_updated,163.59,2,2,0,3741
11807,960,objective_updated,449.37,3,0,1,3741
11808,960,objective_updated,79.92,1,0,1,3742
11809,960,objective_updated,420.61,2,1,0,3742
11810,960,objective_updated,566.24,2,0,1,3742
11811,960,objective_updated,670.92,2,1,2,3742
11812,960,objective_updated,124.52,2,0,1,3743
11813,960,objective_updated,326.11,3,1,3,3743
11814,960,objective_updated,519.21,4,3,2,3743
11815,960,objective_updated,653.05,5,2,4,3743
11816,960,objective_updated,848.45,6,4,2,3743
11817,960,objective_updated,87.02,1,0,1,3744
11818,960,objective_updated,346.68,1,1,2,3744
11819,960,objective_updated,514.94,2,2,0,3744
11820,960,objective_updated,709.78,2,0,1,3744
11821,960,objective_updated,821.62,2,1,2,3744
11822,960,objective_updated,302.93,2,0,2,3746
11823,960,objective_updated,596.6,3,2,1,3746
11824,961,objective_updated,68.19,1,0,1,3747
11825,961,objective_updated,223.06,1,1,2,3747
11826,961,objective_updated,331.6,1,2,3,3747
11827,961,objective_updated,331.61,2,3,0,3747
11828,961,objective_updated,470.13,2,0,1,3747
11829,961,objective_updated,557.79,2,1,2,3747
11830,961,objective_updated,793.28,2,2,3,3747
11831,961,objective_updated,326.22,2,0,1,3748
11832,961,objective_updated,391.72,2,1,2,3748
11833,961,objective_updated,670.37,2,2,3,3748
11834,961,objective_updated,0,1,0,2,3750
11835,961,objective_updated,44.67,1,2,1,3750
11836,961,objective_updated,137.5,1,1,2,3750
11837,961,objective_updated,182.77,1,2,3,3750
11838,961,objective_updated,286.82,1,3,2,3750
11839,961,objective_updated,334.7,1,2,3,3750
11840,961,objective_updated,410.8,1,3,2,3750
11841,961,objective_updated,467.62,1,2,3,3750
11842,961,objective_updated,541.08,1,3,2,3750
11843,961,objective_updated,664.63,1,2,1,3750
11844,962,objective_updated,131.36,1,0,1,3751
11845,962,objective_updated,329.12,1,1,2,3751
11846,962,objective_updated,399,1,2,3,3751
11847,962,objective_updated,399.02,2,3,0,3751
11848,962,objective_updated,455.9,2,0,1,3751
11849,962,objective_updated,672.21,2,1,2,3751
11850,962,objective_updated,853.8,2,2,3,3751
11851,962,objective_updated,130.36,2,0,3,3752
11852,962,objective_updated,322.86,3,3,4,3752
11853,962,objective_updated,454.88,4,4,2,3752
11854,962,objective_updated,638.2,5,2,1,3752
11855,962,objective_updated,841.85,6,1,2,3752
11856,962,objective_updated,181.98,2,0,1,
11857,962,objective_updated,459.01,3,1,2,
11858,963,objective_updated,0,1,0,1,3754
11859,963,objective_updated,278.81,2,1,2,3754
11860,963,objective_updated,509.34,3,2,0,3754
11861,963,objective_updated,93.1,1,0,1,3755
11862,963,objective_updated,203.91,1,1,2,3755
11863,963,objective_updated,438.01,1,2,3,3755
11864,963,objective_updated,438.01,2,3,0,3755
11865,963,objective_updated,45.71,1,0,1,3756
11866,963,objective_updated,164.26,1,1,2,3756
11867,963,objective_updated,232.32,1,2,3,3756
11868,963,objective_updated,232.34,2,3,0,3756
11869,963,objective_updated,299.34,2,0,1,3756
11870,963,objective_updated,683.58,2,1,2,3756
11871,963,objective_updated,0,1,0,2,3758
11872,963,objective_updated,50.46,1,2,3,3758
11873,963,objective_updated,92.81,1,3,4,3758
11874,963,objective_updated,139.42,1,4,3,3758
11875,963,objective_updated,192.79,1,3,2,3758
11876,963,objective_updated,277.14,1,2,1,3758
11877,963,objective_updated,317.27,1,1,0,3758
11878,963,objective_updated,363.87,1,0,1,3758
11879,963,objective_updated,431.42,1,1,2,3758
11880,963,objective_updated,500.44,1,2,1,3758
11881,963,objective_updated,115.13,2,0,2,3759
11882,963,objective_updated,242.22,3,2,3,3759
11883,963,objective_updated,438.96,4,3,1,3759
11884,963,objective_updated,575.97,5,1,4,3759
11885,964,objective_updated,111.15,1,0,1,3760
11886,964,objective_updated,390.13,2,1,0,3760
11887,964,objective_updated,472.38,2,0,1,3760
11888,964,objective_updated,607.24,2,1,2,3760
11889,964,objective_updated,673.97,2,2,3,3760
11890,964,objective_updated,202.73,2,0,4,3762
11891,964,objective_updated,397.63,3,4,1,3762
11892,964,objective_updated,567.1,4,1,3,3762
11893,964,objective_updated,697.3,5,3,2,3762
11894,964,objective_updated,859.83,6,2,0,3762
11895,964,objective_updated,434.35,2,0,1,3763
11896,964,objective_updated,532.34,2,1,2,3763
11897,964,objective_updated,604.29,2,2,3,3763
11898,964,objective_updated,0,1,0,2,3764
11899,964,objective_updated,266.3,2,2,0,3764
11900,959,objective_updated,0,1,0,1,3765
11901,959,objective_updated,156.6,2,1,2,3765
11902,959,objective_updated,328.05,3,2,0,3765
11903,965,objective_updated,0,1,0,2,3766
11904,965,objective_updated,298.55,2,2,1,3766
11905,965,objective_updated,541.12,3,1,0,3766
11906,965,objective_updated,63.65,1,0,1,3767
11907,965,objective_updated,395.13,2,1,0,3767
11908,965,objective_updated,435.07,2,0,1,3767
11909,965,objective_updated,621.04,2,1,2,3767
11910,965,objective_updated,733.94,2,2,3,3767
11911,965,objective_updated,384.68,2,0,1,3768
11912,965,objective_updated,465.13,2,1,2,3768
11913,965,objective_updated,574.4,2,2,3,3768
11914,965,objective_updated,203.43,2,0,3,3769
11915,965,objective_updated,386.08,3,3,1,3769
11916,965,objective_updated,575.86,4,1,2,3769
11917,965,objective_updated,707.59,5,2,4,3769
11918,965,objective_updated,0,1,0,2,3770
11919,965,objective_updated,49.68,1,2,3,3770
11920,965,objective_updated,98.01,1,3,2,3770
11921,965,objective_updated,159.09,1,2,3,3770
11922,965,objective_updated,207.99,1,3,2,3770
11923,965,objective_updated,251.53,1,2,1,3770
11924,965,objective_updated,293.2,1,1,0,3770
11925,965,objective_updated,363.95,1,0,1,3770
11926,965,objective_updated,421.07,1,1,0,3770
11927,966,objective_updated,0,1,0,1,3771
11928,966,objective_updated,218.54,2,1,2,3771
11929,966,objective_updated,530.56,3,2,0,3771
11930,968,objective_updated,0,1,0,1,3773
11931,968,objective_updated,218.54,2,1,2,3773
11932,968,objective_updated,530.56,3,2,0,3773
11933,969,objective_updated,0,1,0,2,3774
11934,969,objective_updated,226.63,2,2,0,3774
11935,969,objective_updated,408.63,3,0,1,3774
11936,970,objective_updated,0,1,0,1,3775
11937,970,objective_updated,264.19,2,1,0,3775
11938,970,objective_updated,544.65,3,0,2,3775
11939,970,objective_updated,235.35,1,0,1,3776
11940,970,objective_updated,333.91,1,1,2,3776
11941,970,objective_updated,508.69,2,2,0,3776
11942,970,objective_updated,579.9,2,0,1,3776
11943,970,objective_updated,848.79,2,1,2,3776
11944,970,objective_updated,206.01,2,0,3,3777
11945,970,objective_updated,320.2,3,3,4,3777
11946,970,objective_updated,508.53,4,4,1,3777
11947,970,objective_updated,683.94,5,1,2,3777
11948,970,objective_updated,122.15,1,0,1,3778
11949,970,objective_updated,281.79,1,1,2,3778
11950,970,objective_updated,359.59,1,2,3,3778
11951,970,objective_updated,359.59,2,3,0,3778
11952,970,objective_updated,489.73,2,0,1,3778
11953,970,objective_updated,606.96,2,1,2,3778
11954,971,objective_updated,270.89,2,0,2,3780
11955,971,objective_updated,509.83,3,2,1,3780
11956,972,objective_updated,268.35,2,0,2,3781
11957,972,objective_updated,451.16,3,2,1,3781
11958,971,objective_updated,186.99,1,0,1,3782
11959,971,objective_updated,390.18,2,1,0,3782
11960,971,objective_updated,594.35,2,0,1,3782
11961,971,objective_updated,90.16,1,0,1,
11962,971,objective_updated,275.63,1,1,2,
11963,971,objective_updated,490.29,2,2,0,
11964,971,objective_updated,589.22,2,0,1,
11965,971,objective_updated,876.53,2,1,2,
11966,972,objective_updated,69.23,1,0,1,3785
11967,972,objective_updated,380.08,1,1,2,3785
11968,972,objective_updated,494.43,2,2,0,3785
11969,972,objective_updated,568.62,2,0,1,3785
11970,972,objective_updated,672.04,2,1,2,3785
11971,972,objective_updated,994.52,2,2,3,3785
11972,972,objective_updated,69.23,1,0,1,3786
11973,972,objective_updated,380.08,1,1,2,3786
11974,972,objective_updated,494.43,2,2,0,3786
11975,972,objective_updated,568.62,2,0,1,3786
11976,972,objective_updated,672.04,2,1,2,3786
11977,972,objective_updated,994.52,2,2,3,3786
11978,971,objective_updated,194.23,2,0,3,3787
11979,971,objective_updated,342.95,3,3,2,3787
11980,971,objective_updated,545.5,4,2,4,3787
11981,971,objective_updated,678.9,5,4,1,3787
11982,972,objective_updated,69.23,1,0,1,3788
11983,972,objective_updated,380.08,1,1,2,3788
11984,972,objective_updated,494.43,2,2,0,3788
11985,972,objective_updated,568.62,2,0,1,3788
11986,972,objective_updated,672.04,2,1,2,3788
11987,972,objective_updated,994.52,2,2,3,3788
11988,972,objective_updated,84.04,1,0,1,3789
11989,972,objective_updated,338.14,1,1,2,3789
11990,972,objective_updated,509.09,2,2,0,3789
11991,972,objective_updated,617.88,2,0,1,3789
11992,972,objective_updated,952.16,2,1,2,3789
11993,972,objective_updated,69.23,1,0,1,3790
11994,972,objective_updated,380.08,1,1,2,3790
11995,972,objective_updated,494.43,2,2,0,3790
11996,972,objective_updated,568.62,2,0,1,3790
11997,972,objective_updated,672.04,2,1,2,3790
11998,972,objective_updated,994.52,2,2,3,3790
11999,971,objective_updated,134,1,0,1,3792
12000,971,objective_updated,390.14,2,1,0,3792
12001,971,objective_updated,486.99,2,0,1,3792
12002,971,objective_updated,684.28,2,1,2,3792
12003,971,objective_updated,849.21,2,2,3,3792
12004,972,objective_updated,270.49,1,0,1,3793
12005,972,objective_updated,426.17,1,1,2,3793
12006,972,objective_updated,527.37,2,2,0,3793
12007,972,objective_updated,649.1,2,0,1,3793
12008,972,objective_updated,767.53,2,1,2,3793
12009,972,objective_updated,1013.65,2,2,3,3793
12010,972,objective_updated,69.23,1,0,1,3794
12011,972,objective_updated,380.08,1,1,2,3794
12012,972,objective_updated,494.43,2,2,0,3794
12013,972,objective_updated,568.62,2,0,1,3794
12014,972,objective_updated,672.04,2,1,2,3794
12015,972,objective_updated,994.52,2,2,3,3794
12016,972,objective_updated,69.23,1,0,1,3795
12017,972,objective_updated,380.08,1,1,2,3795
12018,972,objective_updated,494.43,2,2,0,3795
12019,972,objective_updated,568.62,2,0,1,3795
12020,972,objective_updated,672.04,2,1,2,3795
12021,972,objective_updated,994.52,2,2,3,3795
12022,972,objective_updated,69.23,1,0,1,3796
12023,972,objective_updated,380.08,1,1,2,3796
12024,972,objective_updated,494.43,2,2,0,3796
12025,972,objective_updated,568.62,2,0,1,3796
12026,972,objective_updated,672.04,2,1,2,3796
12027,972,objective_updated,994.52,2,2,3,3796
12028,972,objective_updated,69.23,1,0,1,3797
12029,972,objective_updated,380.08,1,1,2,3797
12030,972,objective_updated,494.43,2,2,0,3797
12031,972,objective_updated,568.62,2,0,1,3797
12032,972,objective_updated,672.04,2,1,2,3797
12033,972,objective_updated,994.52,2,2,3,3797
12034,972,objective_updated,69.23,1,0,1,3798
12035,972,objective_updated,380.08,1,1,2,3798
12036,972,objective_updated,494.43,2,2,0,3798
12037,972,objective_updated,568.62,2,0,1,3798
12038,972,objective_updated,672.04,2,1,2,3798
12039,972,objective_updated,994.52,2,2,3,3798
12040,973,objective_updated,69.23,1,0,1,3799
12041,973,objective_updated,380.08,1,1,2,3799
12042,973,objective_updated,494.43,2,2,0,3799
12043,973,objective_updated,568.62,2,0,1,3799
12044,973,objective_updated,672.04,2,1,2,3799
12045,973,objective_updated,994.52,2,2,3,3799
12046,974,objective_updated,69.23,1,0,1,3800
12047,974,objective_updated,380.08,1,1,2,3800
12048,974,objective_updated,494.43,2,2,0,3800
12049,974,objective_updated,568.62,2,0,1,3800
12050,974,objective_updated,672.04,2,1,2,3800
12051,974,objective_updated,994.52,2,2,3,3800
12052,972,objective_updated,69.23,1,0,1,3801
12053,972,objective_updated,380.08,1,1,2,3801
12054,972,objective_updated,494.43,2,2,0,3801
12055,972,objective_updated,568.62,2,0,1,3801
12056,972,objective_updated,672.04,2,1,2,3801
12057,972,objective_updated,994.52,2,2,3,3801
12058,975,objective_updated,0,1,0,1,3802
12059,975,objective_updated,159.3,2,1,2,3802
12060,975,objective_updated,398.48,3,2,0,3802
12061,975,objective_updated,80.89,1,0,1,3803
12062,975,objective_updated,293.21,1,1,2,3803
12063,975,objective_updated,424.34,1,2,3,3803
12064,975,objective_updated,424.34,2,3,0,3803
12065,975,objective_updated,511.95,2,0,1,3803
12066,975,objective_updated,781.36,2,1,2,3803
12067,975,objective_updated,137.87,2,0,2,3804
12068,975,objective_updated,277.74,3,2,3,3804
12069,975,objective_updated,481,4,3,1,3804
12070,975,objective_updated,721.41,5,1,4,3804
12071,975,objective_updated,914.44,6,4,1,3804
12072,975,objective_updated,518.22,2,0,1,3805
12073,975,objective_updated,156.85,1,0,1,
12074,975,objective_updated,425.74,1,1,2,
12075,975,objective_updated,585.1,2,2,0,
12076,976,objective_updated,0,1,0,2,
12077,976,objective_updated,193.97,2,2,1,
12078,976,objective_updated,357.14,3,1,0,
12079,976,objective_updated,0,1,0,2,3809
12080,976,objective_updated,43.14,1,2,3,3809
12081,976,objective_updated,87.2,1,3,4,3809
12082,976,objective_updated,178.45,1,4,5,3809
12083,977,objective_updated,0,1,0,1,3810
12084,977,objective_updated,180.21,2,1,0,3810
12085,977,objective_updated,355.41,3,0,2,3810
12086,977,objective_updated,311.81,2,0,1,
12087,977,objective_updated,414.75,2,1,2,
12088,977,objective_updated,149.68,2,0,4,
12089,977,objective_updated,332.9,3,4,1,
12090,977,objective_updated,466.52,4,1,3,
12091,977,objective_updated,189.55,2,0,1,3814
12092,977,objective_updated,422.45,3,1,2,3814
12093,977,objective_updated,553.96,4,2,4,3814
12094,977,objective_updated,780.87,5,4,3,3814
12095,977,objective_updated,0,1,0,2,3815
12096,977,objective_updated,49.49,1,2,1,3815
12097,977,objective_updated,142.4,1,1,2,3815
12098,977,objective_updated,213.36,1,2,3,3815
12099,977,objective_updated,313.8,1,3,2,3815
12100,977,objective_updated,362.25,1,2,3,3815
12101,977,objective_updated,418.94,1,3,4,3815
12102,977,objective_updated,543.2,1,4,3,3815
12103,977,objective_updated,602.68,1,3,4,3815
12104,977,objective_updated,225.04,1,0,1,3816
12105,977,objective_updated,415.32,1,1,2,3816
12106,977,objective_updated,540.13,2,2,0,3816
12107,980,objective_updated,0,1,0,1,3817
12108,980,objective_updated,345.14,2,1,2,3817
12109,980,objective_updated,542.86,3,2,0,3817
12110,980,objective_updated,115.9,1,0,1,
12111,980,objective_updated,413.34,1,1,2,
12112,980,objective_updated,495.1,1,2,3,
12113,980,objective_updated,495.1,2,3,0,
12114,980,objective_updated,726.71,2,0,1,
12115,980,objective_updated,165.34,1,0,1,3819
12116,980,objective_updated,320.64,1,1,2,3819
12117,980,objective_updated,480.25,2,2,0,3819
12118,980,objective_updated,592.4,2,0,1,3819
12119,980,objective_updated,726,2,1,2,3819
12120,980,objective_updated,1006.01,2,2,3,3819
12121,981,objective_updated,0,1,0,2,3820
12122,981,objective_updated,207.34,2,2,1,3820
12123,981,objective_updated,488.25,3,1,0,3820
12124,981,objective_updated,82.4,1,0,1,3821
12125,981,objective_updated,248.11,1,1,2,3821
12126,981,objective_updated,385.75,1,2,3,3821
12127,981,objective_updated,385.75,2,3,0,3821
12128,981,objective_updated,123.96,2,0,4,
12129,981,objective_updated,239.93,3,4,2,
12130,981,objective_updated,442.64,4,2,1,
12131,981,objective_updated,575.9,5,1,3,
12132,981,objective_updated,778.33,6,3,1,
12133,981,objective_updated,62.33,1,0,1,3823
12134,981,objective_updated,144.34,1,1,2,3823
12135,981,objective_updated,292.45,1,2,3,3823
12136,981,objective_updated,292.45,2,3,0,3823
12137,981,objective_updated,475.36,2,0,1,3823
12138,981,objective_updated,708.53,2,1,2,3823
12139,980,objective_updated,106.52,2,0,2,3825
12140,980,objective_updated,255.07,3,2,4,3825
12141,980,objective_updated,443.09,4,4,3,3825
12142,980,objective_updated,637.05,5,3,1,3825
12143,980,objective_updated,768.93,6,1,2,3825
12144,980,objective_updated,0,1,0,2,3827
12145,980,objective_updated,45.81,1,2,1,3827
12146,980,objective_updated,98.46,1,1,2,3827
12147,980,objective_updated,167.32,1,2,3,3827
12148,980,objective_updated,244.97,1,3,2,3827
12149,980,objective_updated,284.98,1,2,3,3827
12150,980,objective_updated,350.58,1,3,4,3827
12151,980,objective_updated,399.92,1,4,3,3827
12152,980,objective_updated,449.66,1,3,2,3827
12153,980,objective_updated,560.56,1,2,1,3827
12154,982,objective_updated,163.75,2,0,1,
12155,982,objective_updated,402.31,3,1,2,
12156,982,objective_updated,68.77,1,0,1,3829
12157,982,objective_updated,229.09,1,1,2,3829
12158,982,objective_updated,392.64,1,2,3,3829
12159,982,objective_updated,392.64,2,3,0,3829
12160,982,objective_updated,444.99,2,0,1,3829
12161,982,objective_updated,543.74,2,1,2,3829
12162,982,objective_updated,888.32,2,2,3,3829
12163,982,objective_updated,888.32,3,3,0,3829
12172,982,objective_updated,225.06,2,0,1,
12173,982,objective_updated,415.33,3,1,4,
12174,982,objective_updated,530.96,4,4,2,
12175,982,objective_updated,693.04,5,2,3,
12176,982,objective_updated,819.24,6,3,0,
12177,982,objective_updated,161.72,1,0,1,3833
12178,982,objective_updated,390.19,2,1,0,3833
12179,982,objective_updated,506.84,2,0,1,3833
12180,982,objective_updated,591.54,2,1,2,3833
12181,982,objective_updated,700.86,2,2,3,3833
12182,982,objective_updated,116.59,1,0,1,3834
12183,982,objective_updated,392.63,1,1,2,3834
12184,982,objective_updated,482.67,2,2,0,3834
12185,982,objective_updated,540.28,2,0,1,3834
12186,982,objective_updated,654.52,2,1,2,3834
12187,982,objective_updated,752.75,2,2,3,3834
12188,982,objective_updated,73.52,1,0,1,
12189,982,objective_updated,228.42,1,1,2,
12190,982,objective_updated,480.22,2,2,0,
12191,982,objective_updated,602.87,2,0,1,
12192,982,objective_updated,685.05,2,1,2,
12193,984,objective_updated,165.34,2,0,2,3836
12194,984,objective_updated,433.72,3,2,1,3836
12195,984,objective_updated,428.71,2,0,1,3837
12196,984,objective_updated,613.62,2,1,2,3837
12197,984,objective_updated,733.81,2,2,3,3837
12198,984,objective_updated,175.61,1,0,1,
12199,984,objective_updated,267.7,1,1,2,
12200,984,objective_updated,344.88,1,2,3,
12201,984,objective_updated,344.9,2,3,0,
12202,984,objective_updated,386.29,2,0,1,
12203,984,objective_updated,544.15,2,1,2,
12204,984,objective_updated,878.04,2,2,3,
12205,984,objective_updated,163.3,2,0,3,3840
12206,984,objective_updated,293.68,3,3,4,3840
12207,984,objective_updated,430.6,4,4,1,3840
12208,984,objective_updated,567.51,5,1,2,3840
12209,984,objective_updated,0,1,0,2,3841
12210,984,objective_updated,292.82,2,2,0,3841
12211,984,objective_updated,571.68,3,0,1,3841
12212,984,objective_updated,428.71,2,0,1,3842
12213,984,objective_updated,613.62,2,1,2,3842
12214,984,objective_updated,733.81,2,2,3,3842
12215,984,objective_updated,428.71,2,0,1,3843
12216,984,objective_updated,613.62,2,1,2,3843
12217,984,objective_updated,733.81,2,2,3,3843
12218,984,objective_updated,428.71,2,0,1,
12219,984,objective_updated,613.62,2,1,2,
12220,984,objective_updated,733.81,2,2,3,
12221,985,objective_updated,303.89,2,0,1,3845
12222,985,objective_updated,469.42,3,1,2,3845
12223,985,objective_updated,0,1,0,2,3846
12224,985,objective_updated,53.18,1,2,3,3846
12225,985,objective_updated,111.74,1,3,4,3846
12226,985,objective_updated,185.86,1,4,5,3846
12227,985,objective_updated,93.19,1,0,1,3847
12228,985,objective_updated,339.54,1,1,2,3847
12229,985,objective_updated,452.29,1,2,3,3847
12230,985,objective_updated,452.29,2,3,0,3847
12231,985,objective_updated,648.11,2,0,1,3847
12232,985,objective_updated,751.54,2,1,2,3847
12233,985,objective_updated,119.32,2,0,3,
12234,985,objective_updated,240.02,3,3,2,
12235,985,objective_updated,447.51,4,2,4,
12236,985,objective_updated,598.76,5,4,1,
12237,985,objective_updated,41.97,1,0,1,
12238,985,objective_updated,351.35,1,1,2,
12239,985,objective_updated,480.21,2,2,0,
12240,985,objective_updated,617.19,2,0,1,
12241,985,objective_updated,732.71,2,1,2,
12242,985,objective_updated,975.21,2,2,3,
12243,985,objective_updated,0,1,0,2,3851
12244,985,objective_updated,53.18,1,2,3,3851
12245,985,objective_updated,111.74,1,3,4,3851
12246,985,objective_updated,185.86,1,4,5,3851
12253,985,objective_updated,0,1,0,2,3853
12254,985,objective_updated,53.18,1,2,3,3853
12255,985,objective_updated,111.74,1,3,4,3853
12256,985,objective_updated,185.86,1,4,5,3853
12257,986,objective_updated,277.22,2,0,2,3854
12258,986,objective_updated,551.5,3,2,1,3854
12259,986,objective_updated,95,1,0,1,3855
12260,986,objective_updated,178.38,1,1,2,3855
12261,986,objective_updated,420.85,1,2,3,3855
12262,986,objective_updated,420.85,2,3,0,3855
12263,986,objective_updated,510.88,2,0,1,3855
12264,986,objective_updated,631.84,2,1,2,3855
12265,986,objective_updated,870.39,2,2,3,3855
12266,986,objective_updated,236.36,1,0,1,3856
12267,986,objective_updated,397.93,2,1,0,3856
12268,986,objective_updated,574.48,2,0,1,3856
12269,986,objective_updated,643.42,2,1,2,3856
12270,986,objective_updated,719.47,2,2,3,3856
12271,986,objective_updated,93.77,1,0,1,3857
12272,986,objective_updated,397.46,2,1,0,3857
12273,986,objective_updated,490.66,2,0,1,3857
12274,986,objective_updated,636.5,2,1,2,3857
12275,986,objective_updated,795.2,2,2,3,3857
12276,986,objective_updated,172.12,2,0,2,
12277,986,objective_updated,300.74,3,2,4,
12278,986,objective_updated,457.39,4,4,1,
12279,986,objective_updated,595.62,5,1,3,
12280,986,objective_updated,0,1,0,2,3860
12281,986,objective_updated,45.6,1,2,3,3860
12282,986,objective_updated,117.03,1,3,4,3860
12283,986,objective_updated,202.25,1,4,3,3860
12284,986,objective_updated,246.62,1,3,4,3860
12285,987,objective_updated,172.49,2,0,1,3861
12286,987,objective_updated,366.85,3,1,2,3861
12287,988,objective_updated,142.91,1,0,1,3862
12288,988,objective_updated,242.1,1,1,2,3862
12289,988,objective_updated,337.46,1,2,3,3862
12290,988,objective_updated,337.46,2,3,0,3862
12291,988,objective_updated,510.51,2,0,1,3862
12292,988,objective_updated,91.26,1,0,1,3863
12293,988,objective_updated,159.89,1,1,2,3863
12294,988,objective_updated,340.12,1,2,3,3863
12295,988,objective_updated,340.12,2,3,0,3863
12296,988,objective_updated,440.85,2,0,1,3863
12297,988,objective_updated,701.91,2,1,2,3863
12298,988,objective_updated,120.11,2,0,2,3864
12299,988,objective_updated,251.2,3,2,4,3864
12300,988,objective_updated,441.35,4,4,1,3864
12301,988,objective_updated,585.35,5,1,3,3864
12302,988,objective_updated,0,1,0,2,3866
12303,988,objective_updated,45.42,1,2,1,3866
12304,988,objective_updated,102.01,1,1,2,3866
12305,988,objective_updated,144.53,1,2,1,3866
12306,988,objective_updated,189.99,1,1,0,3866
12307,988,objective_updated,251.8,1,0,1,3866
12308,988,objective_updated,295.76,1,1,2,3866
12309,988,objective_updated,373.89,1,2,3,3866
12310,988,objective_updated,436.34,1,3,4,3866
12311,990,objective_updated,162.78,2,0,2,3867
12312,990,objective_updated,358.52,3,2,1,3867
12335,990,objective_updated,261.02,1,0,1,3876
12336,990,objective_updated,411.14,2,1,0,3876
12337,990,objective_updated,507.4,2,0,1,3876
12338,990,objective_updated,606.05,2,1,2,3876
12339,990,objective_updated,772.21,2,2,3,3876
12340,990,objective_updated,0,1,0,2,3877
12341,990,objective_updated,52.53,1,2,3,3877
12342,990,objective_updated,108.35,1,3,4,3877
12343,990,objective_updated,178.97,1,4,5,3877
12344,990,objective_updated,144.51,1,0,1,3879
12345,990,objective_updated,395.17,2,1,0,3879
12346,990,objective_updated,512,2,0,1,3879
12347,990,objective_updated,301.94,2,0,1,3880
12348,990,objective_updated,374.6,2,1,2,3880
12349,990,objective_updated,505.49,2,2,3,3880
12350,990,objective_updated,285.89,2,0,1,3881
12351,990,objective_updated,388.05,2,1,2,3881
12352,990,objective_updated,514.9,2,2,3,3881
12358,991,objective_updated,348.06,2,0,2,3883
12359,991,objective_updated,592.41,3,2,1,3883
12360,991,objective_updated,254.94,1,0,1,3884
12361,991,objective_updated,410.02,2,1,0,3884
12362,991,objective_updated,514.72,2,0,1,3884
12363,991,objective_updated,612.1,2,1,2,3884
12364,991,objective_updated,739.31,2,2,3,3884
12365,991,objective_updated,119.47,2,0,1,3885
12366,991,objective_updated,294.77,3,1,3,3885
12367,991,objective_updated,498.13,4,3,4,3885
12368,991,objective_updated,615.13,5,4,2,3885
12369,991,objective_updated,52.41,1,0,1,3886
12370,991,objective_updated,390.14,2,1,0,3886
12371,991,objective_updated,441.15,2,0,1,3886
12372,991,objective_updated,574.04,2,1,2,3886
12373,992,objective_updated,0,1,0,2,3887
12374,992,objective_updated,257.36,2,2,1,3887
12375,992,objective_updated,586.26,3,1,0,3887
12376,992,objective_updated,133.39,1,0,1,3888
12377,992,objective_updated,220.33,1,1,2,3888
12378,992,objective_updated,396.57,1,2,3,3888
12379,992,objective_updated,396.57,2,3,0,3888
12380,992,objective_updated,447.16,2,0,1,3888
12381,992,objective_updated,196.26,2,0,1,3889
12382,992,objective_updated,359.58,3,1,2,3889
12383,992,objective_updated,581.56,4,2,3,3889
12384,992,objective_updated,704.06,5,3,4,3889
12385,992,objective_updated,818.99,6,4,1,3889
12386,992,objective_updated,156.36,1,0,1,3890
12387,992,objective_updated,400.37,1,1,2,3890
12388,992,objective_updated,545.74,2,2,0,3890
12389,992,objective_updated,87.5,1,0,1,3892
12390,992,objective_updated,241.48,1,1,2,3892
12391,992,objective_updated,535.76,1,2,3,3892
12392,992,objective_updated,535.76,2,3,0,3892
12393,992,objective_updated,676.88,2,0,1,3892
12394,992,objective_updated,912.64,2,1,2,3892
12395,996,objective_updated,139.2,1,0,1,3894
12396,996,objective_updated,277.32,1,1,2,3894
12397,996,objective_updated,498.77,2,2,0,3894
12398,996,objective_updated,579.86,2,0,1,3894
12399,996,objective_updated,736.36,2,1,2,3894
12400,997,objective_updated,199.33,2,0,1,3896
12401,997,objective_updated,128.59,1,0,1,
12402,997,objective_updated,241.99,1,1,2,
12403,997,objective_updated,485.06,2,2,0,
12404,997,objective_updated,613.8,2,0,1,
12405,997,objective_updated,689.26,2,1,2,
12406,997,objective_updated,117.39,1,0,1,
12407,997,objective_updated,246.62,1,1,2,
12408,997,objective_updated,388.48,1,2,3,
12409,997,objective_updated,388.48,2,3,0,
12410,998,objective_updated,184,2,0,3,3899
12411,998,objective_updated,322.95,3,3,1,3899
12412,998,objective_updated,467.03,4,1,2,3899
12413,998,objective_updated,693.8,5,2,4,3899
12414,998,objective_updated,0,1,0,1,3900
12415,998,objective_updated,154.58,2,1,2,3900
12416,999,objective_updated,0,1,0,2,
12417,999,objective_updated,257.36,2,2,1,
12418,999,objective_updated,586.26,3,1,0,
12419,999,objective_updated,156.36,1,0,1,
12420,999,objective_updated,400.37,1,1,2,
12421,999,objective_updated,545.74,2,2,0,
12422,999,objective_updated,196.26,2,0,1,
12423,999,objective_updated,359.58,3,1,2,
12424,999,objective_updated,581.56,4,2,3,
12425,999,objective_updated,704.06,5,3,4,
12426,999,objective_updated,818.99,6,4,1,
12427,999,objective_updated,133.39,1,0,1,
12428,999,objective_updated,220.33,1,1,2,
12429,999,objective_updated,396.57,1,2,3,
12430,999,objective_updated,396.57,2,3,0,
12431,999,objective_updated,447.16,2,0,1,
12432,1000,objective_updated,0,1,0,1,
12433,1000,objective_updated,340.6,2,1,2,
12434,1000,objective_updated,644.66,3,2,0,
12435,1001,objective_updated,0,1,0,1,3906
12436,1001,objective_updated,286.62,2,1,0,3906
12437,1001,objective_updated,455.69,3,0,2,3906
12438,1000,objective_updated,219.52,1,0,1,3907
12439,1000,objective_updated,349.84,1,1,2,3907
12440,1000,objective_updated,495.45,2,2,0,3907
12441,1000,objective_updated,755.55,2,0,1,3907
12442,1002,objective_updated,81.24,1,0,1,3908
12443,1002,objective_updated,225.12,1,1,2,3908
12444,1002,objective_updated,341.08,1,2,3,3908
12445,1002,objective_updated,341.09,2,3,0,3908
12446,1002,objective_updated,465.43,2,0,1,3908
12447,1002,objective_updated,677.68,2,1,2,3908
12448,1002,objective_updated,807.68,2,2,3,3908
12449,1002,objective_updated,807.69,3,3,0,3908
12450,1000,objective_updated,75.49,1,0,1,3909
12451,1000,objective_updated,170.46,1,1,2,3909
12452,1000,objective_updated,250.92,1,2,3,3909
12453,1000,objective_updated,250.92,2,3,0,3909
12454,1000,objective_updated,353.84,2,0,1,3909
12455,1000,objective_updated,527.2,2,1,2,3909
12456,1000,objective_updated,116.17,2,0,2,3912
12457,1000,objective_updated,303.07,3,2,4,3912
12458,1000,objective_updated,479.25,4,4,1,3912
12459,1000,objective_updated,630.77,5,1,3,3912
12460,1000,objective_updated,116.17,2,0,2,3913
12461,1000,objective_updated,303.07,3,2,4,3913
12462,1000,objective_updated,479.25,4,4,1,3913
12463,1000,objective_updated,630.77,5,1,3,3913
12464,1002,objective_updated,231.43,1,0,1,3914
12465,1002,objective_updated,320.01,1,1,2,3914
12466,1002,objective_updated,485.61,2,2,0,3914
12467,1002,objective_updated,723.12,2,0,1,3914
12468,1002,objective_updated,216.96,2,0,3,3915
12469,1002,objective_updated,372.69,3,3,4,3915
12470,1002,objective_updated,522.88,4,4,1,3915
12471,1002,objective_updated,697.45,5,1,2,3915
12472,1002,objective_updated,0,1,0,1,3916
12473,1002,objective_updated,286.62,2,1,0,3916
12474,1002,objective_updated,455.69,3,0,2,3916
12475,1000,objective_updated,0,1,0,1,3917
12476,1000,objective_updated,286.36,2,1,0,3917
12477,1000,objective_updated,594.22,3,0,2,3917
12478,1000,objective_updated,116.17,2,0,2,3918
12479,1000,objective_updated,303.07,3,2,4,3918
12480,1000,objective_updated,479.25,4,4,1,3918
12481,1000,objective_updated,630.77,5,1,3,3918
12482,1000,objective_updated,116.17,2,0,2,3919
12483,1000,objective_updated,303.07,3,2,4,3919
12484,1000,objective_updated,479.25,4,4,1,3919
12485,1000,objective_updated,630.77,5,1,3,3919
12486,1003,objective_updated,0,1,0,2,3920
12487,1003,objective_updated,320.23,2,2,1,3920
12488,1003,objective_updated,611.23,3,1,0,3920
12489,1003,objective_updated,120.51,1,0,1,3921
12490,1003,objective_updated,422.25,2,1,0,3921
12491,1003,objective_updated,75.82,1,0,1,3922
12492,1003,objective_updated,144.3,1,1,2,3922
12493,1003,objective_updated,253.61,1,2,3,3922
12494,1003,objective_updated,253.63,2,3,0,3922
12495,1003,objective_updated,383.04,2,0,1,3922
12496,1003,objective_updated,658.05,2,1,2,3922
12497,1003,objective_updated,120.51,1,0,1,3923
12498,1003,objective_updated,422.25,2,1,0,3923
12499,1003,objective_updated,142.29,2,0,4,3925
12500,1003,objective_updated,346.31,3,4,2,3925
12501,1003,objective_updated,493.79,4,2,1,3925
12502,1003,objective_updated,617.95,5,1,3,3925
12503,1003,objective_updated,821.05,6,3,1,3925
12504,1003,objective_updated,0,1,0,2,3926
12505,1003,objective_updated,44,1,2,3,3926
12506,1003,objective_updated,93.39,1,3,4,3926
12507,1003,objective_updated,138.45,1,4,3,3926
12508,1003,objective_updated,181.74,1,3,4,3926
12509,1003,objective_updated,228.39,1,4,3,3926
12510,1003,objective_updated,280.61,1,3,4,3926
12511,1003,objective_updated,361.44,1,4,3,3926
12512,1003,objective_updated,407,1,3,2,3926
12513,1003,objective_updated,450.52,1,2,1,3926
12514,1004,objective_updated,238.18,1,0,1,3927
12515,1004,objective_updated,318.02,1,1,2,3927
12516,1004,objective_updated,447.97,1,2,3,3927
12517,1004,objective_updated,447.99,2,3,0,3927
12518,1004,objective_updated,627.9,2,0,1,3927
12519,1004,objective_updated,288.76,2,0,1,3928
12520,1004,objective_updated,583.64,3,1,2,3928
12521,1004,objective_updated,183.94,2,0,4,3929
12522,1004,objective_updated,375.76,3,4,2,3929
12523,1004,objective_updated,509.22,4,2,3,3929
12524,1004,objective_updated,744.89,5,3,1,3929
12525,1004,objective_updated,875.15,6,1,2,3929
12526,1004,objective_updated,81.61,1,0,1,3930
12527,1004,objective_updated,410.13,2,1,0,3930
12528,1004,objective_updated,455.06,2,0,1,3930
12529,1004,objective_updated,727.23,2,1,2,3930
12530,1004,objective_updated,853.57,2,2,3,3930
12531,1003,objective_updated,118.36,1,0,1,3931
12532,1003,objective_updated,244.41,1,1,2,3931
12533,1003,objective_updated,379.88,1,2,3,3931
12534,1003,objective_updated,379.9,2,3,0,3931
12535,1003,objective_updated,436.06,2,0,1,3931
12536,1003,objective_updated,818.04,2,1,2,3931
12537,1003,objective_updated,951.44,2,2,3,3931
12538,1003,objective_updated,951.46,3,3,0,3931
12539,1005,objective_updated,0,1,0,1,3932
12540,1005,objective_updated,158.98,2,1,0,3932
12541,1009,objective_updated,0,1,0,2,3933
12542,1009,objective_updated,282.12,2,2,1,3933
12543,1009,objective_updated,534.63,3,1,0,3933
12544,1009,objective_updated,71.47,1,0,1,3934
12545,1009,objective_updated,432.14,1,1,2,3934
12546,1009,objective_updated,540.94,1,2,3,3934
12547,1009,objective_updated,540.94,2,3,0,3934
12548,1009,objective_updated,599.05,2,0,1,3934
12549,1009,objective_updated,862.78,2,1,2,3934
12550,1009,objective_updated,976.29,2,2,3,3934
12551,1009,objective_updated,976.29,3,3,0,3934
12552,1009,objective_updated,75.58,1,0,1,3935
12553,1009,objective_updated,253.76,1,1,2,3935
12554,1009,objective_updated,378.22,1,2,3,3935
12555,1009,objective_updated,378.22,2,3,0,3935
12556,1009,objective_updated,608.62,2,0,1,3935
12557,1009,objective_updated,673.51,2,1,2,3935
12558,1009,objective_updated,791.67,2,2,3,3935
12559,1009,objective_updated,791.67,3,3,0,3935
12560,1009,objective_updated,114.3,2,0,3,3937
12561,1009,objective_updated,319.2,3,3,4,3937
12562,1009,objective_updated,433.32,4,4,2,3937
12563,1009,objective_updated,651.96,5,2,1,3937
12564,1009,objective_updated,788.31,6,1,4,3937
12565,1009,objective_updated,0,1,0,2,3938
12566,1009,objective_updated,53.2,1,2,1,3938
12567,1009,objective_updated,115.34,1,1,0,3938
12568,1009,objective_updated,169.21,1,0,1,3938
12569,1009,objective_updated,214.84,1,1,0,3938
12570,1009,objective_updated,264.76,1,0,1,3938
12571,1009,objective_updated,320.88,1,1,2,3938
12572,1009,objective_updated,389.4,1,2,1,3938
12573,1009,objective_updated,441.97,1,1,0,3938
12574,1010,objective_updated,0,1,0,2,3939
12575,1010,objective_updated,162.79,2,2,0,3939
12576,1010,objective_updated,327.89,3,0,1,3939
12577,1010,objective_updated,315.06,2,0,1,
12578,1010,objective_updated,394.09,2,1,2,
12579,1010,objective_updated,474.15,2,2,3,
12580,1010,objective_updated,112.91,2,0,2,3941
12581,1010,objective_updated,302.45,3,2,1,3941
12582,1010,objective_updated,434.45,4,1,3,3941
12583,1010,objective_updated,666.86,5,3,4,3941
12584,1010,objective_updated,161.78,1,0,1,3942
12585,1010,objective_updated,399.76,2,1,0,3942
12586,1010,objective_updated,549.6,2,0,1,3942
12587,1010,objective_updated,667.75,2,1,2,3942
12588,1010,objective_updated,864.95,2,2,3,3942
12589,1010,objective_updated,0,1,0,2,3944
12590,1010,objective_updated,45.41,1,2,3,3944
12591,1010,objective_updated,92.72,1,3,2,3944
12592,1010,objective_updated,255.87,1,2,1,3944
12593,1010,objective_updated,304.34,1,1,0,3944
12594,1010,objective_updated,348.26,1,0,1,3944
12595,1010,objective_updated,414.34,1,1,2,3944
12596,1010,objective_updated,464.63,1,2,1,3944
12597,1010,objective_updated,531.79,1,1,0,3944
12598,1010,objective_updated,55.84,1,0,1,3945
12599,1010,objective_updated,191.09,1,1,2,3945
12600,1010,objective_updated,488.06,2,2,0,3945
12601,1010,objective_updated,535.77,2,0,1,3945
12602,1010,objective_updated,822.58,2,1,2,3945
12603,1011,objective_updated,270.1,1,0,1,3946
12604,1011,objective_updated,435.21,2,1,0,3946
12605,1011,objective_updated,506.33,2,0,1,3946
12606,1011,objective_updated,578.43,2,1,2,3946
12607,1011,objective_updated,729.61,2,2,3,3946
12608,1011,objective_updated,116.38,2,0,2,3948
12609,1011,objective_updated,284.09,3,2,4,3948
12610,1011,objective_updated,476.49,4,4,3,3948
12611,1011,objective_updated,638.97,5,3,1,3948
12612,1011,objective_updated,779.26,6,1,4,3948
12613,1011,objective_updated,148.07,1,0,1,3949
12614,1011,objective_updated,411.27,1,1,2,3949
12615,1011,objective_updated,515.2,2,2,0,3949
12616,1011,objective_updated,687.6,2,0,1,3949
12617,1011,objective_updated,0,1,0,1,3950
12618,1011,objective_updated,197.06,2,1,0,3950
12619,1011,objective_updated,397.53,3,0,2,3950
12620,1012,objective_updated,0,1,0,1,3951
12621,1012,objective_updated,273.42,2,1,2,3951
12622,1012,objective_updated,431.93,3,2,0,3951
12623,1012,objective_updated,64.54,1,0,1,3952
12624,1012,objective_updated,275.18,1,1,2,3952
12625,1012,objective_updated,391.34,1,2,3,3952
12626,1012,objective_updated,391.34,2,3,0,3952
12627,1012,objective_updated,453.51,2,0,1,3952
12628,1012,objective_updated,575.08,2,1,2,3952
12629,1012,objective_updated,175.13,2,0,4,3953
12630,1012,objective_updated,293.38,3,4,2,3953
12631,1012,objective_updated,421.71,4,2,1,3953
12632,1012,objective_updated,608.69,5,1,3,3953
12633,1012,objective_updated,275.77,1,0,1,3954
12634,1012,objective_updated,360.74,1,1,2,3954
12635,1012,objective_updated,427.47,1,2,3,3954
12636,1012,objective_updated,427.48,2,3,0,3954
12637,1012,objective_updated,0,1,0,2,3956
12638,1012,objective_updated,59.28,1,2,3,3956
12639,1012,objective_updated,121.27,1,3,2,3956
12640,1012,objective_updated,221.78,1,2,1,3956
12641,1012,objective_updated,267.1,1,1,0,3956
12642,1012,objective_updated,331.45,1,0,1,3956
12643,1012,objective_updated,377.86,1,1,2,3956
12644,1012,objective_updated,443.75,1,2,3,3956
12645,1012,objective_updated,495.66,1,3,2,3956
12646,1012,objective_updated,542.36,1,2,3,3956
12647,1013,objective_updated,0,1,0,1,3957
12648,1013,objective_updated,279.53,2,1,0,3957
12649,1013,objective_updated,575.75,3,0,2,3957
12650,1013,objective_updated,203.48,1,0,1,3958
12651,1013,objective_updated,312.29,1,1,2,3958
12652,1013,objective_updated,504.93,2,2,0,3958
12653,1013,objective_updated,613.75,2,0,1,3958
12654,1013,objective_updated,725.03,2,1,2,3958
12655,1013,objective_updated,892.84,2,2,3,3958
12656,1013,objective_updated,112.31,2,0,4,3959
12657,1013,objective_updated,247.66,3,4,3,3959
12658,1013,objective_updated,387.11,4,3,1,3959
12659,1013,objective_updated,537.59,5,1,2,3959
12660,1013,objective_updated,774.16,6,2,4,3959
12661,1013,objective_updated,128.33,1,0,1,3960
12662,1013,objective_updated,415.32,1,1,2,3960
12663,1013,objective_updated,505.37,2,2,0,3960
12664,1013,objective_updated,576.93,2,0,1,3960
12665,1013,objective_updated,762.54,2,1,2,3960
12666,1013,objective_updated,825.31,2,2,3,3960
12667,1013,objective_updated,0,1,0,2,
12668,1013,objective_updated,53.21,1,2,3,
12669,1013,objective_updated,99.04,1,3,4,
12670,1013,objective_updated,153.75,1,4,3,
12671,1013,objective_updated,206.89,1,3,4,
12672,1013,objective_updated,276.97,1,4,3,
12673,1013,objective_updated,330.5,1,3,4,
12674,1013,objective_updated,237.78,2,0,2,3963
12675,1013,objective_updated,480.15,3,2,1,3963
12676,1014,objective_updated,174.81,1,0,1,
12677,1014,objective_updated,322.32,1,1,2,
12678,1014,objective_updated,491.76,1,2,3,
12679,1014,objective_updated,491.76,2,3,0,
12680,1014,objective_updated,549.71,2,0,1,
12681,1014,objective_updated,693.85,2,1,2,
12682,1014,objective_updated,751.56,2,2,3,
12683,1014,objective_updated,751.56,3,3,0,
12684,1014,objective_updated,130.86,1,0,1,3965
12685,1014,objective_updated,376.51,1,1,2,3965
12686,1014,objective_updated,490.97,2,2,0,3965
12687,1014,objective_updated,538.07,2,0,1,3965
12688,1014,objective_updated,612.69,2,1,2,3965
12689,1021,objective_updated,174.81,1,0,1,3967
12690,1021,objective_updated,322.32,1,1,2,3967
12691,1021,objective_updated,491.76,1,2,3,3967
12692,1021,objective_updated,491.76,2,3,0,3967
12693,1021,objective_updated,549.71,2,0,1,3967
12694,1021,objective_updated,693.85,2,1,2,3967
12695,1021,objective_updated,751.56,2,2,3,3967
12696,1021,objective_updated,751.56,3,3,0,3967
12697,1021,objective_updated,0,1,0,2,3968
12698,1021,objective_updated,57.09,1,2,3,3968
12699,1021,objective_updated,99.08,1,3,4,3968
12700,1021,objective_updated,168.47,1,4,3,3968
12701,1021,objective_updated,211.05,1,3,2,3968
12702,1021,objective_updated,312.92,1,2,1,3968
12703,1021,objective_updated,359.39,1,1,2,3968
12704,1021,objective_updated,483.59,1,2,3,3968
12705,1021,objective_updated,171.1,2,0,1,3969
12706,1021,objective_updated,290.1,3,1,4,3969
12707,1021,objective_updated,432.95,4,4,3,3969
12708,1021,objective_updated,115.1,1,0,1,3970
12709,1021,objective_updated,205.56,1,1,2,3970
12710,1021,objective_updated,399.59,1,2,3,3970
12711,1021,objective_updated,399.61,2,3,0,3970
12712,1021,objective_updated,569.94,2,0,1,3970
12713,1022,objective_updated,64.06,1,0,1,3971
12714,1022,objective_updated,180.41,1,1,2,3971
12715,1022,objective_updated,337.46,1,2,3,3971
12716,1022,objective_updated,337.46,2,3,0,3971
12717,1022,objective_updated,407.74,2,0,1,3971
12718,1022,objective_updated,719.49,2,1,2,3971
12719,1022,objective_updated,788.54,2,2,3,3971
12720,1022,objective_updated,149.92,2,0,2,3972
12721,1022,objective_updated,313.35,3,2,4,3972
12722,1022,objective_updated,463.42,4,4,3,3972
12723,1022,objective_updated,585.16,5,3,1,3972
12724,1022,objective_updated,773.83,6,1,0,3972
12725,1022,objective_updated,127.06,1,0,1,3974
12726,1022,objective_updated,198.9,1,1,2,3974
12727,1022,objective_updated,491.81,2,2,0,3974
12728,1022,objective_updated,678.94,2,0,1,3974
12729,1022,objective_updated,752.08,2,1,2,3974
12730,1022,objective_updated,949.16,2,2,3,3974
12731,1022,objective_updated,118.81,2,0,1,3975
12732,1022,objective_updated,314.11,3,1,2,3975
12733,1022,objective_updated,435.87,4,2,4,3975
12734,1022,objective_updated,654.09,5,4,3,3975
12735,1022,objective_updated,818.03,6,3,4,3975
12736,1022,objective_updated,0,1,0,2,
12737,1022,objective_updated,271.05,2,2,0,
12738,1022,objective_updated,545.94,3,0,1,
12739,1023,objective_updated,247.58,2,0,1,
12740,1023,objective_updated,525.81,3,1,2,
12741,1023,objective_updated,57.33,1,0,1,3978
12742,1023,objective_updated,205.16,1,1,2,3978
12743,1023,objective_updated,281.62,1,2,3,3978
12744,1023,objective_updated,281.63,2,3,0,3978
12745,1023,objective_updated,533.8,2,0,1,3978
12746,1023,objective_updated,80.25,1,0,1,3979
12747,1023,objective_updated,151.03,1,1,2,3979
12748,1023,objective_updated,237.89,1,2,3,3979
12749,1023,objective_updated,237.89,2,3,0,3979
12750,1023,objective_updated,515.38,2,0,1,3979
12751,1024,objective_updated,0,1,0,1,3981
12752,1024,objective_updated,247.07,2,1,2,3981
12753,1024,objective_updated,406.13,3,2,0,3981
12754,1024,objective_updated,53.05,1,0,1,3982
12755,1024,objective_updated,244.55,1,1,2,3982
12756,1024,objective_updated,512.93,1,2,3,3982
12757,1024,objective_updated,512.93,2,3,0,3982
12758,1024,objective_updated,581.89,2,0,1,3982
12759,1024,objective_updated,698.99,2,1,2,3982
12760,1024,objective_updated,69.82,1,0,1,3983
12761,1024,objective_updated,148.62,1,1,2,3983
12762,1024,objective_updated,291.73,1,2,3,3983
12763,1024,objective_updated,291.73,2,3,0,3983
12764,1025,objective_updated,0,1,0,2,3984
12765,1025,objective_updated,345.07,2,2,0,3984
12766,1025,objective_updated,510.14,3,0,1,3984
12767,1025,objective_updated,68.24,1,0,1,
12768,1025,objective_updated,133.98,1,1,2,
12769,1025,objective_updated,384.08,1,2,3,
12770,1025,objective_updated,384.08,2,3,0,
12771,1024,objective_updated,163.14,2,0,1,3986
12772,1024,objective_updated,391.12,3,1,2,3986
12773,1024,objective_updated,573.9,4,2,3,3986
12774,1024,objective_updated,692.92,5,3,4,3986
12775,1024,objective_updated,859.74,6,4,0,3986
12776,1024,objective_updated,0,1,0,2,3988
12777,1024,objective_updated,80.49,1,2,1,3988
12778,1024,objective_updated,145.81,1,1,0,3988
12779,1024,objective_updated,204.6,1,0,1,3988
12780,1024,objective_updated,254.24,1,1,2,3988
12781,1024,objective_updated,340.96,1,2,1,3988
12782,1024,objective_updated,414.66,1,1,0,3988
12783,1025,objective_updated,68.24,1,0,1,3989
12784,1025,objective_updated,133.98,1,1,2,3989
12785,1025,objective_updated,384.08,1,2,3,3989
12786,1025,objective_updated,384.08,2,3,0,3989
12787,1025,objective_updated,110.17,2,0,3,3990
12788,1025,objective_updated,285.68,3,3,4,3990
12789,1025,objective_updated,399.74,4,4,1,3990
12790,1025,objective_updated,528.38,5,1,2,3990
12791,1025,objective_updated,47.18,1,0,1,3991
12792,1025,objective_updated,280.9,1,1,2,3991
12793,1025,objective_updated,407.17,1,2,3,3991
12794,1025,objective_updated,407.17,2,3,0,3991
12795,1025,objective_updated,541.86,2,0,1,3991
12796,1025,objective_updated,0,1,0,2,3993
12797,1025,objective_updated,96.03,1,2,1,3993
12798,1025,objective_updated,151.3,1,1,0,3993
12799,1025,objective_updated,220,1,0,1,3993
12800,1025,objective_updated,263.66,1,1,2,3993
12801,1025,objective_updated,309.41,1,2,1,3993
12802,1025,objective_updated,389.88,1,1,2,3993
12803,1025,objective_updated,442.49,1,2,1,3993
12804,1026,objective_updated,112.12,1,0,1,3994
12805,1026,objective_updated,226.1,1,1,2,3994
12806,1026,objective_updated,420.97,1,2,3,3994
12807,1026,objective_updated,420.97,2,3,0,3994
12808,1026,objective_updated,586.69,2,0,1,3994
12809,1026,objective_updated,117.23,2,0,3,
12810,1026,objective_updated,330.49,3,3,2,
12811,1026,objective_updated,530.55,4,2,1,
12812,1026,objective_updated,698.94,5,1,4,
12813,1026,objective_updated,908.84,6,4,0,
12814,1026,objective_updated,182.96,1,0,1,
12815,1026,objective_updated,384.99,1,1,2,
12816,1026,objective_updated,504.6,2,2,0,
12817,1026,objective_updated,552.05,2,0,1,
12818,1026,objective_updated,721.41,2,1,2,
12819,1026,objective_updated,773.79,2,2,3,
12820,1026,objective_updated,0,1,0,1,
12821,1026,objective_updated,302.8,2,1,0,
12822,1026,objective_updated,617.04,3,0,2,
12823,1026,objective_updated,0,1,0,2,
12824,1026,objective_updated,48.56,1,2,1,
12825,1026,objective_updated,99.15,1,1,0,
12826,1026,objective_updated,142.11,1,0,1,
12827,1026,objective_updated,218.93,1,1,0,
12828,1026,objective_updated,280.84,1,0,1,
12829,1026,objective_updated,326.49,1,1,2,
12830,1026,objective_updated,367.31,1,2,1,
12831,1026,objective_updated,449.73,1,1,0,
12832,1026,objective_updated,0,1,0,2,4000
12833,1026,objective_updated,48.56,1,2,1,4000
12834,1026,objective_updated,99.15,1,1,0,4000
12835,1026,objective_updated,142.11,1,0,1,4000
12836,1026,objective_updated,218.93,1,1,0,4000
12837,1026,objective_updated,280.84,1,0,1,4000
12838,1026,objective_updated,326.49,1,1,2,4000
12839,1026,objective_updated,367.31,1,2,1,4000
12840,1026,objective_updated,449.73,1,1,0,4000
12841,1028,objective_updated,0,1,0,2,4002
12842,1028,objective_updated,180.05,2,2,0,4002
12843,1028,objective_updated,342.55,3,0,1,4002
12844,1028,objective_updated,238.5,1,0,1,4004
12845,1028,objective_updated,410.17,2,1,0,4004
12846,1028,objective_updated,490.49,2,0,1,4004
12847,1028,objective_updated,569.83,2,1,2,4004
12848,1028,objective_updated,679.02,2,2,3,4004
12849,1028,objective_updated,121.55,2,0,4,4005
12850,1028,objective_updated,332.47,3,4,3,4005
12851,1028,objective_updated,461.69,4,3,1,4005
12852,1028,objective_updated,635.57,5,1,2,4005
12853,1028,objective_updated,761.18,6,2,3,4005
12854,1028,objective_updated,183.1,1,0,1,4006
12855,1028,objective_updated,398.23,2,1,0,4006
12856,1028,objective_updated,541.93,2,0,1,4006
12857,1028,objective_updated,643.42,2,1,2,4006
12858,1028,objective_updated,886.1,2,2,3,4006
12859,1028,objective_updated,0,1,0,2,4007
12860,1028,objective_updated,41.76,1,2,3,4007
12861,1028,objective_updated,119.77,1,3,4,4007
12862,1028,objective_updated,188.07,1,4,3,4007
12863,1028,objective_updated,240.1,1,3,4,4007
12864,1028,objective_updated,285.01,1,4,3,4007
12865,1028,objective_updated,364.52,1,3,2,4007
12866,1028,objective_updated,406.53,1,2,3,4007
12867,1029,objective_updated,161.14,1,0,1,4008
12868,1029,objective_updated,413.94,2,1,0,4008
12869,1029,objective_updated,606.81,2,0,1,4008
12870,1029,objective_updated,718.77,2,1,2,4008
12871,1029,objective_updated,831.06,2,2,3,4008
12872,1029,objective_updated,172.89,2,0,3,4009
12873,1029,objective_updated,303.54,3,3,2,4009
12874,1029,objective_updated,512.04,4,2,4,4009
12875,1029,objective_updated,716.54,5,4,1,4009
12876,1029,objective_updated,887.42,6,1,2,4009
12877,1029,objective_updated,0,1,0,2,
12878,1029,objective_updated,78.48,1,2,1,
12879,1029,objective_updated,139.79,1,1,0,
12880,1029,objective_updated,193.56,1,0,1,
12881,1029,objective_updated,248.01,1,1,0,
12882,1029,objective_updated,226.45,1,0,1,
12883,1029,objective_updated,369.13,1,1,2,
12884,1029,objective_updated,480.21,2,2,0,
12885,1029,objective_updated,636.55,2,0,1,
12886,1029,objective_updated,907.02,2,1,2,
12887,1029,objective_updated,998.19,2,2,3,
12888,1030,objective_updated,0,1,0,2,4013
12889,1030,objective_updated,207.51,2,2,1,4013
12890,1030,objective_updated,430.24,3,1,0,4013
12891,1030,objective_updated,85.85,1,0,1,
12892,1030,objective_updated,190.55,1,1,2,
12893,1030,objective_updated,432.77,1,2,3,
12894,1030,objective_updated,432.77,2,3,0,
12895,1030,objective_updated,477.8,2,0,1,
12896,1030,objective_updated,685.75,2,1,2,
12897,1030,objective_updated,751.27,2,2,3,
12898,1030,objective_updated,751.27,3,3,0,
12899,1030,objective_updated,92.39,1,0,1,4015
12900,1030,objective_updated,156.02,1,1,2,4015
12901,1030,objective_updated,480.21,2,2,0,4015
12902,1030,objective_updated,227.59,2,0,3,4017
12903,1030,objective_updated,419.03,3,3,1,4017
12904,1030,objective_updated,579.68,4,1,4,4017
12905,1030,objective_updated,711.76,5,4,2,4017
12906,1030,objective_updated,0,1,0,2,
12907,1030,objective_updated,67.52,1,2,3,
12908,1030,objective_updated,126.86,1,3,4,
12909,1030,objective_updated,204.94,1,4,3,
12910,1030,objective_updated,281.64,1,3,4,
12911,1030,objective_updated,0,1,0,1,4019
12912,1030,objective_updated,327.71,2,1,2,4019
12913,1030,objective_updated,489.05,3,2,0,4019
12914,1031,objective_updated,194.42,2,0,1,4020
12915,1031,objective_updated,431.78,3,1,2,4020
12916,1031,objective_updated,117.63,1,0,1,4021
12917,1031,objective_updated,217.25,1,1,2,4021
12918,1031,objective_updated,375.92,1,2,3,4021
12919,1031,objective_updated,375.92,2,3,0,4021
12920,1031,objective_updated,97.08,1,0,1,4022
12921,1031,objective_updated,240.49,1,1,2,4022
12922,1031,objective_updated,424.37,1,2,3,4022
12923,1031,objective_updated,424.37,2,3,0,4022
12924,1031,objective_updated,641.85,2,0,1,4022
12946,1031,objective_updated,117.71,2,0,4,4029
12947,1031,objective_updated,285.91,3,4,1,4029
12948,1031,objective_updated,469.6,4,1,2,4029
12949,1031,objective_updated,585.15,5,2,3,4029
12950,1031,objective_updated,0,1,0,2,4031
12951,1031,objective_updated,50.4,1,2,1,4031
12952,1031,objective_updated,93.88,1,1,0,4031
12953,1031,objective_updated,168.94,1,0,1,4031
12954,1031,objective_updated,237.03,1,1,2,4031
12955,1031,objective_updated,288.12,1,2,3,4031
12956,1031,objective_updated,335.76,1,3,2,4031
12957,1031,objective_updated,385.2,1,2,3,4031
12958,1031,objective_updated,431.69,1,3,2,4031
12959,1031,objective_updated,0,1,0,2,4032
12960,1031,objective_updated,309.23,2,2,1,4032
12961,1031,objective_updated,577.3,3,1,0,4032
12962,1036,objective_updated,116.14,2,0,1,4036
12963,1036,objective_updated,276.31,3,1,4,4036
12964,1036,objective_updated,531.4,4,4,3,4036
12965,1036,objective_updated,674.86,5,3,2,4036
12966,1036,objective_updated,892.07,6,2,4,4036
12967,1037,objective_updated,116.14,2,0,1,4037
12968,1037,objective_updated,276.31,3,1,4,4037
12969,1037,objective_updated,531.4,4,4,3,4037
12970,1037,objective_updated,674.86,5,3,2,4037
12971,1037,objective_updated,892.07,6,2,4,4037
12972,1038,objective_updated,116.14,2,0,1,4038
12973,1038,objective_updated,276.31,3,1,4,4038
12974,1038,objective_updated,531.4,4,4,3,4038
12975,1038,objective_updated,674.86,5,3,2,4038
12976,1038,objective_updated,892.07,6,2,4,4038
12977,1039,objective_updated,116.14,2,0,1,4039
12978,1039,objective_updated,276.31,3,1,4,4039
12979,1039,objective_updated,531.4,4,4,3,4039
12980,1039,objective_updated,674.86,5,3,2,4039
12981,1039,objective_updated,892.07,6,2,4,4039
12982,1040,objective_updated,171.98,1,0,1,4040
12983,1040,objective_updated,395.56,2,1,0,4040
12984,1040,objective_updated,593.63,2,0,1,4040
12985,1040,objective_updated,686.7,2,1,2,4040
12986,1040,objective_updated,776.62,2,2,3,4040
12987,1041,objective_updated,171.98,1,0,1,4041
12988,1041,objective_updated,395.56,2,1,0,4041
12989,1041,objective_updated,593.63,2,0,1,4041
12990,1041,objective_updated,686.7,2,1,2,4041
12991,1041,objective_updated,776.62,2,2,3,4041
12992,1042,objective_updated,171.98,1,0,1,4042
12993,1042,objective_updated,395.56,2,1,0,4042
12994,1042,objective_updated,593.63,2,0,1,4042
12995,1042,objective_updated,686.7,2,1,2,4042
12996,1042,objective_updated,776.62,2,2,3,4042
12997,1042,objective_updated,0,1,0,2,4044
12998,1042,objective_updated,59.6,1,2,3,4044
12999,1042,objective_updated,165.48,1,3,4,4044
13000,1042,objective_updated,219.31,1,4,3,4044
13001,1042,objective_updated,269.11,1,3,4,4044
13002,1042,objective_updated,330.76,1,4,3,4044
13003,1042,objective_updated,400.66,1,3,2,4044
13004,1042,objective_updated,447.58,1,2,1,4044
13005,1042,objective_updated,517.84,1,1,0,4044
13006,1049,objective_updated,0,1,0,2,4045
13007,1049,objective_updated,239.65,2,2,1,4045
13008,1049,objective_updated,499.34,3,1,0,4045
13009,1049,objective_updated,199.97,1,0,1,4046
13010,1049,objective_updated,336.66,1,1,2,4046
13011,1049,objective_updated,514.74,2,2,0,4046
13012,1049,objective_updated,753.75,2,0,1,4046
13013,1049,objective_updated,128.76,2,0,4,4048
13014,1049,objective_updated,254.73,3,4,2,4048
13015,1049,objective_updated,399.62,4,2,1,4048
13016,1049,objective_updated,569.62,5,1,3,4048
13017,1049,objective_updated,83.58,1,0,1,
13018,1049,objective_updated,403.95,2,1,0,
13019,1049,objective_updated,500.08,2,0,1,
13020,1049,objective_updated,653.65,2,1,2,
13021,1049,objective_updated,724.87,2,2,3,
13022,1049,objective_updated,69.64,1,0,1,4050
13023,1049,objective_updated,313.25,1,1,2,4050
13024,1049,objective_updated,501.31,2,2,0,4050
13025,1049,objective_updated,775.29,2,0,1,4050
13026,1049,objective_updated,850.08,2,1,2,4050
13027,1049,objective_updated,1009.2,2,2,3,4050
13028,1050,objective_updated,0,1,0,1,4053
13029,1050,objective_updated,177.29,2,1,2,4053
13030,1050,objective_updated,406.27,3,2,0,4053
13031,1050,objective_updated,42.67,1,0,1,4054
13032,1050,objective_updated,194.77,1,1,2,4054
13033,1050,objective_updated,405.77,1,2,3,4054
13034,1050,objective_updated,405.77,2,3,0,4054
13035,1050,objective_updated,627.28,2,0,1,4054
13036,1050,objective_updated,822.55,2,1,2,4054
13037,1050,objective_updated,82.3,1,0,1,4055
13038,1050,objective_updated,189.95,1,1,2,4055
13039,1050,objective_updated,329.65,1,2,3,4055
13040,1050,objective_updated,329.65,2,3,0,4055
13041,1050,objective_updated,598.26,2,0,1,4055
13042,1050,objective_updated,125.99,2,0,3,4057
13043,1050,objective_updated,263.07,3,3,4,4057
13044,1050,objective_updated,437.15,4,4,1,4057
13045,1050,objective_updated,560.27,5,1,2,4057
13046,1050,objective_updated,0,1,0,2,4058
13047,1050,objective_updated,53.85,1,2,1,4058
13048,1050,objective_updated,109.34,1,1,0,4058
13049,1050,objective_updated,150.75,1,0,1,4058
13050,1050,objective_updated,194.63,1,1,0,4058
13051,1051,objective_updated,0,1,0,1,4059
13052,1051,objective_updated,258.14,2,1,2,4059
13053,1051,objective_updated,418.17,3,2,0,4059
13054,1051,objective_updated,145.63,1,0,1,4060
13055,1051,objective_updated,292.64,1,1,2,4060
13056,1051,objective_updated,480.25,2,2,0,4060
13057,1051,objective_updated,563.41,2,0,1,4060
13058,1051,objective_updated,651.03,2,1,2,4060
13059,1051,objective_updated,742.99,2,2,3,4060
13060,1051,objective_updated,131.48,2,0,2,4061
13061,1051,objective_updated,317.8,3,2,4,4061
13062,1051,objective_updated,431.93,4,4,3,4061
13063,1051,objective_updated,545.9,5,3,1,4061
13064,1051,objective_updated,102.88,1,0,1,4062
13065,1051,objective_updated,308.18,1,1,2,4062
13066,1051,objective_updated,517.16,2,2,0,4062
13067,1051,objective_updated,554.48,2,0,1,4062
13068,1051,objective_updated,785.08,2,1,2,4062
13069,1051,objective_updated,906.72,2,2,3,4062
13070,1051,objective_updated,0,1,0,2,4064
13071,1051,objective_updated,41.06,1,2,3,4064
13072,1051,objective_updated,80.16,1,3,4,4064
13073,1051,objective_updated,123.82,1,4,3,4064
13074,1051,objective_updated,170.55,1,3,4,4064
13075,1051,objective_updated,225.99,1,4,3,4064
13076,1051,objective_updated,279.51,1,3,2,4064
13077,1051,objective_updated,337.08,1,2,1,4064
13078,1051,objective_updated,385.61,1,1,0,4064
13079,1051,objective_updated,0,1,0,1,4065
13080,1051,objective_updated,200.65,2,1,0,4065
13081,1051,objective_updated,475.26,3,0,2,4065
13082,1052,objective_updated,157.14,2,0,1,4066
13083,1052,objective_updated,315.67,3,1,2,4066
13084,1052,objective_updated,349.91,2,0,1,4067
13085,1052,objective_updated,451.2,2,1,2,4067
13086,1052,objective_updated,558.94,2,2,3,4067
13087,1052,objective_updated,261.85,1,0,1,4068
13088,1052,objective_updated,416.97,2,1,0,4068
13089,1052,objective_updated,648.85,2,0,1,4068
13090,1052,objective_updated,869.41,2,1,2,4068
13091,1052,objective_updated,950.49,2,2,3,4068
13092,1052,objective_updated,216.04,2,0,3,4069
13093,1052,objective_updated,387.2,3,3,4,4069
13094,1052,objective_updated,614.3,4,4,2,4069
13095,1052,objective_updated,840.93,5,2,1,4069
13096,1052,objective_updated,969.72,6,1,2,4069
13097,1052,objective_updated,0,1,0,2,4071
13098,1052,objective_updated,60.22,1,2,1,4071
13099,1052,objective_updated,131.34,1,1,2,4071
13100,1052,objective_updated,197.21,1,2,1,4071
13101,1052,objective_updated,248.31,1,1,0,4071
13102,1052,objective_updated,311.05,1,0,1,4071
13103,1052,objective_updated,357.73,1,1,0,4071
13104,1052,objective_updated,425.59,1,0,1,4071
13105,1052,objective_updated,472.99,1,1,2,4071
13106,1052,objective_updated,542.32,1,2,1,4071
13107,1052,objective_updated,199.59,1,0,1,4072
13108,1052,objective_updated,330.52,1,1,2,4072
13109,1052,objective_updated,403.87,1,2,3,4072
13110,1052,objective_updated,403.88,2,3,0,4072
13111,1053,objective_updated,285.13,2,0,2,
13112,1053,objective_updated,579.92,3,2,1,
13113,1053,objective_updated,426.38,2,0,1,4074
13114,1053,objective_updated,663.84,2,1,2,4074
13115,1053,objective_updated,795.78,2,2,3,4074
13116,1053,objective_updated,114.41,2,0,4,
13117,1053,objective_updated,290.05,3,4,2,
13118,1053,objective_updated,495.9,4,2,1,
13119,1053,objective_updated,635.61,5,1,3,
13120,1053,objective_updated,178.69,1,0,1,
13121,1053,objective_updated,409.84,1,1,2,
13122,1053,objective_updated,499.9,2,2,0,
13123,1053,objective_updated,579.78,2,0,1,
13124,1053,objective_updated,825.74,2,1,2,
13125,1053,objective_updated,894.15,2,2,3,
13126,1053,objective_updated,0,1,0,2,
13127,1053,objective_updated,51.74,1,2,3,
13128,1053,objective_updated,114.67,1,3,4,
13129,1053,objective_updated,159.11,1,4,3,
13130,1053,objective_updated,199.41,1,3,2,
13131,1053,objective_updated,256.51,1,2,3,
13132,1053,objective_updated,296.78,1,3,2,
13133,1053,objective_updated,351.2,1,2,1,
13134,1053,objective_updated,425.96,1,1,2,
13135,1053,objective_updated,477.35,1,2,1,
13136,1054,objective_updated,0,1,0,2,
13137,1054,objective_updated,256.05,2,2,1,
13138,1054,objective_updated,538.81,3,1,0,
13139,1055,objective_updated,0,1,0,2,4080
13140,1055,objective_updated,256.05,2,2,1,4080
13141,1055,objective_updated,538.81,3,1,0,4080
13142,1056,objective_updated,308.16,2,0,1,4081
13143,1056,objective_updated,383.09,2,1,2,4081
13144,1056,objective_updated,96.8,1,0,1,4082
13145,1056,objective_updated,390.18,2,1,0,4082
13146,1056,objective_updated,550.3,2,0,1,4082
13147,1056,objective_updated,620.51,2,1,2,4082
13148,1056,objective_updated,701.81,2,2,3,4082
13149,1056,objective_updated,108.01,2,0,1,4084
13150,1056,objective_updated,316.51,3,1,2,4084
13151,1056,objective_updated,489.81,4,2,3,4084
13152,1056,objective_updated,650.12,5,3,4,4084
13153,1056,objective_updated,878.84,6,4,3,4084
13154,1056,objective_updated,0,1,0,2,4085
13155,1056,objective_updated,62.99,1,2,3,4085
13156,1056,objective_updated,111.26,1,3,2,4085
13157,1056,objective_updated,206.57,1,2,1,4085
13158,1056,objective_updated,259.24,1,1,2,4085
13159,1056,objective_updated,304.91,1,2,3,4085
13160,1056,objective_updated,353.17,1,3,2,4085
13161,1056,objective_updated,397.85,1,2,3,4085
13162,1056,objective_updated,483.3,1,3,4,4085
13163,1056,objective_updated,0,1,0,2,4087
13164,1056,objective_updated,256.05,2,2,1,4087
13165,1056,objective_updated,538.81,3,1,0,4087
13166,1056,objective_updated,0,1,0,2,4088
13167,1056,objective_updated,256.05,2,2,1,4088
13168,1056,objective_updated,538.81,3,1,0,4088
13169,1056,objective_updated,0,1,0,2,4089
13170,1056,objective_updated,256.05,2,2,1,4089
13171,1056,objective_updated,538.81,3,1,0,4089
13172,1056,objective_updated,0,1,0,2,4090
13173,1056,objective_updated,256.05,2,2,1,4090
13174,1056,objective_updated,538.81,3,1,0,4090
13175,1056,objective_updated,0,1,0,2,4091
13176,1056,objective_updated,256.05,2,2,1,4091
13177,1056,objective_updated,538.81,3,1,0,4091
13178,1057,objective_updated,317.64,2,0,2,4092
13179,1057,objective_updated,497.08,3,2,1,4092
13180,1057,objective_updated,146.35,1,0,1,4093
13181,1057,objective_updated,420.92,1,1,2,4093
13182,1057,objective_updated,577.6,2,2,0,4093
13183,1057,objective_updated,82.4,1,0,1,4094
13184,1057,objective_updated,176.75,1,1,2,4094
13185,1057,objective_updated,378.63,1,2,3,4094
13186,1057,objective_updated,378.63,2,3,0,4094
13187,1057,objective_updated,183.5,2,0,1,4096
13188,1057,objective_updated,382.62,3,1,3,4096
13189,1057,objective_updated,614.61,4,3,4,4096
13190,1057,objective_updated,771.2,5,4,2,4096
13191,1057,objective_updated,957.96,6,2,0,4096
13192,1057,objective_updated,0,1,0,1,4097
13193,1057,objective_updated,159.11,2,1,0,4097
13194,1057,objective_updated,519.73,3,0,2,4097
13195,1058,objective_updated,0,1,0,1,4098
13196,1058,objective_updated,192.18,2,1,0,4098
13197,1058,objective_updated,411.26,3,0,2,4098
13198,1058,objective_updated,88.3,1,0,1,4099
13199,1058,objective_updated,299.85,1,1,2,4099
13200,1058,objective_updated,413.34,1,2,3,4099
13201,1058,objective_updated,413.36,2,3,0,4099
13202,1058,objective_updated,499.6,2,0,1,4099
13203,1058,objective_updated,99.08,1,0,1,4100
13204,1058,objective_updated,264.19,1,1,2,4100
13205,1058,objective_updated,390.78,1,2,3,4100
13206,1058,objective_updated,390.78,2,3,0,4100
13207,1058,objective_updated,493.6,2,0,1,4100
13208,1058,objective_updated,757.96,2,1,2,4100
13209,1058,objective_updated,187.54,2,0,3,4102
13210,1058,objective_updated,401.47,3,3,2,4102
13211,1058,objective_updated,524.67,4,2,1,4102
13212,1058,objective_updated,673.57,5,1,4,4102
13213,1058,objective_updated,826.84,6,4,2,4102
13214,1058,objective_updated,0,1,0,2,
13215,1058,objective_updated,43.38,1,2,3,
13216,1058,objective_updated,95.28,1,3,4,
13217,1058,objective_updated,140.48,1,4,3,
13218,1058,objective_updated,206.75,1,3,2,
13219,1058,objective_updated,258.91,1,2,1,
13220,1058,objective_updated,306.87,1,1,0,
13221,1059,objective_updated,0,1,0,1,4104
13222,1059,objective_updated,230.1,2,1,2,4104
13223,1059,objective_updated,420.21,3,2,0,4104
13224,1059,objective_updated,58.96,1,0,1,4105
13225,1059,objective_updated,291.57,1,1,2,4105
13226,1059,objective_updated,430.09,1,2,3,4105
13227,1059,objective_updated,430.09,2,3,0,4105
13228,1059,objective_updated,503.32,2,0,1,4105
13229,1059,objective_updated,616,2,1,2,4105
13230,1059,objective_updated,667,2,2,3,4105
13231,1059,objective_updated,78.73,1,0,1,4106
13232,1059,objective_updated,422.15,2,1,0,4106
13233,1059,objective_updated,547.19,2,0,1,4106
13234,1059,objective_updated,0,1,0,1,4108
13235,1059,objective_updated,262.08,2,1,0,4108
13236,1059,objective_updated,416.49,3,0,2,4108
13237,1059,objective_updated,116.25,2,0,1,
13238,1059,objective_updated,303.57,3,1,2,
13239,1059,objective_updated,500.45,4,2,3,
13240,1059,objective_updated,679.11,5,3,4,
13241,1060,objective_updated,297.14,2,0,2,4111
13242,1060,objective_updated,609.4,3,2,1,4111
13243,1060,objective_updated,75.84,1,0,1,4112
13244,1060,objective_updated,260.25,1,1,2,4112
13245,1060,objective_updated,426.12,1,2,3,4112
13246,1060,objective_updated,426.12,2,3,0,4112
13247,1060,objective_updated,541.15,2,0,1,4112
13248,1060,objective_updated,671.94,2,1,2,4112
13249,1060,objective_updated,827.9,2,2,3,4112
13250,1060,objective_updated,110.87,2,0,3,
13251,1060,objective_updated,291.14,3,3,4,
13252,1060,objective_updated,452.43,4,4,1,
13253,1060,objective_updated,607.53,5,1,2,
13254,1060,objective_updated,0,1,0,2,4114
13255,1060,objective_updated,58.22,1,2,1,4114
13256,1060,objective_updated,99.2,1,1,0,4114
13257,1060,objective_updated,160.93,1,0,1,4114
13258,1060,objective_updated,207.02,1,1,0,4114
13259,1060,objective_updated,262.25,1,0,1,4114
13260,1060,objective_updated,314.83,1,1,2,4114
13261,1060,objective_updated,353.93,1,2,1,4114
13262,1060,objective_updated,221.18,1,0,1,4115
13263,1060,objective_updated,401.97,2,1,0,4115
13264,1060,objective_updated,552.19,2,0,1,4115
13265,1060,objective_updated,806.08,2,1,2,4115
13266,1061,objective_updated,76.92,1,0,1,4116
13267,1061,objective_updated,163.35,1,1,2,4116
13268,1061,objective_updated,283.81,1,2,3,4116
13269,1061,objective_updated,283.81,2,3,0,4116
13270,1061,objective_updated,531.74,2,0,1,4116
13271,1061,objective_updated,615.13,2,1,2,4116
13272,1061,objective_updated,764.66,2,2,3,4116
13273,1061,objective_updated,764.66,3,3,0,4116
13274,1061,objective_updated,845.99,3,0,1,4116
13275,1061,objective_updated,894.21,4,1,0,4116
13276,1061,objective_updated,975.36,4,0,1,4116
13277,1061,objective_updated,105.53,1,0,1,4117
13278,1061,objective_updated,200.04,1,1,2,4117
13279,1061,objective_updated,423.68,1,2,3,4117
13280,1061,objective_updated,423.68,2,3,0,4117
13281,1061,objective_updated,523.13,2,0,1,4117
13282,1061,objective_updated,753.79,2,1,2,4117
13283,1061,objective_updated,920.01,2,2,3,4117
13284,1061,objective_updated,920.01,3,3,0,4117
13285,1061,objective_updated,999.46,3,0,1,4117
13286,1061,objective_updated,1044.36,4,1,0,4117
13287,1061,objective_updated,1111.09,4,0,1,4117
13288,1061,objective_updated,105.53,1,0,1,4118
13289,1061,objective_updated,200.04,1,1,2,4118
13290,1061,objective_updated,423.68,1,2,3,4118
13291,1061,objective_updated,423.68,2,3,0,4118
13292,1061,objective_updated,523.13,2,0,1,4118
13293,1061,objective_updated,753.79,2,1,2,4118
13294,1061,objective_updated,920.01,2,2,3,4118
13295,1061,objective_updated,920.01,3,3,0,4118
13296,1061,objective_updated,999.46,3,0,1,4118
13297,1061,objective_updated,1044.36,4,1,0,4118
13298,1061,objective_updated,1111.09,4,0,1,4118
13299,1061,objective_updated,105.53,1,0,1,4119
13300,1061,objective_updated,200.04,1,1,2,4119
13301,1061,objective_updated,423.68,1,2,3,4119
13302,1061,objective_updated,423.68,2,3,0,4119
13303,1061,objective_updated,523.13,2,0,1,4119
13304,1061,objective_updated,753.79,2,1,2,4119
13305,1061,objective_updated,920.01,2,2,3,4119
13306,1061,objective_updated,920.01,3,3,0,4119
13307,1061,objective_updated,999.46,3,0,1,4119
13308,1061,objective_updated,1044.36,4,1,0,4119
13309,1061,objective_updated,1111.09,4,0,1,4119
13310,1062,objective_updated,0,1,0,1,
13311,1062,objective_updated,260.7,2,1,2,
13312,1062,objective_updated,510.72,3,2,0,
13313,1062,objective_updated,176.72,1,0,1,
13314,1062,objective_updated,274.71,1,1,2,
13315,1062,objective_updated,361.59,1,2,3,
13316,1062,objective_updated,361.61,2,3,0,
13317,1062,objective_updated,436.33,2,0,1,
13318,1062,objective_updated,522.95,2,1,2,
13319,1062,objective_updated,602.18,2,2,3,
13320,1062,objective_updated,177.65,1,0,1,4123
13321,1062,objective_updated,408.2,2,1,0,4123
13322,1062,objective_updated,469.93,2,0,1,4123
13323,1062,objective_updated,708.6,2,1,2,4123
13324,1062,objective_updated,907.51,2,2,3,4123
13325,1062,objective_updated,175.05,2,0,4,4124
13326,1062,objective_updated,314.64,3,4,3,4124
13327,1062,objective_updated,471.03,4,3,1,4124
13328,1062,objective_updated,596.07,5,1,2,4124
13329,1062,objective_updated,0,1,0,2,4125
13330,1062,objective_updated,53.93,1,2,3,4125
13331,1062,objective_updated,122.3,1,3,2,4125
13332,1062,objective_updated,183.38,1,2,1,4125
13333,1062,objective_updated,245.93,1,1,0,4125
13334,1062,objective_updated,297.41,1,0,1,4125
13335,1062,objective_updated,355.51,1,1,2,4125
13336,1062,objective_updated,407.15,1,2,3,4125
13337,1062,objective_updated,455.52,1,3,4,4125
13338,1062,objective_updated,321.69,2,0,2,4126
13339,1062,objective_updated,502.67,3,2,1,4126
13340,1064,objective_updated,0,1,0,2,4127
13341,1064,objective_updated,220.01,2,2,1,4127
13342,1064,objective_updated,480.46,3,1,0,4127
13343,1063,objective_updated,70.96,1,0,1,4128
13344,1063,objective_updated,394.52,1,1,2,4128
13345,1063,objective_updated,535.11,2,2,0,4128
13346,1063,objective_updated,660.73,2,0,1,4128
13347,1063,objective_updated,0,1,0,2,
13348,1063,objective_updated,220.01,2,2,1,
13349,1063,objective_updated,480.46,3,1,0,
13350,1063,objective_updated,98.36,1,0,1,4130
13351,1063,objective_updated,401.51,1,1,2,4130
13352,1063,objective_updated,507.4,2,2,0,4130
13353,1063,objective_updated,709.79,2,0,1,4130
13354,1063,objective_updated,907.84,2,1,2,4130
13355,1063,objective_updated,1016.12,2,2,3,4130
13356,1063,objective_updated,166.46,2,0,4,4131
13357,1063,objective_updated,288.92,3,4,2,4131
13358,1063,objective_updated,426.52,4,2,1,4131
13359,1063,objective_updated,633.03,5,1,3,4131
13360,1065,objective_updated,291.51,2,0,2,4133
13361,1065,objective_updated,570.35,3,2,1,4133
13362,1065,objective_updated,74.16,1,0,1,4134
13363,1065,objective_updated,252.38,1,1,2,4134
13364,1065,objective_updated,512.77,2,2,0,4134
13365,1065,objective_updated,566.59,2,0,1,4134
13366,1065,objective_updated,774.06,2,1,2,4134
13367,1065,objective_updated,403.27,2,0,1,4135
13368,1065,objective_updated,592,2,1,2,4135
13369,1065,objective_updated,169.82,2,0,1,4136
13370,1065,objective_updated,350.49,3,1,4,4136
13371,1065,objective_updated,500.14,4,4,2,4136
13372,1065,objective_updated,664,5,2,3,4136
13373,1065,objective_updated,789.13,6,3,1,4136
13374,1068,objective_updated,0,1,0,1,4138
13375,1068,objective_updated,232.05,2,1,0,4138
13376,1068,objective_updated,495.4,3,0,2,4138
13377,1068,objective_updated,390.84,2,0,1,
13378,1068,objective_updated,550.84,2,1,2,
13379,1068,objective_updated,750.46,2,2,3,
13380,1068,objective_updated,183.66,1,0,1,
13381,1068,objective_updated,313.99,1,1,2,
13382,1068,objective_updated,550.29,1,2,3,
13383,1068,objective_updated,550.29,2,3,0,
13384,1068,objective_updated,754.22,2,0,1,
13385,1068,objective_updated,202.78,2,0,4,
13386,1068,objective_updated,385.56,3,4,1,
13387,1068,objective_updated,633.83,4,1,2,
13388,1068,objective_updated,827.6,5,2,3,
13389,1068,objective_updated,953.55,6,3,4,
13390,1069,objective_updated,305.09,2,0,2,4143
13391,1069,objective_updated,511.97,3,2,1,4143
13392,1069,objective_updated,176.59,2,0,4,4144
13393,1069,objective_updated,355.96,3,4,2,4144
13394,1069,objective_updated,490.44,4,2,3,4144
13395,1069,objective_updated,655.71,5,3,1,4144
13396,1069,objective_updated,69.2,1,0,1,4145
13397,1069,objective_updated,405.36,1,1,2,4145
13398,1069,objective_updated,508.54,2,2,0,4145
13399,1069,objective_updated,124.95,1,0,1,4147
13400,1069,objective_updated,258.11,1,1,2,4147
13401,1069,objective_updated,480.18,2,2,0,4147
13402,1069,objective_updated,740.48,2,0,1,4147
13403,1069,objective_updated,907.93,2,1,2,4147
13404,1069,objective_updated,174.08,2,0,2,4148
13405,1069,objective_updated,304.69,3,2,1,4148
13406,1069,objective_updated,496.5,4,1,3,4148
13407,1069,objective_updated,701.1,5,3,4,4148
13408,1069,objective_updated,904.62,6,4,0,4148
13409,1070,objective_updated,288.68,2,0,1,4149
13410,1070,objective_updated,451.19,3,1,2,4149
13411,1070,objective_updated,0,1,0,2,4150
13412,1070,objective_updated,51.9,1,2,1,4150
13413,1070,objective_updated,156.23,1,1,0,4150
13414,1070,objective_updated,203.85,1,0,1,4150
13415,1070,objective_updated,245.93,1,1,2,4150
13416,1070,objective_updated,305.84,1,2,1,4150
13417,1070,objective_updated,347.19,1,1,2,4150
13418,1070,objective_updated,426.42,1,2,3,4150
13419,1070,objective_updated,476.8,1,3,2,4150
13420,1070,objective_updated,531.18,1,2,3,4150
13421,1070,objective_updated,255.55,1,0,1,4151
13422,1070,objective_updated,405.66,2,1,0,4151
13423,1070,objective_updated,519.38,2,0,1,4151
13424,1070,objective_updated,657.87,2,1,2,4151
13425,1070,objective_updated,770.22,2,2,3,4151
13426,1070,objective_updated,199.99,2,0,1,4152
13427,1070,objective_updated,384.61,3,1,3,4152
13428,1070,objective_updated,536.73,4,3,4,4152
13429,1070,objective_updated,724.59,5,4,2,4152
13430,1071,objective_updated,63.92,1,0,1,4155
13431,1071,objective_updated,230.58,1,1,2,4155
13432,1071,objective_updated,409.78,1,2,3,4155
13433,1071,objective_updated,409.78,2,3,0,4155
13434,1071,objective_updated,493.11,2,0,1,4155
13435,1071,objective_updated,602.98,2,1,2,4155
13436,1071,objective_updated,841.44,2,2,3,4155
13437,1071,objective_updated,0,1,0,2,4156
13438,1071,objective_updated,129.66,1,2,3,4156
13439,1071,objective_updated,216.4,1,3,4,4156
13440,1071,objective_updated,278.41,1,4,3,4156
13441,1071,objective_updated,391.02,1,3,4,4156
13442,1071,objective_updated,477.7,1,4,3,4156
13443,1071,objective_updated,552.37,1,3,2,4156
13444,1071,objective_updated,713.63,1,2,3,4156
13445,1071,objective_updated,0,1,0,1,4157
13446,1071,objective_updated,281.38,2,1,0,4157
13447,1071,objective_updated,503.99,3,0,2,4157
13448,1072,objective_updated,0,1,0,2,4158
13449,1072,objective_updated,209.58,2,2,1,4158
13450,1072,objective_updated,466.08,3,1,0,4158
13451,1072,objective_updated,180.01,2,0,1,
13452,1072,objective_updated,371.73,3,1,3,
13453,1072,objective_updated,502.75,4,3,4,
13454,1072,objective_updated,630.15,5,4,2,
13455,1072,objective_updated,365.7,2,0,1,
13456,1072,objective_updated,632.09,2,1,2,
13457,1072,objective_updated,0,1,0,2,
13458,1072,objective_updated,58.17,1,2,1,
13459,1072,objective_updated,117.13,1,1,2,
13460,1072,objective_updated,307.46,1,2,3,
13461,1072,objective_updated,352.57,1,3,2,
13462,1072,objective_updated,398.59,1,2,3,
13463,1072,objective_updated,456.82,1,3,4,
13464,1072,objective_updated,555.1,1,4,3,
13465,1072,objective_updated,599.56,1,3,4,
13466,1072,objective_updated,335.76,2,0,1,4163
13467,1072,objective_updated,510.82,3,1,2,4163
13468,1075,objective_updated,350.54,2,0,1,4164
13469,1075,objective_updated,666.53,3,1,2,4164
13470,1075,objective_updated,134.35,2,0,1,4165
13471,1075,objective_updated,338.28,3,1,2,4165
13472,1075,objective_updated,513.57,4,2,4,4165
13473,1075,objective_updated,716.51,5,4,3,4165
13474,1075,objective_updated,901.42,6,3,1,4165
13475,1075,objective_updated,0,1,0,2,4168
13476,1075,objective_updated,75.23,1,2,1,4168
13477,1075,objective_updated,133.53,1,1,0,4168
13478,1075,objective_updated,185.6,1,0,1,4168
13479,1075,objective_updated,229.75,1,1,0,4168
13480,1075,objective_updated,369.08,1,0,1,4168
13481,1075,objective_updated,444.48,1,1,2,4168
13482,1075,objective_updated,530.47,1,2,1,4168
13483,1075,objective_updated,448.38,2,0,1,4169
13487,1077,objective_updated,0,1,0,1,4171
13488,1077,objective_updated,218.08,2,1,0,4171
13489,1077,objective_updated,388.78,3,0,2,4171
13490,1077,objective_updated,34.08,1,0,1,4172
13491,1077,objective_updated,145.02,1,1,2,4172
13492,1077,objective_updated,208.99,1,2,3,4172
13493,1077,objective_updated,208.99,2,3,0,4172
13494,1077,objective_updated,250.84,2,0,1,4172
13495,1077,objective_updated,483.94,2,1,2,4172
13496,1077,objective_updated,574.17,2,2,3,4172
13497,1077,objective_updated,574.19,3,3,0,4172
13501,1077,objective_updated,176.01,1,0,1,4175
13502,1077,objective_updated,390.18,2,1,0,4175
13503,1077,objective_updated,134.14,2,0,1,4176
13504,1077,objective_updated,338.86,3,1,2,4176
13505,1077,objective_updated,466.24,4,2,3,4176
13506,1077,objective_updated,581.79,5,3,4,4176
13507,1077,objective_updated,747.27,6,4,3,4176
13508,1077,objective_updated,0,1,0,2,4177
13509,1077,objective_updated,65.93,1,2,1,4177
13510,1077,objective_updated,142.83,1,1,0,4177
13511,1077,objective_updated,210.17,1,0,1,4177
13512,1077,objective_updated,256.29,1,1,0,4177
13513,1077,objective_updated,308.91,1,0,1,4177
13514,1077,objective_updated,354.25,1,1,2,4177
13515,1077,objective_updated,405.57,1,2,1,4177
13516,1079,objective_updated,189.39,2,0,1,4178
13517,1079,objective_updated,448.27,3,1,2,4178
13518,1079,objective_updated,152.56,2,0,2,
13519,1079,objective_updated,271.34,3,2,3,
13520,1079,objective_updated,504.55,4,3,1,
13521,1079,objective_updated,720.48,5,1,4,
13522,1079,objective_updated,382.37,2,0,1,4180
13523,1079,objective_updated,482.83,2,1,2,4180
13524,1079,objective_updated,592.94,2,2,3,4180
13525,1079,objective_updated,0,1,0,2,4181
13526,1079,objective_updated,47.66,1,2,3,4181
13527,1079,objective_updated,151.65,1,3,4,4181
13528,1079,objective_updated,236.28,1,4,3,4181
13529,1079,objective_updated,297.04,1,3,4,4181
13530,1079,objective_updated,339.34,1,4,3,4181
13531,1079,objective_updated,389.2,1,3,4,4181
13532,1079,objective_updated,434.91,1,4,3,4181
13533,1079,objective_updated,485.98,1,3,4,4181
13534,1079,objective_updated,421.61,2,0,1,4182
13535,1079,objective_updated,595.36,2,1,2,4182
13536,1079,objective_updated,685.61,2,2,3,4182
13544,1080,objective_updated,74.64,1,0,1,4186
13545,1080,objective_updated,286.81,1,1,2,4186
13546,1080,objective_updated,462.19,1,2,3,4186
13547,1080,objective_updated,462.19,2,3,0,4186
13548,1080,objective_updated,650.24,2,0,1,4186
13549,1080,objective_updated,918.38,2,1,2,4186
13550,1080,objective_updated,169.16,1,0,1,4188
13551,1080,objective_updated,367.69,1,1,2,4188
13552,1080,objective_updated,480.24,2,2,0,4188
13553,1080,objective_updated,190.96,2,0,2,4189
13554,1080,objective_updated,365.64,3,2,3,4189
13555,1080,objective_updated,511.45,4,3,4,4189
13556,1080,objective_updated,636.93,5,4,1,4189
13557,1080,objective_updated,837.04,6,1,4,4189
13558,1081,objective_updated,0,1,0,2,4190
13559,1081,objective_updated,51.87,1,2,3,4190
13560,1081,objective_updated,103.37,1,3,4,4190
13561,1081,objective_updated,150.5,1,4,3,4190
13562,1081,objective_updated,198.92,1,3,2,4190
13563,1081,objective_updated,241.51,1,2,1,4190
13564,1081,objective_updated,313.79,1,1,0,4190
13565,1081,objective_updated,358.25,1,0,1,4190
13566,1081,objective_updated,454.26,1,1,2,4190
13567,1081,objective_updated,522.94,1,2,1,4190
13568,1082,objective_updated,0,1,0,2,4191
13569,1082,objective_updated,176.54,2,2,1,4191
13570,1082,objective_updated,435.16,3,1,0,4191
13571,1082,objective_updated,187.35,1,0,1,4192
13572,1082,objective_updated,411.43,2,1,0,4192
13573,1082,objective_updated,489.22,2,0,1,4192
13574,1082,objective_updated,724.47,2,1,2,4192
13575,1082,objective_updated,63.41,1,0,1,4193
13576,1082,objective_updated,254.62,1,1,2,4193
13577,1082,objective_updated,499.18,2,2,0,4193
13578,1082,objective_updated,539.56,2,0,1,4193
13579,1082,objective_updated,744.84,2,1,2,4193
13580,1082,objective_updated,805.8,2,2,3,4193
13581,1082,objective_updated,170.6,2,0,2,4194
13582,1082,objective_updated,299.91,3,2,4,4194
13583,1082,objective_updated,499.14,4,4,1,4194
13584,1082,objective_updated,613.52,5,1,3,4194
13585,1082,objective_updated,0,1,0,1,4196
13586,1082,objective_updated,185.65,2,1,0,4196
13587,1082,objective_updated,382.28,3,0,2,4196
13588,1081,objective_updated,155.88,2,0,2,4198
13589,1081,objective_updated,343.19,3,2,1,4198
13590,1081,objective_updated,521.37,4,1,3,4198
13591,1081,objective_updated,650.02,5,3,4,4198
13592,1081,objective_updated,865.32,6,4,2,4198
13593,1081,objective_updated,62.13,1,0,1,4199
13594,1081,objective_updated,373.81,1,1,2,4199
13595,1081,objective_updated,495.5,1,2,3,4199
13596,1081,objective_updated,495.5,2,3,0,4199
13597,1081,objective_updated,549.54,2,0,1,4199
13598,1081,objective_updated,0,1,0,1,4200
13599,1081,objective_updated,202.04,2,1,2,4200
13600,1081,objective_updated,464.08,3,2,0,4200
13621,1084,objective_updated,0,1,0,1,4207
13622,1084,objective_updated,156.24,2,1,2,4207
13623,1084,objective_updated,379.88,3,2,0,4207
13624,1084,objective_updated,67.58,1,0,1,4208
13625,1084,objective_updated,284.89,1,1,2,4208
13626,1084,objective_updated,411.29,1,2,3,4208
13627,1084,objective_updated,411.29,2,3,0,4208
13628,1084,objective_updated,469.1,2,0,1,4208
13629,1084,objective_updated,585.24,2,1,2,4208
13630,1084,objective_updated,646.99,2,2,3,4208
13631,1084,objective_updated,647,3,3,0,4208
13632,1084,objective_updated,130.39,1,0,1,4209
13633,1084,objective_updated,232.64,1,1,2,4209
13634,1084,objective_updated,515.82,2,2,0,4209
13635,1084,objective_updated,742.05,2,0,1,4209
13636,1084,objective_updated,946.75,2,1,2,4209
13637,1084,objective_updated,165.03,2,0,1,4210
13638,1084,objective_updated,283.71,3,1,2,4210
13639,1084,objective_updated,490.84,4,2,4,4210
13640,1084,objective_updated,721.43,5,4,3,4210
13641,1084,objective_updated,918.02,6,3,2,4210
13642,1084,objective_updated,0,1,0,2,4212
13643,1084,objective_updated,45.49,1,2,1,4212
13644,1084,objective_updated,86.2,1,1,0,4212
13645,1084,objective_updated,133.87,1,0,1,4212
13646,1084,objective_updated,218.85,1,1,0,4212
13647,1084,objective_updated,262.28,1,0,1,4212
13648,1084,objective_updated,500.55,1,1,0,4212
13649,1084,objective_updated,546.23,1,0,1,4212
13650,1084,objective_updated,607.83,1,1,2,4212
13651,1084,objective_updated,671.49,1,2,3,4212
13652,1085,objective_updated,0,1,0,1,4213
13653,1085,objective_updated,220.89,2,1,0,4213
13654,1085,objective_updated,501.51,3,0,2,4213
13658,1086,objective_updated,81.82,1,0,1,4215
13659,1086,objective_updated,236.13,1,1,2,4215
13660,1086,objective_updated,310.94,1,2,3,4215
13661,1086,objective_updated,310.96,2,3,0,4215
13662,1086,objective_updated,399.87,2,0,1,4215
13663,1086,objective_updated,645.01,2,1,2,4215
13664,1086,objective_updated,120.59,2,0,2,4216
13665,1086,objective_updated,280.79,3,2,3,4216
13666,1086,objective_updated,418.35,4,3,4,4216
13667,1086,objective_updated,542.05,5,4,1,4216
13668,1086,objective_updated,47.09,1,0,1,4217
13669,1086,objective_updated,142.91,1,1,2,4217
13670,1086,objective_updated,291.24,1,2,3,4217
13671,1086,objective_updated,291.24,2,3,0,4217
13672,1086,objective_updated,507.28,2,0,1,4217
13682,1086,objective_updated,261.84,2,0,1,4220
13683,1086,objective_updated,431.03,3,1,2,4220
13684,1087,objective_updated,328.05,2,0,1,4221
13685,1087,objective_updated,434.53,2,1,2,4221
13686,1087,objective_updated,663.96,2,2,3,4221
13698,1087,objective_updated,33.39,1,0,1,4226
13699,1087,objective_updated,390.14,2,1,0,4226
13700,1087,objective_updated,442.45,2,0,1,4226
13701,1087,objective_updated,589.66,2,1,2,4226
13702,1087,objective_updated,665.71,2,2,3,4226
13703,1088,objective_updated,0,1,0,2,4227
13704,1088,objective_updated,263.95,2,2,1,4227
13705,1088,objective_updated,513.42,3,1,0,4227
13706,1088,objective_updated,83.6,1,0,1,4228
13707,1088,objective_updated,300.56,1,1,2,4228
13708,1088,objective_updated,391.68,1,2,3,4228
13709,1088,objective_updated,391.69,2,3,0,4228
13710,1088,objective_updated,494.49,2,0,1,4228
13711,1088,objective_updated,719.08,2,1,2,4228
13712,1088,objective_updated,124.22,2,0,2,4229
13713,1088,objective_updated,245.08,3,2,3,4229
13714,1088,objective_updated,477.58,4,3,4,4229
13715,1088,objective_updated,627.09,5,4,1,4229
13716,1088,objective_updated,124.22,2,0,2,4230
13717,1088,objective_updated,245.08,3,2,3,4230
13718,1088,objective_updated,477.58,4,3,4,4230
13719,1088,objective_updated,627.09,5,4,1,4230
13720,1088,objective_updated,124.22,2,0,2,4231
13721,1088,objective_updated,245.08,3,2,3,4231
13722,1088,objective_updated,477.58,4,3,4,4231
13723,1088,objective_updated,627.09,5,4,1,4231
13724,1088,objective_updated,124.22,2,0,2,4232
13725,1088,objective_updated,245.08,3,2,3,4232
13726,1088,objective_updated,477.58,4,3,4,4232
13727,1088,objective_updated,627.09,5,4,1,4232
13734,1088,objective_updated,124.22,2,0,2,4234
13735,1088,objective_updated,245.08,3,2,3,4234
13736,1088,objective_updated,477.58,4,3,4,4234
13737,1088,objective_updated,627.09,5,4,1,4234
13738,1088,objective_updated,124.22,2,0,2,4235
13739,1088,objective_updated,245.08,3,2,3,4235
13740,1088,objective_updated,477.58,4,3,4,4235
13741,1088,objective_updated,627.09,5,4,1,4235
13742,1088,objective_updated,124.22,2,0,2,4236
13743,1088,objective_updated,245.08,3,2,3,4236
13744,1088,objective_updated,477.58,4,3,4,4236
13745,1088,objective_updated,627.09,5,4,1,4236
13746,1088,objective_updated,124.22,2,0,2,4237
13747,1088,objective_updated,245.08,3,2,3,4237
13748,1088,objective_updated,477.58,4,3,4,4237
13749,1088,objective_updated,627.09,5,4,1,4237
13750,1088,objective_updated,124.22,2,0,2,4238
13751,1088,objective_updated,245.08,3,2,3,4238
13752,1088,objective_updated,477.58,4,3,4,4238
13753,1088,objective_updated,627.09,5,4,1,4238
13754,1088,objective_updated,0,1,0,2,4240
13755,1088,objective_updated,97.76,1,2,1,4240
13756,1088,objective_updated,146.51,1,1,0,4240
13757,1088,objective_updated,196.89,1,0,1,4240
13758,1088,objective_updated,247.27,1,1,2,4240
13759,1088,objective_updated,360.63,1,2,3,4240
13760,1088,objective_updated,425.29,1,3,4,4240
13761,1088,objective_updated,469.68,1,4,3,4240
13762,1088,objective_updated,526.09,1,3,4,4240
13763,1089,objective_updated,0,1,0,1,4242
13764,1089,objective_updated,162.52,2,1,2,4242
13765,1089,objective_updated,385.48,3,2,0,4242
13766,1089,objective_updated,91.23,1,0,1,4243
13767,1089,objective_updated,194.2,1,1,2,4243
13768,1089,objective_updated,276.71,1,2,3,4243
13769,1089,objective_updated,276.72,2,3,0,4243
13770,1089,objective_updated,91.23,1,0,1,4244
13771,1089,objective_updated,194.2,1,1,2,4244
13772,1089,objective_updated,276.71,1,2,3,4244
13773,1089,objective_updated,276.72,2,3,0,4244
13774,1089,objective_updated,200.15,2,0,4,4245
13775,1089,objective_updated,319.65,3,4,2,4245
13776,1089,objective_updated,434.34,4,2,3,4245
13777,1089,objective_updated,635.58,5,3,1,4245
13778,1089,objective_updated,762.66,6,1,2,4245
13779,1089,objective_updated,0,1,0,2,4246
13780,1089,objective_updated,47.07,1,2,1,4246
13781,1089,objective_updated,88.38,1,1,0,4246
13782,1089,objective_updated,181.12,1,0,1,4246
13783,1089,objective_updated,259.8,1,1,0,4246
13784,1089,objective_updated,70.38,1,0,1,4247
13785,1089,objective_updated,149.57,1,1,2,4247
13786,1089,objective_updated,294.45,1,2,3,4247
13787,1089,objective_updated,294.45,2,3,0,4247
13788,1089,objective_updated,91.23,1,0,1,4248
13789,1089,objective_updated,194.2,1,1,2,4248
13790,1089,objective_updated,276.71,1,2,3,4248
13791,1089,objective_updated,276.72,2,3,0,4248
13792,1089,objective_updated,91.23,1,0,1,4249
13793,1089,objective_updated,194.2,1,1,2,4249
13794,1089,objective_updated,276.71,1,2,3,4249
13795,1089,objective_updated,276.72,2,3,0,4249
13796,1089,objective_updated,91.23,1,0,1,4250
13797,1089,objective_updated,194.2,1,1,2,4250
13798,1089,objective_updated,276.71,1,2,3,4250
13799,1089,objective_updated,276.72,2,3,0,4250
13800,1088,objective_updated,329.44,2,0,1,4251
13801,1088,objective_updated,649.74,3,1,2,4251
13802,1090,objective_updated,130.92,1,0,1,4252
13803,1090,objective_updated,324.97,1,1,2,4252
13804,1090,objective_updated,485.18,2,2,0,4252
13805,1090,objective_updated,550.96,2,0,1,4252
13806,1090,objective_updated,644.41,2,1,2,4252
13807,1090,objective_updated,714.44,2,2,3,4252
13808,1090,objective_updated,130.99,2,0,4,4253
13809,1090,objective_updated,311.34,3,4,3,4253
13810,1090,objective_updated,521.25,4,3,2,4253
13811,1090,objective_updated,674.37,5,2,1,4253
13817,1092,objective_updated,74.88,1,0,1,4257
13818,1092,objective_updated,181.5,1,1,2,4257
13819,1092,objective_updated,373.3,1,2,3,4257
13820,1092,objective_updated,373.3,2,3,0,4257
13821,1092,objective_updated,179.55,2,0,1,4258
13822,1092,objective_updated,310.66,3,1,2,4258
13823,1092,objective_updated,425.9,4,2,3,4258
13824,1092,objective_updated,622.42,5,3,4,4258
13825,1092,objective_updated,56.8,1,0,1,4259
13826,1092,objective_updated,167.39,1,1,2,4259
13827,1092,objective_updated,311.76,1,2,3,4259
13828,1092,objective_updated,311.76,2,3,0,4259
13829,1092,objective_updated,560.37,2,0,1,4259
13830,1092,objective_updated,736.36,2,1,2,4259
13831,1092,objective_updated,838.12,2,2,3,4259
13832,1093,objective_updated,112.46,1,0,1,4262
13833,1093,objective_updated,279.11,1,1,2,4262
13834,1093,objective_updated,490.95,2,2,0,4262
13835,1093,objective_updated,288.93,2,0,2,4263
13836,1094,objective_updated,0,1,0,2,4264
13837,1094,objective_updated,244.33,2,2,1,4264
13838,1094,objective_updated,402.29,3,1,0,4264
13839,1094,objective_updated,84.33,1,0,1,4265
13840,1094,objective_updated,174.38,1,1,2,4265
13841,1094,objective_updated,281.26,1,2,3,4265
13842,1094,objective_updated,281.28,2,3,0,4265
13843,1094,objective_updated,541.78,2,0,1,4265
13844,1094,objective_updated,145.58,2,0,3,4266
13845,1094,objective_updated,289.04,3,3,1,4266
13846,1094,objective_updated,496.85,4,1,4,4266
13847,1094,objective_updated,711.33,5,4,2,4266
13848,1094,objective_updated,50.54,1,0,1,4267
13849,1094,objective_updated,271.63,1,1,2,4267
13850,1094,objective_updated,412.32,1,2,3,4267
13851,1094,objective_updated,412.34,2,3,0,4267
13852,1094,objective_updated,458.22,2,0,1,4267
13853,1095,objective_updated,322.8,2,0,2,4269
13854,1095,objective_updated,619,3,2,1,4269
13855,1095,objective_updated,76.69,1,0,1,4270
13856,1095,objective_updated,258.91,1,1,2,4270
13857,1095,objective_updated,321.07,1,2,3,4270
13858,1095,objective_updated,321.08,2,3,0,4270
13859,1095,objective_updated,484.81,2,0,1,4270
13860,1095,objective_updated,608.24,2,1,2,4270
13861,1095,objective_updated,750.66,2,2,3,4270
13862,1095,objective_updated,127.53,2,0,4,4271
13863,1095,objective_updated,274.97,3,4,2,4271
13864,1095,objective_updated,500.58,4,2,1,4271
13865,1095,objective_updated,693.06,5,1,3,4271
13866,1095,objective_updated,836.51,6,3,1,4271
13867,1095,objective_updated,106.38,1,0,1,4273
13868,1095,objective_updated,253.44,1,1,2,4273
13869,1095,objective_updated,500.27,2,2,0,4273
13870,1095,objective_updated,606.55,2,0,1,4273
13871,1095,objective_updated,0,1,0,2,4274
13872,1095,objective_updated,99.61,1,2,1,4274
13873,1095,objective_updated,216.8,1,1,2,4274
13874,1095,objective_updated,263.08,1,2,1,4274
13875,1095,objective_updated,314.86,1,1,2,4274
13876,1095,objective_updated,395.03,1,2,3,4274
13877,1095,objective_updated,437,1,3,2,4274
13878,1095,objective_updated,476.74,1,2,1,4274
13879,1095,objective_updated,526,1,1,2,4274
13880,1095,objective_updated,579.31,1,2,3,4274
13885,1096,objective_updated,236.04,2,0,2,4277
13886,1096,objective_updated,394.01,3,2,1,4277
13889,1096,objective_updated,68.25,1,0,1,4279
13890,1096,objective_updated,358.49,1,1,2,4279
13891,1096,objective_updated,490.84,2,2,0,4279
13892,1096,objective_updated,540.23,2,0,1,4279
13893,1096,objective_updated,741.62,2,1,2,4279
13894,1096,objective_updated,885.64,2,2,3,4279
13895,1096,objective_updated,68.25,1,0,1,4280
13896,1096,objective_updated,358.49,1,1,2,4280
13897,1096,objective_updated,490.84,2,2,0,4280
13898,1096,objective_updated,540.23,2,0,1,4280
13899,1096,objective_updated,741.62,2,1,2,4280
13900,1096,objective_updated,885.64,2,2,3,4280
13901,1096,objective_updated,142.08,2,0,3,4282
13902,1096,objective_updated,271.64,3,3,4,4282
13903,1096,objective_updated,460.62,4,4,2,4282
13904,1096,objective_updated,666.92,5,2,1,4282
13905,1096,objective_updated,792.11,6,1,4,4282
13906,1096,objective_updated,0,1,0,2,4283
13907,1096,objective_updated,40.64,1,2,1,4283
13908,1096,objective_updated,83.64,1,1,2,4283
13909,1096,objective_updated,132.2,1,2,3,4283
13910,1096,objective_updated,213.28,1,3,2,4283
13911,1096,objective_updated,275.94,1,2,3,4283
13912,1096,objective_updated,352.22,1,3,2,4283
13913,1096,objective_updated,397.7,1,2,3,4283
13914,1096,objective_updated,472.73,1,3,2,4283
13915,1096,objective_updated,528.18,1,2,1,4283
13916,1096,objective_updated,377.24,2,0,1,4284
13917,1096,objective_updated,586.07,2,1,2,4284
13918,1097,objective_updated,199.99,2,0,1,4285
13919,1097,objective_updated,320.68,3,1,3,4285
13920,1097,objective_updated,516.21,4,3,2,4285
13921,1097,objective_updated,685.18,5,2,4,4285
13922,1097,objective_updated,885.32,6,4,0,4285
13923,1097,objective_updated,57.41,1,0,1,4286
13924,1097,objective_updated,258.24,1,1,2,4286
13925,1097,objective_updated,460.48,1,2,3,4286
13926,1097,objective_updated,460.48,2,3,0,4286
13927,1097,objective_updated,561.64,2,0,1,4286
13928,1097,objective_updated,654.07,2,1,2,4286
13929,1097,objective_updated,807,2,2,3,4286
13930,1097,objective_updated,283.38,2,0,1,4288
13931,1097,objective_updated,590.22,3,1,2,4288
13935,1098,objective_updated,482.28,2,0,1,4291
13936,1098,objective_updated,104.04,1,0,1,4292
13937,1098,objective_updated,228.55,1,1,2,4292
13938,1098,objective_updated,420.42,1,2,3,4292
13939,1098,objective_updated,420.42,2,3,0,4292
13940,1098,objective_updated,494.64,2,0,1,4292
13941,1098,objective_updated,656.93,2,1,2,4292
13942,1098,objective_updated,914.35,2,2,3,4292
13943,1098,objective_updated,482.28,2,0,1,4293
13944,1098,objective_updated,98.96,1,0,1,4294
13945,1098,objective_updated,283.12,1,1,2,4294
13946,1098,objective_updated,485.19,2,2,0,4294
13947,1098,objective_updated,568.13,2,0,1,4294
13948,1098,objective_updated,783.28,2,1,2,4294
13949,1098,objective_updated,939.27,2,2,3,4294
13950,1098,objective_updated,97.92,1,0,1,4295
13951,1098,objective_updated,225.46,1,1,2,4295
13952,1098,objective_updated,409.44,1,2,3,4295
13953,1098,objective_updated,409.44,2,3,0,4295
13954,1098,objective_updated,571.48,2,0,1,4295
13955,1098,objective_updated,820.06,2,1,2,4295
13977,1101,objective_updated,79.36,1,0,1,4303
13978,1101,objective_updated,409.01,2,1,0,4303
13979,1101,objective_updated,560.64,2,0,1,4303
13980,1101,objective_updated,702.05,2,1,2,4303
13981,1101,objective_updated,790.46,2,2,3,4303
13982,1101,objective_updated,420.21,2,0,1,4305
13983,1101,objective_updated,620.53,2,1,2,4305
13984,1101,objective_updated,783.79,2,2,3,4305
13995,1101,objective_updated,190.39,2,0,1,4307
13996,1101,objective_updated,445.87,3,1,2,4307
13997,1101,objective_updated,646.34,4,2,3,4307
13998,1101,objective_updated,770.72,5,3,4,4307
13999,1101,objective_updated,950.14,6,4,1,4307
14015,1102,objective_updated,229.79,2,0,2,4310
14016,1102,objective_updated,463.71,3,2,1,4310
14017,1102,objective_updated,61.42,1,0,1,4311
14018,1102,objective_updated,211.76,1,1,2,4311
14019,1102,objective_updated,341.3,1,2,3,4311
14020,1102,objective_updated,341.3,2,3,0,4311
14021,1102,objective_updated,449.37,2,0,1,4311
14022,1102,objective_updated,672.15,2,1,2,4311
14023,1102,objective_updated,75.77,1,0,1,4312
14024,1102,objective_updated,212.71,1,1,2,4312
14025,1102,objective_updated,501.43,2,2,0,4312
14026,1102,objective_updated,638.36,2,0,1,4312
14027,1102,objective_updated,823.74,2,1,2,4312
14028,1102,objective_updated,133.6,2,0,3,4313
14029,1102,objective_updated,268.54,3,3,2,4313
14030,1102,objective_updated,390.67,4,2,1,4313
14031,1102,objective_updated,532.79,5,1,4,4313
14032,1102,objective_updated,675.7,6,4,2,4313
14033,1103,objective_updated,0,1,0,2,4315
14034,1103,objective_updated,178.62,2,2,1,4315
14035,1103,objective_updated,345.43,3,1,0,4315
14052,1103,objective_updated,0,1,0,2,4319
14053,1103,objective_updated,73.92,1,2,1,4319
14054,1103,objective_updated,116.52,1,1,2,4319
14055,1103,objective_updated,189.99,1,2,1,4319
14056,1103,objective_updated,333.23,1,1,0,4319
14057,1103,objective_updated,379.73,1,0,1,4319
14058,1103,objective_updated,427.59,1,1,0,4319
14059,1103,objective_updated,473.01,1,0,1,4319
14060,1103,objective_updated,588.35,1,1,2,4319
14061,1103,objective_updated,632.71,1,2,3,4319
14068,1103,objective_updated,198.28,2,0,3,4321
14069,1103,objective_updated,327.56,3,3,1,4321
14070,1103,objective_updated,469.8,4,1,2,4321
14071,1103,objective_updated,628.77,5,2,4,4321
14072,1103,objective_updated,277.77,1,0,1,4322
14073,1103,objective_updated,392.71,1,1,2,4322
14074,1103,objective_updated,553.41,1,2,3,4322
14075,1103,objective_updated,553.43,2,3,0,4322
14076,1103,objective_updated,617.79,2,0,1,4322
14077,1103,objective_updated,710.43,2,1,2,4322
14078,1103,objective_updated,832.3,2,2,3,4322
14079,1103,objective_updated,832.3,3,3,0,4322
14080,1103,objective_updated,0,1,0,2,4323
14081,1103,objective_updated,73.92,1,2,1,4323
14082,1103,objective_updated,116.52,1,1,2,4323
14083,1103,objective_updated,189.99,1,2,1,4323
14084,1103,objective_updated,333.23,1,1,0,4323
14085,1103,objective_updated,379.73,1,0,1,4323
14086,1103,objective_updated,427.59,1,1,0,4323
14087,1103,objective_updated,473.01,1,0,1,4323
14088,1103,objective_updated,588.35,1,1,2,4323
14089,1103,objective_updated,632.71,1,2,3,4323
14090,1103,objective_updated,0,1,0,2,4324
14091,1103,objective_updated,73.92,1,2,1,4324
14092,1103,objective_updated,116.52,1,1,2,4324
14093,1103,objective_updated,189.99,1,2,1,4324
14094,1103,objective_updated,333.23,1,1,0,4324
14095,1103,objective_updated,379.73,1,0,1,4324
14096,1103,objective_updated,427.59,1,1,0,4324
14097,1103,objective_updated,473.01,1,0,1,4324
14098,1103,objective_updated,588.35,1,1,2,4324
14099,1103,objective_updated,632.71,1,2,3,4324
14100,1104,objective_updated,0,1,0,2,4325
14101,1104,objective_updated,210.25,2,2,1,4325
14102,1104,objective_updated,443.99,3,1,0,4325
14103,1104,objective_updated,45.76,1,0,1,4326
14104,1104,objective_updated,293.94,1,1,2,4326
14105,1104,objective_updated,496.35,2,2,0,4326
14106,1104,objective_updated,91.37,1,0,1,4329
14107,1104,objective_updated,198.55,1,1,2,4329
14108,1104,objective_updated,282.06,1,2,3,4329
14109,1104,objective_updated,282.06,2,3,0,4329
14110,1104,objective_updated,416.97,2,0,1,4329
14111,1104,objective_updated,118.95,2,0,4,4331
14112,1104,objective_updated,343.87,3,4,2,4331
14113,1104,objective_updated,537.41,4,2,3,4331
14114,1104,objective_updated,701.18,5,3,1,4331
14115,1104,objective_updated,0,1,0,2,4332
14116,1104,objective_updated,60.86,1,2,3,4332
14117,1104,objective_updated,203.14,1,3,4,4332
14118,1104,objective_updated,258,1,4,3,4332
14119,1104,objective_updated,346.52,1,3,4,4332
14120,1104,objective_updated,390.36,1,4,3,4332
14121,1104,objective_updated,459.68,1,3,2,4332
14122,1104,objective_updated,502.37,1,2,1,4332
14123,1104,objective_updated,553.8,1,1,0,4332
14155,1106,objective_updated,0,1,0,1,4341
14156,1106,objective_updated,215.12,2,1,2,4341
14157,1106,objective_updated,443.02,3,2,0,4341
14171,1106,objective_updated,179.69,2,0,4,4345
14172,1106,objective_updated,353.59,3,4,1,4345
14173,1106,objective_updated,504.43,4,1,2,4345
14174,1106,objective_updated,630.46,5,2,3,4345
14175,1106,objective_updated,871.43,6,3,0,4345
14176,1106,objective_updated,0,1,0,2,4346
14177,1106,objective_updated,56.83,1,2,3,4346
14178,1106,objective_updated,113.56,1,3,4,4346
14179,1106,objective_updated,171.93,1,4,3,4346
14180,1106,objective_updated,259.2,1,3,2,4346
14181,1106,objective_updated,329.81,1,2,3,4346
14182,1106,objective_updated,373.08,1,3,4,4346
14183,1106,objective_updated,431.4,1,4,3,4346
14184,1106,objective_updated,474.32,1,3,2,4346
14185,1106,objective_updated,548.39,1,2,3,4346
14189,1108,objective_updated,211.16,2,0,2,4348
14190,1108,objective_updated,390.73,3,2,1,4348
14191,1108,objective_updated,77.15,1,0,1,4349
14192,1108,objective_updated,161.08,1,1,2,4349
14193,1108,objective_updated,245.66,1,2,3,4349
14194,1108,objective_updated,245.67,2,3,0,4349
14195,1108,objective_updated,456.93,2,0,1,4349
14196,1108,objective_updated,215.53,2,0,1,4350
14197,1108,objective_updated,352.83,3,1,2,4350
14198,1108,objective_updated,535.23,4,2,3,4350
14199,1108,objective_updated,678.21,5,3,4,4350
14200,1108,objective_updated,913.5,6,4,2,4350
14232,1112,objective_updated,260.24,2,0,1,4360
14233,1112,objective_updated,489.06,3,1,2,4360
14245,1112,objective_updated,180.3,2,0,2,4364
14246,1112,objective_updated,410.92,3,2,4,4364
14247,1112,objective_updated,696.36,4,4,1,4364
14248,1112,objective_updated,824.45,5,1,3,4364
14249,1112,objective_updated,941.36,6,3,0,4364
14250,1112,objective_updated,0,1,0,2,4365
14251,1112,objective_updated,217.45,2,2,1,4365
14252,1112,objective_updated,465.97,3,1,0,4365
14266,1113,objective_updated,126.19,1,0,1,4369
14267,1113,objective_updated,361.45,1,1,2,4369
14268,1113,objective_updated,512.1,2,2,0,4369
14269,1113,objective_updated,565.04,2,0,1,4369
14270,1113,objective_updated,711.08,2,1,2,4369
14271,1113,objective_updated,862.76,2,2,3,4369
14274,1114,objective_updated,158.87,2,0,1,4372
14275,1114,objective_updated,298.5,3,1,4,4372
14276,1114,objective_updated,495.41,4,4,3,4372
14277,1114,objective_updated,704.84,5,3,2,4372
14278,1114,objective_updated,910.61,6,2,0,4372
14279,1115,objective_updated,0,1,0,2,4373
14280,1115,objective_updated,248.95,2,2,1,4373
14281,1115,objective_updated,506.24,3,1,0,4373
14282,1115,objective_updated,73.93,1,0,1,4374
14283,1115,objective_updated,390.15,2,1,0,4374
14284,1115,objective_updated,499.39,2,0,1,4374
14285,1115,objective_updated,787.35,2,1,2,4374
14301,1115,objective_updated,73.93,1,0,1,4378
14302,1115,objective_updated,390.15,2,1,0,4378
14303,1115,objective_updated,499.39,2,0,1,4378
14304,1115,objective_updated,787.35,2,1,2,4378
14305,1116,objective_updated,0,1,0,1,4379
14306,1116,objective_updated,301.01,2,1,0,4379
14307,1116,objective_updated,512.62,3,0,2,4379
14308,1116,objective_updated,78.14,1,0,1,4380
14309,1116,objective_updated,268.7,1,1,2,4380
14310,1116,objective_updated,360.69,1,2,3,4380
14311,1116,objective_updated,360.69,2,3,0,4380
14312,1116,objective_updated,563.93,2,0,1,4380
14313,1116,objective_updated,702.78,2,1,2,4380
14314,1116,objective_updated,194.56,2,0,4,4381
14315,1116,objective_updated,348.61,3,4,2,4381
14316,1116,objective_updated,548.07,4,2,1,4381
14317,1116,objective_updated,683.66,5,1,3,4381
14318,1116,objective_updated,815.73,6,3,4,4381
14319,1116,objective_updated,109.27,1,0,1,4382
14320,1116,objective_updated,218.37,1,1,2,4382
14321,1116,objective_updated,354.52,1,2,3,4382
14322,1116,objective_updated,354.52,2,3,0,4382
14323,1116,objective_updated,417.3,2,0,1,4382
14324,1116,objective_updated,533.05,2,1,2,4382
14325,1116,objective_updated,696.42,2,2,3,4382
14326,1116,objective_updated,171.36,2,0,2,4384
14327,1116,objective_updated,411.31,3,2,1,4384
14328,1116,objective_updated,0,1,0,2,4385
14329,1116,objective_updated,84.16,1,2,3,4385
14330,1116,objective_updated,126.51,1,3,2,4385
14331,1116,objective_updated,170.03,1,2,3,4385
14332,1116,objective_updated,225.54,1,3,2,4385
14333,1116,objective_updated,274.77,1,2,1,4385
14334,1116,objective_updated,336.61,1,1,0,4385
14335,1116,objective_updated,414.88,1,0,1,4385
14336,1116,objective_updated,458.85,1,1,0,4385
14337,1117,objective_updated,0,1,0,2,4386
14338,1117,objective_updated,176.7,2,2,0,4386
14339,1117,objective_updated,489.99,3,0,1,4386
14340,1118,objective_updated,363.97,2,0,1,4387
14341,1118,objective_updated,482.75,2,1,2,4387
14342,1118,objective_updated,630.6,2,2,3,4387
14349,1118,objective_updated,0,1,0,2,4391
14350,1118,objective_updated,116.91,1,2,1,4391
14351,1118,objective_updated,193.81,1,1,2,4391
14352,1118,objective_updated,236.68,1,2,3,4391
14353,1118,objective_updated,327.43,1,3,4,4391
14354,1118,objective_updated,371.67,1,4,3,4391
14355,1118,objective_updated,472.57,1,3,2,4391
14356,1118,objective_updated,571.11,1,2,3,4391
14357,1118,objective_updated,633.98,1,3,4,4391
14364,1120,objective_updated,79.18,1,0,1,4394
14365,1120,objective_updated,311.59,1,1,2,4394
14366,1120,objective_updated,504.64,2,2,0,4394
14367,1120,objective_updated,664.23,2,0,1,4394
14368,1120,objective_updated,749.02,2,1,2,4394
14369,1120,objective_updated,851.01,2,2,3,4394
14376,1120,objective_updated,128.99,2,0,2,4397
14377,1120,objective_updated,266.47,3,2,4,4397
14378,1120,objective_updated,473.34,4,4,3,4397
14379,1120,objective_updated,588.29,5,3,1,4397
14380,1120,objective_updated,0,1,0,2,4398
14381,1120,objective_updated,50.49,1,2,1,4398
14382,1120,objective_updated,121.48,1,1,0,4398
14383,1120,objective_updated,172.17,1,0,1,4398
14384,1120,objective_updated,236.89,1,1,2,4398
14385,1120,objective_updated,297.59,1,2,1,4398
14386,1120,objective_updated,366.23,1,1,0,4398
14387,1120,objective_updated,421.74,1,0,1,4398
14388,1120,objective_updated,479.82,1,1,0,4398
14393,1120,objective_updated,0,1,0,1,4400
14394,1120,objective_updated,201.54,2,1,2,4400
14395,1120,objective_updated,537.41,3,2,0,4400
14396,1121,objective_updated,121.05,2,0,1,4401
14397,1121,objective_updated,316.08,3,1,3,4401
14398,1121,objective_updated,469.94,4,3,4,4401
14399,1121,objective_updated,589.7,5,4,2,4401
14400,1121,objective_updated,281.29,1,0,1,4402
14401,1121,objective_updated,453.23,1,1,2,4402
14402,1121,objective_updated,566.4,2,2,0,4402
14403,1121,objective_updated,762.9,2,0,1,4402
14404,1121,objective_updated,0,1,0,1,4403
14405,1121,objective_updated,316.03,2,1,0,4403
14406,1121,objective_updated,556.23,3,0,2,4403
14407,1121,objective_updated,271.31,1,0,1,4404
14408,1121,objective_updated,347.41,1,1,2,4404
14409,1121,objective_updated,498.17,1,2,3,4404
14410,1121,objective_updated,498.17,2,3,0,4404
14411,1121,objective_updated,634.25,2,0,1,4404
14412,1121,objective_updated,865.99,2,1,2,4404
14413,1121,objective_updated,963.04,2,2,3,4404
14414,1121,objective_updated,0,1,0,1,4405
14415,1121,objective_updated,293.29,2,1,0,4405
14416,1121,objective_updated,502.99,3,0,2,4405
14420,1122,objective_updated,0,1,0,2,4407
14421,1122,objective_updated,221.47,2,2,0,4407
14422,1122,objective_updated,465.74,3,0,1,4407
14423,1122,objective_updated,144.37,2,0,4,4408
14424,1122,objective_updated,378.66,3,4,2,4408
14425,1122,objective_updated,562.72,4,2,3,4408
14426,1122,objective_updated,730.48,5,3,1,4408
14427,1122,objective_updated,203.01,1,0,1,4409
14428,1122,objective_updated,310.21,1,1,2,4409
14429,1122,objective_updated,494.26,1,2,3,4409
14430,1122,objective_updated,494.27,2,3,0,4409
14431,1122,objective_updated,594.42,2,0,1,4409
14442,1123,objective_updated,200.28,2,0,2,4414
14443,1123,objective_updated,368.7,3,2,3,4414
14444,1123,objective_updated,614.88,4,3,1,4414
14445,1123,objective_updated,812.12,5,1,4,4414
14446,1123,objective_updated,975.1,6,4,2,4414
14447,1123,objective_updated,123.53,1,0,1,4415
14448,1123,objective_updated,297.99,1,1,2,4415
14449,1123,objective_updated,531.38,1,2,3,4415
14450,1123,objective_updated,531.38,2,3,0,4415
14451,1123,objective_updated,604.61,2,0,1,4415
14452,1123,objective_updated,768.44,2,1,2,4415
14453,1123,objective_updated,837.18,2,2,3,4415
14454,1123,objective_updated,128.12,1,0,1,4416
14455,1123,objective_updated,326.43,1,1,2,4416
14456,1123,objective_updated,492.06,2,2,0,4416
14457,1123,objective_updated,634.84,2,0,1,4416
14458,1123,objective_updated,709.48,2,1,2,4416
14459,1123,objective_updated,890.95,2,2,3,4416
14460,1123,objective_updated,0,1,0,2,4418
14461,1123,objective_updated,44.86,1,2,1,4418
14462,1123,objective_updated,92.99,1,1,2,4418
14463,1123,objective_updated,133.23,1,2,3,4418
14464,1123,objective_updated,187.35,1,3,2,4418
14465,1123,objective_updated,319.77,1,2,3,4418
14466,1123,objective_updated,401.29,1,3,4,4418
14467,1123,objective_updated,547,1,4,3,4418
14468,1123,objective_updated,625.87,1,3,4,4418
14471,1124,objective_updated,190.98,2,0,2,4420
14472,1124,objective_updated,461.77,3,2,1,4420
14473,1124,objective_updated,125.8,1,0,1,4421
14474,1124,objective_updated,313.83,1,1,2,4421
14475,1124,objective_updated,519.25,1,2,3,4421
14476,1124,objective_updated,519.25,2,3,0,4421
14477,1124,objective_updated,681.3,2,0,1,4421
14478,1124,objective_updated,798.76,2,1,2,4421
14479,1124,objective_updated,971.94,2,2,3,4421
14480,1124,objective_updated,971.94,3,3,0,4421
14493,1124,objective_updated,133.43,1,0,1,4425
14494,1124,objective_updated,298.12,1,1,2,4425
14495,1124,objective_updated,429.46,1,2,3,4425
14496,1124,objective_updated,429.46,2,3,0,4425
14497,1124,objective_updated,698.37,2,0,1,4425
14498,1124,objective_updated,807.13,2,1,2,4425
14499,1124,objective_updated,0,1,0,2,4426
14500,1124,objective_updated,46.51,1,2,1,4426
14501,1124,objective_updated,105.45,1,1,0,4426
14502,1124,objective_updated,180.54,1,0,1,4426
14503,1124,objective_updated,284.34,1,1,2,4426
14504,1124,objective_updated,349.67,1,2,1,4426
14505,1124,objective_updated,389.2,1,1,0,4426
14506,1124,objective_updated,513.54,1,0,1,4426
14507,1124,objective_updated,589.62,1,1,0,4426
14508,1124,objective_updated,178.03,2,0,2,4427
14509,1124,objective_updated,296.37,3,2,3,4427
14510,1124,objective_updated,415.8,4,3,1,4427
14511,1124,objective_updated,578.01,5,1,4,4427
14512,1124,objective_updated,133.43,1,0,1,4428
14513,1124,objective_updated,298.12,1,1,2,4428
14514,1124,objective_updated,429.46,1,2,3,4428
14515,1124,objective_updated,429.46,2,3,0,4428
14516,1124,objective_updated,698.37,2,0,1,4428
14517,1124,objective_updated,807.13,2,1,2,4428
14518,1125,objective_updated,0,1,0,1,4429
14519,1125,objective_updated,279.59,2,1,2,4429
14520,1125,objective_updated,467.14,3,2,0,4429
14528,1125,objective_updated,178.78,1,0,1,4432
14529,1125,objective_updated,415.62,2,1,0,4432
14530,1125,objective_updated,569.09,2,0,1,4432
14531,1125,objective_updated,731.63,2,1,2,4432
14532,1125,objective_updated,896.46,2,2,3,4432
14533,1125,objective_updated,161.17,2,0,4,4433
14534,1125,objective_updated,380.76,3,4,2,4433
14535,1125,objective_updated,494.99,4,2,3,4433
14536,1125,objective_updated,717.12,5,3,1,4433
14537,1125,objective_updated,942.62,6,1,3,4433
14543,1125,objective_updated,0,1,0,2,4435
14544,1125,objective_updated,286.81,2,2,0,4435
14545,1125,objective_updated,572.49,3,0,1,4435
14550,1127,objective_updated,0,1,0,2,4437
14551,1127,objective_updated,42.38,1,2,3,4437
14552,1127,objective_updated,84.78,1,3,4,4437
14553,1127,objective_updated,137.82,1,4,5,4437
14554,1128,objective_updated,0,1,0,1,4438
14555,1128,objective_updated,282.24,2,1,0,4438
14556,1128,objective_updated,476.03,3,0,2,4438
14557,1128,objective_updated,182.42,1,0,1,4439
14558,1128,objective_updated,432.12,2,1,0,4439
14559,1128,objective_updated,498.83,2,0,1,4439
14560,1128,objective_updated,602.97,2,1,2,4439
14561,1128,objective_updated,691.05,2,2,3,4439
14562,1128,objective_updated,521.83,2,0,1,4441
14563,1128,objective_updated,145.47,2,0,4,4442
14564,1128,objective_updated,350.58,3,4,2,4442
14565,1128,objective_updated,500.94,4,2,1,4442
14566,1128,objective_updated,665.3,5,1,3,4442
14567,1128,objective_updated,788.36,6,3,4,4442
14568,1128,objective_updated,521.83,2,0,1,4443
14569,1128,objective_updated,521.83,2,0,1,4444
14570,1128,objective_updated,145.47,2,0,4,4445
14571,1128,objective_updated,350.58,3,4,2,4445
14572,1128,objective_updated,500.94,4,2,1,4445
14573,1128,objective_updated,665.3,5,1,3,4445
14574,1128,objective_updated,788.36,6,3,4,4445
14575,1128,objective_updated,161.43,2,0,2,4447
14576,1128,objective_updated,369.03,3,2,1,4447
14577,1128,objective_updated,0,1,0,2,4448
14578,1128,objective_updated,43.49,1,2,3,4448
14579,1128,objective_updated,96.96,1,3,2,4448
14580,1128,objective_updated,138.62,1,2,1,4448
14581,1128,objective_updated,201.06,1,1,2,4448
14582,1128,objective_updated,241.24,1,2,3,4448
14583,1128,objective_updated,300.12,1,3,2,4448
14584,1128,objective_updated,408.66,1,2,1,4448
14585,1128,objective_updated,459.75,1,1,2,4448
14586,1128,objective_updated,503.66,1,2,3,4448
14587,1129,objective_updated,0,1,0,1,4449
14588,1129,objective_updated,253.71,2,1,0,4449
14589,1129,objective_updated,433.84,3,0,2,4449
14594,1129,objective_updated,186.91,1,0,1,4451
14595,1129,objective_updated,378.81,1,1,2,4451
14596,1129,objective_updated,473.84,1,2,3,4451
14597,1129,objective_updated,473.84,2,3,0,4451
14598,1129,objective_updated,616.26,2,0,1,4451
14599,1129,objective_updated,0,1,0,2,4453
14600,1129,objective_updated,40.67,1,2,3,4453
14601,1129,objective_updated,94.09,1,3,4,4453
14602,1129,objective_updated,172.01,1,4,3,4453
14603,1129,objective_updated,212.64,1,3,4,4453
14617,1130,objective_updated,127.29,1,0,1,4457
14618,1130,objective_updated,261.68,1,1,2,4457
14619,1130,objective_updated,495.69,1,2,3,4457
14620,1130,objective_updated,495.69,2,3,0,4457
14627,1130,objective_updated,0,1,0,2,4460
14628,1130,objective_updated,42.08,1,2,1,4460
14629,1130,objective_updated,105.28,1,1,2,4460
14630,1130,objective_updated,148.91,1,2,3,4460
14631,1130,objective_updated,215.56,1,3,4,4460
14632,1130,objective_updated,284.66,1,4,3,4460
14633,1130,objective_updated,373.68,1,3,2,4460
14634,1130,objective_updated,433.92,1,2,1,4460
14635,1130,objective_updated,504.71,1,1,2,4460
14636,1130,objective_updated,562.41,1,2,1,4460
14637,1130,objective_updated,109.4,2,0,4,4461
14638,1130,objective_updated,322.97,3,4,1,4461
14639,1130,objective_updated,538.13,4,1,3,4461
14640,1130,objective_updated,670.68,5,3,2,4461
14641,1130,objective_updated,836.44,6,2,0,4461
14642,1131,objective_updated,164.5,2,0,1,4462
14643,1131,objective_updated,429.34,3,1,2,4462
14644,1131,objective_updated,385.53,2,0,1,4463
14645,1131,objective_updated,490.18,2,1,2,4463
14646,1131,objective_updated,623.86,2,2,3,4463
14647,1131,objective_updated,249.5,2,0,1,4465
14648,1131,objective_updated,515.84,3,1,2,4465
14649,1131,objective_updated,220.19,1,0,1,4466
14650,1131,objective_updated,397.45,1,1,2,4466
14651,1131,objective_updated,492.51,2,2,0,4466
14652,1131,objective_updated,741.57,2,0,1,4466
14653,1131,objective_updated,840.54,2,1,2,4466
14654,1131,objective_updated,945.7,2,2,3,4466
14655,1131,objective_updated,265.79,2,0,1,4468
14656,1131,objective_updated,423.88,3,1,2,4468
14657,1132,objective_updated,384.03,2,0,1,4469
14658,1132,objective_updated,644.38,2,1,2,4469
14659,1132,objective_updated,723.47,2,2,3,4469
14660,1132,objective_updated,0,1,0,1,4470
14661,1132,objective_updated,157.21,2,1,2,4470
14662,1132,objective_updated,470.78,3,2,0,4470
14663,1132,objective_updated,154.36,1,0,1,4471
14664,1132,objective_updated,395.17,2,1,0,4471
14665,1132,objective_updated,504.74,2,0,1,4471
14666,1132,objective_updated,648.2,2,1,2,4471
14667,1132,objective_updated,760.18,2,2,3,4471
14668,1132,objective_updated,107.47,2,0,3,4472
14669,1132,objective_updated,347.63,3,3,2,4472
14670,1132,objective_updated,596.04,4,2,4,4472
14671,1132,objective_updated,823.48,5,4,1,4472
14672,1132,objective_updated,959.5,6,1,3,4472
14673,1132,objective_updated,165.43,1,0,1,4473
14674,1132,objective_updated,410.55,2,1,0,4473
14675,1132,objective_updated,552.33,2,0,1,4473
14676,1132,objective_updated,632.11,2,1,2,4473
14677,1132,objective_updated,748.29,2,2,3,4473
14678,1133,objective_updated,215.69,1,0,1,4474
14679,1133,objective_updated,308.36,1,1,2,4474
14680,1133,objective_updated,527.73,2,2,0,4474
14681,1133,objective_updated,618.18,2,0,1,4474
14682,1133,objective_updated,704.74,2,1,2,4474
14683,1133,objective_updated,803.77,2,2,3,4474
14684,1134,objective_updated,0,1,0,1,4476
14685,1134,objective_updated,195.19,2,1,0,4476
14686,1134,objective_updated,431.03,3,0,2,4476
14687,1135,objective_updated,0,1,0,1,4477
14688,1135,objective_updated,195.19,2,1,0,4477
14689,1135,objective_updated,431.03,3,0,2,4477
14690,1136,objective_updated,0,1,0,1,4478
14691,1136,objective_updated,195.19,2,1,0,4478
14692,1136,objective_updated,431.03,3,0,2,4478
14693,1137,objective_updated,0,1,0,1,4479
14694,1137,objective_updated,195.19,2,1,0,4479
14695,1137,objective_updated,431.03,3,0,2,4479
14696,1137,objective_updated,145.36,1,0,1,4480
14697,1137,objective_updated,371.93,1,1,2,4480
14698,1137,objective_updated,506.32,1,2,3,4480
14699,1137,objective_updated,506.34,2,3,0,4480
14700,1137,objective_updated,668.38,2,0,1,4480
14701,1137,objective_updated,813.69,2,1,2,4480
14702,1137,objective_updated,946.28,2,2,3,4480
14703,1137,objective_updated,946.29,3,3,0,4480
14704,1138,objective_updated,144.13,1,0,1,4482
14705,1138,objective_updated,414.22,2,1,0,4482
14706,1138,objective_updated,587.32,2,0,1,4482
14707,1138,objective_updated,656.83,2,1,2,4482
14708,1139,objective_updated,144.13,1,0,1,4483
14709,1139,objective_updated,414.22,2,1,0,4483
14710,1139,objective_updated,587.32,2,0,1,4483
14711,1139,objective_updated,656.83,2,1,2,4483
14712,1140,objective_updated,144.13,1,0,1,4484
14713,1140,objective_updated,414.22,2,1,0,4484
14714,1140,objective_updated,587.32,2,0,1,4484
14715,1140,objective_updated,656.83,2,1,2,4484
14722,1140,objective_updated,0,1,0,1,4486
14723,1140,objective_updated,173.61,2,1,0,4486
14724,1140,objective_updated,347.49,3,0,2,4486
14725,1140,objective_updated,117.43,2,0,2,4487
14726,1140,objective_updated,262.86,3,2,3,4487
14727,1140,objective_updated,393.53,4,3,1,4487
14728,1140,objective_updated,602.43,5,1,4,4487
14729,1140,objective_updated,787.24,6,4,3,4487
14730,1140,objective_updated,0,1,0,2,4489
14731,1140,objective_updated,42.86,1,2,1,4489
14732,1140,objective_updated,87.29,1,1,2,4489
14733,1140,objective_updated,134.46,1,2,3,4489
14734,1140,objective_updated,212.44,1,3,2,4489
14735,1140,objective_updated,264.46,1,2,1,4489
14736,1140,objective_updated,307.79,1,1,0,4489
14737,1140,objective_updated,357.6,1,0,1,4489
14738,1140,objective_updated,407.54,1,1,0,4489
14739,1148,objective_updated,139.39,2,0,2,4490
14740,1148,objective_updated,347.27,3,2,1,4490
14741,1148,objective_updated,570.36,4,1,3,4490
14742,1148,objective_updated,720.96,5,3,4,4490
14743,1148,objective_updated,948.44,6,4,1,4490
14744,1148,objective_updated,152.39,1,0,1,4491
14745,1148,objective_updated,338.69,1,1,2,4491
14746,1148,objective_updated,507.84,2,2,0,4491
14747,1148,objective_updated,582.14,2,0,1,4491
14748,1148,objective_updated,737.67,2,1,2,4491
14749,1148,objective_updated,856.08,2,2,3,4491
14750,1148,objective_updated,0,1,0,2,4493
14751,1148,objective_updated,89.23,1,2,3,4493
14752,1148,objective_updated,130.07,1,3,4,4493
14753,1148,objective_updated,222.69,1,4,3,4493
14754,1148,objective_updated,314.96,1,3,4,4493
14755,1148,objective_updated,0,1,0,2,4494
14756,1148,objective_updated,267.27,2,2,0,4494
14757,1148,objective_updated,487.02,3,0,1,4494
14760,1174,objective_updated,0,1,0,2,4496
14761,1174,objective_updated,211.72,2,2,0,4496
14762,1174,objective_updated,481.95,3,0,1,4496
14763,533,objective_updated,176.27,2,0,2,4497
14764,533,objective_updated,491.86,3,2,1,4497
14765,1186,objective_updated,217.02,2,0,2,4498
14766,1186,objective_updated,393.45,3,2,1,4498
14767,1186,objective_updated,0,1,0,2,4500
14768,1186,objective_updated,61.21,1,2,3,4500
14769,1186,objective_updated,141.33,1,3,4,4500
14770,1186,objective_updated,205.66,1,4,3,4500
14771,1186,objective_updated,258.76,1,3,2,4500
14772,1186,objective_updated,333.35,1,2,3,4500
14773,1186,objective_updated,380.24,1,3,4,4500
14774,1186,objective_updated,526.7,1,4,3,4500
14775,1186,objective_updated,572.21,1,3,4,4500
14776,1186,objective_updated,186.32,2,0,1,4501
14777,1186,objective_updated,346.13,3,1,3,4501
14778,1186,objective_updated,544.92,4,3,4,4501
14779,1186,objective_updated,712.43,5,4,2,4501
14780,1186,objective_updated,904.16,6,2,1,4501
14781,1186,objective_updated,217.02,2,0,2,4502
14782,1186,objective_updated,393.45,3,2,1,4502
14783,1186,objective_updated,186.32,2,0,1,4503
14784,1186,objective_updated,346.13,3,1,3,4503
14785,1186,objective_updated,544.92,4,3,4,4503
14786,1186,objective_updated,712.43,5,4,2,4503
14787,1186,objective_updated,904.16,6,2,1,4503
14788,1186,objective_updated,0,1,0,2,4504
14789,1186,objective_updated,61.21,1,2,3,4504
14790,1186,objective_updated,141.33,1,3,4,4504
14791,1186,objective_updated,205.66,1,4,3,4504
14792,1186,objective_updated,258.76,1,3,2,4504
14793,1186,objective_updated,333.35,1,2,3,4504
14794,1186,objective_updated,380.24,1,3,4,4504
14795,1186,objective_updated,526.7,1,4,3,4504
14796,1186,objective_updated,572.21,1,3,4,4504
14797,1187,objective_updated,0,1,0,2,4506
14798,1187,objective_updated,254.32,2,2,1,4506
14799,1187,objective_updated,535.65,3,1,0,4506
14800,1187,objective_updated,223.63,1,0,1,4507
14801,1187,objective_updated,429.78,2,1,0,4507
14802,1187,objective_updated,523.59,2,0,1,4507
14803,1187,objective_updated,682.74,2,1,2,4507
14804,1187,objective_updated,787.15,2,2,3,4507
14805,1187,objective_updated,112.15,2,0,3,4508
14806,1187,objective_updated,230.1,3,3,2,4508
14807,1187,objective_updated,348.11,4,2,4,4508
14808,1187,objective_updated,502.25,5,4,1,4508
14809,1187,objective_updated,93.08,1,0,1,4510
14810,1187,objective_updated,199.21,1,1,2,4510
14811,1187,objective_updated,328.81,1,2,3,4510
14812,1187,objective_updated,328.81,2,3,0,4510
14813,1187,objective_updated,373.79,2,0,1,4510
14814,1187,objective_updated,477.84,2,1,2,4510
14815,1187,objective_updated,548.88,2,2,3,4510
14816,1187,objective_updated,0,1,0,2,4511
14817,1187,objective_updated,212.4,2,2,0,4511
14818,1187,objective_updated,518.18,3,0,1,4511
14819,1188,objective_updated,0,1,0,2,4512
14820,1188,objective_updated,56.22,1,2,3,4512
14821,1188,objective_updated,113.55,1,3,4,4512
14822,1188,objective_updated,178.48,1,4,3,4512
14823,1188,objective_updated,227.57,1,3,4,4512
14824,1188,objective_updated,268.97,1,4,3,4512
14825,1188,objective_updated,447.32,1,3,4,4512
14826,1188,objective_updated,503.5,1,4,3,4512
14827,1188,objective_updated,670.82,1,3,4,4512
14828,1188,objective_updated,0,1,0,2,4513
14829,1188,objective_updated,193.89,2,2,0,4513
14830,1188,objective_updated,485.76,3,0,1,4513
14831,1188,objective_updated,0,1,0,1,4514
14832,1188,objective_updated,249.91,2,1,0,4514
14833,1188,objective_updated,537.5,3,0,2,4514
14834,1189,objective_updated,256.75,1,0,1,4515
14835,1189,objective_updated,432.1,1,1,2,4515
14836,1189,objective_updated,529.43,2,2,0,4515
14837,1189,objective_updated,676.06,2,0,1,4515
14838,1189,objective_updated,765.38,2,1,2,4515
14839,1189,objective_updated,0,1,0,2,4517
14840,1189,objective_updated,39.33,1,2,1,4517
14841,1189,objective_updated,90.6,1,1,0,4517
14842,1189,objective_updated,180.19,1,0,1,4517
14843,1189,objective_updated,254.3,1,1,0,4517
14844,1189,objective_updated,237.22,1,0,1,4518
14845,1189,objective_updated,395.14,2,1,0,4518
14846,1189,objective_updated,481.35,2,0,1,4518
14847,1189,objective_updated,637.48,2,1,2,4518
14848,1189,objective_updated,755.69,2,2,3,4518
14849,1189,objective_updated,311.28,2,0,2,4519
14850,1189,objective_updated,646.33,3,2,1,4519
14851,1189,objective_updated,119.5,2,0,3,4520
14852,1189,objective_updated,287.03,3,3,2,4520
14853,1189,objective_updated,413.93,4,2,4,4520
14854,1189,objective_updated,587.13,5,4,1,4520
14855,1190,objective_updated,0,1,0,1,4521
14856,1190,objective_updated,245.18,2,1,0,4521
14857,1190,objective_updated,463.32,3,0,2,4521
14858,1191,objective_updated,0,1,0,1,4522
14859,1191,objective_updated,245.18,2,1,0,4522
14860,1191,objective_updated,463.32,3,0,2,4522
14861,1192,objective_updated,0,1,0,1,4523
14862,1192,objective_updated,245.18,2,1,0,4523
14863,1192,objective_updated,463.32,3,0,2,4523
14864,1193,objective_updated,0,1,0,1,4524
14865,1193,objective_updated,245.18,2,1,0,4524
14866,1193,objective_updated,463.32,3,0,2,4524
14886,1194,objective_updated,241.72,1,0,1,4530
14887,1194,objective_updated,396.93,2,1,0,4530
14888,1194,objective_updated,613.66,2,0,1,4530
14889,1194,objective_updated,167.11,1,0,1,4531
14890,1194,objective_updated,390.15,2,1,0,4531
14891,1194,objective_updated,451.66,2,0,1,4531
14892,1194,objective_updated,569.06,2,1,2,4531
14893,1194,objective_updated,682.83,2,2,3,4531
14894,1194,objective_updated,112.15,2,0,4,4532
14895,1194,objective_updated,285.38,3,4,2,4532
14896,1194,objective_updated,438.43,4,2,3,4532
14897,1194,objective_updated,637.1,5,3,1,4532
14898,1194,objective_updated,772.27,6,1,3,4532
14899,1195,objective_updated,176.27,2,0,2,4534
14900,1195,objective_updated,491.86,3,2,1,4534
14901,1195,objective_updated,181.65,1,0,1,4537
14902,1195,objective_updated,443.66,2,1,0,4537
14903,1195,objective_updated,539.68,2,0,1,4537
14904,1195,objective_updated,676.63,2,1,2,4537
14905,1195,objective_updated,962.34,2,2,3,4537
14914,1195,objective_updated,71.84,1,0,1,4539
14915,1195,objective_updated,159.43,1,1,2,4539
14916,1195,objective_updated,417.53,1,2,3,4539
14917,1195,objective_updated,417.53,2,3,0,4539
14918,1195,objective_updated,537.57,2,0,1,4539
14919,1195,objective_updated,657.45,2,1,2,4539
14920,1195,objective_updated,165.59,1,0,1,4540
14921,1195,objective_updated,271.73,1,1,2,4540
14922,1195,objective_updated,409.96,1,2,3,4540
14923,1195,objective_updated,409.98,2,3,0,4540
14924,1195,objective_updated,474.4,2,0,1,4540
14925,1195,objective_updated,606.23,2,1,2,4540
14926,1195,objective_updated,801.03,2,2,3,4540
14927,1195,objective_updated,801.03,3,3,0,4540
14932,1196,objective_updated,140.38,2,0,3,4543
14933,1196,objective_updated,305.15,3,3,4,4543
14934,1196,objective_updated,454.11,4,4,2,4543
14935,1196,objective_updated,577.58,5,2,1,4543
14936,1196,objective_updated,68.67,1,0,1,4544
14937,1196,objective_updated,147.31,1,1,2,4544
14938,1196,objective_updated,254.64,1,2,3,4544
14939,1196,objective_updated,254.65,2,3,0,4544
14940,1196,objective_updated,456.42,2,0,1,4544
14978,1207,objective_updated,376.3,2,0,1,4557
14979,1207,objective_updated,570.6,3,1,2,4557
14982,1209,objective_updated,376.3,2,0,1,4559
14983,1209,objective_updated,570.6,3,1,2,4559
14984,1210,objective_updated,376.3,2,0,1,4561
14985,1210,objective_updated,570.6,3,1,2,4561
14986,1210,objective_updated,141.9,1,0,1,4562
14987,1210,objective_updated,328.9,1,1,2,4562
14988,1210,objective_updated,491.13,2,2,0,4562
14989,1210,objective_updated,624.51,2,0,1,4562
14990,1210,objective_updated,716.42,2,1,2,4562
14991,1210,objective_updated,853.63,2,2,3,4562
15000,1210,objective_updated,131.71,2,0,1,4564
15001,1210,objective_updated,306.93,3,1,2,4564
15002,1210,objective_updated,458.81,4,2,4,4564
15003,1210,objective_updated,597.02,5,4,3,4564
15004,1210,objective_updated,0,1,0,2,4565
15005,1210,objective_updated,104.33,1,2,3,4565
15006,1210,objective_updated,171.26,1,3,4,4565
15007,1210,objective_updated,364.45,1,4,3,4565
15008,1210,objective_updated,413.67,1,3,4,4565
15009,1210,objective_updated,376.3,2,0,1,4566
15010,1210,objective_updated,570.6,3,1,2,4566
15011,1211,objective_updated,89.13,1,0,1,4567
15012,1211,objective_updated,263.87,1,1,2,4567
15013,1211,objective_updated,501.76,2,2,0,4567
15014,1211,objective_updated,578.65,2,0,1,4567
15015,1211,objective_updated,773.7,2,1,2,4567
15016,1211,objective_updated,922.3,2,2,3,4567
15017,1211,objective_updated,289.18,2,0,2,4568
15018,1211,objective_updated,492.28,3,2,1,4568
15019,1211,objective_updated,0,1,0,1,4570
15020,1211,objective_updated,243.18,2,1,0,4570
15021,1211,objective_updated,472.75,3,0,2,4570
15025,1211,objective_updated,0,1,0,2,4573
15026,1211,objective_updated,322.26,2,2,0,4573
15027,1211,objective_updated,570.94,3,0,1,4573
15028,1211,objective_updated,176.14,1,0,1,4574
15029,1211,objective_updated,286.98,1,1,2,4574
15030,1211,objective_updated,492.96,2,2,0,4574
15031,1211,objective_updated,716.43,2,0,1,4574
15032,1211,objective_updated,818.97,2,1,2,4574
15033,1212,objective_updated,160.18,2,0,1,4575
15034,1212,objective_updated,432.35,3,1,2,4575
15035,1213,objective_updated,0,1,0,1,4576
15036,1213,objective_updated,168.11,2,1,0,4576
15037,1213,objective_updated,395.08,3,0,2,4576
15038,1214,objective_updated,0,1,0,1,4577
15039,1214,objective_updated,168.11,2,1,0,4577
15040,1214,objective_updated,395.08,3,0,2,4577
15041,1215,objective_updated,184.32,1,0,1,4578
15042,1215,objective_updated,395.15,2,1,0,4578
15043,1215,objective_updated,515.33,2,0,1,4578
15044,1215,objective_updated,718.58,2,1,2,4578
15045,1215,objective_updated,0,1,0,1,4580
15046,1215,objective_updated,168.11,2,1,0,4580
15047,1215,objective_updated,395.08,3,0,2,4580
15048,1215,objective_updated,184.38,1,0,1,4581
15049,1215,objective_updated,336.83,1,1,2,4581
15050,1215,objective_updated,480.2,2,2,0,4581
15051,1215,objective_updated,597.89,2,0,1,4581
15052,1215,objective_updated,707.29,2,1,2,4581
15053,1215,objective_updated,307.37,2,0,1,4582
15054,1215,objective_updated,635.81,3,1,2,4582
15055,1216,objective_updated,0,1,0,2,4584
15056,1216,objective_updated,300.67,2,2,0,4584
15057,1216,objective_updated,554.22,3,0,1,4584
15058,1216,objective_updated,220.41,1,0,1,4585
15059,1216,objective_updated,306.4,1,1,2,4585
15060,1216,objective_updated,506.35,2,2,0,4585
15061,1216,objective_updated,581.19,2,0,1,4585
15062,1216,objective_updated,798.67,2,1,2,4585
15063,1216,objective_updated,87.77,1,0,1,4586
15064,1216,objective_updated,248.28,1,1,2,4586
15065,1216,objective_updated,477.05,1,2,3,4586
15066,1216,objective_updated,477.05,2,3,0,4586
15067,1216,objective_updated,578.23,2,0,1,4586
15068,1216,objective_updated,654.97,2,1,2,4586
15069,1216,objective_updated,801.42,2,2,3,4586
15070,1216,objective_updated,225.58,2,0,4,4587
15071,1216,objective_updated,420.22,3,4,3,4587
15072,1216,objective_updated,622.3,4,3,1,4587
15073,1216,objective_updated,800.94,5,1,2,4587
15074,1216,objective_updated,0,1,0,2,4589
15075,1216,objective_updated,82.4,1,2,3,4589
15076,1216,objective_updated,122.47,1,3,4,4589
15077,1216,objective_updated,178.3,1,4,3,4589
15078,1216,objective_updated,229.83,1,3,4,4589
15079,1216,objective_updated,298.44,1,4,3,4589
15080,1216,objective_updated,375.79,1,3,4,4589
15081,1216,objective_updated,463.75,1,4,3,4589
15082,1216,objective_updated,511.73,1,3,2,4589
15083,1216,objective_updated,562.72,1,2,1,4589
15084,1217,objective_updated,122.7,1,0,1,4590
15085,1217,objective_updated,407.04,1,1,2,4590
15086,1217,objective_updated,487.32,1,2,3,4590
15087,1217,objective_updated,487.32,2,3,0,4590
15088,1217,objective_updated,549.41,2,0,1,4590
15089,1217,objective_updated,774.44,2,1,2,4590
15090,1218,objective_updated,99.26,1,0,1,4591
15091,1218,objective_updated,240.36,1,1,2,4591
15092,1218,objective_updated,414.92,1,2,3,4591
15093,1218,objective_updated,414.94,2,3,0,4591
15094,1218,objective_updated,221.52,2,0,1,4593
15095,1218,objective_updated,455.69,3,1,3,4593
15096,1218,objective_updated,624.93,4,3,4,4593
15097,1218,objective_updated,758.17,5,4,2,4593
15098,1218,objective_updated,879.47,6,2,3,4593
15099,1218,objective_updated,219.87,1,0,1,4594
15100,1218,objective_updated,311.48,1,1,2,4594
15101,1218,objective_updated,437.67,1,2,3,4594
15102,1218,objective_updated,437.67,2,3,0,4594
15103,1218,objective_updated,689.82,2,0,1,4594
15104,1218,objective_updated,0,1,0,1,4595
15105,1218,objective_updated,274.7,2,1,2,4595
15106,1218,objective_updated,487.75,3,2,0,4595
15111,1218,objective_updated,122.7,1,0,1,4597
15112,1218,objective_updated,407.04,1,1,2,4597
15113,1218,objective_updated,487.32,1,2,3,4597
15114,1218,objective_updated,487.32,2,3,0,4597
15115,1218,objective_updated,549.41,2,0,1,4597
15116,1218,objective_updated,774.44,2,1,2,4597
15117,1219,objective_updated,0,1,0,2,4598
15118,1219,objective_updated,278.29,2,2,0,4598
15119,1219,objective_updated,494.41,3,0,1,4598
15120,1219,objective_updated,91.9,1,0,1,4599
15121,1219,objective_updated,413.12,2,1,0,4599
15122,1219,objective_updated,487.68,2,0,1,4599
15123,1219,objective_updated,541.62,2,1,2,4599
15124,1219,objective_updated,908.17,2,2,3,4599
15125,1219,objective_updated,86.91,1,0,1,4600
15126,1219,objective_updated,371.27,1,1,2,4600
15127,1219,objective_updated,476.77,1,2,3,4600
15128,1219,objective_updated,476.79,2,3,0,4600
15129,1219,objective_updated,536.14,2,0,1,4600
15130,1219,objective_updated,697.03,2,1,2,4600
15131,1219,objective_updated,827.8,2,2,3,4600
15132,1220,objective_updated,244.41,1,0,1,4602
15133,1220,objective_updated,400.38,2,1,0,4602
15134,1220,objective_updated,699.78,2,0,1,4602
15135,1220,objective_updated,446.44,2,0,1,4603
15136,1220,objective_updated,560.11,2,1,2,4603
15137,1220,objective_updated,663.19,2,2,3,4603
15138,1220,objective_updated,143.36,2,0,1,4604
15139,1220,objective_updated,317.07,3,1,3,4604
15140,1220,objective_updated,558.68,4,3,2,4604
15141,1220,objective_updated,767.3,5,2,4,4604
15142,1220,objective_updated,0,1,0,2,4605
15143,1220,objective_updated,213.45,2,2,0,4605
15144,1220,objective_updated,459.36,3,0,1,4605
15145,1219,objective_updated,166.28,2,0,2,4606
15146,1219,objective_updated,329.6,3,2,4,4606
15147,1219,objective_updated,482.56,4,4,3,4606
15148,1219,objective_updated,649.51,5,3,1,4606
15149,1219,objective_updated,814.05,6,1,4,4606
15150,1219,objective_updated,0,1,0,2,4608
15151,1219,objective_updated,67.66,1,2,3,4608
15152,1219,objective_updated,164.81,1,3,2,4608
15153,1219,objective_updated,213.07,1,2,1,4608
15154,1219,objective_updated,305.19,1,1,2,4608
15155,1219,objective_updated,387.42,1,2,1,4608
15156,1219,objective_updated,463.63,1,1,2,4608
15157,1219,objective_updated,548.41,1,2,3,4608
15158,1219,objective_updated,608.28,1,3,2,4608
15159,1219,objective_updated,702.29,1,2,1,4608
15160,1221,objective_updated,376.3,2,0,1,4609
15161,1221,objective_updated,570.6,3,1,2,4609
15162,1222,objective_updated,376.3,2,0,1,4610
15163,1222,objective_updated,570.6,3,1,2,4610
15164,1223,objective_updated,376.3,2,0,1,4611
15165,1223,objective_updated,570.6,3,1,2,4611
15168,1225,objective_updated,376.3,2,0,1,4613
15169,1225,objective_updated,570.6,3,1,2,4613
15170,1226,objective_updated,376.3,2,0,1,4614
15171,1226,objective_updated,570.6,3,1,2,4614
15198,1227,objective_updated,135.05,1,0,1,4622
15199,1227,objective_updated,399.22,1,1,2,4622
15200,1227,objective_updated,519.35,2,2,0,4622
15201,1227,objective_updated,129.95,2,0,3,4624
15202,1227,objective_updated,335.11,3,3,2,4624
15203,1227,objective_updated,485.37,4,2,4,4624
15204,1227,objective_updated,618.77,5,4,1,4624
15205,1227,objective_updated,0,1,0,2,4625
15206,1227,objective_updated,39.2,1,2,3,4625
15207,1227,objective_updated,96.57,1,3,2,4625
15208,1227,objective_updated,143.57,1,2,1,4625
15209,1227,objective_updated,201.66,1,1,0,4625
15210,1227,objective_updated,248.38,1,0,1,4625
15211,1227,objective_updated,309.71,1,1,0,4625
15212,1227,objective_updated,401.33,1,0,1,4625
15213,1227,objective_updated,461.48,1,1,2,4625
15214,1227,objective_updated,536.46,1,2,3,4625
15215,1227,objective_updated,0,1,0,2,4626
15216,1227,objective_updated,200.28,2,2,1,4626
15217,1227,objective_updated,478.89,3,1,0,4626
15234,1229,objective_updated,0,1,0,2,4630
15235,1229,objective_updated,214.27,2,2,1,4630
15236,1229,objective_updated,510.8,3,1,0,4630
15237,1230,objective_updated,0,1,0,2,4631
15238,1230,objective_updated,214.27,2,2,1,4631
15239,1230,objective_updated,510.8,3,1,0,4631
15240,1231,objective_updated,0,1,0,2,4632
15241,1231,objective_updated,214.27,2,2,1,4632
15242,1231,objective_updated,510.8,3,1,0,4632
15243,1231,objective_updated,118.33,2,0,1,4633
15244,1231,objective_updated,306.14,3,1,3,4633
15245,1231,objective_updated,438.6,4,3,2,4633
15246,1231,objective_updated,614.05,5,2,4,4633
15247,1231,objective_updated,144.62,1,0,1,4635
15248,1231,objective_updated,232.32,1,1,2,4635
15249,1231,objective_updated,440.11,1,2,3,4635
15250,1231,objective_updated,440.11,2,3,0,4635
15251,1231,objective_updated,712.79,2,0,1,4635
15252,1231,objective_updated,879.53,2,1,2,4635
15253,1231,objective_updated,88.41,1,0,1,4636
15254,1231,objective_updated,287.47,1,1,2,4636
15255,1231,objective_updated,434.9,1,2,3,4636
15256,1231,objective_updated,434.9,2,3,0,4636
15257,1233,objective_updated,164.18,1,0,1,4638
15258,1233,objective_updated,409.32,1,1,2,4638
15259,1233,objective_updated,524.82,1,2,3,4638
15260,1233,objective_updated,524.84,2,3,0,4638
15261,1233,objective_updated,794.21,2,0,1,4638
15262,1233,objective_updated,180.89,2,0,1,4639
15263,1233,objective_updated,377.11,3,1,3,4639
15264,1233,objective_updated,506.88,4,3,4,4639
15265,1233,objective_updated,654.35,5,4,2,4639
15266,1233,objective_updated,797.94,6,2,0,4639
15267,1234,objective_updated,246.12,2,0,2,4640
15268,1234,objective_updated,530.21,3,2,1,4640
15269,1234,objective_updated,123.83,1,0,1,4641
15270,1234,objective_updated,237.81,1,1,2,4641
15271,1234,objective_updated,485.66,1,2,3,4641
15272,1234,objective_updated,485.66,2,3,0,4641
15273,1234,objective_updated,705.32,2,0,1,4641
15274,1234,objective_updated,113.32,1,0,1,4642
15275,1234,objective_updated,289.86,1,1,2,4642
15276,1234,objective_updated,477.24,1,2,3,4642
15277,1234,objective_updated,477.24,2,3,0,4642
15278,1234,objective_updated,634,2,0,1,4642
15279,1234,objective_updated,753.75,2,1,2,4642
15280,1234,objective_updated,0,1,0,2,4643
15281,1234,objective_updated,75.1,1,2,1,4643
15282,1234,objective_updated,149.87,1,1,0,4643
15283,1234,objective_updated,196.79,1,0,1,4643
15284,1234,objective_updated,269.69,1,1,2,4643
15285,1234,objective_updated,334.41,1,2,1,4643
15286,1234,objective_updated,395.53,1,1,0,4643
15287,1234,objective_updated,474.4,1,0,1,4643
15288,1234,objective_updated,530.37,1,1,0,4643
15289,1234,objective_updated,225.01,2,0,4,4644
15290,1234,objective_updated,384.03,3,4,1,4644
15291,1234,objective_updated,520.77,4,1,3,4644
15292,1234,objective_updated,741.62,5,3,2,4644
15293,1234,objective_updated,956.16,6,2,0,4644
15294,1234,objective_updated,117,1,0,1,4645
15295,1234,objective_updated,363.74,1,1,2,4645
15296,1234,objective_updated,474,1,2,3,4645
15297,1234,objective_updated,474,2,3,0,4645
15298,1234,objective_updated,544.89,2,0,1,4645
15299,1235,objective_updated,0,1,0,2,4647
15300,1235,objective_updated,45.22,1,2,3,4647
15301,1235,objective_updated,92.4,1,3,2,4647
15302,1235,objective_updated,144.69,1,2,3,4647
15303,1235,objective_updated,195.17,1,3,4,4647
15304,1235,objective_updated,371.08,2,0,1,4649
15305,1235,objective_updated,575.66,2,1,2,4649
15309,1235,objective_updated,0,1,0,2,4651
15310,1235,objective_updated,166.12,2,2,1,4651
15311,1235,objective_updated,485.13,3,1,0,4651
15312,1235,objective_updated,79.04,1,0,1,4652
15313,1235,objective_updated,238.68,1,1,2,4652
15314,1235,objective_updated,452.36,1,2,3,4652
15315,1235,objective_updated,452.36,2,3,0,4652
15316,1235,objective_updated,614.21,2,0,1,4652
15317,1235,objective_updated,0,1,0,2,4653
15318,1235,objective_updated,177.93,2,2,0,4653
15319,1235,objective_updated,351.45,3,0,1,4653
15320,1235,objective_updated,124.17,2,0,3,4654
15321,1235,objective_updated,294.74,3,3,2,4654
15322,1235,objective_updated,411.77,4,2,4,4654
15323,1235,objective_updated,549.01,5,4,1,4654
15324,1235,objective_updated,778.85,6,1,0,4654
15325,1236,objective_updated,0,1,0,2,4655
15326,1236,objective_updated,200.28,2,2,1,4655
15327,1236,objective_updated,478.89,3,1,0,4655
15328,1236,objective_updated,114.92,1,0,1,4656
15329,1236,objective_updated,221.44,1,1,2,4656
15330,1236,objective_updated,377.53,1,2,3,4656
15331,1236,objective_updated,377.53,2,3,0,4656
15332,1236,objective_updated,591.93,2,0,1,4656
15336,1236,objective_updated,89.55,1,0,1,4659
15337,1236,objective_updated,272.66,1,1,2,4659
15338,1236,objective_updated,514.1,2,2,0,4659
15339,1236,objective_updated,673.07,2,0,1,4659
15340,1236,objective_updated,775.04,2,1,2,4659
15341,1236,objective_updated,901.5,2,2,3,4659
15342,1236,objective_updated,326.9,2,0,1,4660
15343,1236,objective_updated,399.73,2,1,2,4660
15344,1236,objective_updated,581.98,2,2,3,4660
15345,1236,objective_updated,140.35,2,0,1,4661
15346,1236,objective_updated,278.97,3,1,3,4661
15347,1236,objective_updated,464.02,4,3,4,4661
15348,1236,objective_updated,640.32,5,4,2,4661
15349,1236,objective_updated,798.56,6,2,1,4661
15350,1237,objective_updated,0,1,0,2,4662
15351,1237,objective_updated,198.55,2,2,1,4662
15352,1237,objective_updated,418.43,3,1,0,4662
15353,1237,objective_updated,356.38,2,0,1,4663
15354,1237,objective_updated,476.04,2,1,2,4663
15355,1237,objective_updated,697.23,2,2,3,4663
15356,1237,objective_updated,159.56,2,0,3,4664
15357,1237,objective_updated,351.78,3,3,2,4664
15358,1237,objective_updated,509.37,4,2,4,4664
15359,1237,objective_updated,682.23,5,4,1,4664
15360,1237,objective_updated,854.43,6,1,2,4664
15361,1237,objective_updated,157.27,1,0,1,4665
15362,1237,objective_updated,247.02,1,1,2,4665
15363,1237,objective_updated,507.11,1,2,3,4665
15364,1237,objective_updated,507.11,2,3,0,4665
15365,1237,objective_updated,731.1,2,0,1,4665
15366,1237,objective_updated,826.5,2,1,2,4665
15367,1238,objective_updated,0,1,0,2,4666
15368,1238,objective_updated,222.46,2,2,1,4666
15369,1238,objective_updated,433.42,3,1,0,4666
15370,1238,objective_updated,72.45,1,0,1,4667
15371,1238,objective_updated,198.71,1,1,2,4667
15372,1238,objective_updated,480.13,2,2,0,4667
15373,1238,objective_updated,519.18,2,0,1,4667
15374,1238,objective_updated,672.1,2,1,2,4667
15375,1238,objective_updated,785.5,2,2,3,4667
15376,1238,objective_updated,254.28,1,0,1,4668
15377,1238,objective_updated,410.3,2,1,0,4668
15378,1238,objective_updated,581.84,2,0,1,4668
15379,1238,objective_updated,679.43,2,1,2,4668
15380,1238,objective_updated,778.07,2,2,3,4668
15381,1238,objective_updated,112.44,2,0,2,4670
15382,1238,objective_updated,298,3,2,3,4670
15383,1238,objective_updated,433.39,4,3,1,4670
15384,1238,objective_updated,595.23,5,1,4,4670
15385,1238,objective_updated,774,6,4,0,4670
15386,1238,objective_updated,0,1,0,2,4671
15387,1238,objective_updated,91.05,1,2,3,4671
15388,1238,objective_updated,165.35,1,3,4,4671
15389,1238,objective_updated,260.84,1,4,3,4671
15390,1238,objective_updated,316.53,1,3,4,4671
15391,1238,objective_updated,432.78,1,4,3,4671
15392,1238,objective_updated,534.71,1,3,4,4671
15393,1237,objective_updated,0,1,0,2,4672
15394,1237,objective_updated,46.48,1,2,3,4672
15395,1237,objective_updated,97.69,1,3,2,4672
15396,1237,objective_updated,145.38,1,2,3,4672
15397,1237,objective_updated,195.96,1,3,4,4672
15398,1237,objective_updated,258.73,1,4,3,4672
15399,1237,objective_updated,315.33,1,3,4,4672
15400,1237,objective_updated,475.69,1,4,3,4672
15401,1237,objective_updated,526.62,1,3,4,4672
15402,1239,objective_updated,273.55,2,0,1,4673
15403,1239,objective_updated,452.63,3,1,2,4673
15404,1239,objective_updated,112.68,1,0,1,4674
15405,1239,objective_updated,302.83,1,1,2,4674
15406,1239,objective_updated,380.6,1,2,3,4674
15407,1239,objective_updated,380.62,2,3,0,4674
15408,1239,objective_updated,463.29,2,0,1,4674
15409,1239,objective_updated,624.66,2,1,2,4674
15410,1239,objective_updated,716.96,2,2,3,4674
15427,1240,objective_updated,94.28,1,0,1,4682
15428,1240,objective_updated,316.59,1,1,2,4682
15429,1240,objective_updated,520.1,2,2,0,4682
15430,1240,objective_updated,789.14,2,0,1,4682
15431,1240,objective_updated,969.79,2,1,2,4682
15432,1240,objective_updated,119.67,2,0,3,4683
15433,1240,objective_updated,312.02,3,3,1,4683
15434,1240,objective_updated,551.63,4,1,2,4683
15435,1240,objective_updated,684.47,5,2,4,4683
15436,1240,objective_updated,0,1,0,2,4684
15437,1240,objective_updated,74.57,1,2,1,4684
15438,1240,objective_updated,132.38,1,1,0,4684
15439,1240,objective_updated,295.3,1,0,1,4684
15440,1240,objective_updated,347.29,1,1,0,4684
15441,1240,objective_updated,287.05,2,0,1,4685
15442,1240,objective_updated,632.72,3,1,2,4685
15443,1241,objective_updated,0,1,0,2,4686
15444,1241,objective_updated,157.57,2,2,1,4686
15445,1241,objective_updated,411.96,3,1,0,4686
15446,1241,objective_updated,360.21,2,0,1,4687
15447,1241,objective_updated,446.46,2,1,2,4687
15448,1241,objective_updated,532.87,2,2,3,4687
15449,1241,objective_updated,419.78,2,0,1,4688
15450,1241,objective_updated,520.81,2,1,2,4688
15451,1241,objective_updated,754.72,2,2,3,4688
15452,1241,objective_updated,115.37,2,0,2,4690
15453,1241,objective_updated,257.12,3,2,1,4690
15454,1241,objective_updated,463.21,4,1,3,4690
15455,1241,objective_updated,617.86,5,3,4,4690
15456,1241,objective_updated,88.06,1,0,1,4691
15457,1241,objective_updated,357.79,1,1,2,4691
15458,1241,objective_updated,499.25,2,2,0,4691
15459,1241,objective_updated,580.51,2,0,1,4691
15460,1241,objective_updated,688.33,2,1,2,4691
15461,1241,objective_updated,850.13,2,2,3,4691
15462,1243,objective_updated,0,1,0,2,4692
15463,1243,objective_updated,59.92,1,2,3,4692
15464,1243,objective_updated,121.15,1,3,4,4692
15465,1243,objective_updated,190.16,1,4,5,4692
15466,1243,objective_updated,182.42,1,0,1,4694
15467,1243,objective_updated,260.68,1,1,2,4694
15468,1243,objective_updated,432.83,1,2,3,4694
15469,1243,objective_updated,432.85,2,3,0,4694
15470,1243,objective_updated,90.59,1,0,1,4695
15471,1243,objective_updated,458.28,2,1,0,4695
15472,1243,objective_updated,672.72,2,0,1,4695
15476,1244,objective_updated,0,1,0,1,4698
15477,1244,objective_updated,156.58,2,1,2,4698
15478,1244,objective_updated,220.83,1,0,1,4700
15479,1244,objective_updated,420.76,2,1,0,4700
15480,1244,objective_updated,483.19,2,0,1,4700
15481,1244,objective_updated,0,1,0,1,4701
15482,1244,objective_updated,301.26,2,1,0,4701
15483,1244,objective_updated,237.91,1,0,1,4702
15484,1244,objective_updated,356.94,1,1,2,4702
15485,1244,objective_updated,490.95,2,2,0,4702
15486,1244,objective_updated,599.83,2,0,1,4702
15487,1244,objective_updated,731.53,2,1,2,4702
15488,1245,objective_updated,282.25,2,0,1,4703
15489,1245,objective_updated,596.44,3,1,2,4703
15490,1245,objective_updated,262.8,1,0,1,4704
15491,1245,objective_updated,329.65,1,1,2,4704
15492,1245,objective_updated,513.38,2,2,0,4704
15493,1245,objective_updated,611.92,2,0,1,4704
15494,1245,objective_updated,687.83,2,1,2,4704
15495,1245,objective_updated,805.01,2,2,3,4704
15496,1245,objective_updated,117.45,2,0,2,4705
15497,1245,objective_updated,282.17,3,2,4,4705
15498,1245,objective_updated,458.98,4,4,3,4705
15499,1245,objective_updated,620.63,5,3,1,4705
15500,1245,objective_updated,736.5,6,1,0,4705
15501,1245,objective_updated,110.06,1,0,1,4706
15502,1245,objective_updated,245.08,1,1,2,4706
15503,1245,objective_updated,497.87,2,2,0,4706
15504,1245,objective_updated,727.83,2,0,1,4706
15508,1246,objective_updated,0,1,0,1,4709
15509,1246,objective_updated,317.27,2,1,2,4709
15510,1246,objective_updated,625.84,3,2,0,4709
15511,1246,objective_updated,170.7,1,0,1,4710
15512,1246,objective_updated,372.03,1,1,2,4710
15513,1246,objective_updated,532.38,1,2,3,4710
15514,1246,objective_updated,532.4,2,3,0,4710
15515,1246,objective_updated,709.97,2,0,1,4710
15516,1246,objective_updated,833.69,2,1,2,4710
15517,1246,objective_updated,170.59,2,0,1,4711
15518,1246,objective_updated,365.4,3,1,4,4711
15519,1246,objective_updated,566.21,4,4,2,4711
15520,1246,objective_updated,782.06,5,2,3,4711
15521,1246,objective_updated,982.66,6,3,1,4711
15524,1247,objective_updated,59.65,1,0,1,4713
15525,1247,objective_updated,141.57,1,1,2,4713
15526,1247,objective_updated,259.45,1,2,3,4713
15527,1247,objective_updated,259.45,2,3,0,4713
15528,1247,objective_updated,344.19,2,0,1,4713
15529,1247,objective_updated,583.89,2,1,2,4713
15530,1247,objective_updated,776.06,2,2,3,4713
15531,1247,objective_updated,776.07,3,3,0,4713
15532,1247,objective_updated,166.2,2,0,1,4714
15533,1247,objective_updated,345.53,3,1,4,4714
15534,1247,objective_updated,550.02,4,4,3,4714
15535,1247,objective_updated,768.2,5,3,2,4714
15536,1247,objective_updated,985.45,6,2,1,4714
15537,1247,objective_updated,45.92,1,0,1,4715
15538,1247,objective_updated,156.24,1,1,2,4715
15539,1247,objective_updated,434.98,1,2,3,4715
15540,1247,objective_updated,434.98,2,3,0,4715
15541,1247,objective_updated,536.57,2,0,1,4715
15542,1247,objective_updated,655.05,2,1,2,4715
15543,1247,objective_updated,840.03,2,2,3,4715
15544,1247,objective_updated,840.03,3,3,0,4715
15545,1247,objective_updated,215.6,1,0,1,4717
15546,1247,objective_updated,398.86,2,1,0,4717
15547,1247,objective_updated,620.66,2,0,1,4717
15548,1247,objective_updated,722.6,2,1,2,4717
15549,1246,objective_updated,98.12,1,0,1,4719
15550,1246,objective_updated,324.61,1,1,2,4719
15551,1246,objective_updated,502.83,2,2,0,4719
15552,1246,objective_updated,738.04,2,0,1,4719
15553,1248,objective_updated,0,1,0,1,4720
15554,1248,objective_updated,202.86,2,1,2,4720
15555,1248,objective_updated,454.27,3,2,0,4720
15556,1248,objective_updated,50.43,1,0,1,4721
15557,1248,objective_updated,395.13,2,1,0,4721
15558,1248,objective_updated,481.66,2,0,1,4721
15559,1248,objective_updated,621.29,2,1,2,4721
15560,1248,objective_updated,737.9,2,2,3,4721
15561,1248,objective_updated,94.62,1,0,1,4722
15562,1248,objective_updated,440.36,2,1,0,4722
15563,1248,objective_updated,585.47,2,0,1,4722
15564,1248,objective_updated,721.94,2,1,2,4722
15565,1248,objective_updated,799.8,2,2,3,4722
15566,1248,objective_updated,432.53,2,0,1,4723
15567,1248,objective_updated,628.26,2,1,2,4723
15568,1248,objective_updated,730.88,2,2,3,4723
15569,1248,objective_updated,0,1,0,1,4724
15570,1248,objective_updated,185.81,2,1,2,4724
15571,1248,objective_updated,349.76,3,2,0,4724
15572,1249,objective_updated,283.99,2,0,1,4725
15573,1249,objective_updated,550.71,3,1,2,4725
15574,1249,objective_updated,203.58,1,0,1,4726
15575,1249,objective_updated,424.12,2,1,0,4726
15576,1249,objective_updated,530.43,2,0,1,4726
15577,1249,objective_updated,645.59,2,1,2,4726
15578,1249,objective_updated,836.1,2,2,3,4726
15579,1249,objective_updated,161.13,2,0,2,4728
15580,1249,objective_updated,381.88,3,2,4,4728
15581,1249,objective_updated,552.45,4,4,1,4728
15582,1249,objective_updated,725.76,5,1,3,4728
15583,1249,objective_updated,868.71,6,3,0,4728
15584,1249,objective_updated,111.37,1,0,1,4729
15585,1249,objective_updated,252.4,1,1,2,4729
15586,1249,objective_updated,477.73,1,2,3,4729
15587,1249,objective_updated,477.75,2,3,0,4729
15588,1249,objective_updated,720.55,2,0,1,4729
15589,1249,objective_updated,796.1,2,1,2,4729
15590,1250,objective_updated,326.6,2,0,2,4730
15591,1250,objective_updated,615.8,3,2,1,4730
15592,1250,objective_updated,96.4,1,0,1,4732
15593,1250,objective_updated,350.06,1,1,2,4732
15594,1250,objective_updated,470.6,1,2,3,4732
15595,1250,objective_updated,470.6,2,3,0,4732
15596,1250,objective_updated,697.25,2,0,1,4732
15597,1250,objective_updated,755.54,2,1,2,4732
15598,1250,objective_updated,75.5,1,0,1,4733
15599,1250,objective_updated,140.13,1,1,2,4733
15600,1250,objective_updated,226.61,1,2,3,4733
15601,1250,objective_updated,226.62,2,3,0,4733
15602,1250,objective_updated,347.15,2,0,1,4733
15603,1250,objective_updated,495.12,2,1,2,4733
15604,1250,objective_updated,599.05,2,2,3,4733
15605,1250,objective_updated,599.05,3,3,0,4733
15606,1250,objective_updated,270.68,2,0,2,4734
15607,1250,objective_updated,554.39,3,2,1,4734
15623,1253,objective_updated,113.79,2,0,2,4739
15624,1253,objective_updated,229.17,3,2,1,4739
15625,1253,objective_updated,347.93,4,1,3,4739
15626,1253,objective_updated,471.34,5,3,4,4739
15627,1253,objective_updated,585.91,6,4,3,4739
15628,1254,objective_updated,0,1,0,2,4740
15629,1254,objective_updated,166.87,2,2,0,4740
15630,1254,objective_updated,346.58,3,0,1,4740
15631,1254,objective_updated,110.11,2,0,4,4741
15632,1254,objective_updated,329.86,3,4,3,4741
15633,1254,objective_updated,536.5,4,3,1,4741
15634,1254,objective_updated,657.38,5,1,2,4741
15635,1254,objective_updated,796.87,6,2,1,4741
15636,1254,objective_updated,185.42,1,0,1,4742
15637,1254,objective_updated,395.15,2,1,0,4742
15638,1254,objective_updated,443.89,2,0,1,4742
15639,1254,objective_updated,656.8,2,1,2,4742
15640,1254,objective_updated,729.99,2,2,3,4742
15641,1254,objective_updated,0,1,0,1,4744
15642,1254,objective_updated,246.27,2,1,2,4744
15643,1254,objective_updated,505.98,3,2,0,4744
15644,1255,objective_updated,0,1,0,1,4745
15645,1255,objective_updated,318.58,2,1,0,4745
15646,1255,objective_updated,532.48,3,0,2,4745
15647,1256,objective_updated,0,1,0,2,4746
15648,1256,objective_updated,329.65,2,2,0,4746
15649,1256,objective_updated,494.26,3,0,1,4746
15650,1256,objective_updated,42.88,1,0,1,4747
15651,1256,objective_updated,174.33,1,1,2,4747
15652,1256,objective_updated,417.24,1,2,3,4747
15653,1256,objective_updated,417.24,2,3,0,4747
15654,1256,objective_updated,602.04,2,0,1,4747
15655,1256,objective_updated,837.63,2,1,2,4747
15656,1256,objective_updated,104.84,2,0,4,4749
15657,1256,objective_updated,243.34,3,4,3,4749
15658,1256,objective_updated,443.21,4,3,2,4749
15659,1256,objective_updated,657.95,5,2,1,4749
15660,1256,objective_updated,809.89,6,1,4,4749
15661,1255,objective_updated,108.65,1,0,1,4750
15662,1255,objective_updated,171.77,1,1,2,4750
15663,1255,objective_updated,324.31,1,2,3,4750
15664,1255,objective_updated,324.31,2,3,0,4750
15665,1255,objective_updated,439.64,2,0,1,4750
15666,1255,objective_updated,515.26,2,1,2,4750
15667,1255,objective_updated,159.64,2,0,3,4751
15668,1255,objective_updated,321.81,3,3,2,4751
15669,1255,objective_updated,439.73,4,2,1,4751
15670,1255,objective_updated,653.75,5,1,4,4751
15671,1256,objective_updated,99.05,1,0,1,4753
15672,1256,objective_updated,301.87,1,1,2,4753
15673,1256,objective_updated,412.64,1,2,3,4753
15674,1256,objective_updated,412.64,2,3,0,4753
15675,1256,objective_updated,487.43,2,0,1,4753
15676,1256,objective_updated,551.85,2,1,2,4753
15677,1256,objective_updated,755.7,2,2,3,4753
15678,1257,objective_updated,0,1,0,1,4754
15679,1257,objective_updated,156.23,2,1,0,4754
15680,1257,objective_updated,411.2,3,0,2,4754
15681,1257,objective_updated,54.24,1,0,1,4755
15682,1257,objective_updated,188.79,1,1,2,4755
15683,1257,objective_updated,262.14,1,2,3,4755
15684,1257,objective_updated,262.14,2,3,0,4755
15685,1257,objective_updated,322.15,2,0,1,4755
15686,1257,objective_updated,651.63,2,1,2,4755
15687,1257,objective_updated,132.14,1,0,1,4756
15688,1257,objective_updated,230.74,1,1,2,4756
15689,1257,objective_updated,366.88,1,2,3,4756
15690,1257,objective_updated,366.88,2,3,0,4756
15691,1257,objective_updated,457.66,2,0,1,4756
15692,1257,objective_updated,775.02,2,1,2,4756
15693,1257,objective_updated,903.46,2,2,3,4756
15694,1257,objective_updated,95.56,1,0,1,4758
15695,1257,objective_updated,390.18,2,1,0,4758
15696,1257,objective_updated,453.22,2,0,1,4758
15697,1257,objective_updated,631.48,2,1,2,4758
15698,1257,objective_updated,888.38,2,2,3,4758
15699,1261,objective_updated,0,1,0,1,4759
15700,1261,objective_updated,154.76,2,1,0,4759
15701,1261,objective_updated,421.95,3,0,2,4759
15708,1261,objective_updated,332.83,2,0,1,4762
15709,1261,objective_updated,396.3,2,1,2,4762
15710,1261,objective_updated,493.87,2,2,3,4762
15714,1262,objective_updated,0,1,0,2,4764
15715,1262,objective_updated,292.98,2,2,1,4764
15716,1262,objective_updated,463.29,3,1,0,4764
15717,1262,objective_updated,203.5,1,0,1,4765
15718,1262,objective_updated,390.11,2,1,0,4765
15719,1262,objective_updated,626.88,2,0,1,4765
15720,1262,objective_updated,774.59,2,1,2,4765
15721,1262,objective_updated,278,1,0,1,4766
15722,1262,objective_updated,417.22,1,1,2,4766
15723,1262,objective_updated,516.58,1,2,3,4766
15724,1262,objective_updated,516.6,2,3,0,4766
15725,1262,objective_updated,785.52,2,0,1,4766
15726,1262,objective_updated,896.26,2,1,2,4766
15727,1262,objective_updated,986.82,2,2,3,4766
15728,1262,objective_updated,328.19,2,0,1,4767
15729,1262,objective_updated,562.15,2,1,2,4767
15730,1262,objective_updated,0,1,0,2,4769
15731,1262,objective_updated,336.41,2,2,0,4769
15732,1262,objective_updated,622.15,3,0,1,4769
15733,1263,objective_updated,159.89,2,0,1,4770
15734,1263,objective_updated,345.37,3,1,2,4770
15735,1263,objective_updated,120.49,1,0,1,4771
15736,1263,objective_updated,307.64,1,1,2,4771
15737,1263,objective_updated,429.44,1,2,3,4771
15738,1263,objective_updated,429.44,2,3,0,4771
15739,1263,objective_updated,477.6,2,0,1,4771
15740,1263,objective_updated,644.35,2,1,2,4771
15741,1263,objective_updated,742.44,2,2,3,4771
15742,1263,objective_updated,179.97,2,0,1,4773
15743,1263,objective_updated,295.33,3,1,3,4773
15744,1263,objective_updated,496.59,4,3,4,4773
15745,1263,objective_updated,687,5,4,2,4773
15746,1264,objective_updated,0,1,0,1,4774
15747,1264,objective_updated,254.35,2,1,2,4774
15748,1264,objective_updated,454.17,3,2,0,4774
15753,1264,objective_updated,365.78,2,0,1,4777
15754,1264,objective_updated,515.22,2,1,2,4777
15755,1264,objective_updated,615.15,2,2,3,4777
15756,1264,objective_updated,115.79,1,0,1,4778
15757,1264,objective_updated,390.17,2,1,0,4778
15758,1264,objective_updated,499.71,2,0,1,4778
15759,1264,objective_updated,645.41,2,1,2,4778
15760,1264,objective_updated,802.6,2,2,3,4778
15761,1265,objective_updated,110.73,2,0,4,4779
15762,1265,objective_updated,249.05,3,4,1,4779
15763,1265,objective_updated,365.79,4,1,2,4779
15764,1265,objective_updated,580.25,5,2,3,4779
15765,1266,objective_updated,110.73,2,0,4,4780
15766,1266,objective_updated,249.05,3,4,1,4780
15767,1266,objective_updated,365.79,4,1,2,4780
15768,1266,objective_updated,580.25,5,2,3,4780
15769,1267,objective_updated,110.73,2,0,4,4781
15770,1267,objective_updated,249.05,3,4,1,4781
15771,1267,objective_updated,365.79,4,1,2,4781
15772,1267,objective_updated,580.25,5,2,3,4781
15773,1268,objective_updated,110.73,2,0,4,4782
15774,1268,objective_updated,249.05,3,4,1,4782
15775,1268,objective_updated,365.79,4,1,2,4782
15776,1268,objective_updated,580.25,5,2,3,4782
15777,1269,objective_updated,110.73,2,0,4,4783
15778,1269,objective_updated,249.05,3,4,1,4783
15779,1269,objective_updated,365.79,4,1,2,4783
15780,1269,objective_updated,580.25,5,2,3,4783
15781,1269,objective_updated,0,1,0,2,4784
15782,1269,objective_updated,180.62,2,2,1,4784
15783,1269,objective_updated,471.5,3,1,0,4784
15784,1269,objective_updated,258.09,1,0,1,4785
15785,1269,objective_updated,419.88,2,1,0,4785
15786,1269,objective_updated,459.09,2,0,1,4785
15787,1269,objective_updated,554.62,2,1,2,4785
15788,1269,objective_updated,789.47,2,2,3,4785
15789,1270,objective_updated,0,1,0,2,4787
15790,1270,objective_updated,309.01,2,2,1,4787
15791,1270,objective_updated,546.86,3,1,0,4787
15792,1270,objective_updated,352.5,2,0,1,4788
15793,1270,objective_updated,495.18,2,1,2,4788
15794,1270,objective_updated,573.33,2,2,3,4788
15795,1270,objective_updated,125.18,2,0,3,4790
15796,1270,objective_updated,322.13,3,3,1,4790
15797,1270,objective_updated,519.02,4,1,4,4790
15798,1270,objective_updated,643.05,5,4,2,4790
15799,1270,objective_updated,252.25,1,0,1,4791
15800,1270,objective_updated,412.79,2,1,0,4791
15801,1270,objective_updated,486.6,2,0,1,4791
15802,1270,objective_updated,568.26,2,1,2,4791
15803,1270,objective_updated,796.06,2,2,3,4791
15804,1270,objective_updated,0,1,0,1,4792
15805,1270,objective_updated,302.63,2,1,0,4792
15806,1270,objective_updated,590.3,3,0,2,4792
15807,1271,objective_updated,0,1,0,2,4793
15808,1271,objective_updated,185.1,2,2,1,4793
15809,1271,objective_updated,451.38,3,1,0,4793
15810,1272,objective_updated,0,1,0,2,4794
15811,1272,objective_updated,281.18,2,2,0,4794
15812,1272,objective_updated,485.16,3,0,1,4794
15813,1272,objective_updated,165.4,1,0,1,4795
15814,1272,objective_updated,287.27,1,1,2,4795
15815,1272,objective_updated,425.82,1,2,3,4795
15816,1272,objective_updated,425.82,2,3,0,4795
15829,1273,objective_updated,488.11,2,0,1,4802
15830,1273,objective_updated,631.25,2,1,2,4802
15831,1273,objective_updated,723.23,2,2,3,4802
15832,1273,objective_updated,488.11,2,0,1,4803
15833,1273,objective_updated,631.25,2,1,2,4803
15834,1273,objective_updated,723.23,2,2,3,4803
15835,1274,objective_updated,162.34,2,0,2,4805
15836,1274,objective_updated,514.38,3,2,1,4805
15837,1274,objective_updated,635.92,4,1,4,4805
15840,1278,objective_updated,168.07,2,0,2,4807
15841,1278,objective_updated,445.35,3,2,1,4807
15842,1278,objective_updated,134.89,2,0,1,4808
15843,1278,objective_updated,300.95,3,1,3,4808
15844,1278,objective_updated,436.7,4,3,2,4808
15845,1278,objective_updated,561.19,5,2,4,4808
15846,1278,objective_updated,237.65,2,0,1,4810
15847,1278,objective_updated,494.66,3,1,2,4810
15848,1278,objective_updated,117.9,1,0,1,4811
15849,1278,objective_updated,349.3,1,1,2,4811
15850,1278,objective_updated,484.84,1,2,3,4811
15851,1278,objective_updated,484.85,2,3,0,4811
15852,1278,objective_updated,143.57,1,0,1,4812
15853,1278,objective_updated,401.57,2,1,0,4812
15854,1278,objective_updated,506.68,2,0,1,4812
15855,1278,objective_updated,0,1,0,2,4813
15856,1278,objective_updated,209.95,2,2,0,4813
15857,1278,objective_updated,443.32,3,0,1,4813
15858,1279,objective_updated,158.97,2,0,1,4814
15859,1279,objective_updated,365.58,3,1,2,4814
15860,1279,objective_updated,95.66,1,0,1,4815
15861,1279,objective_updated,183.7,1,1,2,4815
15862,1279,objective_updated,250.59,1,2,3,4815
15863,1279,objective_updated,250.6,2,3,0,4815
15864,1279,objective_updated,512.52,2,0,1,4815
15865,1279,objective_updated,62.14,1,0,1,4816
15866,1279,objective_updated,144.58,1,1,2,4816
15867,1279,objective_updated,407.18,1,2,3,4816
15868,1279,objective_updated,407.18,2,3,0,4816
15869,1279,objective_updated,105.5,2,0,4,4817
15870,1279,objective_updated,276.58,3,4,3,4817
15871,1279,objective_updated,396.82,4,3,2,4817
15872,1279,objective_updated,641.17,5,2,1,4817
15873,1279,objective_updated,832.22,6,1,4,4817
15874,1280,objective_updated,0,1,0,1,4818
15875,1280,objective_updated,276.71,2,1,2,4818
15876,1280,objective_updated,436.36,3,2,0,4818
15877,1280,objective_updated,99.05,1,0,1,4819
15878,1280,objective_updated,300.68,1,1,2,4819
15879,1280,objective_updated,379.02,1,2,3,4819
15880,1280,objective_updated,379.02,2,3,0,4819
15886,1280,objective_updated,91.64,1,0,1,4821
15887,1280,objective_updated,221.52,1,1,2,4821
15888,1280,objective_updated,398.79,1,2,3,4821
15889,1280,objective_updated,398.79,2,3,0,4821
15890,1280,objective_updated,0,1,0,1,4823
15891,1280,objective_updated,174.57,2,1,2,4823
15892,1280,objective_updated,467.11,3,2,0,4823
15895,1281,objective_updated,396.96,2,0,1,4825
15896,1281,objective_updated,481.87,2,1,2,4825
15897,1281,objective_updated,167.27,2,0,4,4826
15898,1281,objective_updated,401.31,3,4,1,4826
15899,1281,objective_updated,618.34,4,1,2,4826
15900,1281,objective_updated,840.04,5,2,3,4826
15901,1281,objective_updated,74,1,0,1,4827
15902,1281,objective_updated,390.14,2,1,0,4827
15903,1281,objective_updated,453.4,2,0,1,4827
15904,1281,objective_updated,787.78,2,1,2,4827
15905,1283,objective_updated,0,1,0,1,4830
15906,1283,objective_updated,280.97,2,1,0,4830
15907,1283,objective_updated,586.21,3,0,2,4830
15908,1283,objective_updated,76.14,1,0,1,4831
15909,1283,objective_updated,227.39,1,1,2,4831
15910,1283,objective_updated,372.77,1,2,3,4831
15911,1283,objective_updated,372.77,2,3,0,4831
15912,1283,objective_updated,623.42,2,0,1,4831
15913,1283,objective_updated,766.65,2,1,2,4831
15914,1283,objective_updated,184.02,2,0,3,4832
15915,1283,objective_updated,325.06,3,3,2,4832
15916,1283,objective_updated,534.61,4,2,4,4832
15917,1283,objective_updated,738.24,5,4,1,4832
15918,1283,objective_updated,48.02,1,0,1,4833
15919,1283,objective_updated,368.49,1,1,2,4833
15920,1283,objective_updated,494.12,1,2,3,4833
15921,1283,objective_updated,494.12,2,3,0,4833
15922,1283,objective_updated,555.17,2,0,1,4833
15923,1284,objective_updated,0,1,0,1,4836
15924,1284,objective_updated,157.61,2,1,0,4836
15925,1285,objective_updated,0,1,0,1,4838
15926,1285,objective_updated,174.25,2,1,2,4838
15927,1285,objective_updated,50.99,1,0,1,4838
15928,1285,objective_updated,229.3,1,1,2,4838
15929,1285,objective_updated,411.61,1,2,3,4838
15930,1285,objective_updated,411.61,2,3,0,4838
15931,1285,objective_updated,677.35,2,0,1,4838
15934,1286,objective_updated,0,1,0,2,4841
15935,1286,objective_updated,155.33,2,2,0,4841
15938,1288,objective_updated,0,1,0,2,4845
15939,1288,objective_updated,179.49,2,2,0,4845
15940,1288,objective_updated,135.2,1,0,1,4846
15941,1288,objective_updated,289.1,1,1,2,4846
15942,1288,objective_updated,363.36,1,2,3,4846
15943,1288,objective_updated,363.38,2,3,0,4846
15944,1289,objective_updated,230.42,1,0,1,4847
15945,1289,objective_updated,411.42,2,1,0,4847
15946,1289,objective_updated,513.57,2,0,1,4847
15947,1289,objective_updated,666.76,2,1,2,4847
15948,1289,objective_updated,814.79,2,2,3,4847
15949,1289,objective_updated,189.35,2,0,2,4848
15950,1289,objective_updated,330.9,3,2,1,4848
15951,1289,objective_updated,538.5,4,1,4,4848
15952,1289,objective_updated,725.37,5,4,3,4848
15953,1289,objective_updated,360.09,2,0,1,4849
15954,1289,objective_updated,438.13,2,1,2,4849
15955,1289,objective_updated,515.67,2,2,3,4849
15956,1290,objective_updated,87.85,1,0,1,4850
15957,1290,objective_updated,405.9,2,1,0,4850
15958,1290,objective_updated,71.77,1,0,1,4851
15959,1290,objective_updated,277.73,1,1,2,4851
15960,1290,objective_updated,354.28,1,2,3,4851
15961,1290,objective_updated,131.66,1,0,1,4852
15962,1290,objective_updated,208.57,1,1,2,4852
15963,1290,objective_updated,397.19,1,2,3,4852
15964,1290,objective_updated,397.19,2,3,0,4852
15965,1290,objective_updated,566.26,2,0,1,4852
15966,1290,objective_updated,0,1,0,2,4855
15967,1290,objective_updated,345.08,2,2,1,4855
15968,1290,objective_updated,609.76,3,1,0,4855
15969,1290,objective_updated,151.3,2,0,1,4856
15970,1290,objective_updated,373.91,3,1,4,4856
15971,1290,objective_updated,591.19,4,4,3,4856
15972,1290,objective_updated,716.29,5,3,2,4856
15973,1290,objective_updated,886.65,6,2,3,4856
15974,1291,objective_updated,56.38,1,0,1,4857
15975,1291,objective_updated,131.21,1,1,2,4857
15976,1291,objective_updated,294.48,1,2,3,4857
15977,1291,objective_updated,294.48,2,3,0,4857
15978,1291,objective_updated,554.43,2,0,1,4857
15979,1291,objective_updated,201.13,2,0,3,4858
15980,1291,objective_updated,377.38,3,3,2,4858
15981,1291,objective_updated,116.84,1,0,1,4860
15982,1291,objective_updated,250.35,1,1,2,4860
15983,1291,objective_updated,467.78,1,2,3,4860
15984,1291,objective_updated,467.78,2,3,0,4860
15985,1291,objective_updated,0,1,0,2,4861
15986,1291,objective_updated,158.45,2,2,0,4861
15987,1292,objective_updated,0,1,0,1,4862
15988,1292,objective_updated,177.13,2,1,2,4862
15989,1292,objective_updated,461.6,3,2,0,4862
15990,1292,objective_updated,111.51,1,0,1,4863
15991,1292,objective_updated,385.79,1,1,2,4863
15992,1292,objective_updated,501.22,1,2,3,4863
15993,1292,objective_updated,501.22,2,3,0,4863
15994,1292,objective_updated,708.78,2,0,1,4863
15995,1292,objective_updated,108.19,2,0,2,4864
15996,1292,objective_updated,277.94,3,2,4,4864
15997,1292,objective_updated,426.82,4,4,3,4864
15998,1292,objective_updated,0,1,0,2,4865
15999,1292,objective_updated,288.39,2,2,1,4865
16000,1292,objective_updated,111.51,1,0,1,4867
16001,1292,objective_updated,385.79,1,1,2,4867
16002,1292,objective_updated,501.22,1,2,3,4867
16003,1292,objective_updated,501.22,2,3,0,4867
16004,1292,objective_updated,708.78,2,0,1,4867
16005,1293,objective_updated,0,1,0,1,4868
16006,1293,objective_updated,213.24,2,1,2,4868
16007,1293,objective_updated,125.11,2,0,4,4871
16008,1293,objective_updated,265.95,3,4,2,4871
16009,1293,objective_updated,380.09,4,2,3,4871
16010,1293,objective_updated,125.11,2,0,4,4872
16011,1293,objective_updated,265.95,3,4,2,4872
16012,1293,objective_updated,380.09,4,2,3,4872
16029,1294,objective_updated,76.11,1,0,1,4879
16030,1294,objective_updated,287.95,1,1,2,4879
16031,1294,objective_updated,432.26,1,2,3,4879
16032,1294,objective_updated,432.26,2,3,0,4879
16033,1294,objective_updated,493.33,2,0,1,4879
16034,1294,objective_updated,753.14,2,1,2,4879
16035,1295,objective_updated,73.81,1,0,1,4880
16036,1295,objective_updated,211.04,1,1,2,4880
16037,1295,objective_updated,334.14,1,2,3,4880
16038,1295,objective_updated,334.14,2,3,0,4880
16039,1295,objective_updated,528,2,0,1,4880
16040,1295,objective_updated,672.24,2,1,2,4880
16041,1295,objective_updated,126.6,1,0,1,4882
16042,1295,objective_updated,280.8,1,1,2,4882
16043,1295,objective_updated,503.32,2,2,0,4882
16044,1295,objective_updated,722.33,2,0,1,4882
16045,1295,objective_updated,831.97,2,1,2,4882
16046,1295,objective_updated,1028.42,2,2,3,4882
16047,1295,objective_updated,0,1,0,1,4883
16048,1295,objective_updated,304.2,2,1,2,4883
16049,1295,objective_updated,620.66,3,2,0,4883
16050,1295,objective_updated,239.56,2,0,2,4884
16051,1295,objective_updated,437.29,3,2,1,4884
16052,1295,objective_updated,141.21,2,0,2,4885
16053,1295,objective_updated,292.18,3,2,4,4885
16054,1295,objective_updated,523.33,4,4,3,4885
16055,1295,objective_updated,707.07,5,3,1,4885
16056,1295,objective_updated,832.67,6,1,2,4885
16057,1296,objective_updated,0,1,0,2,4886
16058,1296,objective_updated,276.39,2,2,1,4886
16059,1296,objective_updated,576.07,3,1,0,4886
16060,1296,objective_updated,472.16,2,0,1,4887
16061,1296,objective_updated,322.67,2,0,1,4888
16062,1296,objective_updated,546.83,2,1,2,4888
16063,1296,objective_updated,123.4,2,0,3,4889
16064,1296,objective_updated,321.53,3,3,4,4889
16065,1296,objective_updated,534.7,4,4,2,4889
16066,1296,objective_updated,729.3,5,2,1,4889
16070,1297,objective_updated,0,1,0,2,4892
16071,1297,objective_updated,277.1,2,2,0,4892
16072,1297,objective_updated,586.68,3,0,1,4892
16073,1297,objective_updated,105.79,2,0,1,4894
16074,1297,objective_updated,220.49,3,1,4,4894
16075,1297,objective_updated,350.4,4,4,2,4894
16076,1297,objective_updated,562.21,5,2,3,4894
16077,1297,objective_updated,676.21,6,3,4,4894
16083,1297,objective_updated,0,1,0,1,4896
16084,1297,objective_updated,298.82,2,1,2,4896
16085,1297,objective_updated,559.63,3,2,0,4896
16116,1299,objective_updated,167.21,2,0,4,4907
16117,1299,objective_updated,335.86,3,4,3,4907
16118,1299,objective_updated,535.4,4,3,1,4907
16119,1299,objective_updated,709.61,5,1,2,4907
16120,1300,objective_updated,0,1,0,1,4908
16121,1300,objective_updated,202.6,2,1,0,4908
16122,1300,objective_updated,380.89,3,0,2,4908
16123,1301,objective_updated,55.87,1,0,1,4909
16124,1301,objective_updated,291,1,1,2,4909
16125,1301,objective_updated,391.71,1,2,3,4909
16126,1301,objective_updated,391.72,2,3,0,4909
16127,1301,objective_updated,439.53,2,0,1,4909
16128,1301,objective_updated,579.71,2,1,2,4909
16129,1301,objective_updated,745.54,2,2,3,4909
16130,1302,objective_updated,156.93,1,0,1,4910
16131,1302,objective_updated,252.06,1,1,2,4910
16132,1302,objective_updated,490.44,2,2,0,4910
16133,1302,objective_updated,562.8,2,0,1,4910
16134,1302,objective_updated,651.66,2,1,2,4910
16135,1302,objective_updated,1056.08,2,2,3,4910
16136,1302,objective_updated,132.12,2,0,4,4911
16137,1302,objective_updated,281.89,3,4,3,4911
16138,1302,objective_updated,470.05,4,3,1,4911
16139,1302,objective_updated,695.04,5,1,2,4911
16140,1302,objective_updated,231.01,2,0,1,4913
16141,1302,objective_updated,477.78,3,1,2,4913
16142,1303,objective_updated,0,1,0,2,4914
16143,1303,objective_updated,344.68,2,2,0,4914
16144,1303,objective_updated,550.32,3,0,1,4914
16145,1303,objective_updated,71.31,1,0,1,4915
16146,1303,objective_updated,390.19,2,1,0,4915
16147,1303,objective_updated,110.62,2,0,1,4916
16148,1303,objective_updated,305.18,3,1,3,4916
16149,1303,objective_updated,455.51,4,3,4,4916
16150,1303,objective_updated,641.69,5,4,2,4916
16151,1305,objective_updated,0,1,0,2,4917
16152,1305,objective_updated,189.68,2,2,1,4917
16153,1305,objective_updated,508.9,3,1,0,4917
16154,1305,objective_updated,108.01,2,0,2,4918
16155,1305,objective_updated,314.5,3,2,1,4918
16156,1305,objective_updated,513.28,4,1,3,4918
16157,1305,objective_updated,697.97,5,3,4,4918
16158,1305,objective_updated,183.54,1,0,1,4919
16159,1305,objective_updated,316.16,1,1,2,4919
16160,1305,objective_updated,505.06,2,2,0,4919
16161,1305,objective_updated,580.58,2,0,1,4919
16162,1305,objective_updated,927.96,2,1,2,4919
16163,1305,objective_updated,181.07,1,0,1,4921
16164,1305,objective_updated,406.66,2,1,0,4921
16165,1305,objective_updated,644.86,2,0,1,4921
16166,1305,objective_updated,829.89,2,1,2,4921
16167,1306,objective_updated,290.59,2,0,2,4922
16168,1306,objective_updated,575.29,3,2,1,4922
16169,1306,objective_updated,112.27,2,0,1,4923
16170,1306,objective_updated,254.72,3,1,2,4923
16171,1307,objective_updated,73.21,1,0,1,4924
16172,1307,objective_updated,390.18,2,1,0,4924
16173,1307,objective_updated,484.9,2,0,1,4924
16174,1308,objective_updated,318.49,2,0,2,4926
16175,1308,objective_updated,599.04,3,2,1,4926
16176,1308,objective_updated,176.78,2,0,3,4927
16177,1308,objective_updated,380.91,3,3,2,4927
16178,1308,objective_updated,555.85,4,2,1,4927
16179,1308,objective_updated,771.36,5,1,4,4927
16180,1308,objective_updated,948.91,6,4,2,4927
16181,1308,objective_updated,55.17,1,0,1,4929
16182,1308,objective_updated,135.07,1,1,2,4929
16183,1308,objective_updated,343.37,1,2,3,4929
16184,1308,objective_updated,343.37,2,3,0,4929
16185,1308,objective_updated,543,2,0,1,4929
16186,1309,objective_updated,130.41,2,0,3,4930
16187,1309,objective_updated,275.59,3,3,2,4930
16188,1309,objective_updated,314.07,2,0,2,4931
16189,1310,objective_updated,125.45,2,0,1,4932
16190,1310,objective_updated,330.31,3,1,4,4932
16191,1310,objective_updated,445.05,4,4,2,4932
16192,1310,objective_updated,223.25,2,0,2,4933
16215,1316,objective_updated,45.58,1,0,1,4944
16216,1316,objective_updated,121.42,1,1,2,4944
16217,1316,objective_updated,297.1,1,2,3,4944
16218,1316,objective_updated,297.1,2,3,0,4944
16219,1316,objective_updated,562.1,2,0,1,4944
16223,1316,objective_updated,132.11,2,0,3,4946
16224,1316,objective_updated,284.34,3,3,2,4946
16225,1316,objective_updated,402.79,4,2,1,4946
16226,1316,objective_updated,518.55,5,1,4,4946
16227,1317,objective_updated,0,1,0,2,4948
16228,1317,objective_updated,252.88,2,2,1,4948
16229,1317,objective_updated,550.75,3,1,0,4948
16230,1318,objective_updated,0,1,0,1,4949
16231,1318,objective_updated,157.91,2,1,2,4949
16232,1318,objective_updated,357.32,3,2,0,4949
16237,1318,objective_updated,68.48,1,0,1,4952
16238,1318,objective_updated,138.59,1,1,2,4952
16239,1318,objective_updated,255.5,1,2,3,4952
16240,1318,objective_updated,255.52,2,3,0,4952
16241,1318,objective_updated,487.46,2,0,1,4952
16242,1318,objective_updated,118.23,2,0,2,4953
16243,1318,objective_updated,288.25,3,2,1,4953
16244,1318,objective_updated,421.11,4,1,3,4953
16245,1318,objective_updated,606.6,5,3,4,4953
16246,1318,objective_updated,728.69,6,4,0,4953
16250,1319,objective_updated,151.46,1,0,1,4955
16251,1319,objective_updated,413.45,2,1,0,4955
16252,1319,objective_updated,459.36,2,0,1,4955
16253,1319,objective_updated,549.45,2,1,2,4955
16254,1319,objective_updated,648.87,2,2,3,4955
16255,1319,objective_updated,492.66,2,0,1,4956
16256,1319,objective_updated,568.89,2,1,2,4956
16257,1319,objective_updated,695.62,2,2,3,4956
16258,1319,objective_updated,229.7,2,0,2,4957
16259,1319,objective_updated,404.36,3,2,4,4957
16260,1319,objective_updated,583.63,4,4,3,4957
16261,1319,objective_updated,702.02,5,3,1,4957
16262,1319,objective_updated,901.35,6,1,3,4957
16263,1319,objective_updated,228.93,1,0,1,4958
16264,1319,objective_updated,395.14,2,1,0,4958
16265,1319,objective_updated,489.63,2,0,1,4958
16266,1319,objective_updated,551.38,2,1,2,4958
16267,1319,objective_updated,624.19,2,2,3,4958
16273,1319,objective_updated,138.69,1,0,1,4961
16274,1319,objective_updated,395.18,2,1,0,4961
16275,1319,objective_updated,444.02,2,0,1,4961
16276,1319,objective_updated,766.76,2,1,2,4961
16277,1319,objective_updated,839.2,2,2,3,4961
16278,1319,objective_updated,228.93,1,0,1,4963
16279,1319,objective_updated,395.14,2,1,0,4963
16280,1319,objective_updated,489.63,2,0,1,4963
16281,1319,objective_updated,551.38,2,1,2,4963
16282,1319,objective_updated,624.19,2,2,3,4963
16283,1319,objective_updated,228.93,1,0,1,4964
16284,1319,objective_updated,395.14,2,1,0,4964
16285,1319,objective_updated,489.63,2,0,1,4964
16286,1319,objective_updated,551.38,2,1,2,4964
16287,1319,objective_updated,624.19,2,2,3,4964
16293,1319,objective_updated,228.93,1,0,1,4966
16294,1319,objective_updated,395.14,2,1,0,4966
16295,1319,objective_updated,489.63,2,0,1,4966
16296,1319,objective_updated,551.38,2,1,2,4966
16297,1319,objective_updated,624.19,2,2,3,4966
16298,1320,objective_updated,178.99,2,0,1,4967
16299,1320,objective_updated,493.11,3,1,2,4967
16300,1320,objective_updated,228.1,1,0,1,4968
16301,1320,objective_updated,423.83,2,1,0,4968
16302,1320,objective_updated,642.9,2,0,1,4968
16303,1320,objective_updated,813.82,2,1,2,4968
16310,1321,objective_updated,0,1,0,2,4970
16311,1321,objective_updated,168.28,2,2,0,4970
16312,1321,objective_updated,414.09,3,0,1,4970
16313,1321,objective_updated,67.77,1,0,1,4971
16314,1321,objective_updated,353.52,1,1,2,4971
16315,1321,objective_updated,480.2,2,2,0,4971
16316,1321,objective_updated,114.59,2,0,1,4972
16317,1321,objective_updated,355.14,3,1,4,4972
16318,1321,objective_updated,504.8,4,4,2,4972
16319,1321,objective_updated,699,5,2,3,4972
16320,1321,objective_updated,143.84,1,0,1,4973
16321,1321,objective_updated,395.17,2,1,0,4973
16322,1321,objective_updated,506.15,2,0,1,4973
16323,1321,objective_updated,669.76,2,1,2,4973
16329,1323,objective_updated,48.86,1,0,1,4976
16330,1323,objective_updated,131.98,1,1,2,4976
16331,1323,objective_updated,351.66,1,2,3,4976
16332,1323,objective_updated,351.66,2,3,0,4976
16333,1323,objective_updated,417.48,2,0,1,4976
16359,1331,objective_updated,209.53,2,0,1,4988
16360,1331,objective_updated,509.68,3,1,2,4988
16361,1331,objective_updated,132.28,1,0,1,4989
16362,1331,objective_updated,398.57,2,1,0,4989
16363,1331,objective_updated,468.1,2,0,1,4989
16364,1331,objective_updated,706.76,2,1,2,4989
16365,1331,objective_updated,794.63,2,2,3,4989
16366,1331,objective_updated,107.71,1,0,1,4990
16367,1331,objective_updated,395.17,2,1,0,4990
16368,1331,objective_updated,472.8,2,0,1,4990
16372,1331,objective_updated,0,1,0,2,4992
16373,1331,objective_updated,342.95,2,2,1,4992
16374,1331,objective_updated,504.73,3,1,0,4992
16382,1333,objective_updated,314.26,2,0,2,4997
16383,1333,objective_updated,492.32,3,2,1,4997
16384,1333,objective_updated,144.98,1,0,1,4998
16385,1333,objective_updated,320.98,1,1,2,4998
16386,1333,objective_updated,493.79,2,2,0,4998
16387,1333,objective_updated,780.07,2,0,1,4998
16388,1333,objective_updated,121.42,2,0,4,4999
16389,1333,objective_updated,254.04,3,4,3,4999
16390,1333,objective_updated,480.12,4,3,1,4999
16391,1333,objective_updated,647.86,5,1,2,4999
16392,1333,objective_updated,836.99,6,2,3,4999
16393,1333,objective_updated,165.77,1,0,1,5000
16394,1333,objective_updated,430.3,1,1,2,5000
16395,1333,objective_updated,490.06,1,2,3,5000
16396,1333,objective_updated,490.08,2,3,0,5000
16397,1333,objective_updated,569.28,2,0,1,5000
16398,1333,objective_updated,788.53,2,1,2,5000
16429,1337,objective_updated,0,1,0,2,5010
16430,1337,objective_updated,376.25,2,2,0,5010
16431,1337,objective_updated,555.22,3,0,1,5010
16432,1337,objective_updated,70.83,1,0,1,5011
16433,1337,objective_updated,236.44,1,1,2,5011
16434,1337,objective_updated,413.5,1,2,3,5011
16435,1337,objective_updated,413.5,2,3,0,5011
16436,1337,objective_updated,156.89,2,0,3,5012
16437,1337,objective_updated,369.55,3,3,2,5012
16438,1337,objective_updated,550.64,4,2,1,5012
16439,1337,objective_updated,761.77,5,1,4,5012
16440,1337,objective_updated,915.83,6,4,0,5012
16441,1337,objective_updated,72.83,1,0,1,5013
16442,1337,objective_updated,271.7,1,1,2,5013
16443,1337,objective_updated,495.25,2,2,0,5013
16444,1337,objective_updated,641.64,2,0,1,5013
16445,1339,objective_updated,0,1,0,2,5015
16446,1339,objective_updated,169.72,2,2,1,5015
16447,1339,objective_updated,399.63,3,1,0,5015
16448,1339,objective_updated,58.46,1,0,1,5016
16449,1339,objective_updated,390.12,2,1,0,5016
16450,1339,objective_updated,75.21,1,0,1,5018
16451,1339,objective_updated,221.66,1,1,2,5018
16452,1339,objective_updated,448.65,1,2,3,5018
16453,1339,objective_updated,448.65,2,3,0,5018
16459,1340,objective_updated,300.78,2,0,1,5020
16460,1340,objective_updated,622.31,3,1,2,5020
16461,1340,objective_updated,145.79,1,0,1,5021
16462,1340,objective_updated,243.5,1,1,2,5021
16463,1340,objective_updated,366.73,1,2,3,5021
16464,1340,objective_updated,366.73,2,3,0,5021
16465,1340,objective_updated,533.73,2,0,1,5021
16466,1340,objective_updated,761.78,2,1,2,5021
16467,1342,objective_updated,304.7,2,0,2,5023
16468,1342,objective_updated,484.58,3,2,1,5023
16469,1342,objective_updated,192.4,2,0,2,5024
16470,1342,objective_updated,306.43,3,2,4,5024
16471,1342,objective_updated,428.1,4,4,1,5024
16472,1342,objective_updated,543.63,5,1,3,5024
16473,1342,objective_updated,766.45,6,3,2,5024
16477,1342,objective_updated,308.29,2,0,1,5027
16478,1342,objective_updated,503.33,2,1,2,5027
16479,1342,objective_updated,721.28,2,2,3,5027
16486,1347,objective_updated,208.25,2,0,1,5033
16487,1347,objective_updated,424.5,3,1,2,5033
16488,1347,objective_updated,663.25,4,2,4,5033
16489,1347,objective_updated,878.42,5,4,3,5033
16490,1347,objective_updated,1110.98,6,3,1,5033
16495,1347,objective_updated,0,1,0,1,5035
16496,1347,objective_updated,329.07,2,1,0,5035
16497,1347,objective_updated,615.36,3,0,2,5035
16503,1349,objective_updated,0,1,0,1,5038
16504,1349,objective_updated,233.44,2,1,0,5038
16505,1349,objective_updated,541.75,3,0,2,5038
16506,1349,objective_updated,274.82,1,0,1,5039
16507,1349,objective_updated,473.49,1,1,2,5039
16508,1349,objective_updated,578.86,2,2,0,5039
16509,1349,objective_updated,623.37,2,0,1,5039
16510,1349,objective_updated,789.37,2,1,2,5039
16511,1349,objective_updated,1026.79,2,2,3,5039
16512,1349,objective_updated,109,2,0,3,5040
16513,1349,objective_updated,304.83,3,3,2,5040
16514,1349,objective_updated,499.13,4,2,1,5040
16515,1349,objective_updated,626.36,5,1,4,5040
16516,1349,objective_updated,862.31,6,4,1,5040
16517,1349,objective_updated,0,1,0,1,5043
16518,1349,objective_updated,355.3,2,1,0,5043
16519,1349,objective_updated,642.75,3,0,2,5043
16523,1353,objective_updated,181.01,1,0,1,5046
16524,1353,objective_updated,344.06,1,1,2,5046
16525,1353,objective_updated,501.84,2,2,0,5046
16526,1353,objective_updated,76.35,1,0,1,5047
16527,1353,objective_updated,229.62,1,1,2,5047
16528,1353,objective_updated,374,1,2,3,5047
16529,1353,objective_updated,374,2,3,0,5047
16530,1353,objective_updated,458.65,2,0,1,5047
16531,1353,objective_updated,768.65,2,1,2,5047
16532,1354,objective_updated,164.95,2,0,2,5048
16533,1354,objective_updated,46,1,0,1,5049
16534,1354,objective_updated,390.15,2,1,0,5049
16535,1354,objective_updated,450.13,2,0,1,5049
16536,1354,objective_updated,46,1,0,1,5051
16537,1354,objective_updated,390.15,2,1,0,5051
16538,1354,objective_updated,450.13,2,0,1,5051
16539,1354,objective_updated,46,1,0,1,5052
16540,1354,objective_updated,390.15,2,1,0,5052
16541,1354,objective_updated,450.13,2,0,1,5052
16542,1354,objective_updated,46,1,0,1,5053
16543,1354,objective_updated,390.15,2,1,0,5053
16544,1354,objective_updated,450.13,2,0,1,5053
16545,1354,objective_updated,46,1,0,1,5054
16546,1354,objective_updated,390.15,2,1,0,5054
16547,1354,objective_updated,450.13,2,0,1,5054
16548,1354,objective_updated,46,1,0,1,5055
16549,1354,objective_updated,390.15,2,1,0,5055
16550,1354,objective_updated,450.13,2,0,1,5055
16551,1355,objective_updated,46,1,0,1,5056
16552,1355,objective_updated,390.15,2,1,0,5056
16553,1355,objective_updated,450.13,2,0,1,5056
16554,1356,objective_updated,46,1,0,1,5057
16555,1356,objective_updated,390.15,2,1,0,5057
16556,1356,objective_updated,450.13,2,0,1,5057
16557,1354,objective_updated,46,1,0,1,5058
16558,1354,objective_updated,390.15,2,1,0,5058
16559,1354,objective_updated,450.13,2,0,1,5058
16560,1354,objective_updated,46,1,0,1,5060
16561,1354,objective_updated,390.15,2,1,0,5060
16562,1354,objective_updated,450.13,2,0,1,5060
16563,1354,objective_updated,46,1,0,1,5061
16564,1354,objective_updated,390.15,2,1,0,5061
16565,1354,objective_updated,450.13,2,0,1,5061
16566,1358,objective_updated,0,1,0,1,5063
16567,1358,objective_updated,187.47,2,1,2,5063
16568,1358,objective_updated,197.25,2,0,4,5065
16569,1358,objective_updated,397.8,3,4,3,5065
16570,1358,objective_updated,568.82,4,3,2,5065
16571,1358,objective_updated,758.49,5,2,1,5065
16572,1359,objective_updated,0,1,0,2,5066
16573,1359,objective_updated,271.74,2,2,1,5066
16574,1359,objective_updated,95.68,1,0,1,5067
16575,1359,objective_updated,360.44,1,1,2,5067
16576,1359,objective_updated,525.12,2,2,0,5067
16577,1359,objective_updated,585.95,2,0,1,5067
16578,1359,objective_updated,705.95,2,1,2,5067
16579,1359,objective_updated,165.26,2,0,2,5068
16580,1359,objective_updated,406.09,3,2,1,5068
16581,1359,objective_updated,523.81,4,1,3,5068
16586,1360,objective_updated,421.31,2,0,1,5070
16587,1360,objective_updated,604.46,2,1,2,5070
16588,1360,objective_updated,668.25,2,2,3,5070
16589,1360,objective_updated,0,1,0,2,5071
16590,1360,objective_updated,300.64,2,2,1,5071
16591,1360,objective_updated,568.55,3,1,0,5071
16592,1360,objective_updated,91.12,1,0,1,5072
16593,1360,objective_updated,176.8,1,1,2,5072
16594,1360,objective_updated,309.42,1,2,3,5072
16595,1360,objective_updated,309.42,2,3,0,5072
16596,1360,objective_updated,486.34,2,0,1,5072
16597,1360,objective_updated,248.31,2,0,2,5073
16598,1360,objective_updated,471.48,3,2,1,5073
16599,1360,objective_updated,186.29,2,0,1,5075
16600,1360,objective_updated,345.08,3,1,4,5075
16601,1360,objective_updated,472.63,4,4,3,5075
16602,1360,objective_updated,605.42,5,3,2,5075
16603,1362,objective_updated,0,1,0,2,5077
16604,1362,objective_updated,246.54,2,2,0,5077
16605,1362,objective_updated,40.06,1,0,1,5078
16606,1362,objective_updated,395.14,2,1,0,5078
16607,1362,objective_updated,454.95,2,0,1,5078
16608,1362,objective_updated,254.99,1,0,1,5079
16609,1362,objective_updated,443.04,2,1,0,5079
16610,1362,objective_updated,531.25,2,0,1,5079
16611,1363,objective_updated,208.15,2,0,2,5080
16619,1363,objective_updated,75.17,1,0,1,5083
16620,1363,objective_updated,308.72,1,1,2,5083
16621,1363,objective_updated,521.54,2,2,0,5083
16622,1363,objective_updated,691.18,2,0,1,5083
16623,1363,objective_updated,816.26,2,1,2,5083
16624,1363,objective_updated,114.87,2,0,3,5084
16625,1363,objective_updated,230.03,3,3,2,5084
16626,1365,objective_updated,421.31,2,0,1,5085
16627,1365,objective_updated,604.46,2,1,2,5085
16628,1365,objective_updated,668.25,2,2,3,5085
16660,1366,objective_updated,170.06,2,0,2,5096
16661,1366,objective_updated,464.51,3,2,1,5096
16662,1366,objective_updated,206.17,1,0,1,5097
16663,1366,objective_updated,281.11,1,1,2,5097
16664,1366,objective_updated,509.57,2,2,0,5097
16665,1366,objective_updated,675.27,2,0,1,5097
16666,1366,objective_updated,778.45,2,1,2,5097
16667,1366,objective_updated,881.56,2,2,3,5097
16668,1366,objective_updated,157.8,2,0,1,5099
16669,1366,objective_updated,369.79,3,1,4,5099
16670,1366,objective_updated,506.87,4,4,3,5099
16671,1366,objective_updated,658.2,5,3,2,5099
16672,1366,objective_updated,200.69,1,0,1,5100
16673,1366,objective_updated,417.44,2,1,0,5100
16674,1366,objective_updated,465.12,2,0,1,5100
16675,1366,objective_updated,741.82,2,1,2,5100
16676,1366,objective_updated,901.57,2,2,3,5100
16677,1366,objective_updated,208.92,2,0,2,5101
16678,1366,objective_updated,530.73,3,2,1,5101
16679,1371,objective_updated,0,1,0,2,5102
16680,1371,objective_updated,216.75,2,2,1,5102
16681,1371,objective_updated,164.58,2,0,1,5103
16682,1371,objective_updated,364.62,3,1,2,5103
16693,1371,objective_updated,227.19,1,0,1,5106
16694,1371,objective_updated,384.33,1,1,2,5106
16695,1371,objective_updated,460.61,1,2,3,5106
16696,1371,objective_updated,460.61,2,3,0,5106
16697,1371,objective_updated,46.69,1,0,1,5107
16698,1371,objective_updated,174.28,1,1,2,5107
16699,1371,objective_updated,306.88,1,2,3,5107
16700,1371,objective_updated,306.88,2,3,0,5107
16701,1371,objective_updated,549.2,2,0,1,5107
16702,1371,objective_updated,711.09,2,1,2,5107
16703,1372,objective_updated,294.83,2,0,1,5108
16704,1372,objective_updated,581.27,3,1,2,5108
16709,1372,objective_updated,127.9,2,0,4,5110
16710,1372,objective_updated,282.87,3,4,3,5110
16711,1373,objective_updated,0,1,0,2,5111
16712,1373,objective_updated,180.13,2,2,1,5111
16713,1373,objective_updated,421.81,3,1,0,5111
16714,1373,objective_updated,149.87,2,0,2,5113
16715,1373,objective_updated,360.29,3,2,1,5113
16716,1373,objective_updated,545.1,4,1,4,5113
16717,1373,objective_updated,746.33,5,4,3,5113
16718,1373,objective_updated,878.8,6,3,0,5113
16722,1374,objective_updated,73.68,1,0,1,5116
16723,1374,objective_updated,356.43,1,1,2,5116
16724,1374,objective_updated,513.81,2,2,0,5116
16725,1374,objective_updated,583.29,2,0,1,5116
16726,1374,objective_updated,677.09,2,1,2,5116
16727,1374,objective_updated,902.5,2,2,3,5116
16728,1374,objective_updated,139.01,1,0,1,5117
16729,1374,objective_updated,210.54,1,1,2,5117
16730,1374,objective_updated,512.99,2,2,0,5117
16731,1374,objective_updated,629.2,2,0,1,5117
16732,1374,objective_updated,715.66,2,1,2,5117
16733,1374,objective_updated,192.44,2,0,1,5119
16734,1374,objective_updated,429.92,3,1,3,5119
16735,1374,objective_updated,649.83,4,3,4,5119
16736,1374,objective_updated,787.72,5,4,2,5119
16737,1374,objective_updated,945.5,6,2,0,5119
16738,1374,objective_updated,122.11,1,0,1,5120
16739,1374,objective_updated,400.71,2,1,0,5120
16740,1374,objective_updated,504.34,2,0,1,5120
16741,1374,objective_updated,665.81,2,1,2,5120
16742,1374,objective_updated,795.13,2,2,3,5120
16743,1374,objective_updated,0,1,0,1,5121
16744,1374,objective_updated,264.04,2,1,2,5121
16745,1374,objective_updated,430.6,3,2,0,5121
16746,1375,objective_updated,201.86,2,0,1,5122
16747,1375,objective_updated,524.42,3,1,2,5122
16754,1375,objective_updated,105.13,1,0,1,5124
16755,1375,objective_updated,229.14,1,1,2,5124
16756,1375,objective_updated,373.37,1,2,3,5124
16757,1375,objective_updated,373.37,2,3,0,5124
16762,1375,objective_updated,113.53,2,0,3,5126
16763,1375,objective_updated,280.76,3,3,2,5126
16764,1375,objective_updated,472.51,4,2,4,5126
16765,1375,objective_updated,630.88,5,4,1,5126
16766,1375,objective_updated,166.97,1,0,1,5128
16767,1375,objective_updated,390.2,2,1,0,5128
16768,1375,objective_updated,453.57,2,0,1,5128
16769,1375,objective_updated,617.22,2,1,2,5128
16770,1375,objective_updated,758.47,2,2,3,5128
16771,1376,objective_updated,0,1,0,1,5129
16772,1376,objective_updated,336.24,2,1,2,5129
16773,1376,objective_updated,683.36,3,2,0,5129
16774,1377,objective_updated,85.31,1,0,1,5130
16775,1377,objective_updated,375.16,1,1,2,5130
16776,1377,objective_updated,513.74,2,2,0,5130
16777,1377,objective_updated,710.52,2,0,1,5130
16778,1377,objective_updated,928.78,2,1,2,5130
16779,1377,objective_updated,1089.14,2,2,3,5130
16780,1377,objective_updated,88.24,1,0,1,5131
16781,1377,objective_updated,243.03,1,1,2,5131
16782,1377,objective_updated,454.2,1,2,3,5131
16783,1377,objective_updated,454.2,2,3,0,5131
16784,1377,objective_updated,498.18,2,0,1,5131
16785,1377,objective_updated,738.05,2,1,2,5131
16786,1377,objective_updated,792.39,2,2,3,5131
16787,1377,objective_updated,85.31,1,0,1,5132
16788,1377,objective_updated,375.16,1,1,2,5132
16789,1377,objective_updated,513.74,2,2,0,5132
16790,1377,objective_updated,710.52,2,0,1,5132
16791,1377,objective_updated,928.78,2,1,2,5132
16792,1377,objective_updated,1089.14,2,2,3,5132
16793,1377,objective_updated,0,1,0,1,5133
16794,1377,objective_updated,336.24,2,1,2,5133
16795,1377,objective_updated,683.36,3,2,0,5133
16796,1379,objective_updated,0,1,0,2,5134
16797,1379,objective_updated,213.55,2,2,1,5134
16798,1379,objective_updated,543.04,3,1,0,5134
16799,1379,objective_updated,70.8,1,0,1,5135
16800,1379,objective_updated,160.81,1,1,2,5135
16801,1379,objective_updated,272.53,1,2,3,5135
16802,1379,objective_updated,272.55,2,3,0,5135
16803,1379,objective_updated,337.75,2,0,1,5135
16804,1379,objective_updated,248.43,2,0,3,5136
16805,1379,objective_updated,384.46,3,3,4,5136
16806,1379,objective_updated,572.42,4,4,1,5136
16807,1379,objective_updated,779.19,5,1,2,5136
16808,1379,objective_updated,979.11,6,2,4,5136
16809,1379,objective_updated,149.17,1,0,1,5138
16810,1379,objective_updated,406.26,2,1,0,5138
16811,1379,objective_updated,498.24,2,0,1,5138
16812,1379,objective_updated,749.12,2,1,2,5138
16813,1379,objective_updated,838.09,2,2,3,5138
16820,1380,objective_updated,0,1,0,1,5141
16821,1380,objective_updated,173.36,2,1,0,5141
16822,1380,objective_updated,433.31,3,0,2,5141
16823,1380,objective_updated,501.68,2,0,1,5142
16824,1380,objective_updated,148.56,2,0,2,5143
16825,1380,objective_updated,280.92,3,2,1,5143
16826,1380,objective_updated,490.15,4,1,3,5143
16827,1380,objective_updated,607.8,5,3,4,5143
16828,1380,objective_updated,61.1,1,0,1,5144
16829,1380,objective_updated,161.99,1,1,2,5144
16830,1380,objective_updated,234.74,1,2,3,5144
16831,1380,objective_updated,234.74,2,3,0,5144
16832,1380,objective_updated,343.83,2,0,1,5144
16833,1380,objective_updated,110.97,1,0,1,5146
16834,1380,objective_updated,382.4,1,1,2,5146
16835,1380,objective_updated,441.48,1,2,3,5146
16836,1380,objective_updated,441.48,2,3,0,5146
16837,1380,objective_updated,509.33,2,0,1,5146
16857,1389,objective_updated,65.05,1,0,1,5153
16858,1389,objective_updated,266.37,1,1,2,5153
16859,1389,objective_updated,335.64,1,2,3,5153
16860,1389,objective_updated,335.64,2,3,0,5153
16861,1389,objective_updated,410.12,2,0,1,5153
16862,1389,objective_updated,241.13,2,0,2,5154
16863,1389,objective_updated,421.57,3,2,1,5154
16864,1389,objective_updated,560.42,4,1,4,5154
16865,1389,objective_updated,774.85,5,4,3,5154
16866,1389,objective_updated,65.79,1,0,1,5155
16867,1389,objective_updated,156.21,1,1,2,5155
16868,1389,objective_updated,441.76,1,2,3,5155
16869,1389,objective_updated,441.78,2,3,0,5155
16870,1390,objective_updated,71.39,1,0,1,5157
16871,1390,objective_updated,163.93,1,1,2,5157
16872,1390,objective_updated,279.56,1,2,3,5157
16873,1390,objective_updated,279.56,2,3,0,5157
16874,1390,objective_updated,148.45,1,0,1,5159
16875,1390,objective_updated,421.41,2,1,0,5159
16876,1390,objective_updated,470.55,2,0,1,5159
16877,1390,objective_updated,542.56,2,1,2,5159
16878,1390,objective_updated,667.29,2,2,3,5159
16879,1390,objective_updated,332.53,2,0,1,5160
16880,1390,objective_updated,463.04,2,1,2,5160
16881,1390,objective_updated,598.32,2,2,3,5160
16882,1391,objective_updated,0,1,0,2,5161
16883,1391,objective_updated,205.8,2,2,0,5161
16884,1391,objective_updated,540.44,3,0,1,5161
16892,1392,objective_updated,65.82,1,0,1,5165
16893,1392,objective_updated,193,1,1,2,5165
16894,1392,objective_updated,309.55,1,2,3,5165
16895,1392,objective_updated,309.56,2,3,0,5165
16896,1392,objective_updated,463.12,2,0,1,5165
16897,1392,objective_updated,640.49,2,1,2,5165
16903,1392,objective_updated,258.22,1,0,1,5168
16904,1392,objective_updated,442.08,2,1,0,5168
16905,1393,objective_updated,140.51,2,0,1,5171
16906,1393,objective_updated,322.24,3,1,3,5171
16907,1393,objective_updated,441.01,4,3,2,5171
16908,1393,objective_updated,559.55,5,2,4,5171
16909,1393,objective_updated,789.24,6,4,1,5171
16910,1393,objective_updated,0,1,0,2,5173
16911,1393,objective_updated,329.81,2,2,0,5173
16912,1393,objective_updated,527.7,3,0,1,5173
16913,1393,objective_updated,56.24,1,0,1,5174
16914,1393,objective_updated,334.36,1,1,2,5174
16915,1393,objective_updated,508.92,2,2,0,5174
16916,1393,objective_updated,722.9,2,0,1,5174
16917,1393,objective_updated,920.02,2,1,2,5174
16923,1394,objective_updated,148.95,2,0,4,5177
16924,1394,objective_updated,299.87,3,4,2,5177
16925,1394,objective_updated,494.24,4,2,3,5177
16926,1394,objective_updated,722.52,5,3,1,5177
16927,1394,objective_updated,954.68,6,1,0,5177
16928,1394,objective_updated,74.25,1,0,1,5178
16929,1394,objective_updated,166.89,1,1,2,5178
16930,1394,objective_updated,271.77,1,2,3,5178
16931,1394,objective_updated,271.79,2,3,0,5178
16938,1395,objective_updated,63.6,1,0,1,5180
16939,1395,objective_updated,220.85,1,1,2,5180
16940,1395,objective_updated,419.83,1,2,3,5180
16941,1395,objective_updated,419.83,2,3,0,5180
16942,1396,objective_updated,0,1,0,2,5181
16943,1396,objective_updated,237.21,2,2,1,5181
16944,1396,objective_updated,412.38,3,1,0,5181
16945,1396,objective_updated,80.65,1,0,1,5182
16946,1396,objective_updated,279.95,1,1,2,5182
16947,1396,objective_updated,502.61,2,2,0,5182
16948,1396,objective_updated,559.5,2,0,1,5182
16949,1396,objective_updated,650.54,2,1,2,5182
16950,1396,objective_updated,820.87,2,2,3,5182
16951,1396,objective_updated,76.59,1,0,1,5184
16952,1396,objective_updated,255.36,1,1,2,5184
16953,1396,objective_updated,483.83,1,2,3,5184
16954,1396,objective_updated,483.85,2,3,0,5184
16955,1396,objective_updated,732.2,2,0,1,5184
16956,1396,objective_updated,892.09,2,1,2,5184
16957,1396,objective_updated,117.72,2,0,4,5185
16958,1396,objective_updated,272.55,3,4,1,5185
16959,1396,objective_updated,428.56,4,1,3,5185
16960,1396,objective_updated,640.05,5,3,2,5185
16961,1396,objective_updated,772.73,6,2,1,5185
16962,1397,objective_updated,0,1,0,2,5186
16963,1397,objective_updated,229.59,2,2,1,5186
16964,1397,objective_updated,502.79,3,1,0,5186
16965,1397,objective_updated,348.09,2,0,1,5187
16966,1397,objective_updated,427.33,2,1,2,5187
16967,1397,objective_updated,539.47,2,2,3,5187
16968,1397,objective_updated,110.76,2,0,1,5188
16969,1397,objective_updated,224.82,3,1,2,5188
16970,1397,objective_updated,344.53,4,2,4,5188
16971,1397,objective_updated,478.29,5,4,3,5188
16972,1397,objective_updated,68.83,1,0,1,5189
16973,1397,objective_updated,396.78,2,1,0,5189
16974,1397,objective_updated,567.11,2,0,1,5189
16975,1397,objective_updated,796.56,2,1,2,5189
16976,1398,objective_updated,0,1,0,2,5190
16977,1398,objective_updated,266.12,2,2,1,5190
16978,1398,objective_updated,497.37,3,1,0,5190
16979,1398,objective_updated,112.11,2,0,3,5191
16980,1398,objective_updated,259.16,3,3,4,5191
16981,1398,objective_updated,443.72,4,4,2,5191
16982,1398,objective_updated,655.57,5,2,1,5191
16983,1398,objective_updated,79.68,1,0,1,5192
16984,1398,objective_updated,259.08,1,1,2,5192
16985,1398,objective_updated,316.13,1,2,3,5192
16986,1398,objective_updated,316.13,2,3,0,5192
16987,1398,objective_updated,547.69,2,0,1,5192
16988,1398,objective_updated,655.62,2,1,2,5192
16989,1398,objective_updated,802.9,2,2,3,5192
16990,1398,objective_updated,92.49,1,0,1,5193
16991,1398,objective_updated,230.91,1,1,2,5193
16992,1398,objective_updated,505.71,2,2,0,5193
16993,1398,objective_updated,603.2,2,0,1,5193
16994,1398,objective_updated,671.25,2,1,2,5193
16995,1398,objective_updated,842.2,2,2,3,5193
16996,1398,objective_updated,100.7,1,0,1,5194
16997,1398,objective_updated,385.16,1,1,2,5194
16998,1398,objective_updated,497.36,2,2,0,5194
16999,1398,objective_updated,577.38,2,0,1,5194
17000,1398,objective_updated,849.76,2,1,2,5194
17001,1400,objective_updated,83.32,1,0,1,5195
17002,1401,objective_updated,107.15,1,0,1,5196
17003,1401,objective_updated,231.89,1,1,2,5196
17004,1401,objective_updated,297.58,1,2,3,5196
17005,1401,objective_updated,297.59,2,3,0,5196
17006,1401,objective_updated,467.58,2,0,1,5196
17007,1401,objective_updated,697.03,2,1,2,5196
17008,1401,objective_updated,797.04,2,2,3,5196
17009,1401,objective_updated,797.06,3,3,0,5196
17010,1401,objective_updated,132.22,2,0,3,5197
17011,1401,objective_updated,336.62,3,3,2,5197
17012,1401,objective_updated,524.59,4,2,4,5197
17013,1401,objective_updated,682.15,5,4,1,5197
17014,1401,objective_updated,835.19,6,1,0,5197
17015,1401,objective_updated,128.68,1,0,1,5198
17016,1401,objective_updated,209.9,1,1,2,5198
17017,1401,objective_updated,332.14,1,2,3,5198
17018,1401,objective_updated,332.14,2,3,0,5198
17019,1401,objective_updated,426,2,0,1,5198
17020,1401,objective_updated,494.51,2,1,2,5198
17021,1401,objective_updated,82.97,1,0,1,5199
17022,1401,objective_updated,244.62,1,1,2,5199
17023,1401,objective_updated,396.85,1,2,3,5199
17024,1401,objective_updated,396.87,2,3,0,5199
17025,1401,objective_updated,522.64,2,0,1,5199
17026,1401,objective_updated,690.1,2,1,2,5199
17027,1404,objective_updated,0,1,0,1,5201
17028,1404,objective_updated,300.09,2,1,0,5201
17029,1404,objective_updated,625.98,3,0,2,5201
17030,1404,objective_updated,173.9,1,0,1,5203
17031,1404,objective_updated,415.61,2,1,0,5203
17032,1404,objective_updated,637.14,2,0,1,5203
17033,1404,objective_updated,380.43,2,0,1,5204
17034,1404,objective_updated,446.25,2,1,2,5204
17035,1404,objective_updated,515.12,2,2,3,5204
17036,1404,objective_updated,122.91,2,0,1,5206
17037,1404,objective_updated,285.61,3,1,3,5206
17038,1404,objective_updated,537.78,4,3,2,5206
17039,1404,objective_updated,673.72,5,2,4,5206
17040,1404,objective_updated,857.86,6,4,2,5206
17041,1405,objective_updated,0,1,0,1,5207
17042,1405,objective_updated,300.09,2,1,0,5207
17043,1405,objective_updated,625.98,3,0,2,5207
17044,1406,objective_updated,0,1,0,1,5208
17045,1406,objective_updated,300.09,2,1,0,5208
17046,1406,objective_updated,625.98,3,0,2,5208
17047,1406,objective_updated,173.9,1,0,1,5210
17048,1406,objective_updated,415.61,2,1,0,5210
17049,1406,objective_updated,637.14,2,0,1,5210
17053,1406,objective_updated,122.91,2,0,1,5213
17054,1406,objective_updated,285.61,3,1,3,5213
17055,1406,objective_updated,537.78,4,3,2,5213
17056,1406,objective_updated,673.72,5,2,4,5213
17057,1406,objective_updated,857.86,6,4,2,5213
17058,1407,objective_updated,309.31,2,0,2,5214
17059,1407,objective_updated,605.32,3,2,1,5214
17060,1407,objective_updated,141.58,2,0,1,5215
17061,1407,objective_updated,312.29,3,1,4,5215
17062,1407,objective_updated,477.7,4,4,2,5215
17063,1407,objective_updated,685.84,5,2,3,5215
17064,1407,objective_updated,63.9,1,0,1,5217
17065,1407,objective_updated,295.12,1,1,2,5217
17066,1407,objective_updated,369.22,1,2,3,5217
17067,1407,objective_updated,369.24,2,3,0,5217
17068,1407,objective_updated,461.55,2,0,1,5217
17069,1407,objective_updated,141.58,2,0,1,5218
17070,1407,objective_updated,312.29,3,1,4,5218
17071,1407,objective_updated,477.7,4,4,2,5218
17072,1407,objective_updated,685.84,5,2,3,5218
17083,1408,objective_updated,182.11,2,0,4,5223
17084,1408,objective_updated,404.02,3,4,1,5223
17085,1408,objective_updated,524.26,4,1,2,5223
17086,1408,objective_updated,704.98,5,2,3,5223
17087,1409,objective_updated,0,1,0,1,5224
17088,1409,objective_updated,169.91,2,1,0,5224
17089,1409,objective_updated,518.28,3,0,2,5224
17090,1409,objective_updated,136.27,2,0,2,5225
17091,1409,objective_updated,253.39,3,2,1,5225
17092,1409,objective_updated,416.72,4,1,4,5225
17093,1409,objective_updated,599.01,5,4,3,5225
17094,1409,objective_updated,753.72,6,3,0,5225
17095,1409,objective_updated,113.64,1,0,1,5227
17096,1409,objective_updated,338.27,1,1,2,5227
17097,1409,objective_updated,400.68,1,2,3,5227
17098,1409,objective_updated,400.68,2,3,0,5227
17099,1409,objective_updated,602.86,2,0,1,5227
17100,1409,objective_updated,821.97,2,1,2,5227
17101,1409,objective_updated,891.38,2,2,3,5227
17102,1409,objective_updated,0,1,0,1,5228
17103,1409,objective_updated,208.19,2,1,2,5228
17104,1409,objective_updated,431.17,3,2,0,5228
17105,1410,objective_updated,0,1,0,2,5229
17106,1410,objective_updated,197.81,2,2,0,5229
17107,1410,objective_updated,543.68,3,0,1,5229
17108,1410,objective_updated,0,1,0,2,5230
17109,1410,objective_updated,197.81,2,2,0,5230
17110,1410,objective_updated,543.68,3,0,1,5230
17111,1410,objective_updated,76.57,1,0,1,5231
17112,1410,objective_updated,247.26,1,1,2,5231
17113,1410,objective_updated,480.21,2,2,0,5231
17114,1410,objective_updated,130.44,2,0,2,5232
17115,1410,objective_updated,266.78,3,2,1,5232
17116,1410,objective_updated,474.67,4,1,4,5232
17117,1410,objective_updated,720.3,5,4,3,5232
17118,1410,objective_updated,942.95,6,3,0,5232
17119,1410,objective_updated,201.3,1,0,1,5233
17120,1410,objective_updated,360.04,1,1,2,5233
17121,1410,objective_updated,551.32,2,2,0,5233
17122,1410,objective_updated,641.04,2,0,1,5233
17123,1410,objective_updated,769.85,2,1,2,5233
17124,1410,objective_updated,919.32,2,2,3,5233
17125,1411,objective_updated,0,1,0,1,5235
17126,1411,objective_updated,263.08,2,1,2,5235
17127,1411,objective_updated,493.94,3,2,0,5235
17128,1411,objective_updated,125.23,2,0,3,5236
17129,1411,objective_updated,317.45,3,3,4,5236
17130,1411,objective_updated,487.52,4,4,1,5236
17131,1411,objective_updated,643.95,5,1,2,5236
17132,1411,objective_updated,940.29,6,2,3,5236
17133,1411,objective_updated,319.14,2,0,1,5237
17134,1411,objective_updated,466.02,2,1,2,5237
17135,1411,objective_updated,601.35,2,2,3,5237
17136,1411,objective_updated,392.92,2,0,1,5238
17137,1411,objective_updated,482.35,2,1,2,5238
17138,1411,objective_updated,650.3,2,2,3,5238
17139,1412,objective_updated,0,1,0,2,5240
17140,1412,objective_updated,314.28,2,2,0,5240
17141,1412,objective_updated,565.41,3,0,1,5240
17142,1413,objective_updated,0,1,0,2,5241
17143,1413,objective_updated,314.28,2,2,0,5241
17144,1413,objective_updated,565.41,3,0,1,5241
17145,1412,objective_updated,239.08,1,0,1,5242
17146,1412,objective_updated,363.95,1,1,2,5242
17147,1412,objective_updated,487.31,2,2,0,5242
17148,1412,objective_updated,604.71,2,0,1,5242
17149,1412,objective_updated,698.87,2,1,2,5242
17150,1412,objective_updated,825.69,2,2,3,5242
17151,1412,objective_updated,110.62,2,0,2,5243
17152,1412,objective_updated,247.95,3,2,3,5243
17153,1412,objective_updated,385.84,4,3,1,5243
17154,1412,objective_updated,592.94,5,1,4,5243
17155,1412,objective_updated,120.92,1,0,1,5244
17156,1412,objective_updated,315.33,1,1,2,5244
17157,1412,objective_updated,521.54,1,2,3,5244
17158,1412,objective_updated,521.54,2,3,0,5244
17159,1412,objective_updated,577.01,2,0,1,5244
17160,1412,objective_updated,854.52,2,1,2,5244
17161,1414,objective_updated,288.25,2,0,2,5247
17162,1414,objective_updated,513.97,3,2,1,5247
17163,1414,objective_updated,201.77,1,0,1,5248
17164,1414,objective_updated,395.16,2,1,0,5248
17165,1414,objective_updated,444.78,2,0,1,5248
17166,1414,objective_updated,665.31,2,1,2,5248
17167,1414,objective_updated,795.46,2,2,3,5248
17168,1414,objective_updated,409.88,2,0,1,5249
17176,1419,objective_updated,0,1,0,1,5254
17177,1419,objective_updated,343.8,2,1,2,5254
17178,1419,objective_updated,543.32,3,2,0,5254
17179,1420,objective_updated,0,1,0,1,5255
17180,1420,objective_updated,180.53,2,1,0,5255
17181,1420,objective_updated,368.09,3,0,2,5255
17182,1420,objective_updated,416.17,2,0,1,5257
17183,1420,objective_updated,608.33,2,1,2,5257
17184,1420,objective_updated,689.71,2,2,3,5257
17185,1420,objective_updated,111.5,2,0,2,5258
17186,1420,objective_updated,256.81,3,2,4,5258
17187,1420,objective_updated,395.8,4,4,1,5258
17188,1420,objective_updated,608.68,5,1,3,5258
17189,1420,objective_updated,111.5,2,0,2,5259
17190,1420,objective_updated,256.81,3,2,4,5259
17191,1420,objective_updated,395.8,4,4,1,5259
17192,1420,objective_updated,608.68,5,1,3,5259
17193,1420,objective_updated,111.5,2,0,2,5260
17194,1420,objective_updated,256.81,3,2,4,5260
17195,1420,objective_updated,395.8,4,4,1,5260
17196,1420,objective_updated,608.68,5,1,3,5260
17214,1419,objective_updated,65.33,1,0,1,5266
17215,1419,objective_updated,243.64,1,1,2,5266
17216,1419,objective_updated,406.4,1,2,3,5266
17217,1419,objective_updated,406.4,2,3,0,5266
17218,1419,objective_updated,630.07,2,0,1,5266
17219,1419,objective_updated,75.98,1,0,1,5267
17220,1419,objective_updated,268.55,1,1,2,5267
17221,1419,objective_updated,381.43,1,2,3,5267
17222,1419,objective_updated,381.43,2,3,0,5267
17223,1419,objective_updated,135,2,0,2,5269
17224,1419,objective_updated,249.07,3,2,1,5269
17225,1419,objective_updated,463.86,4,1,3,5269
17226,1419,objective_updated,660.32,5,3,4,5269
17227,1419,objective_updated,899.12,6,4,0,5269
17228,1419,objective_updated,0,1,0,1,5270
17229,1419,objective_updated,294.87,2,1,0,5270
17230,1419,objective_updated,610.32,3,0,2,5270
17231,1426,objective_updated,0,1,0,1,5271
17232,1426,objective_updated,186.5,2,1,2,5271
17233,1426,objective_updated,462.79,3,2,0,5271
17234,1426,objective_updated,192.74,1,0,1,5272
17235,1426,objective_updated,263.88,1,1,2,5272
17236,1426,objective_updated,436.33,1,2,3,5272
17237,1426,objective_updated,436.33,2,3,0,5272
17238,1426,objective_updated,552.29,2,0,1,5272
17239,1426,objective_updated,638,2,1,2,5272
17240,1426,objective_updated,169.61,2,0,3,5274
17241,1426,objective_updated,393.84,3,3,2,5274
17242,1426,objective_updated,572.96,4,2,4,5274
17243,1426,objective_updated,720.68,5,4,1,5274
17244,1426,objective_updated,923.08,6,1,4,5274
17245,1426,objective_updated,199.17,1,0,1,5275
17246,1426,objective_updated,385.05,1,1,2,5275
17247,1426,objective_updated,511.76,2,2,0,5275
17248,1426,objective_updated,593.42,2,0,1,5275
17249,1426,objective_updated,794.82,2,1,2,5275
17250,1426,objective_updated,878.87,2,2,3,5275
17251,1427,objective_updated,205.83,2,0,1,5277
17252,1427,objective_updated,389.87,3,1,2,5277
17253,1427,objective_updated,175.64,2,0,2,5278
17254,1427,objective_updated,314.88,3,2,4,5278
17255,1427,objective_updated,454.11,4,4,3,5278
17256,1427,objective_updated,577.81,5,3,1,5278
17257,1427,objective_updated,753.17,6,1,4,5278
17258,1427,objective_updated,149.36,1,0,1,5279
17259,1427,objective_updated,255.12,1,1,2,5279
17260,1427,objective_updated,346.25,1,2,3,5279
17261,1427,objective_updated,346.25,2,3,0,5279
17262,1428,objective_updated,0,1,0,1,5281
17263,1428,objective_updated,178.45,2,1,0,5281
17264,1428,objective_updated,450.88,3,0,2,5281
17265,1428,objective_updated,106.4,2,0,2,5282
17266,1428,objective_updated,300.29,3,2,4,5282
17267,1428,objective_updated,474.49,4,4,1,5282
17268,1428,objective_updated,617.05,5,1,3,5282
17269,1428,objective_updated,766.58,6,3,4,5282
17270,1428,objective_updated,47.07,1,0,1,5283
17271,1428,objective_updated,244.6,1,1,2,5283
17272,1428,objective_updated,321.77,1,2,3,5283
17273,1428,objective_updated,321.77,2,3,0,5283
17274,1428,objective_updated,445.49,2,0,1,5283
17275,1428,objective_updated,136.83,1,0,1,5284
17276,1428,objective_updated,441.76,1,1,2,5284
17277,1428,objective_updated,589.66,1,2,3,5284
17278,1428,objective_updated,589.66,2,3,0,5284
17279,1428,objective_updated,821.59,2,0,1,5284
17280,1428,objective_updated,916,2,1,2,5284
17281,1428,objective_updated,998.95,2,2,3,5284
17282,1429,objective_updated,338.73,2,0,2,5286
17283,1429,objective_updated,619.63,3,2,1,5286
17284,1429,objective_updated,238.07,1,0,1,5288
17285,1429,objective_updated,421.1,2,1,0,5288
17286,1429,objective_updated,513.37,2,0,1,5288
17287,1429,objective_updated,676.12,2,1,2,5288
17288,1429,objective_updated,745.45,2,2,3,5288
17289,1429,objective_updated,90.35,1,0,1,5289
17290,1429,objective_updated,236.57,1,1,2,5289
17291,1429,objective_updated,516.84,2,2,0,5289
17292,1429,objective_updated,575.39,2,0,1,5289
17293,1429,objective_updated,707.47,2,1,2,5289
17294,1429,objective_updated,837.06,2,2,3,5289
17295,1429,objective_updated,110.2,2,0,1,5290
17296,1429,objective_updated,290.23,3,1,2,5290
17297,1429,objective_updated,445.45,4,2,3,5290
17298,1429,objective_updated,599.93,5,3,4,5290
17299,1429,objective_updated,774.24,6,4,3,5290
17300,1430,objective_updated,119.05,1,0,1,5292
17301,1430,objective_updated,416.97,2,1,0,5292
17302,1430,objective_updated,537.91,2,0,1,5292
17303,1430,objective_updated,824.3,2,1,2,5292
17304,1430,objective_updated,127.22,1,0,1,5293
17305,1430,objective_updated,191.46,1,1,2,5293
17306,1430,objective_updated,426.05,1,2,3,5293
17307,1430,objective_updated,426.05,2,3,0,5293
17308,1430,objective_updated,623.2,2,0,1,5293
17309,1430,objective_updated,830.78,2,1,2,5293
17310,1430,objective_updated,155,1,0,1,5294
17311,1430,objective_updated,364.47,1,1,2,5294
17312,1430,objective_updated,476.43,1,2,3,5294
17313,1430,objective_updated,476.44,2,3,0,5294
17314,1430,objective_updated,554.25,2,0,1,5294
17315,1430,objective_updated,691.85,2,1,2,5294
17316,1430,objective_updated,767.57,2,2,3,5294
17317,1431,objective_updated,317.46,2,0,1,5296
17318,1431,objective_updated,562.45,3,1,2,5296
17319,1431,objective_updated,240.47,1,0,1,5297
17320,1431,objective_updated,421.71,1,1,2,5297
17321,1431,objective_updated,511.77,2,2,0,5297
17322,1431,objective_updated,750.24,2,0,1,5297
17323,1431,objective_updated,818.6,2,1,2,5297
17324,1431,objective_updated,1024.1,2,2,3,5297
17325,1431,objective_updated,437.97,2,0,1,5298
17326,1431,objective_updated,151.09,1,0,1,5299
17327,1431,objective_updated,261.39,1,1,2,5299
17328,1431,objective_updated,412.04,1,2,3,5299
17329,1431,objective_updated,412.04,2,3,0,5299
17330,1431,objective_updated,466.69,2,0,1,5299
17331,1431,objective_updated,632.72,2,1,2,5299
17332,1431,objective_updated,706.63,2,2,3,5299
17333,1431,objective_updated,126.71,2,0,2,5300
17334,1431,objective_updated,257.29,3,2,4,5300
17335,1431,objective_updated,386.09,4,4,3,5300
17336,1431,objective_updated,617.53,5,3,1,5300
17337,1432,objective_updated,0,1,0,2,5301
17338,1432,objective_updated,319.75,2,2,1,5301
17339,1432,objective_updated,499.18,3,1,0,5301
17340,1432,objective_updated,193.48,2,0,4,5302
17341,1432,objective_updated,364.67,3,4,2,5302
17342,1432,objective_updated,479.73,4,2,3,5302
17343,1432,objective_updated,644.48,5,3,1,5302
17344,1432,objective_updated,369.83,2,0,1,5303
17345,1432,objective_updated,483.15,2,1,2,5303
17346,1432,objective_updated,566.35,2,2,3,5303
17347,1432,objective_updated,442.72,2,0,1,5306
17348,1432,objective_updated,513.58,2,1,2,5306
17349,1432,objective_updated,681.82,2,2,3,5306
17356,1434,objective_updated,72.49,1,0,1,5309
17357,1434,objective_updated,340.25,1,1,2,5309
17358,1434,objective_updated,502.26,2,2,0,5309
17359,1434,objective_updated,578.11,2,0,1,5309
17360,1434,objective_updated,700.83,2,1,2,5309
17361,1434,objective_updated,979.92,2,2,3,5309
17362,1434,objective_updated,0,1,0,2,5310
17363,1434,objective_updated,322.16,2,2,0,5310
17364,1434,objective_updated,663.47,3,0,1,5310
17365,1420,objective_updated,44.9,1,0,1,5313
17366,1420,objective_updated,222.53,1,1,2,5313
17367,1420,objective_updated,454.8,1,2,3,5313
17368,1420,objective_updated,454.8,2,3,0,5313
17369,1420,objective_updated,688.74,2,0,1,5313
17370,1420,objective_updated,816.84,2,1,2,5313
17371,1420,objective_updated,891.95,2,2,3,5313
17372,1434,objective_updated,44.9,1,0,1,5316
17373,1434,objective_updated,222.53,1,1,2,5316
17374,1434,objective_updated,454.8,1,2,3,5316
17375,1434,objective_updated,454.8,2,3,0,5316
17376,1434,objective_updated,688.74,2,0,1,5316
17377,1434,objective_updated,816.84,2,1,2,5316
17378,1434,objective_updated,891.95,2,2,3,5316
17383,1436,objective_updated,0,1,0,1,5319
17384,1436,objective_updated,320.51,2,1,2,5319
17385,1436,objective_updated,530.93,3,2,0,5319
17386,1436,objective_updated,0,1,0,2,5320
17387,1436,objective_updated,181.25,2,2,1,5320
17388,1436,objective_updated,481.37,3,1,0,5320
17389,1436,objective_updated,80.48,1,0,1,5322
17390,1436,objective_updated,151.75,1,1,2,5322
17391,1436,objective_updated,425.14,1,2,3,5322
17392,1436,objective_updated,425.16,2,3,0,5322
17393,1436,objective_updated,521.09,2,0,1,5322
17394,1436,objective_updated,731.83,2,1,2,5322
17395,1436,objective_updated,866.9,2,2,3,5322
17396,1436,objective_updated,121.4,2,0,3,5323
17397,1436,objective_updated,244.76,3,3,2,5323
17398,1436,objective_updated,453.35,4,2,4,5323
17399,1436,objective_updated,607.54,5,4,1,5323
17400,1437,objective_updated,0,1,0,1,5324
17401,1437,objective_updated,218.83,2,1,0,5324
17402,1437,objective_updated,557.71,3,0,2,5324
17403,1437,objective_updated,155.64,1,0,1,5325
17404,1437,objective_updated,302.7,1,1,2,5325
17405,1437,objective_updated,407.74,1,2,3,5325
17406,1437,objective_updated,407.74,2,3,0,5325
17407,1437,objective_updated,652.11,2,0,1,5325
17408,1437,objective_updated,70.51,1,0,1,5326
17409,1437,objective_updated,227.7,1,1,2,5326
17410,1437,objective_updated,292.6,1,2,3,5326
17411,1437,objective_updated,292.62,2,3,0,5326
17412,1437,objective_updated,457.55,2,0,1,5326
17413,1437,objective_updated,573.31,2,1,2,5326
17414,1437,objective_updated,111.02,1,0,1,5328
17415,1437,objective_updated,186.35,1,1,2,5328
17416,1437,objective_updated,321.42,1,2,3,5328
17417,1437,objective_updated,321.43,2,3,0,5328
17418,1437,objective_updated,461.47,2,0,1,5328
17419,1437,objective_updated,563.79,2,1,2,5328
17420,1437,objective_updated,709.29,2,2,3,5328
17421,1438,objective_updated,0,1,0,2,5329
17422,1438,objective_updated,181.87,2,2,1,5329
17423,1438,objective_updated,474.1,3,1,0,5329
17424,1438,objective_updated,0,1,0,2,5330
17425,1438,objective_updated,352.03,2,2,0,5330
17426,1438,objective_updated,510.38,3,0,1,5330
17427,1438,objective_updated,183.17,1,0,1,5333
17428,1438,objective_updated,374.27,1,1,2,5333
17429,1438,objective_updated,501.05,2,2,0,5333
17430,1438,objective_updated,580.97,2,0,1,5333
17431,1439,objective_updated,178.57,1,0,1,5334
17432,1439,objective_updated,398.64,2,1,0,5334
17433,1439,objective_updated,649.11,2,0,1,5334
17434,1439,objective_updated,220.99,1,0,1,5336
17435,1439,objective_updated,400.07,2,1,0,5336
17436,1439,objective_updated,108.27,2,0,4,5337
17437,1439,objective_updated,316.51,3,4,2,5337
17438,1439,objective_updated,451.69,4,2,3,5337
17439,1439,objective_updated,647.43,5,3,1,5337
17440,1439,objective_updated,781.31,6,1,3,5337
17441,1439,objective_updated,0,1,0,2,5338
17442,1439,objective_updated,268.67,2,2,1,5338
17443,1439,objective_updated,441.06,3,1,0,5338
17444,1440,objective_updated,254.99,2,0,2,5339
17445,1440,objective_updated,550.59,3,2,1,5339
17446,1440,objective_updated,266.96,1,0,1,5342
17447,1440,objective_updated,448.63,1,1,2,5342
17448,1440,objective_updated,552.53,2,2,0,5342
17449,1440,objective_updated,644.1,2,0,1,5342
17450,1440,objective_updated,784.83,2,1,2,5342
17451,1440,objective_updated,879.89,2,2,3,5342
17452,1440,objective_updated,110.7,2,0,1,5343
17453,1440,objective_updated,336.27,3,1,4,5343
17454,1440,objective_updated,451.06,4,4,3,5343
17455,1440,objective_updated,635.16,5,3,2,5343
17456,1440,objective_updated,768.94,6,2,0,5343
17457,1440,objective_updated,123.91,1,0,1,5344
17458,1440,objective_updated,256.14,1,1,2,5344
17459,1440,objective_updated,467.82,1,2,3,5344
17460,1440,objective_updated,467.82,2,3,0,5344
17461,1440,objective_updated,539.38,2,0,1,5344
17462,1440,objective_updated,838.21,2,1,2,5344
17463,1440,objective_updated,917.24,2,2,3,5344
17464,1440,objective_updated,917.24,3,3,0,5344
17465,1441,objective_updated,48.75,1,0,1,5345
17466,1441,objective_updated,146.21,1,1,2,5345
17467,1441,objective_updated,307.56,1,2,3,5345
17468,1441,objective_updated,307.57,2,3,0,5345
17469,1441,objective_updated,387.15,2,0,1,5345
17470,1441,objective_updated,570.71,2,1,2,5345
17471,1441,objective_updated,0,1,0,2,5346
17472,1441,objective_updated,313.3,2,2,0,5346
17473,1441,objective_updated,641.27,3,0,1,5346
17474,1441,objective_updated,221.52,2,0,1,5347
17475,1441,objective_updated,422.74,3,1,2,5347
17476,1441,objective_updated,645.95,4,2,4,5347
17477,1441,objective_updated,765.5,5,4,3,5347
17478,1441,objective_updated,943.32,6,3,1,5347
17479,1441,objective_updated,0,1,0,2,5348
17480,1441,objective_updated,313.3,2,2,0,5348
17481,1441,objective_updated,641.27,3,0,1,5348
17482,1441,objective_updated,0,1,0,2,5349
17483,1441,objective_updated,313.3,2,2,0,5349
17484,1441,objective_updated,641.27,3,0,1,5349
17492,1442,objective_updated,240.98,2,0,2,5352
17493,1442,objective_updated,407.5,3,2,1,5352
17494,1442,objective_updated,303.92,2,0,1,5353
17495,1442,objective_updated,411.11,2,1,2,5353
17496,1442,objective_updated,519.25,2,2,3,5353
17497,1442,objective_updated,465.66,2,0,1,5354
17498,1442,objective_updated,603.66,2,1,2,5354
17499,1442,objective_updated,134.33,2,0,4,5355
17500,1442,objective_updated,256.81,3,4,3,5355
17501,1442,objective_updated,386.18,4,3,1,5355
17502,1442,objective_updated,516.37,5,1,2,5355
17503,1442,objective_updated,155.2,1,0,1,5357
17504,1442,objective_updated,390.13,2,1,0,5357
17505,1442,objective_updated,487.93,2,0,1,5357
17506,1442,objective_updated,594.33,2,1,2,5357
17507,1442,objective_updated,689.73,2,2,3,5357
17508,1443,objective_updated,274.46,2,0,2,5358
17509,1443,objective_updated,569.74,3,2,1,5358
17510,1443,objective_updated,262.43,1,0,1,5359
17511,1443,objective_updated,421.25,1,1,2,5359
17512,1443,objective_updated,523.39,2,2,0,5359
17513,1443,objective_updated,612.48,2,0,1,5359
17514,1443,objective_updated,909.77,2,1,2,5359
17515,1443,objective_updated,979.38,2,2,3,5359
17516,1443,objective_updated,262.43,1,0,1,5360
17517,1443,objective_updated,421.25,1,1,2,5360
17518,1443,objective_updated,523.39,2,2,0,5360
17519,1443,objective_updated,612.48,2,0,1,5360
17520,1443,objective_updated,909.77,2,1,2,5360
17521,1443,objective_updated,979.38,2,2,3,5360
17522,1443,objective_updated,96.28,1,0,1,5361
17523,1443,objective_updated,292.72,1,1,2,5361
17524,1443,objective_updated,488.56,2,2,0,5361
17525,1443,objective_updated,691.16,2,0,1,5361
17526,1443,objective_updated,235.73,1,0,1,5362
17527,1443,objective_updated,312.87,1,1,2,5362
17528,1443,objective_updated,414.49,1,2,3,5362
17529,1443,objective_updated,414.51,2,3,0,5362
17530,1443,objective_updated,503.26,2,0,1,5362
17531,1443,objective_updated,773.98,2,1,2,5362
17532,1443,objective_updated,96.56,1,0,1,5364
17533,1443,objective_updated,360.62,1,1,2,5364
17534,1443,objective_updated,509.28,2,2,0,5364
17535,1443,objective_updated,682.81,2,0,1,5364
17577,1445,objective_updated,421.55,2,0,1,5381
17578,1445,objective_updated,559.7,2,1,2,5381
17579,1445,objective_updated,705.59,2,2,3,5381
17588,1449,objective_updated,106.03,2,0,1,5384
17589,1449,objective_updated,354.07,3,1,2,5384
17590,1449,objective_updated,609.03,4,2,4,5384
17591,1449,objective_updated,789.71,5,4,3,5384
17592,1449,objective_updated,66.19,1,0,1,5385
17593,1449,objective_updated,191.6,1,1,2,5385
17594,1449,objective_updated,298.47,1,2,3,5385
17595,1449,objective_updated,298.47,2,3,0,5385
17596,1449,objective_updated,375.77,2,0,1,5385
17597,1449,objective_updated,562.38,2,1,2,5385
17598,1449,objective_updated,756.21,2,2,3,5385
17599,1449,objective_updated,756.21,3,3,0,5385
17600,1450,objective_updated,0,1,0,1,5386
17601,1450,objective_updated,333.75,2,1,2,5386
17602,1450,objective_updated,554.59,3,2,0,5386
17613,1450,objective_updated,93.45,1,0,1,5389
17614,1450,objective_updated,236.31,1,1,2,5389
17615,1450,objective_updated,431.94,1,2,3,5389
17616,1450,objective_updated,431.96,2,3,0,5389
17617,1450,objective_updated,498.29,2,0,1,5389
17618,1450,objective_updated,0,1,0,1,5391
17619,1450,objective_updated,247.56,2,1,0,5391
17620,1450,objective_updated,468.82,3,0,2,5391
17621,1451,objective_updated,340.87,2,0,1,5392
17622,1451,objective_updated,633.63,3,1,2,5392
17623,1451,objective_updated,143.5,1,0,1,5394
17624,1451,objective_updated,310.07,1,1,2,5394
17625,1451,objective_updated,513.84,1,2,3,5394
17626,1451,objective_updated,513.84,2,3,0,5394
17627,1451,objective_updated,623.24,2,0,1,5394
17628,1451,objective_updated,922.53,2,1,2,5394
17629,1451,objective_updated,1025.5,2,2,3,5394
17630,1451,objective_updated,1025.5,3,3,0,5394
17636,1451,objective_updated,232.98,1,0,1,5396
17637,1451,objective_updated,412.95,1,1,2,5396
17638,1451,objective_updated,532.87,1,2,3,5396
17639,1451,objective_updated,532.87,2,3,0,5396
17640,1451,objective_updated,730.81,2,0,1,5396
17641,1451,objective_updated,883.99,2,1,2,5396
17642,1451,objective_updated,197.45,2,0,4,5397
17643,1451,objective_updated,388.82,3,4,2,5397
17644,1451,objective_updated,564.42,4,2,3,5397
17645,1451,objective_updated,701.61,5,3,1,5397
17646,1451,objective_updated,845.53,6,1,0,5397
17647,1452,objective_updated,308.62,2,0,2,5398
17648,1452,objective_updated,540.55,3,2,1,5398
17649,1452,objective_updated,126.15,1,0,1,5399
17650,1452,objective_updated,248.81,1,1,2,5399
17651,1452,objective_updated,462.23,1,2,3,5399
17652,1452,objective_updated,462.23,2,3,0,5399
17653,1452,objective_updated,610.09,2,0,1,5399
17654,1452,objective_updated,756.5,2,1,2,5399
17655,1452,objective_updated,990.79,2,2,3,5399
17656,1452,objective_updated,990.81,3,3,0,5399
17657,1452,objective_updated,179.02,2,0,4,5400
17658,1452,objective_updated,320.86,3,4,3,5400
17659,1452,objective_updated,521.63,4,3,1,5400
17660,1452,objective_updated,692.88,5,1,2,5400
17661,1452,objective_updated,871.93,6,2,1,5400
17662,1452,objective_updated,233.56,1,0,1,5401
17663,1452,objective_updated,395.14,2,1,0,5401
17664,1452,objective_updated,477.61,2,0,1,5401
17665,1452,objective_updated,663.78,2,1,2,5401
17666,1452,objective_updated,778.96,2,2,3,5401
17667,1452,objective_updated,100.49,1,0,1,5403
17668,1452,objective_updated,256.29,1,1,2,5403
17669,1452,objective_updated,312.75,1,2,3,5403
17670,1452,objective_updated,312.75,2,3,0,5403
17671,1452,objective_updated,403.93,2,0,1,5403
17677,1453,objective_updated,193.2,2,0,1,5405
17678,1453,objective_updated,478.41,3,1,2,5405
17679,1453,objective_updated,104.22,1,0,1,5406
17680,1453,objective_updated,190.39,1,1,2,5406
17681,1453,objective_updated,480.22,2,2,0,5406
17682,1453,objective_updated,668.24,2,0,1,5406
17683,1453,objective_updated,896.55,2,1,2,5406
17684,1453,objective_updated,974.68,2,2,3,5406
17685,1453,objective_updated,76.72,1,0,1,5407
17686,1453,objective_updated,269.6,1,1,2,5407
17687,1453,objective_updated,370.2,1,2,3,5407
17688,1453,objective_updated,370.2,2,3,0,5407
17689,1453,objective_updated,438.03,2,0,1,5407
17690,1453,objective_updated,588.81,2,1,2,5407
17691,1453,objective_updated,650.47,2,2,3,5407
17692,1453,objective_updated,650.49,3,3,0,5407
17693,1453,objective_updated,115.5,2,0,3,5408
17694,1453,objective_updated,257.66,3,3,1,5408
17695,1453,objective_updated,401.9,4,1,2,5408
17696,1453,objective_updated,524.63,5,2,4,5408
17697,1453,objective_updated,664.39,6,4,0,5408
17698,1453,objective_updated,184.9,1,0,1,5410
17699,1453,objective_updated,303.37,1,1,2,5410
17700,1453,objective_updated,386.23,1,2,3,5410
17701,1453,objective_updated,386.25,2,3,0,5410
17702,1454,objective_updated,0,1,0,1,5411
17703,1454,objective_updated,208.19,2,1,2,5411
17704,1454,objective_updated,431.17,3,2,0,5411
17705,1455,objective_updated,0,1,0,1,5412
17706,1455,objective_updated,246.17,2,1,0,5412
17707,1455,objective_updated,525.7,3,0,2,5412
17708,1455,objective_updated,127.94,1,0,1,5413
17709,1455,objective_updated,258.67,1,1,2,5413
17710,1455,objective_updated,506.27,2,2,0,5413
17711,1455,objective_updated,623.57,2,0,1,5413
17712,1455,objective_updated,748.81,2,1,2,5413
17713,1455,objective_updated,943.39,2,2,3,5413
17724,1455,objective_updated,219.84,2,0,2,5416
17725,1455,objective_updated,379.19,3,2,4,5416
17726,1455,objective_updated,592.19,4,4,1,5416
17727,1455,objective_updated,767.27,5,1,3,5416
17728,1455,objective_updated,955.25,6,3,1,5416
17729,1455,objective_updated,184.8,1,0,1,5421
17730,1455,objective_updated,356.28,1,1,2,5421
17731,1455,objective_updated,423.76,1,2,3,5421
17732,1455,objective_updated,423.76,2,3,0,5421
17733,1455,objective_updated,557.2,2,0,1,5421
17734,1455,objective_updated,824.66,2,1,2,5421
17735,1455,objective_updated,946.44,2,2,3,5421
17736,1458,objective_updated,194.4,2,0,1,5422
17737,1458,objective_updated,472.15,3,1,2,5422
17738,1458,objective_updated,88.46,1,0,1,5423
17739,1458,objective_updated,224.11,1,1,2,5423
17740,1458,objective_updated,501.69,2,2,0,5423
17741,1458,objective_updated,808.83,2,0,1,5423
17742,1458,objective_updated,247.72,1,0,1,5424
17743,1458,objective_updated,369.53,1,1,2,5424
17744,1458,objective_updated,537.44,1,2,3,5424
17745,1458,objective_updated,537.44,2,3,0,5424
17746,1458,objective_updated,641.45,2,0,1,5424
17747,1458,objective_updated,808.68,2,1,2,5424
17748,1458,objective_updated,961.22,2,2,3,5424
17749,1458,objective_updated,961.22,3,3,0,5424
17750,1458,objective_updated,160.82,2,0,2,5426
17751,1458,objective_updated,313.67,3,2,4,5426
17752,1458,objective_updated,579.41,4,4,3,5426
17753,1458,objective_updated,762.21,5,3,1,5426
17754,1459,objective_updated,0,1,0,1,5427
17755,1459,objective_updated,322.5,2,1,0,5427
17756,1459,objective_updated,522.15,3,0,2,5427
17757,1459,objective_updated,52.81,1,0,1,5428
17758,1459,objective_updated,392.98,1,1,2,5428
17759,1459,objective_updated,525.2,2,2,0,5428
17760,1459,objective_updated,604.46,2,0,1,5428
17761,1459,objective_updated,767.45,2,1,2,5428
17762,1459,objective_updated,873.2,2,2,3,5428
17768,1459,objective_updated,65.45,1,0,1,5431
17769,1459,objective_updated,409.68,2,1,0,5431
17770,1459,objective_updated,497.8,2,0,1,5431
17771,1459,objective_updated,610.25,2,1,2,5431
17772,1459,objective_updated,685.37,2,2,3,5431
17776,1461,objective_updated,0,1,0,1,5433
17777,1461,objective_updated,322.5,2,1,0,5433
17778,1461,objective_updated,522.15,3,0,2,5433
17779,1461,objective_updated,52.81,1,0,1,5434
17780,1461,objective_updated,392.98,1,1,2,5434
17781,1461,objective_updated,525.2,2,2,0,5434
17782,1461,objective_updated,604.46,2,0,1,5434
17783,1461,objective_updated,767.45,2,1,2,5434
17784,1461,objective_updated,873.2,2,2,3,5434
17790,1461,objective_updated,65.45,1,0,1,5437
17791,1461,objective_updated,409.68,2,1,0,5437
17792,1461,objective_updated,497.8,2,0,1,5437
17793,1461,objective_updated,610.25,2,1,2,5437
17794,1461,objective_updated,685.37,2,2,3,5437
17795,1461,objective_updated,182.05,2,0,1,5438
17796,1461,objective_updated,428.11,3,1,2,5438
17797,1461,objective_updated,613,4,2,4,5438
17798,1461,objective_updated,846.28,5,4,3,5438
17799,1461,objective_updated,1014.82,6,3,0,5438
17800,1462,objective_updated,254.03,2,0,1,5439
17801,1462,objective_updated,484.27,3,1,2,5439
17802,1462,objective_updated,93.31,1,0,1,5440
17803,1462,objective_updated,316.15,1,1,2,5440
17804,1462,objective_updated,514.85,2,2,0,5440
17805,1462,objective_updated,634.59,2,0,1,5440
17806,1462,objective_updated,925.99,2,1,2,5440
17807,1462,objective_updated,1018.51,2,2,3,5440
17813,1462,objective_updated,325.21,2,0,1,5442
17814,1462,objective_updated,413.59,2,1,2,5442
17815,1462,objective_updated,681.84,2,2,3,5442
17816,1462,objective_updated,0,1,0,1,5444
17817,1462,objective_updated,207.64,2,1,0,5444
17818,1462,objective_updated,575.71,3,0,2,5444
17819,1462,objective_updated,162.36,2,0,1,5445
17820,1462,objective_updated,325.93,3,1,4,5445
17821,1462,objective_updated,542.84,4,4,3,5445
17822,1462,objective_updated,690.71,5,3,2,5445
17823,1462,objective_updated,850.84,6,2,1,5445
17826,1464,objective_updated,247.48,2,0,2,5447
17827,1464,objective_updated,406.06,3,2,1,5447
17831,1464,objective_updated,383.56,2,0,1,5449
17832,1464,objective_updated,597.89,2,1,2,5449
17833,1464,objective_updated,654.22,2,2,3,5449
17834,1464,objective_updated,384.82,2,0,1,5450
17835,1464,objective_updated,478.17,2,1,2,5450
17836,1464,objective_updated,581.27,2,2,3,5450
17837,1464,objective_updated,178.09,2,0,3,5452
17838,1464,objective_updated,304.8,3,3,4,5452
17839,1464,objective_updated,451.75,4,4,2,5452
17840,1464,objective_updated,648.84,5,2,1,5452
17841,1465,objective_updated,0,1,0,2,5453
17842,1465,objective_updated,282.81,2,2,1,5453
17843,1465,objective_updated,577.79,3,1,0,5453
17844,1465,objective_updated,159.54,1,0,1,5454
17845,1465,objective_updated,416.97,2,1,0,5454
17846,1465,objective_updated,517.11,2,0,1,5454
17847,1465,objective_updated,615.62,2,1,2,5454
17848,1465,objective_updated,715.64,2,2,3,5454
17849,1466,objective_updated,201.05,1,0,1,5455
17850,1466,objective_updated,377.85,1,1,2,5455
17851,1466,objective_updated,452.56,1,2,3,5455
17852,1466,objective_updated,452.58,2,3,0,5455
17853,1466,objective_updated,551.96,2,0,1,5455
17854,1466,objective_updated,647,2,1,2,5455
17855,1466,objective_updated,818.12,2,2,3,5455
17856,1466,objective_updated,818.12,3,3,0,5455
17857,1465,objective_updated,103.28,1,0,1,5456
17858,1465,objective_updated,389.41,1,1,2,5456
17859,1465,objective_updated,475.81,1,2,3,5456
17860,1465,objective_updated,475.81,2,3,0,5456
17861,1465,objective_updated,665.43,2,0,1,5456
17862,1465,objective_updated,768.14,2,1,2,5456
17863,1465,objective_updated,854.93,2,2,3,5456
17864,1465,objective_updated,111.32,2,0,3,5457
17865,1465,objective_updated,338.14,3,3,1,5457
17866,1465,objective_updated,535.55,4,1,2,5457
17867,1465,objective_updated,749.32,5,2,4,5457
17873,1466,objective_updated,132.65,2,0,4,5461
17874,1466,objective_updated,256.27,3,4,3,5461
17875,1466,objective_updated,459.79,4,3,1,5461
17876,1466,objective_updated,584.71,5,1,2,5461
17877,1466,objective_updated,218.61,2,0,2,5462
17878,1466,objective_updated,396.92,3,2,1,5462
17882,1467,objective_updated,378.09,2,0,1,5464
17883,1467,objective_updated,464.43,2,1,2,5464
17884,1467,objective_updated,568.72,2,2,3,5464
17885,1467,objective_updated,186.82,2,0,4,5465
17886,1467,objective_updated,308.02,3,4,2,5465
17887,1467,objective_updated,442.77,4,2,1,5465
17888,1467,objective_updated,556.87,5,1,3,5465
17889,1473,objective_updated,0,1,0,1,5466
17890,1473,objective_updated,301.46,2,1,2,5466
17891,1473,objective_updated,573.18,3,2,0,5466
17905,1473,objective_updated,126.34,1,0,1,5470
17906,1473,objective_updated,402.83,2,1,0,5470
17907,1473,objective_updated,535.59,2,0,1,5470
17908,1473,objective_updated,603.74,2,1,2,5470
17909,1473,objective_updated,746.09,2,2,3,5470
17910,1473,objective_updated,70,1,0,1,5471
17911,1473,objective_updated,287.74,1,1,2,5471
17912,1473,objective_updated,480.18,2,2,0,5471
17913,1473,objective_updated,548.11,2,0,1,5471
17914,1473,objective_updated,860.16,2,1,2,5471
17915,1473,objective_updated,213.34,2,0,1,5472
17916,1473,objective_updated,416.01,3,1,4,5472
17917,1473,objective_updated,603.12,4,4,2,5472
17918,1473,objective_updated,834.84,5,2,3,5472
17919,1473,objective_updated,992.51,6,3,2,5472
17920,1474,objective_updated,332.91,2,0,1,5483
17921,1474,objective_updated,628.41,3,1,2,5483
17922,1474,objective_updated,147.68,1,0,1,5484
17923,1474,objective_updated,236.21,1,1,2,5484
17924,1474,objective_updated,369.62,1,2,3,5484
17925,1474,objective_updated,369.64,2,3,0,5484
17926,1474,objective_updated,439.99,2,0,1,5484
17927,1474,objective_updated,591.32,2,1,2,5484
17928,1474,objective_updated,719.69,2,2,3,5484
17929,1474,objective_updated,61.97,1,0,1,5485
17930,1474,objective_updated,148.13,1,1,2,5485
17931,1474,objective_updated,321.77,1,2,3,5485
17932,1474,objective_updated,321.78,2,3,0,5485
17933,1474,objective_updated,479.43,2,0,1,5485
17934,1474,objective_updated,648.36,2,1,2,5485
17935,1474,objective_updated,176.73,2,0,4,5486
17936,1474,objective_updated,297.97,3,4,2,5486
17937,1474,objective_updated,529.49,4,2,1,5486
17938,1474,objective_updated,716.3,5,1,3,5486
17939,1474,objective_updated,840.37,6,3,0,5486
17940,1475,objective_updated,343.92,2,0,1,5488
17941,1475,objective_updated,585.83,3,1,2,5488
17942,1475,objective_updated,488.22,2,0,1,5489
17943,1475,objective_updated,597.52,2,1,2,5489
17944,1475,objective_updated,762.6,2,2,3,5489
17945,1475,objective_updated,121.74,1,0,1,5490
17946,1475,objective_updated,312.16,1,1,2,5490
17947,1475,objective_updated,486.4,1,2,3,5490
17948,1475,objective_updated,486.4,2,3,0,5490
17949,1475,objective_updated,547.73,2,0,1,5490
17950,1475,objective_updated,736.16,2,1,2,5490
17951,1475,objective_updated,855.1,2,2,3,5490
17952,1475,objective_updated,855.12,3,3,0,5490
17953,1475,objective_updated,201.21,2,0,3,5492
17954,1475,objective_updated,319.89,3,3,4,5492
17955,1475,objective_updated,472.17,4,4,2,5492
17956,1475,objective_updated,603.68,5,2,1,5492
17957,1475,objective_updated,720.89,6,1,0,5492
17958,1475,objective_updated,74.81,1,0,1,5493
17959,1475,objective_updated,332.86,1,1,2,5493
17960,1475,objective_updated,422.82,1,2,3,5493
17961,1475,objective_updated,422.82,2,3,0,5493
17962,1475,objective_updated,621.68,2,0,1,5493
17963,1475,objective_updated,730.46,2,1,2,5493
17964,1475,objective_updated,852.05,2,2,3,5493
17965,1476,objective_updated,0,1,0,1,5494
17966,1476,objective_updated,224.82,2,1,2,5494
17967,1476,objective_updated,520.04,3,2,0,5494
17968,1476,objective_updated,123.42,2,0,4,5495
17969,1476,objective_updated,273.86,3,4,2,5495
17970,1476,objective_updated,464.63,4,2,1,5495
17971,1476,objective_updated,583.82,5,1,3,5495
17972,1476,objective_updated,792.14,6,3,0,5495
17973,1476,objective_updated,109.69,2,0,3,5496
17974,1476,objective_updated,338.09,3,3,4,5496
17975,1476,objective_updated,530.48,4,4,2,5496
17976,1476,objective_updated,719.78,5,2,1,5496
17977,1476,objective_updated,840.76,6,1,3,5496
17981,1477,objective_updated,0,1,0,2,5498
17982,1477,objective_updated,247.39,2,2,1,5498
17983,1477,objective_updated,535.52,3,1,0,5498
17984,1478,objective_updated,0,1,0,2,5499
17985,1478,objective_updated,247.39,2,2,1,5499
17986,1478,objective_updated,535.52,3,1,0,5499
17987,1479,objective_updated,79.45,1,0,1,5500
17988,1479,objective_updated,176.44,1,1,2,5500
17989,1479,objective_updated,268.41,1,2,3,5500
17990,1479,objective_updated,268.43,2,3,0,5500
17991,1479,objective_updated,377.51,2,0,1,5500
17992,1479,objective_updated,102.91,1,0,1,5502
17993,1479,objective_updated,197.49,1,1,2,5502
17994,1479,objective_updated,329.99,1,2,3,5502
17995,1479,objective_updated,329.99,2,3,0,5502
17996,1479,objective_updated,0,1,0,2,5503
17997,1479,objective_updated,247.39,2,2,1,5503
17998,1479,objective_updated,535.52,3,1,0,5503
17999,1476,objective_updated,406.16,2,0,1,5505
18003,1481,objective_updated,0,1,0,2,5507
18004,1481,objective_updated,262.35,2,2,0,5507
18005,1481,objective_updated,531.53,3,0,1,5507
18006,1481,objective_updated,77.58,1,0,1,5508
18007,1481,objective_updated,232.92,1,1,2,5508
18008,1481,objective_updated,501.13,2,2,0,5508
18009,1481,objective_updated,747.55,2,0,1,5508
18010,1481,objective_updated,176.33,2,0,1,5509
18011,1481,objective_updated,294.32,3,1,2,5509
18012,1481,objective_updated,413.43,4,2,4,5509
18013,1481,objective_updated,579.31,5,4,3,5509
18014,1481,objective_updated,737.13,6,3,0,5509
18015,1481,objective_updated,477.97,2,0,1,5510
18016,1481,objective_updated,651.87,2,1,2,5510
18017,1481,objective_updated,255.95,2,0,1,5512
18018,1481,objective_updated,566.51,3,1,2,5512
18019,1481,objective_updated,477.97,2,0,1,5513
18020,1481,objective_updated,651.87,2,1,2,5513
18030,1485,objective_updated,142.4,1,0,1,5516
18031,1485,objective_updated,339.42,1,1,2,5516
18032,1485,objective_updated,503.48,2,2,0,5516
18042,1485,objective_updated,0,1,0,1,5519
18043,1485,objective_updated,214.17,2,1,0,5519
18044,1485,objective_updated,375.56,3,0,2,5519
18045,1486,objective_updated,0,1,0,2,5521
18046,1486,objective_updated,233.14,2,2,0,5521
18047,1486,objective_updated,562.7,3,0,1,5521
18048,1486,objective_updated,109.63,1,0,1,5522
18049,1486,objective_updated,421.23,2,1,0,5522
18050,1486,objective_updated,607.93,2,0,1,5522
18051,1486,objective_updated,192.44,2,0,2,5523
18052,1486,objective_updated,407.71,3,2,1,5523
18053,1486,objective_updated,585.29,4,1,3,5523
18054,1486,objective_updated,706.06,5,3,4,5523
18055,1486,objective_updated,859.62,6,4,0,5523
18056,1486,objective_updated,116.83,1,0,1,5524
18057,1486,objective_updated,206.54,1,1,2,5524
18058,1486,objective_updated,279.95,1,2,3,5524
18059,1486,objective_updated,279.95,2,3,0,5524
18060,1486,objective_updated,391.86,2,0,1,5524
18061,1486,objective_updated,523.46,2,1,2,5524
18062,1486,objective_updated,758.64,2,2,3,5524
18063,1486,objective_updated,758.64,3,3,0,5524
18064,1486,objective_updated,0,1,0,2,5526
18065,1486,objective_updated,322.62,2,2,0,5526
18066,1486,objective_updated,480.68,3,0,1,5526
18067,1487,objective_updated,258.28,2,0,2,5528
18068,1487,objective_updated,430.7,3,2,1,5528
18069,1487,objective_updated,158.71,1,0,1,5529
18070,1487,objective_updated,390.17,2,1,0,5529
18071,1487,objective_updated,475.52,2,0,1,5529
18072,1487,objective_updated,675.04,2,1,2,5529
18073,1487,objective_updated,750.78,2,2,3,5529
18074,1487,objective_updated,189.84,2,0,1,5530
18075,1487,objective_updated,377.19,3,1,3,5530
18076,1487,objective_updated,620.65,4,3,4,5530
18077,1487,objective_updated,761.34,5,4,2,5530
18078,1487,objective_updated,975.46,6,2,0,5530
18079,1487,objective_updated,410.85,2,0,1,5532
18080,1487,objective_updated,490.25,2,1,2,5532
18081,1487,objective_updated,595.07,2,2,3,5532
18082,1488,objective_updated,0,1,0,2,5533
18083,1488,objective_updated,211.72,2,2,0,5533
18084,1488,objective_updated,481.95,3,0,1,5533
18090,1490,objective_updated,244.66,1,0,1,5535
18091,1490,objective_updated,411.7,2,1,0,5535
18092,1490,objective_updated,481.76,2,0,1,5535
18093,1490,objective_updated,571.64,2,1,2,5535
18094,1490,objective_updated,757.51,2,2,3,5535
18095,1490,objective_updated,125.67,2,0,3,5536
18096,1490,objective_updated,282.79,3,3,4,5536
18097,1490,objective_updated,482.5,4,4,2,5536
18098,1490,objective_updated,596.46,5,2,1,5536
18099,1490,objective_updated,795.95,6,1,0,5536
18100,1490,objective_updated,316.33,2,0,1,5537
18101,1490,objective_updated,455.35,2,1,2,5537
18102,1490,objective_updated,601.18,2,2,3,5537
18103,1490,objective_updated,211.43,2,0,1,5538
18104,1490,objective_updated,527.8,3,1,2,5538
18108,1492,objective_updated,0,1,0,1,5541
18109,1492,objective_updated,304.53,2,1,2,5541
18110,1492,objective_updated,566.89,3,2,0,5541
18111,1492,objective_updated,136.17,1,0,1,5542
18112,1492,objective_updated,385.24,1,1,2,5542
18113,1492,objective_updated,489.29,2,2,0,5542
18114,1492,objective_updated,716.4,2,0,1,5542
18115,1492,objective_updated,210.38,1,0,1,5543
18116,1492,objective_updated,362.39,1,1,2,5543
18117,1492,objective_updated,510.64,2,2,0,5543
18118,1492,objective_updated,92.43,1,0,1,5544
18119,1492,objective_updated,153.46,1,1,2,5544
18120,1492,objective_updated,267.52,1,2,3,5544
18121,1492,objective_updated,110.87,2,0,1,5545
18122,1492,objective_updated,241.99,3,1,3,5545
18123,1492,objective_updated,377.73,4,3,4,5545
18124,1492,objective_updated,499.29,5,4,2,5545
18125,1493,objective_updated,207.1,2,0,2,5547
18126,1493,objective_updated,557.49,3,2,1,5547
18127,1493,objective_updated,204.74,1,0,1,5548
18128,1493,objective_updated,424.96,2,1,0,5548
18129,1493,objective_updated,483.47,2,0,1,5548
18130,1493,objective_updated,607.2,2,1,2,5548
18131,1493,objective_updated,725.14,2,2,3,5548
18132,1493,objective_updated,442.36,2,0,1,5549
18133,1493,objective_updated,511.09,2,1,2,5549
18134,1493,objective_updated,632.06,2,2,3,5549
18135,1493,objective_updated,174.57,2,0,1,5551
18136,1493,objective_updated,377.23,3,1,2,5551
18137,1493,objective_updated,557.21,4,2,4,5551
18138,1493,objective_updated,735.07,5,4,3,5551
18139,1493,objective_updated,905.53,6,3,0,5551
18140,1493,objective_updated,442.36,2,0,1,5552
18141,1493,objective_updated,511.09,2,1,2,5552
18142,1493,objective_updated,632.06,2,2,3,5552
18146,1496,objective_updated,262.83,1,0,1,5555
18147,1496,objective_updated,400.94,1,1,2,5555
18148,1496,objective_updated,502.98,2,2,0,5555
18149,1496,objective_updated,618.41,2,0,1,5555
18150,1496,objective_updated,774.99,2,1,2,5555
18151,1496,objective_updated,862.56,2,2,3,5555
18152,1496,objective_updated,0,1,0,1,5556
18153,1496,objective_updated,258.19,2,1,0,5556
18154,1496,objective_updated,465.77,3,0,2,5556
18155,1496,objective_updated,89.87,1,0,1,5557
18156,1496,objective_updated,160.73,1,1,2,5557
18157,1496,objective_updated,480.21,2,2,0,5557
18158,1496,objective_updated,594.24,2,0,1,5557
18159,1496,objective_updated,661.37,2,1,2,5557
18160,1496,objective_updated,731.7,2,2,3,5557
18161,1498,objective_updated,0,1,0,2,5558
18162,1498,objective_updated,305.07,2,2,1,5558
18163,1498,objective_updated,527.61,3,1,0,5558
18164,1498,objective_updated,151.96,1,0,1,5559
18165,1498,objective_updated,418.45,2,1,0,5559
18166,1498,objective_updated,666.43,2,0,1,5559
18167,1498,objective_updated,830.49,2,1,2,5559
18168,1498,objective_updated,146.98,2,0,2,5560
18169,1498,objective_updated,271.19,3,2,1,5560
18170,1498,objective_updated,445.27,4,1,3,5560
18171,1498,objective_updated,572.33,5,3,4,5560
18172,1498,objective_updated,783.43,6,4,0,5560
18173,1498,objective_updated,196.55,1,0,1,5561
18174,1498,objective_updated,284.92,1,1,2,5561
18175,1498,objective_updated,498.89,2,2,0,5561
18176,1498,objective_updated,631.92,2,0,1,5561
18177,1498,objective_updated,234.66,2,0,1,5563
18178,1498,objective_updated,570.39,3,1,2,5563
18188,1499,objective_updated,218.4,2,0,4,5567
18189,1499,objective_updated,435.98,3,4,3,5567
18190,1499,objective_updated,718.83,4,3,1,5567
18191,1499,objective_updated,836.78,5,1,2,5567
18192,1499,objective_updated,967.79,6,2,0,5567
18193,1499,objective_updated,66.78,1,0,1,5568
18194,1499,objective_updated,296.07,1,1,2,5568
18195,1499,objective_updated,499.44,1,2,3,5568
18196,1499,objective_updated,499.44,2,3,0,5568
18197,1499,objective_updated,576.79,2,0,1,5568
18198,1500,objective_updated,0,1,0,1,5570
18199,1500,objective_updated,268.35,2,1,2,5570
18200,1500,objective_updated,520.59,3,2,0,5570
18201,1500,objective_updated,104.64,1,0,1,5571
18202,1500,objective_updated,235.01,1,1,2,5571
18203,1500,objective_updated,481.79,1,2,3,5571
18204,1500,objective_updated,481.79,2,3,0,5571
18205,1500,objective_updated,560.5,2,0,1,5571
18206,1500,objective_updated,656.76,2,1,2,5571
18207,1500,objective_updated,759.76,2,2,3,5571
18208,1500,objective_updated,759.78,3,3,0,5571
18209,1500,objective_updated,212.27,1,0,1,5572
18210,1500,objective_updated,491.87,1,1,2,5572
18211,1500,objective_updated,591.19,2,2,0,5572
18212,1500,objective_updated,807.79,2,0,1,5572
18213,1500,objective_updated,928.59,2,1,2,5572
18214,1500,objective_updated,1041.44,2,2,3,5572
18220,1500,objective_updated,0,1,0,1,5575
18221,1500,objective_updated,181.68,2,1,0,5575
18222,1500,objective_updated,351.66,3,0,2,5575
18226,1501,objective_updated,148.42,1,0,1,5578
18227,1501,objective_updated,412.19,2,1,0,5578
18228,1501,objective_updated,497.31,2,0,1,5578
18229,1501,objective_updated,588.98,2,1,2,5578
18230,1501,objective_updated,670.93,2,2,3,5578
18231,1501,objective_updated,159.65,2,0,3,5579
18232,1501,objective_updated,348.81,3,3,4,5579
18233,1501,objective_updated,476.99,4,4,2,5579
18234,1501,objective_updated,664.05,5,2,1,5579
18235,1501,objective_updated,0,1,0,2,5580
18236,1501,objective_updated,288.73,2,2,0,5580
18237,1501,objective_updated,585.16,3,0,1,5580
18238,1501,objective_updated,334.53,2,0,1,5581
18239,1501,objective_updated,433.34,2,1,2,5581
18240,1501,objective_updated,562.58,2,2,3,5581
18253,1502,objective_updated,66.81,1,0,1,5585
18254,1502,objective_updated,319.82,1,1,2,5585
18255,1502,objective_updated,485.19,2,2,0,5585
18256,1503,objective_updated,0,1,0,2,5587
18257,1503,objective_updated,236.93,2,2,0,5587
18258,1503,objective_updated,509.96,3,0,1,5587
18259,1503,objective_updated,74.91,1,0,1,5588
18260,1503,objective_updated,256.8,1,1,2,5588
18261,1503,objective_updated,503.19,1,2,3,5588
18262,1503,objective_updated,503.19,2,3,0,5588
18263,1503,objective_updated,600.19,2,0,1,5588
18264,1503,objective_updated,685.25,2,1,2,5588
18265,1503,objective_updated,963.46,2,2,3,5588
18266,1503,objective_updated,127.11,1,0,1,5589
18267,1503,objective_updated,320.81,1,1,2,5589
18268,1503,objective_updated,424.92,1,2,3,5589
18269,1503,objective_updated,424.92,2,3,0,5589
18270,1503,objective_updated,682.86,2,0,1,5589
18271,1503,objective_updated,127.11,1,0,1,5590
18272,1503,objective_updated,320.81,1,1,2,5590
18273,1503,objective_updated,424.92,1,2,3,5590
18274,1503,objective_updated,424.92,2,3,0,5590
18275,1503,objective_updated,682.86,2,0,1,5590
18276,1503,objective_updated,119.98,2,0,2,5591
18277,1503,objective_updated,297.78,3,2,4,5591
18278,1503,objective_updated,473.26,4,4,3,5591
18279,1503,objective_updated,663.49,5,3,1,5591
18280,1503,objective_updated,862.69,6,1,0,5591
18281,1503,objective_updated,119.98,2,0,2,5592
18282,1503,objective_updated,297.78,3,2,4,5592
18283,1503,objective_updated,473.26,4,4,3,5592
18284,1503,objective_updated,663.49,5,3,1,5592
18285,1503,objective_updated,862.69,6,1,0,5592
18286,1504,objective_updated,0,1,0,1,5593
18287,1504,objective_updated,377.27,2,1,0,5593
18288,1504,objective_updated,674.3,3,0,2,5593
18289,1504,objective_updated,225.94,1,0,1,5594
18290,1504,objective_updated,425.91,2,1,0,5594
18296,1504,objective_updated,166.7,1,0,1,5596
18297,1504,objective_updated,334.6,1,1,2,5596
18298,1504,objective_updated,418.68,1,2,3,5596
18299,1504,objective_updated,418.68,2,3,0,5596
18300,1504,objective_updated,624.25,2,0,1,5596
18301,1504,objective_updated,231.68,2,0,1,5598
18302,1504,objective_updated,391.73,3,1,3,5598
18303,1504,objective_updated,512.8,4,3,4,5598
18304,1504,objective_updated,663.49,5,4,2,5598
18305,1504,objective_updated,777.44,6,2,1,5598
18306,1504,objective_updated,231.68,2,0,1,5599
18307,1504,objective_updated,391.73,3,1,3,5599
18308,1504,objective_updated,512.8,4,3,4,5599
18309,1504,objective_updated,663.49,5,4,2,5599
18310,1504,objective_updated,777.44,6,2,1,5599
18311,1504,objective_updated,231.68,2,0,1,5600
18312,1504,objective_updated,391.73,3,1,3,5600
18313,1504,objective_updated,512.8,4,3,4,5600
18314,1504,objective_updated,663.49,5,4,2,5600
18315,1504,objective_updated,777.44,6,2,1,5600
18316,1504,objective_updated,110.36,1,0,1,5601
18317,1504,objective_updated,213.96,1,1,2,5601
18318,1504,objective_updated,497.83,2,2,0,5601
18319,1504,objective_updated,727.36,2,0,1,5601
18320,1504,objective_updated,842.06,2,1,2,5601
18321,1504,objective_updated,1001.37,2,2,3,5601
18322,1504,objective_updated,231.68,2,0,1,5602
18323,1504,objective_updated,391.73,3,1,3,5602
18324,1504,objective_updated,512.8,4,3,4,5602
18325,1504,objective_updated,663.49,5,4,2,5602
18326,1504,objective_updated,777.44,6,2,1,5602
18327,1504,objective_updated,231.68,2,0,1,5603
18328,1504,objective_updated,391.73,3,1,3,5603
18329,1504,objective_updated,512.8,4,3,4,5603
18330,1504,objective_updated,663.49,5,4,2,5603
18331,1504,objective_updated,777.44,6,2,1,5603
18363,1506,objective_updated,0,1,0,2,5612
18364,1506,objective_updated,183.86,2,2,1,5612
18365,1506,objective_updated,490.18,3,1,0,5612
18366,1506,objective_updated,57.18,1,0,1,5613
18367,1506,objective_updated,380.21,1,1,2,5613
18368,1506,objective_updated,518.64,2,2,0,5613
18369,1506,objective_updated,723.82,2,0,1,5613
18370,1506,objective_updated,204.15,2,0,2,5614
18371,1506,objective_updated,399.46,3,2,1,5614
18372,1506,objective_updated,622.93,4,1,3,5614
18373,1506,objective_updated,775.43,5,3,4,5614
18374,1506,objective_updated,954.19,6,4,2,5614
18375,1506,objective_updated,83.88,1,0,1,5615
18376,1506,objective_updated,362.64,1,1,2,5615
18377,1506,objective_updated,493.21,1,2,3,5615
18378,1506,objective_updated,493.21,2,3,0,5615
18379,1506,objective_updated,624.33,2,0,1,5615
18380,1506,objective_updated,788.83,2,1,2,5615
18381,1506,objective_updated,926.66,2,2,3,5615
18397,1503,objective_updated,127.11,1,0,1,5620
18398,1503,objective_updated,320.81,1,1,2,5620
18399,1503,objective_updated,424.92,1,2,3,5620
18400,1503,objective_updated,424.92,2,3,0,5620
18401,1503,objective_updated,682.86,2,0,1,5620
18402,1507,objective_updated,0,1,0,1,5621
18403,1507,objective_updated,263.15,2,1,2,5621
18404,1507,objective_updated,542.49,3,2,0,5621
18405,1507,objective_updated,79.26,1,0,1,5623
18406,1507,objective_updated,226.77,1,1,2,5623
18407,1507,objective_updated,386.02,1,2,3,5623
18408,1507,objective_updated,386.02,2,3,0,5623
18409,1507,objective_updated,494.9,2,0,1,5623
18410,1507,objective_updated,62.46,1,0,1,5624
18411,1507,objective_updated,212.62,1,1,2,5624
18412,1507,objective_updated,325.9,1,2,3,5624
18413,1507,objective_updated,325.92,2,3,0,5624
18414,1507,objective_updated,460.8,2,0,1,5624
18415,1507,objective_updated,561.66,2,1,2,5624
18416,1507,objective_updated,190.75,2,0,3,5625
18417,1507,objective_updated,359.6,3,3,4,5625
18418,1507,objective_updated,489.78,4,4,2,5625
18419,1507,objective_updated,730.9,5,2,1,5625
18420,1507,objective_updated,919.84,6,1,3,5625
18421,1507,objective_updated,190.75,2,0,3,5626
18422,1507,objective_updated,359.6,3,3,4,5626
18423,1507,objective_updated,489.78,4,4,2,5626
18424,1507,objective_updated,730.9,5,2,1,5626
18425,1507,objective_updated,919.84,6,1,3,5626
18426,1508,objective_updated,54.35,1,0,1,5627
18427,1508,objective_updated,390.06,2,1,0,5627
18428,1508,objective_updated,440.46,2,0,1,5627
18429,1508,objective_updated,250.25,2,0,2,5628
18430,1508,objective_updated,450.84,3,2,1,5628
18434,1509,objective_updated,119.79,1,0,1,5630
18435,1509,objective_updated,234.07,1,1,2,5630
18436,1509,objective_updated,314.41,1,2,3,5630
18437,1509,objective_updated,314.41,2,3,0,5630
18438,1509,objective_updated,119.79,1,0,1,5631
18439,1509,objective_updated,234.07,1,1,2,5631
18440,1509,objective_updated,314.41,1,2,3,5631
18441,1509,objective_updated,314.41,2,3,0,5631
18442,1509,objective_updated,90.54,1,0,1,5632
18443,1509,objective_updated,239.73,1,1,2,5632
18444,1509,objective_updated,440.39,1,2,3,5632
18445,1509,objective_updated,440.39,2,3,0,5632
18446,1509,objective_updated,601.4,2,0,1,5632
18447,1509,objective_updated,807.56,2,1,2,5632
18448,1509,objective_updated,137.89,2,0,1,5634
18449,1509,objective_updated,321.27,3,1,3,5634
18450,1509,objective_updated,508.71,4,3,4,5634
18451,1509,objective_updated,748.27,5,4,2,5634
18452,1509,objective_updated,1011.46,6,2,1,5634
18453,1510,objective_updated,0,1,0,1,5635
18454,1510,objective_updated,341.92,2,1,2,5635
18455,1510,objective_updated,634.09,3,2,0,5635
18477,1510,objective_updated,47.01,1,0,1,5640
18478,1510,objective_updated,164.78,1,1,2,5640
18479,1510,objective_updated,241.77,1,2,3,5640
18480,1510,objective_updated,241.78,2,3,0,5640
18481,1510,objective_updated,470.15,2,0,1,5640
18500,1510,objective_updated,155,1,0,1,5644
18501,1510,objective_updated,335.47,1,1,2,5644
18502,1510,objective_updated,480.2,2,2,0,5644
18503,1510,objective_updated,646.9,2,0,1,5644
18504,1510,objective_updated,868.51,2,1,2,5644
18505,1510,objective_updated,971.4,2,2,3,5644
18506,1510,objective_updated,197.62,2,0,4,5645
18507,1510,objective_updated,315.99,3,4,2,5645
18508,1510,objective_updated,517.67,4,2,1,5645
18509,1510,objective_updated,722.07,5,1,3,5645
18510,1510,objective_updated,881.04,6,3,0,5645
18511,1511,objective_updated,316.79,2,0,1,5647
18512,1511,objective_updated,619.93,3,1,2,5647
18513,1511,objective_updated,75.2,1,0,1,5648
18514,1511,objective_updated,179.33,1,1,2,5648
18515,1511,objective_updated,280.14,1,2,3,5648
18516,1511,objective_updated,280.16,2,3,0,5648
18517,1511,objective_updated,347.62,2,0,1,5648
18518,1511,objective_updated,652.3,2,1,2,5648
18519,1511,objective_updated,232.1,1,0,1,5650
18520,1511,objective_updated,302.93,1,1,2,5650
18521,1511,objective_updated,473.25,1,2,3,5650
18522,1511,objective_updated,473.25,2,3,0,5650
18523,1511,objective_updated,556.35,2,0,1,5650
18524,1511,objective_updated,696.7,2,1,2,5650
18525,1511,objective_updated,1018.01,2,2,3,5650
18526,1511,objective_updated,1018.01,3,3,0,5650
18527,1511,objective_updated,147.92,2,0,2,5651
18528,1511,objective_updated,281.47,3,2,4,5651
18529,1511,objective_updated,458.22,4,4,3,5651
18530,1511,objective_updated,641.6,5,3,1,5651
18531,1511,objective_updated,773.91,6,1,2,5651
18532,1509,objective_updated,0,1,0,2,5652
18533,1509,objective_updated,245.16,2,2,1,5652
18534,1509,objective_updated,579.42,3,1,0,5652
18535,1512,objective_updated,326.43,2,0,1,5653
18536,1512,objective_updated,642.25,3,1,2,5653
18537,1512,objective_updated,123.59,1,0,1,5654
18538,1512,objective_updated,214.89,1,1,2,5654
18539,1512,objective_updated,425.19,1,2,3,5654
18540,1512,objective_updated,425.19,2,3,0,5654
18541,1512,objective_updated,536.66,2,0,1,5654
18542,1512,objective_updated,632.54,2,1,2,5654
18543,1512,objective_updated,847.77,2,2,3,5654
18544,1512,objective_updated,847.77,3,3,0,5654
18545,1512,objective_updated,134.7,2,0,1,5655
18546,1512,objective_updated,266.12,3,1,2,5655
18547,1512,objective_updated,389.48,4,2,4,5655
18548,1512,objective_updated,595.7,5,4,3,5655
18549,1512,objective_updated,739.69,6,3,0,5655
18550,1512,objective_updated,54.13,1,0,1,5656
18551,1512,objective_updated,233.52,1,1,2,5656
18552,1512,objective_updated,496.94,2,2,0,5656
18553,1512,objective_updated,544.96,2,0,1,5656
18554,1512,objective_updated,0,1,0,2,5658
18555,1512,objective_updated,283.82,2,2,1,5658
18556,1514,objective_updated,0,1,0,1,5659
18557,1514,objective_updated,312.88,2,1,2,5659
18558,1514,objective_updated,480.61,3,2,0,5659
18559,1514,objective_updated,126.71,1,0,1,5660
18560,1514,objective_updated,415.75,1,1,2,5660
18561,1514,objective_updated,528.2,2,2,0,5660
18562,1514,objective_updated,695,2,0,1,5660
18563,1514,objective_updated,953.63,2,1,2,5660
18564,1514,objective_updated,1091.01,2,2,3,5660
18565,1514,objective_updated,221.57,2,0,2,5661
18566,1514,objective_updated,420.73,3,2,4,5661
18567,1514,objective_updated,609.23,4,4,3,5661
18568,1514,objective_updated,756.54,5,3,1,5661
18569,1514,objective_updated,965.32,6,1,2,5661
18570,1514,objective_updated,41.02,1,0,1,5662
18571,1514,objective_updated,162.5,1,1,2,5662
18572,1514,objective_updated,473.37,1,2,3,5662
18573,1514,objective_updated,473.37,2,3,0,5662
18574,1514,objective_updated,548.07,2,0,1,5662
18575,1514,objective_updated,698.5,2,1,2,5662
18576,1514,objective_updated,767.06,2,2,3,5662
18577,1514,objective_updated,115.69,1,0,1,5663
18578,1514,objective_updated,242.94,1,1,2,5663
18579,1514,objective_updated,306.21,1,2,3,5663
18580,1514,objective_updated,306.21,2,3,0,5663
18603,1520,objective_updated,0,1,0,1,5670
18604,1520,objective_updated,184.21,2,1,2,5670
18605,1520,objective_updated,340.7,3,2,0,5670
18606,1520,objective_updated,101.77,1,0,1,5671
18607,1520,objective_updated,237.37,1,1,2,5671
18608,1520,objective_updated,436.04,1,2,3,5671
18609,1520,objective_updated,436.04,2,3,0,5671
18610,1520,objective_updated,672.08,2,0,1,5671
18611,1520,objective_updated,223.42,1,0,1,5672
18612,1520,objective_updated,388.41,1,1,2,5672
18613,1520,objective_updated,517.66,2,2,0,5672
18614,1520,objective_updated,571.28,2,0,1,5672
18615,1520,objective_updated,667.73,2,1,2,5672
18616,1520,objective_updated,976.04,2,2,3,5672
18617,1521,objective_updated,0,1,0,1,5673
18618,1521,objective_updated,169.5,2,1,2,5673
18619,1521,objective_updated,336.42,3,2,0,5673
18620,1521,objective_updated,373.24,2,0,1,5674
18621,1521,objective_updated,512.88,2,1,2,5674
18622,1521,objective_updated,638.22,2,2,3,5674
18623,1521,objective_updated,82.57,1,0,1,5675
18624,1521,objective_updated,171.77,1,1,2,5675
18625,1521,objective_updated,341.46,1,2,3,5675
18626,1521,objective_updated,341.46,2,3,0,5675
18627,1521,objective_updated,602.2,2,0,1,5675
18628,1521,objective_updated,666.5,2,1,2,5675
18629,1521,objective_updated,817.46,2,2,3,5675
18630,1521,objective_updated,129.35,2,0,2,5676
18631,1521,objective_updated,311.31,3,2,1,5676
18632,1521,objective_updated,541.88,4,1,3,5676
18633,1521,objective_updated,738.95,5,3,4,5676
18634,1521,objective_updated,894.37,6,4,2,5676
18635,1521,objective_updated,0,1,0,2,5678
18636,1521,objective_updated,217.73,2,2,1,5678
18637,1521,objective_updated,393.67,3,1,0,5678
18638,1520,objective_updated,192.45,2,0,4,5679
18639,1520,objective_updated,389.2,3,4,3,5679
18640,1520,objective_updated,614.69,4,3,1,5679
18641,1520,objective_updated,759.19,5,1,2,5679
18642,1520,objective_updated,964.98,6,2,0,5679
18643,1520,objective_updated,0,1,0,1,5681
18644,1520,objective_updated,282.3,2,1,2,5681
18645,1520,objective_updated,444.71,3,2,0,5681
18692,1522,objective_updated,0,1,0,1,5693
18693,1522,objective_updated,242.62,2,1,2,5693
18694,1522,objective_updated,571.95,3,2,0,5693
18695,1522,objective_updated,110.36,1,0,1,5694
18696,1522,objective_updated,330.95,1,1,2,5694
18697,1522,objective_updated,537.12,2,2,0,5694
18698,1522,objective_updated,724.86,2,0,1,5694
18699,1522,objective_updated,825.01,2,1,2,5694
18700,1522,objective_updated,973.89,2,2,3,5694
18701,1522,objective_updated,109.79,2,0,2,5695
18702,1522,objective_updated,299.93,3,2,4,5695
18703,1522,objective_updated,493.19,4,4,3,5695
18704,1522,objective_updated,621.63,5,3,1,5695
18705,1522,objective_updated,859.18,6,1,0,5695
18706,1522,objective_updated,107,1,0,1,5696
18707,1522,objective_updated,252.09,1,1,2,5696
18708,1522,objective_updated,370.68,1,2,3,5696
18709,1522,objective_updated,370.68,2,3,0,5696
18710,1522,objective_updated,439.99,2,0,1,5696
18711,1522,objective_updated,541.55,2,1,2,5696
18724,1523,objective_updated,330.55,2,0,2,5700
18725,1523,objective_updated,493.73,3,2,1,5700
18726,1523,objective_updated,145.65,1,0,1,5701
18727,1523,objective_updated,318.88,1,1,2,5701
18728,1523,objective_updated,505.39,2,2,0,5701
18729,1523,objective_updated,563.37,2,0,1,5701
18730,1523,objective_updated,675.9,2,1,2,5701
18731,1523,objective_updated,855.63,2,2,3,5701
18732,1523,objective_updated,120.86,2,0,4,5702
18733,1523,objective_updated,294.89,3,4,3,5702
18734,1523,objective_updated,507.62,4,3,1,5702
18735,1523,objective_updated,657.08,5,1,2,5702
18736,1523,objective_updated,850.32,6,2,4,5702
18788,1525,objective_updated,239.8,2,0,2,5714
18789,1525,objective_updated,494.4,3,2,1,5714
18790,1525,objective_updated,92.59,1,0,1,5715
18791,1525,objective_updated,289.03,1,1,2,5715
18792,1525,objective_updated,357.38,1,2,3,5715
18793,1525,objective_updated,357.38,2,3,0,5715
18794,1525,objective_updated,609.5,2,0,1,5715
18795,1525,objective_updated,188.19,2,0,2,5716
18796,1525,objective_updated,415.96,3,2,1,5716
18797,1525,objective_updated,589.01,4,1,3,5716
18798,1525,objective_updated,730.16,5,3,4,5716
18799,1525,objective_updated,265.46,1,0,1,5718
18800,1525,objective_updated,323.71,1,1,2,5718
18801,1525,objective_updated,429.43,1,2,3,5718
18802,1525,objective_updated,429.45,2,3,0,5718
18803,1525,objective_updated,687.02,2,0,1,5718
18804,1525,objective_updated,768.01,2,1,2,5718
18805,1525,objective_updated,262.28,2,0,2,5719
18806,1525,objective_updated,538.23,3,2,1,5719
18807,1526,objective_updated,0,1,0,2,5720
18808,1526,objective_updated,178.78,2,2,1,5720
18809,1526,objective_updated,337.31,3,1,0,5720
18810,1526,objective_updated,240.55,1,0,1,5721
18811,1526,objective_updated,427.51,2,1,0,5721
18812,1526,objective_updated,508.65,2,0,1,5721
18813,1526,objective_updated,758.39,2,1,2,5721
18814,1526,objective_updated,892.66,2,2,3,5721
18815,1526,objective_updated,264.06,1,0,1,5722
18816,1526,objective_updated,414.15,2,1,0,5722
18817,1526,objective_updated,477.83,2,0,1,5722
18818,1526,objective_updated,582.6,2,1,2,5722
18819,1526,objective_updated,662.99,2,2,3,5722
18820,1526,objective_updated,222.11,2,0,2,5723
18821,1526,objective_updated,458.03,3,2,4,5723
18822,1526,objective_updated,661.72,4,4,3,5723
18823,1526,objective_updated,779.56,5,3,1,5723
18824,1526,objective_updated,1014.32,6,1,2,5723
18825,1526,objective_updated,351.27,2,0,1,5725
18826,1526,objective_updated,474.87,2,1,2,5725
18827,1526,objective_updated,631.72,2,2,3,5725
18828,1528,objective_updated,0,1,0,2,5727
18829,1528,objective_updated,293.24,2,2,0,5727
18830,1528,objective_updated,482.6,3,0,1,5727
18831,1529,objective_updated,0,1,0,2,5728
18832,1529,objective_updated,293.24,2,2,0,5728
18833,1529,objective_updated,482.6,3,0,1,5728
18834,1529,objective_updated,388.73,2,0,1,5729
18835,1529,objective_updated,486.5,2,1,2,5729
18836,1529,objective_updated,613.32,2,2,3,5729
18837,1529,objective_updated,343.1,2,0,1,5730
18838,1529,objective_updated,464.26,2,1,2,5730
18839,1529,objective_updated,343.1,2,0,1,5731
18840,1529,objective_updated,464.26,2,1,2,5731
18841,1529,objective_updated,189.14,1,0,1,5732
18842,1529,objective_updated,260.07,1,1,2,5732
18843,1529,objective_updated,485.17,2,2,0,5732
18844,1529,objective_updated,675.73,2,0,1,5732
18845,1529,objective_updated,215.26,2,0,2,5733
18846,1529,objective_updated,369.03,3,2,1,5733
18847,1529,objective_updated,564.98,4,1,3,5733
18854,1529,objective_updated,215.26,2,0,2,5736
18855,1529,objective_updated,369.03,3,2,1,5736
18856,1529,objective_updated,564.98,4,1,3,5736
18857,1530,objective_updated,186.69,2,0,1,5737
18858,1530,objective_updated,449.32,3,1,2,5737
18859,1530,objective_updated,113.59,1,0,1,5738
18860,1530,objective_updated,322.54,1,1,2,5738
18861,1530,objective_updated,496.03,2,2,0,5738
18862,1530,objective_updated,547.08,2,0,1,5738
18863,1530,objective_updated,706.05,2,1,2,5738
18864,1530,objective_updated,787.87,2,2,3,5738
18870,1534,objective_updated,0,1,0,1,5741
18871,1534,objective_updated,247.43,2,1,0,5741
18872,1534,objective_updated,581.2,3,0,2,5741
18873,1534,objective_updated,92.83,1,0,1,5742
18874,1534,objective_updated,203.5,1,1,2,5742
18875,1534,objective_updated,328.95,1,2,3,5742
18876,1534,objective_updated,328.95,2,3,0,5742
18877,1534,objective_updated,73.74,1,0,1,5744
18878,1534,objective_updated,172.67,1,1,2,5744
18879,1534,objective_updated,434.82,1,2,3,5744
18880,1534,objective_updated,434.82,2,3,0,5744
18881,1534,objective_updated,220.75,2,0,3,5745
18882,1534,objective_updated,428.51,3,3,4,5745
18883,1534,objective_updated,607.17,4,4,2,5745
18884,1534,objective_updated,756.75,5,2,1,5745
18885,1534,objective_updated,910.56,6,1,0,5745
18886,1534,objective_updated,0,1,0,2,5746
18887,1534,objective_updated,305.89,2,2,0,5746
18888,1534,objective_updated,572.42,3,0,1,5746
18889,1535,objective_updated,0,1,0,2,5747
18890,1535,objective_updated,253.77,2,2,1,5747
18891,1535,objective_updated,546.9,3,1,0,5747
18892,1535,objective_updated,238.9,1,0,1,5748
18893,1535,objective_updated,422.93,2,1,0,5748
18894,1535,objective_updated,545.93,2,0,1,5748
18895,1535,objective_updated,763.17,2,1,2,5748
18896,1535,objective_updated,177.29,2,0,4,5749
18897,1535,objective_updated,321.28,3,4,2,5749
18898,1535,objective_updated,545.38,4,2,1,5749
18899,1535,objective_updated,713.63,5,1,3,5749
18900,1535,objective_updated,889.13,6,3,4,5749
18901,1535,objective_updated,105.18,1,0,1,5750
18902,1535,objective_updated,238.85,1,1,2,5750
18903,1535,objective_updated,498.93,2,2,0,5750
18904,1535,objective_updated,546.03,2,0,1,5750
18905,1535,objective_updated,674.39,2,1,2,5750
18906,1535,objective_updated,782.92,2,2,3,5750
18940,1537,objective_updated,177.29,2,0,4,5761
18941,1537,objective_updated,321.28,3,4,2,5761
18942,1537,objective_updated,545.38,4,2,1,5761
18943,1537,objective_updated,713.63,5,1,3,5761
18944,1537,objective_updated,889.13,6,3,4,5761
18945,1537,objective_updated,105.18,1,0,1,5763
18946,1537,objective_updated,238.85,1,1,2,5763
18947,1537,objective_updated,498.93,2,2,0,5763
18948,1537,objective_updated,546.03,2,0,1,5763
18949,1537,objective_updated,674.39,2,1,2,5763
18950,1537,objective_updated,782.92,2,2,3,5763
18951,1537,objective_updated,0,1,0,2,5764
18952,1537,objective_updated,253.77,2,2,1,5764
18953,1537,objective_updated,546.9,3,1,0,5764
18954,1537,objective_updated,238.9,1,0,1,5765
18955,1537,objective_updated,422.93,2,1,0,5765
18956,1537,objective_updated,545.93,2,0,1,5765
18957,1537,objective_updated,763.17,2,1,2,5765
18958,1538,objective_updated,248.04,2,0,1,5766
18959,1538,objective_updated,430.45,3,1,2,5766
18960,1539,objective_updated,248.04,2,0,1,5767
18961,1539,objective_updated,430.45,3,1,2,5767
18962,1540,objective_updated,192.61,2,0,2,5768
18963,1540,objective_updated,326.82,3,2,4,5768
18964,1540,objective_updated,460.29,4,4,3,5768
18965,1540,objective_updated,600.27,5,3,1,5768
18966,1540,objective_updated,133.59,1,0,1,5769
18967,1540,objective_updated,420.79,2,1,0,5769
18968,1540,objective_updated,481.35,2,0,1,5769
18969,1540,objective_updated,561.52,2,1,2,5769
18970,1540,objective_updated,771.82,2,2,3,5769
18971,1540,objective_updated,75.02,1,0,1,5770
18972,1540,objective_updated,420,2,1,0,5770
18973,1540,objective_updated,569.17,2,0,1,5770
18974,1540,objective_updated,642.43,2,1,2,5770
18975,1540,objective_updated,133.59,1,0,1,5772
18976,1540,objective_updated,420.79,2,1,0,5772
18977,1540,objective_updated,481.35,2,0,1,5772
18978,1540,objective_updated,561.52,2,1,2,5772
18979,1540,objective_updated,771.82,2,2,3,5772
18980,1543,objective_updated,227.41,1,0,1,5775
18981,1543,objective_updated,392.87,1,1,2,5775
18982,1543,objective_updated,453.49,1,2,3,5775
18983,1543,objective_updated,453.51,2,3,0,5775
18984,1543,objective_updated,647.08,2,0,1,5775
18985,1543,objective_updated,823.73,2,1,2,5775
18986,1543,objective_updated,942.66,2,2,3,5775
18987,1543,objective_updated,942.68,3,3,0,5775
18988,1543,objective_updated,1012.08,3,0,1,5775
18989,1543,objective_updated,1082.23,4,1,0,5775
18990,1543,objective_updated,1129.84,4,0,1,5775
18991,1544,objective_updated,227.41,1,0,1,5776
18992,1544,objective_updated,392.87,1,1,2,5776
18993,1544,objective_updated,453.49,1,2,3,5776
18994,1544,objective_updated,453.51,2,3,0,5776
18995,1544,objective_updated,647.08,2,0,1,5776
18996,1544,objective_updated,823.73,2,1,2,5776
18997,1544,objective_updated,942.66,2,2,3,5776
18998,1544,objective_updated,942.68,3,3,0,5776
18999,1544,objective_updated,1012.08,3,0,1,5776
19000,1544,objective_updated,1082.23,4,1,0,5776
19001,1544,objective_updated,1129.84,4,0,1,5776
19002,1547,objective_updated,201.62,1,0,1,5779
19003,1547,objective_updated,321.1,1,1,2,5779
19004,1547,objective_updated,495.73,1,2,3,5779
19005,1547,objective_updated,495.73,2,3,0,5779
19006,1547,objective_updated,569.52,2,0,1,5779
19007,1547,objective_updated,648.38,2,1,2,5779
19008,1547,objective_updated,730.27,2,2,3,5779
19009,1547,objective_updated,730.27,3,3,0,5779
19010,1547,objective_updated,227.41,1,0,1,5780
19011,1547,objective_updated,392.87,1,1,2,5780
19012,1547,objective_updated,453.49,1,2,3,5780
19013,1547,objective_updated,453.51,2,3,0,5780
19014,1547,objective_updated,647.08,2,0,1,5780
19015,1547,objective_updated,823.73,2,1,2,5780
19016,1547,objective_updated,942.66,2,2,3,5780
19017,1547,objective_updated,942.68,3,3,0,5780
19018,1547,objective_updated,1012.08,3,0,1,5780
19019,1547,objective_updated,1082.23,4,1,0,5780
19020,1547,objective_updated,1129.84,4,0,1,5780
19021,1548,objective_updated,350.42,2,0,1,5782
19022,1548,objective_updated,431.72,2,1,2,5782
19023,1548,objective_updated,498.16,2,2,3,5782
19024,1548,objective_updated,0,1,0,1,5783
19025,1548,objective_updated,172.67,2,1,2,5783
19026,1548,objective_updated,351.32,3,2,0,5783
19027,1549,objective_updated,0,1,0,2,5784
19028,1549,objective_updated,189.15,2,2,1,5784
19029,1549,objective_updated,347.71,3,1,0,5784
19030,1549,objective_updated,117.74,1,0,1,5785
19031,1549,objective_updated,219.31,1,1,2,5785
19032,1549,objective_updated,330.28,1,2,3,5785
19033,1549,objective_updated,330.3,2,3,0,5785
19034,1549,objective_updated,414.44,2,0,1,5785
19035,1549,objective_updated,622.08,2,1,2,5785
19036,1549,objective_updated,117.18,2,0,4,5786
19037,1549,objective_updated,264.43,3,4,2,5786
19038,1549,objective_updated,463.93,4,2,1,5786
19039,1549,objective_updated,704.33,5,1,3,5786
19040,1549,objective_updated,853.44,6,3,0,5786
19041,1549,objective_updated,78.2,1,0,1,5787
19042,1549,objective_updated,313.11,1,1,2,5787
19043,1549,objective_updated,490.02,1,2,3,5787
19044,1549,objective_updated,490.02,2,3,0,5787
19045,1549,objective_updated,529.82,2,0,1,5787
19046,1549,objective_updated,729.41,2,1,2,5787
19047,1549,objective_updated,988.45,2,2,3,5787
19048,1550,objective_updated,0,1,0,2,5789
19049,1550,objective_updated,329.38,2,2,1,5789
19050,1550,objective_updated,551.86,3,1,0,5789
19053,1553,objective_updated,0,1,0,2,5794
19054,1553,objective_updated,229.94,2,2,1,5794
19055,1553,objective_updated,520.03,3,1,0,5794
19056,1553,objective_updated,63.04,1,0,1,5795
19057,1553,objective_updated,170.17,1,1,2,5795
19058,1553,objective_updated,355.97,1,2,3,5795
19059,1553,objective_updated,355.97,2,3,0,5795
19060,1553,objective_updated,464.87,2,0,1,5795
19061,1553,objective_updated,572.18,2,1,2,5795
19062,1553,objective_updated,829.69,2,2,3,5795
19063,1553,objective_updated,133.24,2,0,2,5797
19064,1553,objective_updated,282.55,3,2,1,5797
19065,1553,objective_updated,412.51,4,1,3,5797
19066,1553,objective_updated,665.88,5,3,4,5797
19067,1553,objective_updated,871.16,6,4,2,5797
19068,1553,objective_updated,145.82,2,0,1,5798
19069,1553,objective_updated,284.17,3,1,3,5798
19070,1553,objective_updated,464.25,4,3,4,5798
19071,1553,objective_updated,610.76,5,4,2,5798
19072,1553,objective_updated,830.3,6,2,0,5798
19073,1552,objective_updated,200.09,2,0,1,5799
19074,1552,objective_updated,491.16,3,1,3,5799
19075,1552,objective_updated,690.77,4,3,4,5799
19076,1552,objective_updated,807.99,5,4,2,5799
19077,1552,objective_updated,1027.48,6,2,1,5799
19078,1552,objective_updated,275.03,1,0,1,5800
19079,1552,objective_updated,449.56,2,1,0,5800
19080,1552,objective_updated,613.6,2,0,1,5800
19081,1552,objective_updated,336.98,2,0,1,5801
19082,1552,objective_updated,413.24,2,1,2,5801
19083,1552,objective_updated,546.27,2,2,3,5801
19084,1552,objective_updated,294.68,2,0,1,5802
19085,1552,objective_updated,604.55,3,1,2,5802
19086,1554,objective_updated,163,2,0,4,5803
19087,1554,objective_updated,315.3,3,4,3,5803
19088,1554,objective_updated,484.02,4,3,1,5803
19089,1554,objective_updated,606.71,5,1,2,5803
19090,1554,objective_updated,109.53,1,0,1,5804
19091,1554,objective_updated,323.84,1,1,2,5804
19092,1554,objective_updated,464.16,1,2,3,5804
19093,1554,objective_updated,464.16,2,3,0,5804
19094,1554,objective_updated,582.08,2,0,1,5804
19095,1554,objective_updated,719.75,2,1,2,5804
19096,1554,objective_updated,797.88,2,2,3,5804
19097,1555,objective_updated,0,1,0,1,5805
19098,1555,objective_updated,254.28,2,1,0,5805
19099,1555,objective_updated,564.84,3,0,2,5805
19100,1555,objective_updated,220.06,1,0,1,5806
19101,1555,objective_updated,313.53,1,1,2,5806
19102,1555,objective_updated,480.26,2,2,0,5806
19103,1555,objective_updated,596.14,2,0,1,5806
19104,1555,objective_updated,663.62,2,1,2,5806
19105,1555,objective_updated,803.53,2,2,3,5806
19106,1555,objective_updated,160.44,2,0,4,5807
19107,1555,objective_updated,332.47,3,4,3,5807
19108,1555,objective_updated,523.47,4,3,1,5807
19109,1555,objective_updated,724.55,5,1,2,5807
19110,1555,objective_updated,882.38,6,2,0,5807
19111,1555,objective_updated,182.35,1,0,1,5808
19112,1555,objective_updated,433.27,1,1,2,5808
19113,1555,objective_updated,533.27,1,2,3,5808
19114,1555,objective_updated,533.28,2,3,0,5808
19115,1555,objective_updated,610.2,2,0,1,5808
19116,1557,objective_updated,0,1,0,1,5810
19117,1557,objective_updated,236.92,2,1,0,5810
19118,1557,objective_updated,554.06,3,0,2,5810
19119,1557,objective_updated,59.73,1,0,1,5811
19120,1557,objective_updated,212.2,1,1,2,5811
19121,1557,objective_updated,301.78,1,2,3,5811
19122,1557,objective_updated,301.79,2,3,0,5811
19123,1557,objective_updated,468.08,2,0,1,5811
19124,1557,objective_updated,103.91,1,0,1,5812
19125,1557,objective_updated,207.64,1,1,2,5812
19126,1557,objective_updated,294.39,1,2,3,5812
19127,1557,objective_updated,294.39,2,3,0,5812
19128,1557,objective_updated,517.32,2,0,1,5812
19129,1557,objective_updated,707.39,2,1,2,5812
19130,1557,objective_updated,780.73,2,2,3,5812
19135,1557,objective_updated,125.15,2,0,2,5815
19136,1557,objective_updated,278.76,3,2,1,5815
19137,1557,objective_updated,487.99,4,1,3,5815
19138,1557,objective_updated,627.55,5,3,4,5815
19139,1558,objective_updated,0,1,0,1,5816
19140,1558,objective_updated,225.23,2,1,0,5816
19141,1558,objective_updated,470.36,3,0,2,5816
19142,1558,objective_updated,54.06,1,0,1,5817
19143,1558,objective_updated,171.34,1,1,2,5817
19144,1558,objective_updated,484.79,1,2,3,5817
19145,1558,objective_updated,484.79,2,3,0,5817
19146,1558,objective_updated,555.26,2,0,1,5817
19147,1558,objective_updated,885.88,2,1,2,5817
19148,1558,objective_updated,195.04,1,0,1,5818
19149,1558,objective_updated,268.01,1,1,2,5818
19150,1558,objective_updated,490.34,2,2,0,5818
19151,1558,objective_updated,584.5,2,0,1,5818
19152,1558,objective_updated,705.52,2,1,2,5818
19153,1558,objective_updated,974.32,2,2,3,5818
19154,1558,objective_updated,144.38,2,0,4,5819
19155,1558,objective_updated,404.63,3,4,2,5819
19156,1558,objective_updated,552.94,4,2,1,5819
19157,1558,objective_updated,696.5,5,1,3,5819
19158,1558,objective_updated,904.72,6,3,0,5819
19159,1559,objective_updated,112.86,1,0,1,5821
19160,1559,objective_updated,333.13,1,1,2,5821
19161,1559,objective_updated,480.25,2,2,0,5821
19162,1559,objective_updated,549.37,2,0,1,5821
19163,1559,objective_updated,902.36,2,1,2,5821
19164,1559,objective_updated,1003.79,2,2,3,5821
19165,1560,objective_updated,112.86,1,0,1,5822
19166,1560,objective_updated,333.13,1,1,2,5822
19167,1560,objective_updated,480.25,2,2,0,5822
19168,1560,objective_updated,549.37,2,0,1,5822
19169,1560,objective_updated,902.36,2,1,2,5822
19170,1560,objective_updated,1003.79,2,2,3,5822
19171,1561,objective_updated,201.42,2,0,4,5824
19172,1561,objective_updated,320.15,3,4,3,5824
19173,1561,objective_updated,475.72,4,3,1,5824
19174,1561,objective_updated,604.94,5,1,2,5824
19175,1561,objective_updated,153.75,1,0,1,5825
19176,1561,objective_updated,245.39,1,1,2,5825
19177,1561,objective_updated,525.05,1,2,3,5825
19178,1561,objective_updated,525.05,2,3,0,5825
19179,1561,objective_updated,675.09,2,0,1,5825
19180,1561,objective_updated,787.32,2,1,2,5825
19181,1561,objective_updated,889.04,2,2,3,5825
19182,1561,objective_updated,889.05,3,3,0,5825
19183,1561,objective_updated,281.79,2,0,2,5826
19184,1561,objective_updated,570.62,3,2,1,5826
19185,1561,objective_updated,112.86,1,0,1,5827
19186,1561,objective_updated,333.13,1,1,2,5827
19187,1561,objective_updated,480.25,2,2,0,5827
19188,1561,objective_updated,549.37,2,0,1,5827
19189,1561,objective_updated,902.36,2,1,2,5827
19190,1561,objective_updated,1003.79,2,2,3,5827
19191,1561,objective_updated,112.86,1,0,1,5828
19192,1561,objective_updated,333.13,1,1,2,5828
19193,1561,objective_updated,480.25,2,2,0,5828
19194,1561,objective_updated,549.37,2,0,1,5828
19195,1561,objective_updated,902.36,2,1,2,5828
19196,1561,objective_updated,1003.79,2,2,3,5828
19197,1562,objective_updated,0,1,0,1,5829
19198,1562,objective_updated,164.95,2,1,2,5829
19199,1562,objective_updated,431.45,3,2,0,5829
19200,1562,objective_updated,51.82,1,0,1,5830
19201,1562,objective_updated,142.8,1,1,2,5830
19202,1562,objective_updated,281.49,1,2,3,5830
19203,1562,objective_updated,281.49,2,3,0,5830
19204,1562,objective_updated,491.29,2,0,1,5830
19205,1562,objective_updated,114.59,2,0,4,5831
19206,1562,objective_updated,244.86,3,4,3,5831
19207,1562,objective_updated,382.09,4,3,1,5831
19208,1562,objective_updated,564.23,5,1,2,5831
19209,1562,objective_updated,788.78,6,2,0,5831
19210,1562,objective_updated,106.44,1,0,1,5832
19211,1562,objective_updated,275.61,1,1,2,5832
19212,1562,objective_updated,426.34,1,2,3,5832
19213,1562,objective_updated,426.34,2,3,0,5832
19214,1562,objective_updated,513.54,2,0,1,5832
19215,1562,objective_updated,608.1,2,1,2,5832
19216,1562,objective_updated,0,1,0,1,5834
19217,1562,objective_updated,227.86,2,1,2,5834
19218,1562,objective_updated,446.64,3,2,0,5834
19219,1563,objective_updated,0,1,0,2,5835
19220,1563,objective_updated,247.59,2,2,0,5835
19221,1563,objective_updated,487.02,3,0,1,5835
19226,1563,objective_updated,170.47,2,0,1,5837
19227,1563,objective_updated,314.32,3,1,2,5837
19228,1563,objective_updated,564.78,4,2,4,5837
19229,1563,objective_updated,784.9,5,4,3,5837
19230,1563,objective_updated,149.38,1,0,1,5838
19231,1563,objective_updated,257.63,1,1,2,5838
19232,1563,objective_updated,342.97,1,2,3,5838
19233,1563,objective_updated,342.98,2,3,0,5838
19234,1563,objective_updated,473.88,2,0,1,5838
19235,1563,objective_updated,628.04,2,1,2,5838
19236,1563,objective_updated,700.88,2,2,3,5838
19237,1563,objective_updated,700.88,3,3,0,5838
19238,1563,objective_updated,0,1,0,2,5840
19239,1563,objective_updated,182.58,2,2,0,5840
19240,1563,objective_updated,345.46,3,0,1,5840
19241,1563,objective_updated,158.44,1,0,1,5841
19242,1563,objective_updated,249.13,1,1,2,5841
19243,1563,objective_updated,507.62,2,2,0,5841
19244,1563,objective_updated,599.98,2,0,1,5841
19245,1564,objective_updated,0,1,0,2,5842
19246,1564,objective_updated,276.12,2,2,1,5842
19247,1564,objective_updated,472.46,3,1,0,5842
19248,1564,objective_updated,135.48,2,0,3,5843
19249,1564,objective_updated,314.69,3,3,1,5843
19250,1564,objective_updated,532.78,4,1,2,5843
19251,1564,objective_updated,681.27,5,2,4,5843
19252,1564,objective_updated,882.97,6,4,3,5843
19253,1564,objective_updated,197.64,1,0,1,5845
19254,1564,objective_updated,380.42,1,1,2,5845
19255,1564,objective_updated,529.83,2,2,0,5845
19256,1564,objective_updated,640.16,2,0,1,5845
19257,1564,objective_updated,786.29,2,1,2,5845
19258,1564,objective_updated,961.49,2,2,3,5845
19259,1564,objective_updated,159.69,1,0,1,5846
19260,1564,objective_updated,418.09,2,1,0,5846
19261,1564,objective_updated,516.02,2,0,1,5846
19262,1564,objective_updated,686.23,2,1,2,5846
19263,1564,objective_updated,924.06,2,2,3,5846
19264,1565,objective_updated,0,1,0,1,5847
19265,1565,objective_updated,246.3,2,1,2,5847
19266,1565,objective_updated,515.57,3,2,0,5847
19267,1565,objective_updated,494.85,2,0,1,5848
19268,1565,objective_updated,352.11,2,0,1,5849
19269,1565,objective_updated,566.69,2,1,2,5849
19270,1565,objective_updated,656.4,2,2,3,5849
19271,1565,objective_updated,129.56,2,0,4,5851
19272,1565,objective_updated,311.09,3,4,3,5851
19273,1565,objective_updated,561.61,4,3,1,5851
19274,1565,objective_updated,757.34,5,1,2,5851
19275,1565,objective_updated,936.82,6,2,0,5851
19276,1566,objective_updated,0,1,0,2,5852
19277,1566,objective_updated,308.86,2,2,0,5852
19278,1566,objective_updated,594.84,3,0,1,5852
19279,1566,objective_updated,183.55,1,0,1,5853
19280,1566,objective_updated,261.09,1,1,2,5853
19281,1566,objective_updated,365,1,2,3,5853
19282,1566,objective_updated,365.01,2,3,0,5853
19288,1567,objective_updated,225.09,2,0,2,5855
19289,1567,objective_updated,470.54,3,2,1,5855
19290,1567,objective_updated,56.01,1,0,1,5856
19291,1567,objective_updated,283.38,1,1,2,5856
19292,1567,objective_updated,351.33,1,2,3,5856
19293,1567,objective_updated,351.34,2,3,0,5856
19294,1567,objective_updated,399.33,2,0,1,5856
19295,1567,objective_updated,532.35,2,1,2,5856
19296,1568,objective_updated,0,1,0,1,5857
19297,1568,objective_updated,258.19,2,1,0,5857
19298,1568,objective_updated,427.08,3,0,2,5857
19299,1568,objective_updated,0,1,0,1,5858
19300,1568,objective_updated,258.19,2,1,0,5858
19301,1568,objective_updated,427.08,3,0,2,5858
19303,1568,objective_updated,47.23,1,0,1,5860
19304,1568,objective_updated,292.3,1,1,2,5860
19305,1568,objective_updated,423.92,1,2,3,5860
19306,1568,objective_updated,423.92,2,3,0,5860
19307,1568,objective_updated,471.72,2,0,1,5860
19308,1568,objective_updated,598.75,2,1,2,5860
19309,1568,objective_updated,807.63,2,2,3,5860
19310,1568,objective_updated,208.71,2,0,4,5861
19311,1568,objective_updated,208.71,2,0,4,5862
19312,1568,objective_updated,326.84,3,4,3,5862
19313,1568,objective_updated,537.32,4,3,1,5862
19314,1568,objective_updated,711.54,5,1,2,5862
19315,1568,objective_updated,1013.55,6,2,0,5862
19316,1568,objective_updated,60.29,1,0,1,5863
19317,1568,objective_updated,197.19,1,1,2,5863
19318,1568,objective_updated,502.14,2,2,0,5863
19319,1568,objective_updated,747.24,2,0,1,5863
19320,1568,objective_updated,426.97,2,0,2,5865
19321,1568,objective_updated,613.87,3,2,1,5865
19322,1568,objective_updated,208.71,2,0,4,5866
19323,1568,objective_updated,326.84,3,4,3,5866
19324,1568,objective_updated,537.32,4,3,1,5866
19325,1568,objective_updated,711.54,5,1,2,5866
19326,1568,objective_updated,1013.55,6,2,0,5866
19388,1570,objective_updated,262.88,1,0,1,5879
19389,1570,objective_updated,458.28,2,1,0,5879
19390,1570,objective_updated,546.35,2,0,1,5879
19391,1570,objective_updated,695.15,2,1,2,5879
19392,1570,objective_updated,855.73,2,2,3,5879
19393,1570,objective_updated,130.47,1,0,1,5880
19394,1570,objective_updated,256.62,1,1,2,5880
19395,1570,objective_updated,445.86,1,2,3,5880
19396,1570,objective_updated,445.86,2,3,0,5880
19397,1570,objective_updated,553.78,2,0,1,5880
19398,1570,objective_updated,728.11,2,1,2,5880
19399,1570,objective_updated,835.37,2,2,3,5880
19400,1570,objective_updated,113.91,2,0,1,5882
19401,1570,objective_updated,246.84,3,1,3,5882
19402,1570,objective_updated,470.19,4,3,4,5882
19403,1570,objective_updated,652.78,5,4,2,5882
19404,1570,objective_updated,816.22,6,2,0,5882
19415,1570,objective_updated,113.91,2,0,1,5885
19416,1570,objective_updated,246.84,3,1,3,5885
19417,1570,objective_updated,470.19,4,3,4,5885
19418,1570,objective_updated,652.78,5,4,2,5885
19419,1570,objective_updated,816.22,6,2,0,5885
19420,1571,objective_updated,0,1,0,1,5886
19421,1571,objective_updated,262.44,2,1,2,5886
19422,1571,objective_updated,500.21,3,2,0,5886
19423,1571,objective_updated,100.87,1,0,1,5887
19424,1571,objective_updated,179.58,1,1,2,5887
19425,1571,objective_updated,323.92,1,2,3,5887
19426,1571,objective_updated,323.92,2,3,0,5887
19427,1571,objective_updated,398.02,2,0,1,5887
19428,1571,objective_updated,507.78,2,1,2,5887
19429,1571,objective_updated,638.3,2,2,3,5887
19430,1571,objective_updated,638.3,3,3,0,5887
19431,1571,objective_updated,106.36,2,0,4,5888
19432,1571,objective_updated,253.92,3,4,2,5888
19433,1571,objective_updated,440.69,4,2,1,5888
19434,1571,objective_updated,554.67,5,1,3,5888
19435,1571,objective_updated,761.16,6,3,4,5888
19436,1571,objective_updated,162.14,1,0,1,5889
19437,1571,objective_updated,293.89,1,1,2,5889
19438,1571,objective_updated,485.21,2,2,0,5889
19439,1571,objective_updated,547.53,2,0,1,5889
19440,1571,objective_updated,704.85,2,1,2,5889
19441,1571,objective_updated,836.22,2,2,3,5889
19442,1571,objective_updated,0,1,0,1,5890
19443,1571,objective_updated,168.67,2,1,0,5890
19444,1571,objective_updated,461.24,3,0,2,5890
19465,1576,objective_updated,0,1,0,2,5897
19466,1576,objective_updated,224.82,2,2,1,5897
19467,1576,objective_updated,411.6,3,1,0,5897
19468,1576,objective_updated,122.84,1,0,1,5898
19469,1576,objective_updated,367.74,1,1,2,5898
19470,1576,objective_updated,487.21,1,2,3,5898
19471,1576,objective_updated,487.21,2,3,0,5898
19472,1576,objective_updated,554.96,2,0,1,5898
19473,1576,objective_updated,688.64,2,1,2,5898
19474,1576,objective_updated,745.91,2,2,3,5898
19475,1576,objective_updated,745.92,3,3,0,5898
19476,1577,objective_updated,0,1,0,1,5899
19477,1577,objective_updated,163.24,2,1,0,5899
19478,1577,objective_updated,421.84,3,0,2,5899
19479,1577,objective_updated,87.02,1,0,1,5900
19480,1577,objective_updated,314.55,1,1,2,5900
19481,1577,objective_updated,486.84,1,2,3,5900
19482,1577,objective_updated,486.84,2,3,0,5900
19483,1577,objective_updated,722.09,2,0,1,5900
19484,1577,objective_updated,136.03,2,0,3,5901
19485,1577,objective_updated,312.89,3,3,4,5901
19486,1577,objective_updated,512.96,4,4,2,5901
19487,1577,objective_updated,637.4,5,2,1,5901
19488,1577,objective_updated,847.03,6,1,3,5901
19489,1577,objective_updated,117.31,1,0,1,5903
19490,1577,objective_updated,256.64,1,1,2,5903
19491,1577,objective_updated,369.82,1,2,3,5903
19492,1577,objective_updated,369.82,2,3,0,5903
19493,1577,objective_updated,558.43,2,0,1,5903
19494,1577,objective_updated,0,1,0,2,5904
19495,1577,objective_updated,189.65,2,2,0,5904
19496,1577,objective_updated,438.23,3,0,1,5904
19497,1577,objective_updated,117.31,1,0,1,5905
19498,1577,objective_updated,256.64,1,1,2,5905
19499,1577,objective_updated,369.82,1,2,3,5905
19500,1577,objective_updated,369.82,2,3,0,5905
19501,1577,objective_updated,558.43,2,0,1,5905
19502,1577,objective_updated,117.31,1,0,1,5906
19503,1577,objective_updated,256.64,1,1,2,5906
19504,1577,objective_updated,369.82,1,2,3,5906
19505,1577,objective_updated,369.82,2,3,0,5906
19506,1577,objective_updated,558.43,2,0,1,5906
19507,1577,objective_updated,117.31,1,0,1,5907
19508,1577,objective_updated,256.64,1,1,2,5907
19509,1577,objective_updated,369.82,1,2,3,5907
19510,1577,objective_updated,369.82,2,3,0,5907
19511,1577,objective_updated,558.43,2,0,1,5907
19512,1578,objective_updated,84.49,1,0,1,5908
19513,1578,objective_updated,244.65,1,1,2,5908
19514,1578,objective_updated,480.27,2,2,0,5908
19515,1578,objective_updated,170.78,2,0,4,5909
19516,1578,objective_updated,410.22,3,4,3,5909
19517,1578,objective_updated,533.99,4,3,1,5909
19518,1578,objective_updated,713.94,5,1,2,5909
19519,1579,objective_updated,0,1,0,1,5911
19520,1579,objective_updated,209.8,2,1,2,5911
19521,1579,objective_updated,390.4,3,2,0,5911
19522,1579,objective_updated,163.27,1,0,1,5912
19523,1579,objective_updated,248.97,1,1,2,5912
19524,1579,objective_updated,394.88,1,2,3,5912
19525,1579,objective_updated,394.88,2,3,0,5912
19526,1579,objective_updated,658.5,2,0,1,5912
19527,1579,objective_updated,171.34,2,0,2,5913
19528,1579,objective_updated,345.38,3,2,4,5913
19529,1579,objective_updated,509.04,4,4,3,5913
19530,1579,objective_updated,728.21,5,3,1,5913
19531,1579,objective_updated,935.3,6,1,0,5913
19532,1579,objective_updated,152.98,1,0,1,5914
19533,1579,objective_updated,359.05,1,1,2,5914
19534,1579,objective_updated,474.03,1,2,3,5914
19535,1579,objective_updated,474.04,2,3,0,5914
19536,1579,objective_updated,656.17,2,0,1,5914
19537,1579,objective_updated,813.87,2,1,2,5914
19538,1579,objective_updated,943.13,2,2,3,5914
19539,1579,objective_updated,943.13,3,3,0,5914
19549,1580,objective_updated,0,1,0,1,5919
19550,1580,objective_updated,331.14,2,1,0,5919
19551,1580,objective_updated,511.24,3,0,2,5919
19552,1580,objective_updated,349.67,2,0,1,5921
19553,1580,objective_updated,427.36,2,1,2,5921
19554,1581,objective_updated,0,1,0,2,5922
19555,1581,objective_updated,339.62,2,2,1,5922
19556,1581,objective_updated,638.02,3,1,0,5922
19562,1581,objective_updated,109.51,1,0,1,5924
19563,1581,objective_updated,404.22,2,1,0,5924
19564,1581,objective_updated,600.76,2,0,1,5924
19565,1581,objective_updated,751.98,2,1,2,5924
19566,1581,objective_updated,187.71,2,0,4,5925
19567,1581,objective_updated,307.64,3,4,2,5925
19568,1581,objective_updated,443.67,4,2,1,5925
19569,1581,objective_updated,610.85,5,1,3,5925
19570,1581,objective_updated,817.68,6,3,4,5925
19571,1581,objective_updated,109.51,1,0,1,5926
19572,1581,objective_updated,404.22,2,1,0,5926
19573,1581,objective_updated,600.76,2,0,1,5926
19574,1581,objective_updated,751.98,2,1,2,5926
19575,1581,objective_updated,109.51,1,0,1,5927
19576,1581,objective_updated,404.22,2,1,0,5927
19577,1581,objective_updated,600.76,2,0,1,5927
19578,1581,objective_updated,751.98,2,1,2,5927
19579,1581,objective_updated,100.4,1,0,1,5928
19580,1581,objective_updated,333.3,1,1,2,5928
19581,1581,objective_updated,505.11,2,2,0,5928
19582,1581,objective_updated,552.24,2,0,1,5928
19583,1581,objective_updated,786.83,2,1,2,5928
19584,1581,objective_updated,957.19,2,2,3,5928
19585,1581,objective_updated,109.51,1,0,1,5931
19586,1581,objective_updated,404.22,2,1,0,5931
19587,1581,objective_updated,600.76,2,0,1,5931
19588,1581,objective_updated,751.98,2,1,2,5931
19589,1581,objective_updated,109.51,1,0,1,5932
19590,1581,objective_updated,404.22,2,1,0,5932
19591,1581,objective_updated,600.76,2,0,1,5932
19592,1581,objective_updated,751.98,2,1,2,5932
19593,1582,objective_updated,0,1,0,2,5933
19594,1582,objective_updated,182.48,2,2,0,5933
19595,1582,objective_updated,398.65,3,0,1,5933
19596,1582,objective_updated,211.24,1,0,1,5934
19597,1582,objective_updated,407.35,1,1,2,5934
19598,1582,objective_updated,491.13,1,2,3,5934
19599,1582,objective_updated,491.13,2,3,0,5934
19600,1582,objective_updated,559.21,2,0,1,5934
19601,1582,objective_updated,755.58,2,1,2,5934
19602,1582,objective_updated,862.82,2,2,3,5934
19603,1582,objective_updated,862.82,3,3,0,5934
19604,1582,objective_updated,132.81,2,0,3,5935
19605,1582,objective_updated,352.73,3,3,4,5935
19606,1582,objective_updated,487,4,4,2,5935
19607,1582,objective_updated,676.76,5,2,1,5935
19608,1582,objective_updated,801.67,6,1,0,5935
19609,1582,objective_updated,132.38,1,0,1,5937
19610,1582,objective_updated,402.65,1,1,2,5937
19611,1582,objective_updated,473.37,1,2,3,5937
19612,1582,objective_updated,473.37,2,3,0,5937
19613,1582,objective_updated,573.62,2,0,1,5937
19614,1582,objective_updated,809.73,2,1,2,5937
19615,1582,objective_updated,0,1,0,2,5938
19616,1582,objective_updated,249.72,2,2,1,5938
19617,1582,objective_updated,408.99,3,1,0,5938
19618,1583,objective_updated,0,1,0,2,5939
19619,1583,objective_updated,210.36,2,2,0,5939
19620,1583,objective_updated,473.39,3,0,1,5939
19621,1584,objective_updated,72.2,1,0,1,5940
19622,1584,objective_updated,406.28,1,1,2,5940
19623,1584,objective_updated,520.98,2,2,0,5940
19624,1584,objective_updated,176.69,2,0,3,5941
19625,1584,objective_updated,346.56,3,3,4,5941
19626,1584,objective_updated,474.43,4,4,2,5941
19627,1584,objective_updated,657.29,5,2,1,5941
19628,1585,objective_updated,0,1,0,2,5943
19629,1585,objective_updated,252.11,2,2,0,5943
19630,1585,objective_updated,407.58,3,0,1,5943
19631,1585,objective_updated,403.39,2,0,1,5944
19632,1585,objective_updated,129.59,2,0,1,5945
19633,1585,objective_updated,272.17,3,1,2,5945
19634,1585,objective_updated,486.32,4,2,4,5945
19635,1585,objective_updated,695.91,5,4,3,5945
19636,1585,objective_updated,819.15,6,3,0,5945
19637,1585,objective_updated,44.32,1,0,1,5946
19638,1585,objective_updated,188.37,1,1,2,5946
19639,1585,objective_updated,329.38,1,2,3,5946
19640,1585,objective_updated,329.39,2,3,0,5946
19641,1585,objective_updated,373.5,2,0,1,5946
19642,1585,objective_updated,0,1,0,2,5948
19643,1585,objective_updated,287.05,2,2,1,5948
19644,1585,objective_updated,448.02,3,1,0,5948
19649,1586,objective_updated,0,1,0,2,5950
19650,1586,objective_updated,210.36,2,2,0,5950
19651,1586,objective_updated,473.39,3,0,1,5950
19652,1586,objective_updated,263.56,2,0,2,5951
19653,1586,objective_updated,567.72,3,2,1,5951
19659,1586,objective_updated,108.81,1,0,1,5953
19660,1586,objective_updated,403.62,2,1,0,5953
19661,1586,objective_updated,569.02,2,0,1,5953
19662,1586,objective_updated,703.2,2,1,2,5953
19663,1586,objective_updated,789.89,2,2,3,5953
19664,1586,objective_updated,225.97,2,0,2,5955
19665,1586,objective_updated,342.99,3,2,4,5955
19666,1586,objective_updated,580.27,4,4,3,5955
19667,1586,objective_updated,769.81,5,3,1,5955
19668,1586,objective_updated,933.04,6,1,2,5955
19676,1588,objective_updated,311.91,2,0,1,5959
19677,1588,objective_updated,515.24,3,1,2,5959
19678,1588,objective_updated,212.76,1,0,1,5960
19679,1588,objective_updated,279.9,1,1,2,5960
19680,1588,objective_updated,480.2,2,2,0,5960
19681,1588,objective_updated,568.49,2,0,1,5960
19682,1588,objective_updated,634.67,2,1,2,5960
19683,1588,objective_updated,864.3,2,2,3,5960
19684,1584,objective_updated,0,1,0,2,5963
19685,1584,objective_updated,210.36,2,2,0,5963
19686,1584,objective_updated,473.39,3,0,1,5963
19690,1584,objective_updated,97.84,1,0,1,5965
19691,1584,objective_updated,413.24,2,1,0,5965
19692,1584,objective_updated,475.73,2,0,1,5965
19693,1584,objective_updated,574.84,2,1,2,5965
19694,1584,objective_updated,684.85,2,2,3,5965
19698,1590,objective_updated,0,1,0,1,5967
19699,1590,objective_updated,319.85,2,1,2,5967
19700,1590,objective_updated,511.19,3,2,0,5967
19701,1590,objective_updated,109.4,1,0,1,5968
19702,1590,objective_updated,402.99,2,1,0,5968
19703,1590,objective_updated,619.8,2,0,1,5968
19704,1590,objective_updated,724.62,2,1,2,5968
19705,1590,objective_updated,928.17,2,2,3,5968
19706,1590,objective_updated,118.6,2,0,1,5969
19707,1590,objective_updated,280.7,3,1,2,5969
19708,1590,objective_updated,432.33,4,2,4,5969
19709,1590,objective_updated,588.78,5,4,3,5969
19710,1590,objective_updated,338.24,2,0,1,5970
19711,1590,objective_updated,534.4,2,1,2,5970
19712,1590,objective_updated,676.55,2,2,3,5970
19713,1590,objective_updated,269.34,2,0,1,5972
19714,1590,objective_updated,568.82,3,1,2,5972
19715,1591,objective_updated,189.52,2,0,1,5973
19716,1591,objective_updated,523,3,1,2,5973
19717,1591,objective_updated,217.85,1,0,1,5974
19718,1591,objective_updated,392.75,1,1,2,5974
19719,1591,objective_updated,516.12,2,2,0,5974
19720,1591,objective_updated,630.01,2,0,1,5974
19721,1591,objective_updated,768.68,2,1,2,5974
19722,1591,objective_updated,141.68,2,0,2,5975
19723,1591,objective_updated,273.24,3,2,4,5975
19724,1591,objective_updated,449.16,4,4,3,5975
19725,1591,objective_updated,695.43,5,3,1,5975
19726,1591,objective_updated,887.48,6,1,0,5975
19727,1591,objective_updated,75.65,1,0,1,5976
19728,1591,objective_updated,283.87,1,1,2,5976
19729,1591,objective_updated,355.59,1,2,3,5976
19730,1591,objective_updated,355.61,2,3,0,5976
19731,1591,objective_updated,490.93,2,0,1,5976
19732,1591,objective_updated,753.87,2,1,2,5976
19733,1591,objective_updated,0,1,0,1,5978
19734,1591,objective_updated,364.28,2,1,0,5978
19735,1591,objective_updated,690.4,3,0,2,5978
19736,1592,objective_updated,0,1,0,2,5979
19737,1592,objective_updated,244.38,2,2,1,5979
19738,1592,objective_updated,407.87,3,1,0,5979
19739,1592,objective_updated,112.33,1,0,1,5981
19740,1592,objective_updated,277.47,1,1,2,5981
19741,1592,objective_updated,418.34,1,2,3,5981
19742,1592,objective_updated,418.34,2,3,0,5981
19743,1592,objective_updated,490.77,2,0,1,5981
19744,1592,objective_updated,605.1,2,1,2,5981
19745,1592,objective_updated,110.71,2,0,3,5982
19746,1592,objective_updated,321.21,3,3,1,5982
19747,1592,objective_updated,531.41,4,1,2,5982
19748,1592,objective_updated,753.37,5,2,4,5982
19749,1592,objective_updated,966.82,6,4,0,5982
19750,1592,objective_updated,136.57,1,0,1,5983
19751,1592,objective_updated,269.41,1,1,2,5983
19752,1592,objective_updated,464.13,1,2,3,5983
19753,1592,objective_updated,464.13,2,3,0,5983
19754,1592,objective_updated,552.02,2,0,1,5983
19755,1592,objective_updated,616.58,2,1,2,5983
19756,1592,objective_updated,955.43,2,2,3,5983
19763,1594,objective_updated,0,1,0,2,5985
19764,1594,objective_updated,290.89,2,2,1,5985
19765,1594,objective_updated,88.92,1,0,1,5987
19766,1594,objective_updated,248.95,1,1,2,5987
19767,1594,objective_updated,508.34,2,2,0,5987
19768,1594,objective_updated,637.28,2,0,1,5987
19769,1594,objective_updated,754.07,2,1,2,5987
19770,1594,objective_updated,951.61,2,2,3,5987
19771,1594,objective_updated,189.01,1,0,1,5988
19772,1594,objective_updated,411.62,1,1,2,5988
19773,1594,objective_updated,527.14,1,2,3,5988
19774,1594,objective_updated,527.16,2,3,0,5988
19775,1594,objective_updated,687.28,2,0,1,5988
19776,1594,objective_updated,865.72,2,1,2,5988
19777,1594,objective_updated,939.17,2,2,3,5988
19778,1594,objective_updated,939.19,3,3,0,5988
19779,1594,objective_updated,136.64,2,0,1,5989
19780,1594,objective_updated,357.94,3,1,3,5989
19781,1594,objective_updated,560.76,4,3,4,5989
19782,1594,objective_updated,787.21,5,4,2,5989
19783,1594,objective_updated,1009.17,6,2,1,5989
19809,1600,objective_updated,0,1,0,1,5996
19810,1600,objective_updated,319.01,2,1,2,5996
19811,1600,objective_updated,549.68,3,2,0,5996
19812,1600,objective_updated,123.77,2,0,1,5998
19813,1600,objective_updated,302.79,3,1,2,5998
19814,1600,objective_updated,468.72,4,2,4,5998
19815,1600,objective_updated,650.61,5,4,3,5998
19816,1600,objective_updated,876.59,6,3,0,5998
19817,1600,objective_updated,123.77,2,0,1,5999
19818,1600,objective_updated,302.79,3,1,2,5999
19819,1600,objective_updated,468.72,4,2,4,5999
19820,1600,objective_updated,650.61,5,4,3,5999
19821,1600,objective_updated,876.59,6,3,0,5999
19822,1600,objective_updated,123.77,2,0,1,6000
19823,1600,objective_updated,302.79,3,1,2,6000
19824,1600,objective_updated,468.72,4,2,4,6000
19825,1600,objective_updated,650.61,5,4,3,6000
19826,1600,objective_updated,876.59,6,3,0,6000
19837,1600,objective_updated,123.77,2,0,1,6003
19838,1600,objective_updated,302.79,3,1,2,6003
19839,1600,objective_updated,468.72,4,2,4,6003
19840,1600,objective_updated,650.61,5,4,3,6003
19841,1600,objective_updated,876.59,6,3,0,6003
19842,1600,objective_updated,122.79,1,0,1,6004
19843,1600,objective_updated,360.55,1,1,2,6004
19844,1600,objective_updated,480.2,2,2,0,6004
19845,1600,objective_updated,555.89,2,0,1,6004
19846,1600,objective_updated,684.71,2,1,2,6004
19847,1600,objective_updated,962.98,2,2,3,6004
19852,1600,objective_updated,138.01,1,0,1,6006
19853,1600,objective_updated,409.05,1,1,2,6006
19854,1600,objective_updated,533.32,2,2,0,6006
19855,1600,objective_updated,649.7,2,0,1,6006
19856,1600,objective_updated,123.77,2,0,1,6007
19857,1600,objective_updated,302.79,3,1,2,6007
19858,1600,objective_updated,468.72,4,2,4,6007
19859,1600,objective_updated,650.61,5,4,3,6007
19860,1600,objective_updated,876.59,6,3,0,6007
19861,1600,objective_updated,177.93,2,0,1,6008
19862,1600,objective_updated,365.94,3,1,2,6008
19863,1601,objective_updated,189.27,2,0,1,6009
19864,1601,objective_updated,385.22,3,1,2,6009
19865,1601,objective_updated,262.64,1,0,1,6010
19866,1601,objective_updated,438.08,2,1,0,6010
19867,1601,objective_updated,498.14,2,0,1,6010
19868,1601,objective_updated,620.08,2,1,2,6010
19869,1601,objective_updated,706.08,2,2,3,6010
19870,1601,objective_updated,457.56,2,0,1,6012
19871,1601,objective_updated,645.44,2,1,2,6012
19872,1601,objective_updated,724.9,2,2,3,6012
19873,1601,objective_updated,197.83,2,0,1,6013
19874,1601,objective_updated,313.57,3,1,2,6013
19875,1601,objective_updated,454.03,4,2,4,6013
19876,1601,objective_updated,648.74,5,4,3,6013
19877,1601,objective_updated,144.43,1,0,1,6014
19878,1601,objective_updated,395.45,2,1,0,6014
19879,1601,objective_updated,497.38,2,0,1,6014
19880,1601,objective_updated,591.25,2,1,2,6014
19881,1601,objective_updated,760.58,2,2,3,6014
19882,1601,objective_updated,144.43,1,0,1,6015
19883,1601,objective_updated,395.45,2,1,0,6015
19884,1601,objective_updated,497.38,2,0,1,6015
19885,1601,objective_updated,591.25,2,1,2,6015
19886,1601,objective_updated,760.58,2,2,3,6015
19887,1601,objective_updated,144.43,1,0,1,6016
19888,1601,objective_updated,395.45,2,1,0,6016
19889,1601,objective_updated,497.38,2,0,1,6016
19890,1601,objective_updated,591.25,2,1,2,6016
19891,1601,objective_updated,760.58,2,2,3,6016
19892,1601,objective_updated,144.43,1,0,1,6017
19893,1601,objective_updated,395.45,2,1,0,6017
19894,1601,objective_updated,497.38,2,0,1,6017
19895,1601,objective_updated,591.25,2,1,2,6017
19896,1601,objective_updated,760.58,2,2,3,6017
19897,1601,objective_updated,144.43,1,0,1,6018
19898,1601,objective_updated,395.45,2,1,0,6018
19899,1601,objective_updated,497.38,2,0,1,6018
19900,1601,objective_updated,591.25,2,1,2,6018
19901,1601,objective_updated,760.58,2,2,3,6018
19902,1601,objective_updated,144.43,1,0,1,6019
19903,1601,objective_updated,395.45,2,1,0,6019
19904,1601,objective_updated,497.38,2,0,1,6019
19905,1601,objective_updated,591.25,2,1,2,6019
19906,1601,objective_updated,760.58,2,2,3,6019
19907,1601,objective_updated,144.43,1,0,1,6020
19908,1601,objective_updated,395.45,2,1,0,6020
19909,1601,objective_updated,497.38,2,0,1,6020
19910,1601,objective_updated,591.25,2,1,2,6020
19911,1601,objective_updated,760.58,2,2,3,6020
19912,1602,objective_updated,0,1,0,1,6021
19913,1602,objective_updated,329.28,2,1,0,6021
19914,1602,objective_updated,604.18,3,0,2,6021
19915,1602,objective_updated,61.36,1,0,1,6023
19916,1602,objective_updated,171.8,1,1,2,6023
19917,1602,objective_updated,367.43,1,2,3,6023
19918,1602,objective_updated,367.43,2,3,0,6023
19919,1602,objective_updated,591.26,2,0,1,6023
19920,1602,objective_updated,200.79,1,0,1,6024
19921,1602,objective_updated,390.06,1,1,2,6024
19922,1602,objective_updated,507.09,2,2,0,6024
19923,1602,objective_updated,720.5,2,0,1,6024
19924,1602,objective_updated,870.83,2,1,2,6024
19925,1602,objective_updated,109.32,2,0,1,6025
19926,1602,objective_updated,227.38,3,1,3,6025
19927,1602,objective_updated,421.9,4,3,4,6025
19928,1602,objective_updated,621.06,5,4,2,6025
19929,1603,objective_updated,0,1,0,1,6027
19930,1603,objective_updated,215,2,1,0,6027
19931,1603,objective_updated,411.57,3,0,2,6027
19932,1603,objective_updated,67.47,1,0,1,6028
19933,1603,objective_updated,146.72,1,1,2,6028
19934,1603,objective_updated,225.41,1,2,3,6028
19935,1603,objective_updated,225.41,2,3,0,6028
19936,1604,objective_updated,162.01,2,0,2,6031
19937,1604,objective_updated,370.63,3,2,1,6031
19938,1604,objective_updated,87.63,1,0,1,6032
19939,1604,objective_updated,397.75,2,1,0,6032
19940,1604,objective_updated,463.87,2,0,1,6032
19941,1604,objective_updated,630.84,2,1,2,6032
19942,1604,objective_updated,798.36,2,2,3,6032
19943,1604,objective_updated,114.76,2,0,3,6033
19944,1604,objective_updated,288.86,3,3,1,6033
19945,1604,objective_updated,509.32,4,1,2,6033
19946,1604,objective_updated,701.71,5,2,4,6033
19947,1604,objective_updated,819.66,6,4,3,6033
19948,1605,objective_updated,162.71,2,0,1,6035
19949,1605,objective_updated,518.59,3,1,2,6035
19950,1605,objective_updated,79.36,1,0,1,6036
19951,1605,objective_updated,208.17,1,1,2,6036
19952,1605,objective_updated,367.03,1,2,3,6036
19953,1605,objective_updated,367.03,2,3,0,6036
19954,1605,objective_updated,521.25,2,0,1,6036
19955,1605,objective_updated,731.69,2,1,2,6036
19956,1605,objective_updated,81.52,1,0,1,6037
19957,1605,objective_updated,321.58,1,1,2,6037
19958,1605,objective_updated,396.31,1,2,3,6037
19959,1605,objective_updated,396.31,2,3,0,6037
19960,1605,objective_updated,640.34,2,0,1,6037
19961,1605,objective_updated,149.7,2,0,4,6039
19962,1605,objective_updated,318.41,3,4,2,6039
19963,1605,objective_updated,455.32,4,2,1,6039
19964,1605,objective_updated,626.93,5,1,3,6039
19965,1605,objective_updated,764.68,6,3,0,6039
19966,1605,objective_updated,149.7,2,0,4,6040
19967,1605,objective_updated,318.41,3,4,2,6040
19968,1605,objective_updated,455.32,4,2,1,6040
19969,1605,objective_updated,626.93,5,1,3,6040
19970,1605,objective_updated,764.68,6,3,0,6040
19971,1604,objective_updated,149.02,1,0,1,6042
19972,1604,objective_updated,288.19,1,1,2,6042
19973,1604,objective_updated,371.28,1,2,3,6042
19974,1604,objective_updated,371.28,2,3,0,6042
19975,1604,objective_updated,456.6,2,0,1,6042
19976,1604,objective_updated,563.96,2,1,2,6042
19977,1604,objective_updated,704.26,2,2,3,6042
19978,1606,objective_updated,0,1,0,2,6043
19979,1606,objective_updated,268.14,2,2,0,6043
19980,1606,objective_updated,454.73,3,0,1,6043
19981,1606,objective_updated,69.53,1,0,1,6044
19982,1606,objective_updated,203,1,1,2,6044
19983,1606,objective_updated,388.66,1,2,3,6044
19984,1606,objective_updated,388.66,2,3,0,6044
19985,1606,objective_updated,461.77,2,0,1,6044
19986,1606,objective_updated,562.13,2,1,2,6044
19987,1606,objective_updated,701.19,2,2,3,6044
19988,1606,objective_updated,701.21,3,3,0,6044
19989,1606,objective_updated,176.19,2,0,2,6045
19990,1606,objective_updated,356.33,3,2,4,6045
19991,1606,objective_updated,533.18,4,4,3,6045
19992,1606,objective_updated,709.04,5,3,1,6045
19993,1606,objective_updated,895.16,6,1,2,6045
19994,1606,objective_updated,70.28,1,0,1,6048
19995,1606,objective_updated,214.44,1,1,2,6048
19996,1606,objective_updated,390.29,1,2,3,6048
19997,1606,objective_updated,390.29,2,3,0,6048
19998,1606,objective_updated,625.56,2,0,1,6048
19999,1606,objective_updated,745.95,2,1,2,6048
20000,1609,objective_updated,83.76,1,0,1,6050
20001,1609,objective_updated,258.42,1,1,2,6050
20002,1609,objective_updated,455.31,1,2,3,6050
20003,1609,objective_updated,455.31,2,3,0,6050
20004,1609,objective_updated,562.04,2,0,1,6050
20005,1609,objective_updated,705.14,2,1,2,6050
20006,1609,objective_updated,896.93,2,2,3,6050
20007,1609,objective_updated,71.07,1,0,1,6051
20008,1609,objective_updated,224.38,1,1,2,6051
20009,1609,objective_updated,480.28,2,2,0,6051
20010,1609,objective_updated,544.06,2,0,1,6051
20011,1609,objective_updated,725.33,2,1,2,6051
20012,1609,objective_updated,928.12,2,2,3,6051
20013,1609,objective_updated,0,1,0,1,6052
20014,1609,objective_updated,179.61,2,1,0,6052
20015,1609,objective_updated,447.55,3,0,2,6052
20016,1609,objective_updated,151.33,2,0,3,6053
20017,1609,objective_updated,271.69,3,3,1,6053
20018,1609,objective_updated,431.3,4,1,2,6053
20019,1609,objective_updated,605.22,5,2,4,6053
20020,1609,objective_updated,814.26,6,4,0,6053
20021,1610,objective_updated,288.23,2,0,1,6055
20022,1610,objective_updated,377.29,2,1,2,6055
20023,1610,objective_updated,431.93,2,2,3,6055
20024,1610,objective_updated,112.94,2,0,1,6056
20025,1610,objective_updated,334.25,3,1,3,6056
20026,1610,objective_updated,557.41,4,3,4,6056
20027,1610,objective_updated,694.47,5,4,2,6056
20028,1610,objective_updated,915.66,6,2,0,6056
20029,1610,objective_updated,66.3,1,0,1,6057
20030,1610,objective_updated,294.26,1,1,2,6057
20031,1610,objective_updated,485.16,2,2,0,6057
20032,1610,objective_updated,697.12,2,0,1,6057
20037,1610,objective_updated,66.36,1,0,1,6062
20038,1610,objective_updated,394.15,1,1,2,6062
20039,1610,objective_updated,484.23,2,2,0,6062
20040,1610,objective_updated,589.83,2,0,1,6062
20041,1610,objective_updated,659.36,2,1,2,6062
20042,1610,objective_updated,867.55,2,2,3,6062
20043,1610,objective_updated,165.46,2,0,4,6063
20044,1610,objective_updated,421.44,3,4,2,6063
20045,1610,objective_updated,649.7,4,2,1,6063
20046,1610,objective_updated,865.11,5,1,3,6063
20047,1610,objective_updated,1059.33,6,3,0,6063
20048,1610,objective_updated,270.33,1,0,1,6064
20049,1610,objective_updated,454.28,2,1,0,6064
20050,1610,objective_updated,545.46,2,0,1,6064
20051,1610,objective_updated,728.1,2,1,2,6064
20052,1610,objective_updated,973.5,2,2,3,6064
20058,1623,objective_updated,0,1,0,1,6066
20059,1623,objective_updated,307.38,2,1,2,6066
20060,1623,objective_updated,540.92,3,2,0,6066
20061,1623,objective_updated,238.17,1,0,1,6067
20062,1623,objective_updated,409.15,2,1,0,6067
20063,1623,objective_updated,514.46,2,0,1,6067
20064,1623,objective_updated,576.86,2,1,2,6067
20065,1623,objective_updated,153.12,2,0,2,6068
20066,1623,objective_updated,323.55,3,2,1,6068
20067,1623,objective_updated,547.87,4,1,3,6068
20068,1623,objective_updated,783.63,5,3,4,6068
20069,1623,objective_updated,1002.63,6,4,0,6068
20070,1624,objective_updated,0,1,0,2,6071
20071,1624,objective_updated,310.2,2,2,1,6071
20072,1624,objective_updated,617.97,3,1,0,6071
20073,1624,objective_updated,270.05,1,0,1,6072
20074,1624,objective_updated,389.76,1,1,2,6072
20075,1624,objective_updated,497.79,1,2,3,6072
20076,1624,objective_updated,497.81,2,3,0,6072
20077,1624,objective_updated,807.21,2,0,1,6072
20078,1624,objective_updated,109.96,2,0,4,6073
20079,1624,objective_updated,317.37,3,4,3,6073
20080,1624,objective_updated,448.42,4,3,1,6073
20081,1624,objective_updated,666.16,5,1,2,6073
20082,1624,objective_updated,822.09,6,2,4,6073
20083,1624,objective_updated,120.59,1,0,1,6074
20084,1624,objective_updated,262.79,1,1,2,6074
20085,1624,objective_updated,445.68,1,2,3,6074
20086,1624,objective_updated,445.68,2,3,0,6074
20087,1624,objective_updated,500.34,2,0,1,6074
20088,1625,objective_updated,0,1,0,2,6076
20089,1625,objective_updated,274.92,2,2,1,6076
20090,1625,objective_updated,522.15,3,1,0,6076
20091,1625,objective_updated,205.69,1,0,1,6077
20092,1625,objective_updated,411.64,2,1,0,6077
20093,1625,objective_updated,523.38,2,0,1,6077
20094,1625,objective_updated,756.44,2,1,2,6077
20098,1626,objective_updated,433.18,2,0,1,6080
20099,1626,objective_updated,594.25,2,1,2,6080
20100,1626,objective_updated,697.19,2,2,3,6080
20104,1628,objective_updated,0,1,0,2,6082
20105,1628,objective_updated,210.6,2,2,1,6082
20106,1628,objective_updated,384.72,3,1,0,6082
20107,1628,objective_updated,81.39,1,0,1,6083
20108,1628,objective_updated,199.57,1,1,2,6083
20109,1628,objective_updated,284.06,1,2,3,6083
20110,1628,objective_updated,284.07,2,3,0,6083
20111,1628,objective_updated,512.64,2,0,1,6083
20112,1628,objective_updated,81.39,1,0,1,6085
20113,1628,objective_updated,199.57,1,1,2,6085
20114,1628,objective_updated,284.06,1,2,3,6085
20115,1628,objective_updated,284.07,2,3,0,6085
20116,1628,objective_updated,512.64,2,0,1,6085
20117,1628,objective_updated,199.69,2,0,3,6086
20118,1628,objective_updated,351.92,3,3,4,6086
20119,1628,objective_updated,552.49,4,4,2,6086
20120,1628,objective_updated,670.52,5,2,1,6086
20121,1628,objective_updated,791.24,6,1,3,6086
20122,1628,objective_updated,0,1,0,2,6087
20123,1628,objective_updated,189.83,2,2,0,6087
20124,1628,objective_updated,81.39,1,0,1,6088
20125,1628,objective_updated,199.57,1,1,2,6088
20126,1628,objective_updated,284.06,1,2,3,6088
20127,1628,objective_updated,284.07,2,3,0,6088
20128,1628,objective_updated,512.64,2,0,1,6088
20129,1628,objective_updated,0,1,0,2,6089
20130,1628,objective_updated,189.83,2,2,0,6089
20131,1628,objective_updated,81.39,1,0,1,6090
20132,1628,objective_updated,199.57,1,1,2,6090
20133,1628,objective_updated,284.06,1,2,3,6090
20134,1628,objective_updated,284.07,2,3,0,6090
20135,1628,objective_updated,512.64,2,0,1,6090
20136,1628,objective_updated,81.39,1,0,1,6091
20137,1628,objective_updated,199.57,1,1,2,6091
20138,1628,objective_updated,284.06,1,2,3,6091
20139,1628,objective_updated,284.07,2,3,0,6091
20140,1628,objective_updated,512.64,2,0,1,6091
20311,34,objective_updated,0,1,0,2,6111
20312,34,objective_updated,73.92,1,2,1,6111
20313,34,objective_updated,116.52,1,1,2,6111
20314,34,objective_updated,189.99,1,2,1,6111
20315,34,objective_updated,333.23,1,1,0,6111
20316,34,objective_updated,379.73,1,0,1,6111
20317,34,objective_updated,427.59,1,1,0,6111
20318,34,objective_updated,473.01,1,0,1,6111
20319,34,objective_updated,588.35,1,1,2,6111
20320,34,objective_updated,632.71,1,2,3,6111
20321,1631,objective_updated,0,1,0,2,6112
20322,1631,objective_updated,189.83,2,2,0,6112
20323,1632,objective_updated,0,1,0,2,6113
20324,1632,objective_updated,210.6,2,2,1,6113
20325,1632,objective_updated,384.72,3,1,0,6113
20326,1632,objective_updated,81.39,1,0,1,6114
20327,1632,objective_updated,199.57,1,1,2,6114
20328,1632,objective_updated,284.06,1,2,3,6114
20329,1632,objective_updated,284.07,2,3,0,6114
20330,1632,objective_updated,512.64,2,0,1,6114
20334,1632,objective_updated,81.39,1,0,1,6116
20335,1632,objective_updated,199.57,1,1,2,6116
20336,1632,objective_updated,284.06,1,2,3,6116
20337,1632,objective_updated,284.07,2,3,0,6116
20338,1632,objective_updated,512.64,2,0,1,6116
20339,1632,objective_updated,199.69,2,0,3,6118
20340,1632,objective_updated,351.92,3,3,4,6118
20341,1632,objective_updated,552.49,4,4,2,6118
20342,1632,objective_updated,670.52,5,2,1,6118
20343,1632,objective_updated,791.24,6,1,3,6118
20344,1632,objective_updated,0,1,0,2,6119
20345,1632,objective_updated,189.83,2,2,0,6119
20346,1632,objective_updated,0,1,0,2,6120
20347,1632,objective_updated,189.83,2,2,0,6120
20348,1633,objective_updated,0,1,0,2,6121
20349,1633,objective_updated,338.69,2,2,1,6121
20350,1633,objective_updated,605.57,3,1,0,6121
20351,1633,objective_updated,51.68,1,0,1,6122
20352,1633,objective_updated,227.87,1,1,2,6122
20353,1633,objective_updated,522.05,2,2,0,6122
20354,1633,objective_updated,631.14,2,0,1,6122
20355,1633,objective_updated,811.77,2,1,2,6122
20356,1633,objective_updated,922.23,2,2,3,6122
20361,1635,objective_updated,0,1,0,2,6127
20362,1635,objective_updated,291.37,2,2,0,6127
20363,1635,objective_updated,568.81,3,0,1,6127
20364,1636,objective_updated,192.69,2,0,2,6129
20365,1636,objective_updated,397.22,3,2,1,6129
20366,1636,objective_updated,140.69,1,0,1,6130
20367,1636,objective_updated,390.13,2,1,0,6130
20368,1636,objective_updated,512.24,2,0,1,6130
20369,1636,objective_updated,651.21,2,1,2,6130
20370,1636,objective_updated,771.86,2,2,3,6130
20371,1636,objective_updated,211.05,2,0,1,6132
20372,1636,objective_updated,445.1,3,1,2,6132
20373,1636,objective_updated,572.74,4,2,4,6132
20374,1636,objective_updated,827.17,5,4,3,6132
20375,1636,objective_updated,956.92,6,3,0,6132
20376,1636,objective_updated,86.2,1,0,1,6133
20377,1636,objective_updated,322.6,1,1,2,6133
20378,1636,objective_updated,508.85,2,2,0,6133
20379,1636,objective_updated,720.5,2,0,1,6133
20380,1636,objective_updated,930.61,2,1,2,6133
20381,1635,objective_updated,227.09,2,0,1,6134
20382,1635,objective_updated,348.3,3,1,2,6134
20383,1635,objective_updated,472.57,4,2,4,6134
20384,1635,objective_updated,596.42,5,4,3,6134
20388,1635,objective_updated,0,1,0,1,6136
20389,1635,objective_updated,230.79,2,1,0,6136
20390,1635,objective_updated,394.52,3,0,2,6136
20391,1635,objective_updated,80.51,1,0,1,6137
20392,1635,objective_updated,195.22,1,1,2,6137
20393,1635,objective_updated,501.66,2,2,0,6137
20394,1635,objective_updated,567.35,2,0,1,6137
20395,1635,objective_updated,703.25,2,1,2,6137
20396,1635,objective_updated,931.31,2,2,3,6137
20397,1635,objective_updated,80.51,1,0,1,6138
20398,1635,objective_updated,195.22,1,1,2,6138
20399,1635,objective_updated,501.66,2,2,0,6138
20400,1635,objective_updated,567.35,2,0,1,6138
20401,1635,objective_updated,703.25,2,1,2,6138
20402,1635,objective_updated,931.31,2,2,3,6138
20403,1635,objective_updated,80.51,1,0,1,6139
20404,1635,objective_updated,195.22,1,1,2,6139
20405,1635,objective_updated,501.66,2,2,0,6139
20406,1635,objective_updated,567.35,2,0,1,6139
20407,1635,objective_updated,703.25,2,1,2,6139
20408,1635,objective_updated,931.31,2,2,3,6139
20409,1635,objective_updated,80.51,1,0,1,6140
20410,1635,objective_updated,195.22,1,1,2,6140
20411,1635,objective_updated,501.66,2,2,0,6140
20412,1635,objective_updated,567.35,2,0,1,6140
20413,1635,objective_updated,703.25,2,1,2,6140
20414,1635,objective_updated,931.31,2,2,3,6140
20415,1635,objective_updated,80.51,1,0,1,6141
20416,1635,objective_updated,195.22,1,1,2,6141
20417,1635,objective_updated,501.66,2,2,0,6141
20418,1635,objective_updated,567.35,2,0,1,6141
20419,1635,objective_updated,703.25,2,1,2,6141
20420,1635,objective_updated,931.31,2,2,3,6141
20421,1636,objective_updated,304.24,2,0,1,6142
20422,1636,objective_updated,561.92,3,1,2,6142
20423,1637,objective_updated,301.14,2,0,2,6143
20424,1637,objective_updated,634.42,3,2,1,6143
20425,1637,objective_updated,303.11,2,0,1,6144
20426,1637,objective_updated,443.59,2,1,2,6144
20427,1637,objective_updated,582.96,2,2,3,6144
20428,1637,objective_updated,202.47,2,0,1,6145
20429,1637,objective_updated,329.17,3,1,2,6145
20430,1637,objective_updated,491.43,4,2,4,6145
20431,1637,objective_updated,679.59,5,4,3,6145
20432,1637,objective_updated,819.62,6,3,1,6145
20433,1637,objective_updated,254.6,2,0,2,6148
20434,1637,objective_updated,570.66,3,2,1,6148
20435,1635,objective_updated,91.92,1,0,1,6149
20436,1635,objective_updated,378.75,1,1,2,6149
20437,1635,objective_updated,480.22,2,2,0,6149
20438,1635,objective_updated,605.6,2,0,1,6149
20439,1635,objective_updated,789.1,2,1,2,6149
20445,1640,objective_updated,0,1,0,2,6152
20446,1640,objective_updated,154.04,2,2,1,6152
20447,1640,objective_updated,0,1,0,2,6153
20448,1640,objective_updated,58.13,1,2,3,6153
20449,1640,objective_updated,97.05,1,3,4,6153
20450,1640,objective_updated,138.48,1,4,3,6153
20451,1640,objective_updated,180.41,1,3,4,6153
20452,1640,objective_updated,221.86,1,4,3,6153
20453,1640,objective_updated,262.23,1,3,4,6153
20454,1640,objective_updated,303.64,1,4,3,6153
20455,1640,objective_updated,343.93,1,3,2,6153
20456,1640,objective_updated,382.85,1,2,3,6153
20457,1640,objective_updated,240.78,1,0,1,6154
20458,1640,objective_updated,390.82,2,1,0,6154
20459,1640,objective_updated,439.62,2,0,1,6154
20460,1640,objective_updated,240.78,1,0,1,6155
20461,1640,objective_updated,390.82,2,1,0,6155
20462,1640,objective_updated,439.62,2,0,1,6155
20467,1640,objective_updated,121.83,1,0,1,6157
20468,1640,objective_updated,239.48,1,1,2,6157
20469,1640,objective_updated,407.54,1,2,3,6157
20470,1640,objective_updated,407.54,2,3,0,6157
20477,1640,objective_updated,121.83,1,0,1,6160
20478,1640,objective_updated,239.48,1,1,2,6160
20479,1640,objective_updated,407.54,1,2,3,6160
20480,1640,objective_updated,407.54,2,3,0,6160
20481,1641,objective_updated,266.43,2,0,1,6161
20482,1641,objective_updated,490.74,3,1,2,6161
20483,1641,objective_updated,93.88,1,0,1,6162
20484,1641,objective_updated,175.18,1,1,2,6162
20485,1641,objective_updated,273.56,1,2,3,6162
20486,1641,objective_updated,273.58,2,3,0,6162
20487,1641,objective_updated,539.62,2,0,1,6162
20488,1641,objective_updated,689.04,2,1,2,6162
20489,1641,objective_updated,122.28,1,0,1,6163
20490,1641,objective_updated,189.68,1,1,2,6163
20491,1641,objective_updated,353.97,1,2,3,6163
20492,1641,objective_updated,353.97,2,3,0,6163
20493,1641,objective_updated,119.66,2,0,1,6165
20494,1641,objective_updated,236.05,3,1,3,6165
20495,1641,objective_updated,412.96,4,3,4,6165
20496,1641,objective_updated,640.02,5,4,2,6165
20497,1641,objective_updated,818.03,6,2,1,6165
20516,1641,objective_updated,79.58,1,0,1,6169
20517,1641,objective_updated,146.48,1,1,2,6169
20518,1641,objective_updated,493.06,1,2,3,6169
20519,1641,objective_updated,493.06,2,3,0,6169
20520,1641,objective_updated,666.21,2,0,1,6169
20521,1641,objective_updated,863.72,2,1,2,6169
20522,1641,objective_updated,1006.15,2,2,3,6169
20523,1641,objective_updated,1006.15,3,3,0,6169
20524,1641,objective_updated,264.15,2,0,1,6170
20525,1641,objective_updated,494.58,3,1,2,6170
20526,1644,objective_updated,486.28,2,0,1,6173
20527,1645,objective_updated,0,1,0,2,6174
20528,1645,objective_updated,280.89,2,2,1,6174
20529,1645,objective_updated,585.31,3,1,0,6174
20530,1645,objective_updated,151.04,1,0,1,6175
20531,1645,objective_updated,372.87,1,1,2,6175
20532,1645,objective_updated,499.22,2,2,0,6175
20533,1645,objective_updated,569.56,2,0,1,6175
20534,1645,objective_updated,136.17,2,0,1,6176
20535,1645,objective_updated,253.52,3,1,2,6176
20536,1645,objective_updated,390.27,4,2,4,6176
20537,1645,objective_updated,607.3,5,4,3,6176
20538,1645,objective_updated,827.57,6,3,1,6176
20539,1645,objective_updated,255.5,1,0,1,6178
20540,1645,objective_updated,450.17,2,1,0,6178
20541,1645,objective_updated,669.31,2,0,1,6178
20542,1646,objective_updated,0,1,0,1,6180
20543,1646,objective_updated,293.18,2,1,0,6180
20544,1646,objective_updated,596.61,3,0,2,6180
20550,1646,objective_updated,252.68,1,0,1,6182
20551,1646,objective_updated,426.97,2,1,0,6182
20552,1646,objective_updated,647.2,2,0,1,6182
20553,1646,objective_updated,751.99,2,1,2,6182
20554,1646,objective_updated,183.68,2,0,3,6183
20555,1646,objective_updated,345.49,3,3,1,6183
20556,1646,objective_updated,515,4,1,2,6183
20557,1646,objective_updated,630.78,5,2,4,6183
20558,1646,objective_updated,872.32,6,4,3,6183
20559,1646,objective_updated,395.37,2,0,1,6185
20560,1646,objective_updated,550.7,2,1,2,6185
20561,1647,objective_updated,0,1,0,1,6186
20562,1647,objective_updated,272.75,2,1,2,6186
20563,1647,objective_updated,594.26,3,2,0,6186
20572,1650,objective_updated,40.06,1,0,1,6189
20573,1650,objective_updated,240.5,1,1,2,6189
20574,1650,objective_updated,381.84,1,2,3,6189
20575,1650,objective_updated,381.84,2,3,0,6189
20576,1650,objective_updated,569.21,2,0,1,6189
20577,1651,objective_updated,119.39,2,0,2,6190
20578,1651,objective_updated,296.27,3,2,4,6190
20579,1651,objective_updated,513.05,4,4,3,6190
20580,1651,objective_updated,647.51,5,3,1,6190
20581,1651,objective_updated,851.81,6,1,2,6190
20582,1647,objective_updated,102.25,1,0,1,6192
20583,1647,objective_updated,258.27,1,1,2,6192
20584,1647,objective_updated,413.84,1,2,3,6192
20585,1647,objective_updated,413.84,2,3,0,6192
20586,1647,objective_updated,40.06,1,0,1,6193
20587,1647,objective_updated,240.5,1,1,2,6193
20588,1647,objective_updated,381.84,1,2,3,6193
20589,1647,objective_updated,381.84,2,3,0,6193
20590,1647,objective_updated,569.21,2,0,1,6193
20591,1647,objective_updated,119.39,2,0,2,6194
20592,1647,objective_updated,296.27,3,2,4,6194
20593,1647,objective_updated,513.05,4,4,3,6194
20594,1647,objective_updated,647.51,5,3,1,6194
20595,1647,objective_updated,851.81,6,1,2,6194
20596,1653,objective_updated,0,1,0,1,6196
20597,1653,objective_updated,194.26,2,1,2,6196
20598,1653,objective_updated,384.68,3,2,0,6196
20599,1653,objective_updated,62.65,1,0,1,6197
20600,1653,objective_updated,337.08,1,1,2,6197
20601,1653,objective_updated,480.23,2,2,0,6197
20602,1653,objective_updated,661.4,2,0,1,6197
20603,1653,objective_updated,225.71,1,0,1,6198
20604,1653,objective_updated,327.58,1,1,2,6198
20605,1653,objective_updated,485.19,2,2,0,6198
20606,1653,objective_updated,684.07,2,0,1,6198
20607,1653,objective_updated,782.48,2,1,2,6198
20608,1653,objective_updated,916.85,2,2,3,6198
20609,1653,objective_updated,207.35,2,0,2,6199
20610,1653,objective_updated,456.65,3,2,1,6199
20611,1653,objective_updated,671.65,4,1,3,6199
20612,1653,objective_updated,789.87,5,3,4,6199
20613,1653,objective_updated,929.29,6,4,2,6199
20614,1654,objective_updated,0,1,0,1,6201
20615,1654,objective_updated,186.79,2,1,2,6201
20616,1654,objective_updated,486.72,3,2,0,6201
20617,1654,objective_updated,305.51,2,0,1,6202
20618,1654,objective_updated,393.95,2,1,2,6202
20619,1654,objective_updated,536.74,2,2,3,6202
20620,1654,objective_updated,216.27,1,0,1,6204
20621,1654,objective_updated,418.2,2,1,0,6204
20622,1654,objective_updated,619.13,2,0,1,6204
20623,1654,objective_updated,129.71,2,0,3,6205
20624,1654,objective_updated,291.24,3,3,1,6205
20625,1654,objective_updated,530.55,4,1,2,6205
20626,1654,objective_updated,655.65,5,2,4,6205
20627,1654,objective_updated,804.43,6,4,0,6205
20631,1656,objective_updated,0,1,0,1,6208
20632,1656,objective_updated,186.79,2,1,2,6208
20633,1656,objective_updated,486.72,3,2,0,6208
20634,1656,objective_updated,305.51,2,0,1,6209
20635,1656,objective_updated,393.95,2,1,2,6209
20636,1656,objective_updated,536.74,2,2,3,6209
20637,1656,objective_updated,129.71,2,0,3,6211
20638,1656,objective_updated,291.24,3,3,1,6211
20639,1656,objective_updated,530.55,4,1,2,6211
20640,1656,objective_updated,655.65,5,2,4,6211
20641,1656,objective_updated,804.43,6,4,0,6211
20642,1656,objective_updated,216.27,1,0,1,6212
20643,1656,objective_updated,418.2,2,1,0,6212
20644,1656,objective_updated,619.13,2,0,1,6212
20672,1663,objective_updated,0,1,0,1,6219
20673,1663,objective_updated,309.65,2,1,0,6219
20674,1663,objective_updated,513.62,3,0,2,6219
20675,1663,objective_updated,151.03,2,0,3,6220
20676,1663,objective_updated,375.89,3,3,4,6220
20677,1663,objective_updated,529,4,4,2,6220
20678,1663,objective_updated,705.53,5,2,1,6220
20679,1663,objective_updated,921.27,6,1,3,6220
20680,1663,objective_updated,66.96,1,0,1,6221
20681,1663,objective_updated,175.87,1,1,2,6221
20682,1663,objective_updated,391.04,1,2,3,6221
20683,1663,objective_updated,391.04,2,3,0,6221
20684,1663,objective_updated,484.98,2,0,1,6221
20685,1663,objective_updated,669.05,2,1,2,6221
20686,1663,objective_updated,202.98,1,0,1,6222
20687,1663,objective_updated,390.12,2,1,0,6222
20688,1663,objective_updated,556.23,2,0,1,6222
20689,1663,objective_updated,814.95,2,1,2,6222
20700,1663,objective_updated,90.27,1,0,1,6227
20701,1663,objective_updated,192.39,1,1,2,6227
20702,1663,objective_updated,381.53,1,2,3,6227
20703,1663,objective_updated,381.53,2,3,0,6227
20704,1663,objective_updated,584.28,2,0,1,6227
20725,1664,objective_updated,0,1,0,2,6231
20726,1664,objective_updated,306.84,2,2,0,6231
20727,1664,objective_updated,620.24,3,0,1,6231
20728,1664,objective_updated,101.28,1,0,1,6232
20729,1664,objective_updated,423.48,1,1,2,6232
20730,1664,objective_updated,531.88,2,2,0,6232
20731,1664,objective_updated,590.33,2,0,1,6232
20732,1664,objective_updated,729.27,2,1,2,6232
20733,1664,objective_updated,962.43,2,2,3,6232
20734,1664,objective_updated,205.51,1,0,1,6233
20735,1664,objective_updated,414.76,1,1,2,6233
20736,1664,objective_updated,529.6,1,2,3,6233
20737,1664,objective_updated,529.6,2,3,0,6233
20738,1664,objective_updated,612.54,2,0,1,6233
20739,1664,objective_updated,695.09,2,1,2,6233
20740,1664,objective_updated,180.81,2,0,2,6234
20741,1664,objective_updated,371.44,3,2,1,6234
20742,1664,objective_updated,590.95,4,1,3,6234
20743,1664,objective_updated,799.67,5,3,4,6234
20744,1664,objective_updated,953.3,6,4,0,6234
20745,1665,objective_updated,275.56,2,0,1,6237
20746,1665,objective_updated,538.84,3,1,2,6237
20747,1665,objective_updated,107.61,1,0,1,6238
20748,1665,objective_updated,203.54,1,1,2,6238
20749,1665,objective_updated,539.83,1,2,3,6238
20750,1665,objective_updated,539.83,2,3,0,6238
20751,1665,objective_updated,610.22,2,0,1,6238
20752,1665,objective_updated,681.06,2,1,2,6238
20753,1665,objective_updated,822.78,2,2,3,6238
20754,1665,objective_updated,822.78,3,3,0,6238
20755,1665,objective_updated,183.38,2,0,1,6239
20756,1665,objective_updated,309.89,3,1,2,6239
20757,1665,objective_updated,456.85,4,2,4,6239
20758,1665,objective_updated,617.84,5,4,3,6239
20759,1665,objective_updated,745.89,6,3,1,6239
20765,1665,objective_updated,183.38,2,0,1,6241
20766,1665,objective_updated,309.89,3,1,2,6241
20767,1665,objective_updated,456.85,4,2,4,6241
20768,1665,objective_updated,617.84,5,4,3,6241
20769,1665,objective_updated,745.89,6,3,1,6241
20770,1665,objective_updated,183.38,2,0,1,6242
20771,1665,objective_updated,309.89,3,1,2,6242
20772,1665,objective_updated,456.85,4,2,4,6242
20773,1665,objective_updated,617.84,5,4,3,6242
20774,1665,objective_updated,745.89,6,3,1,6242
20775,1665,objective_updated,149.17,1,0,1,6243
20776,1665,objective_updated,395.16,2,1,0,6243
20777,1665,objective_updated,466.05,2,0,1,6243
20778,1665,objective_updated,721.14,2,1,2,6243
20779,1665,objective_updated,804.85,2,2,3,6243
20780,1666,objective_updated,0,1,0,2,6245
20781,1666,objective_updated,261.12,2,2,0,6245
20782,1666,objective_updated,479.25,3,0,1,6245
20783,1666,objective_updated,341.59,2,0,1,6246
20784,1666,objective_updated,462.07,2,1,2,6246
20785,1666,objective_updated,624.99,2,2,3,6246
20786,1666,objective_updated,406.99,2,0,1,6247
20787,1666,objective_updated,478.03,2,1,2,6247
20788,1666,objective_updated,534.54,2,2,3,6247
20789,1666,objective_updated,0,1,0,2,6248
20790,1666,objective_updated,284.82,2,2,0,6248
20791,1666,objective_updated,585.57,3,0,1,6248
20796,1666,objective_updated,203.69,2,0,1,6251
20797,1666,objective_updated,412.3,3,1,2,6251
20798,1666,objective_updated,580.86,4,2,4,6251
20799,1666,objective_updated,696.94,5,4,3,6251
20800,1667,objective_updated,247.16,2,0,2,6252
20801,1667,objective_updated,487.26,3,2,1,6252
20802,1667,objective_updated,94.03,1,0,1,6253
20803,1667,objective_updated,164.79,1,1,2,6253
20804,1667,objective_updated,356.93,1,2,3,6253
20805,1667,objective_updated,356.93,2,3,0,6253
20806,1667,objective_updated,429.82,2,0,1,6253
20807,1667,objective_updated,538.24,2,1,2,6253
20808,1667,objective_updated,170.39,2,0,1,6254
20809,1667,objective_updated,293.08,3,1,2,6254
20810,1667,objective_updated,483.84,4,2,4,6254
20811,1667,objective_updated,613,5,4,3,6254
20812,1667,objective_updated,751.58,6,3,1,6254
20813,1667,objective_updated,134.4,1,0,1,6255
20814,1667,objective_updated,294.14,1,1,2,6255
20815,1667,objective_updated,502.58,1,2,3,6255
20816,1667,objective_updated,502.58,2,3,0,6255
20817,1667,objective_updated,662.41,2,0,1,6255
20818,1667,objective_updated,0,1,0,2,6257
20819,1667,objective_updated,212.41,2,2,1,6257
20820,1667,objective_updated,411.17,3,1,0,6257
20821,1667,objective_updated,0,1,0,2,6258
20822,1667,objective_updated,212.41,2,2,1,6258
20823,1667,objective_updated,411.17,3,1,0,6258
20824,1668,objective_updated,109.77,1,0,1,6259
20825,1668,objective_updated,384.79,1,1,2,6259
20826,1668,objective_updated,480.22,2,2,0,6259
20827,1668,objective_updated,603.6,2,0,1,6259
20828,1668,objective_updated,206.51,2,0,2,6260
20829,1668,objective_updated,428.53,3,2,4,6260
20830,1668,objective_updated,594.18,4,4,3,6260
20831,1668,objective_updated,748.16,5,3,1,6260
20832,1668,objective_updated,899.6,6,1,0,6260
20833,1668,objective_updated,105.24,1,0,1,6261
20834,1668,objective_updated,235.12,1,1,2,6261
20835,1668,objective_updated,330.02,1,2,3,6261
20836,1668,objective_updated,330.03,2,3,0,6261
20837,1668,objective_updated,379.13,2,0,1,6261
20838,1668,objective_updated,526.52,2,1,2,6261
20839,1668,objective_updated,718.01,2,2,3,6261
20840,1668,objective_updated,718.01,3,3,0,6261
20844,1668,objective_updated,0,1,0,2,6264
20845,1668,objective_updated,225.49,2,2,0,6264
20846,1668,objective_updated,539.74,3,0,1,6264
20847,1669,objective_updated,0,1,0,1,6265
20848,1669,objective_updated,304.34,2,1,0,6265
20849,1669,objective_updated,627.82,3,0,2,6265
20855,1669,objective_updated,149.84,1,0,1,6267
20856,1669,objective_updated,404,2,1,0,6267
20857,1669,objective_updated,472.46,2,0,1,6267
20858,1669,objective_updated,695.06,2,1,2,6267
20859,1669,objective_updated,762.98,2,2,3,6267
20900,1669,objective_updated,122.44,1,0,1,6280
20901,1669,objective_updated,201.22,1,1,2,6280
20902,1669,objective_updated,380.86,1,2,3,6280
20903,1669,objective_updated,380.86,2,3,0,6280
20904,1669,objective_updated,592.23,2,0,1,6280
20905,1669,objective_updated,50.26,1,0,1,6281
20906,1669,objective_updated,390.16,2,1,0,6281
20907,1669,objective_updated,480.75,2,0,1,6281
20908,1669,objective_updated,782.41,2,1,2,6281
20909,1669,objective_updated,836.4,2,2,3,6281
20910,1669,objective_updated,190.53,2,0,4,6282
20911,1669,objective_updated,369.88,3,4,3,6282
20912,1669,objective_updated,506.16,4,3,1,6282
20913,1669,objective_updated,640,5,1,2,6282
20914,1669,objective_updated,860.25,6,2,4,6282
20915,1670,objective_updated,0,1,0,2,6283
20916,1670,objective_updated,232.12,2,2,1,6283
20917,1670,objective_updated,463.79,3,1,0,6283
20918,1670,objective_updated,169.85,1,0,1,6284
20919,1670,objective_updated,385.95,1,1,2,6284
20920,1670,objective_updated,498.57,2,2,0,6284
20921,1670,objective_updated,546.85,2,0,1,6284
20922,1670,objective_updated,777,2,1,2,6284
20923,1670,objective_updated,904.45,2,2,3,6284
20924,1670,objective_updated,218.24,2,0,3,6285
20925,1670,objective_updated,362.19,3,3,4,6285
20926,1670,objective_updated,507.85,4,4,2,6285
20927,1670,objective_updated,702.57,5,2,1,6285
20928,1671,objective_updated,0,1,0,1,6288
20929,1671,objective_updated,175.02,2,1,2,6288
20930,1671,objective_updated,379.98,3,2,0,6288
20931,1671,objective_updated,196.76,2,0,1,6289
20932,1671,objective_updated,357.38,3,1,3,6289
20933,1671,objective_updated,484.16,4,3,4,6289
20934,1671,objective_updated,623.14,5,4,2,6289
20935,1671,objective_updated,838.47,6,2,0,6289
20944,1671,objective_updated,209.16,1,0,1,6292
20945,1671,objective_updated,414.02,2,1,0,6292
20946,1671,objective_updated,536.62,2,0,1,6292
20947,1671,objective_updated,646.73,2,1,2,6292
20948,1671,objective_updated,0,1,0,1,6293
20949,1671,objective_updated,173.44,2,1,2,6293
20950,1671,objective_updated,493.07,3,2,0,6293
20951,1671,objective_updated,61.9,1,0,1,6294
20952,1671,objective_updated,227.15,1,1,2,6294
20953,1671,objective_updated,308.56,1,2,3,6294
20954,1671,objective_updated,308.56,2,3,0,6294
20955,1671,objective_updated,352.59,2,0,1,6294
20956,1671,objective_updated,538.72,2,1,2,6294
20957,1671,objective_updated,748.28,2,2,3,6294
20958,1671,objective_updated,748.3,3,3,0,6294
20959,1672,objective_updated,0,1,0,1,6295
20960,1672,objective_updated,259.42,2,1,0,6295
20961,1672,objective_updated,540.91,3,0,2,6295
20962,1672,objective_updated,55.68,1,0,1,6296
20963,1672,objective_updated,157.37,1,1,2,6296
20964,1672,objective_updated,313.64,1,2,3,6296
20965,1672,objective_updated,313.64,2,3,0,6296
20966,1672,objective_updated,500.36,2,0,1,6296
20967,1672,objective_updated,629.18,2,1,2,6296
20968,1672,objective_updated,182.08,2,0,4,6297
20969,1672,objective_updated,300.53,3,4,3,6297
20970,1672,objective_updated,469.96,4,3,1,6297
20971,1672,objective_updated,681.79,5,1,2,6297
20972,1672,objective_updated,856.38,6,2,0,6297
20973,1672,objective_updated,55.36,1,0,1,6299
20974,1672,objective_updated,174.49,1,1,2,6299
20975,1672,objective_updated,480.26,2,2,0,6299
20976,1672,objective_updated,574.74,2,0,1,6299
20977,1672,objective_updated,783.27,2,1,2,6299
20978,1672,objective_updated,958.32,2,2,3,6299
20979,1672,objective_updated,215.61,1,0,1,6300
20980,1672,objective_updated,404.12,2,1,0,6300
20981,1672,objective_updated,607.14,2,0,1,6300
20982,1672,objective_updated,797.04,2,1,2,6300
20986,1673,objective_updated,0,1,0,1,6302
20987,1673,objective_updated,319.15,2,1,2,6302
20988,1673,objective_updated,605.39,3,2,0,6302
20989,1673,objective_updated,320.21,2,0,1,6303
20990,1673,objective_updated,663.63,2,1,2,6303
20991,1673,objective_updated,813.82,2,2,3,6303
20992,1671,objective_updated,0,1,0,1,6305
20993,1671,objective_updated,174.06,2,1,2,6305
20994,1671,objective_updated,451.83,3,2,0,6305
20995,1671,objective_updated,167.19,1,0,1,6306
20996,1671,objective_updated,260.05,1,1,2,6306
20997,1671,objective_updated,434.78,1,2,3,6306
20998,1671,objective_updated,434.78,2,3,0,6306
20999,1671,objective_updated,579.83,2,0,1,6306
21000,1671,objective_updated,787.51,2,1,2,6306
21001,1671,objective_updated,0,1,0,2,6307
21002,1671,objective_updated,262.8,2,2,1,6307
21003,1671,objective_updated,559.63,3,1,0,6307
21004,1671,objective_updated,126.06,2,0,4,6308
21005,1671,objective_updated,303.77,3,4,2,6308
21006,1671,objective_updated,464.23,4,2,1,6308
21007,1671,objective_updated,595.36,5,1,3,6308
21008,1671,objective_updated,710.53,6,3,0,6308
21009,1673,objective_updated,195.44,2,0,3,6310
21010,1673,objective_updated,325.11,3,3,1,6310
21011,1673,objective_updated,446.15,4,1,2,6310
21012,1673,objective_updated,643.24,5,2,4,6310
21013,1673,objective_updated,800.1,6,4,3,6310
21014,1673,objective_updated,348.23,2,0,1,6311
21015,1673,objective_updated,480.06,2,1,2,6311
21016,1673,objective_updated,582.39,2,2,3,6311
21017,1676,objective_updated,188.27,1,0,1,6312
21018,1676,objective_updated,385.77,1,1,2,6312
21019,1676,objective_updated,449.75,1,2,3,6312
21020,1676,objective_updated,449.77,2,3,0,6312
21021,1676,objective_updated,528.94,2,0,1,6312
21022,1676,objective_updated,690.26,2,1,2,6312
21023,1676,objective_updated,804.82,2,2,3,6312
21024,1676,objective_updated,149.19,1,0,1,6314
21025,1676,objective_updated,413.17,2,1,0,6314
21026,1676,objective_updated,560.58,2,0,1,6314
21027,1677,objective_updated,0,1,0,1,6315
21028,1677,objective_updated,227.62,2,1,0,6315
21029,1677,objective_updated,408.06,3,0,2,6315
21030,1677,objective_updated,194.72,2,0,2,6316
21031,1677,objective_updated,375.32,3,2,4,6316
21032,1677,objective_updated,491.99,4,4,3,6316
21033,1677,objective_updated,659.36,5,3,1,6316
21034,1677,objective_updated,881.97,6,1,0,6316
21035,1677,objective_updated,72.51,1,0,1,6318
21036,1677,objective_updated,429.3,2,1,0,6318
21037,1677,objective_updated,490.72,2,0,1,6318
21038,1677,objective_updated,605.87,2,1,2,6318
21039,1677,objective_updated,661.25,2,2,3,6318
21040,1677,objective_updated,358.92,2,0,1,6319
21041,1677,objective_updated,594.09,2,1,2,6319
21042,1677,objective_updated,699.16,2,2,3,6319
21066,1684,objective_updated,0,1,0,2,6325
21067,1684,objective_updated,247.47,2,2,1,6325
21068,1684,objective_updated,536.13,3,1,0,6325
21069,1683,objective_updated,0,1,0,2,6326
21070,1683,objective_updated,247.47,2,2,1,6326
21071,1683,objective_updated,536.13,3,1,0,6326
21072,1685,objective_updated,0,1,0,1,6328
21073,1685,objective_updated,259.66,2,1,2,6328
21074,1685,objective_updated,427.8,3,2,0,6328
21075,1685,objective_updated,97.52,1,0,1,6329
21076,1685,objective_updated,356.3,1,1,2,6329
21077,1685,objective_updated,502.31,2,2,0,6329
21078,1685,objective_updated,633.79,2,0,1,6329
21079,1685,objective_updated,887.37,2,1,2,6329
21080,1685,objective_updated,185.12,2,0,1,6331
21081,1685,objective_updated,375.4,3,1,2,6331
21082,1685,objective_updated,601.4,4,2,4,6331
21083,1685,objective_updated,759.25,5,4,3,6331
21084,1685,objective_updated,84.8,1,0,1,6332
21085,1685,objective_updated,215.84,1,1,2,6332
21086,1685,objective_updated,381.6,1,2,3,6332
21087,1685,objective_updated,381.6,2,3,0,6332
21088,1685,objective_updated,580.42,2,0,1,6332
21089,1685,objective_updated,782.67,2,1,2,6332
21090,1685,objective_updated,185.12,2,0,1,6333
21091,1685,objective_updated,375.4,3,1,2,6333
21092,1685,objective_updated,601.4,4,2,4,6333
21093,1685,objective_updated,759.25,5,4,3,6333
21094,1685,objective_updated,96.46,1,0,1,6334
21095,1685,objective_updated,229.78,1,1,2,6334
21096,1685,objective_updated,448.81,1,2,3,6334
21097,1685,objective_updated,448.83,2,3,0,6334
21098,1685,objective_updated,575.9,2,0,1,6334
21099,1685,objective_updated,683.97,2,1,2,6334
21100,1687,objective_updated,203.98,2,0,1,6335
21101,1687,objective_updated,342.86,3,1,3,6335
21102,1687,objective_updated,519.48,4,3,4,6335
21103,1687,objective_updated,665.31,5,4,2,6335
21104,1687,objective_updated,799.49,6,2,1,6335
21105,1688,objective_updated,199.24,2,0,1,6336
21106,1688,objective_updated,441.77,3,1,2,6336
21107,1688,objective_updated,44.86,1,0,1,6337
21108,1688,objective_updated,144.56,1,1,2,6337
21109,1688,objective_updated,247.19,1,2,3,6337
21110,1688,objective_updated,247.19,2,3,0,6337
21111,1688,objective_updated,494.79,2,0,1,6337
21112,1688,objective_updated,205.7,2,0,3,6338
21113,1688,objective_updated,427.99,3,3,4,6338
21114,1688,objective_updated,558.51,4,4,2,6338
21115,1688,objective_updated,747.02,5,2,1,6338
21116,1688,objective_updated,938.8,6,1,3,6338
21127,1688,objective_updated,130.03,1,0,1,6341
21128,1688,objective_updated,281.22,1,1,2,6341
21129,1688,objective_updated,345.38,1,2,3,6341
21130,1688,objective_updated,345.38,2,3,0,6341
21131,1688,objective_updated,46.26,1,0,1,6342
21132,1688,objective_updated,148.37,1,1,2,6342
21133,1688,objective_updated,351.19,1,2,3,6342
21134,1688,objective_updated,351.19,2,3,0,6342
21135,1687,objective_updated,0,1,0,1,6343
21136,1687,objective_updated,293.56,2,1,2,6343
21137,1687,objective_updated,482.68,3,2,0,6343
21138,1689,objective_updated,299.03,2,0,2,6344
21139,1689,objective_updated,480.96,3,2,1,6344
21140,1689,objective_updated,39.54,1,0,1,6345
21141,1689,objective_updated,423.65,2,1,0,6345
21142,1689,objective_updated,604.25,2,0,1,6345
21143,1689,objective_updated,813.01,2,1,2,6345
21144,1689,objective_updated,124.7,2,0,4,6346
21145,1689,objective_updated,258.94,3,4,2,6346
21146,1689,objective_updated,529.02,4,2,1,6346
21147,1689,objective_updated,714.98,5,1,3,6346
21148,1689,objective_updated,910,6,3,4,6346
21149,1689,objective_updated,244.74,1,0,1,6348
21150,1689,objective_updated,410.42,1,1,2,6348
21151,1689,objective_updated,528.59,2,2,0,6348
21152,1689,objective_updated,768.18,2,0,1,6348
21153,1687,objective_updated,59.66,1,0,1,6349
21154,1687,objective_updated,395.19,2,1,0,6349
21155,1687,objective_updated,445.26,2,0,1,6349
21156,1687,objective_updated,553.67,2,1,2,6349
21157,1687,objective_updated,732.27,2,2,3,6349
21158,1687,objective_updated,317.65,2,0,1,6350
21159,1687,objective_updated,411.87,2,1,2,6350
21160,1687,objective_updated,535.22,2,2,3,6350
21161,1687,objective_updated,107.32,2,0,1,6351
21162,1687,objective_updated,262.03,3,1,2,6351
21163,1687,objective_updated,377.04,4,2,4,6351
21164,1687,objective_updated,573.84,5,4,3,6351
21165,1687,objective_updated,772.66,6,3,0,6351
21166,1690,objective_updated,0,1,0,1,6354
21167,1690,objective_updated,281.4,2,1,0,6354
21168,1690,objective_updated,518.55,3,0,2,6354
21169,1690,objective_updated,57.26,1,0,1,6355
21170,1690,objective_updated,167.21,1,1,2,6355
21171,1690,objective_updated,320.37,1,2,3,6355
21172,1690,objective_updated,320.37,2,3,0,6355
21173,1690,objective_updated,416.52,2,0,1,6355
21174,1690,objective_updated,746.63,2,1,2,6355
21175,1690,objective_updated,852.97,2,2,3,6355
21176,1690,objective_updated,852.99,3,3,0,6355
21177,1690,objective_updated,78.56,1,0,1,6356
21178,1690,objective_updated,349.5,1,1,2,6356
21179,1690,objective_updated,452.7,1,2,3,6356
21180,1690,objective_updated,452.7,2,3,0,6356
21181,1690,objective_updated,113.35,2,0,4,6357
21182,1690,objective_updated,304.53,3,4,2,6357
21183,1690,objective_updated,572.14,4,2,1,6357
21184,1690,objective_updated,764.51,5,1,3,6357
21185,1690,objective_updated,131.99,2,0,1,6359
21186,1690,objective_updated,344.59,3,1,3,6359
21187,1690,objective_updated,467.62,4,3,4,6359
21188,1690,objective_updated,667.32,5,4,2,6359
21189,1690,objective_updated,839.93,6,2,1,6359
21190,1691,objective_updated,0,1,0,2,6360
21191,1691,objective_updated,313.2,2,2,0,6360
21192,1691,objective_updated,557.43,3,0,1,6360
21193,1691,objective_updated,196.05,1,0,1,6361
21194,1691,objective_updated,326.11,1,1,2,6361
21195,1691,objective_updated,427.98,1,2,3,6361
21196,1691,objective_updated,427.98,2,3,0,6361
21197,1691,objective_updated,657.47,2,0,1,6361
21198,1691,objective_updated,765.01,2,1,2,6361
21199,1691,objective_updated,60.75,1,0,1,6363
21200,1691,objective_updated,426.65,1,1,2,6363
21201,1691,objective_updated,548.12,2,2,0,6363
21202,1691,objective_updated,607.12,2,0,1,6363
21203,1691,objective_updated,718.44,2,1,2,6363
21204,1691,objective_updated,910.25,2,2,3,6363
21205,1691,objective_updated,221.3,2,0,3,6364
21206,1691,objective_updated,384.66,3,3,1,6364
21207,1691,objective_updated,560.46,4,1,2,6364
21208,1691,objective_updated,712.39,5,2,4,6364
21209,1691,objective_updated,918.41,6,4,3,6364
21210,1691,objective_updated,0,1,0,1,6365
21211,1691,objective_updated,321,2,1,0,6365
21212,1691,objective_updated,544.72,3,0,2,6365
21213,1692,objective_updated,0,1,0,2,6366
21214,1692,objective_updated,196.23,2,2,1,6366
21215,1692,objective_updated,431.66,3,1,0,6366
21216,1692,objective_updated,106.57,1,0,1,6367
21217,1692,objective_updated,379.79,1,1,2,6367
21218,1692,objective_updated,488.98,2,2,0,6367
21219,1692,objective_updated,592.16,2,0,1,6367
21220,1692,objective_updated,694.36,2,1,2,6367
21221,1692,objective_updated,786.55,2,2,3,6367
21222,1692,objective_updated,136.21,1,0,1,6368
21223,1692,objective_updated,397.75,2,1,0,6368
21224,1692,objective_updated,521.41,2,0,1,6368
21225,1692,objective_updated,756.02,2,1,2,6368
21226,1692,objective_updated,860.3,2,2,3,6368
21227,1692,objective_updated,108.19,2,0,1,6369
21228,1692,objective_updated,233.44,3,1,2,6369
21229,1692,objective_updated,395.63,4,2,4,6369
21230,1692,objective_updated,602.7,5,4,3,6369
21231,1693,objective_updated,337.2,2,0,1,6371
21232,1693,objective_updated,474.61,2,1,2,6371
21233,1693,objective_updated,568.55,2,2,3,6371
21234,1693,objective_updated,0,1,0,1,6372
21235,1693,objective_updated,161.75,2,1,0,6372
21236,1693,objective_updated,393.94,3,0,2,6372
21237,1693,objective_updated,212.28,2,0,1,6373
21238,1693,objective_updated,383.62,3,1,3,6373
21239,1693,objective_updated,510.77,4,3,4,6373
21240,1693,objective_updated,738.22,5,4,2,6373
21241,1693,objective_updated,878.3,6,2,0,6373
21242,1694,objective_updated,0,1,0,1,6374
21243,1694,objective_updated,247.5,2,1,2,6374
21244,1694,objective_updated,457.76,3,2,0,6374
21245,1694,objective_updated,39.92,1,0,1,6375
21246,1694,objective_updated,136.01,1,1,2,6375
21247,1694,objective_updated,304.26,1,2,3,6375
21248,1694,objective_updated,304.26,2,3,0,6375
21249,1694,objective_updated,372.88,2,0,1,6375
21250,1694,objective_updated,680.29,2,1,2,6375
21251,1694,objective_updated,847.5,2,2,3,6375
21252,1694,objective_updated,847.5,3,3,0,6375
21253,1694,objective_updated,91.37,1,0,1,6376
21254,1694,objective_updated,276.24,1,1,2,6376
21255,1694,objective_updated,506.57,2,2,0,6376
21256,1694,objective_updated,601.06,2,0,1,6376
21257,1694,objective_updated,105.37,2,0,2,6378
21258,1694,objective_updated,289.5,3,2,4,6378
21259,1694,objective_updated,429.7,4,4,3,6378
21260,1694,objective_updated,586.43,5,3,1,6378
21261,1694,objective_updated,774.55,6,1,2,6378
21262,1694,objective_updated,0,1,0,2,6379
21263,1694,objective_updated,167.11,2,2,1,6379
21264,1694,objective_updated,432.81,3,1,0,6379
21265,1695,objective_updated,299.83,2,0,2,6380
21266,1695,objective_updated,458.91,3,2,1,6380
21267,1695,objective_updated,86.01,1,0,1,6381
21268,1695,objective_updated,257.3,1,1,2,6381
21269,1695,objective_updated,495.76,1,2,3,6381
21270,1695,objective_updated,495.76,2,3,0,6381
21271,1695,objective_updated,587.68,2,0,1,6381
21272,1695,objective_updated,896.1,2,1,2,6381
21273,1695,objective_updated,84.33,1,0,1,6382
21274,1695,objective_updated,198.18,1,1,2,6382
21275,1695,objective_updated,304.16,1,2,3,6382
21276,1695,objective_updated,304.16,2,3,0,6382
21277,1695,objective_updated,288.41,2,0,3,6384
21278,1695,objective_updated,413.71,3,3,4,6384
21279,1695,objective_updated,602.98,4,4,2,6384
21280,1695,objective_updated,743.53,5,2,1,6384
21281,1695,objective_updated,859.5,6,1,0,6384
21282,1693,objective_updated,198.07,1,0,1,6386
21283,1693,objective_updated,401.75,2,1,0,6386
21284,1693,objective_updated,525.86,2,0,1,6386
21285,1693,objective_updated,227.76,2,0,1,6388
21286,1693,objective_updated,422.69,3,1,3,6388
21287,1693,objective_updated,644.64,4,3,4,6388
21288,1693,objective_updated,862.41,5,4,2,6388
21289,1693,objective_updated,1027.41,6,2,0,6388
21290,1691,objective_updated,0,1,0,2,6389
21291,1691,objective_updated,313.2,2,2,0,6389
21292,1691,objective_updated,557.43,3,0,1,6389
21293,1696,objective_updated,0,1,0,2,6390
21294,1696,objective_updated,274.11,2,2,0,6390
21295,1696,objective_updated,568.92,3,0,1,6390
21296,1696,objective_updated,138.77,1,0,1,6391
21297,1696,objective_updated,269.67,1,1,2,6391
21298,1696,objective_updated,436.64,1,2,3,6391
21299,1696,objective_updated,436.64,2,3,0,6391
21300,1696,objective_updated,515.29,2,0,1,6391
21301,1696,objective_updated,685.31,2,1,2,6391
21302,1696,objective_updated,916.55,2,2,3,6391
21303,1696,objective_updated,916.55,3,3,0,6391
21304,1696,objective_updated,202.39,2,0,1,6392
21305,1696,objective_updated,399.6,3,1,2,6392
21306,1696,objective_updated,596.37,4,2,4,6392
21307,1696,objective_updated,797.93,5,4,3,6392
21308,1696,objective_updated,1036.71,6,3,0,6392
21309,1696,objective_updated,473.72,2,0,1,6394
21310,1696,objective_updated,657.49,2,1,2,6394
21311,1697,objective_updated,0,1,0,1,6395
21312,1697,objective_updated,247.85,2,1,0,6395
21313,1697,objective_updated,554.54,3,0,2,6395
21314,1697,objective_updated,52.53,1,0,1,6396
21315,1697,objective_updated,189.17,1,1,2,6396
21316,1697,objective_updated,263.72,1,2,3,6396
21317,1697,objective_updated,263.74,2,3,0,6396
21318,1697,objective_updated,57.58,1,0,1,6397
21319,1697,objective_updated,231.11,1,1,2,6397
21320,1697,objective_updated,300.23,1,2,3,6397
21321,1697,objective_updated,300.24,2,3,0,6397
21322,1697,objective_updated,467.07,2,0,1,6397
21323,1697,objective_updated,170.7,2,0,2,6398
21324,1697,objective_updated,314.53,3,2,4,6398
21325,1697,objective_updated,434.44,4,4,3,6398
21326,1697,objective_updated,584.05,5,3,1,6398
21327,1697,objective_updated,811.83,6,1,0,6398
21328,1697,objective_updated,77.13,1,0,1,6399
21329,1697,objective_updated,146.06,1,1,2,6399
21330,1697,objective_updated,319.26,1,2,3,6399
21331,1697,objective_updated,319.27,2,3,0,6399
21332,1697,objective_updated,0,1,0,2,6400
21333,1697,objective_updated,232.95,2,2,0,6400
21334,1697,objective_updated,500.41,3,0,1,6400
21335,1698,objective_updated,0,1,0,1,6402
21336,1698,objective_updated,293.3,2,1,2,6402
21337,1698,objective_updated,588.36,3,2,0,6402
21338,1698,objective_updated,0,1,0,1,6403
21339,1698,objective_updated,224.32,2,1,0,6403
21340,1698,objective_updated,456.81,3,0,2,6403
21341,1698,objective_updated,61.25,1,0,1,6404
21342,1698,objective_updated,395.16,2,1,0,6404
21343,1698,objective_updated,441.76,2,0,1,6404
21344,1698,objective_updated,531.78,2,1,2,6404
21345,1698,objective_updated,757.9,2,2,3,6404
21350,1698,objective_updated,145.95,2,0,2,6407
21351,1698,objective_updated,301.8,3,2,1,6407
21352,1698,objective_updated,419.78,4,1,3,6407
21353,1698,objective_updated,648.4,5,3,4,6407
21354,1698,objective_updated,850.13,6,4,0,6407
21355,1698,objective_updated,264.97,1,0,1,6408
21356,1698,objective_updated,425.24,2,1,0,6408
21357,1698,objective_updated,505,2,0,1,6408
21358,1698,objective_updated,710.34,2,1,2,6408
21359,1698,objective_updated,857.74,2,2,3,6408
21362,1636,objective_updated,378.42,2,0,1,6410
21363,1636,objective_updated,613.89,2,1,2,6410
21364,1636,objective_updated,728.77,2,2,3,6410
21365,1700,objective_updated,378.42,2,0,1,6411
21366,1700,objective_updated,613.89,2,1,2,6411
21367,1700,objective_updated,728.77,2,2,3,6411
21368,1701,objective_updated,378.42,2,0,1,6412
21369,1701,objective_updated,613.89,2,1,2,6412
21370,1701,objective_updated,728.77,2,2,3,6412
21371,1701,objective_updated,411.23,2,0,1,6413
21372,1701,objective_updated,522.12,2,1,2,6413
21373,1701,objective_updated,605.04,2,2,3,6413
21374,1701,objective_updated,0,1,0,1,6415
21375,1701,objective_updated,161.94,2,1,0,6415
21376,1701,objective_updated,367.23,3,0,2,6415
21377,1702,objective_updated,0,1,0,2,6416
21378,1702,objective_updated,182.51,2,2,1,6416
21379,1702,objective_updated,448.11,3,1,0,6416
21380,1702,objective_updated,175.92,1,0,1,6417
21381,1702,objective_updated,301.47,1,1,2,6417
21382,1702,objective_updated,424.78,1,2,3,6417
21383,1702,objective_updated,424.78,2,3,0,6417
21384,1702,objective_updated,558.54,2,0,1,6417
21385,1702,objective_updated,161.86,1,0,1,6418
21386,1702,objective_updated,297.14,1,1,2,6418
21387,1702,objective_updated,504.91,2,2,0,6418
21388,1702,objective_updated,161.86,1,0,1,6419
21389,1702,objective_updated,297.14,1,1,2,6419
21390,1702,objective_updated,104.84,1,0,1,6420
21391,1702,objective_updated,238.58,1,1,2,6420
21392,1702,objective_updated,312.31,1,2,3,6420
21393,1702,objective_updated,161.86,1,0,1,6421
21394,1702,objective_updated,297.14,1,1,2,6421
21395,1702,objective_updated,161.86,1,0,1,6422
21396,1702,objective_updated,297.14,1,1,2,6422
21397,1702,objective_updated,161.86,1,0,1,6423
21398,1702,objective_updated,297.14,1,1,2,6423
21399,1702,objective_updated,251.16,2,0,3,6424
21400,1702,objective_updated,391.02,3,3,1,6424
21401,1702,objective_updated,606.49,4,1,2,6424
21402,1702,objective_updated,820.36,5,2,4,6424
21403,1702,objective_updated,1022.57,6,4,3,6424
21404,1702,objective_updated,0,1,0,2,6426
21405,1702,objective_updated,167.03,2,2,0,6426
21406,1702,objective_updated,346.15,3,0,1,6426
21407,1704,objective_updated,0,1,0,1,6427
21408,1704,objective_updated,198.95,2,1,2,6427
21409,1704,objective_updated,520.43,3,2,0,6427
21410,1704,objective_updated,91.61,1,0,1,6428
21411,1704,objective_updated,236.41,1,1,2,6428
21412,1704,objective_updated,504.49,2,2,0,6428
21413,1704,objective_updated,595.26,2,0,1,6428
21414,1704,objective_updated,701.26,2,1,2,6428
21415,1704,objective_updated,864.57,2,2,3,6428
21416,1704,objective_updated,192.66,1,0,1,6429
21417,1704,objective_updated,402.83,2,1,0,6429
21418,1704,objective_updated,492.99,2,0,1,6429
21419,1704,objective_updated,720.89,2,1,2,6429
21420,1704,objective_updated,127.45,2,0,3,6430
21421,1704,objective_updated,328.31,3,3,1,6430
21422,1704,objective_updated,522.71,4,1,2,6430
21423,1704,objective_updated,779.28,5,2,4,6430
21424,1704,objective_updated,995.93,6,4,3,6430
21425,1704,objective_updated,0,1,0,1,6432
21426,1704,objective_updated,288.1,2,1,2,6432
21427,1705,objective_updated,364.06,2,0,2,6433
21428,1705,objective_updated,530.62,3,2,1,6433
21429,1705,objective_updated,129.27,1,0,1,6434
21430,1705,objective_updated,395.3,2,1,0,6434
21431,1705,objective_updated,467.11,2,0,1,6434
21432,1705,objective_updated,163.5,2,0,1,6435
21433,1705,objective_updated,322.43,3,1,2,6435
21434,1705,objective_updated,567.23,4,2,4,6435
21435,1705,objective_updated,793.96,5,4,3,6435
21436,1705,objective_updated,961.79,6,3,1,6435
21437,1705,objective_updated,255.84,1,0,1,6437
21438,1705,objective_updated,442.34,1,1,2,6437
21439,1705,objective_updated,542.38,1,2,3,6437
21440,1705,objective_updated,542.38,2,3,0,6437
21441,1705,objective_updated,652.27,2,0,1,6437
21442,1706,objective_updated,0,1,0,2,6438
21443,1706,objective_updated,243.51,2,2,0,6438
21444,1706,objective_updated,514.79,3,0,1,6438
21445,1706,objective_updated,56.59,1,0,1,6439
21446,1706,objective_updated,218.09,1,1,2,6439
21447,1706,objective_updated,322.41,1,2,3,6439
21448,1706,objective_updated,322.41,2,3,0,6439
21449,1706,objective_updated,365.66,2,0,1,6439
21450,1706,objective_updated,143.28,2,0,2,6441
21451,1706,objective_updated,260.32,3,2,1,6441
21452,1706,objective_updated,384.61,4,1,3,6441
21453,1706,objective_updated,553.24,5,3,4,6441
21454,1706,objective_updated,80.59,1,0,1,6442
21455,1706,objective_updated,404.16,2,1,0,6442
21456,1706,objective_updated,522.68,2,0,1,6442
21457,1706,objective_updated,640.28,2,1,2,6442
21458,1706,objective_updated,867.9,2,2,3,6442
21459,1706,objective_updated,104.97,2,0,2,6443
21460,1706,objective_updated,310.04,3,2,1,6443
21461,1706,objective_updated,511.01,4,1,3,6443
21462,1706,objective_updated,728.49,5,3,4,6443
21463,1706,objective_updated,928.24,6,4,2,6443
21464,1707,objective_updated,0,1,0,2,6444
21465,1707,objective_updated,260.3,2,2,1,6444
21466,1707,objective_updated,547.57,3,1,0,6444
21483,1707,objective_updated,123.47,1,0,1,6447
21484,1707,objective_updated,272.07,1,1,2,6447
21485,1707,objective_updated,330.6,1,2,3,6447
21486,1707,objective_updated,330.62,2,3,0,6447
21487,1707,objective_updated,492.73,2,0,1,6447
21488,1707,objective_updated,610.08,2,1,2,6447
21489,1707,objective_updated,682.17,2,2,3,6447
21490,1707,objective_updated,682.17,3,3,0,6447
21491,1707,objective_updated,187.22,2,0,3,6448
21492,1707,objective_updated,389.14,3,3,1,6448
21493,1707,objective_updated,616.37,4,1,2,6448
21494,1707,objective_updated,772.62,5,2,4,6448
21495,1707,objective_updated,987.99,6,4,3,6448
21496,1707,objective_updated,380.19,2,0,1,6449
21497,1707,objective_updated,493.16,2,1,2,6449
21498,1707,objective_updated,673.3,2,2,3,6449
21499,1708,objective_updated,243.14,2,0,1,6451
21500,1708,objective_updated,413.62,3,1,2,6451
21501,1708,objective_updated,153.68,2,0,1,6452
21502,1708,objective_updated,299.87,3,1,2,6452
21503,1708,objective_updated,444.24,4,2,4,6452
21504,1708,objective_updated,566.5,5,4,3,6452
21505,1708,objective_updated,683.67,6,3,0,6452
21506,1708,objective_updated,67.13,1,0,1,6453
21507,1708,objective_updated,217.6,1,1,2,6453
21508,1708,objective_updated,299.39,1,2,3,6453
21509,1708,objective_updated,299.4,2,3,0,6453
21530,1708,objective_updated,67.13,1,0,1,6459
21531,1708,objective_updated,217.6,1,1,2,6459
21532,1708,objective_updated,299.39,1,2,3,6459
21533,1708,objective_updated,299.4,2,3,0,6459
21534,1708,objective_updated,150.31,1,0,1,6460
21535,1708,objective_updated,419.67,2,1,0,6460
21536,1708,objective_updated,473.67,2,0,1,6460
21537,1708,objective_updated,60.09,1,0,1,6462
21538,1708,objective_updated,148.82,1,1,2,6462
21539,1708,objective_updated,222.4,1,2,3,6462
21540,1708,objective_updated,222.42,2,3,0,6462
21541,1708,objective_updated,415.7,2,0,1,6462
21542,1708,objective_updated,638.13,2,1,2,6462
21543,1708,objective_updated,0,1,0,2,6463
21544,1708,objective_updated,264.14,2,2,0,6463
21545,1708,objective_updated,541.19,3,0,1,6463
21546,1709,objective_updated,197.25,2,0,2,6464
21547,1709,objective_updated,429.85,3,2,1,6464
21548,1709,objective_updated,164.74,1,0,1,6465
21549,1709,objective_updated,371.84,1,1,2,6465
21550,1709,objective_updated,482.73,1,2,3,6465
21551,1709,objective_updated,482.75,2,3,0,6465
21552,1709,objective_updated,737.78,2,0,1,6465
21553,1709,objective_updated,918.56,2,1,2,6465
21554,1709,objective_updated,167.05,2,0,3,6466
21555,1709,objective_updated,331.21,3,3,4,6466
21556,1709,objective_updated,487.47,4,4,2,6466
21557,1709,objective_updated,657.24,5,2,1,6466
21558,1709,objective_updated,832.54,6,1,3,6466
21559,1709,objective_updated,102.81,1,0,1,6467
21560,1709,objective_updated,251.18,1,1,2,6467
21561,1709,objective_updated,499.01,2,2,0,6467
21562,1709,objective_updated,626.29,2,0,1,6467
21563,1709,objective_updated,0,1,0,1,6469
21564,1709,objective_updated,285.89,2,1,0,6469
21565,1709,objective_updated,536.27,3,0,2,6469
21566,1710,objective_updated,0,1,0,1,6470
21567,1710,objective_updated,329.79,2,1,2,6470
21568,1710,objective_updated,518.23,3,2,0,6470
21569,1711,objective_updated,0,1,0,1,6471
21570,1711,objective_updated,329.79,2,1,2,6471
21571,1711,objective_updated,518.23,3,2,0,6471
21572,1712,objective_updated,0,1,0,1,6472
21573,1712,objective_updated,329.79,2,1,2,6472
21574,1712,objective_updated,518.23,3,2,0,6472
21575,1713,objective_updated,0,1,0,1,6473
21576,1713,objective_updated,329.79,2,1,2,6473
21577,1713,objective_updated,518.23,3,2,0,6473
21578,1714,objective_updated,0,1,0,1,6474
21579,1714,objective_updated,329.79,2,1,2,6474
21580,1714,objective_updated,518.23,3,2,0,6474
21581,1715,objective_updated,0,1,0,1,6475
21582,1715,objective_updated,329.79,2,1,2,6475
21583,1715,objective_updated,518.23,3,2,0,6475
21589,1717,objective_updated,0,1,0,1,6478
21590,1717,objective_updated,329.79,2,1,2,6478
21591,1717,objective_updated,518.23,3,2,0,6478
21592,1718,objective_updated,0,1,0,1,6479
21593,1718,objective_updated,329.79,2,1,2,6479
21594,1718,objective_updated,518.23,3,2,0,6479
21607,1720,objective_updated,102.12,1,0,1,6484
21608,1720,objective_updated,400.21,1,1,2,6484
21609,1720,objective_updated,484.69,1,2,3,6484
21610,1720,objective_updated,484.69,2,3,0,6484
21611,1720,objective_updated,607.28,2,0,1,6484
21612,1720,objective_updated,838.64,2,1,2,6484
21613,1720,objective_updated,911.14,2,2,3,6484
21614,1720,objective_updated,911.14,3,3,0,6484
21615,1720,objective_updated,113.72,2,0,3,6486
21616,1720,objective_updated,273.4,3,3,4,6486
21617,1720,objective_updated,391.41,4,4,2,6486
21618,1720,objective_updated,553.15,5,2,1,6486
21619,1721,objective_updated,0,1,0,1,6487
21620,1721,objective_updated,329.79,2,1,2,6487
21621,1721,objective_updated,518.23,3,2,0,6487
21622,1722,objective_updated,0,1,0,1,6488
21623,1722,objective_updated,329.79,2,1,2,6488
21624,1722,objective_updated,518.23,3,2,0,6488
21625,1723,objective_updated,0,1,0,1,6489
21626,1723,objective_updated,289.29,2,1,0,6489
21627,1723,objective_updated,573.46,3,0,2,6489
21628,1723,objective_updated,92.99,1,0,1,6490
21629,1723,objective_updated,252.01,1,1,2,6490
21630,1723,objective_updated,326.23,1,2,3,6490
21631,1723,objective_updated,326.23,2,3,0,6490
21632,1723,objective_updated,389.79,2,0,1,6490
21633,1723,objective_updated,516.1,2,1,2,6490
21634,1723,objective_updated,659.11,2,2,3,6490
21635,1723,objective_updated,445.5,2,0,1,6491
21636,1723,objective_updated,568.91,2,1,2,6491
21637,1723,objective_updated,637.85,2,2,3,6491
21638,1723,objective_updated,160.23,2,0,1,6492
21639,1723,objective_updated,399.6,3,1,3,6492
21640,1723,objective_updated,594.01,4,3,4,6492
21641,1723,objective_updated,708.97,5,4,2,6492
21642,1723,objective_updated,863.33,6,2,1,6492
21643,1723,objective_updated,0,1,0,2,6494
21644,1723,objective_updated,287.61,2,2,1,6494
21645,1723,objective_updated,558.89,3,1,0,6494
21651,1724,objective_updated,0,1,0,2,6497
21652,1724,objective_updated,173.18,2,2,1,6497
21653,1724,objective_updated,417.6,3,1,0,6497
21654,1724,objective_updated,46.99,1,0,1,6498
21655,1724,objective_updated,180.94,1,1,2,6498
21656,1724,objective_updated,247.45,1,2,3,6498
21657,1724,objective_updated,247.47,2,3,0,6498
21658,1724,objective_updated,471.19,2,0,1,6498
21659,1724,objective_updated,198.63,2,0,1,6500
21660,1724,objective_updated,321.24,3,1,2,6500
21661,1724,objective_updated,549.08,4,2,4,6500
21662,1724,objective_updated,717.55,5,4,3,6500
21663,1724,objective_updated,863.64,6,3,1,6500
21664,1724,objective_updated,225.12,2,0,1,6501
21665,1724,objective_updated,465.83,3,1,2,6501
21666,1726,objective_updated,0,1,0,2,6502
21667,1726,objective_updated,280.71,2,2,1,6502
21668,1726,objective_updated,467.71,3,1,0,6502
21669,1726,objective_updated,109.67,2,0,1,6504
21670,1726,objective_updated,363.42,3,1,2,6504
21671,1726,objective_updated,530.94,4,2,4,6504
21672,1726,objective_updated,699.25,5,4,3,6504
21673,1726,objective_updated,882.8,6,3,0,6504
21674,1726,objective_updated,242.66,1,0,1,6505
21675,1726,objective_updated,375.23,1,1,2,6505
21676,1726,objective_updated,456.7,1,2,3,6505
21677,1726,objective_updated,456.7,2,3,0,6505
21678,1726,objective_updated,620.12,2,0,1,6505
21679,1726,objective_updated,903.93,2,1,2,6505
21680,1726,objective_updated,113.39,1,0,1,6506
21681,1726,objective_updated,354.77,1,1,2,6506
21682,1726,objective_updated,480.16,2,2,0,6506
21683,1726,objective_updated,767.24,2,0,1,6506
21684,1726,objective_updated,942.38,2,1,2,6506
21685,1726,objective_updated,252.44,2,0,3,6507
21686,1726,objective_updated,404.04,3,3,1,6507
21687,1726,objective_updated,611.98,4,1,2,6507
21688,1726,objective_updated,781.72,5,2,4,6507
21689,1726,objective_updated,967.25,6,4,3,6507
21690,1727,objective_updated,0,1,0,1,6508
21691,1727,objective_updated,322.7,2,1,0,6508
21692,1727,objective_updated,509.26,3,0,2,6508
21693,1727,objective_updated,201.94,1,0,1,6509
21694,1727,objective_updated,308.63,1,1,2,6509
21695,1727,objective_updated,399.5,1,2,3,6509
21696,1727,objective_updated,399.52,2,3,0,6509
21697,1727,objective_updated,106.41,2,0,4,6511
21698,1727,objective_updated,228.23,3,4,2,6511
21699,1727,objective_updated,476.54,4,2,1,6511
21700,1727,objective_updated,698.27,5,1,3,6511
21701,1727,objective_updated,889.88,6,3,4,6511
21702,1727,objective_updated,125.35,1,0,1,6512
21703,1727,objective_updated,415.47,2,1,0,6512
21704,1727,objective_updated,493.55,2,0,1,6512
21705,1727,objective_updated,829.21,2,1,2,6512
21706,1727,objective_updated,0,1,0,2,6513
21707,1727,objective_updated,243.46,2,2,1,6513
21708,1727,objective_updated,527.24,3,1,0,6513
21709,1727,objective_updated,106.41,2,0,4,6514
21710,1727,objective_updated,228.23,3,4,2,6514
21711,1727,objective_updated,476.54,4,2,1,6514
21712,1727,objective_updated,698.27,5,1,3,6514
21713,1727,objective_updated,889.88,6,3,4,6514
21714,1728,objective_updated,0,1,0,2,6515
21715,1728,objective_updated,355.33,2,2,0,6515
21716,1728,objective_updated,685.52,3,0,1,6515
21717,1728,objective_updated,230.03,1,0,1,6516
21718,1728,objective_updated,407.88,2,1,0,6516
21719,1728,objective_updated,582.81,2,0,1,6516
21720,1728,objective_updated,724.86,2,1,2,6516
21721,1728,objective_updated,892.27,2,2,3,6516
21722,1728,objective_updated,217.65,2,0,1,6517
21723,1728,objective_updated,403.96,3,1,3,6517
21724,1728,objective_updated,551.42,4,3,4,6517
21725,1728,objective_updated,731.16,5,4,2,6517
21726,1728,objective_updated,931.65,6,2,1,6517
21727,1728,objective_updated,202.01,1,0,1,6519
21728,1728,objective_updated,333.48,1,1,2,6519
21729,1728,objective_updated,510.26,2,2,0,6519
21730,1728,objective_updated,0,1,0,2,6520
21731,1728,objective_updated,275.88,2,2,0,6520
21732,1728,objective_updated,532.71,3,0,1,6520
21736,1729,objective_updated,83.71,1,0,1,6522
21737,1729,objective_updated,138.7,1,1,2,6522
21738,1729,objective_updated,194.96,1,2,3,6522
21739,1729,objective_updated,194.96,2,3,0,6522
21740,1729,objective_updated,29.89,1,0,1,6523
21741,1729,objective_updated,141.13,1,1,2,6523
21742,1729,objective_updated,205.95,1,2,3,6523
21743,1729,objective_updated,205.95,2,3,0,6523
21744,1729,objective_updated,425.55,2,0,1,6523
21745,1729,objective_updated,83.71,1,0,1,6525
21746,1729,objective_updated,138.7,1,1,2,6525
21747,1729,objective_updated,194.96,1,2,3,6525
21748,1729,objective_updated,194.96,2,3,0,6525
21752,1729,objective_updated,0,1,0,1,6527
21753,1729,objective_updated,230.95,2,1,2,6527
21754,1729,objective_updated,503.92,3,2,0,6527
21755,1729,objective_updated,83.71,1,0,1,6528
21756,1729,objective_updated,138.7,1,1,2,6528
21757,1729,objective_updated,194.96,1,2,3,6528
21758,1729,objective_updated,194.96,2,3,0,6528
21759,1729,objective_updated,29.89,1,0,1,6529
21760,1729,objective_updated,141.13,1,1,2,6529
21761,1729,objective_updated,205.95,1,2,3,6529
21762,1729,objective_updated,205.95,2,3,0,6529
21763,1729,objective_updated,425.55,2,0,1,6529
21764,1729,objective_updated,116.12,2,0,2,6531
21765,1729,objective_updated,279.62,3,2,1,6531
21766,1729,objective_updated,454.63,4,1,3,6531
21767,1729,objective_updated,651.92,5,3,4,6531
21768,1729,objective_updated,792.43,6,4,2,6531
21769,1729,objective_updated,119.31,1,0,1,6532
21770,1729,objective_updated,262.51,1,1,2,6532
21771,1729,objective_updated,488.95,2,2,0,6532
21772,1729,objective_updated,0,1,0,1,6533
21773,1729,objective_updated,261.55,2,1,0,6533
21774,1729,objective_updated,570.38,3,0,2,6533
21775,1730,objective_updated,0,1,0,1,6534
21776,1730,objective_updated,288.04,2,1,0,6534
21777,1730,objective_updated,579.33,3,0,2,6534
21778,1730,objective_updated,352.37,2,0,1,6535
21779,1730,objective_updated,198.97,1,0,1,6536
21780,1730,objective_updated,357.16,1,1,2,6536
21781,1730,objective_updated,512.83,2,2,0,6536
21782,1730,objective_updated,139.13,2,0,4,6538
21783,1730,objective_updated,385.32,3,4,2,6538
21784,1730,objective_updated,585.24,4,2,1,6538
21785,1730,objective_updated,753.96,5,1,3,6538
21786,1730,objective_updated,952.37,6,3,0,6538
21787,1730,objective_updated,227.03,2,0,2,6539
21788,1730,objective_updated,523.3,3,2,1,6539
21791,1731,objective_updated,0,1,0,2,6543
21792,1731,objective_updated,244.97,2,2,1,6543
21793,1731,objective_updated,441.05,3,1,0,6543
21794,1731,objective_updated,258.13,1,0,1,6544
21795,1731,objective_updated,441.31,2,1,0,6544
21796,1731,objective_updated,222.61,1,0,1,6545
21797,1731,objective_updated,422.14,2,1,0,6545
21798,1731,objective_updated,531.04,2,0,1,6545
21799,1731,objective_updated,780.42,2,1,2,6545
21800,1731,objective_updated,187.27,2,0,2,6547
21801,1731,objective_updated,352.22,3,2,1,6547
21802,1731,objective_updated,540.36,4,1,3,6547
21803,1731,objective_updated,725.99,5,3,4,6547
21804,1731,objective_updated,968.81,6,4,2,6547
21805,1731,objective_updated,49.09,1,0,1,6548
21806,1731,objective_updated,233.81,1,1,2,6548
21807,1731,objective_updated,497.92,1,2,3,6548
21808,1731,objective_updated,497.92,2,3,0,6548
21809,1731,objective_updated,558.26,2,0,1,6548
21810,1731,objective_updated,774.89,2,1,2,6548
21811,1731,objective_updated,900.18,2,2,3,6548
21812,1732,objective_updated,206.86,2,0,1,6549
21813,1732,objective_updated,378.28,3,1,2,6549
21814,1732,objective_updated,84.09,1,0,1,6550
21815,1732,objective_updated,202.84,1,1,2,6550
21816,1732,objective_updated,333.11,1,2,3,6550
21817,1732,objective_updated,333.11,2,3,0,6550
21818,1732,objective_updated,499.85,2,0,1,6550
21819,1732,objective_updated,720.95,2,1,2,6550
21820,1732,objective_updated,193.44,2,0,1,6552
21821,1732,objective_updated,422.22,3,1,2,6552
21822,1732,objective_updated,623.87,4,2,4,6552
21823,1732,objective_updated,797.84,5,4,3,6552
21824,1732,objective_updated,996.55,6,3,0,6552
21825,1732,objective_updated,96,1,0,1,6553
21826,1732,objective_updated,200.65,1,1,2,6553
21827,1732,objective_updated,365.32,1,2,3,6553
21828,1732,objective_updated,365.32,2,3,0,6553
21829,1732,objective_updated,416.84,2,0,1,6553
21830,1732,objective_updated,819.68,2,1,2,6553
21831,1732,objective_updated,909.86,2,2,3,6553
21832,1732,objective_updated,238.61,2,0,1,6554
21833,1732,objective_updated,484.44,3,1,2,6554
21834,1733,objective_updated,290.1,2,0,2,6555
21835,1733,objective_updated,582.31,3,2,1,6555
21836,1733,objective_updated,165.06,1,0,1,6556
21837,1733,objective_updated,252.7,1,1,2,6556
21838,1733,objective_updated,374.57,1,2,3,6556
21839,1733,objective_updated,374.57,2,3,0,6556
21840,1733,objective_updated,141.36,2,0,4,6557
21841,1733,objective_updated,362.98,3,4,3,6557
21842,1733,objective_updated,491.42,4,3,1,6557
21843,1733,objective_updated,639.43,5,1,2,6557
21868,533,objective_updated,113.91,2,0,1,6573
21869,533,objective_updated,246.84,3,1,3,6573
21870,533,objective_updated,470.19,4,3,4,6573
21871,533,objective_updated,652.78,5,4,2,6573
21872,533,objective_updated,816.22,6,2,0,6573
21873,533,objective_updated,153.94,1,0,1,6574
21874,533,objective_updated,270.51,1,1,2,6574
21875,533,objective_updated,368.4,1,2,3,6574
21876,533,objective_updated,368.4,2,3,0,6574
21877,533,objective_updated,113.91,2,0,1,6575
21878,533,objective_updated,246.84,3,1,3,6575
21879,533,objective_updated,470.19,4,3,4,6575
21880,533,objective_updated,652.78,5,4,2,6575
21881,533,objective_updated,816.22,6,2,0,6575
21882,1736,objective_updated,250.08,2,0,1,6576
21883,1736,objective_updated,428.87,3,1,2,6576
21884,1736,objective_updated,110.25,1,0,1,6577
21885,1736,objective_updated,338.56,1,1,2,6577
21886,1736,objective_updated,519.82,2,2,0,6577
21887,1736,objective_updated,675.96,2,0,1,6577
21888,1736,objective_updated,806.05,2,1,2,6577
21889,1736,objective_updated,938.87,2,2,3,6577
21890,1736,objective_updated,61.73,1,0,1,6578
21891,1736,objective_updated,420.89,2,1,0,6578
21892,1736,objective_updated,500.88,2,0,1,6578
21893,1736,objective_updated,586.01,2,1,2,6578
21894,1736,objective_updated,788.52,2,2,3,6578
21895,1736,objective_updated,181.84,2,0,4,6579
21896,1736,objective_updated,300.92,3,4,2,6579
21897,1736,objective_updated,424.67,4,2,1,6579
21898,1736,objective_updated,587.79,5,1,3,6579
21899,1736,objective_updated,800.76,6,3,0,6579
21900,1737,objective_updated,302.73,2,0,2,6583
21901,1737,objective_updated,589.46,3,2,1,6583
21902,1737,objective_updated,126.95,1,0,1,6584
21903,1737,objective_updated,393.66,1,1,2,6584
21904,1737,objective_updated,535.45,2,2,0,6584
21905,1737,objective_updated,668.02,2,0,1,6584
21906,1737,objective_updated,738.23,2,1,2,6584
21907,1737,objective_updated,815.37,2,2,3,6584
21908,1737,objective_updated,89.26,1,0,1,6585
21909,1737,objective_updated,390.12,2,1,0,6585
21910,1737,objective_updated,490.32,2,0,1,6585
21911,1737,objective_updated,675.01,2,1,2,6585
21912,1737,objective_updated,848.24,2,2,3,6585
21913,1737,objective_updated,115.66,2,0,3,6587
21914,1737,objective_updated,302.55,3,3,4,6587
21915,1737,objective_updated,418.35,4,4,2,6587
21916,1737,objective_updated,619.34,5,2,1,6587
21917,1737,objective_updated,825.36,6,1,0,6587
21918,1737,objective_updated,59.74,1,0,1,6588
21919,1737,objective_updated,366.12,1,1,2,6588
21920,1737,objective_updated,434.98,1,2,3,6588
21921,1737,objective_updated,434.98,2,3,0,6588
21922,1738,objective_updated,0,1,0,1,6589
21923,1738,objective_updated,316.13,2,1,2,6589
21924,1738,objective_updated,584.44,3,2,0,6589
21925,1739,objective_updated,0,1,0,1,6590
21926,1739,objective_updated,318.63,2,1,0,6590
21927,1739,objective_updated,509.56,3,0,2,6590
21928,1739,objective_updated,374.57,2,0,1,6591
21929,1739,objective_updated,603.32,2,1,2,6591
21930,1739,objective_updated,283.84,1,0,1,6592
21931,1739,objective_updated,446.6,1,1,2,6592
21932,1739,objective_updated,561.8,2,2,0,6592
21933,1739,objective_updated,708.53,2,0,1,6592
21934,1739,objective_updated,796.54,2,1,2,6592
21935,1739,objective_updated,901.1,2,2,3,6592
21936,1739,objective_updated,165.85,2,0,3,6593
21937,1739,objective_updated,301.32,3,3,4,6593
21938,1739,objective_updated,519.04,4,4,2,6593
21939,1739,objective_updated,736.78,5,2,1,6593
21940,1739,objective_updated,885.82,6,1,0,6593
21941,1738,objective_updated,183.55,1,0,1,6595
21942,1738,objective_updated,406.39,2,1,0,6595
21943,1738,objective_updated,487.14,2,0,1,6595
21944,1738,objective_updated,720.97,2,1,2,6595
21945,1738,objective_updated,86.12,1,0,1,6596
21946,1738,objective_updated,218.38,1,1,2,6596
21947,1738,objective_updated,485.16,2,2,0,6596
21948,1738,objective_updated,664.74,2,0,1,6596
21949,1738,objective_updated,826.27,2,1,2,6596
21950,1738,objective_updated,966.99,2,2,3,6596
21951,1738,objective_updated,240.71,2,0,1,6597
21952,1738,objective_updated,435.93,3,1,3,6597
21953,1738,objective_updated,663.19,4,3,4,6597
21954,1738,objective_updated,825.5,5,4,2,6597
21955,1738,objective_updated,1016.26,6,2,0,6597
21962,1741,objective_updated,289.02,2,0,2,6599
21963,1741,objective_updated,576.9,3,2,1,6599
21969,1741,objective_updated,159.19,2,0,4,6601
21970,1741,objective_updated,297.67,3,4,2,6601
21971,1741,objective_updated,478.16,4,2,1,6601
21972,1741,objective_updated,666.46,5,1,3,6601
22049,1744,objective_updated,0,1,0,1,6620
22050,1744,objective_updated,254.14,2,1,2,6620
22051,1744,objective_updated,549.36,3,2,0,6620
22052,1744,objective_updated,90.44,1,0,1,6621
22053,1744,objective_updated,401.24,2,1,0,6621
22054,1744,objective_updated,459.8,2,0,1,6621
22055,1744,objective_updated,768.91,2,1,2,6621
22056,1744,objective_updated,883.89,2,2,3,6621
22057,1744,objective_updated,329.9,2,0,1,6622
22058,1744,objective_updated,598.51,2,1,2,6622
22059,1744,objective_updated,719.87,2,2,3,6622
22060,1744,objective_updated,160.2,2,0,1,6624
22061,1744,objective_updated,319.21,3,1,3,6624
22062,1744,objective_updated,467.12,4,3,4,6624
22063,1744,objective_updated,621.08,5,4,2,6624
22064,1746,objective_updated,282.92,2,0,1,6625
22065,1746,objective_updated,521.34,3,1,2,6625
22066,1746,objective_updated,78.01,1,0,1,6626
22067,1746,objective_updated,310.04,1,1,2,6626
22068,1746,objective_updated,403.75,1,2,3,6626
22069,1746,objective_updated,403.75,2,3,0,6626
22070,1746,objective_updated,524.58,2,0,1,6626
22071,1746,objective_updated,748.39,2,1,2,6626
22072,1746,objective_updated,978.22,2,2,3,6626
22073,1746,objective_updated,978.22,3,3,0,6626
22074,1746,objective_updated,398.94,2,0,1,6627
22080,1746,objective_updated,188.77,2,0,4,6629
22081,1746,objective_updated,393.48,3,4,3,6629
22082,1746,objective_updated,520.49,4,3,1,6629
22083,1746,objective_updated,641.25,5,1,2,6629
22084,1746,objective_updated,911.9,6,2,0,6629
22090,1747,objective_updated,150.05,2,0,3,6632
22091,1747,objective_updated,316.6,3,3,4,6632
22092,1747,objective_updated,480.05,4,4,2,6632
22093,1747,objective_updated,692.23,5,2,1,6632
22094,1747,objective_updated,946.28,6,1,0,6632
22095,1747,objective_updated,256.09,1,0,1,6633
22096,1747,objective_updated,406.22,2,1,0,6633
22097,1747,objective_updated,523.03,2,0,1,6633
22098,1747,objective_updated,701,2,1,2,6633
22099,1747,objective_updated,929.24,2,2,3,6633
22100,1747,objective_updated,0,1,0,2,6634
22101,1747,objective_updated,295.21,2,2,0,6634
22102,1747,objective_updated,477.19,3,0,1,6634
22108,1747,objective_updated,342,2,0,2,6636
22109,1747,objective_updated,528.66,3,2,1,6636
22110,1749,objective_updated,173.21,2,0,4,6637
22111,1749,objective_updated,318.34,3,4,2,6637
22112,1749,objective_updated,479.24,4,2,1,6637
22113,1749,objective_updated,672.38,5,1,3,6637
22114,1749,objective_updated,884.46,6,3,4,6637
22115,1749,objective_updated,196.13,1,0,1,6638
22116,1749,objective_updated,415.78,2,1,0,6638
22117,1749,objective_updated,507.32,2,0,1,6638
22118,1749,objective_updated,653.83,2,1,2,6638
22119,1749,objective_updated,739.22,2,2,3,6638
22120,1749,objective_updated,143.73,1,0,1,6639
22121,1749,objective_updated,234.18,1,1,2,6639
22122,1749,objective_updated,360.51,1,2,3,6639
22123,1749,objective_updated,360.53,2,3,0,6639
22124,1749,objective_updated,410.96,2,0,1,6639
22125,1749,objective_updated,638.98,2,1,2,6639
22126,1749,objective_updated,0,1,0,2,6640
22127,1749,objective_updated,241.59,2,2,0,6640
22128,1749,objective_updated,535.57,3,0,1,6640
22129,1750,objective_updated,241.51,2,0,2,6642
22130,1750,objective_updated,429.03,3,2,1,6642
22131,1750,objective_updated,133.26,2,0,2,6643
22132,1750,objective_updated,289.08,3,2,1,6643
22133,1750,objective_updated,517.53,4,1,3,6643
22134,1750,objective_updated,693.64,5,3,4,6643
22135,1750,objective_updated,886.76,6,4,0,6643
22136,1750,objective_updated,81.44,1,0,1,6644
22137,1750,objective_updated,218.19,1,1,2,6644
22138,1750,objective_updated,286.95,1,2,3,6644
22139,1750,objective_updated,286.96,2,3,0,6644
22140,1750,objective_updated,538.67,2,0,1,6644
22141,1750,objective_updated,645.78,2,1,2,6644
22142,1751,objective_updated,324.59,2,0,1,6650
22143,1751,objective_updated,591.73,3,1,2,6650
22144,1751,objective_updated,55.37,1,0,1,6651
22145,1751,objective_updated,219.31,1,1,2,6651
22146,1751,objective_updated,334.05,1,2,3,6651
22147,1751,objective_updated,334.07,2,3,0,6651
22148,1751,objective_updated,133.02,1,0,1,6652
22149,1751,objective_updated,268.84,1,1,2,6652
22150,1751,objective_updated,351.94,1,2,3,6652
22151,1751,objective_updated,351.94,2,3,0,6652
22152,1751,objective_updated,588.14,2,0,1,6652
22153,1751,objective_updated,231.51,2,0,3,6654
22154,1751,objective_updated,405.15,3,3,1,6654
22155,1751,objective_updated,596.39,4,1,2,6654
22156,1751,objective_updated,727.04,5,2,4,6654
22157,1751,objective_updated,943.53,6,4,3,6654
22158,1751,objective_updated,0,1,0,1,6655
22159,1751,objective_updated,252.2,2,1,0,6655
22160,1751,objective_updated,544.89,3,0,2,6655
22161,1752,objective_updated,0,1,0,1,6656
22162,1752,objective_updated,197.17,2,1,2,6656
22163,1752,objective_updated,417.07,3,2,0,6656
22164,1752,objective_updated,264.73,1,0,1,6657
22165,1752,objective_updated,437.84,2,1,0,6657
22166,1752,objective_updated,561.63,2,0,1,6657
22167,1752,objective_updated,652.6,2,1,2,6657
22168,1752,objective_updated,265.27,1,0,1,6658
22169,1752,objective_updated,335.42,1,1,2,6658
22170,1752,objective_updated,506.96,1,2,3,6658
22171,1752,objective_updated,506.96,2,3,0,6658
22172,1752,objective_updated,715.21,2,0,1,6658
22173,1752,objective_updated,106.2,2,0,2,6659
22174,1752,objective_updated,257.76,3,2,4,6659
22175,1752,objective_updated,448.01,4,4,3,6659
22176,1752,objective_updated,584.18,5,3,1,6659
22177,1752,objective_updated,763.25,6,1,2,6659
22178,1753,objective_updated,195.08,2,0,2,6660
22179,1753,objective_updated,469.65,3,2,1,6660
22180,1754,objective_updated,195.08,2,0,2,6661
22181,1754,objective_updated,469.65,3,2,1,6661
22182,1755,objective_updated,195.08,2,0,2,6662
22183,1755,objective_updated,469.65,3,2,1,6662
22184,1755,objective_updated,148.16,1,0,1,6663
22185,1755,objective_updated,314.83,1,1,2,6663
22186,1755,objective_updated,435.51,1,2,3,6663
22187,1755,objective_updated,435.51,2,3,0,6663
22188,1755,objective_updated,677.02,2,0,1,6663
22189,1755,objective_updated,815.06,2,1,2,6663
22190,1755,objective_updated,131.69,2,0,3,6664
22191,1755,objective_updated,343.75,3,3,4,6664
22192,1755,objective_updated,556.26,4,4,2,6664
22193,1755,objective_updated,772.45,5,2,1,6664
22194,1755,objective_updated,915.27,6,1,0,6664
22195,1755,objective_updated,194.24,1,0,1,6665
22196,1755,objective_updated,288.46,1,1,2,6665
22197,1755,objective_updated,388.65,1,2,3,6665
22198,1755,objective_updated,388.65,2,3,0,6665
22199,1755,objective_updated,469.78,2,0,1,6665
22200,1755,objective_updated,610.4,2,1,2,6665
22201,1756,objective_updated,0,1,0,1,6667
22202,1756,objective_updated,247.35,2,1,2,6667
22203,1756,objective_updated,526.01,3,2,0,6667
22204,1756,objective_updated,202.15,1,0,1,6668
22205,1756,objective_updated,420.43,2,1,0,6668
22206,1756,objective_updated,156.42,1,0,1,6669
22207,1756,objective_updated,411.07,2,1,0,6669
22208,1756,objective_updated,660.37,2,0,1,6669
22209,1756,objective_updated,142.9,2,0,3,6670
22210,1756,objective_updated,319.09,3,3,4,6670
22211,1756,objective_updated,441.81,4,4,2,6670
22212,1756,objective_updated,682.64,5,2,1,6670
22213,1756,objective_updated,802.49,6,1,0,6670
22214,1756,objective_updated,224.62,2,0,1,6672
22215,1756,objective_updated,477.83,3,1,2,6672
22216,1757,objective_updated,0,1,0,2,6673
22217,1757,objective_updated,349.52,2,2,0,6673
22218,1757,objective_updated,629.23,3,0,1,6673
22219,1757,objective_updated,50.08,1,0,1,6674
22220,1757,objective_updated,155.75,1,1,2,6674
22221,1757,objective_updated,258.25,1,2,3,6674
22222,1757,objective_updated,258.27,2,3,0,6674
22223,1757,objective_updated,513.36,2,0,1,6674
22224,1757,objective_updated,658.21,2,1,2,6674
22225,1757,objective_updated,107.71,2,0,1,6675
22226,1757,objective_updated,348.99,3,1,2,6675
22227,1757,objective_updated,503.5,4,2,4,6675
22228,1757,objective_updated,719.44,5,4,3,6675
22229,1757,objective_updated,871.95,6,3,1,6675
22230,1757,objective_updated,104.06,1,0,1,6676
22231,1757,objective_updated,411.47,2,1,0,6676
22232,1757,objective_updated,564.31,2,0,1,6676
22233,1758,objective_updated,0,1,0,1,6678
22234,1758,objective_updated,311.18,2,1,0,6678
22235,1758,objective_updated,630.08,3,0,2,6678
22236,1758,objective_updated,277,1,0,1,6679
22237,1758,objective_updated,452.88,1,1,2,6679
22238,1758,objective_updated,594.05,2,2,0,6679
22239,1758,objective_updated,673.02,2,0,1,6679
22240,1758,objective_updated,948.98,2,1,2,6679
22241,1758,objective_updated,449.91,2,0,1,6680
22242,1758,objective_updated,578.86,2,1,2,6680
22243,1758,objective_updated,725.91,2,2,3,6680
22244,1758,objective_updated,133.37,2,0,1,6681
22245,1758,objective_updated,311.29,3,1,3,6681
22246,1758,objective_updated,449.01,4,3,4,6681
22247,1758,objective_updated,597.15,5,4,2,6681
22248,1758,objective_updated,786.69,6,2,1,6681
22249,1758,objective_updated,277,1,0,1,6684
22250,1758,objective_updated,452.88,1,1,2,6684
22251,1758,objective_updated,594.05,2,2,0,6684
22252,1758,objective_updated,673.02,2,0,1,6684
22253,1758,objective_updated,948.98,2,1,2,6684
22254,1758,objective_updated,277,1,0,1,6685
22255,1758,objective_updated,452.88,1,1,2,6685
22256,1758,objective_updated,594.05,2,2,0,6685
22257,1758,objective_updated,673.02,2,0,1,6685
22258,1758,objective_updated,948.98,2,1,2,6685
22259,1758,objective_updated,277,1,0,1,6686
22260,1758,objective_updated,452.88,1,1,2,6686
22261,1758,objective_updated,594.05,2,2,0,6686
22262,1758,objective_updated,673.02,2,0,1,6686
22263,1758,objective_updated,948.98,2,1,2,6686
22264,1759,objective_updated,0,1,0,2,6687
22265,1759,objective_updated,180.43,2,2,0,6687
22266,1759,objective_updated,406.56,3,0,1,6687
22267,1759,objective_updated,203.48,1,0,1,6689
22268,1759,objective_updated,360.78,1,1,2,6689
22269,1759,objective_updated,500.59,2,2,0,6689
22270,1759,objective_updated,645.54,2,0,1,6689
22271,1759,objective_updated,789.15,2,1,2,6689
22272,1759,objective_updated,857.5,2,2,3,6689
22273,1760,objective_updated,0,1,0,1,6691
22274,1760,objective_updated,257.82,2,1,2,6691
22275,1760,objective_updated,539.23,3,2,0,6691
22276,1760,objective_updated,217.98,1,0,1,6692
22277,1760,objective_updated,333.41,1,1,2,6692
22278,1760,objective_updated,502.79,2,2,0,6692
22279,1760,objective_updated,566.35,2,0,1,6692
22280,1760,objective_updated,802.58,2,1,2,6692
22281,1760,objective_updated,84.14,1,0,1,6693
22282,1760,objective_updated,199.25,1,1,2,6693
22283,1760,objective_updated,283.52,1,2,3,6693
22284,1760,objective_updated,283.52,2,3,0,6693
22285,1760,objective_updated,527.03,2,0,1,6693
22286,1760,objective_updated,200.76,2,0,1,6694
22287,1760,objective_updated,433.53,3,1,2,6694
22288,1760,objective_updated,550.54,4,2,4,6694
22289,1760,objective_updated,759.05,5,4,3,6694
22290,1760,objective_updated,881.27,6,3,1,6694
22291,1760,objective_updated,186.88,2,0,2,6696
22292,1760,objective_updated,474.65,3,2,1,6696
22293,1761,objective_updated,192.42,2,0,2,6697
22294,1761,objective_updated,413.16,3,2,1,6697
22295,1761,objective_updated,92.41,1,0,1,6698
22296,1761,objective_updated,322.73,1,1,2,6698
22297,1761,objective_updated,406.32,1,2,3,6698
22298,1761,objective_updated,406.32,2,3,0,6698
22299,1761,objective_updated,530.34,2,0,1,6698
22300,1761,objective_updated,754.13,2,1,2,6698
22301,1761,objective_updated,199.32,2,0,4,6699
22302,1761,objective_updated,373.83,3,4,2,6699
22303,1761,objective_updated,492.23,4,2,1,6699
22304,1761,objective_updated,662.93,5,1,3,6699
22305,1762,objective_updated,0,1,0,1,6701
22306,1762,objective_updated,246.62,2,1,0,6701
22307,1762,objective_updated,527.58,3,0,2,6701
22308,1762,objective_updated,394.56,2,0,1,6702
22309,1762,objective_updated,621.29,2,1,2,6702
22310,1762,objective_updated,140.09,2,0,3,6703
22311,1762,objective_updated,340.53,3,3,4,6703
22312,1762,objective_updated,518.04,4,4,2,6703
22313,1762,objective_updated,639.62,5,2,1,6703
22314,1762,objective_updated,51.18,1,0,1,6705
22315,1762,objective_updated,152.37,1,1,2,6705
22316,1762,objective_updated,225.83,1,2,3,6705
22317,1762,objective_updated,225.84,2,3,0,6705
22318,1762,objective_updated,363.91,2,0,1,6705
22319,1762,objective_updated,563.96,2,1,2,6705
22320,1763,objective_updated,140.09,2,0,3,6707
22321,1763,objective_updated,340.53,3,3,4,6707
22322,1763,objective_updated,518.04,4,4,2,6707
22323,1763,objective_updated,639.62,5,2,1,6707
22324,1763,objective_updated,394.56,2,0,1,6708
22325,1763,objective_updated,621.29,2,1,2,6708
22326,1763,objective_updated,0,1,0,1,6709
22327,1763,objective_updated,246.62,2,1,0,6709
22328,1763,objective_updated,527.58,3,0,2,6709
22329,1763,objective_updated,51.18,1,0,1,6711
22330,1763,objective_updated,152.37,1,1,2,6711
22331,1763,objective_updated,225.83,1,2,3,6711
22332,1763,objective_updated,225.84,2,3,0,6711
22333,1763,objective_updated,363.91,2,0,1,6711
22334,1763,objective_updated,563.96,2,1,2,6711
22335,1764,objective_updated,0,1,0,2,6713
22336,1764,objective_updated,298.96,2,2,0,6713
22337,1764,objective_updated,521.59,3,0,1,6713
22338,1764,objective_updated,158.39,2,0,1,6715
22339,1764,objective_updated,336.98,3,1,2,6715
22340,1764,objective_updated,558.66,4,2,4,6715
22341,1764,objective_updated,795.82,5,4,3,6715
22342,1764,objective_updated,975.08,6,3,1,6715
22343,1764,objective_updated,79.92,1,0,1,6716
22344,1764,objective_updated,191.59,1,1,2,6716
22345,1764,objective_updated,300.02,1,2,3,6716
22346,1764,objective_updated,300.02,2,3,0,6716
22347,1764,objective_updated,409.88,2,0,1,6716
22360,1764,objective_updated,52.32,1,0,1,6719
22361,1764,objective_updated,156.89,1,1,2,6719
22362,1764,objective_updated,505.97,2,2,0,6719
22363,1764,objective_updated,673.84,2,0,1,6719
22364,1764,objective_updated,792.58,2,1,2,6719
22365,1764,objective_updated,1026.56,2,2,3,6719
22366,1764,objective_updated,0,1,0,2,6720
22367,1764,objective_updated,253.55,2,2,1,6720
22368,1764,objective_updated,576.69,3,1,0,6720
22369,1765,objective_updated,0,1,0,2,6721
22370,1765,objective_updated,301.1,2,2,0,6721
22371,1765,objective_updated,579.67,3,0,1,6721
22372,1765,objective_updated,48.19,1,0,1,6722
22373,1765,objective_updated,419.93,2,1,0,6722
22374,1765,objective_updated,140.75,1,0,1,6723
22375,1765,objective_updated,395.12,2,1,0,6723
22376,1765,objective_updated,178.62,2,0,2,6724
22377,1765,objective_updated,368.05,3,2,1,6724
22378,1765,objective_updated,499.84,4,1,3,6724
22379,1765,objective_updated,654.25,5,3,4,6724
22380,1765,objective_updated,838.39,6,4,0,6724
22381,1766,objective_updated,0,1,0,2,6727
22382,1766,objective_updated,260.3,2,2,1,6727
22383,1766,objective_updated,553.08,3,1,0,6727
22384,1766,objective_updated,493.49,2,0,1,6729
22390,1766,objective_updated,202.18,2,0,1,6731
22391,1766,objective_updated,321.41,3,1,3,6731
22392,1766,objective_updated,507.66,4,3,4,6731
22393,1766,objective_updated,675.39,5,4,2,6731
22394,1766,objective_updated,817.38,6,2,0,6731
22395,1766,objective_updated,111.53,1,0,1,6732
22396,1766,objective_updated,246.19,1,1,2,6732
22397,1766,objective_updated,398.21,1,2,3,6732
22398,1766,objective_updated,398.22,2,3,0,6732
22399,1766,objective_updated,514.16,2,0,1,6732
22400,1766,objective_updated,662.5,2,1,2,6732
22401,1766,objective_updated,733.24,2,2,3,6732
22402,1766,objective_updated,733.26,3,3,0,6732
22403,1766,objective_updated,0,1,0,2,6733
22404,1766,objective_updated,303.03,2,2,1,6733
22405,1766,objective_updated,597.94,3,1,0,6733
22406,1767,objective_updated,0,1,0,2,6734
22407,1767,objective_updated,272.78,2,2,0,6734
22408,1767,objective_updated,581.49,3,0,1,6734
22409,1767,objective_updated,182.1,2,0,1,6736
22410,1767,objective_updated,375.26,3,1,3,6736
22411,1767,objective_updated,580.31,4,3,4,6736
22412,1767,objective_updated,772.88,5,4,2,6736
22413,1767,objective_updated,958.52,6,2,1,6736
22414,1767,objective_updated,201.4,1,0,1,6737
22415,1767,objective_updated,280.79,1,1,2,6737
22416,1767,objective_updated,373.97,1,2,3,6737
22417,1767,objective_updated,373.98,2,3,0,6737
22418,1767,objective_updated,562.25,2,0,1,6737
22419,1767,objective_updated,665.46,2,1,2,6737
22420,1767,objective_updated,871.85,2,2,3,6737
22439,1767,objective_updated,0,1,0,1,6767
22440,1767,objective_updated,309.56,2,1,2,6767
22441,1767,objective_updated,518.27,3,2,0,6767
22505,1833,objective_updated,0,1,0,1,6834
22506,1833,objective_updated,251.98,2,1,0,6834
22507,1833,objective_updated,471.52,3,0,2,6834
22513,1833,objective_updated,159.41,2,0,4,6836
22514,1833,objective_updated,310.29,3,4,3,6836
22515,1833,objective_updated,500.74,4,3,1,6836
22516,1833,objective_updated,693.13,5,1,2,6836
22517,1833,objective_updated,868.74,6,2,0,6836
22541,1833,objective_updated,71.26,1,0,1,6868
22542,1833,objective_updated,162.65,1,1,2,6868
22543,1833,objective_updated,520.67,2,2,0,6868
22544,1833,objective_updated,654.03,2,0,1,6868
22545,1833,objective_updated,765.04,2,1,2,6868
22546,1833,objective_updated,1046.54,2,2,3,6868
22574,1833,objective_updated,72.03,1,0,1,6901
22575,1833,objective_updated,192.36,1,1,2,6901
22576,1833,objective_updated,485.45,2,2,0,6901
22577,1833,objective_updated,606.52,2,0,1,6901
22578,1833,objective_updated,707.21,2,1,2,6901
22579,1833,objective_updated,811.78,2,2,3,6901
22607,1866,objective_updated,0,1,0,2,6934
22608,1866,objective_updated,188.13,2,2,1,6934
22609,1866,objective_updated,369.47,3,1,0,6934
22610,1866,objective_updated,323.13,2,0,1,6935
22611,1866,objective_updated,479.3,2,1,2,6935
22612,1866,objective_updated,644.64,2,2,3,6935
22613,1866,objective_updated,98.38,1,0,1,6936
22614,1866,objective_updated,323.59,1,1,2,6936
22615,1866,objective_updated,417.32,1,2,3,6936
22616,1866,objective_updated,417.32,2,3,0,6936
22617,1866,objective_updated,535.43,2,0,1,6936
22618,1866,objective_updated,740.72,2,1,2,6936
22619,1866,objective_updated,214.75,2,0,4,6938
22620,1866,objective_updated,357.16,3,4,3,6938
22621,1866,objective_updated,542.25,4,3,1,6938
22622,1866,objective_updated,760.77,5,1,2,6938
22623,1866,objective_updated,953.39,6,2,0,6938
22649,1903,objective_updated,0,1,0,2,6970
22650,1903,objective_updated,194.47,2,2,0,6970
22651,1903,objective_updated,511.58,3,0,1,6970
22652,1903,objective_updated,248.38,1,0,1,6971
22653,1903,objective_updated,412.59,2,1,0,6971
22654,1903,objective_updated,572.12,2,0,1,6971
22655,1903,objective_updated,122.02,1,0,1,6972
22656,1903,objective_updated,434.23,2,1,0,6972
22657,1903,objective_updated,155.81,2,0,1,6974
22658,1903,objective_updated,317.53,3,1,3,6974
22659,1903,objective_updated,517.15,4,3,4,6974
22660,1903,objective_updated,750.14,5,4,2,6974
22661,1903,objective_updated,889.06,6,2,0,6974
22676,1903,objective_updated,0,1,0,1,7001
22677,1903,objective_updated,154.02,2,1,0,7001
22678,1903,objective_updated,510.33,3,0,2,7001