id,scrimId,event_type,match_time,player_team,player_name,player_hero,hero_duplicated,ultimate_id,MapDataId
9,69,remech_charged,692.3,T_5568bd9d,P_5d0e2b9c,D.Va,0,4,206
10,69,remech_charged,169.05,T_5568bd9d,P_5d0e2b9c,D.Va,0,1,210
11,69,remech_charged,236.9,T_5568bd9d,P_5d0e2b9c,D.Va,0,3,210
12,69,remech_charged,424.83,T_5568bd9d,P_5d0e2b9c,D.Va,0,4,210
13,69,remech_charged,469.51,T_5568bd9d,P_5d0e2b9c,D.Va,0,6,210
14,69,remech_charged,590.3,T_5568bd9d,P_5d0e2b9c,D.Va,0,8,210
15,69,remech_charged,747.08,T_5568bd9d,P_5d0e2b9c,D.Va,0,10,210
16,70,remech_charged,464.74,T_a02bf5e9,P_ecbf7f52,D.Va,0,4,211
17,70,remech_charged,869.46,T_a02bf5e9,P_ecbf7f52,D.Va,0,6,211
18,71,remech_charged,464.74,T_a02bf5e9,P_ecbf7f52,D.Va,0,4,212
19,71,remech_charged,869.46,T_a02bf5e9,P_ecbf7f52,D.Va,0,6,212
23,74,remech_charged,289.73,T_5568bd9d,P_5d0e2b9c,D.Va,0,2,217
24,74,remech_charged,364.65,T_5568bd9d,P_5d0e2b9c,D.Va,0,4,217
25,75,remech_charged,131.56,T_5568bd9d,P_5d0e2b9c,D.Va,0,2,220
26,75,remech_charged,393.9,T_5568bd9d,P_5d0e2b9c,D.Va,0,3,220
27,75,remech_charged,433.16,T_5568bd9d,P_5d0e2b9c,D.Va,0,5,220
28,75,remech_charged,554.37,T_5568bd9d,P_5d0e2b9c,D.Va,0,6,220
29,87,remech_charged,479.34,T_5568bd9d,P_5d0e2b9c,D.Va,0,2,263
30,94,remech_charged,781.77,T_5568bd9d,P_5d0e2b9c,D.Va,0,6,290
31,95,remech_charged,136.43,T_beaf8cb4,P_b12fcdd1,D.Va,0,2,296
32,95,remech_charged,207.07,T_beaf8cb4,P_b12fcdd1,D.Va,0,4,296
33,95,remech_charged,398.52,T_beaf8cb4,P_b12fcdd1,D.Va,0,6,296
34,95,remech_charged,426.04,T_7f8fc438,P_99d0c092,D.Va,0,2,296
35,95,remech_charged,452.21,T_beaf8cb4,P_b12fcdd1,D.Va,0,7,296
36,95,remech_charged,580.73,T_beaf8cb4,P_b12fcdd1,D.Va,0,9,296
37,95,remech_charged,698.89,T_beaf8cb4,P_b12fcdd1,D.Va,0,11,296
38,95,remech_charged,740.84,T_7f8fc438,P_99d0c092,D.Va,0,5,296
39,95,remech_charged,248.94,T_beaf8cb4,P_b12fcdd1,D.Va,0,3,297
40,95,remech_charged,316.86,T_beaf8cb4,P_b12fcdd1,D.Va,0,5,297
41,95,remech_charged,455.85,T_beaf8cb4,P_b12fcdd1,D.Va,0,7,297
42,95,remech_charged,630.64,T_beaf8cb4,P_b12fcdd1,D.Va,0,9,297
43,95,remech_charged,136.43,T_beaf8cb4,P_b12fcdd1,D.Va,0,2,300
44,95,remech_charged,207.07,T_beaf8cb4,P_b12fcdd1,D.Va,0,4,300
45,95,remech_charged,398.52,T_beaf8cb4,P_b12fcdd1,D.Va,0,6,300
46,95,remech_charged,426.04,T_7f8fc438,P_99d0c092,D.Va,0,2,300
47,95,remech_charged,452.21,T_beaf8cb4,P_b12fcdd1,D.Va,0,7,300
48,95,remech_charged,580.73,T_beaf8cb4,P_b12fcdd1,D.Va,0,9,300
49,95,remech_charged,698.89,T_beaf8cb4,P_b12fcdd1,D.Va,0,11,300
50,95,remech_charged,740.84,T_7f8fc438,P_99d0c092,D.Va,0,5,300
51,95,remech_charged,139.55,T_beaf8cb4,P_b12fcdd1,D.Va,0,2,304
52,95,remech_charged,379.11,T_beaf8cb4,P_b12fcdd1,D.Va,0,4,304
53,95,remech_charged,407.81,T_beaf8cb4,P_b12fcdd1,D.Va,0,6,304
54,95,remech_charged,625.18,T_beaf8cb4,P_b12fcdd1,D.Va,0,8,304
55,96,remech_charged,136.43,T_beaf8cb4,P_b12fcdd1,D.Va,0,2,305
56,96,remech_charged,207.07,T_beaf8cb4,P_b12fcdd1,D.Va,0,4,305
57,96,remech_charged,398.52,T_beaf8cb4,P_b12fcdd1,D.Va,0,6,305
58,96,remech_charged,426.04,T_7f8fc438,P_99d0c092,D.Va,0,2,305
59,96,remech_charged,452.21,T_beaf8cb4,P_b12fcdd1,D.Va,0,7,305
60,96,remech_charged,580.73,T_beaf8cb4,P_b12fcdd1,D.Va,0,9,305
61,96,remech_charged,698.89,T_beaf8cb4,P_b12fcdd1,D.Va,0,11,305
62,96,remech_charged,740.84,T_7f8fc438,P_99d0c092,D.Va,0,5,305
63,96,remech_charged,248.94,T_beaf8cb4,P_b12fcdd1,D.Va,0,3,306
64,96,remech_charged,316.86,T_beaf8cb4,P_b12fcdd1,D.Va,0,5,306
65,96,remech_charged,455.85,T_beaf8cb4,P_b12fcdd1,D.Va,0,7,306
66,96,remech_charged,630.64,T_beaf8cb4,P_b12fcdd1,D.Va,0,9,306
67,96,remech_charged,139.55,T_beaf8cb4,P_b12fcdd1,D.Va,0,2,307
68,96,remech_charged,379.11,T_beaf8cb4,P_b12fcdd1,D.Va,0,4,307
69,96,remech_charged,407.81,T_beaf8cb4,P_b12fcdd1,D.Va,0,6,307
70,96,remech_charged,625.18,T_beaf8cb4,P_b12fcdd1,D.Va,0,8,307
71,99,remech_charged,165.86,T_5568bd9d,P_6696ec60,D.Va,0,2,321
72,99,remech_charged,405.79,T_5568bd9d,P_6696ec60,D.Va,0,5,321
73,99,remech_charged,691.26,T_a02bf5e9,P_d311918f,D.Va,0,6,321
74,99,remech_charged,733.48,T_a02bf5e9,P_d311918f,D.Va,0,8,321
75,99,remech_charged,114.73,T_5568bd9d,P_81db8829,D.Va,0,2,323
76,99,remech_charged,301.67,T_a02bf5e9,P_d311918f,D.Va,0,3,323
77,99,remech_charged,488.02,T_a02bf5e9,P_d311918f,D.Va,0,5,323
78,99,remech_charged,687.74,T_a02bf5e9,P_d311918f,D.Va,0,7,323
79,100,remech_charged,106.46,T_5568bd9d,P_6a668438,D.Va,0,1,327
80,100,remech_charged,157.11,T_5568bd9d,P_6a668438,D.Va,0,3,327
81,100,remech_charged,219.28,T_5568bd9d,P_6a668438,D.Va,0,4,327
82,100,remech_charged,400.5,T_5568bd9d,P_6a668438,D.Va,0,6,327
83,100,remech_charged,607.44,T_5568bd9d,P_6a668438,D.Va,0,8,327
84,104,remech_charged,448.24,T_5568bd9d,P_af63c2c0,D.Va,0,3,339
85,104,remech_charged,534.92,T_5568bd9d,P_af63c2c0,D.Va,0,5,339
86,114,remech_charged,117.23,T_92ddd88e,P_4f47c2eb,D.Va,0,2,385
87,114,remech_charged,159.13,T_92ddd88e,P_4f47c2eb,D.Va,0,4,385
88,114,remech_charged,186.35,T_92ddd88e,P_4f47c2eb,D.Va,0,5,385
89,115,remech_charged,73.6,T_5568bd9d,P_5d0e2b9c,D.Va,0,1,392
90,115,remech_charged,123.96,T_5568bd9d,P_5d0e2b9c,D.Va,0,2,392
91,115,remech_charged,599.69,T_5568bd9d,P_5d0e2b9c,D.Va,0,5,392
92,115,remech_charged,634.15,T_5568bd9d,P_5d0e2b9c,D.Va,0,7,392
93,115,remech_charged,865.49,T_5568bd9d,P_5d0e2b9c,D.Va,0,10,392
94,115,remech_charged,908,T_5568bd9d,P_5d0e2b9c,D.Va,0,11,392
95,115,remech_charged,982.9,T_5568bd9d,P_5d0e2b9c,D.Va,0,13,392
96,115,remech_charged,131.31,T_5568bd9d,P_5d0e2b9c,D.Va,0,2,394
97,115,remech_charged,289.29,T_5568bd9d,P_5d0e2b9c,D.Va,0,4,394
98,115,remech_charged,479.77,T_5568bd9d,P_5d0e2b9c,D.Va,0,6,394
99,115,remech_charged,915.03,T_5568bd9d,P_5d0e2b9c,D.Va,0,9,394
100,133,remech_charged,606.78,T_5568bd9d,P_3802796b,D.Va,0,4,450
101,142,remech_charged,0,T_a02bf5e9,P_99d0c092,D.Va,0,2,488
102,142,remech_charged,0,T_a02bf5e9,P_99d0c092,D.Va,0,5,488
103,142,remech_charged,0,T_a02bf5e9,P_99d0c092,D.Va,0,7,488
110,156,remech_charged,143.36,T_b16cd221,P_e2119203,D.Va,0,2,541
111,156,remech_charged,198.47,T_b16cd221,P_e2119203,D.Va,0,3,541
112,156,remech_charged,316.51,T_b16cd221,P_e2119203,D.Va,0,5,541
114,164,remech_charged,111.18,T_7f8fc438,P_99d0c092,D.Va,0,2,580
115,170,remech_charged,252.89,T_6245d371,P_8357e10e,D.Va,0,2,588
116,171,remech_charged,176.04,T_b733c15a,P_c580c001,D.Va,0,2,590
117,171,remech_charged,434.1,T_b733c15a,P_c580c001,D.Va,0,4,590
118,178,remech_charged,551.1,T_f87f7ea4,P_735bc8f1,D.Va,0,3,610
119,178,remech_charged,646.25,T_f87f7ea4,P_735bc8f1,D.Va,0,5,610
120,178,remech_charged,83.08,T_7f8fc438,P_99d0c092,D.Va,0,2,611
121,178,remech_charged,267.31,T_7f8fc438,P_99d0c092,D.Va,0,4,611
122,178,remech_charged,308.6,T_f87f7ea4,P_735bc8f1,D.Va,0,2,611
123,178,remech_charged,353.85,T_f87f7ea4,P_735bc8f1,D.Va,0,4,611
124,178,remech_charged,409,T_7f8fc438,P_99d0c092,D.Va,0,6,611
125,178,remech_charged,698.67,T_f87f7ea4,P_735bc8f1,D.Va,0,6,611
126,178,remech_charged,707.96,T_f87f7ea4,P_735bc8f1,D.Va,0,7,611
127,178,remech_charged,884.02,T_f87f7ea4,P_735bc8f1,D.Va,0,9,611
128,208,remech_charged,109.58,T_7f8fc438,P_99d0c092,D.Va,0,2,708
129,208,remech_charged,466.49,T_7f8fc438,P_99d0c092,D.Va,0,5,708
130,208,remech_charged,557.54,T_7f8fc438,P_99d0c092,D.Va,0,7,708
131,208,remech_charged,599.83,T_7f8fc438,P_99d0c092,D.Va,0,8,708
136,228,remech_charged,0,T_5568bd9d,P_aedb6a9e,D.Va,0,6,747
137,228,remech_charged,0,T_5568bd9d,P_aedb6a9e,D.Va,0,7,747
138,228,remech_charged,0,T_5568bd9d,P_aedb6a9e,D.Va,0,9,747
142,244,remech_charged,224.88,T_a02bf5e9,P_eb33580d,D.Va,0,2,791
143,244,remech_charged,789,T_a02bf5e9,P_eb33580d,D.Va,0,5,792
144,252,remech_charged,259.42,T_566f2633,P_75ace21a,D.Va,0,2,822
145,252,remech_charged,425.1,T_566f2633,P_75ace21a,D.Va,0,4,822
146,252,remech_charged,368.61,T_566f2633,P_75ace21a,D.Va,0,2,825
147,252,remech_charged,452.66,T_71e9144f,P_2bfbdde1,D.Va,0,4,825
148,252,remech_charged,558.33,T_566f2633,P_75ace21a,D.Va,0,4,825
149,252,remech_charged,569.33,T_71e9144f,P_2bfbdde1,D.Va,0,6,825
150,252,remech_charged,578.92,T_566f2633,P_75ace21a,D.Va,0,6,825
151,252,remech_charged,654.58,T_566f2633,P_75ace21a,D.Va,0,8,825
178,261,remech_charged,552.08,T_7bf56e68,P_eca9f253,D.Va,0,3,854
180,281,remech_charged,799.6,T_a02bf5e9,P_5a638b6c,D.Va,0,4,900
186,285,remech_charged,349.06,T_a02bf5e9,P_8f220ed3,D.Va,0,3,918
187,285,remech_charged,382.26,T_a02bf5e9,P_8f220ed3,D.Va,0,5,918
194,287,remech_charged,679.67,T_0ff7da8a,P_8b0f60c2,D.Va,0,5,930
196,292,remech_charged,313.53,T_7f8fc438,P_99d0c092,D.Va,0,2,937
197,292,remech_charged,504.35,T_7f8fc438,P_99d0c092,D.Va,0,4,937
198,292,remech_charged,665.91,T_7f8fc438,P_99d0c092,D.Va,0,4,938
199,293,remech_charged,280.84,T_a02bf5e9,P_4d3d25cb,D.Va,0,2,944
200,293,remech_charged,417.66,T_a02bf5e9,P_4d3d25cb,D.Va,0,4,944
201,293,remech_charged,435.28,T_5568bd9d,P_9871455a,D.Va,0,3,944
202,293,remech_charged,640.64,T_a02bf5e9,P_4d3d25cb,D.Va,0,6,944
203,293,remech_charged,718.58,T_a02bf5e9,P_4d3d25cb,D.Va,0,8,944
204,293,remech_charged,861.16,T_a02bf5e9,P_4d3d25cb,D.Va,0,10,944
205,293,remech_charged,446.61,T_a02bf5e9,P_4d3d25cb,D.Va,0,4,947
206,293,remech_charged,616.54,T_5568bd9d,P_9871455a,D.Va,0,4,947
207,293,remech_charged,695.13,T_5568bd9d,P_9871455a,D.Va,0,6,947
208,293,remech_charged,730.3,T_5568bd9d,P_9871455a,D.Va,0,8,947
209,294,remech_charged,55.89,T_5568bd9d,P_66f6b315,D.Va,0,1,949
210,294,remech_charged,200.1,T_5568bd9d,P_66f6b315,D.Va,0,3,949
211,294,remech_charged,237.86,T_5568bd9d,P_66f6b315,D.Va,0,4,949
212,294,remech_charged,365.71,T_5568bd9d,P_66f6b315,D.Va,0,6,949
213,296,remech_charged,758.29,T_a02bf5e9,P_a01ea2e4,D.Va,0,5,966
214,296,remech_charged,886.09,T_a02bf5e9,P_a01ea2e4,D.Va,0,7,966
215,300,remech_charged,627.13,T_a02bf5e9,P_d1458e89,D.Va,0,5,991
216,300,remech_charged,698.36,T_a02bf5e9,P_d1458e89,D.Va,0,7,991
220,300,remech_charged,149.75,T_a02bf5e9,P_d1458e89,D.Va,0,2,993
221,300,remech_charged,191.43,T_a02bf5e9,P_d1458e89,D.Va,0,4,993
222,300,remech_charged,436.06,T_a02bf5e9,P_d1458e89,D.Va,0,7,993
223,306,remech_charged,677.5,T_a02bf5e9,P_c6fdfe36,D.Va,0,4,1021
224,306,remech_charged,753.68,T_a02bf5e9,P_c6fdfe36,D.Va,0,6,1021
225,312,remech_charged,187.79,T_5568bd9d,P_1f6fe584,D.Va,0,2,1060
226,312,remech_charged,571.65,T_5568bd9d,P_1f6fe584,D.Va,0,6,1060
227,312,remech_charged,644.04,T_5568bd9d,P_1f6fe584,D.Va,0,7,1060
228,312,remech_charged,189.31,T_5568bd9d,P_1f6fe584,D.Va,0,2,1061
229,312,remech_charged,307.62,T_5568bd9d,P_1f6fe584,D.Va,0,4,1061
230,312,remech_charged,335.39,T_5568bd9d,P_1f6fe584,D.Va,0,5,1061
231,312,remech_charged,439.64,T_a02bf5e9,P_6b973f94,D.Va,0,4,1061
232,312,remech_charged,441.85,T_5568bd9d,P_1f6fe584,D.Va,0,7,1061
233,312,remech_charged,821.41,T_5568bd9d,P_1f6fe584,D.Va,0,10,1061
234,312,remech_charged,903.85,T_5568bd9d,P_1f6fe584,D.Va,0,12,1061
235,314,remech_charged,659.95,T_5568bd9d,P_14c2aa76,D.Va,0,5,1065
236,314,remech_charged,721.43,T_5568bd9d,P_14c2aa76,D.Va,0,6,1065
237,315,remech_charged,659.95,T_5568bd9d,P_14c2aa76,D.Va,0,5,1071
238,315,remech_charged,721.43,T_5568bd9d,P_14c2aa76,D.Va,0,6,1071
239,319,remech_charged,416.79,T_a02bf5e9,P_0f66b5ed,D.Va,0,3,1089
240,319,remech_charged,673.99,T_a02bf5e9,P_0f66b5ed,D.Va,0,5,1089
257,339,remech_charged,192.71,T_30161e91,P_01c03a43,D.Va,0,2,1189
258,339,remech_charged,466.6,T_30161e91,P_01c03a43,D.Va,0,4,1189
259,339,remech_charged,646.44,T_30161e91,P_01c03a43,D.Va,0,6,1189
260,339,remech_charged,790.26,T_30161e91,P_01c03a43,D.Va,0,8,1189
272,344,remech_charged,622.52,T_c8373fd8,P_672c303d,D.Va,0,4,1204
281,350,remech_charged,140.86,T_a02bf5e9,P_ab7fc22e,D.Va,0,2,1249
282,350,remech_charged,471.05,T_a02bf5e9,P_ab7fc22e,D.Va,0,5,1249
283,350,remech_charged,640.78,T_a02bf5e9,P_ab7fc22e,D.Va,0,7,1249
284,350,remech_charged,695.43,T_a02bf5e9,P_ab7fc22e,D.Va,0,8,1249
285,350,remech_charged,740.15,T_a02bf5e9,P_ab7fc22e,D.Va,0,10,1249
286,350,remech_charged,830.59,T_a02bf5e9,P_ab7fc22e,D.Va,0,12,1249
287,351,remech_charged,408.55,T_a02bf5e9,P_f1451817,D.Va,0,4,1257
288,351,remech_charged,492.97,T_a02bf5e9,P_f1451817,D.Va,0,5,1257
289,351,remech_charged,129.4,T_a02bf5e9,P_f1451817,D.Va,0,1,1260
290,351,remech_charged,268.46,T_a02bf5e9,P_f1451817,D.Va,0,3,1260
297,354,remech_charged,107.29,T_5568bd9d,P_5b00f262,D.Va,0,2,1274
298,354,remech_charged,251.02,T_5568bd9d,P_5b00f262,D.Va,0,4,1274
299,354,remech_charged,261.49,T_a02bf5e9,P_f4d3ce08,D.Va,0,3,1274
300,354,remech_charged,394.41,T_5568bd9d,P_5b00f262,D.Va,0,6,1274
301,354,remech_charged,428.96,T_5568bd9d,P_5b00f262,D.Va,0,7,1274
302,354,remech_charged,441.06,T_a02bf5e9,P_f4d3ce08,D.Va,0,5,1274
303,354,remech_charged,469.95,T_5568bd9d,P_5b00f262,D.Va,0,8,1274
304,354,remech_charged,536.17,T_5568bd9d,P_5b00f262,D.Va,0,10,1274
305,354,remech_charged,597.35,T_a02bf5e9,P_f4d3ce08,D.Va,0,6,1274
306,354,remech_charged,630.6,T_a02bf5e9,P_f4d3ce08,D.Va,0,8,1274
307,354,remech_charged,694.67,T_5568bd9d,P_5b00f262,D.Va,0,12,1274
308,354,remech_charged,763.21,T_a02bf5e9,P_f4d3ce08,D.Va,0,10,1274
309,354,remech_charged,771.45,T_5568bd9d,P_5b00f262,D.Va,0,14,1274
310,354,remech_charged,462.05,T_a02bf5e9,P_f4d3ce08,D.Va,0,3,1276
311,354,remech_charged,161.8,T_a02bf5e9,P_f4d3ce08,D.Va,0,1,1278
312,354,remech_charged,191.2,T_a02bf5e9,P_f4d3ce08,D.Va,0,3,1278
313,354,remech_charged,408.43,T_a02bf5e9,P_f4d3ce08,D.Va,0,5,1278
314,354,remech_charged,495.29,T_a02bf5e9,P_f4d3ce08,D.Va,0,6,1278
315,354,remech_charged,531.82,T_a02bf5e9,P_f4d3ce08,D.Va,0,8,1278
316,355,remech_charged,496.09,T_fc5934b1,P_671b2eeb,D.Va,0,4,1280
317,355,remech_charged,721.53,T_fc5934b1,P_671b2eeb,D.Va,0,7,1280
318,355,remech_charged,748.11,T_4408f908,P_f65b6b44,D.Va,0,3,1280
319,355,remech_charged,766.2,T_4408f908,P_f65b6b44,D.Va,0,5,1280
320,355,remech_charged,888.13,T_fc5934b1,P_671b2eeb,D.Va,0,9,1280
321,356,remech_charged,496.09,T_fc5934b1,P_671b2eeb,D.Va,0,4,1288
322,356,remech_charged,721.53,T_fc5934b1,P_671b2eeb,D.Va,0,7,1288
323,356,remech_charged,748.11,T_4408f908,P_f65b6b44,D.Va,0,3,1288
324,356,remech_charged,766.2,T_4408f908,P_f65b6b44,D.Va,0,5,1288
325,356,remech_charged,888.13,T_fc5934b1,P_671b2eeb,D.Va,0,9,1288
326,375,remech_charged,236.31,T_5568bd9d,P_98c9e478,D.Va,0,2,1305
327,375,remech_charged,354.3,T_5568bd9d,P_98c9e478,D.Va,0,3,1306
333,381,remech_charged,254.8,T_a02bf5e9,P_8fd2ec67,D.Va,0,2,1339
334,381,remech_charged,739.36,T_a02bf5e9,P_8fd2ec67,D.Va,0,4,1339
335,381,remech_charged,905.17,T_a02bf5e9,P_8fd2ec67,D.Va,0,6,1339
336,381,remech_charged,815.71,T_a02bf5e9,P_8fd2ec67,D.Va,0,4,1341
337,395,remech_charged,135.5,T_5568bd9d,P_1f6fe584,D.Va,0,1,1398
338,395,remech_charged,153.57,T_5568bd9d,P_1f6fe584,D.Va,0,3,1398
339,395,remech_charged,310.7,T_5568bd9d,P_1f6fe584,D.Va,0,5,1398
340,395,remech_charged,435.25,T_5568bd9d,P_1f6fe584,D.Va,0,7,1398
341,395,remech_charged,541.67,T_5568bd9d,P_1f6fe584,D.Va,0,9,1398
344,404,remech_charged,600.7,T_4407b417,P_bf071a41,D.Va,0,3,1426
345,404,remech_charged,682.87,T_4407b417,P_bf071a41,D.Va,0,5,1426
346,404,remech_charged,860.12,T_4407b417,P_bf071a41,D.Va,0,7,1426
354,408,remech_charged,156.68,T_f5419237,P_2bfbdde1,D.Va,0,2,1441
355,408,remech_charged,201.13,T_f5419237,P_2bfbdde1,D.Va,0,4,1441
356,408,remech_charged,228.88,T_f5419237,P_2bfbdde1,D.Va,0,2,1445
357,417,remech_charged,496.53,T_5568bd9d,P_8fd2ec67,D.Va,0,5,1486
358,417,remech_charged,682.83,T_5568bd9d,P_8fd2ec67,D.Va,0,7,1486
359,417,remech_charged,722.23,T_5568bd9d,P_8fd2ec67,D.Va,0,5,1488
360,417,remech_charged,86.22,T_5568bd9d,P_8fd2ec67,D.Va,0,2,1489
361,418,remech_charged,178.3,T_5568bd9d,P_66f6b315,D.Va,0,2,1492
362,418,remech_charged,359.77,T_5568bd9d,P_66f6b315,D.Va,0,4,1492
363,418,remech_charged,548.91,T_5568bd9d,P_66f6b315,D.Va,0,6,1492
364,418,remech_charged,760.6,T_5568bd9d,P_66f6b315,D.Va,0,8,1492
365,418,remech_charged,863.45,T_5568bd9d,P_66f6b315,D.Va,0,10,1492
366,419,remech_charged,42.48,T_e9654697,P_1de66280,D.Va,0,1,1495
367,419,remech_charged,125.91,T_e9654697,P_1de66280,D.Va,0,3,1495
368,419,remech_charged,174.28,T_e9654697,P_1de66280,D.Va,0,4,1495
369,419,remech_charged,447.82,T_0ff7da8a,P_f65b6b44,D.Va,0,2,1499
370,419,remech_charged,448.35,T_e9654697,P_1de66280,D.Va,0,3,1500
371,419,remech_charged,622.2,T_e9654697,P_1de66280,D.Va,0,5,1500
372,419,remech_charged,635.2,T_e9654697,P_1de66280,D.Va,0,7,1500
373,419,remech_charged,769.59,T_e9654697,P_1de66280,D.Va,0,9,1500
374,419,remech_charged,795.86,T_e9654697,P_1de66280,D.Va,0,10,1500
375,421,remech_charged,355.33,T_5568bd9d,P_1f6fe584,D.Va,0,2,1508
376,421,remech_charged,410.47,T_5568bd9d,P_1f6fe584,D.Va,0,4,1508
377,421,remech_charged,747.95,T_5568bd9d,P_1f6fe584,D.Va,0,6,1508
378,421,remech_charged,181.7,T_5568bd9d,P_1f6fe584,D.Va,0,2,1510
379,421,remech_charged,223.04,T_5568bd9d,P_1f6fe584,D.Va,0,4,1510
380,421,remech_charged,302.65,T_5568bd9d,P_1f6fe584,D.Va,0,6,1510
381,421,remech_charged,594.67,T_5568bd9d,P_1f6fe584,D.Va,0,3,1511
382,421,remech_charged,678,T_5568bd9d,P_1f6fe584,D.Va,0,5,1511
386,426,remech_charged,328.64,T_107b38a8,P_f4d3ce08,D.Va,0,2,1529
387,426,remech_charged,640.49,T_107b38a8,P_f4d3ce08,D.Va,0,4,1529
388,429,remech_charged,922.08,T_a06a679c,P_d7081854,D.Va,0,4,1549
389,429,remech_charged,162.57,T_a06a679c,P_d7081854,D.Va,0,2,1550
390,429,remech_charged,343.19,T_a06a679c,P_d7081854,D.Va,0,4,1550
392,430,remech_charged,606.41,T_5568bd9d,P_9358f7d7,D.Va,0,4,1557
394,433,remech_charged,242.36,T_5568bd9d,P_1f6fe584,D.Va,0,2,1574
395,433,remech_charged,328.3,T_5568bd9d,P_1f6fe584,D.Va,0,4,1574
396,433,remech_charged,503.84,T_5568bd9d,P_1f6fe584,D.Va,0,6,1574
397,433,remech_charged,600.14,T_5568bd9d,P_1f6fe584,D.Va,0,8,1574
398,433,remech_charged,844.74,T_5568bd9d,P_1f6fe584,D.Va,0,10,1574
399,433,remech_charged,55.77,T_5568bd9d,P_1f6fe584,D.Va,0,1,1576
400,433,remech_charged,222.99,T_5568bd9d,P_1f6fe584,D.Va,0,3,1576
401,433,remech_charged,333.23,T_5568bd9d,P_1f6fe584,D.Va,0,5,1576
402,433,remech_charged,373.01,T_5568bd9d,P_1f6fe584,D.Va,0,7,1576
403,433,remech_charged,470.42,T_5568bd9d,P_1f6fe584,D.Va,0,9,1576
404,433,remech_charged,524.24,T_5568bd9d,P_1f6fe584,D.Va,0,11,1576
405,437,remech_charged,649.24,T_5568bd9d,P_c322036a,D.Va,0,4,1601
406,452,remech_charged,431.54,T_5568bd9d,P_cea9a24c,D.Va,0,2,1633
407,452,remech_charged,562.65,T_5568bd9d,P_cea9a24c,D.Va,0,4,1633
408,452,remech_charged,594.22,T_5568bd9d,P_cea9a24c,D.Va,0,6,1633
409,452,remech_charged,250.35,T_5568bd9d,P_cea9a24c,D.Va,0,2,1636
410,452,remech_charged,411.01,T_5568bd9d,P_cea9a24c,D.Va,0,4,1636
411,452,remech_charged,522.77,T_5568bd9d,P_cea9a24c,D.Va,0,6,1636
412,453,remech_charged,546.01,T_a02bf5e9,P_57745b4b,D.Va,0,2,1640
413,453,remech_charged,563.79,T_a02bf5e9,P_57745b4b,D.Va,0,3,1640
419,454,remech_charged,414.72,T_5568bd9d,P_cea9a24c,D.Va,0,2,1648
420,454,remech_charged,490.94,T_5568bd9d,P_cea9a24c,D.Va,0,4,1648
421,454,remech_charged,538.49,T_5568bd9d,P_cea9a24c,D.Va,0,6,1648
422,455,remech_charged,99.64,T_5568bd9d,P_0f66b5ed,D.Va,0,1,1652
423,455,remech_charged,147.34,T_5568bd9d,P_0f66b5ed,D.Va,0,3,1652
424,455,remech_charged,389.79,T_5568bd9d,P_0f66b5ed,D.Va,0,6,1652
425,454,remech_charged,189.36,T_5568bd9d,P_cea9a24c,D.Va,0,2,1656
426,454,remech_charged,354.21,T_5568bd9d,P_cea9a24c,D.Va,0,4,1656
427,454,remech_charged,432.03,T_5568bd9d,P_cea9a24c,D.Va,0,6,1656
428,454,remech_charged,560.69,T_5568bd9d,P_cea9a24c,D.Va,0,8,1656
430,460,remech_charged,90.76,T_5568bd9d,P_1f6fe584,D.Va,0,1,1683
431,460,remech_charged,63.53,T_a02bf5e9,P_1f6fe584,D.Va,0,1,1685
432,469,remech_charged,503.29,T_5568bd9d,P_1f6fe584,D.Va,0,3,1704
433,469,remech_charged,195.22,T_5568bd9d,P_1f6fe584,D.Va,0,2,1707
434,469,remech_charged,281.33,T_5568bd9d,P_1f6fe584,D.Va,0,4,1707
435,469,remech_charged,479.4,T_a02bf5e9,P_7b9f6961,D.Va,0,4,1707
436,469,remech_charged,790.24,T_a02bf5e9,P_7b9f6961,D.Va,0,7,1707
437,470,remech_charged,117.02,T_5568bd9d,P_063266d2,D.Va,0,2,1709
438,470,remech_charged,193.36,T_5568bd9d,P_063266d2,D.Va,0,4,1709
439,470,remech_charged,403.09,T_5568bd9d,P_063266d2,D.Va,0,6,1709
440,470,remech_charged,774.36,T_5568bd9d,P_063266d2,D.Va,0,8,1709
441,470,remech_charged,887.96,T_5568bd9d,P_063266d2,D.Va,0,10,1709
442,470,remech_charged,938.06,T_5568bd9d,P_063266d2,D.Va,0,12,1709
443,471,remech_charged,150.48,T_f5419237,P_d239eb04,D.Va,0,2,1723
444,471,remech_charged,219.9,T_f5419237,P_d239eb04,D.Va,0,3,1723
445,471,remech_charged,424.04,T_f5419237,P_d239eb04,D.Va,0,6,1723
446,471,remech_charged,535.58,T_f5419237,P_d239eb04,D.Va,0,8,1723
447,471,remech_charged,668.08,T_f5419237,P_d239eb04,D.Va,0,10,1723
450,487,remech_charged,344.06,T_a02bf5e9,P_cf633bc5,D.Va,0,3,1780
451,487,remech_charged,398.61,T_a02bf5e9,P_cf633bc5,D.Va,0,5,1780
452,487,remech_charged,427.05,T_a02bf5e9,P_cf633bc5,D.Va,0,7,1780
453,487,remech_charged,491.29,T_a02bf5e9,P_cf633bc5,D.Va,0,8,1780
454,486,remech_charged,256.65,T_1ec23147,P_ac667ec6,D.Va,0,2,1781
455,486,remech_charged,527.33,T_1ec23147,P_ac667ec6,D.Va,0,4,1781
456,486,remech_charged,711.93,T_1ec23147,P_ac667ec6,D.Va,0,6,1781
457,487,remech_charged,192.28,T_a02bf5e9,P_cf633bc5,D.Va,0,2,1784
458,487,remech_charged,281,T_a02bf5e9,P_cf633bc5,D.Va,0,4,1784
459,487,remech_charged,724.16,T_a02bf5e9,P_cf633bc5,D.Va,0,7,1784
460,487,remech_charged,824.48,T_a02bf5e9,P_cf633bc5,D.Va,0,8,1784
461,487,remech_charged,844.77,T_a02bf5e9,P_cf633bc5,D.Va,0,10,1784
462,486,remech_charged,265.11,T_1ec23147,P_ac667ec6,D.Va,0,2,1785
463,486,remech_charged,394.72,T_1ec23147,P_ac667ec6,D.Va,0,4,1785
464,486,remech_charged,633.02,T_1ec23147,P_ac667ec6,D.Va,0,6,1785
465,494,remech_charged,298.58,T_967fa57b,P_1f6fe584,D.Va,0,2,1820
466,494,remech_charged,372.54,T_967fa57b,P_1f6fe584,D.Va,0,4,1820
467,494,remech_charged,402.27,T_967fa57b,P_1f6fe584,D.Va,0,5,1820
468,494,remech_charged,153.32,T_967fa57b,P_1f6fe584,D.Va,0,2,1821
469,494,remech_charged,310.19,T_967fa57b,P_1f6fe584,D.Va,0,4,1821
470,494,remech_charged,368.64,T_967fa57b,P_1f6fe584,D.Va,0,6,1821
471,494,remech_charged,721.83,T_967fa57b,P_1f6fe584,D.Va,0,6,1825
472,495,remech_charged,71.55,T_b7e00eb0,P_ef1e2905,D.Va,0,2,1827
473,495,remech_charged,133.71,T_b92f091c,P_063266d2,D.Va,0,1,1827
474,495,remech_charged,186.79,T_b92f091c,P_063266d2,D.Va,0,3,1827
475,495,remech_charged,193.86,T_b7e00eb0,P_ef1e2905,D.Va,0,4,1827
476,495,remech_charged,229.83,T_b7e00eb0,P_ef1e2905,D.Va,0,6,1827
477,495,remech_charged,290.51,T_b7e00eb0,P_ef1e2905,D.Va,0,7,1827
478,495,remech_charged,364.33,T_b7e00eb0,P_ef1e2905,D.Va,0,9,1827
479,495,remech_charged,380.22,T_b92f091c,P_063266d2,D.Va,0,5,1827
480,495,remech_charged,608.6,T_b7e00eb0,P_ef1e2905,D.Va,0,11,1827
481,495,remech_charged,716.18,T_b7e00eb0,P_ef1e2905,D.Va,0,12,1827
482,495,remech_charged,776.93,T_b7e00eb0,P_ef1e2905,D.Va,0,14,1827
483,495,remech_charged,943.47,T_b7e00eb0,P_ef1e2905,D.Va,0,16,1827
484,495,remech_charged,984.9,T_b7e00eb0,P_ef1e2905,D.Va,0,17,1827
485,501,remech_charged,533.57,T_967fa57b,P_1f6fe584,D.Va,0,4,1837
486,501,remech_charged,617.78,T_967fa57b,P_1f6fe584,D.Va,0,6,1837
487,501,remech_charged,178.65,T_967fa57b,P_1f6fe584,D.Va,0,2,1838
488,501,remech_charged,141.52,T_967fa57b,P_1f6fe584,D.Va,0,1,1843
489,501,remech_charged,213.64,T_967fa57b,P_1f6fe584,D.Va,0,3,1843
492,502,remech_charged,533.57,T_967fa57b,P_1f6fe584,D.Va,0,4,1846
493,502,remech_charged,617.78,T_967fa57b,P_1f6fe584,D.Va,0,6,1846
497,503,remech_charged,852.82,T_f5419237,P_2bfbdde1,D.Va,0,6,1858
501,508,remech_charged,125.96,T_06ca9822,P_750dc144,D.Va,0,2,1874
502,508,remech_charged,170.71,T_06ca9822,P_750dc144,D.Va,0,3,1874
508,513,remech_charged,136.57,T_f89d2836,P_b7084e6a,D.Va,0,2,1895
509,513,remech_charged,271.96,T_f89d2836,P_b7084e6a,D.Va,0,4,1895
510,528,remech_charged,378.28,T_5568bd9d,P_c65e98be,D.Va,0,3,1965
511,536,remech_charged,173.9,T_a02bf5e9,P_6ca8b1c5,D.Va,0,2,1998
512,536,remech_charged,439.56,T_5568bd9d,P_063266d2,D.Va,0,4,1998
513,536,remech_charged,152.53,T_a02bf5e9,P_6ca8b1c5,D.Va,0,2,2000
514,536,remech_charged,289.43,T_a02bf5e9,P_6ca8b1c5,D.Va,0,3,2000
515,536,remech_charged,326.45,T_a02bf5e9,P_6ca8b1c5,D.Va,0,5,2000
516,536,remech_charged,349.38,T_5568bd9d,P_063266d2,D.Va,0,2,2000
517,536,remech_charged,490.67,T_5568bd9d,P_063266d2,D.Va,0,3,2000
518,536,remech_charged,674.36,T_5568bd9d,P_063266d2,D.Va,0,5,2000
519,536,remech_charged,721.19,T_5568bd9d,P_063266d2,D.Va,0,6,2000
520,538,remech_charged,119.93,T_55d8644d,P_1f6fe584,D.Va,0,1,2014
523,545,remech_charged,204.62,T_5568bd9d,P_6c73460e,D.Va,0,2,2048
524,545,remech_charged,352.77,T_5568bd9d,P_6c73460e,D.Va,0,4,2048
525,547,remech_charged,132.88,T_5568bd9d,P_e5416907,D.Va,0,2,2064
526,547,remech_charged,364.25,T_5568bd9d,P_e5416907,D.Va,0,3,2064
527,547,remech_charged,417.22,T_5568bd9d,P_e5416907,D.Va,0,5,2064
528,549,remech_charged,869.08,T_5568bd9d,P_063266d2,D.Va,0,8,2068
533,563,remech_charged,132.88,T_5568bd9d,P_e5416907,D.Va,0,2,2104
534,563,remech_charged,364.25,T_5568bd9d,P_e5416907,D.Va,0,3,2104
535,563,remech_charged,417.22,T_5568bd9d,P_e5416907,D.Va,0,5,2104
536,564,remech_charged,295.98,T_bfd8a0de,P_f9362958,D.Va,0,2,2106
537,564,remech_charged,613.34,T_bfd8a0de,P_f9362958,D.Va,0,5,2106
540,568,remech_charged,198.23,T_a02bf5e9,P_0366ed55,D.Va,0,2,2129
541,568,remech_charged,268.21,T_a02bf5e9,P_0366ed55,D.Va,0,3,2129
542,568,remech_charged,687.46,T_a02bf5e9,P_f37068a2,D.Va,0,5,2136
552,576,remech_charged,325.77,T_6693c46d,P_2be50ced,D.Va,0,2,2172
553,576,remech_charged,466.76,T_6693c46d,P_2be50ced,D.Va,0,4,2172
554,576,remech_charged,713.98,T_6693c46d,P_2be50ced,D.Va,0,6,2172
555,577,remech_charged,411.14,T_9132db8b,P_07fbe5c9,D.Va,0,3,2177
556,577,remech_charged,499.85,T_9132db8b,P_07fbe5c9,D.Va,0,5,2177
557,581,remech_charged,333.59,T_3e0bb6bb,P_5dfca063,D.Va,0,3,2192
558,581,remech_charged,680.78,T_3e0bb6bb,P_5dfca063,D.Va,0,6,2192
559,581,remech_charged,225.62,T_3e0bb6bb,P_5dfca063,D.Va,0,2,2195
560,581,remech_charged,517.27,T_3e0bb6bb,P_5dfca063,D.Va,0,4,2195
561,581,remech_charged,616.89,T_3e0bb6bb,P_5dfca063,D.Va,0,5,2195
562,582,remech_charged,123.9,T_5568bd9d,P_063266d2,D.Va,0,1,2198
563,582,remech_charged,147.43,T_5568bd9d,P_063266d2,D.Va,0,3,2198
564,582,remech_charged,345.96,T_5568bd9d,P_063266d2,D.Va,0,5,2198
565,582,remech_charged,533.66,T_5568bd9d,P_063266d2,D.Va,0,7,2198
566,582,remech_charged,644.16,T_5568bd9d,P_063266d2,D.Va,0,9,2198
567,533,remech_charged,553.88,T_6f1da461,P_66f6b315,D.Va,0,4,2244
568,607,remech_charged,154.48,T_78387d52,P_8ce8687a,D.Va,0,1,2249
569,607,remech_charged,200.52,T_78387d52,P_8ce8687a,D.Va,0,3,2249
570,607,remech_charged,244.76,T_78387d52,P_8ce8687a,D.Va,0,4,2249
571,608,remech_charged,553.88,T_6f1da461,P_66f6b315,D.Va,0,4,2252
572,609,remech_charged,211.19,T_a02bf5e9,P_180980c7,D.Va,0,2,2257
573,609,remech_charged,314.03,T_a02bf5e9,P_180980c7,D.Va,0,3,2257
574,609,remech_charged,361.42,T_a02bf5e9,P_180980c7,D.Va,0,5,2257
575,609,remech_charged,600.63,T_a02bf5e9,P_180980c7,D.Va,0,7,2257
576,609,remech_charged,746.67,T_a02bf5e9,P_180980c7,D.Va,0,9,2257
577,609,remech_charged,903.32,T_a02bf5e9,P_180980c7,D.Va,0,11,2257
578,609,remech_charged,303.46,T_a02bf5e9,P_180980c7,D.Va,0,2,2258
579,609,remech_charged,404.13,T_a02bf5e9,P_180980c7,D.Va,0,4,2258
580,609,remech_charged,635.41,T_a02bf5e9,P_180980c7,D.Va,0,6,2258
581,609,remech_charged,813.96,T_a02bf5e9,P_180980c7,D.Va,0,8,2258
582,613,remech_charged,66.86,T_a02bf5e9,P_dd2cbfdb,D.Va,0,1,2274
583,615,remech_charged,167.98,T_5568bd9d,P_063266d2,D.Va,0,2,2279
584,615,remech_charged,413.85,T_5568bd9d,P_063266d2,D.Va,0,4,2279
585,617,remech_charged,175.24,T_a02bf5e9,P_e50894ee,D.Va,0,2,2291
586,619,remech_charged,626.51,T_a02bf5e9,P_f695116a,D.Va,0,2,2302
587,619,remech_charged,657.06,T_a02bf5e9,P_f695116a,D.Va,0,3,2302
588,619,remech_charged,734.15,T_e5823043,P_f695116a,D.Va,0,3,2303
589,619,remech_charged,760.84,T_e5823043,P_f695116a,D.Va,0,5,2303
590,621,remech_charged,419.32,T_0cac1da9,P_2be50ced,D.Va,0,3,2313
591,621,remech_charged,490.43,T_342d2e4b,P_0dec2868,D.Va,0,3,2317
592,622,remech_charged,468.06,T_0cac1da9,P_2be50ced,D.Va,0,3,2322
593,622,remech_charged,703.79,T_f65c9ba1,P_dcb12144,D.Va,0,5,2322
594,622,remech_charged,734.08,T_f65c9ba1,P_dcb12144,D.Va,0,7,2322
616,631,remech_charged,150.56,T_fb0b0a39,P_38a3528e,D.Va,0,2,2382
617,631,remech_charged,224.3,T_1e658c0a,P_ab7fc22e,D.Va,0,2,2382
619,632,remech_charged,139.31,T_b92f091c,P_063266d2,D.Va,0,2,2390
620,632,remech_charged,243.91,T_b92f091c,P_063266d2,D.Va,0,4,2390
621,632,remech_charged,138.37,T_b92f091c,P_063266d2,D.Va,0,2,2391
622,632,remech_charged,338.28,T_b92f091c,P_063266d2,D.Va,0,4,2391
623,632,remech_charged,619.92,T_b92f091c,P_063266d2,D.Va,0,7,2391
624,642,remech_charged,633.14,T_0cac1da9,P_2be50ced,D.Va,0,6,2410
625,645,remech_charged,228.58,T_5568bd9d,P_98c9e478,D.Va,0,2,2429
626,645,remech_charged,276,T_5568bd9d,P_98c9e478,D.Va,0,2,2430
627,645,remech_charged,428.16,T_5568bd9d,P_98c9e478,D.Va,0,4,2430
628,645,remech_charged,544.79,T_a02bf5e9,P_0f66b5ed,D.Va,0,4,2430
629,645,remech_charged,316.34,T_a02bf5e9,P_0f66b5ed,D.Va,0,2,2431
630,645,remech_charged,404.13,T_5568bd9d,P_98c9e478,D.Va,0,4,2431
631,645,remech_charged,463.22,T_a02bf5e9,P_0f66b5ed,D.Va,0,4,2431
632,645,remech_charged,402.82,T_a02bf5e9,P_0f66b5ed,D.Va,0,2,2432
633,645,remech_charged,561.67,T_a02bf5e9,P_0f66b5ed,D.Va,0,4,2432
639,654,remech_charged,89.15,T_0cac1da9,P_2be50ced,D.Va,0,1,2460
640,654,remech_charged,117.69,T_0cac1da9,P_2be50ced,D.Va,0,3,2460
641,654,remech_charged,165.77,T_0cac1da9,P_2be50ced,D.Va,0,4,2460
642,654,remech_charged,229.46,T_0cac1da9,P_2be50ced,D.Va,0,5,2460
643,654,remech_charged,331.9,T_0cac1da9,P_2be50ced,D.Va,0,7,2460
644,654,remech_charged,407.71,T_0cac1da9,P_2be50ced,D.Va,0,8,2460
645,654,remech_charged,611.49,T_0cac1da9,P_2be50ced,D.Va,0,10,2460
646,654,remech_charged,199.57,T_a55c988b,P_92776a01,D.Va,0,1,2462
647,654,remech_charged,276.22,T_0cac1da9,P_2be50ced,D.Va,0,3,2462
648,654,remech_charged,326.76,T_a55c988b,P_92776a01,D.Va,0,3,2462
649,655,remech_charged,144.1,T_0cac1da9,P_2be50ced,D.Va,0,2,2469
650,655,remech_charged,185.36,T_0cac1da9,P_2be50ced,D.Va,0,2,2470
651,656,remech_charged,523.34,T_014a95e2,P_14e5b4cf,D.Va,0,5,2471
652,656,remech_charged,105.18,T_014a95e2,P_14e5b4cf,D.Va,0,1,2472
653,656,remech_charged,118.17,T_014a95e2,P_14e5b4cf,D.Va,0,3,2472
654,656,remech_charged,762.87,T_0cac1da9,P_2be50ced,D.Va,0,5,2475
655,656,remech_charged,840.13,T_0cac1da9,P_2be50ced,D.Va,0,7,2475
656,656,remech_charged,970.13,T_0cac1da9,P_2be50ced,D.Va,0,9,2475
663,664,remech_charged,143.81,T_a3408080,P_1f6fe584,D.Va,0,2,2516
664,664,remech_charged,243.21,T_a3408080,P_1f6fe584,D.Va,0,4,2516
665,664,remech_charged,506.98,T_a3408080,P_1f6fe584,D.Va,0,7,2516
666,664,remech_charged,290.42,T_a3408080,P_1f6fe584,D.Va,0,3,2517
667,664,remech_charged,414.09,T_a3408080,P_1f6fe584,D.Va,0,5,2517
668,664,remech_charged,521.86,T_a3408080,P_1f6fe584,D.Va,0,7,2517
669,664,remech_charged,569.19,T_a3408080,P_1f6fe584,D.Va,0,9,2517
670,664,remech_charged,685.26,T_a3408080,P_1f6fe584,D.Va,0,11,2517
671,664,remech_charged,111.61,T_a3408080,P_1f6fe584,D.Va,0,2,2519
672,664,remech_charged,376.71,T_a3408080,P_1f6fe584,D.Va,0,5,2519
673,664,remech_charged,749.97,T_a3408080,P_1f6fe584,D.Va,0,9,2519
674,664,remech_charged,838.17,T_a3408080,P_1f6fe584,D.Va,0,10,2519
675,664,remech_charged,914.58,T_a3408080,P_1f6fe584,D.Va,0,12,2519
685,666,remech_charged,176.8,T_a02bf5e9,P_41dab37f,D.Va,0,2,2531
691,672,remech_charged,501.65,T_a02bf5e9,P_80ba3b78,D.Va,0,4,2574
692,672,remech_charged,575.44,T_a02bf5e9,P_80ba3b78,D.Va,0,6,2574
693,672,remech_charged,726.36,T_a02bf5e9,P_80ba3b78,D.Va,0,8,2574
694,672,remech_charged,855.46,T_a02bf5e9,P_80ba3b78,D.Va,0,10,2574
695,672,remech_charged,380.41,T_a02bf5e9,P_c5a2358f,D.Va,0,3,2582
696,672,remech_charged,498.59,T_a02bf5e9,P_c5a2358f,D.Va,0,5,2582
697,681,remech_charged,477.29,T_5568bd9d,P_a994815b,D.Va,0,4,2612
698,681,remech_charged,204.81,T_5568bd9d,P_a994815b,D.Va,0,2,2613
699,681,remech_charged,255.63,T_5568bd9d,P_a994815b,D.Va,0,3,2613
700,681,remech_charged,408.87,T_5568bd9d,P_a994815b,D.Va,0,6,2613
701,684,remech_charged,434.19,T_0cac1da9,P_2be50ced,D.Va,0,3,2637
702,684,remech_charged,467.85,T_0cac1da9,P_2be50ced,D.Va,0,5,2637
703,685,remech_charged,540.89,T_fffd4f85,P_ad901cd5,D.Va,0,3,2643
704,685,remech_charged,576.23,T_fffd4f85,P_ad901cd5,D.Va,0,5,2643
705,690,remech_charged,191.7,T_a02bf5e9,P_424a0ce5,D.Va,0,2,2659
706,690,remech_charged,243.75,T_a02bf5e9,P_424a0ce5,D.Va,0,4,2659
707,690,remech_charged,100.67,T_5568bd9d,P_7c40e33d,D.Va,0,2,2661
708,690,remech_charged,307.87,T_5568bd9d,P_7c40e33d,D.Va,0,5,2661
709,690,remech_charged,357.87,T_5568bd9d,P_7c40e33d,D.Va,0,7,2661
710,690,remech_charged,622.77,T_5568bd9d,P_7c40e33d,D.Va,0,10,2661
711,690,remech_charged,698.26,T_5568bd9d,P_7c40e33d,D.Va,0,12,2661
712,691,remech_charged,350.82,T_5568bd9d,P_a994815b,D.Va,0,4,2665
713,691,remech_charged,500.92,T_5568bd9d,P_a994815b,D.Va,0,5,2665
715,691,remech_charged,46.42,T_5568bd9d,P_a994815b,D.Va,0,1,2667
716,691,remech_charged,240.49,T_5568bd9d,P_a994815b,D.Va,0,3,2667
717,693,remech_charged,570.27,T_b44d806b,P_cdd2c6fa,D.Va,0,3,2674
718,693,remech_charged,703.25,T_a3408080,P_1f6fe584,D.Va,0,4,2676
719,702,remech_charged,174.35,T_a3408080,P_1f6fe584,D.Va,0,2,2717
720,702,remech_charged,286.94,T_ec64cb45,P_c322036a,D.Va,0,2,2717
721,702,remech_charged,331.13,T_a3408080,P_1f6fe584,D.Va,0,4,2717
722,702,remech_charged,371.07,T_ec64cb45,P_c322036a,D.Va,0,3,2717
723,702,remech_charged,409.09,T_ec64cb45,P_c322036a,D.Va,0,5,2717
724,702,remech_charged,478.95,T_a3408080,P_1f6fe584,D.Va,0,5,2717
725,702,remech_charged,574.14,T_a3408080,P_1f6fe584,D.Va,0,7,2717
726,702,remech_charged,713.9,T_a3408080,P_1f6fe584,D.Va,0,9,2717
727,702,remech_charged,718.12,T_ec64cb45,P_c322036a,D.Va,0,7,2717
728,702,remech_charged,853.07,T_a3408080,P_1f6fe584,D.Va,0,11,2717
729,702,remech_charged,100.49,T_ec64cb45,P_c322036a,D.Va,0,1,2719
730,702,remech_charged,208.6,T_ec64cb45,P_c322036a,D.Va,0,3,2719
731,702,remech_charged,214.06,T_a3408080,P_1f6fe584,D.Va,0,2,2719
732,702,remech_charged,239.97,T_ec64cb45,P_c322036a,D.Va,0,4,2719
733,702,remech_charged,324.83,T_ec64cb45,P_c322036a,D.Va,0,5,2719
734,702,remech_charged,361.14,T_a3408080,P_1f6fe584,D.Va,0,4,2719
735,702,remech_charged,362.62,T_ec64cb45,P_c322036a,D.Va,0,7,2719
736,702,remech_charged,408.61,T_ec64cb45,P_c322036a,D.Va,0,9,2719
737,702,remech_charged,569.64,T_ec64cb45,P_c322036a,D.Va,0,11,2719
740,707,remech_charged,103.35,T_f89d2836,P_3a46960e,D.Va,0,2,2747
741,707,remech_charged,394.22,T_f89d2836,P_3a46960e,D.Va,0,5,2747
742,708,remech_charged,371.58,T_c65064ab,P_14a87760,D.Va,0,3,2748
743,708,remech_charged,542.33,T_a3408080,P_1f6fe584,D.Va,0,4,2748
744,708,remech_charged,632.14,T_c65064ab,P_14a87760,D.Va,0,6,2748
745,708,remech_charged,659.56,T_a3408080,P_1f6fe584,D.Va,0,6,2748
752,709,remech_charged,422.13,T_a3408080,P_1f6fe584,D.Va,0,3,2753
753,709,remech_charged,478.43,T_a3408080,P_1f6fe584,D.Va,0,5,2753
759,710,remech_charged,395.32,T_5568bd9d,P_14b1563c,D.Va,0,4,2762
760,710,remech_charged,395.32,T_5568bd9d,P_14b1563c,D.Va,0,4,2765
761,715,remech_charged,700.12,T_a02bf5e9,P_ab7fc22e,D.Va,0,5,2767
762,715,remech_charged,711.07,T_5568bd9d,P_a994815b,D.Va,0,4,2767
763,715,remech_charged,762.07,T_a02bf5e9,P_ab7fc22e,D.Va,0,6,2767
764,716,remech_charged,113.34,T_a3408080,P_1f6fe584,D.Va,0,1,2773
765,716,remech_charged,402.47,T_a3408080,P_1f6fe584,D.Va,0,4,2773
766,716,remech_charged,496.03,T_a3408080,P_1f6fe584,D.Va,0,6,2773
767,716,remech_charged,645.54,T_a3408080,P_1f6fe584,D.Va,0,4,2777
768,716,remech_charged,753.48,T_6cd725de,P_b485b77a,D.Va,0,4,2777
769,716,remech_charged,809.75,T_a3408080,P_1f6fe584,D.Va,0,7,2777
780,718,remech_charged,107.96,T_8a528a6a,P_f8acacc0,D.Va,0,2,2784
781,718,remech_charged,126.71,T_a02bf5e9,P_10c75b3a,D.Va,0,1,2784
782,718,remech_charged,178.21,T_a02bf5e9,P_10c75b3a,D.Va,0,3,2784
783,718,remech_charged,233.62,T_8a528a6a,P_f8acacc0,D.Va,0,4,2784
784,718,remech_charged,327.22,T_8a528a6a,P_f8acacc0,D.Va,0,6,2784
785,718,remech_charged,339.08,T_a02bf5e9,P_10c75b3a,D.Va,0,5,2784
786,718,remech_charged,399.27,T_a02bf5e9,P_10c75b3a,D.Va,0,7,2784
787,718,remech_charged,431.13,T_8a528a6a,P_f8acacc0,D.Va,0,8,2784
788,718,remech_charged,555.76,T_a02bf5e9,P_10c75b3a,D.Va,0,9,2784
789,718,remech_charged,607.71,T_a02bf5e9,P_10c75b3a,D.Va,0,10,2784
790,718,remech_charged,677.29,T_8a528a6a,P_f8acacc0,D.Va,0,11,2784
791,718,remech_charged,713.05,T_a02bf5e9,P_10c75b3a,D.Va,0,12,2784
792,718,remech_charged,737.77,T_a02bf5e9,P_10c75b3a,D.Va,0,13,2784
793,718,remech_charged,746.47,T_8a528a6a,P_f8acacc0,D.Va,0,12,2784
794,718,remech_charged,830.52,T_8a528a6a,P_f8acacc0,D.Va,0,14,2784
795,718,remech_charged,841.67,T_a02bf5e9,P_10c75b3a,D.Va,0,15,2784
796,718,remech_charged,866.18,T_a02bf5e9,P_10c75b3a,D.Va,0,17,2784
797,718,remech_charged,129.96,T_a02bf5e9,P_10c75b3a,D.Va,0,2,2785
798,718,remech_charged,132.35,T_8a528a6a,P_f8acacc0,D.Va,0,2,2785
799,718,remech_charged,272.74,T_8a528a6a,P_f8acacc0,D.Va,0,4,2785
800,718,remech_charged,285.49,T_a02bf5e9,P_10c75b3a,D.Va,0,3,2785
801,718,remech_charged,298.03,T_a02bf5e9,P_10c75b3a,D.Va,0,5,2785
802,720,remech_charged,185.54,T_8ce1db6a,P_62ab6c80,D.Va,0,2,2796
803,720,remech_charged,187.01,T_8ce1db6a,P_62ab6c80,D.Va,0,2,2799
804,720,remech_charged,310.41,T_8ce1db6a,P_62ab6c80,D.Va,0,4,2799
805,720,remech_charged,416.02,T_8ce1db6a,P_62ab6c80,D.Va,0,6,2799
810,721,remech_charged,118.67,T_996a74bf,P_7759a3ca,D.Va,0,2,2809
811,721,remech_charged,921.26,T_0cac1da9,P_2be50ced,D.Va,0,6,2809
812,721,remech_charged,971.71,T_0cac1da9,P_2be50ced,D.Va,0,8,2809
813,721,remech_charged,121.47,T_0cac1da9,P_2be50ced,D.Va,0,2,2812
814,721,remech_charged,290.82,T_0cac1da9,P_2be50ced,D.Va,0,4,2812
815,721,remech_charged,395.71,T_0cac1da9,P_2be50ced,D.Va,0,5,2812
816,721,remech_charged,478.37,T_0cac1da9,P_2be50ced,D.Va,0,7,2812
817,725,remech_charged,557.28,T_0cac1da9,P_2be50ced,D.Va,0,3,2817
818,725,remech_charged,679.28,T_0cac1da9,P_2be50ced,D.Va,0,5,2817
819,725,remech_charged,785.49,T_0cac1da9,P_2be50ced,D.Va,0,7,2817
820,725,remech_charged,855.6,T_0cac1da9,P_2be50ced,D.Va,0,9,2817
821,726,remech_charged,506.22,T_e05d462f,P_c0657731,D.Va,0,3,2819
822,727,remech_charged,45.26,T_fb7a2f35,P_d8e86a35,D.Va,0,1,2826
823,727,remech_charged,152.05,T_0cac1da9,P_2be50ced,D.Va,0,2,2828
824,727,remech_charged,259.37,T_0cac1da9,P_2be50ced,D.Va,0,4,2828
825,728,remech_charged,491.16,T_0cac1da9,P_2be50ced,D.Va,0,3,2830
826,728,remech_charged,240.29,T_45d24cb5,P_60874605,D.Va,0,2,2832
827,728,remech_charged,406.51,T_45d24cb5,P_60874605,D.Va,0,4,2832
828,729,remech_charged,46.96,T_45d24cb5,P_b3c35e54,D.Va,0,1,2835
829,729,remech_charged,128.6,T_45d24cb5,P_b3c35e54,D.Va,0,3,2835
830,730,remech_charged,112.99,T_a3408080,P_1f6fe584,D.Va,0,1,2840
831,730,remech_charged,177.47,T_a3408080,P_1f6fe584,D.Va,0,3,2840
832,730,remech_charged,123.82,T_a3408080,P_1f6fe584,D.Va,0,2,2841
833,730,remech_charged,570.17,T_979876f8,P_ce3d722a,D.Va,0,4,2841
835,733,remech_charged,635.82,T_2b55949b,P_91032400,D.Va,0,4,2858
836,734,remech_charged,338.13,T_a02bf5e9,P_dfa42848,D.Va,0,4,2862
837,734,remech_charged,419.89,T_a02bf5e9,P_dfa42848,D.Va,0,6,2862
838,734,remech_charged,167.32,T_a02bf5e9,P_dfa42848,D.Va,0,2,2865
839,734,remech_charged,293,T_a02bf5e9,P_dfa42848,D.Va,0,4,2865
840,734,remech_charged,448.99,T_a02bf5e9,P_dfa42848,D.Va,0,6,2865
841,734,remech_charged,525.2,T_a02bf5e9,P_dfa42848,D.Va,0,8,2865
842,735,remech_charged,389.33,T_8a528a6a,P_f8acacc0,D.Va,0,3,2870
843,735,remech_charged,167.75,T_8a528a6a,P_f8acacc0,D.Va,0,2,2873
844,735,remech_charged,430.84,T_8a528a6a,P_f8acacc0,D.Va,0,4,2873
845,735,remech_charged,849.43,T_8a528a6a,P_f8acacc0,D.Va,0,8,2873
846,735,remech_charged,153.64,T_8a528a6a,P_f8acacc0,D.Va,0,2,2874
847,735,remech_charged,527.12,T_8a528a6a,P_f8acacc0,D.Va,0,6,2874
860,746,remech_charged,309.89,T_6da1ba9e,P_f2b5647e,D.Va,0,3,2892
861,745,remech_charged,190.08,T_8a528a6a,P_f8acacc0,D.Va,0,2,2894
862,745,remech_charged,329.84,T_8a528a6a,P_f8acacc0,D.Va,0,4,2894
863,745,remech_charged,466.25,T_8a528a6a,P_f8acacc0,D.Va,0,6,2894
864,745,remech_charged,608.77,T_8a528a6a,P_f8acacc0,D.Va,0,8,2894
865,745,remech_charged,771.92,T_8a528a6a,P_f8acacc0,D.Va,0,10,2894
866,745,remech_charged,154.31,T_8a528a6a,P_f8acacc0,D.Va,0,2,2896
867,745,remech_charged,373.42,T_8a528a6a,P_f8acacc0,D.Va,0,5,2896
868,745,remech_charged,190.08,T_8a528a6a,P_f8acacc0,D.Va,0,2,2898
869,745,remech_charged,329.84,T_8a528a6a,P_f8acacc0,D.Va,0,4,2898
870,745,remech_charged,466.25,T_8a528a6a,P_f8acacc0,D.Va,0,6,2898
871,745,remech_charged,608.77,T_8a528a6a,P_f8acacc0,D.Va,0,8,2898
872,745,remech_charged,771.92,T_8a528a6a,P_f8acacc0,D.Va,0,10,2898
874,753,remech_charged,83.1,T_5568bd9d,P_b346e79c,D.Va,0,1,2917
875,753,remech_charged,105.93,T_a02bf5e9,P_0f6ac5b8,D.Va,0,2,2917
876,753,remech_charged,311.77,T_a02bf5e9,P_0f6ac5b8,D.Va,0,4,2917
877,753,remech_charged,318.56,T_5568bd9d,P_b346e79c,D.Va,0,4,2917
878,753,remech_charged,438.33,T_a02bf5e9,P_0f6ac5b8,D.Va,0,6,2917
879,753,remech_charged,442.13,T_5568bd9d,P_b346e79c,D.Va,0,6,2917
880,753,remech_charged,471.23,T_5568bd9d,P_b346e79c,D.Va,0,7,2917
881,753,remech_charged,641.88,T_a02bf5e9,P_0f6ac5b8,D.Va,0,8,2917
882,753,remech_charged,692,T_a02bf5e9,P_0f6ac5b8,D.Va,0,10,2917
883,753,remech_charged,900.91,T_a02bf5e9,P_0f6ac5b8,D.Va,0,12,2917
884,753,remech_charged,39.36,T_a02bf5e9,P_0f6ac5b8,D.Va,0,1,2919
885,753,remech_charged,180.69,T_a02bf5e9,P_0f6ac5b8,D.Va,0,3,2919
886,754,remech_charged,329.29,T_5568bd9d,P_063266d2,D.Va,0,2,2923
887,736,remech_charged,254.44,T_5568bd9d,P_4e0fb35d,D.Va,0,3,2932
888,736,remech_charged,402.98,T_5568bd9d,P_4e0fb35d,D.Va,0,5,2932
889,757,remech_charged,166.34,T_d209c6a4,P_c348fcae,D.Va,0,1,2947
890,757,remech_charged,225.7,T_d209c6a4,P_c348fcae,D.Va,0,3,2947
891,759,remech_charged,120.65,T_5568bd9d,P_a994815b,D.Va,0,1,2950
892,759,remech_charged,265.16,T_7515d286,P_a994815b,D.Va,0,3,2951
893,759,remech_charged,434.15,T_7515d286,P_a994815b,D.Va,0,5,2951
894,759,remech_charged,686.26,T_16309e18,P_b5a9397f,D.Va,0,5,2951
899,761,remech_charged,368.13,T_5568bd9d,P_a994815b,D.Va,0,2,2959
900,761,remech_charged,456.72,T_5568bd9d,P_a994815b,D.Va,0,3,2959
901,761,remech_charged,529.18,T_5568bd9d,P_a994815b,D.Va,0,5,2959
902,761,remech_charged,683.56,T_a02bf5e9,P_6ca8b1c5,D.Va,0,4,2959
903,761,remech_charged,767.53,T_5568bd9d,P_a994815b,D.Va,0,8,2959
904,761,remech_charged,874.73,T_5568bd9d,P_a994815b,D.Va,0,10,2959
905,761,remech_charged,679.92,T_a02bf5e9,P_6ca8b1c5,D.Va,0,4,2960
906,761,remech_charged,338.16,T_5568bd9d,P_a994815b,D.Va,0,3,2961
907,761,remech_charged,399.29,T_5568bd9d,P_a994815b,D.Va,0,4,2961
908,763,remech_charged,394.61,T_2f40a4c4,P_1e8ac7bb,D.Va,0,3,2968
909,763,remech_charged,443.67,T_2f40a4c4,P_1e8ac7bb,D.Va,0,4,2968
910,763,remech_charged,561.17,T_2f40a4c4,P_1e8ac7bb,D.Va,0,6,2968
911,764,remech_charged,138.06,T_5568bd9d,P_4fffac62,D.Va,0,2,2970
912,764,remech_charged,838.19,T_5568bd9d,P_4fffac62,D.Va,0,5,2970
913,764,remech_charged,241.22,T_5568bd9d,P_4fffac62,D.Va,0,2,2973
914,764,remech_charged,374.47,T_5568bd9d,P_4fffac62,D.Va,0,4,2973
915,764,remech_charged,413.41,T_5568bd9d,P_4fffac62,D.Va,0,6,2973
916,764,remech_charged,487.37,T_5568bd9d,P_4fffac62,D.Va,0,8,2973
917,764,remech_charged,700.02,T_5568bd9d,P_4fffac62,D.Va,0,5,2974
918,764,remech_charged,852.61,T_5568bd9d,P_4fffac62,D.Va,0,7,2974
919,767,remech_charged,723.72,T_5568bd9d,P_59d7f4d4,D.Va,0,5,2977
920,767,remech_charged,786.71,T_5568bd9d,P_59d7f4d4,D.Va,0,7,2977
921,768,remech_charged,484.9,T_5568bd9d,P_f65b6b44,D.Va,0,3,2982
922,768,remech_charged,511.89,T_5568bd9d,P_f65b6b44,D.Va,0,4,2982
923,768,remech_charged,159.37,T_a02bf5e9,P_ccd6a30e,D.Va,0,2,2983
924,768,remech_charged,246.71,T_a02bf5e9,P_ccd6a30e,D.Va,0,3,2983
925,768,remech_charged,375.46,T_a02bf5e9,P_ccd6a30e,D.Va,0,5,2983
926,768,remech_charged,489.37,T_a02bf5e9,P_ccd6a30e,D.Va,0,7,2983
927,768,remech_charged,645.42,T_a02bf5e9,P_ccd6a30e,D.Va,0,9,2983
928,768,remech_charged,767.58,T_a02bf5e9,P_ccd6a30e,D.Va,0,11,2983
929,768,remech_charged,874.28,T_a02bf5e9,P_ccd6a30e,D.Va,0,13,2983
930,768,remech_charged,1003.54,T_a02bf5e9,P_ccd6a30e,D.Va,0,15,2983
931,768,remech_charged,1083.5,T_a02bf5e9,P_ccd6a30e,D.Va,0,17,2983
932,771,remech_charged,329.29,T_5568bd9d,P_063266d2,D.Va,0,2,3005
937,775,remech_charged,600.19,T_5568bd9d,P_307e5413,D.Va,0,5,3017
938,775,remech_charged,740.47,T_5568bd9d,P_307e5413,D.Va,0,7,3017
939,776,remech_charged,456.89,T_5568bd9d,P_d984d8a3,D.Va,0,3,3022
940,776,remech_charged,531.87,T_a02bf5e9,P_2c82baa7,D.Va,0,3,3022
941,776,remech_charged,633.89,T_a02bf5e9,P_2c82baa7,D.Va,0,4,3022
942,776,remech_charged,691.57,T_5568bd9d,P_d984d8a3,D.Va,0,5,3022
943,776,remech_charged,81.52,T_5568bd9d,P_d984d8a3,D.Va,0,1,3024
944,776,remech_charged,148.08,T_5568bd9d,P_d984d8a3,D.Va,0,3,3024
945,776,remech_charged,409.21,T_5568bd9d,P_d984d8a3,D.Va,0,5,3024
946,776,remech_charged,498.05,T_5568bd9d,P_d984d8a3,D.Va,0,7,3024
947,776,remech_charged,527.5,T_a02bf5e9,P_2c82baa7,D.Va,0,4,3024
948,776,remech_charged,712.92,T_5568bd9d,P_d984d8a3,D.Va,0,9,3024
949,776,remech_charged,784.79,T_5568bd9d,P_d984d8a3,D.Va,0,10,3024
957,779,remech_charged,166.68,T_a02bf5e9,P_bb043039,D.Va,0,2,3038
958,780,remech_charged,749.75,T_f89d2836,P_3a46960e,D.Va,0,4,3045
959,780,remech_charged,798.63,T_f89d2836,P_3a46960e,D.Va,0,6,3045
960,781,remech_charged,880.87,T_a02bf5e9,P_a75f15f1,D.Va,0,5,3047
961,781,remech_charged,906.57,T_a02bf5e9,P_a75f15f1,D.Va,0,6,3047
962,781,remech_charged,176.16,T_5568bd9d,P_d984d8a3,D.Va,0,2,3048
963,781,remech_charged,195.12,T_a02bf5e9,P_a75f15f1,D.Va,0,2,3048
964,781,remech_charged,804.38,T_a02bf5e9,P_a75f15f1,D.Va,0,5,3048
965,781,remech_charged,198.53,T_5568bd9d,P_d984d8a3,D.Va,0,2,3049
966,781,remech_charged,307.01,T_5568bd9d,P_d984d8a3,D.Va,0,4,3049
967,781,remech_charged,420.36,T_5568bd9d,P_d984d8a3,D.Va,0,6,3049
968,781,remech_charged,433.34,T_a02bf5e9,P_a75f15f1,D.Va,0,4,3049
969,781,remech_charged,519.49,T_a02bf5e9,P_a75f15f1,D.Va,0,6,3049
970,781,remech_charged,547.31,T_a02bf5e9,P_a75f15f1,D.Va,0,8,3049
971,781,remech_charged,569.11,T_5568bd9d,P_d984d8a3,D.Va,0,8,3049
972,783,remech_charged,55.36,T_5568bd9d,P_d9dbeaea,D.Va,0,1,3060
973,783,remech_charged,143.66,T_5568bd9d,P_d9dbeaea,D.Va,0,3,3060
974,783,remech_charged,257.54,T_5568bd9d,P_d9dbeaea,D.Va,0,5,3060
975,784,remech_charged,182.91,T_f89d2836,P_3a46960e,D.Va,0,2,3065
976,784,remech_charged,307.76,T_f89d2836,P_3a46960e,D.Va,0,3,3065
977,784,remech_charged,420.84,T_f89d2836,P_3a46960e,D.Va,0,5,3065
978,784,remech_charged,519.1,T_3d8065a6,P_6696ec60,D.Va,0,4,3065
979,784,remech_charged,689.17,T_3d8065a6,P_6696ec60,D.Va,0,6,3065
980,784,remech_charged,797.93,T_3d8065a6,P_6696ec60,D.Va,0,8,3065
981,784,remech_charged,801.54,T_f89d2836,P_3a46960e,D.Va,0,8,3065
982,784,remech_charged,897.89,T_3d8065a6,P_6696ec60,D.Va,0,10,3065
983,784,remech_charged,270.79,T_f89d2836,P_3a46960e,D.Va,0,2,3066
984,784,remech_charged,412.86,T_f89d2836,P_3a46960e,D.Va,0,4,3066
985,785,remech_charged,197.94,T_f89d2836,P_3a46960e,D.Va,0,2,3068
986,785,remech_charged,302.29,T_f89d2836,P_3a46960e,D.Va,0,4,3068
987,785,remech_charged,233.67,T_f89d2836,P_3a46960e,D.Va,0,1,3071
988,785,remech_charged,264.54,T_f89d2836,P_3a46960e,D.Va,0,3,3071
996,786,remech_charged,310.5,T_a02bf5e9,P_253e2e52,D.Va,0,1,3079
997,786,remech_charged,318.26,T_5568bd9d,P_4fffac62,D.Va,0,3,3079
998,786,remech_charged,407.28,T_a02bf5e9,P_253e2e52,D.Va,0,3,3079
999,786,remech_charged,481.79,T_5568bd9d,P_4fffac62,D.Va,0,5,3079
1000,786,remech_charged,497.05,T_a02bf5e9,P_253e2e52,D.Va,0,5,3079
1001,786,remech_charged,565.34,T_5568bd9d,P_4fffac62,D.Va,0,7,3079
1002,786,remech_charged,567.08,T_a02bf5e9,P_253e2e52,D.Va,0,6,3079
1003,790,remech_charged,684.39,T_f89d2836,P_3a46960e,D.Va,0,5,3090
1004,790,remech_charged,807.58,T_f89d2836,P_3a46960e,D.Va,0,7,3090
1005,790,remech_charged,132.4,T_f89d2836,P_3a46960e,D.Va,0,2,3092
1011,792,remech_charged,191.59,T_f89d2836,P_3a46960e,D.Va,0,2,3102
1012,792,remech_charged,310.12,T_f89d2836,P_3a46960e,D.Va,0,4,3102
1013,792,remech_charged,570.72,T_88fa9b2f,P_b37f3380,D.Va,0,4,3102
1014,792,remech_charged,111.27,T_f89d2836,P_3a46960e,D.Va,0,2,3103
1015,792,remech_charged,380.85,T_f89d2836,P_3a46960e,D.Va,0,4,3103
1016,792,remech_charged,526.65,T_f89d2836,P_3a46960e,D.Va,0,6,3103
1017,792,remech_charged,630.07,T_f89d2836,P_3a46960e,D.Va,0,8,3103
1018,793,remech_charged,300.23,T_a02bf5e9,P_ee21f7d8,D.Va,0,3,3106
1019,793,remech_charged,348.87,T_a02bf5e9,P_ee21f7d8,D.Va,0,4,3106
1020,793,remech_charged,507.31,T_a02bf5e9,P_ee21f7d8,D.Va,0,6,3106
1021,793,remech_charged,519.98,T_5568bd9d,P_932876fe,D.Va,0,3,3106
1022,793,remech_charged,558.83,T_5568bd9d,P_932876fe,D.Va,0,5,3106
1023,793,remech_charged,604.28,T_a02bf5e9,P_ee21f7d8,D.Va,0,8,3106
1024,793,remech_charged,607.96,T_5568bd9d,P_932876fe,D.Va,0,7,3106
1025,793,remech_charged,696.98,T_5568bd9d,P_932876fe,D.Va,0,9,3106
1044,793,remech_charged,156.2,T_a02bf5e9,P_ee21f7d8,D.Va,0,2,3108
1050,793,remech_charged,394.12,T_a02bf5e9,P_ee21f7d8,D.Va,0,3,3111
1051,793,remech_charged,669.61,T_a02bf5e9,P_ee21f7d8,D.Va,0,5,3111
1052,794,remech_charged,481.94,T_f89d2836,P_3a46960e,D.Va,0,4,3112
1054,794,remech_charged,586.66,T_f89d2836,P_3a46960e,D.Va,0,3,3116
1055,795,remech_charged,442.12,T_a02bf5e9,P_60a4470d,D.Va,0,4,3118
1056,795,remech_charged,515.34,T_a02bf5e9,P_60a4470d,D.Va,0,5,3118
1057,1703,remech_charged,132.88,T_5568bd9d,P_e5416907,D.Va,0,2,3123
1058,1703,remech_charged,364.25,T_5568bd9d,P_e5416907,D.Va,0,3,3123
1059,1703,remech_charged,417.22,T_5568bd9d,P_e5416907,D.Va,0,5,3123
1060,797,remech_charged,270.93,T_5568bd9d,P_d984d8a3,D.Va,0,2,3136
1061,797,remech_charged,388.89,T_5568bd9d,P_d984d8a3,D.Va,0,4,3136
1062,797,remech_charged,500.73,T_5568bd9d,P_d984d8a3,D.Va,0,6,3136
1063,797,remech_charged,616.78,T_5568bd9d,P_d984d8a3,D.Va,0,4,3140
1068,799,remech_charged,375.21,T_0cac1da9,P_2be50ced,D.Va,0,2,3147
1069,799,remech_charged,473.6,T_0cac1da9,P_2be50ced,D.Va,0,4,3147
1074,800,remech_charged,375.21,T_0cac1da9,P_2be50ced,D.Va,0,2,3153
1075,800,remech_charged,473.6,T_0cac1da9,P_2be50ced,D.Va,0,4,3153
1076,802,remech_charged,808.77,T_0cac1da9,P_2be50ced,D.Va,0,7,3154
1078,801,remech_charged,733.6,T_0cac1da9,P_2be50ced,D.Va,0,6,3161
1079,806,remech_charged,453.49,T_41345007,P_3686071f,D.Va,0,3,3165
1080,806,remech_charged,456.18,T_aefb449f,P_e9d6682a,D.Va,0,4,3169
1081,806,remech_charged,161.56,T_aefb449f,P_e9d6682a,D.Va,0,2,3171
1082,806,remech_charged,372.4,T_aefb449f,P_e9d6682a,D.Va,0,5,3171
1083,806,remech_charged,464.35,T_aefb449f,P_e9d6682a,D.Va,0,7,3171
1084,807,remech_charged,78.53,T_a02bf5e9,P_5e11b2e2,D.Va,0,1,3172
1086,807,remech_charged,200.04,T_0cac1da9,P_2be50ced,D.Va,0,2,3177
1087,808,remech_charged,399.73,T_7e4eb8f8,P_ba3f2bd5,D.Va,0,3,3178
1088,808,remech_charged,458.89,T_0cac1da9,P_2be50ced,D.Va,0,4,3178
1089,808,remech_charged,468.85,T_7e4eb8f8,P_ba3f2bd5,D.Va,0,5,3178
1093,809,remech_charged,368.77,T_a02bf5e9,P_fd2f21a4,D.Va,0,3,3185
1094,809,remech_charged,633.27,T_a02bf5e9,P_fd2f21a4,D.Va,0,4,3185
1095,809,remech_charged,160.5,T_118b16fa,P_fd2f21a4,D.Va,0,1,3186
1096,809,remech_charged,406.81,T_118b16fa,P_fd2f21a4,D.Va,0,4,3186
1097,809,remech_charged,659.84,T_118b16fa,P_fd2f21a4,D.Va,0,6,3186
1098,811,remech_charged,46.24,T_5568bd9d,P_3981f701,D.Va,0,1,3201
1099,811,remech_charged,63.82,T_a02bf5e9,P_bdd84792,D.Va,0,1,3201
1100,811,remech_charged,149.14,T_a02bf5e9,P_bdd84792,D.Va,0,3,3201
1101,811,remech_charged,217.29,T_5568bd9d,P_3981f701,D.Va,0,3,3201
1102,811,remech_charged,354.46,T_5568bd9d,P_3981f701,D.Va,0,5,3201
1103,811,remech_charged,403.47,T_5568bd9d,P_3981f701,D.Va,0,6,3201
1104,811,remech_charged,404.91,T_5568bd9d,P_8c3271b4,D.Va,0,3,3203
1105,813,remech_charged,388.41,T_5568bd9d,P_d984d8a3,D.Va,0,4,3205
1106,813,remech_charged,481.38,T_5568bd9d,P_d984d8a3,D.Va,0,6,3205
1107,813,remech_charged,94.89,T_5568bd9d,P_d984d8a3,D.Va,0,2,3207
1108,813,remech_charged,339.72,T_a02bf5e9,P_4edec932,D.Va,0,2,3207
1109,813,remech_charged,429.22,T_a02bf5e9,P_4edec932,D.Va,0,4,3207
1112,815,remech_charged,103.55,T_a02bf5e9,P_b6fbb622,D.Va,0,1,3216
1113,815,remech_charged,150.26,T_a02bf5e9,P_b6fbb622,D.Va,0,3,3216
1114,815,remech_charged,219.31,T_a02bf5e9,P_b6fbb622,D.Va,0,4,3216
1115,815,remech_charged,273.56,T_a02bf5e9,P_b6fbb622,D.Va,0,5,3216
1116,815,remech_charged,282.14,T_a02bf5e9,P_b6fbb622,D.Va,0,7,3216
1117,815,remech_charged,605.63,T_a02bf5e9,P_b6fbb622,D.Va,0,9,3216
1118,815,remech_charged,623.2,T_a02bf5e9,P_b6fbb622,D.Va,0,11,3216
1119,815,remech_charged,643.8,T_a02bf5e9,P_b6fbb622,D.Va,0,12,3216
1120,816,remech_charged,114.83,T_f89d2836,P_3a46960e,D.Va,0,2,3218
1121,816,remech_charged,306.38,T_f89d2836,P_3a46960e,D.Va,0,4,3218
1122,816,remech_charged,499.74,T_f89d2836,P_3a46960e,D.Va,0,6,3218
1123,816,remech_charged,555.23,T_f89d2836,P_3a46960e,D.Va,0,8,3218
1124,816,remech_charged,763.41,T_f89d2836,P_3a46960e,D.Va,0,10,3218
1125,816,remech_charged,264.51,T_f89d2836,P_3a46960e,D.Va,0,2,3219
1126,816,remech_charged,308.08,T_f89d2836,P_3a46960e,D.Va,0,2,3221
1127,816,remech_charged,480.64,T_f89d2836,P_3a46960e,D.Va,0,4,3221
1128,816,remech_charged,584.81,T_f89d2836,P_3a46960e,D.Va,0,7,3221
1129,817,remech_charged,161.27,T_f89d2836,P_3a46960e,D.Va,0,2,3223
1130,817,remech_charged,369.54,T_f89d2836,P_3a46960e,D.Va,0,4,3223
1133,817,remech_charged,434.29,T_f89d2836,P_3a46960e,D.Va,0,3,3229
1134,818,remech_charged,501.67,T_a02bf5e9,P_e6e45a07,D.Va,0,3,3230
1135,818,remech_charged,119.03,T_5568bd9d,P_a994815b,D.Va,0,2,3231
1136,818,remech_charged,331.06,T_5568bd9d,P_a994815b,D.Va,0,4,3231
1137,818,remech_charged,380.21,T_5568bd9d,P_a994815b,D.Va,0,6,3231
1138,818,remech_charged,380.44,T_a02bf5e9,P_e6e45a07,D.Va,0,2,3234
1140,819,remech_charged,105.6,T_5568bd9d,P_d984d8a3,D.Va,0,2,3243
1141,820,remech_charged,219.05,T_5568bd9d,P_d9dbeaea,D.Va,0,2,3252
1142,820,remech_charged,355.26,T_5568bd9d,P_d9dbeaea,D.Va,0,4,3252
1143,820,remech_charged,396.43,T_a02bf5e9,P_9c46fe01,D.Va,0,3,3252
1147,822,remech_charged,401.96,T_5568bd9d,P_a994815b,D.Va,0,2,3260
1148,822,remech_charged,552.44,T_5568bd9d,P_a994815b,D.Va,0,4,3260
1149,822,remech_charged,644.65,T_a02bf5e9,P_a75f15f1,D.Va,0,4,3260
1150,822,remech_charged,167.98,T_a02bf5e9,P_a75f15f1,D.Va,0,2,3261
1151,822,remech_charged,226.96,T_a02bf5e9,P_a75f15f1,D.Va,0,3,3261
1152,823,remech_charged,300.28,T_f89d2836,P_3a46960e,D.Va,0,2,3265
1153,823,remech_charged,415.87,T_f89d2836,P_3a46960e,D.Va,0,4,3265
1154,823,remech_charged,490.33,T_f89d2836,P_3a46960e,D.Va,0,6,3265
1155,823,remech_charged,653.46,T_f89d2836,P_3a46960e,D.Va,0,8,3265
1156,823,remech_charged,892.05,T_f89d2836,P_3a46960e,D.Va,0,10,3265
1157,823,remech_charged,942.34,T_f89d2836,P_3a46960e,D.Va,0,12,3265
1158,823,remech_charged,170.76,T_f89d2836,P_3a46960e,D.Va,0,2,3267
1159,824,remech_charged,550.5,T_0870238b,P_cf64e663,D.Va,0,2,3269
1160,824,remech_charged,183.54,T_0870238b,P_cf64e663,D.Va,0,1,3272
1161,824,remech_charged,246.12,T_0870238b,P_cf64e663,D.Va,0,2,3272
1162,824,remech_charged,308.58,T_0870238b,P_cf64e663,D.Va,0,4,3272
1163,825,remech_charged,383.33,T_5a16ee7f,P_e393dfb8,D.Va,0,2,3276
1164,825,remech_charged,448.34,T_5a16ee7f,P_e393dfb8,D.Va,0,3,3276
1165,825,remech_charged,518.1,T_5a16ee7f,P_e393dfb8,D.Va,0,5,3276
1166,825,remech_charged,598.44,T_5a16ee7f,P_e393dfb8,D.Va,0,6,3276
1167,826,remech_charged,95.18,T_5568bd9d,P_d984d8a3,D.Va,0,2,3283
1168,826,remech_charged,183.63,T_a02bf5e9,P_7ab6c99f,D.Va,0,2,3283
1169,826,remech_charged,246.35,T_a02bf5e9,P_7ab6c99f,D.Va,0,4,3283
1170,826,remech_charged,419.7,T_a02bf5e9,P_7ab6c99f,D.Va,0,7,3283
1171,826,remech_charged,469.54,T_a02bf5e9,P_7ab6c99f,D.Va,0,9,3283
1172,826,remech_charged,698.68,T_a02bf5e9,P_7ab6c99f,D.Va,0,11,3283
1173,826,remech_charged,818.36,T_a02bf5e9,P_7ab6c99f,D.Va,0,13,3283
1174,828,remech_charged,224.27,T_a02bf5e9,P_9871455a,D.Va,0,2,3300
1175,828,remech_charged,274.81,T_5568bd9d,P_b4041d27,D.Va,0,3,3300
1176,828,remech_charged,317.16,T_a02bf5e9,P_9871455a,D.Va,0,4,3300
1177,828,remech_charged,325.06,T_5568bd9d,P_b4041d27,D.Va,0,4,3300
1178,832,remech_charged,108.39,T_5568bd9d,P_c92a7921,D.Va,0,1,3323
1179,832,remech_charged,145.12,T_5568bd9d,P_c92a7921,D.Va,0,3,3323
1180,832,remech_charged,260.83,T_5568bd9d,P_c92a7921,D.Va,0,5,3323
1181,832,remech_charged,337.12,T_5568bd9d,P_c92a7921,D.Va,0,6,3323
1182,832,remech_charged,414.58,T_5568bd9d,P_c92a7921,D.Va,0,8,3323
1183,832,remech_charged,581.48,T_5568bd9d,P_c92a7921,D.Va,0,10,3323
1184,833,remech_charged,289.49,T_a02bf5e9,P_105c37a6,D.Va,0,3,3329
1185,833,remech_charged,590.92,T_a02bf5e9,P_105c37a6,D.Va,0,5,3329
1186,833,remech_charged,628.79,T_a02bf5e9,P_105c37a6,D.Va,0,7,3329
1187,833,remech_charged,863.25,T_a02bf5e9,P_105c37a6,D.Va,0,9,3329
1188,834,remech_charged,251.02,T_5568bd9d,P_d9dbeaea,D.Va,0,2,3336
1189,834,remech_charged,260.44,T_a02bf5e9,P_fb6ede0a,D.Va,0,2,3336
1190,834,remech_charged,290.49,T_5568bd9d,P_d9dbeaea,D.Va,0,3,3336
1191,834,remech_charged,484.75,T_5568bd9d,P_d9dbeaea,D.Va,0,6,3336
1192,834,remech_charged,638.23,T_a02bf5e9,P_fb6ede0a,D.Va,0,6,3336
1193,834,remech_charged,654.45,T_5568bd9d,P_d9dbeaea,D.Va,0,8,3336
1194,834,remech_charged,665.04,T_a02bf5e9,P_fb6ede0a,D.Va,0,7,3336
1195,834,remech_charged,53.05,T_a02bf5e9,P_a0a60ebf,D.Va,0,1,3339
1196,834,remech_charged,58.59,T_a02bf5e9,P_a0a60ebf,D.Va,0,2,3339
1197,834,remech_charged,145.81,T_a02bf5e9,P_a0a60ebf,D.Va,0,4,3339
1198,834,remech_charged,664.67,T_5568bd9d,P_d9dbeaea,D.Va,0,5,3339
1199,834,remech_charged,784.5,T_5568bd9d,P_d9dbeaea,D.Va,0,7,3339
1200,834,remech_charged,886.07,T_a02bf5e9,P_a0a60ebf,D.Va,0,10,3339
1201,834,remech_charged,163.88,T_a02bf5e9,P_a0a60ebf,D.Va,0,2,3340
1202,834,remech_charged,205.3,T_5568bd9d,P_d9dbeaea,D.Va,0,2,3340
1203,834,remech_charged,295.78,T_5568bd9d,P_d9dbeaea,D.Va,0,3,3340
1204,834,remech_charged,363.46,T_a02bf5e9,P_a0a60ebf,D.Va,0,4,3340
1205,834,remech_charged,368.5,T_5568bd9d,P_d9dbeaea,D.Va,0,5,3340
1206,835,remech_charged,290.23,T_a02bf5e9,P_e50894ee,D.Va,0,3,3345
1207,835,remech_charged,438.8,T_a02bf5e9,P_e50894ee,D.Va,0,5,3351
1208,835,remech_charged,512.35,T_a02bf5e9,P_e50894ee,D.Va,0,6,3351
1209,835,remech_charged,744.89,T_a02bf5e9,P_e50894ee,D.Va,0,9,3351
1212,844,remech_charged,543.43,T_a02bf5e9,P_e2ff5e43,D.Va,0,4,3379
1213,844,remech_charged,769,T_a02bf5e9,P_e2ff5e43,D.Va,0,6,3379
1214,844,remech_charged,178.56,T_a02bf5e9,P_e2ff5e43,D.Va,0,2,3380
1215,844,remech_charged,325.02,T_a02bf5e9,P_e2ff5e43,D.Va,0,4,3380
1216,844,remech_charged,426.9,T_a02bf5e9,P_e2ff5e43,D.Va,0,6,3380
1217,844,remech_charged,559.5,T_a02bf5e9,P_e2ff5e43,D.Va,0,8,3380
1218,845,remech_charged,783.78,T_a02bf5e9,P_189f1741,D.Va,0,5,3385
1219,845,remech_charged,941.2,T_a02bf5e9,P_189f1741,D.Va,0,7,3385
1220,847,remech_charged,114.51,T_574fdbc7,P_f7fdfc4b,D.Va,0,1,3395
1221,847,remech_charged,202.1,T_574fdbc7,P_f7fdfc4b,D.Va,0,3,3395
1222,847,remech_charged,254.08,T_574fdbc7,P_f7fdfc4b,D.Va,0,5,3395
1223,847,remech_charged,342.06,T_574fdbc7,P_cd377a9d,D.Va,0,3,3398
1224,847,remech_charged,130.51,T_574fdbc7,P_f7fdfc4b,D.Va,0,2,3401
1225,849,remech_charged,156.44,T_5568bd9d,P_4fffac62,D.Va,0,2,3409
1226,851,remech_charged,118.49,T_5568bd9d,P_d9dbeaea,D.Va,0,2,3426
1227,851,remech_charged,283.55,T_5568bd9d,P_d9dbeaea,D.Va,0,4,3426
1228,851,remech_charged,421.94,T_5568bd9d,P_d9dbeaea,D.Va,0,6,3426
1229,851,remech_charged,655.27,T_5568bd9d,P_d9dbeaea,D.Va,0,9,3426
1230,851,remech_charged,828.29,T_5568bd9d,P_d9dbeaea,D.Va,0,11,3426
1231,851,remech_charged,924.53,T_5568bd9d,P_d9dbeaea,D.Va,0,13,3426
1232,851,remech_charged,134.62,T_5568bd9d,P_d9dbeaea,D.Va,0,2,3427
1233,851,remech_charged,232.23,T_5568bd9d,P_d9dbeaea,D.Va,0,4,3427
1234,852,remech_charged,118.17,T_a02bf5e9,P_9547094d,D.Va,0,2,3428
1235,852,remech_charged,211.79,T_a02bf5e9,P_9547094d,D.Va,0,4,3428
1236,852,remech_charged,235.62,T_a02bf5e9,P_9547094d,D.Va,0,5,3428
1237,852,remech_charged,545.56,T_a02bf5e9,P_9547094d,D.Va,0,7,3428
1238,852,remech_charged,661.71,T_a02bf5e9,P_9547094d,D.Va,0,9,3428
1239,852,remech_charged,101.66,T_b56b2566,P_9547094d,D.Va,0,1,3429
1240,852,remech_charged,185.67,T_b56b2566,P_9547094d,D.Va,0,3,3429
1241,852,remech_charged,248.49,T_b56b2566,P_9547094d,D.Va,0,5,3429
1242,852,remech_charged,304.14,T_b56b2566,P_9547094d,D.Va,0,7,3429
1243,852,remech_charged,352.51,T_b56b2566,P_9547094d,D.Va,0,9,3429
1244,852,remech_charged,384.71,T_b56b2566,P_9547094d,D.Va,0,11,3429
1245,852,remech_charged,169.87,T_b56b2566,P_9547094d,D.Va,0,2,3430
1246,852,remech_charged,338.93,T_b56b2566,P_9547094d,D.Va,0,3,3430
1247,852,remech_charged,385.79,T_b56b2566,P_9547094d,D.Va,0,5,3430
1248,852,remech_charged,553.25,T_b56b2566,P_9547094d,D.Va,0,7,3430
1249,852,remech_charged,593.1,T_b56b2566,P_9547094d,D.Va,0,9,3430
1250,852,remech_charged,655.8,T_b56b2566,P_9547094d,D.Va,0,11,3430
1251,852,remech_charged,170.73,T_b56b2566,P_9547094d,D.Va,0,2,3431
1252,852,remech_charged,300.96,T_b56b2566,P_9547094d,D.Va,0,4,3431
1253,852,remech_charged,339.59,T_b56b2566,P_9547094d,D.Va,0,6,3431
1254,852,remech_charged,435.07,T_b56b2566,P_9547094d,D.Va,0,8,3431
1255,852,remech_charged,144.61,T_b56b2566,P_9547094d,D.Va,0,2,3432
1256,852,remech_charged,538.68,T_b56b2566,P_9547094d,D.Va,0,4,3433
1257,852,remech_charged,648.37,T_b56b2566,P_9547094d,D.Va,0,6,3433
1258,854,remech_charged,531.38,T_a02bf5e9,P_3a46960e,D.Va,0,3,3440
1259,855,remech_charged,179.65,T_5568bd9d,P_6bed278a,D.Va,0,2,3447
1260,855,remech_charged,561.04,T_5568bd9d,P_6bed278a,D.Va,0,5,3447
1261,855,remech_charged,632.99,T_5568bd9d,P_6bed278a,D.Va,0,7,3447
1262,855,remech_charged,690.01,T_5568bd9d,P_6bed278a,D.Va,0,9,3447
1263,855,remech_charged,156.34,T_a02bf5e9,P_e9558475,D.Va,0,2,3448
1264,855,remech_charged,338.36,T_a02bf5e9,P_e9558475,D.Va,0,4,3448
1265,855,remech_charged,507.98,T_5568bd9d,P_6bed278a,D.Va,0,4,3448
1266,855,remech_charged,663.93,T_5568bd9d,P_6bed278a,D.Va,0,6,3448
1267,855,remech_charged,672.35,T_a02bf5e9,P_e9558475,D.Va,0,7,3448
1268,855,remech_charged,830.38,T_5568bd9d,P_6bed278a,D.Va,0,8,3448
1269,855,remech_charged,839.06,T_a02bf5e9,P_e9558475,D.Va,0,9,3448
1270,855,remech_charged,593.11,T_a02bf5e9,P_e9558475,D.Va,0,3,3449
1271,855,remech_charged,616.8,T_a02bf5e9,P_e9558475,D.Va,0,5,3449
1272,855,remech_charged,830.93,T_5568bd9d,P_6bed278a,D.Va,0,4,3449
1273,855,remech_charged,219.74,T_5568bd9d,P_6bed278a,D.Va,0,2,3450
1274,855,remech_charged,392.93,T_5568bd9d,P_6bed278a,D.Va,0,4,3450
1275,857,remech_charged,497.26,T_9c351c5b,P_9a41c709,D.Va,0,4,3457
1276,857,remech_charged,712.87,T_9c351c5b,P_9a41c709,D.Va,0,6,3457
1277,858,remech_charged,239.85,T_5568bd9d,P_e9558475,D.Va,0,2,3464
1278,858,remech_charged,269.82,T_a02bf5e9,P_b8809733,D.Va,0,2,3464
1279,858,remech_charged,344.62,T_5568bd9d,P_e9558475,D.Va,0,3,3464
1280,858,remech_charged,415.71,T_a02bf5e9,P_b8809733,D.Va,0,4,3464
1281,858,remech_charged,541.1,T_a02bf5e9,P_b8809733,D.Va,0,6,3464
1282,858,remech_charged,622.7,T_a02bf5e9,P_b8809733,D.Va,0,8,3464
1283,858,remech_charged,680.66,T_a02bf5e9,P_b8809733,D.Va,0,10,3464
1284,858,remech_charged,239.33,T_5568bd9d,P_e9558475,D.Va,0,2,3466
1285,858,remech_charged,423.84,T_a02bf5e9,P_b8809733,D.Va,0,3,3466
1286,858,remech_charged,563.82,T_5568bd9d,P_e9558475,D.Va,0,4,3466
1287,858,remech_charged,181.6,T_a02bf5e9,P_b8809733,D.Va,0,2,3467
1288,858,remech_charged,278.05,T_a02bf5e9,P_b8809733,D.Va,0,4,3467
1289,858,remech_charged,411.38,T_a02bf5e9,P_b8809733,D.Va,0,6,3467
1290,858,remech_charged,517.53,T_a02bf5e9,P_b8809733,D.Va,0,8,3467
1291,858,remech_charged,566.42,T_a02bf5e9,P_b8809733,D.Va,0,10,3467
1292,858,remech_charged,619.59,T_5568bd9d,P_e9558475,D.Va,0,4,3467
1298,859,remech_charged,76.52,T_5568bd9d,P_e9558475,D.Va,0,1,3469
1299,859,remech_charged,326.63,T_a02bf5e9,P_91032400,D.Va,0,3,3469
1300,859,remech_charged,341.55,T_5568bd9d,P_e9558475,D.Va,0,3,3469
1301,859,remech_charged,489.89,T_5568bd9d,P_e9558475,D.Va,0,6,3469
1302,859,remech_charged,491.89,T_a02bf5e9,P_91032400,D.Va,0,5,3469
1303,859,remech_charged,322.57,T_5568bd9d,P_e9558475,D.Va,0,3,3471
1304,859,remech_charged,368.76,T_5568bd9d,P_e9558475,D.Va,0,5,3471
1312,860,remech_charged,296.07,T_5568bd9d,P_52837dc5,D.Va,0,3,3473
1313,860,remech_charged,343.86,T_a02bf5e9,P_8edf436c,D.Va,0,3,3473
1314,860,remech_charged,353.14,T_5568bd9d,P_52837dc5,D.Va,0,5,3473
1315,860,remech_charged,444.09,T_a02bf5e9,P_8edf436c,D.Va,0,5,3473
1316,860,remech_charged,488.56,T_5568bd9d,P_52837dc5,D.Va,0,7,3473
1317,860,remech_charged,543.19,T_a02bf5e9,P_8edf436c,D.Va,0,7,3473
1318,860,remech_charged,755.38,T_5568bd9d,P_52837dc5,D.Va,0,10,3473
1321,860,remech_charged,133.76,T_5568bd9d,P_52837dc5,D.Va,0,2,3476
1322,860,remech_charged,264.44,T_5568bd9d,P_52837dc5,D.Va,0,4,3476
1323,860,remech_charged,300.59,T_5568bd9d,P_52837dc5,D.Va,0,6,3476
1324,860,remech_charged,356.11,T_5568bd9d,P_52837dc5,D.Va,0,7,3476
1325,860,remech_charged,444.99,T_5568bd9d,P_52837dc5,D.Va,0,9,3476
1326,860,remech_charged,462.57,T_5568bd9d,P_52837dc5,D.Va,0,11,3476
1327,860,remech_charged,579.52,T_5568bd9d,P_52837dc5,D.Va,0,13,3476
1328,860,remech_charged,703.25,T_5568bd9d,P_52837dc5,D.Va,0,14,3476
1329,860,remech_charged,732.24,T_a02bf5e9,P_5799b87d,D.Va,0,5,3476
1330,860,remech_charged,782.44,T_a02bf5e9,P_5799b87d,D.Va,0,7,3476
1331,860,remech_charged,818.72,T_5568bd9d,P_52837dc5,D.Va,0,16,3476
1332,860,remech_charged,826.86,T_a02bf5e9,P_5799b87d,D.Va,0,9,3476
1333,860,remech_charged,1002.84,T_a02bf5e9,P_5799b87d,D.Va,0,11,3476
1334,860,remech_charged,389.74,T_a02bf5e9,P_4fb7f4bc,D.Va,0,3,3477
1335,863,remech_charged,220.88,T_da38c0e7,P_c5a2358f,D.Va,0,2,3481
1336,863,remech_charged,529.06,T_da38c0e7,P_c5a2358f,D.Va,0,6,3481
1337,864,remech_charged,413.82,T_a02bf5e9,P_c6e987d6,D.Va,0,3,3485
1338,864,remech_charged,492.4,T_5568bd9d,P_c6d0828a,D.Va,0,3,3485
1339,864,remech_charged,635.93,T_5568bd9d,P_c6d0828a,D.Va,0,5,3485
1340,864,remech_charged,654.48,T_a02bf5e9,P_c6e987d6,D.Va,0,5,3485
1341,864,remech_charged,171.44,T_a02bf5e9,P_c6e987d6,D.Va,0,2,3486
1342,863,remech_charged,456.05,T_da38c0e7,P_c5a2358f,D.Va,0,4,3489
1343,863,remech_charged,640.41,T_801994be,P_e5d2fa12,D.Va,0,4,3489
1344,863,remech_charged,730.12,T_da38c0e7,P_c5a2358f,D.Va,0,6,3489
1345,863,remech_charged,842.06,T_801994be,P_e5d2fa12,D.Va,0,6,3489
1346,869,remech_charged,57.73,T_a02bf5e9,P_dc28f1fd,D.Va,0,1,3495
1347,869,remech_charged,145.36,T_a02bf5e9,P_dc28f1fd,D.Va,0,2,3495
1348,869,remech_charged,184.43,T_5568bd9d,P_9358f7d7,D.Va,0,2,3495
1349,869,remech_charged,207.48,T_a02bf5e9,P_dc28f1fd,D.Va,0,4,3495
1350,869,remech_charged,381.05,T_a02bf5e9,P_dc28f1fd,D.Va,0,6,3495
1351,869,remech_charged,466.6,T_a02bf5e9,P_dc28f1fd,D.Va,0,8,3495
1352,869,remech_charged,467.31,T_5568bd9d,P_9358f7d7,D.Va,0,4,3495
1353,869,remech_charged,562.93,T_5568bd9d,P_9358f7d7,D.Va,0,6,3495
1354,869,remech_charged,716.74,T_5568bd9d,P_9358f7d7,D.Va,0,8,3495
1355,869,remech_charged,127.9,T_5568bd9d,P_9358f7d7,D.Va,0,2,3496
1356,869,remech_charged,309.65,T_5568bd9d,P_9358f7d7,D.Va,0,4,3496
1357,869,remech_charged,394.29,T_a02bf5e9,P_dc28f1fd,D.Va,0,3,3496
1358,869,remech_charged,497.99,T_5568bd9d,P_9358f7d7,D.Va,0,6,3496
1359,869,remech_charged,505.48,T_a02bf5e9,P_dc28f1fd,D.Va,0,5,3496
1360,869,remech_charged,678.8,T_a02bf5e9,P_dc28f1fd,D.Va,0,7,3496
1361,869,remech_charged,773.98,T_5568bd9d,P_9358f7d7,D.Va,0,8,3496
1362,869,remech_charged,775.56,T_a02bf5e9,P_dc28f1fd,D.Va,0,9,3496
1363,869,remech_charged,195.46,T_5568bd9d,P_9358f7d7,D.Va,0,2,3497
1364,869,remech_charged,571.39,T_5568bd9d,P_9358f7d7,D.Va,0,4,3497
1365,869,remech_charged,615.26,T_5568bd9d,P_9358f7d7,D.Va,0,6,3497
1366,869,remech_charged,676.9,T_5568bd9d,P_9358f7d7,D.Va,0,8,3497
1367,869,remech_charged,177.23,T_5568bd9d,P_9358f7d7,D.Va,0,2,3498
1368,869,remech_charged,229.35,T_a02bf5e9,P_dc28f1fd,D.Va,0,2,3498
1369,869,remech_charged,285.97,T_a02bf5e9,P_dc28f1fd,D.Va,0,4,3498
1370,869,remech_charged,330.86,T_5568bd9d,P_9358f7d7,D.Va,0,4,3498
1371,869,remech_charged,395.63,T_a02bf5e9,P_dc28f1fd,D.Va,0,6,3498
1372,869,remech_charged,408.03,T_5568bd9d,P_9358f7d7,D.Va,0,6,3498
1373,869,remech_charged,420.7,T_a02bf5e9,P_dc28f1fd,D.Va,0,8,3498
1374,869,remech_charged,442.19,T_a02bf5e9,P_dc28f1fd,D.Va,0,10,3498
1375,869,remech_charged,494.27,T_a02bf5e9,P_dc28f1fd,D.Va,0,11,3498
1376,869,remech_charged,550.31,T_a02bf5e9,P_dc28f1fd,D.Va,0,12,3498
1377,869,remech_charged,118.47,T_5568bd9d,P_9358f7d7,D.Va,0,2,3500
1378,869,remech_charged,174.22,T_a02bf5e9,P_dc28f1fd,D.Va,0,2,3500
1379,869,remech_charged,449.58,T_5568bd9d,P_9358f7d7,D.Va,0,4,3500
1380,869,remech_charged,516.41,T_a02bf5e9,P_dc28f1fd,D.Va,0,4,3500
1381,869,remech_charged,192.72,T_a02bf5e9,P_dc28f1fd,D.Va,0,2,3502
1382,869,remech_charged,203.27,T_5568bd9d,P_9358f7d7,D.Va,0,2,3502
1383,869,remech_charged,333.69,T_5568bd9d,P_9358f7d7,D.Va,0,4,3502
1384,869,remech_charged,428.52,T_5568bd9d,P_9358f7d7,D.Va,0,5,3502
1385,869,remech_charged,485.82,T_5568bd9d,P_9358f7d7,D.Va,0,7,3502
1386,869,remech_charged,604.66,T_a02bf5e9,P_dc28f1fd,D.Va,0,5,3502
1387,869,remech_charged,647.5,T_5568bd9d,P_9358f7d7,D.Va,0,9,3502
1388,869,remech_charged,757.12,T_a02bf5e9,P_dc28f1fd,D.Va,0,7,3502
1389,869,remech_charged,771.24,T_5568bd9d,P_9358f7d7,D.Va,0,11,3502
1390,869,remech_charged,801.67,T_5568bd9d,P_9358f7d7,D.Va,0,13,3502
1391,871,remech_charged,489.87,T_5568bd9d,P_910c78b6,D.Va,0,4,3512
1392,872,remech_charged,293.76,T_5568bd9d,P_52837dc5,D.Va,0,3,3515
1393,872,remech_charged,495.91,T_5568bd9d,P_52837dc5,D.Va,0,5,3515
1394,874,remech_charged,427.34,T_5568bd9d,P_c6d0828a,D.Va,0,3,3521
1395,874,remech_charged,649.65,T_a02bf5e9,P_7547e4a4,D.Va,0,5,3521
1396,874,remech_charged,341.52,T_a02bf5e9,P_7547e4a4,D.Va,0,2,3522
1397,877,remech_charged,264.96,T_78479f5d,P_1f6fe584,D.Va,0,3,3539
1398,877,remech_charged,402.35,T_78479f5d,P_1f6fe584,D.Va,0,5,3539
1399,877,remech_charged,661.12,T_78479f5d,P_1f6fe584,D.Va,0,8,3539
1400,877,remech_charged,522.52,T_78479f5d,P_1f6fe584,D.Va,0,4,3541
1401,877,remech_charged,365.8,T_78479f5d,P_1f6fe584,D.Va,0,2,3543
1402,877,remech_charged,411.11,T_78479f5d,P_1f6fe584,D.Va,0,4,3543
1403,877,remech_charged,584.8,T_78479f5d,P_1f6fe584,D.Va,0,6,3543
1404,877,remech_charged,132.27,T_78479f5d,P_1f6fe584,D.Va,0,2,3545
1405,877,remech_charged,231.04,T_7ff3844e,P_7aebb6dd,D.Va,0,2,3545
1406,877,remech_charged,541.37,T_7ff3844e,P_7aebb6dd,D.Va,0,5,3545
1407,884,remech_charged,95.36,T_a0d3c623,P_84da18c9,D.Va,0,2,3550
1408,884,remech_charged,460.67,T_6877e283,P_f5beb119,D.Va,0,4,3550
1409,884,remech_charged,468.03,T_a0d3c623,P_84da18c9,D.Va,0,5,3550
1410,884,remech_charged,517.48,T_a0d3c623,P_84da18c9,D.Va,0,7,3550
1411,884,remech_charged,623.95,T_6877e283,P_f5beb119,D.Va,0,6,3550
1412,884,remech_charged,51.61,T_a0d3c623,P_84da18c9,D.Va,0,1,3551
1413,884,remech_charged,392.68,T_a0d3c623,P_84da18c9,D.Va,0,4,3551
1414,884,remech_charged,410.89,T_6877e283,P_f5beb119,D.Va,0,2,3551
1415,884,remech_charged,467.62,T_6877e283,P_f5beb119,D.Va,0,4,3551
1416,884,remech_charged,514.46,T_a0d3c623,P_84da18c9,D.Va,0,6,3551
1417,884,remech_charged,718.61,T_a0d3c623,P_84da18c9,D.Va,0,8,3551
1418,884,remech_charged,586.48,T_6877e283,P_f5beb119,D.Va,0,4,3552
1419,884,remech_charged,120.23,T_a0d3c623,P_84da18c9,D.Va,0,2,3554
1423,887,remech_charged,151.43,T_78479f5d,P_1f6fe584,D.Va,0,2,3556
1424,887,remech_charged,328.05,T_78479f5d,P_1f6fe584,D.Va,0,4,3556
1425,887,remech_charged,474.07,T_78479f5d,P_1f6fe584,D.Va,0,6,3556
1426,887,remech_charged,514.09,T_78479f5d,P_1f6fe584,D.Va,0,8,3556
1427,887,remech_charged,618.77,T_78479f5d,P_1f6fe584,D.Va,0,10,3556
1428,887,remech_charged,304.18,T_5568bd9d,P_1f6fe584,D.Va,0,3,3559
1429,887,remech_charged,445.23,T_5568bd9d,P_1f6fe584,D.Va,0,5,3559
1430,888,remech_charged,685.05,T_8329997e,P_84da18c9,D.Va,0,5,3561
1431,888,remech_charged,729.98,T_8329997e,P_84da18c9,D.Va,0,7,3561
1432,888,remech_charged,830.89,T_8329997e,P_84da18c9,D.Va,0,9,3561
1433,888,remech_charged,219.58,T_8329997e,P_84da18c9,D.Va,0,2,3563
1434,888,remech_charged,419.1,T_8329997e,P_84da18c9,D.Va,0,4,3563
1435,888,remech_charged,448.76,T_8329997e,P_84da18c9,D.Va,0,6,3563
1436,888,remech_charged,596.69,T_8329997e,P_84da18c9,D.Va,0,8,3563
1437,888,remech_charged,690.13,T_6877e283,P_ccb13449,D.Va,0,5,3563
1438,888,remech_charged,773.98,T_8329997e,P_84da18c9,D.Va,0,10,3563
1439,888,remech_charged,774.83,T_6877e283,P_ccb13449,D.Va,0,7,3563
1440,888,remech_charged,138.3,T_8329997e,P_84da18c9,D.Va,0,2,3566
1441,888,remech_charged,199.14,T_6877e283,P_ccb13449,D.Va,0,2,3566
1442,888,remech_charged,204.04,T_8329997e,P_84da18c9,D.Va,0,4,3566
1443,888,remech_charged,445.41,T_6877e283,P_ccb13449,D.Va,0,5,3566
1444,888,remech_charged,481.09,T_8329997e,P_84da18c9,D.Va,0,7,3566
1451,533,remech_charged,51.61,T_a0d3c623,P_84da18c9,D.Va,0,1,3572
1452,533,remech_charged,392.68,T_a0d3c623,P_84da18c9,D.Va,0,4,3572
1453,533,remech_charged,410.89,T_6877e283,P_f5beb119,D.Va,0,2,3572
1454,533,remech_charged,467.62,T_6877e283,P_f5beb119,D.Va,0,4,3572
1455,533,remech_charged,514.46,T_a0d3c623,P_84da18c9,D.Va,0,6,3572
1456,533,remech_charged,718.61,T_a0d3c623,P_84da18c9,D.Va,0,8,3572
1457,533,remech_charged,51.61,T_a0d3c623,P_84da18c9,D.Va,0,1,3573
1458,533,remech_charged,392.68,T_a0d3c623,P_84da18c9,D.Va,0,4,3573
1459,533,remech_charged,410.89,T_6877e283,P_f5beb119,D.Va,0,2,3573
1460,533,remech_charged,467.62,T_6877e283,P_f5beb119,D.Va,0,4,3573
1461,533,remech_charged,514.46,T_a0d3c623,P_84da18c9,D.Va,0,6,3573
1462,533,remech_charged,718.61,T_a0d3c623,P_84da18c9,D.Va,0,8,3573
1463,533,remech_charged,51.61,T_a0d3c623,P_84da18c9,D.Va,0,1,3574
1464,533,remech_charged,392.68,T_a0d3c623,P_84da18c9,D.Va,0,4,3574
1465,533,remech_charged,410.89,T_6877e283,P_f5beb119,D.Va,0,2,3574
1466,533,remech_charged,467.62,T_6877e283,P_f5beb119,D.Va,0,4,3574
1467,533,remech_charged,514.46,T_a0d3c623,P_84da18c9,D.Va,0,6,3574
1468,533,remech_charged,718.61,T_a0d3c623,P_84da18c9,D.Va,0,8,3574
1469,891,remech_charged,138.51,T_5568bd9d,P_99d0c092,D.Va,0,2,3575
1470,891,remech_charged,239.3,T_a02bf5e9,P_44109cb3,D.Va,0,2,3575
1471,891,remech_charged,276.7,T_5568bd9d,P_99d0c092,D.Va,0,3,3575
1472,891,remech_charged,342.33,T_a02bf5e9,P_44109cb3,D.Va,0,3,3579
1473,891,remech_charged,474.1,T_a02bf5e9,P_44109cb3,D.Va,0,5,3579
1475,892,remech_charged,166.78,T_5568bd9d,P_da9b8447,D.Va,0,1,3586
1476,894,remech_charged,302.57,T_5568bd9d,P_1f6fe584,D.Va,0,3,3588
1477,894,remech_charged,409.87,T_5568bd9d,P_1f6fe584,D.Va,0,5,3588
1478,894,remech_charged,586.43,T_5568bd9d,P_1f6fe584,D.Va,0,7,3588
1479,894,remech_charged,759.47,T_5568bd9d,P_1f6fe584,D.Va,0,9,3588
1480,894,remech_charged,836.85,T_5568bd9d,P_1f6fe584,D.Va,0,11,3588
1481,894,remech_charged,116.76,T_5568bd9d,P_1f6fe584,D.Va,0,2,3590
1482,894,remech_charged,250.46,T_5568bd9d,P_1f6fe584,D.Va,0,4,3590
1483,894,remech_charged,446.36,T_5568bd9d,P_1f6fe584,D.Va,0,5,3590
1484,894,remech_charged,520.84,T_5568bd9d,P_1f6fe584,D.Va,0,7,3590
1485,894,remech_charged,744.89,T_5568bd9d,P_1f6fe584,D.Va,0,9,3590
1486,906,remech_charged,275.46,T_6da1ba9e,P_b7084e6a,D.Va,0,2,3600
1487,906,remech_charged,469.07,T_6da1ba9e,P_b7084e6a,D.Va,0,4,3600
1488,906,remech_charged,618.01,T_1e08f45a,P_1f6fe584,D.Va,0,4,3602
1489,906,remech_charged,657.59,T_1e08f45a,P_1f6fe584,D.Va,0,6,3602
1490,906,remech_charged,383.71,T_6da1ba9e,P_b7084e6a,D.Va,0,3,3603
1491,906,remech_charged,674.86,T_1e08f45a,P_1f6fe584,D.Va,0,4,3603
1492,906,remech_charged,684.54,T_6da1ba9e,P_b7084e6a,D.Va,0,6,3603
1493,906,remech_charged,791.09,T_1e08f45a,P_1f6fe584,D.Va,0,6,3603
1494,909,remech_charged,170.3,T_a02bf5e9,P_584cd1a0,D.Va,0,2,3614
1495,909,remech_charged,391.64,T_a02bf5e9,P_584cd1a0,D.Va,0,4,3614
1496,909,remech_charged,496.8,T_5568bd9d,P_52837dc5,D.Va,0,5,3614
1497,909,remech_charged,595.95,T_5568bd9d,P_52837dc5,D.Va,0,7,3614
1498,909,remech_charged,57.29,T_a02bf5e9,P_584cd1a0,D.Va,0,1,3617
1499,909,remech_charged,69.95,T_5568bd9d,P_52837dc5,D.Va,0,1,3617
1500,909,remech_charged,160.25,T_a02bf5e9,P_584cd1a0,D.Va,0,3,3617
1501,909,remech_charged,220,T_5568bd9d,P_52837dc5,D.Va,0,3,3617
1502,909,remech_charged,241.46,T_a02bf5e9,P_584cd1a0,D.Va,0,5,3617
1503,909,remech_charged,298.76,T_a02bf5e9,P_584cd1a0,D.Va,0,6,3617
1504,909,remech_charged,496.34,T_a02bf5e9,P_584cd1a0,D.Va,0,8,3617
1505,909,remech_charged,592.2,T_5568bd9d,P_52837dc5,D.Va,0,5,3617
1506,909,remech_charged,565.47,T_a02bf5e9,P_584cd1a0,D.Va,0,4,3620
1507,909,remech_charged,633.69,T_a02bf5e9,P_584cd1a0,D.Va,0,6,3620
1508,913,remech_charged,177.13,T_47153176,P_2acf5472,D.Va,0,2,3622
1509,913,remech_charged,585.51,T_47153176,P_2acf5472,D.Va,0,6,3622
1510,913,remech_charged,187.92,T_1e08f45a,P_1f6fe584,D.Va,0,2,3627
1511,914,remech_charged,161.42,T_75f50b54,P_9fd0ec9d,D.Va,0,2,3629
1512,914,remech_charged,880.3,T_75f50b54,P_9fd0ec9d,D.Va,0,5,3630
1513,919,remech_charged,264.38,T_b8c7971d,P_01a9dfc0,D.Va,0,3,3637
1514,919,remech_charged,164.25,T_b8c7971d,P_01a9dfc0,D.Va,0,2,3638
1515,919,remech_charged,370.81,T_b8c7971d,P_01a9dfc0,D.Va,0,4,3638
1516,919,remech_charged,868.48,T_b8c7971d,P_01a9dfc0,D.Va,0,8,3638
1517,919,remech_charged,283.01,T_b8c7971d,P_01a9dfc0,D.Va,0,3,3639
1518,919,remech_charged,634.69,T_b8c7971d,P_01a9dfc0,D.Va,0,6,3639
1519,919,remech_charged,409.71,T_b8c7971d,P_01a9dfc0,D.Va,0,2,3641
1520,919,remech_charged,551.66,T_b8c7971d,P_01a9dfc0,D.Va,0,4,3641
1524,920,remech_charged,163.99,T_2649596f,P_acc4dc9c,D.Va,0,2,3644
1525,920,remech_charged,323.07,T_2649596f,P_acc4dc9c,D.Va,0,5,3644
1526,920,remech_charged,453.82,T_2649596f,P_acc4dc9c,D.Va,0,7,3644
1527,920,remech_charged,46.06,T_a02bf5e9,P_5dde5e89,D.Va,0,1,3650
1528,920,remech_charged,46.06,T_a02bf5e9,P_5dde5e89,D.Va,0,1,3651
1529,920,remech_charged,486.21,T_2649596f,P_acc4dc9c,D.Va,0,5,3655
1530,920,remech_charged,517.77,T_2649596f,P_acc4dc9c,D.Va,0,7,3655
1531,934,remech_charged,46.06,T_a02bf5e9,P_5dde5e89,D.Va,0,1,3661
1532,938,remech_charged,486.21,T_2649596f,P_acc4dc9c,D.Va,0,5,3667
1533,938,remech_charged,517.77,T_2649596f,P_acc4dc9c,D.Va,0,7,3667
1534,938,remech_charged,486.21,T_2649596f,P_acc4dc9c,D.Va,0,5,3668
1535,938,remech_charged,517.77,T_2649596f,P_acc4dc9c,D.Va,0,7,3668
1536,938,remech_charged,103.52,T_2649596f,P_acc4dc9c,D.Va,0,2,3669
1537,938,remech_charged,194.64,T_2649596f,P_acc4dc9c,D.Va,0,4,3669
1538,938,remech_charged,181.1,T_68c6a1f8,P_d0c2e333,D.Va,0,2,3670
1539,938,remech_charged,181.1,T_68c6a1f8,P_d0c2e333,D.Va,0,2,3671
1540,938,remech_charged,103.52,T_2649596f,P_acc4dc9c,D.Va,0,2,3672
1541,938,remech_charged,194.64,T_2649596f,P_acc4dc9c,D.Va,0,4,3672
1542,938,remech_charged,181.1,T_68c6a1f8,P_d0c2e333,D.Va,0,2,3674
1543,938,remech_charged,103.52,T_2649596f,P_acc4dc9c,D.Va,0,2,3675
1544,938,remech_charged,194.64,T_2649596f,P_acc4dc9c,D.Va,0,4,3675
1545,938,remech_charged,163.99,T_2649596f,P_acc4dc9c,D.Va,0,2,3676
1546,938,remech_charged,323.07,T_2649596f,P_acc4dc9c,D.Va,0,5,3676
1547,938,remech_charged,453.82,T_2649596f,P_acc4dc9c,D.Va,0,7,3676
1548,938,remech_charged,486.21,T_2649596f,P_acc4dc9c,D.Va,0,5,3677
1549,938,remech_charged,517.77,T_2649596f,P_acc4dc9c,D.Va,0,7,3677
1550,940,remech_charged,781.12,T_553ef4f1,P_da9b8447,D.Va,0,5,3679
1551,940,remech_charged,465.3,T_553ef4f1,P_da9b8447,D.Va,0,4,3682
1552,940,remech_charged,615.04,T_553ef4f1,P_da9b8447,D.Va,0,5,3682
1553,940,remech_charged,652.29,T_553ef4f1,P_da9b8447,D.Va,0,7,3682
1554,940,remech_charged,783.24,T_553ef4f1,P_da9b8447,D.Va,0,9,3682
1555,940,remech_charged,866.25,T_553ef4f1,P_da9b8447,D.Va,0,10,3682
1560,943,remech_charged,147.19,T_5a16ee7f,P_63576f56,D.Va,0,2,3691
1561,943,remech_charged,191.52,T_5a16ee7f,P_63576f56,D.Va,0,3,3691
1562,951,remech_charged,457.65,T_5568bd9d,P_910c78b6,D.Va,0,3,3706
1563,951,remech_charged,655.52,T_5568bd9d,P_910c78b6,D.Va,0,5,3706
1564,951,remech_charged,698.43,T_5568bd9d,P_910c78b6,D.Va,0,7,3706
1565,954,remech_charged,491.44,T_e7ab2fad,P_5d86acee,D.Va,0,3,3714
1566,954,remech_charged,506.11,T_e7ab2fad,P_5d86acee,D.Va,0,5,3714
1567,954,remech_charged,302.45,T_9a31ae66,P_5d86acee,D.Va,0,3,3717
1568,954,remech_charged,653.73,T_2649596f,P_9d644d1a,D.Va,0,5,3717
1569,954,remech_charged,836.68,T_2649596f,P_9d644d1a,D.Va,0,7,3717
1570,955,remech_charged,344.39,T_5568bd9d,P_c8b961cb,D.Va,0,2,3721
1571,955,remech_charged,434.6,T_a02bf5e9,P_f0263c4c,D.Va,0,3,3721
1521,920,remech_charged,181.1,T_68c6a1f8,P_d0c2e333,D.Va,0,2,
1556,942,remech_charged,178.32,T_674c7502,P_5207756d,D.Va,0,2,
1557,942,remech_charged,363.89,T_674c7502,P_5207756d,D.Va,0,4,
1572,955,remech_charged,477.36,T_5568bd9d,P_c8b961cb,D.Va,0,5,3721
1573,955,remech_charged,508.13,T_a02bf5e9,P_f0263c4c,D.Va,0,5,3721
1574,955,remech_charged,567.04,T_5568bd9d,P_c8b961cb,D.Va,0,7,3721
1575,955,remech_charged,630.33,T_5568bd9d,P_c8b961cb,D.Va,0,9,3721
1599,960,remech_charged,534.96,T_5568bd9d,P_ae82701a,D.Va,0,4,3742
1600,960,remech_charged,624.02,T_5568bd9d,P_ae82701a,D.Va,0,6,3742
1601,960,remech_charged,695.8,T_5568bd9d,P_ae82701a,D.Va,0,7,3742
1602,960,remech_charged,843.95,T_a02bf5e9,P_93f136a4,D.Va,0,5,3742
1603,960,remech_charged,904.73,T_5568bd9d,P_ae82701a,D.Va,0,10,3742
1604,960,remech_charged,676.68,T_5568bd9d,P_ae82701a,D.Va,0,4,3744
1605,960,remech_charged,780.53,T_5568bd9d,P_ae82701a,D.Va,0,6,3744
1606,960,remech_charged,813.74,T_a02bf5e9,P_93f136a4,D.Va,0,6,3744
1607,960,remech_charged,958.38,T_a02bf5e9,P_93f136a4,D.Va,0,8,3744
1608,960,remech_charged,961.55,T_5568bd9d,P_ae82701a,D.Va,0,9,3744
1609,961,remech_charged,344.39,T_5568bd9d,P_c8b961cb,D.Va,0,2,3748
1610,961,remech_charged,434.6,T_a02bf5e9,P_f0263c4c,D.Va,0,3,3748
1611,961,remech_charged,477.36,T_5568bd9d,P_c8b961cb,D.Va,0,5,3748
1612,961,remech_charged,508.13,T_a02bf5e9,P_f0263c4c,D.Va,0,5,3748
1613,961,remech_charged,567.04,T_5568bd9d,P_c8b961cb,D.Va,0,7,3748
1614,961,remech_charged,630.33,T_5568bd9d,P_c8b961cb,D.Va,0,9,3748
1615,965,remech_charged,127.55,T_a02bf5e9,P_a93c5bc6,D.Va,0,2,3767
1616,965,remech_charged,333.15,T_a02bf5e9,P_a93c5bc6,D.Va,0,4,3767
1617,965,remech_charged,193.11,T_a02bf5e9,P_a93c5bc6,D.Va,0,2,3768
1618,965,remech_charged,460.1,T_5568bd9d,P_891a6409,D.Va,0,3,3768
1619,966,remech_charged,334.08,T_4d01c8f1,P_8bfa8e23,D.Va,0,1,3771
1620,966,remech_charged,375.85,T_4d01c8f1,P_8bfa8e23,D.Va,0,3,3771
1621,966,remech_charged,629.74,T_a91a165f,P_a0a536f4,D.Va,0,3,3771
1622,966,remech_charged,682.66,T_a91a165f,P_a0a536f4,D.Va,0,5,3771
1623,966,remech_charged,775.71,T_4d01c8f1,P_8bfa8e23,D.Va,0,6,3771
1624,968,remech_charged,334.08,T_4d01c8f1,P_8bfa8e23,D.Va,0,1,3773
1625,968,remech_charged,375.85,T_4d01c8f1,P_8bfa8e23,D.Va,0,3,3773
1626,968,remech_charged,629.74,T_a91a165f,P_a0a536f4,D.Va,0,3,3773
1627,968,remech_charged,682.66,T_a91a165f,P_a0a536f4,D.Va,0,5,3773
1628,968,remech_charged,775.71,T_4d01c8f1,P_8bfa8e23,D.Va,0,6,3773
1629,970,remech_charged,789.84,T_a02bf5e9,P_54688a51,D.Va,0,5,3776
1630,970,remech_charged,447.1,T_a02bf5e9,P_54688a51,D.Va,0,3,3777
1631,972,remech_charged,104.06,T_1699ed97,P_b68ab2be,D.Va,0,2,3781
1632,971,remech_charged,688.82,T_a02bf5e9,P_aeac54b1,D.Va,0,6,3782
1633,971,remech_charged,800.17,T_a02bf5e9,P_aeac54b1,D.Va,0,8,3782
1634,975,remech_charged,302.21,T_8b7c3d9b,P_bb981dab,D.Va,0,3,3802
1635,975,remech_charged,305.09,T_8b7c3d9b,P_bb981dab,D.Va,0,3,3803
1636,975,remech_charged,485.48,T_8b7c3d9b,P_bb981dab,D.Va,0,6,3803
1637,975,remech_charged,656.4,T_8b7c3d9b,P_bb981dab,D.Va,0,8,3803
1638,975,remech_charged,739.59,T_8b7c3d9b,P_bb981dab,D.Va,0,9,3803
1639,975,remech_charged,851.7,T_8b7c3d9b,P_bb981dab,D.Va,0,11,3803
1640,980,remech_charged,439.19,T_26e6dabd,P_8fb33721,D.Va,0,4,3819
1641,981,remech_charged,217.28,T_bcf820e4,P_da9b8447,D.Va,0,2,3821
1642,981,remech_charged,352.08,T_bcf820e4,P_da9b8447,D.Va,0,3,3821
1648,982,remech_charged,172.2,T_3238eb96,P_891a6409,D.Va,0,2,3829
1649,982,remech_charged,506.72,T_3238eb96,P_891a6409,D.Va,0,5,3829
1650,982,remech_charged,642.01,T_3238eb96,P_891a6409,D.Va,0,7,3829
1651,982,remech_charged,724.95,T_3238eb96,P_891a6409,D.Va,0,9,3829
1656,982,remech_charged,205.27,T_04b64bac,P_c2f58459,D.Va,0,2,3832
1657,982,remech_charged,327.49,T_04b64bac,P_c2f58459,D.Va,0,4,3832
1658,982,remech_charged,106.49,T_04b64bac,P_c2f58459,D.Va,0,2,3833
1659,982,remech_charged,144.05,T_3238eb96,P_891a6409,D.Va,0,2,3833
1660,982,remech_charged,206.28,T_04b64bac,P_c2f58459,D.Va,0,4,3833
1661,982,remech_charged,367.71,T_3238eb96,P_891a6409,D.Va,0,4,3833
1662,982,remech_charged,548.21,T_3238eb96,P_891a6409,D.Va,0,6,3833
1663,982,remech_charged,675.61,T_3238eb96,P_891a6409,D.Va,0,8,3833
1664,982,remech_charged,317.07,T_3238eb96,P_891a6409,D.Va,0,2,3834
1665,982,remech_charged,372.09,T_3238eb96,P_891a6409,D.Va,0,4,3834
1666,982,remech_charged,395.71,T_04b64bac,P_c2f58459,D.Va,0,3,3834
1667,982,remech_charged,584.42,T_3238eb96,P_891a6409,D.Va,0,7,3834
1668,982,remech_charged,714.21,T_04b64bac,P_c2f58459,D.Va,0,5,3834
1577,958,remech_charged,165.91,T_a02bf5e9,P_41fa3028,D.Va,0,2,
1585,533,remech_charged,124.68,T_a02bf5e9,P_99d0c092,D.Va,0,2,
1586,533,remech_charged,142.51,T_a02bf5e9,P_99d0c092,D.Va,0,4,
1587,533,remech_charged,322.8,T_5568bd9d,P_5d0e2b9c,D.Va,0,4,
1588,533,remech_charged,350.29,T_a02bf5e9,P_99d0c092,D.Va,0,6,
1589,533,remech_charged,403.35,T_5568bd9d,P_5d0e2b9c,D.Va,0,6,
1590,533,remech_charged,492.75,T_5568bd9d,P_5d0e2b9c,D.Va,0,8,
1591,533,remech_charged,495.86,T_a02bf5e9,P_99d0c092,D.Va,0,8,
1592,533,remech_charged,124.68,T_a02bf5e9,P_99d0c092,D.Va,0,2,
1593,533,remech_charged,142.51,T_a02bf5e9,P_99d0c092,D.Va,0,4,
1594,533,remech_charged,322.8,T_5568bd9d,P_5d0e2b9c,D.Va,0,4,
1595,533,remech_charged,350.29,T_a02bf5e9,P_99d0c092,D.Va,0,6,
1596,533,remech_charged,403.35,T_5568bd9d,P_5d0e2b9c,D.Va,0,6,
1597,533,remech_charged,492.75,T_5568bd9d,P_5d0e2b9c,D.Va,0,8,
1643,982,remech_charged,260.65,T_3238eb96,P_07cc4a1a,D.Va,0,2,
1644,982,remech_charged,303.83,T_04b64bac,P_c2f58459,D.Va,0,2,
1645,982,remech_charged,355.55,T_04b64bac,P_c2f58459,D.Va,0,4,
1646,982,remech_charged,391,T_3238eb96,P_07cc4a1a,D.Va,0,4,
1647,982,remech_charged,644.14,T_04b64bac,P_c2f58459,D.Va,0,6,
1669,982,remech_charged,731.56,T_3238eb96,P_891a6409,D.Va,0,9,3834
1670,984,remech_charged,587.16,T_a02bf5e9,P_411a5d02,D.Va,0,4,3836
1671,984,remech_charged,712.56,T_a02bf5e9,P_411a5d02,D.Va,0,6,3836
1672,984,remech_charged,154.68,T_3238eb96,P_891a6409,D.Va,0,2,3837
1673,984,remech_charged,310.4,T_3238eb96,P_891a6409,D.Va,0,4,3837
1674,984,remech_charged,480.41,T_3238eb96,P_891a6409,D.Va,0,7,3837
1675,984,remech_charged,531.53,T_00cb894d,P_411a5d02,D.Va,0,4,3837
1676,984,remech_charged,597.92,T_3238eb96,P_891a6409,D.Va,0,9,3837
1677,984,remech_charged,720.77,T_00cb894d,P_411a5d02,D.Va,0,6,3837
1678,984,remech_charged,154.68,T_3238eb96,P_891a6409,D.Va,0,2,3842
1679,984,remech_charged,310.4,T_3238eb96,P_891a6409,D.Va,0,4,3842
1680,984,remech_charged,480.41,T_3238eb96,P_891a6409,D.Va,0,7,3842
1681,984,remech_charged,531.53,T_00cb894d,P_411a5d02,D.Va,0,4,3842
1682,984,remech_charged,597.92,T_3238eb96,P_891a6409,D.Va,0,9,3842
1683,984,remech_charged,720.77,T_00cb894d,P_411a5d02,D.Va,0,6,3842
1684,984,remech_charged,154.68,T_3238eb96,P_891a6409,D.Va,0,2,3843
1685,984,remech_charged,310.4,T_3238eb96,P_891a6409,D.Va,0,4,3843
1686,984,remech_charged,480.41,T_3238eb96,P_891a6409,D.Va,0,7,3843
1687,984,remech_charged,531.53,T_00cb894d,P_411a5d02,D.Va,0,4,3843
1688,984,remech_charged,597.92,T_3238eb96,P_891a6409,D.Va,0,9,3843
1689,984,remech_charged,720.77,T_00cb894d,P_411a5d02,D.Va,0,6,3843
1696,985,remech_charged,205.55,T_a02bf5e9,P_cb195f4e,D.Va,0,2,3845
1698,986,remech_charged,536.16,T_a02bf5e9,P_c301e22b,D.Va,0,4,3856
1699,986,remech_charged,696.81,T_a02bf5e9,P_c301e22b,D.Va,0,6,3856
1700,990,remech_charged,462.77,T_dfd70c07,P_41dab37f,D.Va,0,3,3867
1701,990,remech_charged,505.37,T_dfd70c07,P_41dab37f,D.Va,0,5,3867
1702,990,remech_charged,540.23,T_dfd70c07,P_41dab37f,D.Va,0,7,3867
1703,990,remech_charged,580.05,T_dfd70c07,P_41dab37f,D.Va,0,9,3867
1722,990,remech_charged,184.02,T_dfd70c07,P_41dab37f,D.Va,0,2,3876
1723,990,remech_charged,307.43,T_dfd70c07,P_41dab37f,D.Va,0,4,3876
1724,990,remech_charged,404.9,T_dfd70c07,P_41dab37f,D.Va,0,6,3876
1725,990,remech_charged,567.1,T_dfd70c07,P_41dab37f,D.Va,0,8,3876
1726,990,remech_charged,607.43,T_dfd70c07,P_41dab37f,D.Va,0,10,3876
1727,990,remech_charged,659.86,T_dfd70c07,P_41dab37f,D.Va,0,12,3876
1728,990,remech_charged,48.11,T_dfd70c07,P_41dab37f,D.Va,0,1,3877
1729,990,remech_charged,109.39,T_3238eb96,P_891a6409,D.Va,0,2,3881
1730,990,remech_charged,162.81,T_dfd70c07,P_d225e044,D.Va,0,2,3881
1731,990,remech_charged,214.54,T_dfd70c07,P_d225e044,D.Va,0,3,3881
1738,992,remech_charged,187.36,T_3238eb96,P_891a6409,D.Va,0,1,3888
1739,992,remech_charged,278.44,T_3238eb96,P_891a6409,D.Va,0,3,3888
1740,992,remech_charged,303.4,T_3238eb96,P_891a6409,D.Va,0,4,3888
1741,992,remech_charged,671.52,T_2b7aadcd,P_847752c2,D.Va,0,6,3890
1742,992,remech_charged,791.94,T_2b7aadcd,P_847752c2,D.Va,0,8,3890
1743,998,remech_charged,110.38,T_9a31ae66,P_8b3b709d,D.Va,0,2,3899
1744,998,remech_charged,183.57,T_9a31ae66,P_8b3b709d,D.Va,0,3,3899
1745,998,remech_charged,217.89,T_2649596f,P_03920c74,D.Va,0,1,3899
1746,998,remech_charged,254.09,T_2649596f,P_03920c74,D.Va,0,3,3899
1747,998,remech_charged,264.75,T_9a31ae66,P_8b3b709d,D.Va,0,5,3899
1748,998,remech_charged,447.58,T_9a31ae66,P_8b3b709d,D.Va,0,7,3899
1749,998,remech_charged,458.49,T_2649596f,P_03920c74,D.Va,0,5,3899
1750,998,remech_charged,526.1,T_9a31ae66,P_8b3b709d,D.Va,0,8,3899
1751,998,remech_charged,568.36,T_9a31ae66,P_8b3b709d,D.Va,0,9,3899
1752,998,remech_charged,626.91,T_9a31ae66,P_8b3b709d,D.Va,0,11,3899
1753,998,remech_charged,780.17,T_9a31ae66,P_8b3b709d,D.Va,0,13,3899
1754,998,remech_charged,106.76,T_9a31ae66,P_8b3b709d,D.Va,0,2,3900
1755,998,remech_charged,230.45,T_9a31ae66,P_8b3b709d,D.Va,0,3,3900
1756,998,remech_charged,287,T_9a31ae66,P_8b3b709d,D.Va,0,5,3900
1762,1002,remech_charged,103.15,T_1699ed97,P_6b3d6bde,D.Va,0,1,3914
1763,1002,remech_charged,174.64,T_899dd41d,P_8fb33721,D.Va,0,1,3914
1764,1002,remech_charged,230.72,T_1699ed97,P_6b3d6bde,D.Va,0,4,3914
1765,1002,remech_charged,232.4,T_899dd41d,P_8fb33721,D.Va,0,3,3914
1766,1002,remech_charged,270.21,T_899dd41d,P_8fb33721,D.Va,0,4,3914
1767,1002,remech_charged,392.76,T_899dd41d,P_8fb33721,D.Va,0,6,3914
1768,1002,remech_charged,601.03,T_1699ed97,P_6b3d6bde,D.Va,0,7,3914
1769,1002,remech_charged,766.31,T_1699ed97,P_6b3d6bde,D.Va,0,9,3914
1770,1003,remech_charged,76.64,T_1699ed97,P_f8917dd1,D.Va,0,2,3921
1771,1003,remech_charged,147.54,T_1699ed97,P_f8917dd1,D.Va,0,3,3921
1772,1003,remech_charged,206.06,T_1699ed97,P_f8917dd1,D.Va,0,5,3921
1773,1003,remech_charged,382.13,T_a02bf5e9,P_c25271cb,D.Va,0,3,3921
1774,1003,remech_charged,389.72,T_1699ed97,P_f8917dd1,D.Va,0,7,3921
1775,1003,remech_charged,407.28,T_a02bf5e9,P_c25271cb,D.Va,0,4,3921
1776,1003,remech_charged,420.73,T_a02bf5e9,P_c25271cb,D.Va,0,5,3921
1777,1003,remech_charged,641.4,T_a02bf5e9,P_c25271cb,D.Va,0,7,3921
1778,1003,remech_charged,76.64,T_1699ed97,P_f8917dd1,D.Va,0,2,3923
1779,1003,remech_charged,147.54,T_1699ed97,P_f8917dd1,D.Va,0,3,3923
1780,1003,remech_charged,206.06,T_1699ed97,P_f8917dd1,D.Va,0,5,3923
1781,1003,remech_charged,382.13,T_a02bf5e9,P_c25271cb,D.Va,0,3,3923
1782,1003,remech_charged,389.72,T_1699ed97,P_f8917dd1,D.Va,0,7,3923
1783,1003,remech_charged,407.28,T_a02bf5e9,P_c25271cb,D.Va,0,4,3923
1784,1003,remech_charged,420.73,T_a02bf5e9,P_c25271cb,D.Va,0,5,3923
1697,985,remech_charged,610.81,T_a02bf5e9,P_cb195f4e,D.Va,0,5,
1757,999,remech_charged,671.52,T_2b7aadcd,P_847752c2,D.Va,0,6,
1758,999,remech_charged,791.94,T_2b7aadcd,P_847752c2,D.Va,0,8,
1759,999,remech_charged,187.36,T_3238eb96,P_891a6409,D.Va,0,1,
1760,999,remech_charged,278.44,T_3238eb96,P_891a6409,D.Va,0,3,
1761,999,remech_charged,303.4,T_3238eb96,P_891a6409,D.Va,0,4,
1785,1003,remech_charged,641.4,T_a02bf5e9,P_c25271cb,D.Va,0,7,3923
1786,1004,remech_charged,109.26,T_3238eb96,P_891a6409,D.Va,0,2,3927
1787,1004,remech_charged,363.47,T_3238eb96,P_891a6409,D.Va,0,5,3927
1788,1004,remech_charged,570.26,T_3238eb96,P_891a6409,D.Va,0,8,3927
1789,1004,remech_charged,612.5,T_3238eb96,P_891a6409,D.Va,0,9,3927
1790,1004,remech_charged,692.52,T_3238eb96,P_891a6409,D.Va,0,10,3927
1791,1004,remech_charged,734.38,T_3238eb96,P_891a6409,D.Va,0,12,3927
1792,1004,remech_charged,845.57,T_3238eb96,P_891a6409,D.Va,0,14,3927
1793,1004,remech_charged,876.34,T_3238eb96,P_891a6409,D.Va,0,15,3927
1794,1004,remech_charged,508.02,T_3238eb96,P_891a6409,D.Va,0,4,3928
1795,1003,remech_charged,560.26,T_a02bf5e9,P_c25271cb,D.Va,0,5,3931
1796,1003,remech_charged,683.14,T_a02bf5e9,P_c25271cb,D.Va,0,7,3931
1797,1003,remech_charged,785.34,T_a02bf5e9,P_c25271cb,D.Va,0,9,3931
1798,1009,remech_charged,352.2,T_a02bf5e9,P_8098d870,D.Va,0,3,3934
1799,1009,remech_charged,407.19,T_a02bf5e9,P_8098d870,D.Va,0,5,3934
1805,1010,remech_charged,632.14,T_3238eb96,P_891a6409,D.Va,0,5,3945
1806,1010,remech_charged,787.65,T_3238eb96,P_891a6409,D.Va,0,7,3945
1807,1011,remech_charged,390.07,T_5568bd9d,P_07630316,D.Va,0,3,3949
1808,1011,remech_charged,674.84,T_5568bd9d,P_07630316,D.Va,0,5,3949
1809,1011,remech_charged,753.6,T_5568bd9d,P_07630316,D.Va,0,6,3949
1810,1011,remech_charged,826.87,T_5568bd9d,P_07630316,D.Va,0,8,3949
1811,1011,remech_charged,865.9,T_5568bd9d,P_07630316,D.Va,0,10,3949
1812,1013,remech_charged,457.94,T_a02bf5e9,P_7380f13c,D.Va,0,4,3957
1813,1013,remech_charged,512.74,T_5568bd9d,P_4521eb55,D.Va,0,3,3957
1815,1013,remech_charged,188.59,T_a02bf5e9,P_7380f13c,D.Va,0,2,3963
1816,1014,remech_charged,319.33,T_2649596f,P_acc4dc9c,D.Va,0,3,3965
1817,1014,remech_charged,428.01,T_2649596f,P_acc4dc9c,D.Va,0,5,3965
1818,1014,remech_charged,557.56,T_2649596f,P_acc4dc9c,D.Va,0,7,3965
1819,1014,remech_charged,600.29,T_2649596f,P_acc4dc9c,D.Va,0,9,3965
1820,1014,remech_charged,679.94,T_2649596f,P_acc4dc9c,D.Va,0,11,3965
1821,1014,remech_charged,751.74,T_2649596f,P_acc4dc9c,D.Va,0,13,3965
1822,1014,remech_charged,150.31,T_2649596f,P_acc4dc9c,D.Va,0,2,3966
1823,1014,remech_charged,240.44,T_2649596f,P_acc4dc9c,D.Va,0,3,3966
1824,1014,remech_charged,254.46,T_2649596f,P_acc4dc9c,D.Va,0,5,3966
1825,1014,remech_charged,285.57,T_2649596f,P_acc4dc9c,D.Va,0,6,3966
1826,1014,remech_charged,361.7,T_2649596f,P_acc4dc9c,D.Va,0,8,3966
1827,1014,remech_charged,495.78,T_2649596f,P_acc4dc9c,D.Va,0,10,3966
1828,1014,remech_charged,586.22,T_2649596f,P_acc4dc9c,D.Va,0,11,3966
1829,1014,remech_charged,658.64,T_2649596f,P_acc4dc9c,D.Va,0,13,3966
1830,1021,remech_charged,37.52,T_41f135cc,P_8b3b709d,D.Va,0,1,3968
1831,1021,remech_charged,244.2,T_41f135cc,P_8b3b709d,D.Va,0,3,3968
1832,1021,remech_charged,320.86,T_41f135cc,P_8b3b709d,D.Va,0,4,3968
1833,1021,remech_charged,379.94,T_41f135cc,P_8b3b709d,D.Va,0,6,3968
1834,1021,remech_charged,455.26,T_41f135cc,P_8b3b709d,D.Va,0,7,3968
1835,1021,remech_charged,301.77,T_41f135cc,P_8b3b709d,D.Va,0,3,3969
1836,1021,remech_charged,352.06,T_41f135cc,P_8b3b709d,D.Va,0,4,3969
1837,1021,remech_charged,571.23,T_41f135cc,P_8b3b709d,D.Va,0,7,3969
1838,1021,remech_charged,134.01,T_05e2eced,P_8b3b709d,D.Va,0,2,3970
1839,1021,remech_charged,273.42,T_05e2eced,P_8b3b709d,D.Va,0,4,3970
1840,1021,remech_charged,352.01,T_05e2eced,P_8b3b709d,D.Va,0,6,3970
1841,1021,remech_charged,522.26,T_05e2eced,P_8b3b709d,D.Va,0,8,3970
1842,1021,remech_charged,553.26,T_05e2eced,P_8b3b709d,D.Va,0,9,3970
1843,1021,remech_charged,672.68,T_05e2eced,P_8b3b709d,D.Va,0,11,3970
1844,1021,remech_charged,733.44,T_05e2eced,P_8b3b709d,D.Va,0,12,3970
1845,1021,remech_charged,744.01,T_05e2eced,P_8b3b709d,D.Va,0,14,3970
1846,1022,remech_charged,324.82,T_a02bf5e9,P_c6d0828a,D.Va,0,2,3974
1847,1023,remech_charged,642.44,T_5568bd9d,P_4591205e,D.Va,0,4,3978
1848,1023,remech_charged,174.09,T_5568bd9d,P_4591205e,D.Va,0,3,3979
1849,1023,remech_charged,199.88,T_a02bf5e9,P_4ed389c2,D.Va,0,2,3979
1850,1023,remech_charged,406.45,T_a02bf5e9,P_4ed389c2,D.Va,0,4,3979
1851,1023,remech_charged,466.99,T_a02bf5e9,P_4ed389c2,D.Va,0,5,3979
1852,1023,remech_charged,547.1,T_a02bf5e9,P_4ed389c2,D.Va,0,6,3979
1853,1023,remech_charged,669.85,T_a02bf5e9,P_4ed389c2,D.Va,0,8,3979
1854,1024,remech_charged,820.36,T_a02bf5e9,P_180980c7,D.Va,0,5,3982
1855,1024,remech_charged,238.45,T_5568bd9d,P_1be20e40,D.Va,0,2,3986
1856,1024,remech_charged,438.1,T_5568bd9d,P_1be20e40,D.Va,0,4,3986
1857,1024,remech_charged,505.76,T_5568bd9d,P_1be20e40,D.Va,0,6,3986
1858,1025,remech_charged,316.88,T_3238eb96,P_891a6409,D.Va,0,3,3991
1859,1025,remech_charged,406.25,T_3238eb96,P_891a6409,D.Va,0,5,3991
1860,1025,remech_charged,690.95,T_3238eb96,P_891a6409,D.Va,0,8,3991
1862,1030,remech_charged,173.45,T_1699ed97,P_b68ab2be,D.Va,0,2,4017
1864,1031,remech_charged,153.17,T_1699ed97,P_b68ab2be,D.Va,0,1,4029
1865,1050,remech_charged,332.1,T_1699ed97,P_b68ab2be,D.Va,0,3,4057
1866,1050,remech_charged,487.1,T_1699ed97,P_b68ab2be,D.Va,0,5,4057
1867,1056,remech_charged,579.46,T_3238eb96,P_891a6409,D.Va,0,5,4082
1868,1056,remech_charged,665.6,T_3238eb96,P_891a6409,D.Va,0,7,4082
1869,1056,remech_charged,152.82,T_3238eb96,P_891a6409,D.Va,0,2,4083
1870,1057,remech_charged,673.24,T_5568bd9d,P_b68ab2be,D.Va,0,3,4092
1871,1057,remech_charged,91.74,T_a02bf5e9,P_ccd6a30e,D.Va,0,1,4093
1872,1057,remech_charged,200.63,T_a02bf5e9,P_ccd6a30e,D.Va,0,3,4093
1873,1057,remech_charged,512.5,T_a02bf5e9,P_ccd6a30e,D.Va,0,6,4093
1874,1057,remech_charged,269.23,T_a02bf5e9,P_ccd6a30e,D.Va,0,2,4094
1875,1057,remech_charged,373.36,T_a02bf5e9,P_ccd6a30e,D.Va,0,4,4094
1876,1057,remech_charged,476.62,T_a02bf5e9,P_ccd6a30e,D.Va,0,5,4094
1877,1057,remech_charged,573.82,T_a02bf5e9,P_ccd6a30e,D.Va,0,7,4094
1878,1057,remech_charged,97.47,T_a02bf5e9,P_ccd6a30e,D.Va,0,2,4097
1879,1057,remech_charged,674.14,T_a02bf5e9,P_ccd6a30e,D.Va,0,7,4097
1880,1058,remech_charged,122.78,T_a02bf5e9,P_08d1ea79,D.Va,0,2,4099
1881,1058,remech_charged,146.51,T_a02bf5e9,P_08d1ea79,D.Va,0,4,4099
1814,1013,remech_charged,143.9,T_a02bf5e9,P_7380f13c,D.Va,0,1,
1882,1058,remech_charged,226.67,T_1699ed97,P_1be20e40,D.Va,0,3,4099
1883,1058,remech_charged,374.08,T_a02bf5e9,P_08d1ea79,D.Va,0,6,4099
1884,1058,remech_charged,611.63,T_a02bf5e9,P_08d1ea79,D.Va,0,8,4099
1885,1058,remech_charged,734.46,T_a02bf5e9,P_08d1ea79,D.Va,0,9,4099
1886,1058,remech_charged,133.05,T_a02bf5e9,P_08d1ea79,D.Va,0,2,4101
1887,1058,remech_charged,211.08,T_a02bf5e9,P_08d1ea79,D.Va,0,4,4101
1888,1058,remech_charged,297.9,T_a02bf5e9,P_08d1ea79,D.Va,0,5,4101
1889,1058,remech_charged,328.87,T_a02bf5e9,P_08d1ea79,D.Va,0,7,4101
1890,1059,remech_charged,287.51,T_3238eb96,P_891a6409,D.Va,0,3,4107
1891,1059,remech_charged,408.44,T_3238eb96,P_891a6409,D.Va,0,4,4107
1892,1059,remech_charged,498.48,T_3238eb96,P_891a6409,D.Va,0,6,4107
1893,1059,remech_charged,615.19,T_3238eb96,P_891a6409,D.Va,0,7,4107
1894,1059,remech_charged,116.23,T_d26e7e80,P_21a37cb4,D.Va,0,2,4108
1896,1062,remech_charged,146.34,T_3238eb96,P_891a6409,D.Va,0,2,4123
1897,1063,remech_charged,368.48,T_a02bf5e9,P_eb78a531,D.Va,0,3,4130
1898,1063,remech_charged,618.64,T_a02bf5e9,P_eb78a531,D.Va,0,5,4130
1899,1063,remech_charged,816.93,T_a02bf5e9,P_eb78a531,D.Va,0,7,4130
1900,1063,remech_charged,900.23,T_a02bf5e9,P_eb78a531,D.Va,0,8,4130
1901,1063,remech_charged,963.68,T_a02bf5e9,P_eb78a531,D.Va,0,10,4130
1902,1068,remech_charged,292.51,T_3238eb96,P_891a6409,D.Va,0,3,4140
1903,1068,remech_charged,445.65,T_3238eb96,P_891a6409,D.Va,0,4,4140
1904,1068,remech_charged,485.26,T_3238eb96,P_891a6409,D.Va,0,6,4140
1909,1084,remech_charged,141.25,T_a02bf5e9,P_d9415b95,D.Va,0,1,4207
1910,1084,remech_charged,609.44,T_1699ed97,P_b68ab2be,D.Va,0,5,4207
1911,1084,remech_charged,605.11,T_70cf47d6,P_d9415b95,D.Va,0,4,4209
1912,1084,remech_charged,780.9,T_70cf47d6,P_d9415b95,D.Va,0,7,4209
1913,1084,remech_charged,403.67,T_1699ed97,P_b68ab2be,D.Va,0,4,4210
1914,1084,remech_charged,487.82,T_1699ed97,P_b68ab2be,D.Va,0,6,4210
1915,1084,remech_charged,620.81,T_1699ed97,P_b68ab2be,D.Va,0,8,4210
1916,1084,remech_charged,822.12,T_1699ed97,P_b68ab2be,D.Va,0,10,4210
1919,1087,remech_charged,304.75,T_3238eb96,P_891a6409,D.Va,0,3,4226
1920,1089,remech_charged,177.63,T_3238eb96,P_891a6409,D.Va,0,2,4247
1921,1089,remech_charged,294.04,T_3238eb96,P_891a6409,D.Va,0,4,4247
1922,1089,remech_charged,483.37,T_70180e67,P_6a5de7b1,D.Va,0,3,4247
1923,1096,remech_charged,341.43,T_a02bf5e9,P_62f8b58f,D.Va,0,3,4279
1924,1096,remech_charged,341.43,T_a02bf5e9,P_62f8b58f,D.Va,0,3,4280
1927,1101,remech_charged,371.45,T_a34bd8eb,P_bfa4b1ca,D.Va,0,3,4305
1928,1101,remech_charged,397.48,T_a34bd8eb,P_bfa4b1ca,D.Va,0,5,4305
1929,1101,remech_charged,494.97,T_a34bd8eb,P_bfa4b1ca,D.Va,0,7,4305
1930,1101,remech_charged,604.79,T_a34bd8eb,P_bfa4b1ca,D.Va,0,9,4305
1931,1102,remech_charged,816.32,T_ef2c9796,P_548c8a17,D.Va,0,5,4311
1932,1102,remech_charged,137.34,T_1699ed97,P_1be20e40,D.Va,0,2,4312
1933,1102,remech_charged,186.94,T_1699ed97,P_1be20e40,D.Va,0,3,4312
1934,1102,remech_charged,305.76,T_1699ed97,P_1be20e40,D.Va,0,5,4312
1935,1102,remech_charged,555.66,T_ef2c9796,P_548c8a17,D.Va,0,3,4314
1938,1103,remech_charged,665.89,T_3238eb96,P_891a6409,D.Va,0,6,4322
1939,1103,remech_charged,801.26,T_3238eb96,P_891a6409,D.Va,0,8,4322
1940,1108,remech_charged,121.5,T_3238eb96,P_891a6409,D.Va,0,2,4350
1941,1108,remech_charged,293.75,T_3238eb96,P_891a6409,D.Va,0,4,4350
1942,1108,remech_charged,294.61,T_3238eb96,P_891a6409,D.Va,0,5,4350
1943,1108,remech_charged,338.21,T_3238eb96,P_891a6409,D.Va,0,7,4350
1944,1108,remech_charged,468.45,T_3238eb96,P_891a6409,D.Va,0,9,4350
1945,1108,remech_charged,535.41,T_3238eb96,P_891a6409,D.Va,0,11,4350
1946,1108,remech_charged,580.42,T_3238eb96,P_891a6409,D.Va,0,12,4350
1947,1108,remech_charged,657.47,T_3238eb96,P_891a6409,D.Va,0,14,4350
1948,1108,remech_charged,892.67,T_3238eb96,P_891a6409,D.Va,0,16,4350
1959,1123,remech_charged,170.25,T_3238eb96,P_891a6409,D.Va,0,2,4415
1960,1123,remech_charged,239.49,T_3238eb96,P_891a6409,D.Va,0,4,4415
1961,1123,remech_charged,430.19,T_3238eb96,P_891a6409,D.Va,0,6,4415
1962,1123,remech_charged,635.74,T_3238eb96,P_891a6409,D.Va,0,9,4415
1963,1123,remech_charged,752.64,T_3238eb96,P_891a6409,D.Va,0,11,4415
1964,1123,remech_charged,615.14,T_3238eb96,P_891a6409,D.Va,0,4,4416
1965,1123,remech_charged,706.81,T_3238eb96,P_891a6409,D.Va,0,6,4416
1966,1123,remech_charged,852.38,T_3238eb96,P_891a6409,D.Va,0,8,4416
1967,1129,remech_charged,462.76,T_a02bf5e9,P_8923831f,D.Va,0,4,4451
1968,1129,remech_charged,567.37,T_a02bf5e9,P_8923831f,D.Va,0,6,4451
1969,1129,remech_charged,681.15,T_a02bf5e9,P_8923831f,D.Va,0,8,4451
1970,1129,remech_charged,540,T_a02bf5e9,P_8923831f,D.Va,0,5,4452
1971,1129,remech_charged,646.53,T_a02bf5e9,P_8923831f,D.Va,0,7,4452
1972,1132,remech_charged,487.71,T_3238eb96,P_891a6409,D.Va,0,4,4471
1895,1059,remech_charged,756.87,T_3238eb96,P_891a6409,D.Va,0,6,
1973,1132,remech_charged,602.97,T_3238eb96,P_891a6409,D.Va,0,6,4471
1522,920,remech_charged,103.52,T_2649596f,P_acc4dc9c,D.Va,0,2,
1523,920,remech_charged,194.64,T_2649596f,P_acc4dc9c,D.Va,0,4,
1974,1187,remech_charged,200.78,T_ce6d7d76,P_1a4a673b,D.Va,0,3,4510
1978,1193,remech_charged,104.43,T_3238eb96,P_891a6409,D.Va,0,2,4527
1979,1193,remech_charged,370.8,T_3238eb96,P_891a6409,D.Va,0,5,4527
1980,1193,remech_charged,513.27,T_3238eb96,P_891a6409,D.Va,0,7,4527
1981,1193,remech_charged,540.35,T_3238eb96,P_891a6409,D.Va,0,9,4527
1982,1215,remech_charged,785.07,T_f58d45ac,P_07630316,D.Va,0,6,4581
1983,1215,remech_charged,929.25,T_f58d45ac,P_07630316,D.Va,0,8,4581
1984,1216,remech_charged,569.9,T_3238eb96,P_891a6409,D.Va,0,4,4587
1985,1216,remech_charged,709.25,T_3238eb96,P_891a6409,D.Va,0,6,4587
1986,1216,remech_charged,846.32,T_3238eb96,P_891a6409,D.Va,0,8,4587
1987,1219,remech_charged,628.06,T_a02bf5e9,P_0a04b3e7,D.Va,0,4,4598
1988,1219,remech_charged,194,T_5568bd9d,P_61850dee,D.Va,0,2,4599
1989,1220,remech_charged,307.56,T_a02bf5e9,P_6696ec60,D.Va,0,2,4601
1990,1239,remech_charged,520.87,T_3238eb96,P_891a6409,D.Va,0,3,4674
1991,1239,remech_charged,611.53,T_3238eb96,P_891a6409,D.Va,0,4,4674
1992,1239,remech_charged,671.05,T_3238eb96,P_891a6409,D.Va,0,6,4674
1998,1243,remech_charged,79.02,T_eb73c192,P_717eee02,D.Va,0,1,4694
1999,1243,remech_charged,106.48,T_eb73c192,P_717eee02,D.Va,0,2,4694
2000,1243,remech_charged,121.87,T_eb73c192,P_717eee02,D.Va,0,4,4694
2001,1243,remech_charged,254.19,T_eb73c192,P_717eee02,D.Va,0,6,4694
2002,1243,remech_charged,414.92,T_eb73c192,P_717eee02,D.Va,0,8,4694
2003,1243,remech_charged,614.03,T_eb73c192,P_717eee02,D.Va,0,10,4694
2004,1243,remech_charged,398.76,T_eb73c192,P_717eee02,D.Va,0,3,4695
2005,1243,remech_charged,440.09,T_eb73c192,P_717eee02,D.Va,0,5,4695
2006,1243,remech_charged,124.14,T_eb73c192,P_717eee02,D.Va,0,2,4696
2007,1243,remech_charged,163.93,T_eb73c192,P_717eee02,D.Va,0,4,4696
2008,1243,remech_charged,297.21,T_eb73c192,P_717eee02,D.Va,0,6,4696
2009,1243,remech_charged,435.17,T_eb73c192,P_717eee02,D.Va,0,8,4696
2010,1243,remech_charged,527.35,T_eb73c192,P_717eee02,D.Va,0,9,4696
2011,1243,remech_charged,555.47,T_eb73c192,P_717eee02,D.Va,0,11,4696
2012,1243,remech_charged,589.43,T_eb73c192,P_717eee02,D.Va,0,12,4696
2015,1244,remech_charged,144.85,T_5568bd9d,P_fbfc0345,D.Va,0,2,4698
2016,1244,remech_charged,288.88,T_5568bd9d,P_fbfc0345,D.Va,0,3,4698
2017,1244,remech_charged,306.61,T_5568bd9d,P_fbfc0345,D.Va,0,5,4698
2018,1244,remech_charged,172.67,T_5b9402a1,P_fbfc0345,D.Va,0,2,4699
2019,1244,remech_charged,249.32,T_5b9402a1,P_fbfc0345,D.Va,0,3,4699
2020,1244,remech_charged,544.66,T_5b9402a1,P_fbfc0345,D.Va,0,6,4699
2021,1244,remech_charged,107.76,T_5b9402a1,P_fbfc0345,D.Va,0,1,4700
2022,1244,remech_charged,328.49,T_5b9402a1,P_fbfc0345,D.Va,0,4,4700
2023,1244,remech_charged,419.36,T_5b9402a1,P_fbfc0345,D.Va,0,5,4700
2024,1244,remech_charged,115.98,T_5b9402a1,P_fbfc0345,D.Va,0,2,4701
2025,1244,remech_charged,420.19,T_5b9402a1,P_fbfc0345,D.Va,0,4,4701
2026,1244,remech_charged,548.48,T_5b9402a1,P_fbfc0345,D.Va,0,6,4701
2027,1244,remech_charged,195.49,T_5b9402a1,P_fbfc0345,D.Va,0,2,4702
2028,1244,remech_charged,211.66,T_5b9402a1,P_fbfc0345,D.Va,0,4,4702
2029,1244,remech_charged,468.96,T_5b9402a1,P_fbfc0345,D.Va,0,7,4702
2030,1244,remech_charged,779.41,T_5b9402a1,P_fbfc0345,D.Va,0,10,4702
2031,1247,remech_charged,253.21,T_a02bf5e9,P_92776a01,D.Va,0,2,4715
1576,958,remech_charged,849.84,T_5568bd9d,P_c8b961cb,D.Va,0,7,
1578,958,remech_charged,264.51,T_a02bf5e9,P_41fa3028,D.Va,0,4,
1579,958,remech_charged,339.62,T_a02bf5e9,P_41fa3028,D.Va,0,5,
1580,958,remech_charged,422.28,T_a02bf5e9,P_41fa3028,D.Va,0,7,
1581,958,remech_charged,452.53,T_5568bd9d,P_c8b961cb,D.Va,0,4,
1582,958,remech_charged,620.87,T_a02bf5e9,P_41fa3028,D.Va,0,9,
1583,958,remech_charged,897.08,T_a02bf5e9,P_41fa3028,D.Va,0,12,
1584,958,remech_charged,1003.14,T_a02bf5e9,P_41fa3028,D.Va,0,13,
2032,1254,remech_charged,530.09,T_5568bd9d,P_4457357d,D.Va,0,5,4742
2033,1254,remech_charged,711.04,T_5568bd9d,P_4457357d,D.Va,0,8,4742
2034,1256,remech_charged,585.7,T_7f8ba35f,P_ebd79dc7,D.Va,0,4,4747
2035,1256,remech_charged,696.04,T_7f8ba35f,P_ebd79dc7,D.Va,0,5,4747
2036,1256,remech_charged,716.89,T_7f8ba35f,P_ebd79dc7,D.Va,0,7,4747
2037,1256,remech_charged,918.3,T_7f8ba35f,P_ebd79dc7,D.Va,0,9,4747
2038,1256,remech_charged,104.86,T_3238eb96,P_891a6409,D.Va,0,2,4748
2039,1256,remech_charged,245.18,T_3238eb96,P_891a6409,D.Va,0,4,4748
2040,1256,remech_charged,381.05,T_3238eb96,P_891a6409,D.Va,0,6,4748
2041,1256,remech_charged,495.46,T_3238eb96,P_891a6409,D.Va,0,8,4748
2042,1256,remech_charged,519.3,T_3238eb96,P_891a6409,D.Va,0,4,4749
2043,1256,remech_charged,583.87,T_3238eb96,P_891a6409,D.Va,0,5,4749
2044,1256,remech_charged,695.89,T_3238eb96,P_891a6409,D.Va,0,7,4749
2045,1256,remech_charged,799.15,T_3238eb96,P_891a6409,D.Va,0,9,4749
2046,1261,remech_charged,132.32,T_6775d51a,P_df3dc221,D.Va,0,2,4759
2047,1261,remech_charged,368.75,T_6775d51a,P_df3dc221,D.Va,0,4,4759
2048,1261,remech_charged,410.61,T_6775d51a,P_df3dc221,D.Va,0,6,4759
2049,1261,remech_charged,486.87,T_6775d51a,P_df3dc221,D.Va,0,7,4759
2050,1261,remech_charged,531.99,T_6775d51a,P_df3dc221,D.Va,0,8,4759
2051,1261,remech_charged,533.3,T_6775d51a,P_df3dc221,D.Va,0,9,4759
2061,1261,remech_charged,175.23,T_6775d51a,P_2caf192a,D.Va,0,2,4762
2062,1261,remech_charged,382.6,T_6775d51a,P_2caf192a,D.Va,0,4,4762
2063,1261,remech_charged,452.72,T_2bfdcb8b,P_df3dc221,D.Va,0,3,4762
1598,533,remech_charged,495.86,T_a02bf5e9,P_99d0c092,D.Va,0,8,
2064,1263,remech_charged,288.37,T_3238eb96,P_891a6409,D.Va,0,3,4773
2065,1263,remech_charged,441.72,T_3238eb96,P_891a6409,D.Va,0,4,4773
2066,1263,remech_charged,528.41,T_3238eb96,P_891a6409,D.Va,0,6,4773
2067,1263,remech_charged,664.37,T_3238eb96,P_891a6409,D.Va,0,8,4773
2068,1263,remech_charged,765.56,T_3238eb96,P_891a6409,D.Va,0,10,4773
2069,1269,remech_charged,63.21,T_7e239be7,P_45f4fe4c,D.Va,0,1,4785
2070,1269,remech_charged,127.47,T_7e239be7,P_45f4fe4c,D.Va,0,3,4785
2071,1269,remech_charged,236.97,T_7e239be7,P_45f4fe4c,D.Va,0,5,4785
2072,1269,remech_charged,724.76,T_7e239be7,P_45f4fe4c,D.Va,0,9,4785
2073,1282,remech_charged,0,T_5568bd9d,P_aedb6a9e,D.Va,0,6,4829
2074,1282,remech_charged,0,T_5568bd9d,P_aedb6a9e,D.Va,0,7,4829
2075,1282,remech_charged,0,T_5568bd9d,P_aedb6a9e,D.Va,0,9,4829
2076,1283,remech_charged,204.58,T_a02bf5e9,P_44fd5156,D.Va,0,2,4831
2077,1283,remech_charged,255.48,T_a02bf5e9,P_44fd5156,D.Va,0,3,4831
2078,1283,remech_charged,340.85,T_a02bf5e9,P_44fd5156,D.Va,0,2,4834
2079,1283,remech_charged,434.22,T_a02bf5e9,P_44fd5156,D.Va,0,4,4834
2080,1283,remech_charged,588.04,T_a02bf5e9,P_44fd5156,D.Va,0,6,4834
2081,1283,remech_charged,702.41,T_a02bf5e9,P_44fd5156,D.Va,0,8,4834
2086,1289,remech_charged,201.51,T_5568bd9d,P_2caf192a,D.Va,0,2,4847
2087,1289,remech_charged,286.77,T_5568bd9d,P_2caf192a,D.Va,0,3,4847
2088,1289,remech_charged,407.5,T_5568bd9d,P_2caf192a,D.Va,0,5,4847
2089,1289,remech_charged,639.4,T_5568bd9d,P_2caf192a,D.Va,0,7,4847
2090,1292,remech_charged,573.39,T_5b9402a1,P_9d644d1a,D.Va,0,4,4862
2091,1292,remech_charged,620.34,T_5b9402a1,P_9d644d1a,D.Va,0,6,4862
2092,1293,remech_charged,99.96,T_c2f547c5,P_7570059a,D.Va,0,2,4871
2093,1293,remech_charged,181.13,T_c2f547c5,P_7570059a,D.Va,0,4,4871
2094,1293,remech_charged,246.04,T_c2f547c5,P_7570059a,D.Va,0,6,4871
2095,1293,remech_charged,316.76,T_c2f547c5,P_7570059a,D.Va,0,8,4871
2096,1293,remech_charged,355.02,T_c2f547c5,P_7570059a,D.Va,0,10,4871
2097,1293,remech_charged,99.96,T_c2f547c5,P_7570059a,D.Va,0,2,4872
2098,1293,remech_charged,181.13,T_c2f547c5,P_7570059a,D.Va,0,4,4872
2099,1293,remech_charged,246.04,T_c2f547c5,P_7570059a,D.Va,0,6,4872
2100,1293,remech_charged,316.76,T_c2f547c5,P_7570059a,D.Va,0,8,4872
2101,1293,remech_charged,355.02,T_c2f547c5,P_7570059a,D.Va,0,10,4872
2102,1296,remech_charged,212.75,T_a02bf5e9,P_6696ec60,D.Va,0,2,4887
2103,1296,remech_charged,416.76,T_f5b16258,P_1a4a673b,D.Va,0,4,4887
2104,1296,remech_charged,643.01,T_a02bf5e9,P_6696ec60,D.Va,0,5,4887
2105,1296,remech_charged,699.4,T_a02bf5e9,P_6696ec60,D.Va,0,7,4887
2106,1300,remech_charged,487.25,T_a02bf5e9,P_de0971db,D.Va,0,3,4908
2107,1301,remech_charged,248.63,T_a02bf5e9,P_de0971db,D.Va,0,2,4909
2108,1303,remech_charged,117.02,T_a02bf5e9,P_8015ed2c,D.Va,0,2,4914
2109,1303,remech_charged,128.31,T_5568bd9d,P_2caf192a,D.Va,0,1,4914
2110,1303,remech_charged,192.4,T_5568bd9d,P_2caf192a,D.Va,0,3,4914
2111,1303,remech_charged,263.68,T_a02bf5e9,P_8015ed2c,D.Va,0,4,4914
2112,1303,remech_charged,315.95,T_a02bf5e9,P_8015ed2c,D.Va,0,5,4914
2113,1303,remech_charged,317.24,T_5568bd9d,P_2caf192a,D.Va,0,5,4914
2114,1303,remech_charged,487.2,T_a02bf5e9,P_8015ed2c,D.Va,0,7,4914
2115,1303,remech_charged,663.84,T_5568bd9d,P_2caf192a,D.Va,0,7,4914
2116,1303,remech_charged,699.39,T_a02bf5e9,P_8015ed2c,D.Va,0,9,4914
2117,1303,remech_charged,826.68,T_5568bd9d,P_2caf192a,D.Va,0,10,4914
2118,1303,remech_charged,80.78,T_5568bd9d,P_fc577068,D.Va,0,1,4916
2119,1303,remech_charged,121.56,T_5568bd9d,P_fc577068,D.Va,0,3,4916
2120,1303,remech_charged,249.37,T_5568bd9d,P_fc577068,D.Va,0,5,4916
2121,1303,remech_charged,297.39,T_5568bd9d,P_fc577068,D.Va,0,7,4916
2122,1303,remech_charged,440.89,T_5568bd9d,P_fc577068,D.Va,0,9,4916
2123,1303,remech_charged,594.23,T_5568bd9d,P_fc577068,D.Va,0,10,4916
2124,1308,remech_charged,285.17,T_7ba5dfb5,P_8eb55bf5,D.Va,0,2,4929
2125,1308,remech_charged,473.38,T_7ba5dfb5,P_8eb55bf5,D.Va,0,3,4929
2152,1320,remech_charged,160.37,T_3238eb96,P_891a6409,D.Va,0,2,4968
2153,1320,remech_charged,306.51,T_3238eb96,P_891a6409,D.Va,0,4,4968
2154,1320,remech_charged,382.98,T_3238eb96,P_891a6409,D.Va,0,5,4968
2155,1320,remech_charged,569.02,T_3238eb96,P_891a6409,D.Va,0,8,4968
2156,1320,remech_charged,618.93,T_7f8ba35f,P_1c023801,D.Va,0,4,4968
2157,1320,remech_charged,744.32,T_7f8ba35f,P_1c023801,D.Va,0,6,4968
2158,1320,remech_charged,771.71,T_3238eb96,P_891a6409,D.Va,0,10,4968
2159,1320,remech_charged,780.78,T_7f8ba35f,P_1c023801,D.Va,0,8,4968
2160,1320,remech_charged,935.81,T_3238eb96,P_891a6409,D.Va,0,12,4968
2162,1321,remech_charged,254.83,T_a02bf5e9,P_0e787c36,D.Va,0,2,4973
2163,1321,remech_charged,384.6,T_a02bf5e9,P_0e787c36,D.Va,0,4,4973
2164,1321,remech_charged,311.1,T_a02bf5e9,P_0e787c36,D.Va,0,2,4974
2165,1321,remech_charged,346.75,T_a02bf5e9,P_0e787c36,D.Va,0,4,4974
2178,1333,remech_charged,75.73,T_5568bd9d,P_b7803ad7,D.Va,0,1,4998
2179,1333,remech_charged,153.12,T_5568bd9d,P_b7803ad7,D.Va,0,3,4998
2180,1333,remech_charged,659.19,T_5568bd9d,P_b7803ad7,D.Va,0,7,4998
2181,1333,remech_charged,934.47,T_5568bd9d,P_b7803ad7,D.Va,0,10,4998
2184,1337,remech_charged,263.13,T_1699ed97,P_393a6ca8,D.Va,0,2,5011
2185,1339,remech_charged,241.8,T_5568bd9d,P_8ddf948b,D.Va,0,2,5016
2186,1339,remech_charged,544.76,T_5568bd9d,P_8ddf948b,D.Va,0,5,5016
2187,1339,remech_charged,604.28,T_5568bd9d,P_8ddf948b,D.Va,0,7,5016
2188,1339,remech_charged,181.85,T_5568bd9d,P_8ddf948b,D.Va,0,1,5018
2189,1339,remech_charged,205.82,T_5568bd9d,P_8ddf948b,D.Va,0,3,5018
2190,1339,remech_charged,350.5,T_5568bd9d,P_8ddf948b,D.Va,0,5,5018
2191,1339,remech_charged,421.26,T_5568bd9d,P_8ddf948b,D.Va,0,7,5018
2192,1339,remech_charged,570.66,T_5568bd9d,P_8ddf948b,D.Va,0,8,5018
2193,1340,remech_charged,124.87,T_7f8ba35f,P_1c023801,D.Va,0,2,5020
2194,1340,remech_charged,267.84,T_7f8ba35f,P_1c023801,D.Va,0,4,5020
2195,1340,remech_charged,399.21,T_3238eb96,P_891a6409,D.Va,0,2,5020
2196,1340,remech_charged,454.89,T_3238eb96,P_891a6409,D.Va,0,3,5020
2197,1342,remech_charged,229.83,T_5568bd9d,P_1be20e40,D.Va,0,2,5023
2200,1353,remech_charged,338.22,T_969420ad,P_a2b404a7,D.Va,0,3,5046
2201,1360,remech_charged,436.41,T_62530b65,P_c652c266,D.Va,0,3,5074
2210,1363,remech_charged,181.09,T_13ab2299,P_4cf49365,D.Va,0,2,5083
2211,1363,remech_charged,303.91,T_467b3697,P_55f28a10,D.Va,0,3,5083
2212,1363,remech_charged,670.48,T_467b3697,P_55f28a10,D.Va,0,6,5083
2213,1363,remech_charged,737.57,T_13ab2299,P_4cf49365,D.Va,0,6,5083
2214,1363,remech_charged,791.65,T_13ab2299,P_4cf49365,D.Va,0,7,5083
2215,1363,remech_charged,837.96,T_13ab2299,P_4cf49365,D.Va,0,8,5083
2216,1363,remech_charged,922.3,T_13ab2299,P_4cf49365,D.Va,0,10,5083
2217,1363,remech_charged,940.69,T_13ab2299,P_4cf49365,D.Va,0,11,5083
1690,984,remech_charged,154.68,T_3238eb96,P_891a6409,D.Va,0,2,
1691,984,remech_charged,310.4,T_3238eb96,P_891a6409,D.Va,0,4,
1692,984,remech_charged,480.41,T_3238eb96,P_891a6409,D.Va,0,7,
1693,984,remech_charged,531.53,T_00cb894d,P_411a5d02,D.Va,0,4,
1694,984,remech_charged,597.92,T_3238eb96,P_891a6409,D.Va,0,9,
1695,984,remech_charged,720.77,T_00cb894d,P_411a5d02,D.Va,0,6,
2219,1373,remech_charged,186.13,T_7ba5dfb5,P_9d0caaee,D.Va,0,2,5112
2220,1373,remech_charged,190.39,T_38270be3,P_02509de3,D.Va,0,2,5112
2221,1373,remech_charged,234.98,T_7ba5dfb5,P_9d0caaee,D.Va,0,3,5112
2222,1374,remech_charged,495.99,T_41934d9d,P_027e0b89,D.Va,0,3,5120
2223,1374,remech_charged,561,T_41934d9d,P_027e0b89,D.Va,0,5,5120
2224,1374,remech_charged,658.87,T_41934d9d,P_027e0b89,D.Va,0,7,5120
2225,1375,remech_charged,275.37,T_5568bd9d,P_b5f70e2b,D.Va,0,2,5122
2226,1375,remech_charged,391.25,T_5568bd9d,P_b5f70e2b,D.Va,0,4,5122
2227,1375,remech_charged,477.72,T_5568bd9d,P_b5f70e2b,D.Va,0,6,5122
2228,1375,remech_charged,209.47,T_5568bd9d,P_b5f70e2b,D.Va,0,2,5127
2229,1375,remech_charged,296.62,T_a02bf5e9,P_e95eadad,D.Va,0,3,5127
2230,1375,remech_charged,302.33,T_5568bd9d,P_b5f70e2b,D.Va,0,4,5127
2231,1375,remech_charged,394.28,T_a02bf5e9,P_e95eadad,D.Va,0,5,5127
2232,1375,remech_charged,407.04,T_5568bd9d,P_b5f70e2b,D.Va,0,5,5127
2233,1375,remech_charged,471.49,T_5568bd9d,P_b5f70e2b,D.Va,0,7,5127
2234,1375,remech_charged,607.91,T_a02bf5e9,P_e95eadad,D.Va,0,7,5127
2235,1379,remech_charged,353.55,T_7f8ba35f,P_1c023801,D.Va,0,2,5135
2236,1379,remech_charged,406.04,T_3238eb96,P_891a6409,D.Va,0,3,5135
2237,1379,remech_charged,536.67,T_3238eb96,P_891a6409,D.Va,0,5,5135
2238,1379,remech_charged,501.72,T_7f8ba35f,P_1c023801,D.Va,0,2,5138
2239,1379,remech_charged,555.75,T_7f8ba35f,P_1c023801,D.Va,0,4,5138
2240,1379,remech_charged,597.03,T_7f8ba35f,P_1c023801,D.Va,0,6,5138
2241,1380,remech_charged,468,T_285e8464,P_7421eb78,D.Va,0,3,5141
2242,1390,remech_charged,74.27,T_a02bf5e9,P_9a222e15,D.Va,0,1,5159
2243,1390,remech_charged,177.5,T_a02bf5e9,P_9a222e15,D.Va,0,3,5159
2244,1393,remech_charged,485.93,T_5568bd9d,P_5133d4ac,D.Va,0,4,5173
2245,1393,remech_charged,709.04,T_a02bf5e9,P_6a668438,D.Va,0,5,5173
2246,1394,remech_charged,136.62,T_a02bf5e9,P_30293991,D.Va,0,2,5178
2247,1394,remech_charged,221.57,T_a02bf5e9,P_30293991,D.Va,0,4,5178
2248,1394,remech_charged,263.21,T_a02bf5e9,P_30293991,D.Va,0,5,5178
2249,1394,remech_charged,359.03,T_a02bf5e9,P_30293991,D.Va,0,6,5178
2250,1394,remech_charged,407.8,T_a02bf5e9,P_30293991,D.Va,0,8,5178
2251,1394,remech_charged,499.99,T_a02bf5e9,P_30293991,D.Va,0,10,5178
2252,1397,remech_charged,155.49,T_a02bf5e9,P_a1a5e7c7,D.Va,0,2,5187
2253,1397,remech_charged,231.14,T_a02bf5e9,P_a1a5e7c7,D.Va,0,4,5187
2254,1397,remech_charged,359.69,T_a02bf5e9,P_a1a5e7c7,D.Va,0,6,5187
2255,1397,remech_charged,415.95,T_a02bf5e9,P_a1a5e7c7,D.Va,0,8,5187
2256,1407,remech_charged,243.98,T_a02bf5e9,P_1a4a673b,D.Va,0,2,5214
2257,1409,remech_charged,120.03,T_a02bf5e9,P_e5416907,D.Va,0,2,5226
2258,1409,remech_charged,165.46,T_a02bf5e9,P_e5416907,D.Va,0,4,5226
2259,1409,remech_charged,486.01,T_a02bf5e9,P_e5416907,D.Va,0,7,5226
2260,1409,remech_charged,545.97,T_a02bf5e9,P_e5416907,D.Va,0,8,5226
2261,1411,remech_charged,168.36,T_a02bf5e9,P_26c422aa,D.Va,0,2,5235
2262,1411,remech_charged,415.29,T_a02bf5e9,P_26c422aa,D.Va,0,3,5236
2263,1411,remech_charged,640.85,T_a02bf5e9,P_26c422aa,D.Va,0,5,5236
2264,1411,remech_charged,763.98,T_a02bf5e9,P_26c422aa,D.Va,0,6,5236
2265,1411,remech_charged,923.21,T_5568bd9d,P_b701a178,D.Va,0,5,5236
2266,1412,remech_charged,208.97,T_5568bd9d,P_e5416907,D.Va,0,2,5243
2267,1412,remech_charged,406.89,T_5568bd9d,P_e5416907,D.Va,0,4,5243
2268,1412,remech_charged,797.03,T_5568bd9d,P_e5416907,D.Va,0,7,5243
2269,1412,remech_charged,133.58,T_5568bd9d,P_e5416907,D.Va,0,2,5246
2270,1412,remech_charged,247,T_5568bd9d,P_e5416907,D.Va,0,4,5246
2271,1412,remech_charged,372,T_5568bd9d,P_e5416907,D.Va,0,6,5246
2272,1412,remech_charged,592.49,T_5568bd9d,P_e5416907,D.Va,0,8,5246
2273,1419,remech_charged,83.93,T_dc7a587c,P_b08d9241,D.Va,0,1,5254
2281,1419,remech_charged,343.3,T_dc7a587c,P_b08d9241,D.Va,0,3,5266
2282,1419,remech_charged,576.66,T_dc7a587c,P_b08d9241,D.Va,0,5,5266
2283,1419,remech_charged,609.69,T_dc7a587c,P_b08d9241,D.Va,0,7,5266
2284,1419,remech_charged,806.15,T_dc7a587c,P_b08d9241,D.Va,0,9,5266
2285,1419,remech_charged,830.62,T_dc7a587c,P_b08d9241,D.Va,0,10,5266
2286,1419,remech_charged,614.64,T_dc7a587c,P_b08d9241,D.Va,0,4,5267
2287,1419,remech_charged,693.39,T_dc7a587c,P_b08d9241,D.Va,0,3,5270
2288,1426,remech_charged,618.71,T_5568bd9d,P_8fd2ec67,D.Va,0,4,5271
2289,1426,remech_charged,275.77,T_5568bd9d,P_8fd2ec67,D.Va,0,2,5272
2290,1426,remech_charged,675.9,T_5568bd9d,P_8fd2ec67,D.Va,0,5,5272
2291,1426,remech_charged,883.18,T_5568bd9d,P_8fd2ec67,D.Va,0,7,5272
2292,1426,remech_charged,216.94,T_5568bd9d,P_8fd2ec67,D.Va,0,2,5273
2293,1426,remech_charged,654.71,T_5568bd9d,P_8fd2ec67,D.Va,0,5,5273
2294,1427,remech_charged,127.69,T_a02bf5e9,P_05bc2a8b,D.Va,0,2,5279
2295,1427,remech_charged,231.95,T_a02bf5e9,P_05bc2a8b,D.Va,0,3,5279
2296,1427,remech_charged,340.65,T_a02bf5e9,P_05bc2a8b,D.Va,0,4,5279
2297,1427,remech_charged,600.51,T_a02bf5e9,P_05bc2a8b,D.Va,0,6,5279
2298,1427,remech_charged,173.53,T_a02bf5e9,P_05bc2a8b,D.Va,0,2,5280
2299,1427,remech_charged,629.16,T_a02bf5e9,P_05bc2a8b,D.Va,0,5,5280
2300,1428,remech_charged,481.01,T_a02bf5e9,P_58594db9,D.Va,0,3,5283
2301,1428,remech_charged,557.34,T_a02bf5e9,P_58594db9,D.Va,0,4,5284
2302,1430,remech_charged,247.02,T_a02bf5e9,P_8fd2ec67,D.Va,0,2,5293
2303,1430,remech_charged,276.01,T_a02bf5e9,P_8fd2ec67,D.Va,0,4,5293
2304,1430,remech_charged,739.82,T_a02bf5e9,P_8fd2ec67,D.Va,0,8,5293
2305,1430,remech_charged,943.31,T_a02bf5e9,P_8fd2ec67,D.Va,0,10,5293
2310,1434,remech_charged,112.14,T_5568bd9d,P_5133d4ac,D.Va,0,1,5312
2311,1434,remech_charged,160.84,T_5568bd9d,P_5133d4ac,D.Va,0,2,5312
2312,1434,remech_charged,210.62,T_5568bd9d,P_5133d4ac,D.Va,0,4,5312
2313,1434,remech_charged,269.49,T_5568bd9d,P_5133d4ac,D.Va,0,5,5312
2314,1437,remech_charged,448.48,T_ecb05279,P_5133d4ac,D.Va,0,3,5324
2315,1437,remech_charged,543.35,T_ecb05279,P_5133d4ac,D.Va,0,5,5324
2316,1437,remech_charged,847.5,T_ecb05279,P_5133d4ac,D.Va,0,8,5324
2317,1437,remech_charged,151.84,T_ecb05279,P_5133d4ac,D.Va,0,2,5325
2318,1439,remech_charged,251.23,T_5568bd9d,P_5133d4ac,D.Va,0,3,5338
2319,1439,remech_charged,437.11,T_a02bf5e9,P_e2aef5d8,D.Va,0,3,5338
2320,1439,remech_charged,604.27,T_5568bd9d,P_5133d4ac,D.Va,0,7,5338
2321,1439,remech_charged,694.37,T_5568bd9d,P_5133d4ac,D.Va,0,9,5338
2322,1442,remech_charged,207.08,T_a02bf5e9,P_3519608c,D.Va,0,2,5353
2323,1442,remech_charged,412.83,T_a02bf5e9,P_3519608c,D.Va,0,3,5353
2324,1442,remech_charged,178.43,T_a02bf5e9,P_3519608c,D.Va,0,2,5354
2325,1442,remech_charged,571.04,T_a02bf5e9,P_3519608c,D.Va,0,5,5354
2326,1442,remech_charged,547.25,T_a02bf5e9,P_aee61731,D.Va,0,4,5357
2327,1443,remech_charged,155.57,T_5568bd9d,P_5133d4ac,D.Va,0,2,5364
2328,1443,remech_charged,207.48,T_5568bd9d,P_5133d4ac,D.Va,0,4,5364
2329,1443,remech_charged,284.23,T_5568bd9d,P_5133d4ac,D.Va,0,5,5364
2330,1443,remech_charged,614.71,T_5568bd9d,P_5133d4ac,D.Va,0,9,5364
2331,1443,remech_charged,807.91,T_5568bd9d,P_5133d4ac,D.Va,0,11,5364
2340,1445,remech_charged,566.9,T_dfa2d504,P_3f6604e6,D.Va,0,4,5381
2341,1445,remech_charged,629.12,T_dfa2d504,P_3f6604e6,D.Va,0,6,5381
2342,1449,remech_charged,448.03,T_7e55086c,P_d54739ad,D.Va,0,3,5384
2343,1449,remech_charged,685.06,T_7e55086c,P_d54739ad,D.Va,0,6,5384
2344,1449,remech_charged,782.85,T_7e55086c,P_d54739ad,D.Va,0,7,5384
2345,1451,remech_charged,128.28,T_1699ed97,P_c5163101,D.Va,0,2,5394
2346,1451,remech_charged,422.1,T_1699ed97,P_c5163101,D.Va,0,5,5394
2347,1451,remech_charged,485.74,T_1699ed97,P_c5163101,D.Va,0,7,5394
2348,1451,remech_charged,193.33,T_1699ed97,P_c5163101,D.Va,0,2,5396
2349,1451,remech_charged,360.82,T_1699ed97,P_c5163101,D.Va,0,4,5396
2350,1451,remech_charged,407.73,T_1699ed97,P_c5163101,D.Va,0,6,5396
2351,1451,remech_charged,510.42,T_1699ed97,P_c5163101,D.Va,0,8,5396
2352,1452,remech_charged,408.34,T_a02bf5e9,P_f331c559,D.Va,0,3,5400
2353,1452,remech_charged,522.94,T_a02bf5e9,P_f331c559,D.Va,0,4,5400
2354,1452,remech_charged,692.75,T_a02bf5e9,P_f331c559,D.Va,0,6,5400
2355,1452,remech_charged,500.1,T_5568bd9d,P_f331c559,D.Va,0,4,5401
2356,1452,remech_charged,638.05,T_5568bd9d,P_f331c559,D.Va,0,6,5401
2357,1452,remech_charged,765.79,T_5568bd9d,P_f331c559,D.Va,0,8,5401
2358,1453,remech_charged,164.71,T_a02bf5e9,P_6d7cdf4e,D.Va,0,1,5405
2359,1453,remech_charged,170.09,T_a02bf5e9,P_4d0b8315,D.Va,0,1,5410
2360,1453,remech_charged,220.17,T_a02bf5e9,P_4d0b8315,D.Va,0,3,5410
2361,1453,remech_charged,360.62,T_a02bf5e9,P_4d0b8315,D.Va,0,5,5410
2362,1455,remech_charged,319.62,T_a02bf5e9,P_cec0d57b,D.Va,0,2,5412
2363,1455,remech_charged,455.12,T_a02bf5e9,P_cec0d57b,D.Va,0,4,5412
1800,1010,remech_charged,159.75,T_4994897b,P_ee091133,D.Va,0,1,
1801,1010,remech_charged,238.65,T_4994897b,P_ee091133,D.Va,0,3,
1802,1010,remech_charged,284.91,T_4994897b,P_ee091133,D.Va,0,4,
1803,1010,remech_charged,337.59,T_4994897b,P_ee091133,D.Va,0,6,
1804,1010,remech_charged,427.32,T_4994897b,P_ee091133,D.Va,0,8,
2364,1462,remech_charged,195.97,T_5568bd9d,P_5133d4ac,D.Va,0,2,5443
2365,1462,remech_charged,341.36,T_5568bd9d,P_5133d4ac,D.Va,0,4,5443
2366,1462,remech_charged,442.95,T_5568bd9d,P_5133d4ac,D.Va,0,6,5443
2367,1462,remech_charged,593.88,T_5568bd9d,P_5133d4ac,D.Va,0,8,5443
2368,1462,remech_charged,664.21,T_5568bd9d,P_5133d4ac,D.Va,0,9,5443
2369,1462,remech_charged,335.3,T_5568bd9d,P_5133d4ac,D.Va,0,3,5444
2370,1462,remech_charged,361.59,T_a02bf5e9,P_3519608c,D.Va,0,3,5444
2371,1462,remech_charged,518.48,T_5568bd9d,P_5133d4ac,D.Va,0,5,5444
2372,1464,remech_charged,128.87,T_b55b70a5,P_99332ccc,D.Va,0,2,5450
2373,1464,remech_charged,243.75,T_b55b70a5,P_99332ccc,D.Va,0,4,5450
2374,1464,remech_charged,464.55,T_b55b70a5,P_99332ccc,D.Va,0,6,5450
2375,1465,remech_charged,317.64,T_a02bf5e9,P_b8809733,D.Va,0,2,5457
2376,1465,remech_charged,352.66,T_a02bf5e9,P_b8809733,D.Va,0,4,5457
2377,1465,remech_charged,403.31,T_a02bf5e9,P_b8809733,D.Va,0,6,5457
2378,1465,remech_charged,465.87,T_a02bf5e9,P_b8809733,D.Va,0,7,5457
2381,1467,remech_charged,177.02,T_a02bf5e9,P_1fa2cd94,D.Va,0,2,5464
2382,1473,remech_charged,265.4,T_a02bf5e9,P_8fd2ec67,D.Va,0,2,5466
2383,1473,remech_charged,740.16,T_a02bf5e9,P_8fd2ec67,D.Va,0,6,5466
2384,1473,remech_charged,774.3,T_a02bf5e9,P_8fd2ec67,D.Va,0,7,5466
2388,1473,remech_charged,317.51,T_a02bf5e9,P_8fd2ec67,D.Va,0,3,5471
2389,1473,remech_charged,826.16,T_a02bf5e9,P_8fd2ec67,D.Va,0,7,5471
2390,1473,remech_charged,103.32,T_5568bd9d,P_5133d4ac,D.Va,0,1,5472
2391,1473,remech_charged,158.36,T_5568bd9d,P_5133d4ac,D.Va,0,2,5472
2392,1473,remech_charged,175.1,T_5568bd9d,P_5133d4ac,D.Va,0,4,5472
2393,1474,remech_charged,557.33,T_a02bf5e9,P_cb195f4e,D.Va,0,4,5483
2394,1474,remech_charged,135.68,T_a02bf5e9,P_cb195f4e,D.Va,0,1,5486
2395,1474,remech_charged,620.96,T_a02bf5e9,P_cb195f4e,D.Va,0,4,5486
2396,1475,remech_charged,221.05,T_a02bf5e9,P_9cd21c91,D.Va,0,2,5489
2397,1476,remech_charged,668.6,T_a02bf5e9,P_3519608c,D.Va,0,5,5494
2398,1476,remech_charged,156.53,T_5568bd9d,P_5133d4ac,D.Va,0,2,5496
2399,1476,remech_charged,379.49,T_5568bd9d,P_5133d4ac,D.Va,0,5,5496
2400,1476,remech_charged,421.03,T_5568bd9d,P_5133d4ac,D.Va,0,7,5496
2401,1479,remech_charged,189.57,T_1699ed97,P_c5163101,D.Va,0,2,5502
2402,1481,remech_charged,400.82,T_a02bf5e9,P_59d7f4d4,D.Va,0,3,5510
2403,1481,remech_charged,771.55,T_a02bf5e9,P_59d7f4d4,D.Va,0,6,5510
2404,1481,remech_charged,400.82,T_a02bf5e9,P_59d7f4d4,D.Va,0,3,5513
2405,1481,remech_charged,771.55,T_a02bf5e9,P_59d7f4d4,D.Va,0,6,5513
2406,1485,remech_charged,436.07,T_a02bf5e9,P_6df2b2f7,D.Va,0,3,5516
2407,1485,remech_charged,462.63,T_a02bf5e9,P_6df2b2f7,D.Va,0,5,5516
2408,1485,remech_charged,492.42,T_a02bf5e9,P_6df2b2f7,D.Va,0,6,5516
2409,1485,remech_charged,590.46,T_a02bf5e9,P_6df2b2f7,D.Va,0,7,5516
2410,1485,remech_charged,728.62,T_a02bf5e9,P_6df2b2f7,D.Va,0,9,5516
2411,1485,remech_charged,578.31,T_5568bd9d,P_9be3f49d,D.Va,0,4,5519
2412,1486,remech_charged,192.45,T_a02bf5e9,P_d6d72544,D.Va,0,2,5522
2413,1486,remech_charged,144.96,T_a02bf5e9,P_d6d72544,D.Va,0,2,5525
2414,1486,remech_charged,183.95,T_a02bf5e9,P_d6d72544,D.Va,0,4,5525
2415,1486,remech_charged,252.03,T_a02bf5e9,P_d6d72544,D.Va,0,5,5525
2416,1486,remech_charged,324.31,T_a02bf5e9,P_d6d72544,D.Va,0,6,5525
2417,1486,remech_charged,424.84,T_a02bf5e9,P_d6d72544,D.Va,0,8,5525
2418,1486,remech_charged,521.11,T_a02bf5e9,P_d6d72544,D.Va,0,10,5525
2419,1487,remech_charged,257.63,T_5568bd9d,P_5711e1d2,D.Va,0,2,5532
2422,1490,remech_charged,216.53,T_a02bf5e9,P_0c00d56a,D.Va,0,1,5535
2423,1490,remech_charged,302.07,T_a02bf5e9,P_0c00d56a,D.Va,0,3,5535
2424,1490,remech_charged,51.02,T_5568bd9d,P_9be3f49d,D.Va,0,1,5538
2425,1490,remech_charged,153.57,T_5568bd9d,P_9be3f49d,D.Va,0,3,5538
2426,1490,remech_charged,409.79,T_5568bd9d,P_9be3f49d,D.Va,0,5,5538
2427,1492,remech_charged,119.26,T_a02bf5e9,P_651faaec,D.Va,0,1,5543
2428,1492,remech_charged,259.45,T_a02bf5e9,P_651faaec,D.Va,0,3,5543
2429,1492,remech_charged,402.24,T_a02bf5e9,P_651faaec,D.Va,0,5,5543
2430,1492,remech_charged,451.71,T_a02bf5e9,P_651faaec,D.Va,0,7,5543
2435,1493,remech_charged,147.49,T_a02bf5e9,P_0e787c36,D.Va,0,2,5549
2436,1493,remech_charged,250.16,T_a02bf5e9,P_0e787c36,D.Va,0,4,5549
2437,1493,remech_charged,358.07,T_a02bf5e9,P_0e787c36,D.Va,0,6,5549
2438,1493,remech_charged,436.02,T_a02bf5e9,P_0e787c36,D.Va,0,7,5549
2439,1493,remech_charged,147.49,T_a02bf5e9,P_0e787c36,D.Va,0,2,5552
2440,1493,remech_charged,250.16,T_a02bf5e9,P_0e787c36,D.Va,0,4,5552
2441,1493,remech_charged,358.07,T_a02bf5e9,P_0e787c36,D.Va,0,6,5552
2442,1493,remech_charged,436.02,T_a02bf5e9,P_0e787c36,D.Va,0,7,5552
2446,1496,remech_charged,48.1,T_5568bd9d,P_9be3f49d,D.Va,0,1,5554
2447,1496,remech_charged,181.36,T_5568bd9d,P_9be3f49d,D.Va,0,3,5554
2448,1496,remech_charged,291.23,T_5568bd9d,P_9be3f49d,D.Va,0,4,5554
2449,1496,remech_charged,127.02,T_5568bd9d,P_9be3f49d,D.Va,0,2,5555
2450,1496,remech_charged,404.35,T_5568bd9d,P_9be3f49d,D.Va,0,4,5555
2451,1496,remech_charged,650.58,T_5568bd9d,P_9be3f49d,D.Va,0,6,5555
2452,1496,remech_charged,818.09,T_5568bd9d,P_9be3f49d,D.Va,0,8,5555
2453,1496,remech_charged,310.46,T_5568bd9d,P_9be3f49d,D.Va,0,2,5556
2454,1496,remech_charged,625.15,T_5568bd9d,P_9be3f49d,D.Va,0,5,5556
2455,1496,remech_charged,704.64,T_5568bd9d,P_9be3f49d,D.Va,0,7,5556
2456,1496,remech_charged,258.35,T_5568bd9d,P_9be3f49d,D.Va,0,2,5557
2457,1496,remech_charged,711.89,T_5568bd9d,P_9be3f49d,D.Va,0,5,5557
2458,1498,remech_charged,373.77,T_a02bf5e9,P_33315154,D.Va,0,3,5559
2459,1498,remech_charged,161.17,T_a02bf5e9,P_33315154,D.Va,0,2,5562
2460,1498,remech_charged,368.8,T_a02bf5e9,P_33315154,D.Va,0,5,5562
2461,1498,remech_charged,498.96,T_a02bf5e9,P_33315154,D.Va,0,7,5562
2462,1500,remech_charged,47.78,T_a02bf5e9,P_4a9291ba,D.Va,0,1,5571
2463,1500,remech_charged,173.1,T_5568bd9d,P_5711e1d2,D.Va,0,2,5571
2464,1500,remech_charged,176.65,T_a02bf5e9,P_4a9291ba,D.Va,0,3,5571
2465,1500,remech_charged,283.84,T_5568bd9d,P_5711e1d2,D.Va,0,3,5571
2466,1500,remech_charged,385.79,T_5568bd9d,P_5711e1d2,D.Va,0,5,5571
2467,1500,remech_charged,400.28,T_a02bf5e9,P_4a9291ba,D.Va,0,5,5571
2468,1500,remech_charged,443.12,T_a02bf5e9,P_4a9291ba,D.Va,0,7,5571
2469,1500,remech_charged,650.16,T_a02bf5e9,P_4a9291ba,D.Va,0,9,5571
2470,1500,remech_charged,713.75,T_a02bf5e9,P_4a9291ba,D.Va,0,11,5571
2471,1500,remech_charged,99.03,T_5568bd9d,P_5711e1d2,D.Va,0,1,5572
2472,1500,remech_charged,399.78,T_a02bf5e9,P_4a9291ba,D.Va,0,3,5572
2473,1500,remech_charged,408.84,T_5568bd9d,P_5711e1d2,D.Va,0,3,5572
2474,1500,remech_charged,424.85,T_a02bf5e9,P_4a9291ba,D.Va,0,4,5572
2475,1500,remech_charged,491.74,T_a02bf5e9,P_4a9291ba,D.Va,0,5,5572
2476,1500,remech_charged,528.43,T_5568bd9d,P_5711e1d2,D.Va,0,5,5572
2477,1500,remech_charged,534.6,T_a02bf5e9,P_4a9291ba,D.Va,0,6,5572
2478,1500,remech_charged,798.73,T_a02bf5e9,P_4a9291ba,D.Va,0,9,5572
2479,1500,remech_charged,1022.68,T_a02bf5e9,P_4a9291ba,D.Va,0,12,5572
2480,1500,remech_charged,497.87,T_a02bf5e9,P_4a9291ba,D.Va,0,3,5573
2481,1501,remech_charged,140.3,T_5568bd9d,P_5711e1d2,D.Va,0,2,5578
2482,1501,remech_charged,355.59,T_5568bd9d,P_5711e1d2,D.Va,0,4,5578
2483,1501,remech_charged,806.82,T_5568bd9d,P_5711e1d2,D.Va,0,5,5580
2484,1503,remech_charged,476.78,T_915af013,P_99332ccc,D.Va,0,3,5587
2485,1503,remech_charged,692.86,T_915af013,P_99332ccc,D.Va,0,5,5587
2486,1503,remech_charged,727.87,T_915af013,P_99332ccc,D.Va,0,7,5587
2487,1503,remech_charged,747.7,T_915af013,P_99332ccc,D.Va,0,9,5587
2488,1503,remech_charged,242.3,T_915af013,P_99332ccc,D.Va,0,2,5588
2489,1504,remech_charged,511.57,T_5568bd9d,P_9be3f49d,D.Va,0,4,5593
2490,1504,remech_charged,922.2,T_5568bd9d,P_9be3f49d,D.Va,0,7,5593
2496,1504,remech_charged,161.58,T_5568bd9d,P_9be3f49d,D.Va,0,2,5596
2497,1504,remech_charged,221.97,T_5568bd9d,P_9be3f49d,D.Va,0,4,5596
2498,1504,remech_charged,668.18,T_5568bd9d,P_9be3f49d,D.Va,0,7,5596
2499,1504,remech_charged,789.53,T_5568bd9d,P_9be3f49d,D.Va,0,8,5596
2500,1504,remech_charged,852.64,T_5568bd9d,P_9be3f49d,D.Va,0,10,5596
2508,1506,remech_charged,615.98,T_a02bf5e9,P_e2aef5d8,D.Va,0,3,5614
2509,1506,remech_charged,759.95,T_a02bf5e9,P_e2aef5d8,D.Va,0,5,5614
2510,1506,remech_charged,823.75,T_a02bf5e9,P_e2aef5d8,D.Va,0,7,5614
2511,1506,remech_charged,860.13,T_a02bf5e9,P_e2aef5d8,D.Va,0,9,5614
2512,1506,remech_charged,933.82,T_a02bf5e9,P_e2aef5d8,D.Va,0,11,5614
2513,1506,remech_charged,411.23,T_a02bf5e9,P_e2aef5d8,D.Va,0,3,5615
2514,1506,remech_charged,922.74,T_a02bf5e9,P_e2aef5d8,D.Va,0,6,5615
2515,1507,remech_charged,560.07,T_0d0b6c05,P_ee72b96b,D.Va,0,4,5622
2516,1507,remech_charged,655.14,T_0d0b6c05,P_ee72b96b,D.Va,0,5,5622
2519,1509,remech_charged,197.33,T_5568bd9d,P_9be3f49d,D.Va,0,2,5630
2520,1509,remech_charged,484.59,T_5568bd9d,P_9be3f49d,D.Va,0,4,5630
2521,1509,remech_charged,539.88,T_5568bd9d,P_9be3f49d,D.Va,0,6,5630
2522,1509,remech_charged,558.08,T_a02bf5e9,P_c8b961cb,D.Va,0,4,5630
2523,1509,remech_charged,197.33,T_5568bd9d,P_9be3f49d,D.Va,0,2,5631
2524,1509,remech_charged,484.59,T_5568bd9d,P_9be3f49d,D.Va,0,4,5631
2525,1509,remech_charged,539.88,T_5568bd9d,P_9be3f49d,D.Va,0,6,5631
2526,1509,remech_charged,558.08,T_a02bf5e9,P_c8b961cb,D.Va,0,4,5631
2527,1509,remech_charged,203.18,T_a02bf5e9,P_c8b961cb,D.Va,0,2,5632
2528,1509,remech_charged,220.43,T_a02bf5e9,P_c8b961cb,D.Va,0,3,5632
2529,1509,remech_charged,350.81,T_a02bf5e9,P_c8b961cb,D.Va,0,5,5632
2530,1509,remech_charged,819.07,T_a02bf5e9,P_c8b961cb,D.Va,0,7,5632
2531,1509,remech_charged,839.06,T_a02bf5e9,P_c8b961cb,D.Va,0,9,5632
2532,1509,remech_charged,149.52,T_a02bf5e9,P_c8b961cb,D.Va,0,2,5633
2533,1509,remech_charged,286.23,T_a02bf5e9,P_c8b961cb,D.Va,0,4,5633
2534,1509,remech_charged,717.54,T_a02bf5e9,P_c8b961cb,D.Va,0,5,5634
2535,1509,remech_charged,934.95,T_a02bf5e9,P_c8b961cb,D.Va,0,8,5634
2536,1510,remech_charged,120.54,T_5568bd9d,P_5711e1d2,D.Va,0,2,5635
2537,1510,remech_charged,317.14,T_5568bd9d,P_5711e1d2,D.Va,0,3,5635
2538,1510,remech_charged,330.11,T_5568bd9d,P_5711e1d2,D.Va,0,4,5635
2539,1510,remech_charged,459.23,T_a02bf5e9,P_64b6f39e,D.Va,0,4,5635
2540,1510,remech_charged,464.48,T_5568bd9d,P_5711e1d2,D.Va,0,7,5635
2541,1510,remech_charged,622.7,T_5568bd9d,P_5711e1d2,D.Va,0,9,5635
2542,1510,remech_charged,744.73,T_5568bd9d,P_5711e1d2,D.Va,0,11,5635
2543,1510,remech_charged,831.24,T_a02bf5e9,P_64b6f39e,D.Va,0,7,5635
2544,1510,remech_charged,861,T_5568bd9d,P_5711e1d2,D.Va,0,12,5635
2545,1511,remech_charged,661.98,T_a02bf5e9,P_cec0d57b,D.Va,0,5,5650
2546,1511,remech_charged,947.19,T_a02bf5e9,P_cec0d57b,D.Va,0,8,5650
2547,1511,remech_charged,1013.31,T_1699ed97,P_55f13ccb,D.Va,0,7,5650
2548,1512,remech_charged,166.01,T_a02bf5e9,P_027e0b89,D.Va,0,2,5653
2549,1512,remech_charged,131.77,T_a02bf5e9,P_027e0b89,D.Va,0,2,5655
2550,1512,remech_charged,226.74,T_a02bf5e9,P_027e0b89,D.Va,0,3,5655
2551,1512,remech_charged,327.25,T_a02bf5e9,P_027e0b89,D.Va,0,5,5655
2552,1512,remech_charged,446.19,T_a02bf5e9,P_027e0b89,D.Va,0,6,5655
2553,1512,remech_charged,538.47,T_a02bf5e9,P_027e0b89,D.Va,0,8,5655
2554,1512,remech_charged,612.57,T_a02bf5e9,P_027e0b89,D.Va,0,9,5655
2555,1512,remech_charged,651.54,T_a02bf5e9,P_027e0b89,D.Va,0,11,5655
2556,1520,remech_charged,380.38,T_a02bf5e9,P_5b00f262,D.Va,0,3,5672
2557,1520,remech_charged,649.8,T_a02bf5e9,P_5b00f262,D.Va,0,5,5672
2558,1520,remech_charged,780.8,T_a02bf5e9,P_5b00f262,D.Va,0,7,5672
2559,1520,remech_charged,303.35,T_a02bf5e9,P_5b00f262,D.Va,0,2,5680
2560,1520,remech_charged,554.96,T_a02bf5e9,P_5b00f262,D.Va,0,4,5680
2561,1523,remech_charged,363.91,T_a02bf5e9,P_ee72b96b,D.Va,0,2,5702
2562,1523,remech_charged,365.21,T_a02bf5e9,P_ee72b96b,D.Va,0,3,5702
2563,1523,remech_charged,445.05,T_a02bf5e9,P_ee72b96b,D.Va,0,6,5702
2564,1526,remech_charged,479.31,T_5568bd9d,P_ada3d7ca,D.Va,0,4,5720
2565,1526,remech_charged,80.27,T_2493ae81,P_ada3d7ca,D.Va,0,1,5721
2566,1526,remech_charged,145.86,T_2493ae81,P_ada3d7ca,D.Va,0,3,5721
2567,1526,remech_charged,371.36,T_2493ae81,P_ada3d7ca,D.Va,0,5,5721
2568,1526,remech_charged,570.86,T_2493ae81,P_ada3d7ca,D.Va,0,7,5721
2569,1526,remech_charged,611.33,T_033b8b16,P_254a2aa1,D.Va,0,4,5721
2570,1526,remech_charged,856.09,T_2493ae81,P_ada3d7ca,D.Va,0,9,5721
2571,1526,remech_charged,881.85,T_033b8b16,P_254a2aa1,D.Va,0,6,5721
2572,1528,remech_charged,720.35,T_3af87b19,P_3519608c,D.Va,0,5,5727
2573,1529,remech_charged,720.35,T_92470a2c,P_3519608c,D.Va,0,5,5728
2574,1529,remech_charged,142.96,T_a02bf5e9,P_3519608c,D.Va,0,2,5730
2575,1529,remech_charged,268.42,T_5568bd9d,P_5133d4ac,D.Va,0,2,5730
2576,1529,remech_charged,394.05,T_5568bd9d,P_5133d4ac,D.Va,0,4,5730
2577,1529,remech_charged,461.29,T_a02bf5e9,P_3519608c,D.Va,0,5,5730
2578,1529,remech_charged,518.54,T_5568bd9d,P_5133d4ac,D.Va,0,6,5730
2579,1529,remech_charged,568.15,T_5568bd9d,P_5133d4ac,D.Va,0,8,5730
2580,1529,remech_charged,610.4,T_5568bd9d,P_5133d4ac,D.Va,0,10,5730
2581,1529,remech_charged,646.2,T_a02bf5e9,P_3519608c,D.Va,0,7,5730
2582,1529,remech_charged,694.93,T_a02bf5e9,P_3519608c,D.Va,0,8,5730
2583,1529,remech_charged,142.96,T_a02bf5e9,P_3519608c,D.Va,0,2,5731
2584,1529,remech_charged,268.42,T_5568bd9d,P_5133d4ac,D.Va,0,2,5731
2585,1529,remech_charged,394.05,T_5568bd9d,P_5133d4ac,D.Va,0,4,5731
2586,1529,remech_charged,461.29,T_a02bf5e9,P_3519608c,D.Va,0,5,5731
2587,1529,remech_charged,518.54,T_5568bd9d,P_5133d4ac,D.Va,0,6,5731
2588,1529,remech_charged,568.15,T_5568bd9d,P_5133d4ac,D.Va,0,8,5731
2589,1529,remech_charged,610.4,T_5568bd9d,P_5133d4ac,D.Va,0,10,5731
2590,1529,remech_charged,646.2,T_a02bf5e9,P_3519608c,D.Va,0,7,5731
2591,1529,remech_charged,694.93,T_a02bf5e9,P_3519608c,D.Va,0,8,5731
2592,1529,remech_charged,138.67,T_5568bd9d,P_5133d4ac,D.Va,0,2,5733
2595,1529,remech_charged,138.67,T_5568bd9d,P_5133d4ac,D.Va,0,2,5736
2596,1530,remech_charged,124.09,T_5568bd9d,P_ada3d7ca,D.Va,0,2,5737
2597,1530,remech_charged,147.83,T_5568bd9d,P_ada3d7ca,D.Va,0,3,5737
2598,1530,remech_charged,251.68,T_5568bd9d,P_ada3d7ca,D.Va,0,4,5737
2599,1534,remech_charged,290.04,T_a02bf5e9,P_89a6644c,D.Va,0,2,5745
2600,1534,remech_charged,671.84,T_a02bf5e9,P_89a6644c,D.Va,0,6,5745
2601,1535,remech_charged,119.66,T_5568bd9d,P_5711e1d2,D.Va,0,1,5748
2602,1535,remech_charged,249.88,T_5568bd9d,P_5711e1d2,D.Va,0,3,5748
2603,1535,remech_charged,327.46,T_5568bd9d,P_5711e1d2,D.Va,0,5,5748
2604,1535,remech_charged,61.17,T_5568bd9d,P_5711e1d2,D.Va,0,1,5750
2605,1535,remech_charged,150.85,T_5568bd9d,P_5711e1d2,D.Va,0,3,5750
2608,1537,remech_charged,61.17,T_5568bd9d,P_5711e1d2,D.Va,0,1,5763
2609,1537,remech_charged,150.85,T_5568bd9d,P_5711e1d2,D.Va,0,3,5763
2610,1537,remech_charged,119.66,T_5568bd9d,P_5711e1d2,D.Va,0,1,5765
2611,1537,remech_charged,249.88,T_5568bd9d,P_5711e1d2,D.Va,0,3,5765
2612,1537,remech_charged,327.46,T_5568bd9d,P_5711e1d2,D.Va,0,5,5765
2613,1540,remech_charged,132.47,T_a02bf5e9,P_4d25b49a,D.Va,0,2,5769
2614,1540,remech_charged,248.01,T_a02bf5e9,P_4d25b49a,D.Va,0,3,5769
2615,1540,remech_charged,313.82,T_a02bf5e9,P_4d25b49a,D.Va,0,4,5769
2616,1540,remech_charged,366.93,T_a02bf5e9,P_4d25b49a,D.Va,0,6,5769
2617,1540,remech_charged,545.92,T_5568bd9d,P_0dec2868,D.Va,0,4,5769
2618,1540,remech_charged,132.47,T_a02bf5e9,P_4d25b49a,D.Va,0,2,5772
2619,1540,remech_charged,248.01,T_a02bf5e9,P_4d25b49a,D.Va,0,3,5772
2620,1540,remech_charged,313.82,T_a02bf5e9,P_4d25b49a,D.Va,0,4,5772
2621,1540,remech_charged,366.93,T_a02bf5e9,P_4d25b49a,D.Va,0,6,5772
2622,1540,remech_charged,545.92,T_5568bd9d,P_0dec2868,D.Va,0,4,5772
2623,1547,remech_charged,121.61,T_e8c429ce,P_ed195883,D.VA,0,1,5779
2624,1548,remech_charged,205.32,T_5568bd9d,P_9547094d,D.Va,0,2,5782
2625,1548,remech_charged,373.77,T_a02bf5e9,P_ff9c0556,D.Va,0,3,5782
2626,1548,remech_charged,461.29,T_a02bf5e9,P_ff9c0556,D.Va,0,4,5782
2627,1549,remech_charged,233.57,T_5568bd9d,P_9be3f49d,D.Va,0,2,5786
2628,1549,remech_charged,513.95,T_5568bd9d,P_9be3f49d,D.Va,0,5,5786
2629,1549,remech_charged,621.12,T_5568bd9d,P_9be3f49d,D.Va,0,7,5786
2630,1549,remech_charged,794.92,T_5568bd9d,P_9be3f49d,D.Va,0,9,5786
2631,1549,remech_charged,47.46,T_a02bf5e9,P_c8b961cb,D.Va,0,1,5787
2632,1549,remech_charged,311.31,T_a02bf5e9,P_c8b961cb,D.Va,0,3,5787
2633,1549,remech_charged,790.4,T_a02bf5e9,P_c8b961cb,D.Va,0,8,5787
2634,1549,remech_charged,917.85,T_a02bf5e9,P_c8b961cb,D.Va,0,10,5787
2635,1550,remech_charged,266.14,T_5568bd9d,P_9547094d,D.Va,0,2,5789
2637,1553,remech_charged,259.32,T_a02bf5e9,P_89a6644c,D.Va,0,3,5795
2638,1553,remech_charged,551.06,T_a02bf5e9,P_89a6644c,D.Va,0,5,5795
2639,1553,remech_charged,311.34,T_a02bf5e9,P_89a6644c,D.Va,0,3,5796
2640,1553,remech_charged,393.63,T_a02bf5e9,P_89a6644c,D.Va,0,4,5796
2641,1553,remech_charged,428.33,T_a02bf5e9,P_89a6644c,D.Va,0,6,5796
2642,1553,remech_charged,703.16,T_a02bf5e9,P_89a6644c,D.Va,0,6,5798
2643,1552,remech_charged,163.13,T_a02bf5e9,P_1de66280,D.Va,0,2,5800
2644,1552,remech_charged,212.27,T_a02bf5e9,P_1de66280,D.Va,0,4,5800
2645,1552,remech_charged,332.68,T_a02bf5e9,P_1de66280,D.Va,0,6,5800
2646,1552,remech_charged,377.36,T_a02bf5e9,P_1de66280,D.Va,0,8,5800
2647,1552,remech_charged,558.36,T_a02bf5e9,P_1de66280,D.Va,0,10,5800
2648,1552,remech_charged,690.45,T_a02bf5e9,P_1de66280,D.Va,0,12,5800
2649,1552,remech_charged,850.62,T_a02bf5e9,P_1de66280,D.Va,0,14,5800
2650,1552,remech_charged,582.08,T_a02bf5e9,P_1de66280,D.Va,0,4,5802
2651,1555,remech_charged,139.13,T_a02bf5e9,P_a81f1915,D.Va,0,2,5808
2652,1555,remech_charged,258.7,T_a02bf5e9,P_a81f1915,D.Va,0,4,5808
2653,1555,remech_charged,398.89,T_a02bf5e9,P_a81f1915,D.Va,0,6,5808
2654,1555,remech_charged,437.47,T_a02bf5e9,P_a81f1915,D.Va,0,7,5808
2656,1557,remech_charged,348.98,T_a02bf5e9,P_ecbf7f52,D.Va,0,3,5815
2657,1564,remech_charged,304.68,T_5568bd9d,P_e2aef5d8,D.Va,0,2,5844
2658,1564,remech_charged,180.65,T_a02bf5e9,P_07630316,D.Va,0,2,5845
2659,1564,remech_charged,325.76,T_a02bf5e9,P_07630316,D.Va,0,4,5845
2660,1564,remech_charged,713.48,T_a02bf5e9,P_07630316,D.Va,0,7,5845
2661,1564,remech_charged,778.74,T_a02bf5e9,P_07630316,D.Va,0,9,5845
2662,1564,remech_charged,905.48,T_a02bf5e9,P_07630316,D.Va,0,11,5845
2663,1565,remech_charged,119.05,T_5568bd9d,P_5711e1d2,D.Va,0,2,5849
2664,1565,remech_charged,246.43,T_5568bd9d,P_5711e1d2,D.Va,0,4,5849
2665,1567,remech_charged,734.18,T_5568bd9d,P_e2aef5d8,D.Va,0,4,5856
2666,1568,remech_charged,130.43,T_3238eb96,P_891a6409,D.Va,0,2,5860
2667,1568,remech_charged,165.18,T_3238eb96,P_891a6409,D.Va,0,3,5860
2668,1568,remech_charged,287.64,T_3238eb96,P_891a6409,D.Va,0,4,5860
2669,1568,remech_charged,306.66,T_3238eb96,P_891a6409,D.Va,0,6,5860
2670,1568,remech_charged,594.13,T_3238eb96,P_891a6409,D.Va,0,9,5860
2671,1568,remech_charged,723.03,T_3238eb96,P_891a6409,D.Va,0,11,5860
2672,1568,remech_charged,777.39,T_3238eb96,P_891a6409,D.Va,0,12,5860
2673,1568,remech_charged,309.23,T_3238eb96,P_891a6409,D.Va,0,2,5863
2674,1568,remech_charged,364.88,T_3238eb96,P_891a6409,D.Va,0,3,5863
2675,1568,remech_charged,382.35,T_3238eb96,P_891a6409,D.Va,0,5,5863
2676,1568,remech_charged,487.5,T_3238eb96,P_891a6409,D.Va,0,7,5863
2677,1568,remech_charged,688.6,T_3238eb96,P_891a6409,D.Va,0,8,5863
2678,1568,remech_charged,129.91,T_99940b25,P_b1299717,D.Va,0,2,5865
2679,1568,remech_charged,284.42,T_3238eb96,P_891a6409,D.Va,0,3,5865
2680,1568,remech_charged,319.84,T_3238eb96,P_891a6409,D.Va,0,4,5865
2681,1568,remech_charged,399.57,T_3238eb96,P_891a6409,D.Va,0,5,5865
2682,1568,remech_charged,701.12,T_3238eb96,P_891a6409,D.Va,0,9,5865
2683,1568,remech_charged,746.65,T_3238eb96,P_891a6409,D.Va,0,11,5865
2735,1570,remech_charged,138.85,T_a02bf5e9,P_07630316,D.Va,0,2,5879
2736,1570,remech_charged,191.8,T_5568bd9d,P_b8809733,D.Va,0,2,5879
2737,1570,remech_charged,252.64,T_a02bf5e9,P_07630316,D.Va,0,4,5879
2738,1570,remech_charged,364.81,T_5568bd9d,P_b8809733,D.Va,0,4,5879
2739,1570,remech_charged,377.72,T_a02bf5e9,P_07630316,D.Va,0,5,5879
2740,1570,remech_charged,608.47,T_a02bf5e9,P_07630316,D.Va,0,8,5879
2741,1570,remech_charged,619.19,T_5568bd9d,P_b8809733,D.Va,0,7,5879
2742,1570,remech_charged,735.3,T_5568bd9d,P_b8809733,D.Va,0,9,5879
2743,1570,remech_charged,776.11,T_a02bf5e9,P_07630316,D.Va,0,10,5879
2744,1570,remech_charged,178.94,T_a02bf5e9,P_07630316,D.Va,0,2,5880
2745,1570,remech_charged,181.76,T_5568bd9d,P_b8809733,D.Va,0,2,5880
2746,1570,remech_charged,307.38,T_5568bd9d,P_b8809733,D.Va,0,4,5880
2747,1570,remech_charged,336.12,T_5568bd9d,P_b8809733,D.Va,0,6,5880
2748,1570,remech_charged,360.14,T_a02bf5e9,P_07630316,D.Va,0,4,5880
2749,1570,remech_charged,376.43,T_5568bd9d,P_b8809733,D.Va,0,7,5880
2750,1570,remech_charged,608.43,T_a02bf5e9,P_07630316,D.Va,0,6,5880
2751,1570,remech_charged,534.46,T_5568bd9d,P_b8809733,D.Va,0,4,5882
2752,1570,remech_charged,620.86,T_5568bd9d,P_b8809733,D.Va,0,6,5882
2753,1570,remech_charged,797.24,T_5568bd9d,P_b8809733,D.Va,0,8,5882
2760,1570,remech_charged,534.46,T_5568bd9d,P_b8809733,D.Va,0,4,5885
2761,1570,remech_charged,620.86,T_5568bd9d,P_b8809733,D.Va,0,6,5885
2762,1570,remech_charged,797.24,T_5568bd9d,P_b8809733,D.Va,0,8,5885
2763,1581,remech_charged,766.51,T_5568bd9d,P_9af499d1,D.Va,0,5,5922
2764,1582,remech_charged,346.41,T_a02bf5e9,P_995ef026,D.Va,0,3,5934
2765,1582,remech_charged,471.69,T_a02bf5e9,P_995ef026,D.Va,0,5,5934
2766,1582,remech_charged,840.41,T_a02bf5e9,P_995ef026,D.Va,0,8,5934
2767,1582,remech_charged,58.06,T_a02bf5e9,P_995ef026,D.Va,0,1,5935
2768,1582,remech_charged,192.39,T_a02bf5e9,P_995ef026,D.Va,0,3,5935
2769,1582,remech_charged,318.13,T_a02bf5e9,P_995ef026,D.Va,0,5,5935
2770,1582,remech_charged,441.19,T_a02bf5e9,P_995ef026,D.Va,0,7,5935
2771,1582,remech_charged,549.68,T_a02bf5e9,P_995ef026,D.Va,0,9,5935
2772,1582,remech_charged,157.16,T_a02bf5e9,P_995ef026,D.Va,0,2,5936
2773,1582,remech_charged,298.88,T_a02bf5e9,P_995ef026,D.Va,0,4,5936
2774,1582,remech_charged,407.72,T_a02bf5e9,P_995ef026,D.Va,0,6,5936
2775,1582,remech_charged,513.28,T_a02bf5e9,P_995ef026,D.Va,0,8,5936
2776,1582,remech_charged,551.04,T_a02bf5e9,P_995ef026,D.Va,0,10,5936
2777,1583,remech_charged,200.21,T_a02bf5e9,P_8fd2ec67,D.Va,0,2,5939
2778,1583,remech_charged,377.14,T_a02bf5e9,P_8fd2ec67,D.Va,0,4,5939
2779,1583,remech_charged,471.89,T_a02bf5e9,P_8fd2ec67,D.Va,0,5,5939
2780,1583,remech_charged,619.57,T_a02bf5e9,P_8fd2ec67,D.Va,0,7,5939
2781,1583,remech_charged,634.81,T_5568bd9d,P_b8809733,D.Va,0,4,5939
2782,1583,remech_charged,662.9,T_5568bd9d,P_b8809733,D.Va,0,5,5939
2783,1584,remech_charged,143.09,T_5568bd9d,P_b8809733,D.Va,0,2,5940
2784,1584,remech_charged,312.66,T_5568bd9d,P_b8809733,D.Va,0,4,5940
2785,1584,remech_charged,516.56,T_5568bd9d,P_b8809733,D.Va,0,6,5940
2786,1585,remech_charged,369.28,T_a02bf5e9,P_cc1584d5,D.Va,0,3,5944
2787,1586,remech_charged,200.21,T_a02bf5e9,P_8fd2ec67,D.Va,0,2,5950
2788,1586,remech_charged,377.14,T_a02bf5e9,P_8fd2ec67,D.Va,0,4,5950
2789,1586,remech_charged,471.89,T_a02bf5e9,P_8fd2ec67,D.Va,0,5,5950
2790,1586,remech_charged,619.57,T_a02bf5e9,P_8fd2ec67,D.Va,0,7,5950
2791,1586,remech_charged,634.81,T_5568bd9d,P_b8809733,D.Va,0,4,5950
2792,1586,remech_charged,662.9,T_5568bd9d,P_b8809733,D.Va,0,5,5950
2793,1586,remech_charged,104.65,T_a02bf5e9,P_b0577e37,D.Va,0,2,5953
2794,1586,remech_charged,627.08,T_a02bf5e9,P_b0577e37,D.Va,0,6,5953
2795,1586,remech_charged,699.31,T_a02bf5e9,P_b0577e37,D.Va,0,8,5953
2799,1588,remech_charged,212.56,T_a02bf5e9,P_8fd2ec67,D.Va,0,2,5961
2801,1584,remech_charged,200.21,T_a02bf5e9,P_8fd2ec67,D.Va,0,2,5963
2802,1584,remech_charged,377.14,T_a02bf5e9,P_8fd2ec67,D.Va,0,4,5963
2803,1584,remech_charged,471.89,T_a02bf5e9,P_8fd2ec67,D.Va,0,5,5963
2804,1584,remech_charged,619.57,T_a02bf5e9,P_8fd2ec67,D.Va,0,7,5963
2805,1584,remech_charged,634.81,T_5568bd9d,P_b8809733,D.Va,0,4,5963
2806,1584,remech_charged,662.9,T_5568bd9d,P_b8809733,D.Va,0,5,5963
2810,1592,remech_charged,656.32,T_a02bf5e9,P_b8809733,D.Va,0,3,5981
2811,1592,remech_charged,806.61,T_a02bf5e9,P_b8809733,D.Va,0,5,5981
2812,1592,remech_charged,889.09,T_a02bf5e9,P_b8809733,D.Va,0,7,5981
2813,1592,remech_charged,137.47,T_a02bf5e9,P_b8809733,D.Va,0,2,5983
2814,1592,remech_charged,312.59,T_a02bf5e9,P_b8809733,D.Va,0,4,5983
2815,1592,remech_charged,397.93,T_a02bf5e9,P_b8809733,D.Va,0,6,5983
2816,1601,remech_charged,373.23,T_5568bd9d,P_9b54f7e4,D.Va,0,4,6012
2817,1601,remech_charged,496.38,T_5568bd9d,P_9b54f7e4,D.Va,0,6,6012
2818,1601,remech_charged,603.27,T_5568bd9d,P_9b54f7e4,D.Va,0,8,6012
2819,1601,remech_charged,702.8,T_5568bd9d,P_9b54f7e4,D.Va,0,10,6012
2820,1601,remech_charged,140.25,T_5568bd9d,P_9b54f7e4,D.Va,0,2,6014
2821,1601,remech_charged,185.23,T_5568bd9d,P_9b54f7e4,D.Va,0,4,6014
2822,1601,remech_charged,302.07,T_5568bd9d,P_9b54f7e4,D.Va,0,6,6014
2823,1601,remech_charged,558.93,T_5568bd9d,P_9b54f7e4,D.Va,0,8,6014
2824,1601,remech_charged,648.44,T_5568bd9d,P_9b54f7e4,D.Va,0,9,6014
2825,1601,remech_charged,681.38,T_5568bd9d,P_9b54f7e4,D.Va,0,11,6014
2826,1601,remech_charged,140.25,T_5568bd9d,P_9b54f7e4,D.Va,0,2,6015
2827,1601,remech_charged,185.23,T_5568bd9d,P_9b54f7e4,D.Va,0,4,6015
2828,1601,remech_charged,302.07,T_5568bd9d,P_9b54f7e4,D.Va,0,6,6015
2829,1601,remech_charged,558.93,T_5568bd9d,P_9b54f7e4,D.Va,0,8,6015
2830,1601,remech_charged,648.44,T_5568bd9d,P_9b54f7e4,D.Va,0,9,6015
2831,1601,remech_charged,681.38,T_5568bd9d,P_9b54f7e4,D.Va,0,11,6015
2832,1601,remech_charged,140.25,T_5568bd9d,P_9b54f7e4,D.Va,0,2,6016
2833,1601,remech_charged,185.23,T_5568bd9d,P_9b54f7e4,D.Va,0,4,6016
2834,1601,remech_charged,302.07,T_5568bd9d,P_9b54f7e4,D.Va,0,6,6016
2835,1601,remech_charged,558.93,T_5568bd9d,P_9b54f7e4,D.Va,0,8,6016
2836,1601,remech_charged,648.44,T_5568bd9d,P_9b54f7e4,D.Va,0,9,6016
2837,1601,remech_charged,681.38,T_5568bd9d,P_9b54f7e4,D.Va,0,11,6016
2838,1601,remech_charged,140.25,T_5568bd9d,P_9b54f7e4,D.Va,0,2,6017
2839,1601,remech_charged,185.23,T_5568bd9d,P_9b54f7e4,D.Va,0,4,6017
2840,1601,remech_charged,302.07,T_5568bd9d,P_9b54f7e4,D.Va,0,6,6017
2841,1601,remech_charged,558.93,T_5568bd9d,P_9b54f7e4,D.Va,0,8,6017
2842,1601,remech_charged,648.44,T_5568bd9d,P_9b54f7e4,D.Va,0,9,6017
2843,1601,remech_charged,681.38,T_5568bd9d,P_9b54f7e4,D.Va,0,11,6017
2844,1601,remech_charged,140.25,T_5568bd9d,P_9b54f7e4,D.Va,0,2,6018
2845,1601,remech_charged,185.23,T_5568bd9d,P_9b54f7e4,D.Va,0,4,6018
2846,1601,remech_charged,302.07,T_5568bd9d,P_9b54f7e4,D.Va,0,6,6018
2847,1601,remech_charged,558.93,T_5568bd9d,P_9b54f7e4,D.Va,0,8,6018
2848,1601,remech_charged,648.44,T_5568bd9d,P_9b54f7e4,D.Va,0,9,6018
2849,1601,remech_charged,681.38,T_5568bd9d,P_9b54f7e4,D.Va,0,11,6018
2850,1601,remech_charged,140.25,T_5568bd9d,P_9b54f7e4,D.Va,0,2,6019
2851,1601,remech_charged,185.23,T_5568bd9d,P_9b54f7e4,D.Va,0,4,6019
2852,1601,remech_charged,302.07,T_5568bd9d,P_9b54f7e4,D.Va,0,6,6019
2853,1601,remech_charged,558.93,T_5568bd9d,P_9b54f7e4,D.Va,0,8,6019
2854,1601,remech_charged,648.44,T_5568bd9d,P_9b54f7e4,D.Va,0,9,6019
2855,1601,remech_charged,681.38,T_5568bd9d,P_9b54f7e4,D.Va,0,11,6019
2856,1601,remech_charged,140.25,T_5568bd9d,P_9b54f7e4,D.Va,0,2,6020
2857,1601,remech_charged,185.23,T_5568bd9d,P_9b54f7e4,D.Va,0,4,6020
2858,1601,remech_charged,302.07,T_5568bd9d,P_9b54f7e4,D.Va,0,6,6020
2859,1601,remech_charged,558.93,T_5568bd9d,P_9b54f7e4,D.Va,0,8,6020
2860,1601,remech_charged,648.44,T_5568bd9d,P_9b54f7e4,D.Va,0,9,6020
2861,1601,remech_charged,681.38,T_5568bd9d,P_9b54f7e4,D.Va,0,11,6020
2862,1602,remech_charged,148.64,T_3238eb96,P_891a6409,D.Va,0,2,6023
2863,1602,remech_charged,650.76,T_3238eb96,P_891a6409,D.Va,0,3,6024
2864,1602,remech_charged,734.63,T_3238eb96,P_891a6409,D.Va,0,5,6024
2865,1602,remech_charged,857.09,T_3238eb96,P_891a6409,D.Va,0,7,6024
2866,1602,remech_charged,971.19,T_3238eb96,P_891a6409,D.Va,0,9,6024
2867,1602,remech_charged,1025.35,T_3238eb96,P_891a6409,D.Va,0,10,6024
2868,1603,remech_charged,400.17,T_a02bf5e9,P_91032400,D.Va,0,3,6027
2869,1604,remech_charged,137.04,T_a02bf5e9,P_b8809733,D.Va,0,2,6032
2870,1604,remech_charged,252.76,T_a02bf5e9,P_b8809733,D.Va,0,4,6032
2871,1604,remech_charged,572.02,T_a02bf5e9,P_b8809733,D.Va,0,6,6032
2872,1604,remech_charged,719.88,T_a02bf5e9,P_b8809733,D.Va,0,8,6032
2873,1604,remech_charged,415.02,T_5568bd9d,P_aee61731,D.Va,0,3,6033
2874,1604,remech_charged,653.9,T_5568bd9d,P_aee61731,D.Va,0,5,6033
2875,1605,remech_charged,196.49,T_5568bd9d,P_9b54f7e4,D.Va,0,2,6036
2876,1605,remech_charged,256.14,T_5568bd9d,P_9b54f7e4,D.Va,0,4,6036
2877,1606,remech_charged,186.03,T_3238eb96,P_891a6409,D.Va,0,2,6044
2878,1606,remech_charged,614.71,T_5ec108cc,P_ed6ddaae,D.Va,0,4,6044
2879,1606,remech_charged,618.78,T_3238eb96,P_891a6409,D.Va,0,5,6044
2880,1606,remech_charged,681.03,T_3238eb96,P_891a6409,D.Va,0,6,6044
2881,1606,remech_charged,246.84,T_3238eb96,P_891a6409,D.Va,0,2,6046
2882,1606,remech_charged,357.66,T_3238eb96,P_891a6409,D.Va,0,4,6046
2883,1606,remech_charged,451.83,T_3238eb96,P_891a6409,D.Va,0,6,6046
2884,1606,remech_charged,246.84,T_3238eb96,P_891a6409,D.Va,0,2,6047
2885,1606,remech_charged,357.66,T_3238eb96,P_891a6409,D.Va,0,4,6047
2886,1606,remech_charged,451.83,T_3238eb96,P_891a6409,D.Va,0,6,6047
2887,1609,remech_charged,172.35,T_5568bd9d,P_a53e7aa6,D.Va,0,2,6053
2888,1609,remech_charged,385.79,T_5568bd9d,P_a53e7aa6,D.Va,0,4,6053
2889,1609,remech_charged,516.81,T_5568bd9d,P_a53e7aa6,D.Va,0,5,6053
2890,1609,remech_charged,532.8,T_5568bd9d,P_a53e7aa6,D.Va,0,7,6053
2891,1609,remech_charged,607.97,T_5568bd9d,P_a53e7aa6,D.Va,0,9,6053
2892,1609,remech_charged,676.08,T_5568bd9d,P_a53e7aa6,D.Va,0,11,6053
2893,1609,remech_charged,739.44,T_5568bd9d,P_a53e7aa6,D.Va,0,13,6053
2894,1610,remech_charged,190.03,T_a02bf5e9,P_a53e7aa6,D.Va,0,2,6058
2895,1610,remech_charged,230.13,T_a02bf5e9,P_a53e7aa6,D.Va,0,4,6058
2896,1610,remech_charged,279.03,T_a02bf5e9,P_a53e7aa6,D.Va,0,6,6058
2897,1610,remech_charged,332.36,T_a02bf5e9,P_a53e7aa6,D.Va,0,8,6058
2898,1610,remech_charged,332.11,T_5568bd9d,P_6ad63a8b,D.Va,0,3,6063
2902,1623,remech_charged,688.32,T_5568bd9d,P_ecbf7f52,D.Va,0,4,6066
2903,1623,remech_charged,757.28,T_5568bd9d,P_ecbf7f52,D.Va,0,6,6066
2904,1623,remech_charged,217.1,T_5568bd9d,P_ecbf7f52,D.Va,0,2,6067
2905,1623,remech_charged,403.32,T_5568bd9d,P_ecbf7f52,D.Va,0,4,6067
2906,1623,remech_charged,711.59,T_5568bd9d,P_ecbf7f52,D.Va,0,6,6067
2907,1623,remech_charged,770.99,T_5568bd9d,P_ecbf7f52,D.Va,0,8,6067
2908,1623,remech_charged,886.28,T_5568bd9d,P_ecbf7f52,D.Va,0,9,6067
2909,1623,remech_charged,958.54,T_5568bd9d,P_ecbf7f52,D.Va,0,7,6068
2910,1623,remech_charged,109.42,T_5568bd9d,P_ecbf7f52,D.Va,0,1,6069
2911,1623,remech_charged,159.43,T_5568bd9d,P_ecbf7f52,D.Va,0,3,6069
2912,1623,remech_charged,394.79,T_5568bd9d,P_ecbf7f52,D.Va,0,6,6069
2913,1623,remech_charged,259.81,T_5568bd9d,P_ecbf7f52,D.Va,0,2,6070
2914,1623,remech_charged,486.04,T_5568bd9d,P_ecbf7f52,D.Va,0,4,6070
2915,1625,remech_charged,143.01,T_a02bf5e9,P_b8809733,D.Va,0,1,6077
2916,1625,remech_charged,179.92,T_a02bf5e9,P_b8809733,D.Va,0,3,6077
2917,1625,remech_charged,287.86,T_a02bf5e9,P_b8809733,D.Va,0,5,6077
2918,1625,remech_charged,353.87,T_a02bf5e9,P_b8809733,D.Va,0,7,6077
2919,1625,remech_charged,583.62,T_a02bf5e9,P_b8809733,D.Va,0,9,6077
2920,1625,remech_charged,743.85,T_a02bf5e9,P_b8809733,D.Va,0,11,6077
2924,1625,remech_charged,131.1,T_a02bf5e9,P_b8809733,D.Va,0,2,6079
2925,1625,remech_charged,181.36,T_a02bf5e9,P_b8809733,D.Va,0,4,6079
2926,1626,remech_charged,51.09,T_a02bf5e9,P_c35d58b6,D.Va,0,1,6080
2927,1626,remech_charged,138.01,T_a02bf5e9,P_c35d58b6,D.Va,0,3,6080
2928,1626,remech_charged,247.29,T_5568bd9d,P_68dfbe47,D.Va,0,2,6080
2931,1628,remech_charged,319.99,T_5568bd9d,P_ecbf7f52,D.Va,0,3,6082
2932,1628,remech_charged,493.09,T_5568bd9d,P_ecbf7f52,D.Va,0,5,6082
2933,1628,remech_charged,136.27,T_5568bd9d,P_ecbf7f52,D.Va,0,2,6083
2934,1628,remech_charged,188.88,T_5568bd9d,P_ecbf7f52,D.Va,0,4,6083
2935,1628,remech_charged,236.5,T_5568bd9d,P_ecbf7f52,D.Va,0,6,6083
2936,1628,remech_charged,386.45,T_5568bd9d,P_ecbf7f52,D.Va,0,8,6083
2937,1628,remech_charged,136.27,T_5568bd9d,P_ecbf7f52,D.Va,0,2,6085
2938,1628,remech_charged,188.88,T_5568bd9d,P_ecbf7f52,D.Va,0,4,6085
2939,1628,remech_charged,236.5,T_5568bd9d,P_ecbf7f52,D.Va,0,6,6085
2940,1628,remech_charged,386.45,T_5568bd9d,P_ecbf7f52,D.Va,0,8,6085
2941,1628,remech_charged,136.27,T_5568bd9d,P_ecbf7f52,D.Va,0,2,6088
2942,1628,remech_charged,188.88,T_5568bd9d,P_ecbf7f52,D.Va,0,4,6088
2943,1628,remech_charged,236.5,T_5568bd9d,P_ecbf7f52,D.Va,0,6,6088
2944,1628,remech_charged,386.45,T_5568bd9d,P_ecbf7f52,D.Va,0,8,6088
2949,1628,remech_charged,136.27,T_5568bd9d,P_ecbf7f52,D.Va,0,2,6091
2950,1628,remech_charged,188.88,T_5568bd9d,P_ecbf7f52,D.Va,0,4,6091
2951,1628,remech_charged,236.5,T_5568bd9d,P_ecbf7f52,D.Va,0,6,6091
2952,1628,remech_charged,386.45,T_5568bd9d,P_ecbf7f52,D.Va,0,8,6091
2945,1628,remech_charged,136.27,T_5568bd9d,P_ecbf7f52,D.Va,0,2,6090
2946,1628,remech_charged,188.88,T_5568bd9d,P_ecbf7f52,D.Va,0,4,6090
2947,1628,remech_charged,236.5,T_5568bd9d,P_ecbf7f52,D.Va,0,6,6090
2948,1628,remech_charged,386.45,T_5568bd9d,P_ecbf7f52,D.Va,0,8,6090
1558,942,remech_charged,489.06,T_674c7502,P_5207756d,D.Va,0,5,
1559,942,remech_charged,528.41,T_674c7502,P_5207756d,D.Va,0,7,
2965,1632,remech_charged,319.99,T_5568bd9d,P_ecbf7f52,D.Va,0,3,6113
2966,1632,remech_charged,493.09,T_5568bd9d,P_ecbf7f52,D.Va,0,5,6113
2967,1632,remech_charged,136.27,T_5568bd9d,P_ecbf7f52,D.Va,0,2,6114
2968,1632,remech_charged,188.88,T_5568bd9d,P_ecbf7f52,D.Va,0,4,6114
2969,1632,remech_charged,236.5,T_5568bd9d,P_ecbf7f52,D.Va,0,6,6114
2970,1632,remech_charged,386.45,T_5568bd9d,P_ecbf7f52,D.Va,0,8,6114
2973,1632,remech_charged,136.27,T_5568bd9d,P_ecbf7f52,D.Va,0,2,6116
2974,1632,remech_charged,188.88,T_5568bd9d,P_ecbf7f52,D.Va,0,4,6116
2975,1632,remech_charged,236.5,T_5568bd9d,P_ecbf7f52,D.Va,0,6,6116
2976,1632,remech_charged,386.45,T_5568bd9d,P_ecbf7f52,D.Va,0,8,6116
2977,1633,remech_charged,580.17,T_a02bf5e9,P_8fd2ec67,D.Va,0,3,6121
2978,1633,remech_charged,401.43,T_5568bd9d,P_b8809733,D.Va,0,3,6122
2979,1633,remech_charged,714.55,T_a02bf5e9,P_8fd2ec67,D.Va,0,4,6122
2980,1633,remech_charged,890.06,T_a02bf5e9,P_8fd2ec67,D.Va,0,6,6122
2981,1636,remech_charged,458.86,T_a02bf5e9,P_de0a3d5d,D.Va,0,2,6129
2982,1636,remech_charged,130.91,T_a02bf5e9,P_de0a3d5d,D.Va,0,2,6130
2983,1636,remech_charged,308.94,T_a02bf5e9,P_de0a3d5d,D.Va,0,4,6130
2984,1636,remech_charged,579.44,T_a02bf5e9,P_de0a3d5d,D.Va,0,6,6130
2985,1636,remech_charged,103.45,T_a02bf5e9,P_de0a3d5d,D.Va,0,1,6131
2986,1636,remech_charged,180.85,T_a02bf5e9,P_de0a3d5d,D.Va,0,3,6131
2987,1636,remech_charged,215.95,T_a02bf5e9,P_de0a3d5d,D.Va,0,5,6131
2988,1636,remech_charged,436.66,T_a02bf5e9,P_de0a3d5d,D.Va,0,7,6131
2989,1636,remech_charged,624.14,T_a02bf5e9,P_de0a3d5d,D.Va,0,9,6131
2990,1636,remech_charged,327.72,T_a02bf5e9,P_de0a3d5d,D.Va,0,2,6132
2991,1636,remech_charged,548.91,T_a02bf5e9,P_de0a3d5d,D.Va,0,5,6132
2992,1636,remech_charged,708.8,T_a02bf5e9,P_de0a3d5d,D.Va,0,7,6132
2993,1636,remech_charged,899.21,T_a02bf5e9,P_de0a3d5d,D.Va,0,8,6132
2994,1636,remech_charged,952.13,T_a02bf5e9,P_de0a3d5d,D.Va,0,10,6132
2995,1636,remech_charged,148.59,T_a02bf5e9,P_de0a3d5d,D.Va,0,2,6142
2996,1641,remech_charged,623.57,T_5568bd9d,P_bf7eb2e9,D.Va,0,3,6163
2997,1643,remech_charged,104.03,T_5568bd9d,P_f0b59b0d,D.Va,0,2,6171
2998,1643,remech_charged,105.64,T_5568bd9d,P_f0b59b0d,D.Va,0,2,6172
2999,1643,remech_charged,146.32,T_5568bd9d,P_f0b59b0d,D.Va,0,3,6172
3000,1643,remech_charged,377.37,T_a02bf5e9,P_bf7eb2e9,D.Va,0,2,6172
3004,1645,remech_charged,571.35,T_a02bf5e9,P_02900057,D.Va,0,4,6178
3005,1645,remech_charged,699.92,T_a02bf5e9,P_02900057,D.Va,0,6,6178
3009,1653,remech_charged,607.78,T_a02bf5e9,P_37204758,D.Va,0,3,6196
3010,1653,remech_charged,241.69,T_a02bf5e9,P_37204758,D.Va,0,2,6197
3011,1653,remech_charged,426.62,T_a02bf5e9,P_37204758,D.Va,0,4,6197
3012,1653,remech_charged,659.64,T_a02bf5e9,P_37204758,D.Va,0,6,6197
3013,1653,remech_charged,782.63,T_a02bf5e9,P_37204758,D.Va,0,7,6197
3014,1653,remech_charged,885.34,T_a02bf5e9,P_37204758,D.Va,0,9,6197
3015,1653,remech_charged,185.65,T_a02bf5e9,P_37204758,D.Va,0,2,6199
3016,1653,remech_charged,312.39,T_a02bf5e9,P_37204758,D.Va,0,4,6199
3017,1653,remech_charged,396.33,T_a02bf5e9,P_37204758,D.Va,0,6,6199
3018,1653,remech_charged,418.51,T_a02bf5e9,P_37204758,D.Va,0,7,6199
3019,1653,remech_charged,539.63,T_a02bf5e9,P_37204758,D.Va,0,8,6199
3020,1653,remech_charged,619.38,T_a02bf5e9,P_37204758,D.Va,0,10,6199
3021,1653,remech_charged,737.73,T_a02bf5e9,P_37204758,D.Va,0,12,6199
3022,1653,remech_charged,842.63,T_a02bf5e9,P_37204758,D.Va,0,14,6199
3023,1653,remech_charged,907.86,T_a02bf5e9,P_37204758,D.Va,0,15,6199
1905,1068,remech_charged,168.7,T_3238eb96,P_891a6409,D.Va,0,2,
1906,1068,remech_charged,373.96,T_3238eb96,P_891a6409,D.Va,0,5,
1907,1068,remech_charged,414.56,T_3238eb96,P_891a6409,D.Va,0,7,
1908,1068,remech_charged,505.8,T_3238eb96,P_891a6409,D.Va,0,9,
3044,1663,remech_charged,924.11,T_a02bf5e9,P_71899e6f,D.Va,0,6,6222
3049,1664,remech_charged,459.49,T_4bc42396,P_891a6409,D.Va,0,3,6231
3050,1664,remech_charged,683.53,T_4bc42396,P_891a6409,D.Va,0,5,6231
3051,1664,remech_charged,796.94,T_4bc42396,P_891a6409,D.Va,0,7,6231
3052,1664,remech_charged,153.67,T_4bc42396,P_891a6409,D.Va,0,2,6232
3053,1664,remech_charged,310.05,T_4bc42396,P_891a6409,D.Va,0,4,6232
3054,1664,remech_charged,421,T_4bc42396,P_891a6409,D.Va,0,5,6232
3055,1664,remech_charged,678.77,T_4bc42396,P_891a6409,D.Va,0,7,6232
3056,1664,remech_charged,699.85,T_4bc42396,P_891a6409,D.Va,0,9,6232
3057,1664,remech_charged,824.91,T_4bc42396,P_891a6409,D.Va,0,11,6232
3058,1665,remech_charged,699.82,T_a02bf5e9,P_52837dc5,D.Va,0,5,6237
3059,1665,remech_charged,734.01,T_a02bf5e9,P_52837dc5,D.Va,0,7,6237
3060,1673,remech_charged,135.07,T_3238eb96,P_891a6409,D.Va,0,2,6303
3061,1673,remech_charged,386.95,T_3238eb96,P_891a6409,D.Va,0,5,6303
3062,1673,remech_charged,465.65,T_6a59b9b6,P_02ce5688,D.Va,0,3,6303
3063,1673,remech_charged,612.3,T_6a59b9b6,P_02ce5688,D.Va,0,5,6303
3064,1673,remech_charged,740.12,T_3238eb96,P_891a6409,D.Va,0,8,6303
3065,1673,remech_charged,772.68,T_3238eb96,P_891a6409,D.Va,0,9,6303
3066,1671,remech_charged,291.74,T_a02bf5e9,P_6cddcbde,D.Va,0,3,6305
3067,1671,remech_charged,341.5,T_a02bf5e9,P_6cddcbde,D.Va,0,4,6305
3068,1673,remech_charged,205.43,T_3238eb96,P_891a6409,D.Va,0,2,6311
3069,1673,remech_charged,463.89,T_3238eb96,P_891a6409,D.Va,0,5,6311
3070,1673,remech_charged,508.8,T_3238eb96,P_891a6409,D.Va,0,6,6311
3071,1673,remech_charged,571.42,T_3238eb96,P_891a6409,D.Va,0,8,6311
3072,1676,remech_charged,297.23,T_e77473c8,P_69325c2d,D.Va,0,3,6314
3073,1676,remech_charged,395.9,T_e77473c8,P_69325c2d,D.Va,0,5,6314
3074,1676,remech_charged,556.83,T_e77473c8,P_69325c2d,D.Va,0,7,6314
3075,1676,remech_charged,744.83,T_e77473c8,P_69325c2d,D.Va,0,10,6314
3076,1676,remech_charged,831.88,T_e77473c8,P_69325c2d,D.Va,0,12,6314
3077,1677,remech_charged,195,T_616470b8,P_affe27fb,D.Va,0,2,6315
3078,1677,remech_charged,371.82,T_616470b8,P_affe27fb,D.Va,0,4,6315
3079,1677,remech_charged,143.54,T_4aa2650a,P_2d0baec2,D.Va,0,2,6316
521,539,remech_charged,182.19,T_a02bf5e9,P_ba7dcd3b,D.Va,0,2,
522,539,remech_charged,343.19,T_a02bf5e9,P_ba7dcd3b,D.Va,0,3,
3097,1684,remech_charged,495.81,T_a02bf5e9,P_b7803ad7,D.Va,0,4,6325
3098,1683,remech_charged,495.81,T_a02bf5e9,P_b7803ad7,D.Va,0,4,6326
3099,1683,remech_charged,310.8,T_a02bf5e9,P_b7803ad7,D.Va,0,2,6327
3100,1683,remech_charged,556.88,T_a02bf5e9,P_b7803ad7,D.Va,0,4,6327
3101,1690,remech_charged,137.31,T_a02bf5e9,P_8057d1d2,D.Va,0,2,6356
3102,1690,remech_charged,157.99,T_5568bd9d,P_bf7eb2e9,D.Va,0,2,6356
3103,1690,remech_charged,279.27,T_5568bd9d,P_bf7eb2e9,D.Va,0,4,6356
3104,1690,remech_charged,288.39,T_a02bf5e9,P_8057d1d2,D.Va,0,4,6356
3105,1690,remech_charged,309.4,T_5568bd9d,P_bf7eb2e9,D.Va,0,5,6356
3106,1690,remech_charged,421.03,T_5568bd9d,P_bf7eb2e9,D.Va,0,7,6356
3107,1690,remech_charged,599.8,T_5568bd9d,P_bf7eb2e9,D.Va,0,9,6356
3108,1690,remech_charged,196.28,T_5568bd9d,P_bf7eb2e9,D.Va,0,2,6358
3109,1690,remech_charged,349.73,T_5568bd9d,P_bf7eb2e9,D.Va,0,3,6358
3110,1690,remech_charged,387.14,T_5568bd9d,P_bf7eb2e9,D.Va,0,5,6358
3111,1691,remech_charged,131.08,T_a02bf5e9,P_d260d328,D.Va,0,1,6361
3112,1691,remech_charged,131.71,T_a02bf5e9,P_d260d328,D.Va,0,2,6361
3113,1691,remech_charged,234.69,T_a02bf5e9,P_d260d328,D.Va,0,4,6361
3114,1691,remech_charged,352.46,T_a02bf5e9,P_d260d328,D.Va,0,6,6361
3115,1691,remech_charged,261.29,T_5568bd9d,P_7c02b005,D.Va,0,2,6365
3116,1692,remech_charged,245.95,T_5568bd9d,P_881579d1,D.Va,0,1,6367
3117,1692,remech_charged,306.51,T_5568bd9d,P_881579d1,D.Va,0,3,6367
3118,1694,remech_charged,696.04,T_a02bf5e9,P_2a312ff7,D.Va,0,4,6376
3119,1694,remech_charged,739.56,T_a02bf5e9,P_2a312ff7,D.Va,0,6,6376
3120,1694,remech_charged,844.57,T_a02bf5e9,P_2a312ff7,D.Va,0,8,6376
3121,1695,remech_charged,193.31,T_5568bd9d,P_bf7eb2e9,D.Va,0,2,6382
3122,1695,remech_charged,250.04,T_a02bf5e9,P_e23a6eb5,D.Va,0,3,6382
3123,1695,remech_charged,262.05,T_5568bd9d,P_bf7eb2e9,D.Va,0,3,6382
3124,1695,remech_charged,553.55,T_5568bd9d,P_bf7eb2e9,D.Va,0,5,6382
3125,1696,remech_charged,97.9,T_a02bf5e9,P_3d9d87d1,D.Va,0,2,6390
3126,1696,remech_charged,190,T_a02bf5e9,P_3d9d87d1,D.Va,0,3,6390
3127,1696,remech_charged,101.53,T_5568bd9d,P_52837dc5,D.Va,0,2,6391
3128,1696,remech_charged,136.16,T_5568bd9d,P_52837dc5,D.Va,0,4,6391
3129,1696,remech_charged,196.58,T_5568bd9d,P_52837dc5,D.Va,0,6,6391
3130,1696,remech_charged,258.37,T_a02bf5e9,P_3d9d87d1,D.Va,0,2,6391
3131,1696,remech_charged,330.14,T_5568bd9d,P_52837dc5,D.Va,0,8,6391
3132,1696,remech_charged,366.59,T_5568bd9d,P_52837dc5,D.Va,0,10,6391
3133,1696,remech_charged,370.86,T_a02bf5e9,P_3d9d87d1,D.Va,0,3,6391
3134,1696,remech_charged,409.24,T_a02bf5e9,P_3d9d87d1,D.Va,0,5,6391
3135,1696,remech_charged,568.88,T_a02bf5e9,P_3d9d87d1,D.Va,0,7,6391
3136,1696,remech_charged,604.29,T_5568bd9d,P_52837dc5,D.Va,0,12,6391
3137,1696,remech_charged,616.6,T_a02bf5e9,P_3d9d87d1,D.Va,0,8,6391
3138,1696,remech_charged,745.98,T_5568bd9d,P_52837dc5,D.Va,0,14,6391
3139,1696,remech_charged,784.19,T_5568bd9d,P_52837dc5,D.Va,0,16,6391
3140,1696,remech_charged,827.94,T_5568bd9d,P_52837dc5,D.Va,0,18,6391
3141,1696,remech_charged,528.8,T_a02bf5e9,P_3d9d87d1,D.Va,0,4,6393
3142,1696,remech_charged,101.76,T_a02bf5e9,P_3d9d87d1,D.Va,0,1,6394
3143,1696,remech_charged,104.52,T_a02bf5e9,P_3d9d87d1,D.Va,0,2,6394
3144,1696,remech_charged,204.17,T_a02bf5e9,P_3d9d87d1,D.Va,0,4,6394
3145,1696,remech_charged,347.18,T_a02bf5e9,P_3d9d87d1,D.Va,0,6,6394
3146,1696,remech_charged,559.18,T_a02bf5e9,P_3d9d87d1,D.Va,0,8,6394
3147,1696,remech_charged,725.41,T_a02bf5e9,P_3d9d87d1,D.Va,0,10,6394
3148,1704,remech_charged,178.99,T_a02bf5e9,P_3c47c44e,D.Va,0,2,6427
3149,1704,remech_charged,380.23,T_5568bd9d,P_c9b061f8,D.Va,0,3,6428
3150,1704,remech_charged,672.35,T_a02bf5e9,P_3c47c44e,D.Va,0,5,6428
3151,1704,remech_charged,117.24,T_5568bd9d,P_c9b061f8,D.Va,0,1,6429
3152,1704,remech_charged,191.07,T_5568bd9d,P_c9b061f8,D.Va,0,3,6429
3153,1704,remech_charged,374.06,T_5568bd9d,P_c9b061f8,D.Va,0,5,6429
3154,1704,remech_charged,598.49,T_a02bf5e9,P_3c47c44e,D.Va,0,4,6429
3155,1704,remech_charged,837.23,T_a02bf5e9,P_3c47c44e,D.Va,0,7,6429
3156,1704,remech_charged,908.21,T_a02bf5e9,P_3c47c44e,D.Va,0,8,6429
3157,1704,remech_charged,522.48,T_a02bf5e9,P_3c47c44e,D.Va,0,3,6430
3158,1704,remech_charged,612.21,T_a02bf5e9,P_3c47c44e,D.Va,0,5,6430
3159,1705,remech_charged,191.67,T_ed2937da,P_59feff10,D.Va,0,1,6436
3160,1705,remech_charged,240.68,T_ed2937da,P_59feff10,D.Va,0,3,6436
3161,1705,remech_charged,421.46,T_ed2937da,P_59feff10,D.Va,0,5,6436
3162,1707,remech_charged,147.28,T_29e0905e,P_2d0baec2,D.Va,0,2,6450
3163,1707,remech_charged,213.64,T_29e0905e,P_2d0baec2,D.Va,0,3,6450
3164,1707,remech_charged,450.75,T_29e0905e,P_2d0baec2,D.Va,0,5,6450
3165,1708,remech_charged,89.95,T_3238eb96,P_891a6409,D.Va,0,2,6451
3166,1708,remech_charged,229.17,T_3238eb96,P_891a6409,D.Va,0,4,6451
3167,1708,remech_charged,509.46,T_3238eb96,P_891a6409,D.Va,0,7,6451
3168,1708,remech_charged,679.88,T_3238eb96,P_891a6409,D.Va,0,9,6451
3169,1708,remech_charged,467.02,T_3238eb96,P_891a6409,D.Va,0,4,6453
3170,1708,remech_charged,493.52,T_3238eb96,P_891a6409,D.Va,0,6,6453
3181,1708,remech_charged,467.02,T_3238eb96,P_891a6409,D.Va,0,4,6459
3182,1708,remech_charged,493.52,T_3238eb96,P_891a6409,D.Va,0,6,6459
3183,1709,remech_charged,38.54,T_5568bd9d,P_b922ec7b,D.Va,0,1,6464
3184,1709,remech_charged,388.35,T_5568bd9d,P_b922ec7b,D.Va,0,4,6464
3185,1709,remech_charged,63.04,T_a02bf5e9,P_c935d958,D.Va,0,1,6467
3186,1709,remech_charged,197.4,T_5568bd9d,P_3f31de54,D.Va,0,2,6467
3187,1709,remech_charged,311.99,T_a02bf5e9,P_c935d958,D.Va,0,3,6467
3188,1709,remech_charged,385.84,T_5568bd9d,P_3f31de54,D.Va,0,4,6467
3189,1709,remech_charged,411.94,T_a02bf5e9,P_c935d958,D.Va,0,4,6467
3190,1709,remech_charged,466.54,T_a02bf5e9,P_c935d958,D.Va,0,6,6467
3191,1709,remech_charged,609.5,T_a02bf5e9,P_c935d958,D.Va,0,7,6467
3192,1709,remech_charged,665.45,T_a02bf5e9,P_c935d958,D.Va,0,9,6467
3193,1709,remech_charged,721.15,T_5568bd9d,P_3f31de54,D.Va,0,8,6467
3194,1709,remech_charged,765.27,T_5568bd9d,P_3f31de54,D.Va,0,10,6467
3195,1709,remech_charged,782.23,T_a02bf5e9,P_c935d958,D.Va,0,11,6467
3196,1709,remech_charged,823.92,T_a02bf5e9,P_c935d958,D.Va,0,13,6467
3197,1709,remech_charged,895.63,T_5568bd9d,P_3f31de54,D.Va,0,12,6467
3198,1709,remech_charged,420.3,T_a02bf5e9,P_c935d958,D.Va,0,3,6468
3199,1709,remech_charged,609.07,T_a02bf5e9,P_c935d958,D.Va,0,6,6468
3201,1723,remech_charged,728.87,T_a02bf5e9,P_ada3d7ca,D.Va,0,6,6489
3202,1723,remech_charged,165.85,T_a02bf5e9,P_ada3d7ca,D.Va,0,2,6492
3203,1723,remech_charged,452.26,T_a02bf5e9,P_ada3d7ca,D.Va,0,3,6494
3204,1723,remech_charged,677.78,T_a02bf5e9,P_ada3d7ca,D.Va,0,4,6494
3205,1727,remech_charged,130.68,T_5568bd9d,P_b922ec7b,D.Va,0,1,6513
3206,1727,remech_charged,168.63,T_5568bd9d,P_b922ec7b,D.Va,0,3,6513
3207,1727,remech_charged,662.29,T_5568bd9d,P_b922ec7b,D.Va,0,6,6513
3208,1728,remech_charged,136.54,T_5568bd9d,P_52837dc5,D.Va,0,2,6518
3209,1728,remech_charged,263.7,T_5568bd9d,P_52837dc5,D.Va,0,4,6518
3210,1730,remech_charged,417.68,T_5568bd9d,P_b922ec7b,D.Va,0,3,6534
3211,1730,remech_charged,579,T_5568bd9d,P_b922ec7b,D.Va,0,5,6534
3212,1730,remech_charged,169.95,T_5568bd9d,P_b922ec7b,D.Va,0,2,6535
3213,1730,remech_charged,489.65,T_5568bd9d,P_b922ec7b,D.Va,0,4,6535
3214,1730,remech_charged,261.87,T_5568bd9d,P_3f31de54,D.Va,0,3,6537
3215,1732,remech_charged,143.68,T_5568bd9d,P_b922ec7b,D.Va,0,2,6550
3216,1732,remech_charged,304.99,T_5568bd9d,P_b922ec7b,D.Va,0,4,6550
3217,1732,remech_charged,396.3,T_5568bd9d,P_b922ec7b,D.Va,0,3,6551
3218,1732,remech_charged,576.5,T_5568bd9d,P_b922ec7b,D.Va,0,5,6551
3219,1733,remech_charged,753.08,T_3238eb96,P_891a6409,D.Va,0,5,6557
3238,533,remech_charged,534.46,T_5568bd9d,P_b8809733,D.Va,0,4,6573
3239,533,remech_charged,620.86,T_5568bd9d,P_b8809733,D.Va,0,6,6573
3240,533,remech_charged,797.24,T_5568bd9d,P_b8809733,D.Va,0,8,6573
3241,533,remech_charged,96.92,T_3238eb96,P_891a6409,D.Va,0,1,6574
3242,533,remech_charged,153.67,T_3238eb96,P_891a6409,D.Va,0,2,6574
3243,533,remech_charged,236.2,T_f9bed691,P_d9ec55c6,D.Va,0,3,6574
3244,533,remech_charged,534.46,T_5568bd9d,P_b8809733,D.Va,0,4,6575
3245,533,remech_charged,620.86,T_5568bd9d,P_b8809733,D.Va,0,6,6575
3246,533,remech_charged,797.24,T_5568bd9d,P_b8809733,D.Va,0,8,6575
3247,1736,remech_charged,394.05,T_5568bd9d,P_5711e1d2,D.Va,0,2,6578
3248,1737,remech_charged,370.03,T_5568bd9d,P_5711e1d2,D.Va,0,3,6584
3249,1737,remech_charged,491.52,T_5568bd9d,P_5711e1d2,D.Va,0,4,6584
3250,1737,remech_charged,508.92,T_5568bd9d,P_5711e1d2,D.Va,0,6,6584
3251,1738,remech_charged,827.45,T_5568bd9d,P_d2a6c09f,D.Va,0,4,6589
3252,1738,remech_charged,828.56,T_5568bd9d,P_d2a6c09f,D.Va,0,5,6589
3253,1739,remech_charged,469.92,T_a02bf5e9,P_aa4ac54f,D.Va,0,4,6591
3254,1739,remech_charged,725.12,T_a02bf5e9,P_aa4ac54f,D.Va,0,7,6591
3255,1739,remech_charged,288.22,T_a02bf5e9,P_aa4ac54f,D.Va,0,2,6594
3256,1739,remech_charged,401.76,T_a02bf5e9,P_aa4ac54f,D.Va,0,4,6594
3257,1739,remech_charged,601.08,T_a02bf5e9,P_aa4ac54f,D.Va,0,6,6594
3258,1738,remech_charged,134.2,T_5568bd9d,P_d2a6c09f,D.Va,0,2,6595
3259,1738,remech_charged,491.21,T_5568bd9d,P_d2a6c09f,D.Va,0,4,6597
3260,1738,remech_charged,547.86,T_5568bd9d,P_d2a6c09f,D.Va,0,5,6597
3261,1738,remech_charged,729.03,T_5568bd9d,P_d2a6c09f,D.Va,0,8,6597
3262,1738,remech_charged,866.95,T_5568bd9d,P_d2a6c09f,D.Va,0,10,6597
3263,1738,remech_charged,1001.15,T_5568bd9d,P_d2a6c09f,D.Va,0,12,6597
3277,1746,remech_charged,402.02,T_5568bd9d,P_d2a6c09f,D.Va,0,4,6625
3278,1746,remech_charged,517.55,T_5568bd9d,P_d2a6c09f,D.Va,0,5,6625
3279,1746,remech_charged,663.26,T_5568bd9d,P_d2a6c09f,D.Va,0,7,6625
3283,1746,remech_charged,169.88,T_a02bf5e9,P_d2a6c09f,D.Va,0,2,6629
3284,1746,remech_charged,328.74,T_a02bf5e9,P_d2a6c09f,D.Va,0,4,6629
3285,1746,remech_charged,891.4,T_a02bf5e9,P_d2a6c09f,D.Va,0,8,6629
3286,1747,remech_charged,224.7,T_5568bd9d,P_d2a6c09f,D.Va,0,2,6634
3287,1747,remech_charged,344.3,T_5568bd9d,P_d2a6c09f,D.Va,0,3,6634
3288,1747,remech_charged,638.08,T_5568bd9d,P_d2a6c09f,D.Va,0,5,6634
3289,1747,remech_charged,212.94,T_5568bd9d,P_d2a6c09f,D.Va,0,2,6636
3290,1747,remech_charged,268.14,T_5568bd9d,P_d2a6c09f,D.Va,0,3,6636
3291,1747,remech_charged,643.5,T_5568bd9d,P_d2a6c09f,D.Va,0,7,6636
3292,1747,remech_charged,781.56,T_5568bd9d,P_d2a6c09f,D.Va,0,9,6636
3293,1749,remech_charged,163.48,T_a02bf5e9,P_8e3a347c,D.Va,0,2,6638
3294,1749,remech_charged,621,T_a02bf5e9,P_8e3a347c,D.Va,0,6,6638
3295,1749,remech_charged,624.32,T_5568bd9d,P_d2a6c09f,D.Va,0,4,6638
3296,1749,remech_charged,660.29,T_a02bf5e9,P_8e3a347c,D.Va,0,7,6638
3297,1749,remech_charged,381.12,T_5568bd9d,P_d2a6c09f,D.Va,0,3,6640
3298,1749,remech_charged,402.76,T_a02bf5e9,P_8e3a347c,D.Va,0,3,6640
3299,1749,remech_charged,419.61,T_5568bd9d,P_d2a6c09f,D.Va,0,5,6640
3300,1749,remech_charged,531.81,T_a02bf5e9,P_8e3a347c,D.Va,0,5,6640
3301,1749,remech_charged,672.12,T_a02bf5e9,P_8e3a347c,D.Va,0,7,6640
3302,1749,remech_charged,712.81,T_5568bd9d,P_d2a6c09f,D.Va,0,8,6640
3303,1749,remech_charged,765.36,T_5568bd9d,P_d2a6c09f,D.Va,0,10,6640
3304,1749,remech_charged,787.22,T_a02bf5e9,P_8e3a347c,D.Va,0,9,6640
3305,1751,remech_charged,464.89,T_5568bd9d,P_2d0a0051,D.Va,0,4,6655
3306,1751,remech_charged,711.2,T_5568bd9d,P_2d0a0051,D.Va,0,6,6655
3307,1752,remech_charged,252.83,T_5568bd9d,P_d2a6c09f,D.Va,0,2,6657
3308,1752,remech_charged,813.85,T_a02bf5e9,P_8b9e994c,D.Va,0,5,6657
3309,1755,remech_charged,180.08,T_4bc42396,P_891a6409,D.Va,0,2,6665
3310,1755,remech_charged,307.53,T_4bc42396,P_891a6409,D.Va,0,4,6665
3311,1755,remech_charged,352.85,T_4bc42396,P_891a6409,D.Va,0,6,6665
3312,1755,remech_charged,591.23,T_4bc42396,P_891a6409,D.Va,0,8,6665
3313,1755,remech_charged,733.85,T_4bc42396,P_891a6409,D.Va,0,10,6665
3314,1755,remech_charged,828.79,T_4bc42396,P_891a6409,D.Va,0,12,6665
3315,1756,remech_charged,607.31,T_5568bd9d,P_d2a6c09f,D.Va,0,3,6667
3316,1756,remech_charged,633.51,T_5568bd9d,P_d2a6c09f,D.Va,0,4,6667
3317,1756,remech_charged,192.1,T_5568bd9d,P_d2a6c09f,D.Va,0,2,6668
3318,1756,remech_charged,323.45,T_5568bd9d,P_d2a6c09f,D.Va,0,4,6668
3319,1756,remech_charged,73.13,T_5568bd9d,P_d2a6c09f,D.Va,0,1,6669
3320,1756,remech_charged,117.8,T_5568bd9d,P_d2a6c09f,D.Va,0,3,6669
3321,1756,remech_charged,289.9,T_5568bd9d,P_d2a6c09f,D.Va,0,5,6669
3322,1756,remech_charged,554.33,T_5568bd9d,P_d2a6c09f,D.Va,0,8,6669
3323,1756,remech_charged,768.77,T_5568bd9d,P_d2a6c09f,D.Va,0,10,6669
3324,1756,remech_charged,196.33,T_5568bd9d,P_d2a6c09f,D.Va,0,2,6670
3325,1756,remech_charged,240.52,T_5568bd9d,P_d2a6c09f,D.Va,0,4,6670
3326,1756,remech_charged,337.99,T_5568bd9d,P_d2a6c09f,D.Va,0,7,6670
3327,1756,remech_charged,486.76,T_5568bd9d,P_d2a6c09f,D.Va,0,9,6670
3328,1756,remech_charged,522.98,T_5568bd9d,P_d2a6c09f,D.Va,0,11,6670
3329,1756,remech_charged,723.58,T_5568bd9d,P_d2a6c09f,D.Va,0,13,6670
3330,1756,remech_charged,763.44,T_5568bd9d,P_d2a6c09f,D.Va,0,15,6670
3331,1756,remech_charged,189.71,T_5568bd9d,P_d2a6c09f,D.Va,0,2,6671
3332,1756,remech_charged,252.92,T_5568bd9d,P_d2a6c09f,D.Va,0,4,6671
3333,1756,remech_charged,374.24,T_5568bd9d,P_d2a6c09f,D.Va,0,6,6671
3334,1756,remech_charged,153.25,T_5568bd9d,P_d2a6c09f,D.Va,0,2,6672
3335,1756,remech_charged,374.01,T_5568bd9d,P_d2a6c09f,D.Va,0,4,6672
3336,1756,remech_charged,475.94,T_5568bd9d,P_d2a6c09f,D.Va,0,6,6672
3337,1756,remech_charged,609.93,T_5568bd9d,P_d2a6c09f,D.Va,0,7,6672
3338,1757,remech_charged,203.46,T_a02bf5e9,P_7d800f37,D.Va,0,2,6673
3339,1757,remech_charged,301.44,T_a02bf5e9,P_7d800f37,D.Va,0,4,6673
3340,1757,remech_charged,340.9,T_5568bd9d,P_d2a6c09f,D.Va,0,3,6673
3341,1757,remech_charged,468.18,T_a02bf5e9,P_7d800f37,D.Va,0,6,6673
3342,1757,remech_charged,558.35,T_a02bf5e9,P_7d800f37,D.Va,0,8,6673
3343,1757,remech_charged,716.7,T_5568bd9d,P_d2a6c09f,D.Va,0,7,6673
3344,1757,remech_charged,780.81,T_a02bf5e9,P_7d800f37,D.Va,0,10,6673
3345,1757,remech_charged,853.92,T_5568bd9d,P_d2a6c09f,D.Va,0,9,6673
3346,1757,remech_charged,406.8,T_5568bd9d,P_d2a6c09f,D.Va,0,4,6676
3347,1757,remech_charged,604.18,T_5568bd9d,P_d2a6c09f,D.Va,0,6,6676
3348,1757,remech_charged,646.75,T_5568bd9d,P_d2a6c09f,D.Va,0,8,6676
3349,1757,remech_charged,137.6,T_a02bf5e9,P_7d800f37,D.Va,0,1,6677
3350,1757,remech_charged,206.07,T_a02bf5e9,P_7d800f37,D.Va,0,3,6677
3351,1757,remech_charged,206.07,T_5568bd9d,P_d2a6c09f,D.Va,0,2,6677
3352,1757,remech_charged,254.57,T_5568bd9d,P_d2a6c09f,D.Va,0,4,6677
3353,1757,remech_charged,433.33,T_5568bd9d,P_d2a6c09f,D.Va,0,6,6677
3354,1757,remech_charged,535.18,T_a02bf5e9,P_7d800f37,D.Va,0,6,6677
3355,1757,remech_charged,546.37,T_5568bd9d,P_d2a6c09f,D.Va,0,8,6677
3356,1757,remech_charged,652.9,T_5568bd9d,P_d2a6c09f,D.Va,0,10,6677
3357,1757,remech_charged,656.26,T_a02bf5e9,P_7d800f37,D.Va,0,8,6677
3358,1758,remech_charged,183.39,T_a02bf5e9,P_8b9e994c,D.Va,0,2,6679
3359,1758,remech_charged,837.52,T_a02bf5e9,P_8b9e994c,D.Va,0,6,6679
3360,1758,remech_charged,946.24,T_5568bd9d,P_d2840da0,D.Va,0,6,6679
3361,1758,remech_charged,998.41,T_a02bf5e9,P_8b9e994c,D.Va,0,8,6679
3362,1758,remech_charged,1080.33,T_a02bf5e9,P_8b9e994c,D.Va,0,10,6679
3363,1758,remech_charged,1085.77,T_5568bd9d,P_d2840da0,D.Va,0,8,6679
3364,1758,remech_charged,700.39,T_5568bd9d,P_d2840da0,D.Va,0,3,6680
3369,1758,remech_charged,185.49,T_5568bd9d,P_d2840da0,D.Va,0,2,6683
3370,1758,remech_charged,260.25,T_5568bd9d,P_d2840da0,D.Va,0,4,6683
3371,1758,remech_charged,295.36,T_5568bd9d,P_d2840da0,D.Va,0,6,6683
3372,1758,remech_charged,353.28,T_5568bd9d,P_d2840da0,D.Va,0,8,6683
3373,1758,remech_charged,183.39,T_a02bf5e9,P_8b9e994c,D.Va,0,2,6684
3374,1758,remech_charged,837.52,T_a02bf5e9,P_8b9e994c,D.Va,0,6,6684
3375,1758,remech_charged,946.24,T_5568bd9d,P_d2840da0,D.Va,0,6,6684
3376,1758,remech_charged,998.41,T_a02bf5e9,P_8b9e994c,D.Va,0,8,6684
3377,1758,remech_charged,1080.33,T_a02bf5e9,P_8b9e994c,D.Va,0,10,6684
3378,1758,remech_charged,1085.77,T_5568bd9d,P_d2840da0,D.Va,0,8,6684
3379,1758,remech_charged,183.39,T_a02bf5e9,P_8b9e994c,D.Va,0,2,6685
3380,1758,remech_charged,837.52,T_a02bf5e9,P_8b9e994c,D.Va,0,6,6685
3381,1758,remech_charged,946.24,T_5568bd9d,P_d2840da0,D.Va,0,6,6685
3382,1758,remech_charged,998.41,T_a02bf5e9,P_8b9e994c,D.Va,0,8,6685
3383,1758,remech_charged,1080.33,T_a02bf5e9,P_8b9e994c,D.Va,0,10,6685
3384,1758,remech_charged,1085.77,T_5568bd9d,P_d2840da0,D.Va,0,8,6685
3385,1758,remech_charged,183.39,T_a02bf5e9,P_8b9e994c,D.Va,0,2,6686
3386,1758,remech_charged,837.52,T_a02bf5e9,P_8b9e994c,D.Va,0,6,6686
3387,1758,remech_charged,946.24,T_5568bd9d,P_d2840da0,D.Va,0,6,6686
3388,1758,remech_charged,998.41,T_a02bf5e9,P_8b9e994c,D.Va,0,8,6686
3389,1758,remech_charged,1080.33,T_a02bf5e9,P_8b9e994c,D.Va,0,10,6686
3390,1758,remech_charged,1085.77,T_5568bd9d,P_d2840da0,D.Va,0,8,6686
3391,1760,remech_charged,240.79,T_cb79cd49,P_2d0baec2,D.Va,0,2,6695
3392,1760,remech_charged,275.2,T_cb79cd49,P_2d0baec2,D.Va,0,4,6695
3393,1760,remech_charged,375.84,T_e9d6682a,P_c3ad4f22,D.Va,0,3,6695
3394,1760,remech_charged,386.07,T_cb79cd49,P_2d0baec2,D.Va,0,6,6695
3395,1760,remech_charged,469.66,T_cb79cd49,P_2d0baec2,D.Va,0,8,6695
3396,1760,remech_charged,612.36,T_cb79cd49,P_2d0baec2,D.Va,0,10,6695
3397,1760,remech_charged,672.02,T_cb79cd49,P_2d0baec2,D.Va,0,12,6695
3398,1760,remech_charged,704.92,T_e9d6682a,P_c3ad4f22,D.Va,0,5,6695
3399,1760,remech_charged,137.1,T_cb79cd49,P_2d0baec2,D.Va,0,2,6696
3400,1762,remech_charged,177.32,T_5568bd9d,P_8b9e994c,D.Va,0,2,6702
3401,1762,remech_charged,391.22,T_5568bd9d,P_8b9e994c,D.Va,0,4,6702
3402,1762,remech_charged,716.69,T_5568bd9d,P_8b9e994c,D.Va,0,6,6702
3403,1762,remech_charged,541.27,T_5568bd9d,P_8b9e994c,D.Va,0,4,6704
3404,1762,remech_charged,229.78,T_5568bd9d,P_8b9e994c,D.Va,0,1,6706
3405,1762,remech_charged,417.97,T_5568bd9d,P_8b9e994c,D.Va,0,3,6706
3406,1762,remech_charged,464.23,T_5568bd9d,P_8b9e994c,D.Va,0,5,6706
3407,1762,remech_charged,603,T_5568bd9d,P_8b9e994c,D.Va,0,7,6706
3408,1763,remech_charged,177.32,T_5568bd9d,P_8b9e994c,D.Va,0,2,6708
3409,1763,remech_charged,391.22,T_5568bd9d,P_8b9e994c,D.Va,0,4,6708
3410,1763,remech_charged,716.69,T_5568bd9d,P_8b9e994c,D.Va,0,6,6708
3411,1763,remech_charged,229.78,T_5568bd9d,P_8b9e994c,D.Va,0,1,6710
3412,1763,remech_charged,417.97,T_5568bd9d,P_8b9e994c,D.Va,0,3,6710
3413,1763,remech_charged,464.23,T_5568bd9d,P_8b9e994c,D.Va,0,5,6710
3414,1763,remech_charged,603,T_5568bd9d,P_8b9e994c,D.Va,0,7,6710
3415,1763,remech_charged,541.27,T_5568bd9d,P_8b9e994c,D.Va,0,4,6712
3416,1764,remech_charged,150.07,T_a02bf5e9,P_717342af,D.Va,0,2,6716
3417,1764,remech_charged,232.26,T_a02bf5e9,P_717342af,D.Va,0,4,6716
3418,1764,remech_charged,289.45,T_a02bf5e9,P_717342af,D.Va,0,6,6716
3419,1764,remech_charged,487.12,T_a02bf5e9,P_717342af,D.Va,0,8,6716
3420,1764,remech_charged,708.67,T_a02bf5e9,P_717342af,D.Va,0,11,6716
3421,1765,remech_charged,126.33,T_5568bd9d,P_d2a6c09f,D.Va,0,2,6722
3422,1765,remech_charged,153.09,T_a02bf5e9,P_8e3a347c,D.Va,0,2,6722
3423,1765,remech_charged,278.24,T_a02bf5e9,P_8e3a347c,D.Va,0,4,6722
3424,1765,remech_charged,328.07,T_5568bd9d,P_d2a6c09f,D.Va,0,5,6722
3425,1765,remech_charged,342.19,T_a02bf5e9,P_8e3a347c,D.Va,0,6,6722
3426,1765,remech_charged,154.36,T_a02bf5e9,P_8e3a347c,D.Va,0,2,6724
3427,1765,remech_charged,169.05,T_5568bd9d,P_d2a6c09f,D.Va,0,1,6724
3428,1765,remech_charged,169.95,T_5568bd9d,P_d2a6c09f,D.Va,0,2,6724
3429,1765,remech_charged,320.26,T_a02bf5e9,P_8e3a347c,D.Va,0,4,6724
3430,1765,remech_charged,354.21,T_a02bf5e9,P_8e3a347c,D.Va,0,6,6724
3431,1765,remech_charged,399.15,T_5568bd9d,P_d2a6c09f,D.Va,0,4,6724
3432,1765,remech_charged,476.08,T_5568bd9d,P_d2a6c09f,D.Va,0,6,6724
3433,1765,remech_charged,482.37,T_a02bf5e9,P_8e3a347c,D.Va,0,7,6724
3434,1765,remech_charged,552.26,T_5568bd9d,P_d2a6c09f,D.Va,0,7,6724
3435,1765,remech_charged,719.27,T_a02bf5e9,P_8e3a347c,D.Va,0,9,6724
3436,1765,remech_charged,826.59,T_a02bf5e9,P_8e3a347c,D.Va,0,10,6724
3437,1765,remech_charged,162.34,T_a02bf5e9,P_8e3a347c,D.Va,0,2,6726
3438,1765,remech_charged,165.8,T_5568bd9d,P_d2a6c09f,D.Va,0,2,6726
3439,1765,remech_charged,243.61,T_a02bf5e9,P_8e3a347c,D.Va,0,3,6726
3440,1765,remech_charged,318.63,T_a02bf5e9,P_8e3a347c,D.Va,0,5,6726
3441,1765,remech_charged,452.79,T_a02bf5e9,P_8e3a347c,D.Va,0,7,6726
3442,1765,remech_charged,616.03,T_5568bd9d,P_d2a6c09f,D.Va,0,6,6726
3443,1765,remech_charged,617.07,T_a02bf5e9,P_8e3a347c,D.Va,0,9,6726
3444,1766,remech_charged,166.55,T_5568bd9d,P_8e3a347c,D.Va,0,2,6729
3445,1766,remech_charged,249.51,T_5568bd9d,P_8e3a347c,D.Va,0,4,6729
3446,1766,remech_charged,514.39,T_5568bd9d,P_8e3a347c,D.Va,0,6,6729
3456,1766,remech_charged,180.13,T_a02bf5e9,P_d2a6c09f,D.Va,0,2,6731
3457,1766,remech_charged,183.5,T_5568bd9d,P_8e3a347c,D.Va,0,2,6731
3458,1766,remech_charged,314.13,T_a02bf5e9,P_d2a6c09f,D.Va,0,4,6731
3459,1766,remech_charged,447.99,T_a02bf5e9,P_d2a6c09f,D.Va,0,6,6731
3460,1766,remech_charged,486.72,T_a02bf5e9,P_d2a6c09f,D.Va,0,8,6731
3461,1766,remech_charged,490.24,T_5568bd9d,P_8e3a347c,D.Va,0,5,6731
3462,1766,remech_charged,640.05,T_5568bd9d,P_8e3a347c,D.Va,0,7,6731
3463,1766,remech_charged,752.63,T_a02bf5e9,P_d2a6c09f,D.Va,0,10,6731
3464,1766,remech_charged,770.72,T_5568bd9d,P_8e3a347c,D.Va,0,9,6731
3465,1766,remech_charged,227.41,T_a02bf5e9,P_d2a6c09f,D.Va,0,2,6732
3466,1766,remech_charged,441.08,T_a02bf5e9,P_d2a6c09f,D.Va,0,4,6732
3467,1766,remech_charged,602.57,T_a02bf5e9,P_d2a6c09f,D.Va,0,6,6732
3468,1766,remech_charged,161.21,T_a02bf5e9,P_d2a6c09f,D.Va,0,2,6733
3469,1766,remech_charged,524.36,T_a02bf5e9,P_d2a6c09f,D.Va,0,6,6733
3470,1766,remech_charged,786.74,T_5568bd9d,P_8e3a347c,D.Va,0,4,6733
3471,1766,remech_charged,835.63,T_a02bf5e9,P_d2a6c09f,D.Va,0,9,6733
3472,1767,remech_charged,113.03,T_5568bd9d,P_2d0a0051,D.Va,0,2,6738
3473,1767,remech_charged,190,T_5568bd9d,P_2d0a0051,D.Va,0,4,6738
3474,1767,remech_charged,237.72,T_5568bd9d,P_2d0a0051,D.Va,0,6,6738
3475,1767,remech_charged,426.58,T_5568bd9d,P_2d0a0051,D.Va,0,8,6738
3476,1767,remech_charged,579.95,T_5568bd9d,P_2d0a0051,D.Va,0,10,6738
3505,1767,remech_charged,209.98,T_5568bd9d,P_2d0a0051,D.Va,0,2,6767
3506,1767,remech_charged,452.29,T_a02bf5e9,P_f2ed1249,D.Va,0,3,6767
3507,1767,remech_charged,457.56,T_5568bd9d,P_2d0a0051,D.Va,0,5,6767
3508,1767,remech_charged,646.42,T_a02bf5e9,P_f2ed1249,D.Va,0,5,6767
3509,1767,remech_charged,782.21,T_a02bf5e9,P_f2ed1249,D.Va,0,7,6767
3571,1866,remech_charged,651.55,T_a02bf5e9,P_0d6d5f92,D.Va,0,4,6936
3572,1866,remech_charged,803.54,T_a02bf5e9,P_0d6d5f92,D.Va,0,6,6936
3573,1866,remech_charged,150.63,T_a02bf5e9,P_0d6d5f92,D.Va,0,2,6937
3574,1866,remech_charged,273.07,T_a02bf5e9,P_0d6d5f92,D.Va,0,3,6937
3575,1866,remech_charged,466.39,T_a02bf5e9,P_0d6d5f92,D.Va,0,6,6937
3576,1866,remech_charged,611.07,T_a02bf5e9,P_0d6d5f92,D.Va,0,8,6937
3577,1866,remech_charged,648.48,T_a02bf5e9,P_0d6d5f92,D.Va,0,9,6937
3606,1903,remech_charged,618.4,T_a02bf5e9,P_4f41a80d,D.Va,0,5,6970
3607,1903,remech_charged,415.11,T_a02bf5e9,P_4f41a80d,D.Va,0,3,6972
3608,1903,remech_charged,647.76,T_a02bf5e9,P_4f41a80d,D.Va,0,6,6972