id,scrimId,event_type,match_time,round_number,capturing_team,team_1_score,team_2_score,objective_index,MapDataId
65,31,round_start,0,1,T_8c03018b,0,0,1,30
66,31,round_start,172.33,2,T_8c03018b,0,1,0,30
67,31,round_start,479.59,3,T_8c03018b,0,2,2,30
68,31,round_start,0,1,T_a02bf5e9,0,0,0,31
69,31,round_start,442.81,2,T_5568bd9d,0,3,0,31
70,31,round_start,0,1,T_a02bf5e9,0,0,0,32
71,31,round_start,272.27,2,T_5568bd9d,0,3,0,32
72,31,round_start,0,1,T_a02bf5e9,0,0,0,33
73,31,round_start,0,1,T_a02bf5e9,0,0,0,34
81,34,round_start,0,1,T_a02bf5e9,0,0,0,40
82,29,round_start,0,1,T_8c03018b,0,0,1,42
83,29,round_start,172.33,2,T_8c03018b,0,1,0,42
84,29,round_start,479.59,3,T_8c03018b,0,2,2,42
85,35,round_start,0,1,T_a02bf5e9,0,0,0,43
86,35,round_start,423.36,2,T_5568bd9d,0,3,0,43
87,35,round_start,0,1,T_a02bf5e9,0,0,0,44
88,35,round_start,0,1,T_a02bf5e9,0,0,0,45
89,35,round_start,516.33,2,T_5568bd9d,0,3,0,45
95,29,round_start,0,1,T_8c03018b,0,0,2,50
96,29,round_start,215.26,2,T_8c03018b,1,0,0,50
97,29,round_start,508.84,3,T_8c03018b,1,1,1,50
98,36,round_start,0,1,T_8c03018b,0,0,2,51
99,36,round_start,298.45,2,T_8c03018b,1,0,0,51
100,36,round_start,515.37,3,T_8c03018b,2,0,1,51
101,36,round_start,0,1,T_a02bf5e9,0,0,0,52
102,36,round_start,240.04,2,T_5568bd9d,0,3,0,52
103,36,round_start,0,1,T_a02bf5e9,0,0,0,53
104,36,round_start,0,1,T_a02bf5e9,0,0,0,54
105,36,round_start,531.24,2,T_5568bd9d,0,3,0,54
106,36,round_start,0,1,T_a02bf5e9,0,0,0,55
107,36,round_start,0,1,T_8c03018b,0,0,2,56
108,36,round_start,260.27,2,T_8c03018b,0,1,1,56
123,29,round_start,0,1,T_8c03018b,0,0,2,62
124,29,round_start,215.26,2,T_8c03018b,1,0,0,62
125,29,round_start,508.84,3,T_8c03018b,1,1,1,62
126,29,round_start,0,1,T_8c03018b,0,0,2,63
127,29,round_start,313.02,2,T_8c03018b,1,0,0,63
128,29,round_start,577.94,3,T_8c03018b,2,0,1,63
129,29,round_start,0,1,T_8c03018b,0,0,2,64
130,29,round_start,313.02,2,T_8c03018b,1,0,0,64
131,29,round_start,577.94,3,T_8c03018b,2,0,1,64
132,29,round_start,0,1,T_8c03018b,0,0,2,65
133,29,round_start,313.02,2,T_8c03018b,1,0,0,65
134,29,round_start,577.94,3,T_8c03018b,2,0,1,65
135,38,round_start,0,1,T_8c03018b,0,0,2,66
136,38,round_start,215.26,2,T_8c03018b,1,0,0,66
137,38,round_start,508.84,3,T_8c03018b,1,1,1,66
148,40,round_start,0,1,T_a02bf5e9,0,0,0,72
149,40,round_start,0,1,T_8c03018b,0,0,1,73
150,40,round_start,169.63,2,T_8c03018b,0,1,2,73
151,40,round_start,396.68,3,T_8c03018b,1,1,0,73
152,40,round_start,0,1,T_a02bf5e9,0,0,0,74
160,29,round_start,0,1,T_a02bf5e9,0,0,0,82
161,29,round_start,513.59,2,T_5568bd9d,0,3,0,82
162,43,round_start,0,1,T_8c03018b,0,0,2,83
163,43,round_start,260.88,2,T_8c03018b,0,1,1,83
164,43,round_start,563.95,3,T_8c03018b,1,1,0,83
165,43,round_start,0,1,T_a02bf5e9,0,0,0,84
166,43,round_start,504.88,2,T_5568bd9d,0,3,0,84
188,45,round_start,0,1,T_8c03018b,0,0,2,97
189,45,round_start,229.23,2,T_8c03018b,1,0,1,97
190,45,round_start,548,3,T_8c03018b,1,1,0,97
191,45,round_start,0,1,T_a02bf5e9,0,0,0,98
192,45,round_start,240.04,2,T_5568bd9d,0,3,0,98
193,45,round_start,0,1,T_a02bf5e9,0,0,0,99
194,45,round_start,0,1,T_a02bf5e9,0,0,0,100
195,45,round_start,396.27,2,T_5568bd9d,0,3,0,100
207,47,round_start,0,1,T_a02bf5e9,0,0,0,108
208,29,round_start,0,1,T_8c03018b,0,0,1,109
209,29,round_start,240.49,2,T_8c03018b,1,0,2,109
210,29,round_start,462.6,3,T_8c03018b,2,0,0,109
221,53,round_start,0,1,T_9903b894,0,0,0,
222,53,round_start,0,1,T_bbd123ed,0,0,0,128
223,53,round_start,490.75,2,T_9b28cc4d,0,3,0,128
227,53,round_start,0,1,T_8c03018b,0,0,0,130
228,53,round_start,338.35,2,T_8c03018b,0,1,1,130
229,53,round_start,639.16,3,T_8c03018b,0,2,2,130
230,53,round_start,0,1,T_01a3328b,0,0,0,131
245,57,round_start,0,1,T_8c03018b,0,0,1,139
246,57,round_start,280.65,2,T_8c03018b,1,0,2,139
247,57,round_start,465.16,3,T_8c03018b,2,0,0,139
248,57,round_start,0,1,T_a02bf5e9,0,0,0,140
249,57,round_start,245.05,2,T_5568bd9d,0,3,0,140
250,57,round_start,0,1,T_a02bf5e9,0,0,0,141
251,57,round_start,0,1,T_a02bf5e9,0,0,0,143
252,57,round_start,240.04,2,T_5568bd9d,0,3,0,143
253,57,round_start,0,1,T_a02bf5e9,0,0,0,
254,57,round_start,0,1,T_8c03018b,0,0,1,
255,57,round_start,163.59,2,T_8c03018b,1,0,2,
256,58,round_start,0,1,T_8c03018b,0,0,1,
257,58,round_start,240.49,2,T_8c03018b,1,0,2,
258,58,round_start,462.6,3,T_8c03018b,2,0,0,
259,58,round_start,0,1,T_a02bf5e9,0,0,0,
260,58,round_start,262.49,2,T_5568bd9d,0,3,0,
261,58,round_start,0,1,T_a02bf5e9,0,0,0,
262,58,round_start,0,1,T_a02bf5e9,0,0,0,
263,58,round_start,497.14,2,T_5568bd9d,0,3,0,
264,58,round_start,0,1,T_a02bf5e9,0,0,0,152
265,58,round_start,0,1,T_8c03018b,0,0,1,153
266,58,round_start,215.26,2,T_8c03018b,1,0,2,153
267,58,round_start,555.96,3,T_8c03018b,1,1,0,153
268,59,round_start,0,1,T_8c03018b,0,0,2,154
269,59,round_start,222.72,2,T_8c03018b,1,0,0,154
270,59,round_start,523.59,3,T_8c03018b,1,1,1,154
271,59,round_start,0,1,T_a02bf5e9,0,0,0,155
272,59,round_start,490.23,2,T_5568bd9d,0,3,0,155
273,59,round_start,0,1,T_a02bf5e9,0,0,0,156
274,59,round_start,0,1,T_a02bf5e9,0,0,0,157
275,59,round_start,500.96,2,T_5568bd9d,0,3,0,157
276,59,round_start,0,1,T_a02bf5e9,0,0,0,158
277,59,round_start,0,1,T_8c03018b,0,0,2,159
278,59,round_start,310.4,2,T_8c03018b,1,0,0,159
279,59,round_start,636.55,3,T_8c03018b,1,1,1,159
280,60,round_start,0,1,T_8c03018b,0,0,2,160
281,60,round_start,259.96,2,T_8c03018b,0,1,1,160
282,60,round_start,437.51,3,T_8c03018b,1,1,0,160
283,60,round_start,0,1,T_a02bf5e9,0,0,0,161
284,60,round_start,435.18,2,T_5568bd9d,0,3,0,161
285,60,round_start,0,1,T_a02bf5e9,0,0,0,162
286,60,round_start,0,1,T_a02bf5e9,0,0,0,163
287,60,round_start,528.3,2,T_5568bd9d,0,3,0,163
288,60,round_start,0,1,T_8c03018b,0,0,0,165
289,60,round_start,315.23,2,T_8c03018b,0,1,1,165
290,60,round_start,663.48,3,T_8c03018b,0,2,2,165
291,60,round_start,0,1,T_a02bf5e9,0,0,0,166
292,61,round_start,0,1,T_8c03018b,0,0,1,167
293,61,round_start,208.36,2,T_8c03018b,1,0,0,167
294,61,round_start,388.27,3,T_8c03018b,2,0,2,167
295,61,round_start,0,1,T_a02bf5e9,0,0,0,168
296,61,round_start,425.92,2,T_5568bd9d,0,3,0,168
297,61,round_start,0,1,T_a02bf5e9,0,0,0,169
298,61,round_start,0,1,T_a02bf5e9,0,0,0,170
299,61,round_start,499.72,2,T_5568bd9d,0,3,0,170
300,61,round_start,0,1,T_a02bf5e9,0,0,0,171
301,61,round_start,0,1,T_8c03018b,0,0,0,172
302,61,round_start,192.07,2,T_8c03018b,1,0,1,172
303,61,round_start,373.91,3,T_8c03018b,1,1,2,172
304,34,round_start,0,1,T_a02bf5e9,0,0,0,173
305,34,round_start,536.79,2,T_5568bd9d,0,3,0,173
306,62,round_start,0,1,T_8c03018b,0,0,1,174
307,62,round_start,237.29,2,T_8c03018b,0,1,0,174
308,62,round_start,555.12,3,T_8c03018b,0,2,2,174
309,62,round_start,0,1,T_a02bf5e9,0,0,0,175
310,62,round_start,491.92,2,T_5568bd9d,0,3,0,175
311,62,round_start,0,1,T_a02bf5e9,0,0,0,176
312,62,round_start,0,1,T_a02bf5e9,0,0,0,177
313,62,round_start,487.67,2,T_5568bd9d,0,3,0,177
314,62,round_start,0,1,T_a02bf5e9,0,0,0,178
315,62,round_start,0,1,T_a02bf5e9,0,0,0,179
316,62,round_start,489.97,2,T_5568bd9d,0,3,0,179
326,64,round_start,0,1,T_8c03018b,0,0,1,185
327,64,round_start,283.4,2,T_8c03018b,0,1,0,185
328,64,round_start,544.01,3,T_8c03018b,0,2,2,185
329,64,round_start,0,1,T_a02bf5e9,0,0,0,186
330,64,round_start,509.33,2,T_5568bd9d,0,3,0,186
331,64,round_start,0,1,T_a02bf5e9,0,0,0,187
332,64,round_start,0,1,T_a02bf5e9,0,0,0,188
333,64,round_start,356.24,2,T_5568bd9d,0,3,0,188
334,64,round_start,0,1,T_a02bf5e9,0,0,0,189
335,34,round_start,0,1,T_a02bf5e9,0,0,0,191
346,67,round_start,0,1,T_a02bf5e9,0,0,0,197
347,67,round_start,0,1,T_a02bf5e9,0,0,0,198
348,67,round_start,502.95,2,T_5568bd9d,0,3,0,198
349,67,round_start,0,1,T_a02bf5e9,0,0,0,199
350,67,round_start,0,1,T_8c03018b,0,0,2,200
351,67,round_start,208.78,2,T_8c03018b,1,0,0,200
352,67,round_start,380.38,3,T_8c03018b,2,0,1,200
353,67,round_start,0,1,T_a02bf5e9,0,0,0,201
354,67,round_start,536.79,2,T_5568bd9d,0,3,0,201
362,69,round_start,0,1,T_a02bf5e9,0,0,0,206
363,69,round_start,495.2,2,T_5568bd9d,0,3,0,206
364,69,round_start,0,1,T_a02bf5e9,0,0,0,207
365,69,round_start,480.23,2,T_5568bd9d,0,3,0,207
366,69,round_start,0,1,T_a02bf5e9,0,0,0,208
367,69,round_start,0,1,T_a02bf5e9,0,0,0,209
368,69,round_start,0,1,T_8c03018b,0,0,0,210
369,69,round_start,273.72,2,T_8c03018b,1,0,2,210
370,69,round_start,601.13,3,T_8c03018b,2,0,1,210
371,70,round_start,0,1,T_a02bf5e9,0,0,0,211
372,70,round_start,476.42,2,T_5568bd9d,0,3,0,211
373,71,round_start,0,1,T_a02bf5e9,0,0,0,212
374,71,round_start,476.42,2,T_5568bd9d,0,3,0,212
375,72,round_start,0,1,T_a02bf5e9,0,0,0,213
379,74,round_start,0,1,T_a02bf5e9,0,0,0,216
380,74,round_start,268.34,2,T_5568bd9d,0,3,0,216
381,74,round_start,676.75,3,T_5568bd9d,3,3,0,216
382,74,round_start,0,1,T_a02bf5e9,0,0,0,217
383,74,round_start,0,1,T_a02bf5e9,0,0,0,218
384,74,round_start,441.98,2,T_5568bd9d,0,3,0,218
385,74,round_start,0,1,T_a02bf5e9,0,0,0,219
386,75,round_start,0,1,T_8c03018b,0,0,2,220
387,75,round_start,245.48,2,T_8c03018b,0,1,1,220
388,75,round_start,554.58,3,T_8c03018b,0,2,0,220
389,75,round_start,0,1,T_a02bf5e9,0,0,0,221
390,75,round_start,390.14,2,T_5568bd9d,0,3,0,221
391,75,round_start,0,1,T_a02bf5e9,0,0,0,222
392,75,round_start,0,1,T_a02bf5e9,0,0,0,225
393,75,round_start,395.63,2,T_5568bd9d,0,3,0,225
394,75,round_start,0,1,T_a02bf5e9,0,0,0,226
395,75,round_start,0,1,T_8c03018b,0,0,1,227
396,75,round_start,281.85,2,T_8c03018b,0,1,2,227
397,75,round_start,510.86,3,T_8c03018b,0,2,0,227
398,80,round_start,0,1,T_29b01666,0,0,0,232
399,80,round_start,441.87,2,T_7f8fc438,0,3,0,232
400,80,round_start,0,1,T_29b01666,0,0,0,233
404,80,round_start,0,1,T_29b01666,0,0,0,235
405,80,round_start,0,1,T_29b01666,0,0,0,236
406,80,round_start,405.67,2,T_7f8fc438,0,3,0,236
407,80,round_start,0,1,T_8c03018b,0,0,0,237
408,80,round_start,311.71,2,T_8c03018b,0,1,2,237
409,80,round_start,615.03,3,T_8c03018b,0,2,1,237
410,34,round_start,0,1,T_8c03018b,0,0,0,251
411,85,round_start,0,1,T_a02bf5e9,0,0,0,252
413,34,round_start,0,1,T_a02bf5e9,0,0,0,254
414,34,round_start,395.63,2,T_5568bd9d,0,3,0,254
415,34,round_start,0,1,T_a02bf5e9,0,0,0,255
416,34,round_start,395.63,2,T_5568bd9d,0,3,0,255
417,34,round_start,0,1,T_a02bf5e9,0,0,0,256
418,34,round_start,395.63,2,T_5568bd9d,0,3,0,256
419,34,round_start,0,1,T_a02bf5e9,0,0,0,257
420,34,round_start,390.14,2,T_5568bd9d,0,3,0,257
421,34,round_start,0,1,T_a02bf5e9,0,0,0,258
422,34,round_start,310.31,2,T_5568bd9d,0,3,0,258
423,87,round_start,0,1,T_8c03018b,0,0,2,259
424,87,round_start,307.36,2,T_8c03018b,0,1,0,259
425,87,round_start,500.32,3,T_8c03018b,0,2,1,259
426,87,round_start,0,1,T_a02bf5e9,0,0,0,260
427,87,round_start,377.57,2,T_5568bd9d,0,3,0,260
428,87,round_start,0,1,T_a02bf5e9,0,0,0,261
429,87,round_start,0,1,T_a02bf5e9,0,0,0,262
430,87,round_start,294.75,2,T_5568bd9d,0,3,0,262
431,87,round_start,0,1,T_a02bf5e9,0,0,0,263
432,87,round_start,0,1,T_8c03018b,0,0,0,264
433,87,round_start,157.45,2,T_8c03018b,0,1,2,264
434,87,round_start,436.93,3,T_8c03018b,1,1,1,264
435,87,round_start,0,1,T_a02bf5e9,0,0,0,265
436,87,round_start,350.32,2,T_5568bd9d,0,3,0,265
440,85,round_start,0,1,T_a02bf5e9,0,0,0,267
441,85,round_start,296.89,2,T_5568bd9d,0,3,0,267
442,85,round_start,0,1,T_a02bf5e9,0,0,0,268
445,91,round_start,0,1,T_8c03018b,0,0,1,272
446,91,round_start,225.91,2,T_8c03018b,0,1,2,272
447,91,round_start,584.91,3,T_8c03018b,0,2,0,272
448,91,round_start,0,1,T_a02bf5e9,0,0,0,273
449,91,round_start,511.48,2,T_5568bd9d,0,3,0,273
450,91,round_start,0,1,T_a02bf5e9,0,0,0,274
451,91,round_start,0,1,T_a02bf5e9,0,0,0,275
452,91,round_start,275.84,2,T_5568bd9d,0,3,0,275
453,91,round_start,0,1,T_a02bf5e9,0,0,0,276
454,91,round_start,0,1,T_8c03018b,0,0,1,277
455,91,round_start,222.77,2,T_8c03018b,1,0,0,277
456,91,round_start,468.04,3,T_8c03018b,2,0,2,277
457,92,round_start,0,1,T_8c03018b,0,0,2,278
458,92,round_start,327.03,2,T_8c03018b,1,0,1,278
459,92,round_start,576.21,3,T_8c03018b,1,1,0,278
460,92,round_start,0,1,T_3454a3d6,0,0,0,279
461,92,round_start,229.12,2,T_7f8fc438,0,3,0,279
462,92,round_start,0,1,T_3454a3d6,0,0,0,280
463,92,round_start,426.28,2,T_7f8fc438,0,3,0,280
464,92,round_start,0,1,T_3454a3d6,0,0,0,281
466,93,round_start,0,1,T_8c03018b,0,0,1,283
467,93,round_start,225.91,2,T_8c03018b,0,1,2,283
468,93,round_start,584.91,3,T_8c03018b,0,2,0,283
469,93,round_start,0,1,T_a02bf5e9,0,0,0,284
470,93,round_start,511.48,2,T_5568bd9d,0,3,0,284
471,93,round_start,0,1,T_a02bf5e9,0,0,0,285
472,93,round_start,0,1,T_a02bf5e9,0,0,0,286
473,93,round_start,275.84,2,T_5568bd9d,0,3,0,286
474,93,round_start,0,1,T_a02bf5e9,0,0,0,287
475,93,round_start,0,1,T_8c03018b,0,0,1,288
476,93,round_start,222.77,2,T_8c03018b,1,0,0,288
477,93,round_start,468.04,3,T_8c03018b,2,0,2,288
478,94,round_start,0,1,T_8c03018b,0,0,0,289
479,94,round_start,329.08,2,T_8c03018b,1,0,1,289
480,94,round_start,492.08,3,T_8c03018b,2,0,2,289
481,94,round_start,0,1,T_a02bf5e9,0,0,0,290
482,94,round_start,507.05,2,T_5568bd9d,0,3,0,290
483,94,round_start,0,1,T_a02bf5e9,0,0,0,291
484,94,round_start,0,1,T_a02bf5e9,0,0,0,292
485,94,round_start,509.41,2,T_5568bd9d,0,3,0,292
486,94,round_start,0,1,T_a02bf5e9,0,0,0,293
487,94,round_start,0,1,T_8c03018b,0,0,2,295
488,94,round_start,239.17,2,T_8c03018b,1,0,0,295
489,94,round_start,546.95,3,T_8c03018b,2,0,1,295
502,96,round_start,0,1,T_beaf8cb4,0,0,0,305
503,96,round_start,281.39,2,T_7f8fc438,0,3,0,305
504,96,round_start,0,1,T_beaf8cb4,0,0,0,306
505,96,round_start,0,1,T_beaf8cb4,0,0,0,307
506,96,round_start,477.83,2,T_7f8fc438,0,3,0,307
507,96,round_start,0,1,T_8c03018b,0,0,1,308
508,96,round_start,181.79,2,T_8c03018b,0,1,2,308
509,96,round_start,440.91,3,T_8c03018b,1,1,0,308
521,97,round_start,0,1,T_a02bf5e9,0,0,0,318
522,97,round_start,0,1,T_8c03018b,0,0,0,319
523,97,round_start,330.12,2,T_8c03018b,0,1,1,319
524,97,round_start,629.36,3,T_8c03018b,0,2,2,319
525,99,round_start,0,1,T_8c03018b,0,0,1,320
526,99,round_start,246.99,2,T_8c03018b,1,0,0,320
527,99,round_start,529.22,3,T_8c03018b,2,0,2,320
528,99,round_start,0,1,T_a02bf5e9,0,0,0,321
529,99,round_start,420.57,2,T_5568bd9d,0,3,0,321
530,99,round_start,0,1,T_a02bf5e9,0,0,0,322
531,99,round_start,0,1,T_a02bf5e9,0,0,0,323
532,99,round_start,315.98,2,T_5568bd9d,0,3,0,323
533,99,round_start,0,1,T_a02bf5e9,0,0,0,324
534,99,round_start,0,1,T_8c03018b,0,0,1,325
535,99,round_start,222.9,2,T_8c03018b,0,1,2,325
536,99,round_start,547.78,3,T_8c03018b,0,2,0,325
537,100,round_start,0,1,T_a02bf5e9,0,0,0,326
538,100,round_start,0,1,T_a02bf5e9,0,0,0,327
539,100,round_start,240.04,2,T_5568bd9d,0,3,0,327
540,100,round_start,0,1,T_8c03018b,0,0,2,328
541,100,round_start,258.37,2,T_8c03018b,1,0,0,328
542,100,round_start,474.09,3,T_8c03018b,2,0,1,328
543,100,round_start,0,1,T_8c03018b,0,0,2,329
544,100,round_start,223.68,2,T_8c03018b,1,0,1,329
545,100,round_start,391.31,3,T_8c03018b,2,0,0,329
546,100,round_start,0,1,T_a02bf5e9,0,0,0,330
547,100,round_start,0,1,T_a02bf5e9,0,0,0,331
548,100,round_start,480.25,2,T_5568bd9d,0,3,0,331
553,104,round_start,0,1,T_8c03018b,0,0,2,336
554,104,round_start,257.84,2,T_8c03018b,0,1,1,336
555,104,round_start,486.43,3,T_8c03018b,1,1,0,336
556,104,round_start,0,1,T_a02bf5e9,0,0,0,337
557,104,round_start,492.23,2,T_5568bd9d,0,3,0,337
558,104,round_start,0,1,T_a02bf5e9,0,0,0,338
559,104,round_start,0,1,T_a02bf5e9,0,0,0,339
560,104,round_start,240.04,2,T_5568bd9d,0,3,0,339
561,104,round_start,0,1,T_a02bf5e9,0,0,0,340
562,105,round_start,0,1,T_8c03018b,0,0,2,341
563,105,round_start,242.26,2,T_8c03018b,0,1,0,341
564,105,round_start,469.71,3,T_8c03018b,0,2,1,341
565,105,round_start,0,1,T_a02bf5e9,0,0,0,342
566,105,round_start,501.46,2,T_5568bd9d,0,3,0,342
567,105,round_start,0,1,T_a02bf5e9,0,0,0,343
568,105,round_start,0,1,T_a02bf5e9,0,0,0,344
569,105,round_start,0,1,T_a02bf5e9,0,0,0,345
570,105,round_start,396.84,2,T_5568bd9d,0,3,0,345
584,34,round_start,0,1,T_a02bf5e9,0,0,0,353
585,107,round_start,0,1,T_8c03018b,0,0,1,354
586,107,round_start,305.9,2,T_8c03018b,1,0,0,354
587,107,round_start,590.36,3,T_8c03018b,2,0,2,354
588,107,round_start,0,1,T_a02bf5e9,0,0,0,355
589,107,round_start,0,1,T_a02bf5e9,0,0,0,356
590,107,round_start,390.14,2,T_5568bd9d,0,3,0,356
591,107,round_start,0,1,T_a02bf5e9,0,0,0,357
592,107,round_start,0,1,T_8c03018b,0,0,1,358
593,107,round_start,182.22,2,T_8c03018b,0,1,2,358
594,107,round_start,477.89,3,T_8c03018b,0,2,0,358
595,108,round_start,0,1,T_8c03018b,0,0,0,359
596,108,round_start,297.42,2,T_8c03018b,0,1,2,359
597,108,round_start,617.31,3,T_8c03018b,0,2,1,359
598,108,round_start,0,1,T_01659e9a,0,0,0,360
599,108,round_start,480.21,2,T_7f8fc438,0,3,0,360
608,109,round_start,0,1,T_a02bf5e9,0,0,0,367
611,111,round_start,0,1,T_8c03018b,0,0,1,369
612,111,round_start,227.47,2,T_8c03018b,1,0,0,369
613,112,round_start,0,1,T_8c03018b,0,0,2,370
614,112,round_start,192.24,2,T_8c03018b,1,0,0,370
615,112,round_start,486.08,3,T_8c03018b,2,0,1,370
616,112,round_start,0,1,T_a02bf5e9,0,0,0,371
617,112,round_start,378.05,2,T_5568bd9d,0,3,0,371
618,112,round_start,0,1,T_a02bf5e9,0,0,0,372
619,112,round_start,0,1,T_a02bf5e9,0,0,0,373
620,112,round_start,312.38,2,T_5568bd9d,0,3,0,373
621,112,round_start,0,1,T_a02bf5e9,0,0,0,374
622,112,round_start,0,1,T_8c03018b,0,0,0,375
623,112,round_start,252,2,T_8c03018b,0,1,1,375
624,112,round_start,567.84,3,T_8c03018b,0,2,2,375
625,113,round_start,0,1,T_8c03018b,0,0,1,376
626,113,round_start,182.13,2,T_8c03018b,1,0,0,376
627,113,round_start,391.56,3,T_8c03018b,2,0,2,376
628,113,round_start,0,1,T_504e1cd5,0,0,0,378
629,113,round_start,0,1,T_504e1cd5,0,0,0,379
630,113,round_start,0,1,T_504e1cd5,0,0,0,380
631,113,round_start,495.97,2,T_7f8fc438,0,3,0,380
632,113,round_start,0,1,T_504e1cd5,0,0,0,384
633,113,round_start,490.1,2,T_7f8fc438,0,3,0,384
634,114,round_start,0,1,T_8c03018b,0,0,0,385
635,114,round_start,287.17,2,T_8c03018b,1,0,1,385
636,114,round_start,638.26,3,T_8c03018b,1,1,2,385
637,114,round_start,0,1,T_92ddd88e,0,0,0,386
638,114,round_start,395.97,2,T_7f8fc438,0,3,0,386
639,114,round_start,0,1,T_92ddd88e,0,0,0,387
640,114,round_start,0,1,T_92ddd88e,0,0,0,388
641,114,round_start,0,1,T_92ddd88e,0,0,0,389
642,114,round_start,413.4,2,T_7f8fc438,0,3,0,389
643,114,round_start,0,1,T_8c03018b,0,0,2,390
644,114,round_start,322.19,2,T_8c03018b,1,0,1,390
645,114,round_start,521.24,3,T_8c03018b,2,0,0,390
646,115,round_start,0,1,T_8c03018b,0,0,1,391
647,115,round_start,253.52,2,T_8c03018b,1,0,0,391
648,115,round_start,569.59,3,T_8c03018b,2,0,2,391
649,115,round_start,0,1,T_a02bf5e9,0,0,0,392
650,115,round_start,499.65,2,T_5568bd9d,0,3,0,392
651,115,round_start,0,1,T_a02bf5e9,0,0,0,393
652,115,round_start,0,1,T_a02bf5e9,0,0,0,394
653,115,round_start,502.61,2,T_5568bd9d,0,3,0,394
654,115,round_start,0,1,T_a02bf5e9,0,0,0,395
655,116,round_start,0,1,T_8c03018b,0,0,2,396
656,116,round_start,210.12,2,T_8c03018b,1,0,0,396
657,116,round_start,579.95,3,T_8c03018b,1,1,1,396
658,116,round_start,0,1,T_a02bf5e9,0,0,0,398
659,116,round_start,0,1,T_a02bf5e9,0,0,0,399
660,116,round_start,395.13,2,T_5568bd9d,0,3,0,399
661,117,round_start,0,1,T_8c03018b,0,0,1,400
662,117,round_start,271.91,2,T_8c03018b,0,1,0,400
663,117,round_start,490.53,3,T_8c03018b,0,2,2,400
664,117,round_start,0,1,T_a02bf5e9,0,0,0,401
665,117,round_start,501.29,2,T_5568bd9d,0,3,0,401
666,117,round_start,0,1,T_a02bf5e9,0,0,0,402
667,117,round_start,0,1,T_a02bf5e9,0,0,0,403
668,117,round_start,513.05,2,T_5568bd9d,0,3,0,403
669,117,round_start,0,1,T_a02bf5e9,0,0,0,404
670,117,round_start,0,1,T_8c03018b,0,0,2,406
671,117,round_start,156.08,2,T_8c03018b,1,0,1,406
672,117,round_start,462.33,3,T_8c03018b,1,1,0,406
675,125,round_start,0,1,T_8c03018b,0,0,1,408
676,125,round_start,251.8,2,T_8c03018b,1,0,2,408
677,125,round_start,511.36,3,T_8c03018b,1,1,0,408
678,125,round_start,0,1,T_a02bf5e9,0,0,0,409
679,125,round_start,498.52,2,T_5568bd9d,0,3,0,409
680,125,round_start,744.02,3,T_a02bf5e9,3,3,0,409
681,125,round_start,0,1,T_a02bf5e9,0,0,0,410
684,125,round_start,0,1,T_a02bf5e9,0,0,0,412
685,125,round_start,0,1,T_8c03018b,0,0,1,413
686,125,round_start,289.75,2,T_8c03018b,0,1,0,413
687,125,round_start,540.5,3,T_8c03018b,0,2,2,413
691,127,round_start,0,1,T_8c03018b,0,0,0,415
692,127,round_start,211.68,2,T_8c03018b,1,0,2,415
693,127,round_start,486.57,3,T_8c03018b,2,0,1,415
694,127,round_start,0,1,T_a02bf5e9,0,0,0,416
695,127,round_start,422.68,2,T_5568bd9d,0,3,0,416
696,127,round_start,0,1,T_a02bf5e9,0,0,0,417
697,127,round_start,0,1,T_a02bf5e9,0,0,0,418
698,127,round_start,428.07,2,T_5568bd9d,0,3,0,418
700,127,round_start,0,1,T_8c03018b,0,0,1,420
701,127,round_start,167.83,2,T_8c03018b,0,1,2,420
702,127,round_start,450.24,3,T_8c03018b,1,1,0,420
719,129,round_start,0,1,T_8c03018b,0,0,2,429
720,129,round_start,287.41,2,T_8c03018b,0,1,1,429
721,129,round_start,542.49,3,T_8c03018b,0,2,0,429
722,129,round_start,0,1,T_a02bf5e9,0,0,0,430
723,129,round_start,312.42,2,T_5568bd9d,0,3,0,430
724,129,round_start,0,1,T_a02bf5e9,0,0,0,431
725,129,round_start,0,1,T_a02bf5e9,0,0,0,432
726,129,round_start,385.86,2,T_5568bd9d,0,3,0,432
727,129,round_start,0,1,T_a02bf5e9,0,0,0,433
734,131,round_start,0,1,T_8c03018b,0,0,0,436
735,131,round_start,248.22,2,T_8c03018b,1,0,2,436
736,131,round_start,529.5,3,T_8c03018b,1,1,1,436
737,131,round_start,0,1,T_a02bf5e9,0,0,0,437
738,131,round_start,260.33,2,T_5568bd9d,0,3,0,437
739,131,round_start,0,1,T_a02bf5e9,0,0,0,438
740,131,round_start,0,1,T_a02bf5e9,0,0,0,439
741,131,round_start,502.9,2,T_5568bd9d,0,3,0,439
742,131,round_start,0,1,T_a02bf5e9,0,0,0,440
743,131,round_start,401.92,2,T_5568bd9d,0,3,0,440
744,132,round_start,0,1,T_8c03018b,0,0,1,441
745,132,round_start,221.62,2,T_8c03018b,0,1,2,441
746,132,round_start,492.26,3,T_8c03018b,1,1,0,441
747,132,round_start,0,1,T_5c394d50,0,0,0,442
748,132,round_start,422.52,2,T_7f8fc438,0,3,0,442
749,132,round_start,0,1,T_5c394d50,0,0,0,443
750,132,round_start,0,1,T_5c394d50,0,0,0,444
751,132,round_start,0,1,T_5c394d50,0,0,0,445
752,132,round_start,411.61,2,T_7f8fc438,0,3,0,445
753,133,round_start,0,1,T_8c03018b,0,0,2,446
754,133,round_start,165.93,2,T_8c03018b,0,1,1,446
755,133,round_start,403.67,3,T_8c03018b,0,2,0,446
756,133,round_start,0,1,T_a02bf5e9,0,0,0,447
757,133,round_start,262.27,2,T_5568bd9d,0,3,0,447
759,133,round_start,0,1,T_a02bf5e9,0,0,0,449
760,133,round_start,0,1,T_a02bf5e9,0,0,0,450
761,133,round_start,240.04,2,T_5568bd9d,0,3,0,450
762,133,round_start,0,1,T_8c03018b,0,0,1,451
763,133,round_start,285.99,2,T_8c03018b,0,1,2,451
764,133,round_start,488.77,3,T_8c03018b,1,1,0,451
765,134,round_start,0,1,T_8c03018b,0,0,2,452
766,134,round_start,307.21,2,T_8c03018b,0,1,0,452
767,134,round_start,555.35,3,T_8c03018b,0,2,1,452
768,134,round_start,0,1,T_a02bf5e9,0,0,0,453
769,134,round_start,489.63,2,T_5568bd9d,0,3,0,453
770,134,round_start,0,1,T_a02bf5e9,0,0,0,454
773,134,round_start,0,1,T_a02bf5e9,0,0,0,456
774,134,round_start,0,1,T_8c03018b,0,0,2,457
775,134,round_start,273.19,2,T_8c03018b,1,0,1,457
776,134,round_start,568.94,3,T_8c03018b,2,0,0,457
777,135,round_start,0,1,T_a02bf5e9,0,0,0,458
780,137,round_start,0,1,T_8c03018b,0,0,2,460
781,137,round_start,315.23,2,T_8c03018b,0,1,0,460
782,137,round_start,494.1,3,T_8c03018b,0,2,1,460
783,137,round_start,0,1,T_e10c87f5,0,0,0,461
784,137,round_start,245.8,2,T_8e0805e1,0,3,0,461
785,137,round_start,0,1,T_e10c87f5,0,0,0,462
786,137,round_start,0,1,T_e10c87f5,0,0,0,463
787,137,round_start,480.11,2,T_8e0805e1,0,3,0,463
788,137,round_start,0,1,T_e10c87f5,0,0,0,464
789,137,round_start,0,1,T_8c03018b,0,0,1,465
790,137,round_start,308.46,2,T_8c03018b,1,0,0,465
791,137,round_start,597.5,3,T_8c03018b,2,0,2,465
795,135,round_start,0,1,T_a02bf5e9,0,0,0,467
796,135,round_start,552.04,2,T_5568bd9d,0,3,0,467
797,135,round_start,0,1,T_a02bf5e9,0,0,0,468
798,135,round_start,0,1,T_a02bf5e9,0,0,0,469
799,135,round_start,245.05,2,T_5568bd9d,0,3,0,469
800,135,round_start,0,1,T_8c03018b,0,0,1,470
801,135,round_start,286.81,2,T_8c03018b,0,1,2,470
802,135,round_start,628.55,3,T_8c03018b,1,1,0,470
803,139,round_start,0,1,T_326e943d,0,0,0,471
804,139,round_start,0,1,T_326e943d,0,0,0,472
818,141,round_start,0,1,T_8c03018b,0,0,0,480
819,141,round_start,168.73,2,T_8c03018b,0,1,2,480
820,141,round_start,444.29,3,T_8c03018b,1,1,1,480
821,141,round_start,0,1,T_a02bf5e9,0,0,0,481
822,141,round_start,414.34,2,T_5568bd9d,0,3,0,481
823,141,round_start,0,1,T_a02bf5e9,0,0,0,482
824,141,round_start,0,1,T_a02bf5e9,0,0,0,483
825,141,round_start,413.78,2,T_5568bd9d,0,3,0,483
826,141,round_start,0,1,T_a02bf5e9,0,0,0,484
827,141,round_start,0,1,T_8c03018b,0,0,2,485
828,141,round_start,210.15,2,T_8c03018b,0,1,0,485
829,141,round_start,427.46,3,T_8c03018b,1,1,1,485
851,146,round_start,0,1,T_8c03018b,0,0,2,500
852,146,round_start,345.98,2,T_8c03018b,0,1,1,500
853,146,round_start,551.27,3,T_8c03018b,1,1,0,500
854,146,round_start,0,1,T_a02bf5e9,0,0,0,502
855,146,round_start,412.53,2,T_5568bd9d,0,3,0,502
856,146,round_start,0,1,T_a02bf5e9,0,0,0,503
857,146,round_start,0,1,T_a02bf5e9,0,0,0,504
858,146,round_start,0,1,T_a02bf5e9,0,0,0,505
859,146,round_start,485.68,2,T_5568bd9d,0,3,0,505
888,153,round_start,0,1,T_8c03018b,0,0,1,519
889,153,round_start,225.59,2,T_8c03018b,1,0,2,519
890,153,round_start,425.04,3,T_8c03018b,1,1,0,519
891,153,round_start,0,1,T_a02bf5e9,0,0,0,520
892,153,round_start,415.99,2,T_5568bd9d,0,3,0,520
894,153,round_start,0,1,T_a02bf5e9,0,0,0,522
895,153,round_start,240.04,2,T_5568bd9d,0,3,0,522
896,153,round_start,0,1,T_a02bf5e9,0,0,0,523
897,153,round_start,0,1,T_8c03018b,0,0,2,524
898,153,round_start,309.14,2,T_8c03018b,0,1,0,524
899,153,round_start,620.61,3,T_8c03018b,0,2,1,524
926,156,round_start,0,1,T_8c03018b,0,0,0,540
927,156,round_start,279.38,2,T_8c03018b,0,1,1,540
928,156,round_start,540.3,3,T_8c03018b,1,1,2,540
929,156,round_start,0,1,T_6245d371,0,0,0,541
930,156,round_start,485.27,2,T_b16cd221,0,3,0,541
931,156,round_start,0,1,T_6245d371,0,0,0,542
932,156,round_start,0,1,T_6245d371,0,0,0,543
933,156,round_start,0,1,T_6245d371,0,0,0,545
934,156,round_start,364.12,2,T_b16cd221,0,3,0,545
942,157,round_start,0,1,T_9b28cc4d,0,0,0,554
943,158,round_start,0,1,T_8c03018b,0,0,0,555
944,158,round_start,179.85,2,T_8c03018b,1,0,1,555
945,158,round_start,434.01,3,T_8c03018b,2,0,2,555
946,158,round_start,0,1,T_a02bf5e9,0,0,0,556
947,158,round_start,390.16,2,T_5568bd9d,0,3,0,556
948,158,round_start,0,1,T_a02bf5e9,0,0,0,557
949,158,round_start,0,1,T_a02bf5e9,0,0,0,558
950,158,round_start,0,1,T_a02bf5e9,0,0,0,559
951,158,round_start,265.02,2,T_5568bd9d,0,3,0,559
952,158,round_start,0,1,T_8c03018b,0,0,2,560
953,158,round_start,241.11,2,T_8c03018b,0,1,1,560
954,158,round_start,503.88,3,T_8c03018b,1,1,0,560
955,158,round_start,0,1,T_8c03018b,0,0,1,561
956,158,round_start,214.4,2,T_8c03018b,1,0,0,561
957,158,round_start,491.56,3,T_8c03018b,1,1,2,561
958,159,round_start,0,1,T_15eee8e2,0,0,0,562
959,159,round_start,0,1,T_15eee8e2,0,0,0,563
960,159,round_start,480.23,2,T_d0a9a53d,0,3,0,563
961,159,round_start,0,1,T_8c03018b,0,0,0,564
965,160,round_start,0,1,T_8c03018b,0,0,2,566
966,160,round_start,294.31,2,T_8c03018b,0,1,1,566
967,160,round_start,543.71,3,T_8c03018b,1,1,0,566
977,163,round_start,0,1,T_b97bd774,0,0,0,574
978,163,round_start,0,1,T_b97bd774,0,0,0,575
979,164,round_start,0,1,T_8c03018b,0,0,2,577
980,164,round_start,217.77,2,T_8c03018b,1,0,0,577
981,164,round_start,421.09,3,T_8c03018b,1,1,1,577
982,164,round_start,0,1,T_270d1832,0,0,0,578
983,164,round_start,0,1,T_8c03018b,0,0,2,579
984,164,round_start,296.39,2,T_8c03018b,0,1,0,579
985,164,round_start,577.67,3,T_8c03018b,0,2,1,579
986,164,round_start,0,1,T_270d1832,0,0,0,580
987,164,round_start,379.89,2,T_7f8fc438,0,3,0,580
988,164,round_start,0,1,T_270d1832,0,0,0,581
989,164,round_start,0,1,T_270d1832,0,0,0,582
990,164,round_start,401.37,2,T_7f8fc438,0,3,0,582
993,171,round_start,0,1,T_ec64cb45,0,0,0,589
994,171,round_start,0,1,T_ec64cb45,0,0,0,590
995,171,round_start,507.28,2,T_b733c15a,0,3,0,590
996,163,round_start,0,1,T_b97bd774,0,0,0,591
997,163,round_start,458.79,2,T_9b28cc4d,0,3,0,591
998,172,round_start,0,1,T_8c03018b,0,0,0,592
999,172,round_start,234.37,2,T_8c03018b,1,0,1,592
1000,172,round_start,508.57,3,T_8c03018b,1,1,2,592
1004,172,round_start,0,1,T_a02bf5e9,0,0,0,595
1005,172,round_start,0,1,T_a02bf5e9,0,0,0,596
1006,172,round_start,461.95,2,T_5568bd9d,0,3,0,596
1013,176,round_start,0,1,T_8c03018b,0,0,2,599
1014,176,round_start,164.98,2,T_8c03018b,0,1,1,599
1015,176,round_start,347.32,3,T_8c03018b,0,2,0,599
1016,176,round_start,0,1,T_a02bf5e9,0,0,0,600
1017,176,round_start,271.12,2,T_5568bd9d,0,3,0,600
1018,176,round_start,0,1,T_a02bf5e9,0,0,0,601
1019,176,round_start,0,1,T_a02bf5e9,0,0,0,602
1020,176,round_start,432.21,2,T_5568bd9d,0,3,0,602
1021,176,round_start,0,1,T_a02bf5e9,0,0,0,603
1034,178,round_start,0,1,T_8c03018b,0,0,2,610
1035,178,round_start,254.28,2,T_8c03018b,1,0,1,610
1036,178,round_start,443.05,3,T_8c03018b,2,0,0,610
1037,178,round_start,0,1,T_f87f7ea4,0,0,0,611
1038,178,round_start,421.06,2,T_7f8fc438,0,3,0,611
1039,178,round_start,0,1,T_f87f7ea4,0,0,0,612
1040,178,round_start,0,1,T_f87f7ea4,0,0,0,613
1041,177,round_start,0,1,T_a02bf5e9,0,0,0,614
1042,177,round_start,0,1,T_8c03018b,0,0,2,615
1043,177,round_start,192.5,2,T_8c03018b,1,0,1,615
1044,177,round_start,462.79,3,T_8c03018b,2,0,0,615
1045,180,round_start,0,1,T_8c03018b,0,0,2,617
1046,180,round_start,211.72,2,T_8c03018b,1,0,0,617
1047,180,round_start,481.95,3,T_8c03018b,1,1,1,617
1048,180,round_start,0,1,T_a02bf5e9,0,0,0,618
1049,180,round_start,393.12,2,T_5568bd9d,0,3,0,618
1050,180,round_start,0,1,T_a02bf5e9,0,0,0,619
1051,180,round_start,0,1,T_a02bf5e9,0,0,0,620
1052,180,round_start,534.8,2,T_5568bd9d,0,3,0,620
1053,180,round_start,0,1,T_a02bf5e9,0,0,0,621
1057,181,round_start,0,1,T_a02bf5e9,0,0,0,623
1058,181,round_start,245.05,2,T_5568bd9d,0,3,0,623
1059,181,round_start,0,1,T_a02bf5e9,0,0,0,624
1060,181,round_start,0,1,T_a02bf5e9,0,0,0,625
1061,181,round_start,514.51,2,T_5568bd9d,0,3,0,625
1062,181,round_start,0,1,T_a02bf5e9,0,0,0,626
1063,181,round_start,0,1,T_8c03018b,0,0,1,627
1064,181,round_start,254.38,2,T_8c03018b,1,0,0,627
1065,181,round_start,464.84,3,T_8c03018b,1,1,2,627
1066,182,round_start,0,1,T_a02bf5e9,0,0,0,628
1095,196,round_start,0,1,T_8c03018b,0,0,2,644
1096,196,round_start,315.09,2,T_8c03018b,0,1,1,644
1097,196,round_start,586.4,3,T_8c03018b,1,1,0,644
1098,196,round_start,0,1,T_a02bf5e9,0,0,0,645
1099,196,round_start,300.57,2,T_5568bd9d,0,3,0,645
1101,196,round_start,0,1,T_a02bf5e9,0,0,0,647
1102,196,round_start,0,1,T_8c03018b,0,0,2,648
1103,196,round_start,331.29,2,T_8c03018b,0,1,0,648
1104,196,round_start,667.94,3,T_8c03018b,0,2,1,648
1105,197,round_start,0,1,T_8c03018b,0,0,1,649
1106,197,round_start,247.05,2,T_8c03018b,1,0,2,649
1107,197,round_start,479.79,3,T_8c03018b,2,0,0,649
1108,197,round_start,0,1,T_a02bf5e9,0,0,0,650
1109,197,round_start,281.59,2,T_5568bd9d,0,3,0,650
1110,197,round_start,0,1,T_a02bf5e9,0,0,0,651
1111,197,round_start,255.57,2,T_5568bd9d,0,3,0,651
1112,197,round_start,0,1,T_a02bf5e9,0,0,0,652
1113,197,round_start,0,1,T_a02bf5e9,0,0,0,653
1114,197,round_start,0,1,T_8c03018b,0,0,2,654
1115,197,round_start,158.02,2,T_8c03018b,1,0,0,654
1116,197,round_start,339.87,3,T_8c03018b,1,1,1,654
1117,198,round_start,0,1,T_8c03018b,0,0,2,655
1118,198,round_start,241.51,2,T_8c03018b,1,0,1,655
1119,198,round_start,549.88,3,T_8c03018b,2,0,0,655
1120,198,round_start,0,1,T_a02bf5e9,0,0,0,656
1121,198,round_start,240.04,2,T_5568bd9d,0,3,0,656
1128,199,round_start,0,1,T_8c03018b,0,0,0,661
1129,199,round_start,269.85,2,T_8c03018b,1,0,1,661
1130,199,round_start,454.16,3,T_8c03018b,2,0,2,661
1131,199,round_start,0,1,T_a02bf5e9,0,0,0,662
1132,199,round_start,268.69,2,T_5568bd9d,0,3,0,662
1133,199,round_start,0,1,T_a02bf5e9,0,0,0,663
1134,199,round_start,356.92,2,T_5568bd9d,0,3,0,663
1136,199,round_start,0,1,T_a02bf5e9,0,0,0,666
1156,202,round_start,0,1,T_a02bf5e9,0,0,0,676
1157,202,round_start,0,1,T_a02bf5e9,0,0,0,677
1158,203,round_start,0,1,T_8c03018b,0,0,0,678
1159,203,round_start,177.5,2,T_8c03018b,0,1,1,678
1160,203,round_start,389.61,3,T_8c03018b,0,2,2,678
1164,203,round_start,0,1,T_a02bf5e9,0,0,0,681
1161,203,round_start,0,1,T_a02bf5e9,0,0,0,679
1162,203,round_start,217.36,2,T_5568bd9d,0,3,0,679
1163,203,round_start,0,1,T_a02bf5e9,0,0,0,680
1165,203,round_start,0,1,T_8c03018b,0,0,0,682
1166,203,round_start,322.81,2,T_8c03018b,1,0,2,682
1167,203,round_start,591.56,3,T_8c03018b,2,0,1,682
1168,203,round_start,0,1,T_a02bf5e9,0,0,0,683
1169,203,round_start,408.48,2,T_5568bd9d,0,3,0,683
1170,203,round_start,0,1,T_a02bf5e9,0,0,0,684
1177,205,round_start,0,1,T_8c03018b,0,0,0,688
1178,205,round_start,155.43,2,T_8c03018b,0,1,1,688
1179,205,round_start,427.7,3,T_8c03018b,0,2,2,688
1180,206,round_start,0,1,T_8c03018b,0,0,2,689
1181,206,round_start,218.85,2,T_8c03018b,0,1,1,689
1182,206,round_start,398.22,3,T_8c03018b,1,1,0,689
1183,205,round_start,0,1,T_5bebbfcc,0,0,0,690
1184,205,round_start,353.01,2,T_8e0805e1,0,3,0,690
1185,205,round_start,0,1,T_5bebbfcc,0,0,0,691
1186,206,round_start,0,1,T_17b75721,0,0,0,692
1187,206,round_start,413.45,2,T_3f339a89,0,3,0,692
1188,205,round_start,0,1,T_5bebbfcc,0,0,0,693
1189,205,round_start,493.97,2,T_8e0805e1,0,3,0,693
1190,206,round_start,0,1,T_17b75721,0,0,0,694
1191,206,round_start,517.92,2,T_3f339a89,0,3,0,694
1192,205,round_start,0,1,T_5bebbfcc,0,0,0,695
1193,206,round_start,0,1,T_17b75721,0,0,0,696
1195,205,round_start,0,1,T_8c03018b,0,0,1,698
1196,205,round_start,225.17,2,T_8c03018b,0,1,0,698
1197,205,round_start,400.97,3,T_8c03018b,0,2,2,698
1198,207,round_start,0,1,T_8c03018b,0,0,2,699
1199,207,round_start,195.19,2,T_8c03018b,1,0,1,699
1200,207,round_start,482.74,3,T_8c03018b,2,0,0,699
1201,207,round_start,0,1,T_a02bf5e9,0,0,0,700
1202,207,round_start,543.2,2,T_5568bd9d,0,3,0,700
1203,207,round_start,0,1,T_a02bf5e9,0,0,0,701
1204,207,round_start,253.69,2,T_5568bd9d,0,3,0,701
1205,207,round_start,0,1,T_a02bf5e9,0,0,0,702
1206,207,round_start,0,1,T_a02bf5e9,0,0,0,703
1220,206,round_start,0,1,T_8c03018b,0,0,0,711
1221,206,round_start,195.48,2,T_8c03018b,1,0,2,711
1222,206,round_start,358.91,3,T_8c03018b,2,0,1,711
1223,34,round_start,0,1,T_8c03018b,0,0,1,712
1224,34,round_start,195.99,2,T_8c03018b,1,0,0,712
1225,34,round_start,393.6,3,T_8c03018b,2,0,2,712
1226,218,round_start,0,1,T_8c03018b,0,0,1,713
1227,218,round_start,195.99,2,T_8c03018b,1,0,0,713
1228,218,round_start,393.6,3,T_8c03018b,2,0,2,713
1229,218,round_start,0,1,T_0040c1c4,0,0,0,714
1230,218,round_start,443.02,2,T_9a920426,0,3,0,714
1231,218,round_start,0,1,T_0040c1c4,0,0,0,715
1232,218,round_start,0,1,T_0040c1c4,0,0,0,716
1233,218,round_start,529.67,2,T_9a920426,0,3,0,716
1239,222,round_start,0,1,T_8c03018b,0,0,0,720
1240,222,round_start,257.72,2,T_8c03018b,1,0,1,720
1241,222,round_start,421.54,3,T_8c03018b,2,0,2,720
1242,222,round_start,0,1,T_a02bf5e9,0,0,0,721
1243,222,round_start,316.75,2,T_0ff7da8a,0,3,0,721
1244,222,round_start,0,1,T_a02bf5e9,0,0,0,722
1245,222,round_start,361.89,2,T_0ff7da8a,0,3,0,722
1246,222,round_start,0,1,T_a02bf5e9,0,0,0,723
1247,222,round_start,0,1,T_a02bf5e9,0,0,0,724
1248,222,round_start,503.62,2,T_0ff7da8a,0,3,0,724
1249,222,round_start,0,1,T_a02bf5e9,0,0,0,725
1250,206,round_start,0,1,T_8c03018b,0,0,1,726
1251,223,round_start,0,1,T_8c03018b,0,0,2,727
1252,223,round_start,154,2,T_8c03018b,0,1,0,727
1253,223,round_start,339.17,3,T_8c03018b,1,1,1,727
1254,223,round_start,0,1,T_a02bf5e9,0,0,0,728
1255,223,round_start,548.68,2,T_5568bd9d,0,3,0,728
1256,223,round_start,0,1,T_a02bf5e9,0,0,0,729
1257,223,round_start,0,1,T_a02bf5e9,0,0,0,730
1258,223,round_start,401.18,2,T_5568bd9d,0,3,0,730
1259,224,round_start,0,1,T_530434e6,0,0,0,731
1260,223,round_start,0,1,T_a02bf5e9,0,0,0,732
1261,224,round_start,0,1,T_8c03018b,0,0,1,733
1262,224,round_start,283.66,2,T_8c03018b,0,1,0,733
1263,224,round_start,591.05,3,T_8c03018b,0,2,2,733
1264,223,round_start,0,1,T_8c03018b,0,0,1,734
1265,223,round_start,222.19,2,T_8c03018b,1,0,0,734
1266,223,round_start,525.81,3,T_8c03018b,1,1,2,734
1267,225,round_start,0,1,T_8c03018b,0,0,0,735
1268,225,round_start,255.04,2,T_8c03018b,0,1,1,735
1269,225,round_start,522.75,3,T_8c03018b,0,2,2,735
1282,227,round_start,0,1,T_8c03018b,0,0,0,743
1283,227,round_start,0,1,T_8c03018b,0,0,2,744
1284,227,round_start,0,1,T_8c03018b,0,0,2,745
1285,227,round_start,0,1,T_8c03018b,0,0,2,746
1286,228,round_start,0,1,T_8c03018b,0,0,1,747
1287,228,round_start,0,2,T_8c03018b,0,1,2,747
1288,228,round_start,0,3,T_8c03018b,0,2,0,747
1289,229,round_start,0,1,T_8c03018b,0,0,2,748
1290,229,round_start,298.48,2,T_8c03018b,1,0,1,748
1291,229,round_start,463.16,3,T_8c03018b,2,0,0,748
1292,229,round_start,0,1,T_a6df6ff4,0,0,0,749
1293,229,round_start,401.29,2,T_af393e70,0,3,0,749
1294,229,round_start,0,1,T_a6df6ff4,0,0,0,750
1295,229,round_start,506.08,2,T_af393e70,0,3,0,750
1296,229,round_start,0,1,T_a6df6ff4,0,0,0,751
1297,229,round_start,0,1,T_8c03018b,0,0,1,752
1298,229,round_start,261.9,2,T_8c03018b,0,1,2,752
1299,229,round_start,0,1,T_a6df6ff4,0,0,0,753
1300,229,round_start,0,1,T_8c03018b,0,0,1,754
1301,229,round_start,261.9,2,T_8c03018b,0,1,2,754
1302,229,round_start,497.87,3,T_8c03018b,0,2,0,754
1310,231,round_start,0,1,T_8c03018b,0,0,1,758
1311,231,round_start,317.14,2,T_8c03018b,0,1,0,758
1312,231,round_start,577.12,3,T_8c03018b,1,1,2,758
1313,231,round_start,0,1,T_a02bf5e9,0,0,0,759
1314,231,round_start,451.26,2,T_5568bd9d,0,3,0,759
1315,231,round_start,0,1,T_a02bf5e9,0,0,0,760
1316,231,round_start,272.24,2,T_5568bd9d,0,3,0,760
1317,231,round_start,0,1,T_a02bf5e9,0,0,0,761
1318,231,round_start,0,1,T_a02bf5e9,0,0,0,762
1322,232,round_start,0,1,T_8c03018b,0,0,2,764
1323,232,round_start,311.21,2,T_8c03018b,0,1,1,764
1324,232,round_start,557.33,3,T_8c03018b,0,2,0,764
1325,232,round_start,0,1,T_a02bf5e9,0,0,0,765
1326,232,round_start,499.64,2,T_5568bd9d,0,3,0,765
1327,232,round_start,0,1,T_a02bf5e9,0,0,0,766
1328,232,round_start,482.73,2,T_5568bd9d,0,3,0,766
1329,232,round_start,0,1,T_a02bf5e9,0,0,0,768
1330,232,round_start,0,1,T_8c03018b,0,0,1,769
1331,232,round_start,245.23,2,T_8c03018b,0,1,2,769
1332,232,round_start,568.72,3,T_8c03018b,0,2,0,769
1333,232,round_start,0,1,T_a02bf5e9,0,0,0,770
1336,237,round_start,0,1,T_44cab573,0,0,0,776
1337,237,round_start,531.77,2,T_b64ba4c4,0,3,0,776
1338,237,round_start,0,1,T_44cab573,0,0,0,778
1339,237,round_start,0,1,T_44cab573,0,0,0,781
1353,244,round_start,0,1,T_8c03018b,0,0,2,790
1354,244,round_start,269.05,2,T_8c03018b,0,1,1,790
1355,244,round_start,582.06,3,T_8c03018b,0,2,0,790
1356,244,round_start,0,1,T_a02bf5e9,0,0,0,791
1357,244,round_start,240.04,2,T_5568bd9d,0,3,0,791
1358,244,round_start,0,1,T_a02bf5e9,0,0,0,792
1359,244,round_start,391.29,2,T_5568bd9d,0,3,0,792
1360,244,round_start,0,1,T_a02bf5e9,0,0,0,793
1361,244,round_start,0,1,T_a02bf5e9,0,0,0,794
1362,245,round_start,0,1,T_8c03018b,0,0,1,795
1363,245,round_start,191.09,2,T_8c03018b,1,0,2,795
1364,245,round_start,407.05,3,T_8c03018b,1,1,0,795
1365,245,round_start,0,1,T_a02bf5e9,0,0,0,796
1366,245,round_start,519.4,2,T_5568bd9d,0,3,0,796
1367,245,round_start,0,1,T_a02bf5e9,0,0,0,797
1368,245,round_start,480.22,2,T_5568bd9d,0,3,0,797
1369,245,round_start,0,1,T_a02bf5e9,0,0,0,798
1371,245,round_start,0,1,T_8c03018b,0,0,2,802
1372,245,round_start,307.13,2,T_8c03018b,0,1,0,802
1373,245,round_start,574.64,3,T_8c03018b,0,2,1,802
1374,248,round_start,0,1,T_8c03018b,0,0,1,805
1375,248,round_start,318.52,2,T_8c03018b,1,0,2,805
1376,248,round_start,502.2,3,T_8c03018b,2,0,0,805
1377,248,round_start,0,1,T_a02bf5e9,0,0,0,806
1378,248,round_start,406.38,2,T_5568bd9d,0,3,0,806
1379,248,round_start,0,1,T_a02bf5e9,0,0,0,807
1380,248,round_start,0,1,T_a02bf5e9,0,0,0,808
1381,248,round_start,537.84,2,T_5568bd9d,0,3,0,808
1382,248,round_start,0,1,T_a02bf5e9,0,0,0,809
1386,249,round_start,0,1,T_8b3a2c80,0,0,1,812
1387,249,round_start,255.63,2,T_8b3a2c80,0,1,0,812
1388,249,round_start,457.18,3,T_8b3a2c80,0,2,2,812
1389,249,round_start,0,1,T_8b3a2c80,0,0,0,813
1390,249,round_start,274.97,2,T_f651b2a4,0,3,0,813
1391,249,round_start,0,1,T_8b3a2c80,0,0,0,814
1401,251,round_start,0,1,T_a02bf5e9,0,0,0,820
1402,251,round_start,247.99,2,T_a02bf5e9,1,0,2,820
1440,253,round_start,0,1,T_a02bf5e9,0,0,0,838
1441,259,round_start,0,1,T_8c03018b,0,0,1,842
1442,259,round_start,270.89,2,T_8c03018b,1,0,0,842
1443,259,round_start,535.19,3,T_8c03018b,1,1,2,842
1444,259,round_start,0,1,T_a02bf5e9,0,0,0,843
1445,259,round_start,406.21,2,T_5568bd9d,0,3,0,843
1446,259,round_start,0,1,T_a02bf5e9,0,0,0,844
1447,259,round_start,240.04,2,T_5568bd9d,0,3,0,844
1448,259,round_start,0,1,T_a02bf5e9,0,0,0,845
1449,259,round_start,0,1,T_a02bf5e9,0,0,0,846
1452,261,round_start,0,1,T_7bf56e68,0,0,0,850
1453,261,round_start,412.56,2,T_7dac2c2c,0,3,0,850
1457,261,round_start,0,1,T_7bf56e68,0,0,0,853
1458,261,round_start,0,1,T_7bf56e68,0,0,1,854
1459,261,round_start,284.57,2,T_7bf56e68,0,1,2,854
1460,261,round_start,583.55,3,T_7bf56e68,1,1,0,854
1461,262,round_start,0,1,T_8c03018b,0,0,1,856
1462,262,round_start,0,2,T_8c03018b,0,1,2,856
1463,262,round_start,0,3,T_8c03018b,1,1,0,856
1464,271,round_start,0,1,T_a02bf5e9,0,0,0,857
1465,271,round_start,265.63,2,T_a02bf5e9,0,1,2,857
1466,271,round_start,516.33,3,T_a02bf5e9,0,2,1,857
1469,271,round_start,0,1,T_a02bf5e9,0,0,0,859
1470,271,round_start,0,1,T_a02bf5e9,0,0,0,860
1471,271,round_start,417.7,2,T_5568bd9d,0,3,0,860
1472,271,round_start,0,1,T_a02bf5e9,0,0,0,861
1473,271,round_start,0,1,T_a02bf5e9,0,0,0,862
1474,271,round_start,429.47,2,T_5568bd9d,0,3,0,862
1475,271,round_start,0,1,T_a02bf5e9,0,0,0,863
1476,271,round_start,255.81,2,T_a02bf5e9,0,1,2,863
1477,271,round_start,411.65,3,T_a02bf5e9,1,1,1,863
1478,276,round_start,0,1,T_a02bf5e9,0,0,0,868
1479,276,round_start,298.75,2,T_5568bd9d,0,3,0,868
1480,276,round_start,0,1,T_a02bf5e9,0,0,0,869
1481,276,round_start,298.12,2,T_5568bd9d,0,3,0,869
1491,277,round_start,0,1,T_a02bf5e9,0,0,0,876
1492,277,round_start,0,1,T_a02bf5e9,0,0,0,877
1493,277,round_start,0,1,T_a02bf5e9,0,0,0,878
1494,277,round_start,374.59,2,T_5568bd9d,0,3,0,878
1496,278,round_start,0,1,T_8c03018b,0,0,0,880
1497,278,round_start,230.34,2,T_8c03018b,1,0,1,880
1498,278,round_start,468.51,3,T_8c03018b,2,0,2,880
1499,278,round_start,0,1,T_a02bf5e9,0,0,0,881
1500,278,round_start,495.78,2,T_5568bd9d,0,3,0,881
1501,278,round_start,0,1,T_a02bf5e9,0,0,0,882
1502,278,round_start,0,1,T_a02bf5e9,0,0,0,883
1503,278,round_start,353.18,2,T_5568bd9d,0,3,0,883
1504,278,round_start,0,1,T_8c03018b,0,0,2,884
1505,278,round_start,311.46,2,T_8c03018b,1,0,0,884
1506,278,round_start,500.5,3,T_8c03018b,1,1,1,884
1507,278,round_start,0,1,T_a02bf5e9,0,0,0,885
1508,278,round_start,0,1,T_a02bf5e9,0,0,0,886
1516,279,round_start,0,1,T_a02bf5e9,0,0,0,890
1517,279,round_start,0,1,T_a02bf5e9,0,0,0,891
1518,279,round_start,0,1,T_8c03018b,0,0,2,892
1519,279,round_start,241.98,2,T_8c03018b,0,1,1,892
1520,279,round_start,410.93,3,T_8c03018b,0,2,0,892
1523,280,round_start,0,1,T_8c03018b,0,0,0,894
1524,280,round_start,234.82,2,T_8c03018b,0,1,1,894
1525,280,round_start,446.91,3,T_8c03018b,0,2,2,894
1526,280,round_start,0,1,T_a02bf5e9,0,0,0,895
1527,280,round_start,374.59,2,T_5568bd9d,0,3,0,895
1530,281,round_start,0,1,T_8c03018b,0,0,1,898
1531,281,round_start,204.28,2,T_8c03018b,0,1,2,898
1532,281,round_start,552.14,3,T_8c03018b,1,1,0,898
1533,281,round_start,0,1,T_a02bf5e9,0,0,0,899
1534,281,round_start,525.38,2,T_5568bd9d,0,3,0,899
1535,281,round_start,0,1,T_a02bf5e9,0,0,0,900
1536,281,round_start,557.08,2,T_5568bd9d,0,3,0,900
1537,281,round_start,0,1,T_a02bf5e9,0,0,0,901
1538,281,round_start,0,1,T_a02bf5e9,0,0,0,902
1541,282,round_start,0,1,T_8c03018b,0,0,2,904
1542,282,round_start,325.67,2,T_8c03018b,0,1,1,904
1543,282,round_start,558.61,3,T_8c03018b,1,1,0,904
1569,285,round_start,0,1,T_a02bf5e9,0,0,0,918
1570,285,round_start,498.05,2,T_5568bd9d,0,3,0,918
1571,285,round_start,0,1,T_a02bf5e9,0,0,0,919
1572,285,round_start,0,1,T_a02bf5e9,0,0,0,920
1573,285,round_start,409.04,2,T_5568bd9d,0,3,0,920
1574,285,round_start,863.56,3,T_5568bd9d,3,3,0,920
1575,285,round_start,0,1,T_a02bf5e9,0,0,0,921
1576,285,round_start,0,1,T_a02bf5e9,0,0,1,922
1577,285,round_start,286.97,2,T_a02bf5e9,1,0,0,922
1578,285,round_start,563.33,3,T_a02bf5e9,1,1,2,922
1579,285,round_start,0,1,T_a02bf5e9,0,0,0,923
1580,285,round_start,0,1,T_a02bf5e9,0,0,2,924
1581,285,round_start,269.29,2,T_a02bf5e9,0,1,0,924
1582,285,round_start,499.35,3,T_a02bf5e9,0,2,1,924
1590,287,round_start,0,1,T_8c03018b,0,0,2,929
1591,287,round_start,213.26,2,T_8c03018b,0,1,1,929
1592,287,round_start,507.97,3,T_8c03018b,0,2,0,929
1593,287,round_start,0,1,T_6ab14952,0,0,0,930
1594,287,round_start,511.57,2,T_0ff7da8a,0,3,0,930
1596,291,round_start,0,1,T_a02bf5e9,0,0,0,932
1597,291,round_start,430.29,2,T_5568bd9d,0,3,0,932
1600,291,round_start,0,1,T_a02bf5e9,0,0,0,934
1601,291,round_start,0,1,T_a02bf5e9,0,0,0,935
1602,291,round_start,186.19,2,T_a02bf5e9,1,0,2,935
1603,291,round_start,504.25,3,T_a02bf5e9,1,1,1,935
1604,291,round_start,0,1,T_a02bf5e9,0,0,0,936
1605,292,round_start,0,1,T_4d76fcf8,0,0,0,937
1606,292,round_start,383.41,2,T_7f8fc438,0,3,0,937
1607,292,round_start,0,1,T_4d76fcf8,0,0,0,938
1608,292,round_start,510.5,2,T_7f8fc438,0,3,0,938
1609,292,round_start,0,1,T_4d76fcf8,0,0,0,939
1610,292,round_start,0,1,T_4d76fcf8,0,0,0,940
1611,292,round_start,0,1,T_4d76fcf8,0,0,1,941
1612,292,round_start,328.65,2,T_4d76fcf8,1,0,0,941
1613,292,round_start,587.98,3,T_4d76fcf8,2,0,2,941
1614,293,round_start,0,1,T_8c03018b,0,0,1,942
1615,293,round_start,319.29,2,T_8c03018b,1,0,0,942
1616,293,round_start,488.19,3,T_8c03018b,2,0,2,942
1617,293,round_start,0,1,T_a02bf5e9,0,0,0,943
1618,293,round_start,523.39,2,T_5568bd9d,0,3,0,943
1619,293,round_start,0,1,T_a02bf5e9,0,0,0,944
1620,293,round_start,458.24,2,T_5568bd9d,0,3,0,944
1621,293,round_start,0,1,T_a02bf5e9,0,0,0,945
1622,293,round_start,0,1,T_a02bf5e9,0,0,0,946
1623,293,round_start,0,1,T_8c03018b,0,0,1,947
1624,293,round_start,163.75,2,T_8c03018b,0,1,0,947
1625,293,round_start,473.4,3,T_8c03018b,0,2,2,947
1626,294,round_start,0,1,T_a02bf5e9,0,0,0,948
1627,294,round_start,279.42,2,T_a02bf5e9,1,0,1,948
1628,294,round_start,608.73,3,T_a02bf5e9,2,0,2,948
1629,294,round_start,0,1,T_a02bf5e9,0,0,0,949
1630,294,round_start,414.62,2,T_5568bd9d,0,3,0,949
1631,294,round_start,0,1,T_a02bf5e9,0,0,0,950
1632,294,round_start,0,1,T_a02bf5e9,0,0,0,951
1633,294,round_start,0,1,T_a02bf5e9,0,0,0,952
1634,294,round_start,514.16,2,T_5568bd9d,0,3,0,952
1635,294,round_start,0,1,T_a02bf5e9,0,0,0,953
1636,294,round_start,409.07,2,T_5568bd9d,0,3,0,953
1640,296,round_start,0,1,T_a02bf5e9,0,0,0,955
1641,296,round_start,315.64,2,T_5568bd9d,0,3,0,955
1642,296,round_start,0,1,T_a02bf5e9,0,0,0,958
1644,296,round_start,0,1,T_a02bf5e9,0,0,0,960
1645,296,round_start,0,1,T_8c03018b,0,0,2,965
1646,296,round_start,216.78,2,T_8c03018b,0,1,1,965
1647,296,round_start,536.31,3,T_8c03018b,1,1,0,965
1648,296,round_start,0,1,T_a02bf5e9,0,0,0,966
1649,296,round_start,486.34,2,T_5568bd9d,0,3,0,966
1650,297,round_start,0,1,T_a02bf5e9,0,0,1,967
1651,297,round_start,284.66,2,T_a02bf5e9,1,0,2,967
1652,297,round_start,481.1,3,T_a02bf5e9,2,0,0,967
1653,297,round_start,0,1,T_a02bf5e9,0,0,0,968
1654,297,round_start,399.76,2,T_1369184f,0,3,0,968
1655,297,round_start,0,1,T_a02bf5e9,0,0,0,969
1665,298,round_start,0,1,T_a02bf5e9,0,0,0,977
1684,300,round_start,0,1,T_a02bf5e9,0,0,0,989
1685,300,round_start,240.04,2,T_5568bd9d,0,3,0,989
1686,300,round_start,0,1,T_8c03018b,0,0,0,990
1687,300,round_start,296.02,2,T_8c03018b,1,0,2,990
1688,300,round_start,545.97,3,T_8c03018b,2,0,1,990
1689,300,round_start,0,1,T_a02bf5e9,0,0,0,991
1692,300,round_start,0,1,T_a02bf5e9,0,0,0,993
1693,300,round_start,465.82,2,T_5568bd9d,0,3,0,993
1694,300,round_start,0,1,T_a02bf5e9,0,0,0,994
1695,301,round_start,0,1,T_a02bf5e9,0,0,0,995
1696,301,round_start,496.5,2,T_92d237bd,0,3,0,995
1697,301,round_start,0,1,T_8c03018b,0,0,0,996
1698,301,round_start,305.65,2,T_8c03018b,0,1,2,996
1699,301,round_start,471.15,3,T_8c03018b,1,1,1,996
1707,302,round_start,0,1,T_a02bf5e9,0,0,0,1000
1708,302,round_start,422.56,2,T_5568bd9d,0,3,0,1000
1709,302,round_start,0,1,T_a02bf5e9,0,0,0,1001
1710,302,round_start,332.39,2,T_5568bd9d,0,3,0,1001
1711,302,round_start,0,1,T_a02bf5e9,0,0,0,1002
1712,302,round_start,0,1,T_a02bf5e9,0,0,0,1003
1713,302,round_start,0,1,T_8c03018b,0,0,2,1004
1714,302,round_start,249.48,2,T_8c03018b,1,0,0,1004
1715,302,round_start,521.49,3,T_8c03018b,1,1,1,1004
1716,303,round_start,0,1,T_8c03018b,0,0,1,1005
1717,303,round_start,267.88,2,T_8c03018b,0,1,0,1005
1718,303,round_start,517.48,3,T_8c03018b,0,2,2,1005
1719,303,round_start,0,1,T_a02bf5e9,0,0,0,1006
1720,303,round_start,489.33,2,T_5568bd9d,0,3,0,1006
1721,303,round_start,0,1,T_a02bf5e9,0,0,0,1007
1722,303,round_start,489.56,2,T_5568bd9d,0,3,0,1007
1723,303,round_start,0,1,T_a02bf5e9,0,0,0,1008
1724,303,round_start,0,1,T_a02bf5e9,0,0,0,1009
1725,303,round_start,0,1,T_8c03018b,0,0,1,1010
1726,303,round_start,309.62,2,T_8c03018b,0,1,0,1010
1727,303,round_start,528.45,3,T_8c03018b,0,2,2,1010
1735,305,round_start,0,1,T_8c03018b,0,0,0,1015
1736,305,round_start,183.54,2,T_8c03018b,0,1,2,1015
1737,305,round_start,357.19,3,T_8c03018b,1,1,1,1015
1738,305,round_start,0,1,T_a02bf5e9,0,0,0,1016
1739,305,round_start,395.28,2,T_5568bd9d,0,3,0,1016
1740,305,round_start,0,1,T_a02bf5e9,0,0,0,1017
1741,305,round_start,240.04,2,T_5568bd9d,0,3,0,1017
1742,305,round_start,0,1,T_a02bf5e9,0,0,0,1018
1743,305,round_start,0,1,T_a02bf5e9,0,0,0,1019
1744,306,round_start,0,1,T_a02bf5e9,0,0,1,1020
1745,306,round_start,273.59,2,T_a02bf5e9,1,0,0,1020
1746,306,round_start,484.97,3,T_a02bf5e9,2,0,2,1020
1747,306,round_start,0,1,T_a02bf5e9,0,0,0,1021
1748,306,round_start,403.69,2,T_5568bd9d,0,3,0,1021
1749,306,round_start,0,1,T_a02bf5e9,0,0,0,1023
1750,306,round_start,456.63,2,T_5568bd9d,0,3,0,1023
1753,306,round_start,0,1,T_a02bf5e9,0,0,0,1027
1762,308,round_start,0,1,T_a02bf5e9,0,0,0,1034
1763,308,round_start,262.23,2,T_5568bd9d,0,3,0,1034
1764,308,round_start,0,1,T_a02bf5e9,0,0,0,1035
1765,308,round_start,0,1,T_a02bf5e9,0,0,0,1036
1766,308,round_start,308.69,2,T_5568bd9d,0,3,0,1036
1767,308,round_start,0,1,T_a02bf5e9,0,0,0,1037
1768,308,round_start,0,1,T_a02bf5e9,0,0,0,1038
1769,308,round_start,235.49,2,T_5568bd9d,0,3,0,1038
1770,308,round_start,0,1,T_a02bf5e9,0,0,2,1039
1782,309,round_start,0,1,T_8c03018b,0,0,2,1045
1783,309,round_start,290.39,2,T_8c03018b,1,0,1,1045
1784,309,round_start,546.93,3,T_8c03018b,1,1,0,1045
1785,309,round_start,0,1,T_a02bf5e9,0,0,0,1046
1792,311,round_start,0,1,T_8c03018b,0,0,1,1050
1793,311,round_start,209.9,2,T_8c03018b,0,1,0,1050
1794,311,round_start,513.71,3,T_8c03018b,1,1,2,1050
1811,312,round_start,0,1,T_a02bf5e9,0,0,0,1059
1812,312,round_start,0,1,T_a02bf5e9,0,0,0,1060
1813,312,round_start,0,1,T_a02bf5e9,0,0,0,1061
1814,312,round_start,506.18,2,T_5568bd9d,0,3,0,1061
1827,315,round_start,0,1,T_a02bf5e9,0,0,0,1070
1828,315,round_start,0,1,T_a02bf5e9,0,0,0,1071
1829,315,round_start,390.18,2,T_5568bd9d,0,1,0,1071
1830,315,round_start,0,1,T_a02bf5e9,0,0,1,1072
1831,315,round_start,212.65,2,T_a02bf5e9,1,0,2,1072
1832,315,round_start,521.37,3,T_a02bf5e9,2,0,0,1072
1833,315,round_start,0,1,T_a02bf5e9,0,0,0,1073
1834,315,round_start,346.83,2,T_5568bd9d,0,3,0,1073
1835,316,round_start,0,1,T_8c03018b,0,0,0,1074
1836,316,round_start,249.45,2,T_8c03018b,0,1,2,1074
1837,316,round_start,461.44,3,T_8c03018b,0,2,1,1074
1838,316,round_start,0,1,T_f9cfdbf8,0,0,0,1075
1839,316,round_start,436.33,2,T_0ff7da8a,0,3,0,1075
1840,316,round_start,0,1,T_f9cfdbf8,0,0,0,1076
1841,316,round_start,0,1,T_f9cfdbf8,0,0,0,1079
1842,316,round_start,212.92,2,T_0ff7da8a,0,3,0,1079
1843,316,round_start,0,1,T_f9cfdbf8,0,0,0,1080
1850,318,round_start,0,1,T_a02bf5e9,0,0,0,1085
1851,318,round_start,0,1,T_8c03018b,0,0,1,1086
1852,318,round_start,188.26,2,T_8c03018b,1,0,0,1086
1853,318,round_start,446.93,3,T_8c03018b,1,1,2,1086
1854,319,round_start,0,1,T_8c03018b,0,0,0,1087
1855,319,round_start,214.8,2,T_8c03018b,1,0,1,1087
1856,319,round_start,484.6,3,T_8c03018b,2,0,2,1087
1857,319,round_start,0,1,T_a02bf5e9,0,0,0,1088
1858,319,round_start,247.37,2,T_5568bd9d,0,3,0,1088
1859,319,round_start,0,1,T_a02bf5e9,0,0,0,1089
1860,319,round_start,263.5,2,T_5568bd9d,0,3,0,1089
1861,319,round_start,0,1,T_a02bf5e9,0,0,0,1090
1862,319,round_start,0,1,T_a02bf5e9,0,0,0,1091
1866,320,round_start,0,1,T_8c03018b,0,0,0,1093
1867,320,round_start,214.8,2,T_8c03018b,1,0,1,1093
1868,320,round_start,484.6,3,T_8c03018b,2,0,2,1093
1874,320,round_start,0,1,T_a02bf5e9,0,0,0,1097
1885,321,round_start,0,1,T_a02bf5e9,0,0,0,1103
1886,321,round_start,412.62,2,T_5568bd9d,0,3,0,1103
1887,321,round_start,0,1,T_a02bf5e9,0,0,0,1104
1888,321,round_start,163.46,2,T_a02bf5e9,1,0,2,1104
1889,321,round_start,348.55,3,T_a02bf5e9,2,0,1,1104
1890,322,round_start,0,1,T_8c03018b,0,0,0,1105
1891,322,round_start,309.2,2,T_8c03018b,1,0,2,1105
1892,322,round_start,553.81,3,T_8c03018b,1,1,1,1105
1893,322,round_start,0,1,T_a02bf5e9,0,0,0,1106
1894,322,round_start,502.27,2,T_5568bd9d,0,3,0,1106
1895,322,round_start,0,1,T_a02bf5e9,0,0,0,1107
1896,322,round_start,0,1,T_a02bf5e9,0,0,0,1108
1897,322,round_start,485.46,2,T_5568bd9d,0,3,0,1108
1898,322,round_start,0,1,T_a02bf5e9,0,0,0,1109
1904,324,round_start,0,1,T_a02bf5e9,0,0,0,1117
1905,324,round_start,271.18,2,T_5568bd9d,0,3,0,1117
1907,324,round_start,0,1,T_a02bf5e9,0,0,0,1119
1908,324,round_start,263.66,2,T_5568bd9d,0,3,0,1119
1909,324,round_start,0,1,T_a02bf5e9,0,0,0,1120
1918,325,round_start,0,1,T_957ee761,0,0,0,1124
1919,325,round_start,0,1,T_957ee761,0,0,0,1126
1926,325,round_start,0,1,T_957ee761,0,0,0,1134
1927,325,round_start,381.28,2,T_cfc6de44,0,3,0,1134
1928,327,round_start,0,1,T_8c03018b,0,0,0,1135
1929,327,round_start,175.63,2,T_8c03018b,0,1,1,1135
1930,327,round_start,451.3,3,T_8c03018b,1,1,2,1135
1954,329,round_start,0,1,T_a02bf5e9,0,0,0,1150
1955,329,round_start,0,1,T_a02bf5e9,0,0,0,1151
1956,329,round_start,480.25,2,T_5568bd9d,0,3,0,1151
1957,329,round_start,0,1,T_a02bf5e9,0,0,0,1152
1963,329,round_start,0,1,T_a02bf5e9,0,0,0,1155
1964,329,round_start,279.87,2,T_5568bd9d,0,3,0,1155
1965,330,round_start,0,1,T_a02bf5e9,0,0,2,1156
1966,330,round_start,325.25,2,T_a02bf5e9,0,1,1,1156
1967,330,round_start,622.07,3,T_a02bf5e9,0,2,0,1156
1973,330,round_start,0,1,T_a02bf5e9,0,0,0,1160
1976,333,round_start,0,1,T_8c03018b,0,0,0,1164
1977,333,round_start,241.45,2,T_8c03018b,1,0,1,1164
1978,333,round_start,420.88,3,T_8c03018b,1,1,2,1164
1979,333,round_start,0,1,T_a02bf5e9,0,0,0,1165
1980,333,round_start,453.47,2,T_5568bd9d,0,3,0,1165
1981,333,round_start,0,1,T_a02bf5e9,0,0,0,1166
1982,333,round_start,509.88,2,T_5568bd9d,0,3,0,1166
1983,333,round_start,0,1,T_a02bf5e9,0,0,0,1167
1984,333,round_start,0,1,T_a02bf5e9,0,0,0,1168
1985,334,round_start,0,1,T_a02bf5e9,0,0,1,1169
1986,334,round_start,182.86,2,T_a02bf5e9,0,1,0,1169
1987,334,round_start,0,1,T_551fc46d,0,0,0,1170
1988,334,round_start,469.58,2,T_94e451b3,0,3,0,1170
1989,334,round_start,0,1,T_551fc46d,0,0,0,1171
1990,334,round_start,240.04,2,T_94e451b3,0,3,0,1171
1992,337,round_start,0,1,T_8c03018b,0,0,1,1173
1993,337,round_start,231.35,2,T_8c03018b,0,1,0,1173
1994,337,round_start,541.76,3,T_8c03018b,1,1,2,1173
1995,337,round_start,0,1,T_c5501d77,0,0,0,1174
1996,337,round_start,240.04,2,T_afa0a505,0,3,0,1174
1997,337,round_start,0,1,T_c5501d77,0,0,0,1175
1998,337,round_start,0,1,T_c5501d77,0,0,0,1176
1999,337,round_start,425.19,2,T_afa0a505,0,3,0,1176
2000,337,round_start,0,1,T_c5501d77,0,0,0,1177
2001,338,round_start,0,1,T_8c03018b,0,0,0,1178
2002,338,round_start,260.12,2,T_8c03018b,1,0,1,1178
2003,338,round_start,538.41,3,T_8c03018b,1,1,2,1178
2004,338,round_start,0,1,T_a02bf5e9,0,0,0,1179
2005,338,round_start,240.04,2,T_5568bd9d,0,3,0,1179
2006,338,round_start,0,1,T_a02bf5e9,0,0,0,1180
2007,338,round_start,390.18,2,T_5568bd9d,0,3,0,1180
2008,338,round_start,0,1,T_a02bf5e9,0,0,0,1181
2009,338,round_start,0,1,T_a02bf5e9,0,0,0,1182
2010,338,round_start,0,1,T_8c03018b,0,0,0,1183
2011,338,round_start,253.47,2,T_8c03018b,0,1,1,1183
2012,338,round_start,492.01,3,T_8c03018b,1,1,2,1183
2013,338,round_start,0,1,T_a02bf5e9,0,0,0,1184
2022,339,round_start,0,1,T_30161e91,0,0,1,1189
2023,339,round_start,236.68,2,T_30161e91,0,1,2,1189
2024,339,round_start,529.86,3,T_30161e91,1,1,0,1189
2031,339,round_start,0,1,T_30161e91,0,0,0,1194
2032,340,round_start,0,1,T_a02bf5e9,0,0,2,1195
2033,340,round_start,255.26,2,T_a02bf5e9,0,1,0,1195
2034,340,round_start,555.59,3,T_a02bf5e9,0,2,1,1195
2035,340,round_start,0,1,T_5b9c1362,0,0,0,1196
2036,340,round_start,471.41,2,T_94e451b3,0,3,0,1196
2037,340,round_start,0,1,T_5b9c1362,0,0,0,1197
2038,340,round_start,0,1,T_5b9c1362,0,0,0,1198
2039,340,round_start,419.11,2,T_94e451b3,0,3,0,1198
2040,340,round_start,0,1,T_5b9c1362,0,0,0,1199
2041,342,round_start,0,1,T_8c03018b,0,0,2,1200
2042,342,round_start,205.95,2,T_8c03018b,1,0,1,1200
2043,342,round_start,393.39,3,T_8c03018b,2,0,0,1200
2044,343,round_start,0,1,T_a02bf5e9,0,0,1,1201
2045,343,round_start,157.86,2,T_a02bf5e9,0,1,0,1201
2046,343,round_start,343.89,3,T_a02bf5e9,0,2,2,1201
2047,344,round_start,0,1,T_c8373fd8,0,0,0,1202
2050,344,round_start,0,1,T_c8373fd8,0,0,0,1204
2051,344,round_start,478.26,2,T_0ff7da8a,0,3,0,1204
2064,345,round_start,0,1,T_32495e59,0,0,0,1212
2065,345,round_start,261.67,2,T_6f51c467,0,3,0,1212
2068,345,round_start,0,1,T_32495e59,0,0,0,1214
2069,345,round_start,0,1,T_32495e59,0,0,1,1215
2070,345,round_start,264.4,2,T_32495e59,1,0,0,1215
2071,345,round_start,454.72,3,T_32495e59,1,1,2,1215
2074,342,round_start,0,1,T_a02bf5e9,0,0,0,1218
2075,342,round_start,267.18,2,T_5568bd9d,0,3,0,1218
2077,342,round_start,0,1,T_a02bf5e9,0,0,0,1220
2078,342,round_start,522.12,2,T_5568bd9d,0,3,0,1220
2090,346,round_start,0,1,T_bd7779f8,0,0,0,1229
2091,346,round_start,0,1,T_bd7779f8,0,0,0,1230
2092,346,round_start,416.22,2,T_94e451b3,0,3,0,1230
2093,346,round_start,0,1,T_bd7779f8,0,0,0,1231
2094,346,round_start,0,1,T_bd7779f8,0,0,0,1232
2095,346,round_start,170.52,2,T_bd7779f8,1,0,2,1232
2096,346,round_start,437.78,3,T_bd7779f8,2,0,1,1232
2109,350,round_start,0,1,T_8c03018b,0,0,1,1248
2110,350,round_start,217.55,2,T_8c03018b,1,0,2,1248
2111,350,round_start,413.72,3,T_8c03018b,2,0,0,1248
2112,350,round_start,0,1,T_a02bf5e9,0,0,0,1249
2113,350,round_start,335.58,2,T_5568bd9d,0,3,0,1249
2114,350,round_start,0,1,T_a02bf5e9,0,0,0,1250
2115,350,round_start,509.4,2,T_5568bd9d,0,3,0,1250
2116,350,round_start,0,1,T_a02bf5e9,0,0,0,1251
2117,350,round_start,0,1,T_a02bf5e9,0,0,0,1252
2124,351,round_start,0,1,T_8c03018b,0,0,2,1255
2125,351,round_start,303.47,2,T_8c03018b,1,0,0,1255
2126,351,round_start,589.08,3,T_8c03018b,2,0,1,1255
2127,351,round_start,0,1,T_a02bf5e9,0,0,0,1256
2128,351,round_start,452.96,2,T_5568bd9d,0,3,0,1256
2129,351,round_start,0,1,T_a02bf5e9,0,0,0,1257
2130,351,round_start,280.49,2,T_5568bd9d,0,3,0,1257
2131,351,round_start,0,1,T_a02bf5e9,0,0,0,1258
2132,351,round_start,0,1,T_a02bf5e9,0,0,0,1259
2133,351,round_start,0,1,T_8c03018b,0,0,1,1260
2134,351,round_start,283.49,2,T_8c03018b,0,1,0,1260
2135,351,round_start,463.86,3,T_8c03018b,0,2,2,1260
2136,352,round_start,0,1,T_a02bf5e9,0,0,0,1261
2137,352,round_start,280.43,2,T_a02bf5e9,1,0,2,1261
2138,352,round_start,454.05,3,T_a02bf5e9,1,1,1,1261
2145,353,round_start,0,1,T_4d12b368,0,0,0,1270
2146,353,round_start,239.14,2,T_4d12b368,1,0,2,1270
2147,353,round_start,568.67,3,T_4d12b368,1,1,1,1270
2148,354,round_start,0,1,T_8c03018b,0,0,0,1271
2149,354,round_start,288.31,2,T_8c03018b,1,0,2,1271
2150,354,round_start,490.75,3,T_8c03018b,2,0,1,1271
2151,354,round_start,0,1,T_a02bf5e9,0,0,0,1272
2152,354,round_start,406.25,2,T_5568bd9d,0,3,0,1272
2153,354,round_start,0,1,T_a02bf5e9,0,0,0,1273
2154,354,round_start,0,1,T_a02bf5e9,0,0,0,1274
2155,354,round_start,271.89,2,T_5568bd9d,0,3,0,1274
2156,354,round_start,0,1,T_a02bf5e9,0,0,0,1275
2157,354,round_start,0,1,T_8c03018b,0,0,0,1276
2158,354,round_start,262.57,2,T_8c03018b,1,0,1,1276
2159,354,round_start,495.39,3,T_8c03018b,2,0,2,1276
2162,354,round_start,0,1,T_a02bf5e9,0,0,0,1278
2172,356,round_start,0,1,T_8c03018b,0,0,1,1287
2173,356,round_start,289.03,2,T_8c03018b,1,0,2,1287
2174,356,round_start,457.71,3,T_8c03018b,1,1,0,1287
2175,356,round_start,0,1,T_fc5934b1,0,0,0,1288
2176,356,round_start,326.05,2,T_4408f908,0,3,0,1288
2177,356,round_start,0,1,T_fc5934b1,0,0,0,1289
2178,356,round_start,0,1,T_fc5934b1,0,0,0,1290
2179,356,round_start,400.44,2,T_4408f908,0,3,0,1290
2180,356,round_start,0,1,T_fc5934b1,0,0,0,1291
2181,356,round_start,0,1,T_fc5934b1,0,0,0,1292
2182,356,round_start,493.94,2,T_4408f908,0,3,0,1292
2183,361,round_start,0,1,T_a02bf5e9,0,0,0,1297
2184,361,round_start,0,1,T_a02bf5e9,0,0,0,1298
2185,362,round_start,0,1,T_379a1907,0,0,0,1301
2186,362,round_start,224.1,2,T_379a1907,1,0,2,1301
2187,362,round_start,469.06,3,T_379a1907,2,0,1,1301
2191,362,round_start,0,1,T_7ebeb2df,0,0,0,1303
2192,362,round_start,338.54,2,T_94e451b3,0,3,0,1303
2196,375,round_start,0,1,T_a02bf5e9,0,0,0,1305
2197,375,round_start,473.45,2,T_5568bd9d,0,3,0,1305
2198,375,round_start,0,1,T_a02bf5e9,0,0,0,1306
2199,375,round_start,480.21,2,T_5568bd9d,0,3,0,1306
2207,376,round_start,0,1,T_a02bf5e9,0,0,0,1311
2208,376,round_start,390.16,2,T_5568bd9d,0,3,0,1311
2209,376,round_start,0,1,T_a02bf5e9,0,0,0,1312
2210,376,round_start,499.78,2,T_5568bd9d,0,3,0,1312
2211,376,round_start,943.97,3,T_a02bf5e9,3,3,0,1312
2212,376,round_start,0,1,T_a02bf5e9,0,0,0,1313
2213,376,round_start,446.69,2,T_5568bd9d,0,3,0,1313
2214,376,round_start,0,1,T_a02bf5e9,0,0,2,1314
2215,376,round_start,248.51,2,T_a02bf5e9,1,0,1,1314
2216,376,round_start,574.71,3,T_a02bf5e9,1,1,0,1314
2217,377,round_start,0,1,T_a02bf5e9,0,0,2,1315
2218,377,round_start,276.25,2,T_a02bf5e9,0,1,1,1315
2219,377,round_start,537.17,3,T_a02bf5e9,0,2,0,1315
2220,377,round_start,0,1,T_a02bf5e9,0,0,0,1316
2221,377,round_start,384.88,2,T_5568bd9d,0,3,0,1316
2240,378,round_start,0,1,T_62c140a2,0,0,0,1332
2241,378,round_start,451.41,2,T_bfbda9d2,0,3,0,1332
2242,378,round_start,0,1,T_62c140a2,0,0,1,1333
2243,378,round_start,161.53,2,T_62c140a2,1,0,2,1333
2244,378,round_start,453.9,3,T_62c140a2,2,0,0,1333
2250,381,round_start,0,1,T_a02bf5e9,0,0,0,1336
2251,381,round_start,454.18,2,T_5568bd9d,0,3,0,1336
2254,381,round_start,0,1,T_a02bf5e9,0,0,0,1339
2255,381,round_start,416.01,2,T_5568bd9d,0,3,0,1339
2256,381,round_start,0,1,T_a02bf5e9,0,0,0,1340
2257,381,round_start,395.19,2,T_5568bd9d,0,3,0,1340
2258,381,round_start,0,1,T_8c03018b,0,0,0,1341
2259,381,round_start,250.27,2,T_8c03018b,0,1,2,1341
2260,381,round_start,545.14,3,T_8c03018b,1,1,1,1341
2261,383,round_start,0,1,T_8c03018b,0,0,0,1342
2262,383,round_start,297.91,2,T_8c03018b,1,0,1,1342
2263,383,round_start,500.93,3,T_8c03018b,2,0,2,1342
2266,383,round_start,0,1,T_a02bf5e9,0,0,0,1344
2267,383,round_start,0,1,T_a02bf5e9,0,0,0,1345
2268,383,round_start,418.61,2,T_5568bd9d,0,3,0,1345
2269,383,round_start,0,1,T_a02bf5e9,0,0,0,1346
2278,385,round_start,0,1,T_a02bf5e9,0,0,0,1352
2279,385,round_start,485.82,2,T_5568bd9d,0,3,0,1352
2282,385,round_start,0,1,T_a02bf5e9,0,0,0,1354
2283,385,round_start,0,1,T_a02bf5e9,0,0,0,1356
2284,385,round_start,498.23,2,T_5568bd9d,0,3,0,1356
2285,385,round_start,1002.44,3,T_a02bf5e9,3,3,0,1356
2286,385,round_start,0,1,T_a02bf5e9,0,0,0,1357
2287,385,round_start,0,1,T_a02bf5e9,0,0,0,1358
2288,386,round_start,0,1,T_a02bf5e9,0,0,0,1359
2289,386,round_start,255.41,2,T_a02bf5e9,1,0,1,1359
2290,386,round_start,445.46,3,T_a02bf5e9,2,0,2,1359
2291,386,round_start,0,1,T_a02bf5e9,0,0,0,1360
2292,386,round_start,389.05,2,T_5568bd9d,0,3,0,1360
2293,386,round_start,0,1,T_a02bf5e9,0,0,0,1361
2294,386,round_start,369.81,2,T_5568bd9d,0,3,0,1361
2295,386,round_start,0,1,T_a02bf5e9,0,0,0,1363
2297,386,round_start,0,1,T_a02bf5e9,0,0,2,1372
2298,386,round_start,304.67,2,T_a02bf5e9,1,0,1,1372
2299,386,round_start,538.02,3,T_a02bf5e9,1,1,0,1372
2300,387,round_start,0,1,T_7152830c,0,0,2,1373
2301,387,round_start,263.85,2,T_7152830c,0,1,0,1373
2302,387,round_start,526.86,3,T_7152830c,0,2,1,1373
2303,387,round_start,0,1,T_7152830c,0,0,0,1374
2304,387,round_start,461.61,2,T_bfbda9d2,0,3,0,1374
2305,387,round_start,0,1,T_7152830c,0,0,0,1375
2306,387,round_start,0,1,T_7152830c,0,0,0,1376
2307,387,round_start,498.92,2,T_bfbda9d2,0,3,0,1376
2308,387,round_start,0,1,T_7152830c,0,0,0,1377
2313,390,round_start,0,1,T_a02bf5e9,0,0,0,1382
2322,394,round_start,0,1,T_1f86d68c,0,0,1,1386
2323,394,round_start,155.49,2,T_1f86d68c,0,1,0,1386
2324,394,round_start,412.9,3,T_1f86d68c,0,2,2,1386
2325,394,round_start,0,1,T_1f86d68c,0,0,0,1387
2326,394,round_start,500.6,2,T_9f3c3ec0,0,3,0,1387
2327,394,round_start,0,1,T_1f86d68c,0,0,0,1388
2328,394,round_start,414.4,2,T_9f3c3ec0,0,3,0,1388
2329,394,round_start,0,1,T_1f86d68c,0,0,0,1389
2331,394,round_start,0,1,T_1f86d68c,0,0,0,1391
2332,394,round_start,264.08,2,T_1f86d68c,0,1,1,1391
2333,394,round_start,438.61,3,T_1f86d68c,0,2,2,1391
2330,394,round_start,0,1,T_1f86d68c,0,0,0,1390
2334,395,round_start,0,1,T_8c03018b,0,0,2,1392
2335,395,round_start,173.15,2,T_8c03018b,0,1,1,1392
2336,395,round_start,461.19,3,T_8c03018b,0,2,0,1392
2337,395,round_start,0,1,T_a02bf5e9,0,0,0,1393
2338,395,round_start,399.62,2,T_5568bd9d,0,3,0,1393
2339,395,round_start,0,1,T_a02bf5e9,0,0,0,1394
2340,395,round_start,436.85,2,T_5568bd9d,0,3,0,1394
2341,395,round_start,0,1,T_a02bf5e9,0,0,0,1395
2342,395,round_start,0,1,T_a02bf5e9,0,0,0,1396
2343,395,round_start,0,1,T_8c03018b,0,0,0,1397
2344,395,round_start,208.87,2,T_8c03018b,0,1,2,1397
2345,395,round_start,485.42,3,T_8c03018b,0,2,1,1397
2346,395,round_start,0,1,T_a02bf5e9,0,0,0,1398
2347,388,round_start,0,1,T_1f86d68c,0,0,1,1399
2348,388,round_start,155.49,2,T_1f86d68c,0,1,0,1399
2349,388,round_start,412.9,3,T_1f86d68c,0,2,2,1399
2350,388,round_start,0,1,T_1f86d68c,0,0,0,1400
2351,388,round_start,500.6,2,T_9f3c3ec0,0,3,0,1400
2352,388,round_start,0,1,T_1f86d68c,0,0,0,1401
2353,388,round_start,414.4,2,T_9f3c3ec0,0,3,0,1401
2354,388,round_start,0,1,T_1f86d68c,0,0,0,1402
2355,388,round_start,0,1,T_1f86d68c,0,0,0,1403
2356,396,round_start,0,1,T_499c6f4f,0,0,1,1404
2357,396,round_start,223.17,2,T_499c6f4f,1,0,0,1404
2358,396,round_start,421.8,3,T_499c6f4f,2,0,2,1404
2359,396,round_start,0,1,T_499c6f4f,0,0,0,1405
2360,396,round_start,240.04,2,T_566f2633,0,3,0,1405
2361,396,round_start,0,1,T_499c6f4f,0,0,0,1406
2362,398,round_start,0,1,T_a02bf5e9,0,0,2,1407
2363,398,round_start,164.2,2,T_a02bf5e9,1,0,1,1407
2364,398,round_start,409.1,3,T_a02bf5e9,2,0,0,1407
2367,398,round_start,0,1,T_14ba4d34,0,0,0,1411
2368,398,round_start,0,1,T_14ba4d34,0,0,0,1413
2369,398,round_start,593.9,2,T_b539c9c7,0,3,0,1413
2370,402,round_start,0,1,T_8c03018b,0,0,0,1414
2371,402,round_start,299.1,2,T_8c03018b,1,0,1,1414
2372,402,round_start,496.26,3,T_8c03018b,1,1,2,1414
2373,402,round_start,0,1,T_a02bf5e9,0,0,0,1415
2374,402,round_start,488.36,2,T_5568bd9d,0,3,0,1415
2375,402,round_start,0,1,T_a02bf5e9,0,0,0,1416
2376,402,round_start,283.55,2,T_5568bd9d,0,3,0,1416
2377,402,round_start,0,1,T_a02bf5e9,0,0,0,1417
2378,402,round_start,0,1,T_a02bf5e9,0,0,0,1418
2379,402,round_start,0,1,T_8c03018b,0,0,2,1419
2380,402,round_start,322.38,2,T_8c03018b,0,1,1,1419
2381,402,round_start,538.66,3,T_8c03018b,0,2,0,1419
2382,403,round_start,0,1,T_8c03018b,0,0,2,1420
2383,403,round_start,161.93,2,T_8c03018b,1,0,1,1420
2384,403,round_start,402.14,3,T_8c03018b,2,0,0,1420
2386,403,round_start,0,1,T_a02bf5e9,0,0,0,1422
2387,403,round_start,408.29,2,T_5568bd9d,0,3,0,1422
2394,404,round_start,0,1,T_4407b417,0,0,0,1426
2395,404,round_start,461.08,2,T_6f51c467,0,3,0,1426
2399,403,round_start,0,1,T_a02bf5e9,0,0,0,1429
2417,405,round_start,0,1,T_a02bf5e9,0,0,2,1439
2418,405,round_start,238.69,2,T_a02bf5e9,0,1,0,1439
2419,405,round_start,533.89,3,T_a02bf5e9,0,2,1,1439
2420,408,round_start,0,1,T_a02bf5e9,0,0,2,1440
2421,408,round_start,215.4,2,T_a02bf5e9,0,1,0,1440
2422,408,round_start,458.59,3,T_a02bf5e9,1,1,1,1440
2423,408,round_start,0,1,T_a02bf5e9,0,0,0,1441
2424,408,round_start,239.94,2,T_f5419237,0,3,0,1441
2425,408,round_start,0,1,T_a02bf5e9,0,0,0,1444
2426,408,round_start,0,1,T_a02bf5e9,0,0,0,1445
2427,408,round_start,427.12,2,T_f5419237,0,3,0,1445
2428,408,round_start,0,1,T_a02bf5e9,0,0,0,1446
2429,408,round_start,0,1,T_a02bf5e9,0,0,0,1447
2430,408,round_start,298,2,T_a02bf5e9,0,1,2,1447
2431,408,round_start,529.59,3,T_a02bf5e9,0,2,1,1447
2432,410,round_start,0,1,T_8c03018b,0,0,1,1448
2433,410,round_start,154.2,2,T_8c03018b,1,0,0,1448
2434,410,round_start,479.11,3,T_8c03018b,2,0,2,1448
2435,410,round_start,0,1,T_175f0dae,0,0,0,1449
2436,410,round_start,393.72,2,T_afa0a505,0,3,0,1449
2440,410,round_start,0,1,T_175f0dae,0,0,0,1452
2444,411,round_start,0,1,T_8c03018b,0,0,1,1454
2445,411,round_start,154.2,2,T_8c03018b,1,0,0,1454
2446,411,round_start,479.11,3,T_8c03018b,2,0,2,1454
2452,411,round_start,0,1,T_175f0dae,0,0,0,1458
2453,411,round_start,393.72,2,T_afa0a505,0,3,0,1458
2454,411,round_start,0,1,T_175f0dae,0,0,0,1459
2455,411,round_start,0,1,T_175f0dae,0,0,0,1460
2456,411,round_start,426.3,2,T_afa0a505,0,3,0,1460
2457,411,round_start,0,1,T_175f0dae,0,0,0,1461
2461,412,round_start,0,1,T_a02bf5e9,0,0,0,1463
2478,415,round_start,0,1,T_a02bf5e9,0,0,0,1473
2479,415,round_start,0,1,T_a02bf5e9,0,0,0,1474
2480,415,round_start,407.02,2,T_5568bd9d,0,3,0,1474
2481,415,round_start,0,1,T_a02bf5e9,0,0,0,1475
2482,415,round_start,240.04,2,T_5568bd9d,0,3,0,1475
2483,415,round_start,0,1,T_a02bf5e9,0,0,0,1476
2484,415,round_start,0,1,T_8c03018b,0,0,0,1477
2485,415,round_start,231.28,2,T_8c03018b,1,0,2,1477
2486,415,round_start,564.34,3,T_8c03018b,1,1,1,1477
2487,415,round_start,0,1,T_a02bf5e9,0,0,0,1478
2488,415,round_start,553.14,2,T_5568bd9d,0,3,0,1478
2493,416,round_start,0,1,T_a02bf5e9,0,0,0,1482
2494,416,round_start,497.67,2,T_5568bd9d,0,3,0,1482
2500,417,round_start,0,1,T_a02bf5e9,0,0,2,1485
2501,417,round_start,236.28,2,T_a02bf5e9,0,1,0,1485
2502,417,round_start,451.3,3,T_a02bf5e9,1,1,1,1485
2503,417,round_start,0,1,T_a02bf5e9,0,0,0,1486
2504,417,round_start,285.98,2,T_5568bd9d,0,3,0,1486
2507,417,round_start,0,1,T_a02bf5e9,0,0,0,1488
2508,417,round_start,233.94,2,T_a02bf5e9,0,1,2,1488
2509,417,round_start,528.71,3,T_a02bf5e9,1,1,1,1488
2510,417,round_start,0,1,T_a02bf5e9,0,0,0,1489
2511,417,round_start,369.38,2,T_5568bd9d,0,3,0,1489
2512,417,round_start,860.35,3,T_a02bf5e9,3,3,0,1489
2513,418,round_start,0,1,T_a02bf5e9,0,0,0,1490
2514,418,round_start,253.16,2,T_a02bf5e9,1,0,2,1490
2515,418,round_start,479.41,3,T_a02bf5e9,2,0,1,1490
2516,418,round_start,0,1,T_a02bf5e9,0,0,0,1491
2517,418,round_start,424.51,2,T_5568bd9d,0,3,0,1491
2518,418,round_start,0,1,T_a02bf5e9,0,0,0,1492
2519,418,round_start,395.14,2,T_5568bd9d,0,3,0,1492
2520,418,round_start,0,1,T_a02bf5e9,0,0,0,1493
2521,418,round_start,0,1,T_a02bf5e9,0,0,0,1494
2522,419,round_start,0,1,T_8c03018b,0,0,1,1495
2523,419,round_start,174.96,2,T_8c03018b,0,1,2,1495
2524,419,round_start,502.12,3,T_8c03018b,0,2,0,1495
2525,419,round_start,0,1,T_e9654697,0,0,0,1496
2526,419,round_start,497.01,2,T_0ff7da8a,0,3,0,1496
2527,419,round_start,0,1,T_e9654697,0,0,0,1497
2528,419,round_start,0,1,T_e9654697,0,0,0,1498
2529,419,round_start,271.25,2,T_0ff7da8a,0,3,0,1498
2530,419,round_start,0,1,T_e9654697,0,0,0,1499
2531,419,round_start,0,1,T_8c03018b,0,0,0,1500
2532,419,round_start,243.11,2,T_8c03018b,1,0,2,1500
2533,419,round_start,484.87,3,T_8c03018b,1,1,1,1500
2534,420,round_start,0,1,T_8c03018b,0,0,0,1501
2535,420,round_start,154.55,2,T_8c03018b,1,0,2,1501
2536,420,round_start,415.15,3,T_8c03018b,1,1,1,1501
2537,420,round_start,0,1,T_a02bf5e9,0,0,0,1502
2538,420,round_start,270,2,T_5568bd9d,0,3,0,1502
2539,420,round_start,0,1,T_a02bf5e9,0,0,0,1503
2540,420,round_start,457.81,2,T_5568bd9d,0,3,0,1503
2541,420,round_start,0,1,T_a02bf5e9,0,0,0,1504
2542,420,round_start,0,1,T_a02bf5e9,0,0,0,1505
2543,420,round_start,0,1,T_8c03018b,0,0,2,1507
2544,420,round_start,216.05,2,T_8c03018b,1,0,1,1507
2545,420,round_start,553.31,3,T_8c03018b,2,0,0,1507
2546,421,round_start,0,1,T_8c03018b,0,0,2,1508
2547,421,round_start,173.16,2,T_8c03018b,0,1,0,1508
2548,421,round_start,493.44,3,T_8c03018b,0,2,1,1508
2549,421,round_start,0,1,T_a02bf5e9,0,0,0,1509
2550,421,round_start,490.88,2,T_5568bd9d,0,3,0,1509
2551,421,round_start,0,1,T_a02bf5e9,0,0,0,1510
2552,421,round_start,323.66,2,T_5568bd9d,0,3,0,1510
2553,421,round_start,0,1,T_a02bf5e9,0,0,0,1511
2554,421,round_start,0,1,T_a02bf5e9,0,0,0,1512
2555,421,round_start,0,1,T_8c03018b,0,0,1,1513
2556,421,round_start,299.28,2,T_8c03018b,0,1,2,1513
2557,421,round_start,517.01,3,T_8c03018b,0,2,0,1513
2558,422,round_start,0,1,T_8c03018b,0,0,2,1514
2559,422,round_start,167.75,2,T_8c03018b,1,0,1,1514
2560,422,round_start,354.55,3,T_8c03018b,2,0,0,1514
2565,422,round_start,0,1,T_a02bf5e9,0,0,0,1517
2569,422,round_start,0,1,T_a02bf5e9,0,0,0,1519
2570,423,round_start,0,1,T_8c03018b,0,0,2,1520
2571,423,round_start,312.9,2,T_8c03018b,0,1,0,1520
2572,423,round_start,472,3,T_8c03018b,0,2,1,1520
2573,423,round_start,0,1,T_a02bf5e9,0,0,0,1521
2574,423,round_start,315.36,2,T_5568bd9d,0,3,0,1521
2576,423,round_start,0,1,T_a02bf5e9,0,0,0,1523
2577,423,round_start,390.16,2,T_5568bd9d,0,3,0,1523
2578,423,round_start,0,1,T_a02bf5e9,0,0,0,1524
2579,423,round_start,0,1,T_8c03018b,0,0,2,1525
2580,423,round_start,324.54,2,T_8c03018b,0,1,1,1525
2581,423,round_start,652.66,3,T_8c03018b,1,1,0,1525
2582,425,round_start,0,1,T_a02bf5e9,0,0,0,1526
2583,425,round_start,305.41,2,T_a02bf5e9,0,1,2,1526
2584,425,round_start,522.34,3,T_a02bf5e9,1,1,1,1526
2585,425,round_start,0,1,T_a02bf5e9,0,0,0,1527
2586,425,round_start,413.41,2,T_5568bd9d,0,3,0,1527
2587,426,round_start,0,1,T_8871274e,0,0,0,1528
2588,426,round_start,485.55,2,T_107b38a8,0,3,0,1528
2589,426,round_start,0,1,T_8871274e,0,0,0,1529
2593,426,round_start,0,1,T_8871274e,0,0,0,1534
2594,426,round_start,283.44,2,T_107b38a8,0,3,0,1534
2595,427,round_start,0,1,T_8c03018b,0,0,2,1535
2596,427,round_start,330.51,2,T_8c03018b,1,0,1,1535
2597,427,round_start,530.4,3,T_8c03018b,1,1,0,1535
2598,427,round_start,0,1,T_a02bf5e9,0,0,0,1536
2599,427,round_start,266.48,2,T_5568bd9d,0,3,0,1536
2600,427,round_start,0,1,T_a02bf5e9,0,0,0,1537
2601,427,round_start,501.99,2,T_5568bd9d,0,3,0,1537
2602,427,round_start,0,1,T_a02bf5e9,0,0,0,1538
2615,429,round_start,0,1,T_a06a679c,0,0,0,1547
2616,429,round_start,169.29,2,T_a06a679c,0,1,2,1547
2617,429,round_start,342.87,3,T_a06a679c,0,2,1,1547
2618,429,round_start,0,1,T_a06a679c,0,0,0,1548
2619,429,round_start,0,1,T_a06a679c,0,0,0,1549
2620,429,round_start,580.49,2,T_6f51c467,0,3,0,1549
2621,429,round_start,933.4,3,T_a06a679c,3,3,0,1549
2622,429,round_start,0,1,T_a06a679c,0,0,0,1550
2623,429,round_start,390.15,2,T_6f51c467,0,3,0,1550
2624,429,round_start,0,1,T_a06a679c,0,0,0,1551
2625,430,round_start,0,1,T_8c03018b,0,0,1,1552
2626,430,round_start,335.84,2,T_8c03018b,1,0,0,1552
2627,430,round_start,536.14,3,T_8c03018b,2,0,2,1552
2628,430,round_start,0,1,T_a02bf5e9,0,0,0,1553
2629,430,round_start,512.95,2,T_5568bd9d,0,3,0,1553
2633,430,round_start,0,1,T_a02bf5e9,0,0,0,1556
2634,430,round_start,0,1,T_8c03018b,0,0,0,1557
2635,430,round_start,228.19,2,T_8c03018b,0,1,1,1557
2636,430,round_start,422.1,3,T_8c03018b,0,2,2,1557
2637,431,round_start,0,1,T_a02bf5e9,0,0,0,1558
2638,431,round_start,307.72,2,T_a02bf5e9,1,0,1,1558
2639,431,round_start,619.85,3,T_a02bf5e9,1,1,2,1558
2640,431,round_start,0,1,T_a02bf5e9,0,0,0,1559
2641,431,round_start,413,2,T_5568bd9d,0,3,0,1559
2642,431,round_start,0,1,T_a02bf5e9,0,0,0,1560
2643,431,round_start,0,1,T_a02bf5e9,0,0,0,1561
2644,431,round_start,403.15,2,T_5568bd9d,0,3,0,1561
2645,431,round_start,0,1,T_a02bf5e9,0,0,0,1564
2649,432,round_start,0,1,T_8c03018b,0,0,1,1566
2650,432,round_start,283.48,2,T_8c03018b,0,1,0,1566
2651,432,round_start,529.26,3,T_8c03018b,1,1,2,1566
2657,432,round_start,0,1,T_a02bf5e9,0,0,0,1570
2658,432,round_start,0,1,T_8c03018b,0,0,1,1571
2659,432,round_start,333.04,2,T_8c03018b,1,0,0,1571
2660,432,round_start,551.51,3,T_8c03018b,2,0,2,1571
2661,433,round_start,0,1,T_8c03018b,0,0,2,1572
2662,433,round_start,197.45,2,T_8c03018b,0,1,0,1572
2663,433,round_start,359.79,3,T_8c03018b,0,2,1,1572
2664,433,round_start,0,1,T_a02bf5e9,0,0,0,1573
2665,433,round_start,459.54,2,T_5568bd9d,0,3,0,1573
2666,433,round_start,0,1,T_a02bf5e9,0,0,0,1574
2667,433,round_start,344.98,2,T_5568bd9d,0,3,0,1574
2668,433,round_start,0,1,T_a02bf5e9,0,0,0,1576
2669,433,round_start,0,1,T_a02bf5e9,0,0,0,1577
2670,434,round_start,0,1,T_8c03018b,0,0,1,1578
2671,434,round_start,333.04,2,T_8c03018b,1,0,0,1578
2672,434,round_start,551.51,3,T_8c03018b,2,0,2,1578
2673,434,round_start,0,1,T_a02bf5e9,0,0,0,1579
2674,434,round_start,0,1,T_a02bf5e9,0,0,0,1580
2675,434,round_start,0,1,T_a02bf5e9,0,0,0,1581
2676,434,round_start,269.95,2,T_5568bd9d,0,3,0,1581
2677,434,round_start,0,1,T_a02bf5e9,0,0,0,1582
2678,434,round_start,453.87,2,T_5568bd9d,0,3,0,1582
2685,435,round_start,0,1,T_a02bf5e9,0,0,0,1585
2686,435,round_start,399.59,2,T_5568bd9d,0,3,0,1585
2687,435,round_start,0,1,T_a02bf5e9,0,0,0,1586
2688,435,round_start,295.8,2,T_5568bd9d,0,3,0,1586
2689,435,round_start,0,1,T_a02bf5e9,0,0,1,1587
2690,435,round_start,337.1,2,T_a02bf5e9,0,1,0,1587
2691,435,round_start,543.38,3,T_a02bf5e9,0,2,2,1587
2692,435,round_start,0,1,T_a02bf5e9,0,0,0,1588
2693,435,round_start,397.78,2,T_5568bd9d,0,3,0,1588
2694,436,round_start,0,1,T_8c03018b,0,0,0,1589
2695,436,round_start,238.33,2,T_8c03018b,1,0,2,1589
2696,436,round_start,509.96,3,T_8c03018b,2,0,1,1589
2697,436,round_start,0,1,T_a02bf5e9,0,0,0,1590
2698,436,round_start,267.8,2,T_5568bd9d,0,3,0,1590
2699,436,round_start,0,1,T_a02bf5e9,0,0,0,1593
2700,436,round_start,494.63,2,T_5568bd9d,0,3,0,1593
2701,436,round_start,0,1,T_a02bf5e9,0,0,0,1594
2702,436,round_start,0,1,T_8c03018b,0,0,2,1595
2703,436,round_start,253.07,2,T_8c03018b,1,0,0,1595
2704,436,round_start,423.88,3,T_8c03018b,2,0,1,1595
2705,436,round_start,0,1,T_a02bf5e9,0,0,0,1596
2706,436,round_start,248.35,2,T_5568bd9d,0,3,0,1596
2709,436,round_start,0,1,T_a02bf5e9,0,0,0,1599
2710,437,round_start,0,1,T_8c03018b,0,0,2,1600
2711,437,round_start,261.04,2,T_8c03018b,0,1,1,1600
2712,437,round_start,587.61,3,T_8c03018b,0,2,0,1600
2713,437,round_start,0,1,T_a02bf5e9,0,0,0,1601
2714,437,round_start,490.9,2,T_5568bd9d,0,3,0,1601
2715,437,round_start,0,1,T_a02bf5e9,0,0,0,1602
2716,437,round_start,415.87,2,T_5568bd9d,0,3,0,1602
2717,437,round_start,0,1,T_a02bf5e9,0,0,0,1603
2718,437,round_start,0,1,T_a02bf5e9,0,0,0,1604
2719,437,round_start,0,1,T_8c03018b,0,0,1,1606
2720,437,round_start,187.79,2,T_8c03018b,0,1,0,1606
2721,437,round_start,450.32,3,T_8c03018b,0,2,2,1606
2722,438,round_start,0,1,T_a02bf5e9,0,0,0,1607
2723,438,round_start,292,2,T_a02bf5e9,0,1,1,1607
2724,438,round_start,642.86,3,T_a02bf5e9,1,1,2,1607
2725,438,round_start,0,1,T_00483cb3,0,0,0,1608
2726,438,round_start,258.06,2,T_6da1ba9e,0,3,0,1608
2727,438,round_start,0,1,T_00483cb3,0,0,0,1609
2729,438,round_start,0,1,T_00483cb3,0,0,0,1613
2730,438,round_start,491.38,2,T_6da1ba9e,0,3,0,1613
2731,438,round_start,0,1,T_00483cb3,0,0,0,1614
2732,438,round_start,0,1,T_00483cb3,0,0,0,1615
2733,438,round_start,234.68,2,T_00483cb3,1,0,2,1615
2734,438,round_start,474.23,3,T_00483cb3,1,1,1,1615
2735,444,round_start,0,1,T_a02bf5e9,0,0,0,1616
2736,444,round_start,186.26,2,T_a02bf5e9,0,1,2,1616
2737,444,round_start,439.04,3,T_a02bf5e9,1,1,1,1616
2738,444,round_start,0,1,T_a02bf5e9,0,0,0,1617
2739,444,round_start,506.35,2,T_5568bd9d,0,3,0,1617
2742,448,round_start,0,1,T_3ccf37a5,0,0,0,1622
2744,448,round_start,0,1,T_3ccf37a5,0,0,0,1627
2745,448,round_start,404.4,2,T_6f51c467,0,3,0,1627
2746,448,round_start,0,1,T_3ccf37a5,0,0,0,1628
2747,448,round_start,487.93,2,T_6f51c467,0,3,0,1628
2748,448,round_start,0,1,T_3ccf37a5,0,0,0,1629
2749,452,round_start,0,1,T_8c03018b,0,0,1,1633
2750,452,round_start,334.6,2,T_8c03018b,1,0,0,1633
2751,452,round_start,613.2,3,T_8c03018b,2,0,2,1633
2752,452,round_start,0,1,T_a02bf5e9,0,0,0,1634
2753,452,round_start,441.09,2,T_5568bd9d,0,3,0,1634
2754,452,round_start,0,1,T_a02bf5e9,0,0,0,1635
2755,452,round_start,281.67,2,T_5568bd9d,0,3,0,1635
2756,452,round_start,0,1,T_a02bf5e9,0,0,0,1636
2757,453,round_start,0,1,T_8c03018b,0,0,2,1637
2758,453,round_start,263.71,2,T_8c03018b,1,0,1,1637
2759,453,round_start,498.61,3,T_8c03018b,2,0,0,1637
2760,453,round_start,0,1,T_a02bf5e9,0,0,0,1638
2761,453,round_start,240.04,2,T_5568bd9d,0,3,0,1638
2762,453,round_start,0,1,T_a02bf5e9,0,0,0,1639
2763,453,round_start,0,1,T_a02bf5e9,0,0,0,1640
2764,453,round_start,264.59,2,T_5568bd9d,0,3,0,1640
2765,453,round_start,0,1,T_a02bf5e9,0,0,0,1641
2766,453,round_start,0,1,T_8c03018b,0,0,0,1642
2767,453,round_start,160.98,2,T_8c03018b,1,0,1,1642
2768,453,round_start,434.81,3,T_8c03018b,1,1,2,1642
2769,453,round_start,0,1,T_a02bf5e9,0,0,0,1643
2770,453,round_start,240.04,2,T_5568bd9d,0,3,0,1643
2771,452,round_start,0,1,T_a02bf5e9,0,0,0,1644
2779,454,round_start,0,1,T_a02bf5e9,0,0,0,1648
2780,454,round_start,0,1,T_a02bf5e9,0,0,0,1649
2781,454,round_start,0,1,T_8c03018b,0,0,1,1650
2782,454,round_start,186.16,2,T_8c03018b,1,0,2,1650
2783,454,round_start,472.69,3,T_8c03018b,1,1,0,1650
2784,455,round_start,0,1,T_8c03018b,0,0,2,1651
2785,455,round_start,281.11,2,T_8c03018b,1,0,1,1651
2786,455,round_start,479.06,3,T_8c03018b,1,1,0,1651
2787,455,round_start,0,1,T_a02bf5e9,0,0,0,1652
2788,455,round_start,419.09,2,T_5568bd9d,0,3,0,1652
2789,455,round_start,0,1,T_a02bf5e9,0,0,0,1653
2790,455,round_start,495.92,2,T_5568bd9d,0,3,0,1653
2791,455,round_start,0,1,T_a02bf5e9,0,0,0,1654
2792,455,round_start,0,1,T_a02bf5e9,0,0,0,1655
2793,454,round_start,0,1,T_a02bf5e9,0,0,0,1656
2797,456,round_start,0,1,T_a02bf5e9,0,0,0,1658
2798,456,round_start,501.76,2,T_5568bd9d,0,3,0,1658
2799,456,round_start,0,1,T_a02bf5e9,0,0,0,1659
2802,456,round_start,0,1,T_a02bf5e9,0,0,0,1661
2803,456,round_start,0,1,T_8c03018b,0,0,1,1662
2804,456,round_start,199.93,2,T_8c03018b,0,1,2,1662
2805,456,round_start,486.73,3,T_8c03018b,0,2,0,1662
2808,458,round_start,0,1,T_a02bf5e9,0,0,0,1664
2809,458,round_start,251.56,2,T_5568bd9d,0,3,0,1664
2810,458,round_start,0,1,T_a02bf5e9,0,0,0,1665
2811,458,round_start,415.37,2,T_5568bd9d,0,3,0,1665
2812,458,round_start,0,1,T_a02bf5e9,0,0,0,1666
2813,458,round_start,0,1,T_a02bf5e9,0,0,0,1667
2814,458,round_start,256,2,T_5568bd9d,0,3,0,1667
2815,458,round_start,0,1,T_a02bf5e9,0,0,0,1673
2816,459,round_start,0,1,T_8c03018b,0,0,1,1674
2817,459,round_start,211.04,2,T_8c03018b,0,1,2,1674
2818,459,round_start,447.91,3,T_8c03018b,0,2,0,1674
2819,459,round_start,0,1,T_a02bf5e9,0,0,0,1675
2820,459,round_start,492.75,2,T_5568bd9d,0,3,0,1675
2824,459,round_start,0,1,T_a02bf5e9,0,0,0,1678
2828,459,round_start,0,1,T_a02bf5e9,0,0,0,1680
2831,460,round_start,0,1,T_8c03018b,0,0,1,1682
2832,460,round_start,221.41,2,T_8c03018b,1,0,2,1682
2833,460,round_start,431.4,3,T_8c03018b,2,0,0,1682
2834,460,round_start,0,1,T_a02bf5e9,0,0,0,1683
2835,460,round_start,512.13,2,T_5568bd9d,0,3,0,1683
2836,460,round_start,0,1,T_a02bf5e9,0,0,0,1684
2837,460,round_start,450.55,2,T_5568bd9d,0,3,0,1684
2838,460,round_start,0,1,T_a02bf5e9,0,0,0,1685
2839,460,round_start,0,1,T_a02bf5e9,0,0,0,1686
2840,465,round_start,0,1,T_a02bf5e9,0,0,1,1691
2841,465,round_start,371.64,2,T_a02bf5e9,1,0,2,1691
2842,465,round_start,553.5,3,T_a02bf5e9,1,1,0,1691
2843,465,round_start,0,1,T_a02bf5e9,0,0,0,1692
2844,465,round_start,332.92,2,T_f5419237,0,3,0,1692
2845,465,round_start,0,1,T_a02bf5e9,0,0,0,1693
2846,465,round_start,425.75,2,T_f5419237,0,3,0,1693
2847,465,round_start,0,1,T_a02bf5e9,0,0,0,1694
2848,466,round_start,0,1,T_8c03018b,0,0,2,1695
2849,466,round_start,236.36,2,T_8c03018b,1,0,0,1695
2850,466,round_start,481.51,3,T_8c03018b,2,0,1,1695
2851,466,round_start,0,1,T_a02bf5e9,0,0,0,1696
2852,466,round_start,240.04,2,T_5568bd9d,0,3,0,1696
2853,466,round_start,0,1,T_a02bf5e9,0,0,0,1697
2854,466,round_start,0,1,T_a02bf5e9,0,0,0,1698
2855,466,round_start,395.11,2,T_5568bd9d,0,3,0,1698
2856,466,round_start,0,1,T_a02bf5e9,0,0,0,1699
2857,466,round_start,0,1,T_8c03018b,0,0,1,1700
2858,466,round_start,235.17,2,T_8c03018b,0,1,0,1700
2859,466,round_start,403.01,3,T_8c03018b,0,2,2,1700
2860,468,round_start,0,1,T_a02bf5e9,0,0,0,1701
2861,468,round_start,218.19,2,T_a02bf5e9,0,1,1,1701
2862,468,round_start,483.28,3,T_a02bf5e9,0,2,2,1701
2863,467,round_start,0,1,T_a02bf5e9,0,0,0,1702
2864,467,round_start,218.19,2,T_a02bf5e9,0,1,1,1702
2865,467,round_start,483.28,3,T_a02bf5e9,0,2,2,1702
2866,467,round_start,0,1,T_a02bf5e9,0,0,0,1703
2867,467,round_start,504.12,2,T_5568bd9d,0,3,0,1703
2868,469,round_start,0,1,T_8c03018b,0,0,1,1704
2869,469,round_start,204.39,2,T_8c03018b,0,1,0,1704
2870,469,round_start,506.13,3,T_8c03018b,0,2,2,1704
2876,469,round_start,0,1,T_a02bf5e9,0,0,0,1707
2877,469,round_start,294.88,2,T_5568bd9d,0,3,0,1707
2878,470,round_start,0,1,T_a02bf5e9,0,0,0,1708
2879,470,round_start,324.2,2,T_5568bd9d,0,3,0,1708
2880,470,round_start,0,1,T_a02bf5e9,0,0,0,1709
2881,470,round_start,496.96,2,T_5568bd9d,0,3,0,1709
2882,469,round_start,0,1,T_a02bf5e9,0,0,0,1710
2886,465,round_start,0,1,T_a02bf5e9,0,0,0,1713
2887,469,round_start,0,1,T_8c03018b,0,0,1,1716
2888,469,round_start,246.97,2,T_8c03018b,1,0,0,1716
2889,469,round_start,457.38,3,T_8c03018b,2,0,2,1716
2890,470,round_start,0,1,T_a02bf5e9,0,0,0,1717
2891,470,round_start,0,1,T_a02bf5e9,0,0,0,1718
2895,471,round_start,0,1,T_a02bf5e9,0,0,0,1720
2896,471,round_start,390.15,2,T_f5419237,0,3,0,1720
2897,471,round_start,0,1,T_a02bf5e9,0,0,0,1721
2898,471,round_start,0,1,T_a02bf5e9,0,0,0,1722
2899,471,round_start,511.9,2,T_f5419237,0,3,0,1722
2900,471,round_start,0,1,T_a02bf5e9,0,0,0,1723
2901,471,round_start,0,1,T_a02bf5e9,0,0,2,1724
2902,471,round_start,260.54,2,T_a02bf5e9,1,0,1,1724
2903,471,round_start,443.1,3,T_a02bf5e9,2,0,0,1724
2904,472,round_start,0,1,T_8c03018b,0,0,0,1725
2905,472,round_start,224.08,2,T_8c03018b,0,1,1,1725
2906,472,round_start,542.26,3,T_8c03018b,0,2,2,1725
2912,472,round_start,0,1,T_a02bf5e9,0,0,0,1730
2913,472,round_start,0,1,T_a02bf5e9,0,0,0,1731
2914,472,round_start,496.17,2,T_5568bd9d,0,3,0,1731
2915,474,round_start,0,1,T_112451a5,0,0,0,1733
2916,474,round_start,474.64,2,T_6f51c467,0,3,0,1733
2917,474,round_start,0,1,T_112451a5,0,0,0,1734
2918,477,round_start,0,1,T_a02bf5e9,0,0,0,1736
2919,477,round_start,240.3,2,T_a02bf5e9,0,1,1,1736
2920,477,round_start,508.76,3,T_a02bf5e9,1,1,2,1736
2921,477,round_start,0,1,T_a02bf5e9,0,0,0,1737
2922,477,round_start,373.11,2,T_5568bd9d,0,3,0,1737
2930,478,round_start,0,1,T_a02bf5e9,0,0,0,1741
2931,478,round_start,480.22,2,T_5568bd9d,0,3,0,1741
2944,480,round_start,0,1,T_8c03018b,0,0,1,1748
2945,480,round_start,302.02,2,T_8c03018b,0,1,0,1748
2946,480,round_start,612.85,3,T_8c03018b,1,1,2,1748
2952,480,round_start,0,1,T_8c03018b,0,0,1,1752
2953,480,round_start,320.3,2,T_8c03018b,0,1,0,1752
2954,480,round_start,552.94,3,T_8c03018b,0,2,2,1752
2955,480,round_start,0,1,T_a02bf5e9,0,0,0,1753
2956,481,round_start,0,1,T_8c03018b,0,0,1,1754
2957,481,round_start,173.08,2,T_8c03018b,1,0,0,1754
2958,481,round_start,470,3,T_8c03018b,2,0,2,1754
2959,481,round_start,0,1,T_a02bf5e9,0,0,0,1755
2960,481,round_start,420.54,2,T_5568bd9d,0,3,0,1755
2961,481,round_start,0,1,T_a02bf5e9,0,0,0,1757
2962,481,round_start,0,1,T_a02bf5e9,0,0,0,1758
2963,481,round_start,0,1,T_8c03018b,0,0,1,1759
2964,481,round_start,331.48,2,T_8c03018b,1,0,2,1759
2965,481,round_start,643.48,3,T_8c03018b,2,0,0,1759
2966,482,round_start,0,1,T_8c03018b,0,0,1,1760
2967,482,round_start,236.85,2,T_8c03018b,1,0,0,1760
2968,482,round_start,509.05,3,T_8c03018b,2,0,2,1760
2969,481,round_start,0,1,T_a02bf5e9,0,0,0,1763
2970,481,round_start,407.92,2,T_5568bd9d,0,3,0,1763
2981,482,round_start,0,1,T_a02bf5e9,0,0,0,1771
2982,482,round_start,420.86,2,T_5568bd9d,0,3,0,1771
2983,482,round_start,0,1,T_a02bf5e9,0,0,0,1772
2984,482,round_start,506.6,2,T_5568bd9d,0,3,0,1772
2985,482,round_start,0,1,T_a02bf5e9,0,0,0,1773
2986,482,round_start,0,1,T_a02bf5e9,0,0,0,1774
2987,482,round_start,0,1,T_8c03018b,0,0,0,1775
2988,482,round_start,171.42,2,T_8c03018b,1,0,1,1775
2989,482,round_start,355.49,3,T_8c03018b,1,1,2,1775
2996,487,round_start,0,1,T_a02bf5e9,0,0,2,1780
2997,487,round_start,211.53,2,T_a02bf5e9,1,0,0,1780
2998,487,round_start,508.71,3,T_a02bf5e9,1,1,1,1780
3003,487,round_start,0,1,T_a02bf5e9,0,0,0,1784
3021,490,round_start,0,1,T_8c03018b,0,0,0,1793
3022,490,round_start,287.49,2,T_8c03018b,0,1,2,1793
3023,490,round_start,456.82,3,T_8c03018b,1,1,1,1793
3024,490,round_start,0,1,T_a02bf5e9,0,0,0,1794
3025,490,round_start,497.31,2,T_5568bd9d,0,3,0,1794
3026,490,round_start,0,1,T_a02bf5e9,0,0,0,1795
3027,490,round_start,0,1,T_a02bf5e9,0,0,0,1796
3028,490,round_start,346.2,2,T_5568bd9d,0,3,0,1796
3029,490,round_start,0,1,T_a02bf5e9,0,0,0,1797
3030,490,round_start,346.2,2,T_5568bd9d,0,3,0,1797
3031,490,round_start,0,1,T_a02bf5e9,0,0,0,1798
3032,490,round_start,0,1,T_8c03018b,0,0,2,1799
3033,490,round_start,304.13,2,T_8c03018b,1,0,0,1799
3034,490,round_start,520.96,3,T_8c03018b,2,0,1,1799
3035,488,round_start,0,1,T_a02bf5e9,0,0,0,1801
3036,488,round_start,536.56,2,T_5568bd9d,0,3,0,1801
3037,488,round_start,0,1,T_a02bf5e9,0,0,0,1802
3038,488,round_start,390.15,2,T_5568bd9d,0,3,0,1802
3039,488,round_start,0,1,T_a02bf5e9,0,0,0,1803
3040,488,round_start,270.59,2,T_5568bd9d,0,3,0,1803
3046,491,round_start,0,1,T_a02bf5e9,0,0,0,1811
3047,491,round_start,280.94,2,T_a02bf5e9,1,0,2,1811
3048,491,round_start,461.88,3,T_a02bf5e9,1,1,1,1811
3049,491,round_start,0,1,T_a02bf5e9,0,0,0,1812
3050,491,round_start,480.22,2,T_5568bd9d,0,3,0,1812
3051,491,round_start,0,1,T_a02bf5e9,0,0,0,1815
3052,491,round_start,427.77,2,T_5568bd9d,0,3,0,1815
3053,494,round_start,0,1,T_8c03018b,0,0,1,1818
3054,494,round_start,263.45,2,T_8c03018b,1,0,2,1818
3055,494,round_start,553.58,3,T_8c03018b,2,0,0,1818
3056,494,round_start,0,1,T_2f7c4a6e,0,0,0,1819
3057,494,round_start,438.99,2,T_967fa57b,0,3,0,1819
3058,494,round_start,0,1,T_2f7c4a6e,0,0,0,1820
3059,494,round_start,553.62,2,T_967fa57b,0,3,0,1820
3060,494,round_start,0,1,T_2f7c4a6e,0,0,0,1821
3061,494,round_start,0,1,T_2f7c4a6e,0,0,0,1822
3062,494,round_start,0,1,T_8c03018b,0,0,0,1823
3063,494,round_start,186.47,2,T_8c03018b,1,0,2,1823
3064,494,round_start,420.5,3,T_8c03018b,2,0,1,1823
3065,494,round_start,0,1,T_8c03018b,0,0,2,1825
3066,494,round_start,229.79,2,T_8c03018b,1,0,1,1825
3067,494,round_start,539.07,3,T_8c03018b,2,0,0,1825
3068,495,round_start,0,1,T_8c03018b,0,0,1,1826
3069,495,round_start,280.79,2,T_8c03018b,1,0,0,1826
3070,495,round_start,503.01,3,T_8c03018b,2,0,2,1826
3071,495,round_start,0,1,T_b7e00eb0,0,0,0,1827
3072,495,round_start,408.21,2,T_b92f091c,0,3,0,1827
3073,496,round_start,0,1,T_8c03018b,0,0,2,1828
3074,496,round_start,300.13,2,T_8c03018b,0,1,1,1828
3075,496,round_start,646.19,3,T_8c03018b,0,2,0,1828
3076,496,round_start,0,1,T_a02bf5e9,0,0,0,1829
3077,496,round_start,400.05,2,T_5568bd9d,0,3,0,1829
3078,496,round_start,0,1,T_a02bf5e9,0,0,0,1830
3079,496,round_start,0,1,T_a02bf5e9,0,0,0,1831
3080,496,round_start,267.1,2,T_5568bd9d,0,3,0,1831
3081,496,round_start,0,1,T_a02bf5e9,0,0,0,1832
3082,496,round_start,0,1,T_8c03018b,0,0,1,1833
3083,496,round_start,190.13,2,T_8c03018b,1,0,2,1833
3084,496,round_start,382.36,3,T_8c03018b,2,0,0,1833
3088,495,round_start,0,1,T_b7e00eb0,0,0,0,1836
3089,501,round_start,0,1,T_8c03018b,0,0,1,1837
3090,501,round_start,173.87,2,T_8c03018b,1,0,2,1837
3091,501,round_start,342.04,3,T_8c03018b,1,1,0,1837
3092,501,round_start,0,1,T_19b74e55,0,0,0,1838
3093,501,round_start,357.58,2,T_967fa57b,0,3,0,1838
3094,501,round_start,0,1,T_19b74e55,0,0,0,1839
3095,501,round_start,240.04,2,T_967fa57b,0,3,0,1839
3096,501,round_start,0,1,T_19b74e55,0,0,0,1840
3097,501,round_start,0,1,T_19b74e55,0,0,0,1841
3098,501,round_start,0,1,T_8c03018b,0,0,1,1842
3099,501,round_start,299.12,2,T_8c03018b,0,1,0,1842
3100,501,round_start,600.5,3,T_8c03018b,1,1,2,1842
3101,501,round_start,0,1,T_19b74e55,0,0,0,1843
3113,503,round_start,0,1,T_a02bf5e9,0,0,0,1850
3114,503,round_start,480.18,2,T_f5419237,0,3,0,1850
3115,503,round_start,0,1,T_a02bf5e9,0,0,0,1851
3119,504,round_start,0,1,T_a02bf5e9,0,0,0,1853
3120,504,round_start,513.72,2,T_5568bd9d,0,3,0,1853
3121,504,round_start,0,1,T_a02bf5e9,0,0,0,1854
3122,504,round_start,497.06,2,T_5568bd9d,0,3,0,1854
3127,503,round_start,0,1,T_a02bf5e9,0,0,0,1858
3128,503,round_start,509.78,2,T_f5419237,0,3,0,1858
3129,505,round_start,0,1,T_a02bf5e9,0,0,0,1859
3130,505,round_start,173.52,2,T_a02bf5e9,0,1,1,1859
3131,505,round_start,478.61,3,T_a02bf5e9,0,2,2,1859
3132,505,round_start,0,1,T_a02bf5e9,0,0,0,1860
3133,505,round_start,0,1,T_a02bf5e9,0,0,0,1861
3134,505,round_start,0,1,T_a02bf5e9,0,0,1,1864
3135,505,round_start,336.15,2,T_a02bf5e9,0,1,0,1864
3136,505,round_start,539.73,3,T_a02bf5e9,0,2,2,1864
3137,506,round_start,0,1,T_a02bf5e9,0,0,2,1865
3138,506,round_start,271.35,2,T_a02bf5e9,1,0,0,1865
3139,506,round_start,565.55,3,T_a02bf5e9,2,0,1,1865
3149,507,round_start,0,1,T_a02bf5e9,0,0,0,1870
3150,507,round_start,0,1,T_a02bf5e9,0,0,0,1871
3151,507,round_start,319.64,2,T_5568bd9d,0,3,0,1871
3152,507,round_start,0,1,T_a02bf5e9,0,0,0,1872
3165,507,round_start,0,1,T_8c03018b,0,0,1,1879
3166,507,round_start,166.55,2,T_8c03018b,1,0,2,1879
3167,507,round_start,495.05,3,T_8c03018b,2,0,0,1879
3168,505,round_start,0,1,T_a02bf5e9,0,0,0,1881
3169,505,round_start,247.99,2,T_f5419237,0,3,0,1881
3170,509,round_start,0,1,T_8c03018b,0,0,2,1882
3171,509,round_start,289.89,2,T_8c03018b,0,1,1,1882
3172,509,round_start,601.73,3,T_8c03018b,0,2,0,1882
3176,509,round_start,0,1,T_a02bf5e9,0,0,0,1885
3201,514,round_start,0,1,T_a02bf5e9,0,0,0,1901
3204,514,round_start,0,1,T_a02bf5e9,0,0,0,1903
3207,515,round_start,0,1,T_8c03018b,0,0,1,1905
3208,515,round_start,211.2,2,T_8c03018b,0,1,2,1905
3209,515,round_start,413.07,3,T_8c03018b,1,1,0,1905
3212,515,round_start,0,1,T_ff796947,0,0,0,1907
3216,515,round_start,0,1,T_ff796947,0,0,0,1910
3217,515,round_start,421.17,2,T_9c178995,0,3,0,1910
3218,515,round_start,0,1,T_8c03018b,0,0,1,1911
3219,515,round_start,273.27,2,T_8c03018b,0,1,2,1911
3220,515,round_start,487.06,3,T_8c03018b,0,2,0,1911
3221,516,round_start,0,1,T_8c03018b,0,0,2,1912
3222,516,round_start,233.56,2,T_8c03018b,1,0,1,1912
3223,516,round_start,532.49,3,T_8c03018b,1,1,0,1912
3230,516,round_start,0,1,T_8c03018b,0,0,2,1917
3231,516,round_start,344.78,2,T_8c03018b,1,0,0,1917
3232,516,round_start,657.8,3,T_8c03018b,2,0,1,1917
3233,516,round_start,0,1,T_a02bf5e9,0,0,0,1918
3234,516,round_start,529.19,2,T_5568bd9d,0,3,0,1918
3235,517,round_start,0,1,T_8c03018b,0,0,2,1919
3236,517,round_start,290.37,2,T_8c03018b,1,0,1,1919
3237,517,round_start,601.17,3,T_8c03018b,2,0,0,1919
3238,517,round_start,0,1,T_a02bf5e9,0,0,0,1920
3239,517,round_start,309.21,2,T_5568bd9d,0,3,0,1920
3240,517,round_start,866.08,3,T_5568bd9d,3,3,0,1920
3241,517,round_start,0,1,T_a02bf5e9,0,0,0,1921
3242,517,round_start,0,1,T_a02bf5e9,0,0,0,1922
3243,517,round_start,261.74,2,T_5568bd9d,0,3,0,1922
3244,517,round_start,0,1,T_a02bf5e9,0,0,0,1923
3248,518,round_start,0,1,T_8c03018b,0,0,0,1925
3249,518,round_start,278.26,2,T_8c03018b,1,0,2,1925
3250,518,round_start,529.3,3,T_8c03018b,1,1,1,1925
3251,518,round_start,0,1,T_a02bf5e9,0,0,0,1926
3252,518,round_start,331.74,2,T_5568bd9d,0,3,0,1926
3253,518,round_start,0,1,T_a02bf5e9,0,0,0,1927
3257,518,round_start,0,1,T_8c03018b,0,0,2,1930
3258,518,round_start,306.2,2,T_8c03018b,1,0,0,1930
3259,518,round_start,596.71,3,T_8c03018b,1,1,1,1930
3260,519,round_start,0,1,T_8c03018b,0,0,0,1931
3261,519,round_start,167.08,2,T_8c03018b,0,1,1,1931
3262,519,round_start,388.71,3,T_8c03018b,1,1,2,1931
3268,519,round_start,0,1,T_a02bf5e9,0,0,0,1935
3269,519,round_start,0,1,T_a02bf5e9,0,0,0,1936
3275,519,round_start,0,1,T_a02bf5e9,0,0,0,1939
3276,519,round_start,492.84,2,T_5568bd9d,0,3,0,1939
3277,522,round_start,0,1,T_8c03018b,0,0,2,1942
3278,522,round_start,223.82,2,T_8c03018b,1,0,1,1942
3279,522,round_start,524.65,3,T_8c03018b,1,1,0,1942
3280,522,round_start,0,1,T_a02bf5e9,0,0,0,1943
3281,522,round_start,266.7,2,T_5568bd9d,0,3,0,1943
3282,522,round_start,0,1,T_a02bf5e9,0,0,0,1944
3283,522,round_start,0,1,T_a02bf5e9,0,0,0,1945
3284,522,round_start,240.04,2,T_5568bd9d,0,3,0,1945
3285,522,round_start,0,1,T_a02bf5e9,0,0,0,1947
3308,528,round_start,0,1,T_a02bf5e9,0,0,0,1964
3309,528,round_start,0,1,T_a02bf5e9,0,0,0,1965
3310,528,round_start,500.23,2,T_5568bd9d,0,3,0,1965
3312,528,round_start,0,1,T_8c03018b,0,0,0,1967
3313,528,round_start,320.03,2,T_8c03018b,0,1,2,1967
3314,528,round_start,504.17,3,T_8c03018b,0,2,1,1967
3326,531,round_start,0,1,T_8c03018b,0,0,1,1978
3327,531,round_start,210.78,2,T_8c03018b,1,0,0,1978
3328,531,round_start,406.02,3,T_8c03018b,2,0,2,1978
3294,524,round_start,0,1,T_a02bf5e9,0,0,0,1955
3295,524,round_start,394.37,2,T_5568bd9d,0,3,0,1955
3315,528,round_start,0,1,T_a02bf5e9,0,0,0,1968
3316,528,round_start,485.44,2,T_5568bd9d,0,3,0,1968
3289,522,round_start,0,1,T_a02bf5e9,0,0,0,1949
3290,522,round_start,251.8,2,T_5568bd9d,0,3,0,1949
3299,524,round_start,0,1,T_a02bf5e9,0,0,0,1958
3303,528,round_start,0,1,T_8c03018b,0,0,2,1961
3304,528,round_start,272.11,2,T_8c03018b,1,0,1,1961
3305,528,round_start,613.49,3,T_8c03018b,1,1,0,1961
3317,531,round_start,0,1,T_8c03018b,0,0,0,1971
3318,531,round_start,309.39,2,T_8c03018b,0,1,1,1971
3319,531,round_start,647.47,3,T_8c03018b,1,1,2,1971
3291,524,round_start,0,1,T_8c03018b,0,0,1,1951
3292,524,round_start,298.95,2,T_8c03018b,0,1,0,1951
3293,524,round_start,500.95,3,T_8c03018b,0,2,2,1951
3296,524,round_start,0,1,T_a02bf5e9,0,0,0,1956
3297,524,round_start,0,1,T_a02bf5e9,0,0,0,1957
3298,524,round_start,439.28,2,T_5568bd9d,0,3,0,1957
3300,524,round_start,0,1,T_8c03018b,0,0,1,1959
3301,524,round_start,308.16,2,T_8c03018b,1,0,2,1959
3302,524,round_start,605.41,3,T_8c03018b,2,0,0,1959
3306,528,round_start,0,1,T_a02bf5e9,0,0,0,1963
3307,528,round_start,416.12,2,T_5568bd9d,0,3,0,1963
3311,528,round_start,0,1,T_a02bf5e9,0,0,0,1966
3325,531,round_start,0,1,T_a02bf5e9,0,0,0,1977
3337,533,round_start,0,1,T_4f35040a,0,0,2,1982
3338,533,round_start,249.29,2,T_4f35040a,0,1,0,1982
3339,533,round_start,517.46,3,T_4f35040a,0,2,1,1982
3346,534,round_start,0,1,T_8c03018b,0,0,0,1987
3347,534,round_start,241.37,2,T_8c03018b,1,0,2,1987
3348,534,round_start,439.22,3,T_8c03018b,2,0,1,1987
3349,534,round_start,0,1,T_27954ae0,0,0,0,1989
3350,534,round_start,500.32,2,T_f638bd92,0,3,0,1989
3354,534,round_start,0,1,T_27954ae0,0,0,0,1992
3355,535,round_start,0,1,T_27954ae0,0,0,0,1993
3356,535,round_start,500.32,2,T_f638bd92,0,3,0,1993
3357,535,round_start,0,1,T_27954ae0,0,0,0,1994
3358,535,round_start,0,1,T_27954ae0,0,0,0,1995
3359,535,round_start,449.13,2,T_f638bd92,0,3,0,1995
3360,535,round_start,0,1,T_27954ae0,0,0,0,1996
3361,535,round_start,0,1,T_8c03018b,0,0,0,1997
3362,535,round_start,241.37,2,T_8c03018b,1,0,2,1997
3363,535,round_start,439.22,3,T_8c03018b,2,0,1,1997
3364,536,round_start,0,1,T_8c03018b,0,0,1,1998
3365,536,round_start,356.54,2,T_8c03018b,1,0,0,1998
3366,536,round_start,568.5,3,T_8c03018b,1,1,2,1998
3367,536,round_start,0,1,T_a02bf5e9,0,0,0,1999
3368,536,round_start,245.19,2,T_5568bd9d,0,3,0,1999
3369,536,round_start,0,1,T_a02bf5e9,0,0,0,2000
3370,536,round_start,413.13,2,T_5568bd9d,0,3,0,2000
3383,537,round_start,0,1,T_a02bf5e9,0,0,0,2007
3384,537,round_start,491.21,2,T_5568bd9d,0,3,0,2007
3386,537,round_start,0,1,T_a02bf5e9,0,0,0,2009
3387,538,round_start,0,1,T_8c03018b,0,0,0,2010
3388,538,round_start,278.73,2,T_8c03018b,1,0,1,2010
3389,538,round_start,546.31,3,T_8c03018b,2,0,2,2010
3390,538,round_start,0,1,T_798ede5f,0,0,0,2011
3391,538,round_start,499,2,T_55d8644d,0,3,0,2011
3392,538,round_start,0,1,T_798ede5f,0,0,0,2012
3393,538,round_start,0,1,T_798ede5f,0,0,0,2013
3394,538,round_start,421.23,2,T_55d8644d,0,3,0,2013
3395,538,round_start,0,1,T_798ede5f,0,0,0,2014
3396,538,round_start,0,1,T_8c03018b,0,0,1,2015
3397,538,round_start,328.58,2,T_8c03018b,0,1,0,2015
3398,538,round_start,594.81,3,T_8c03018b,0,2,2,2015
3399,539,round_start,0,1,T_8c03018b,0,0,0,2016
3400,539,round_start,167.91,2,T_8c03018b,0,1,1,2016
3401,539,round_start,323.78,3,T_8c03018b,1,1,2,2016
3402,539,round_start,0,1,T_a02bf5e9,0,0,0,2017
3403,539,round_start,503.46,2,T_4408f908,0,3,0,2017
3404,539,round_start,0,1,T_a02bf5e9,0,0,0,2018
3405,539,round_start,262.38,2,T_4408f908,0,3,0,2018
3424,542,round_start,0,1,T_a02bf5e9,0,0,0,2028
3425,542,round_start,390.13,2,T_5568bd9d,0,3,0,2028
3432,542,round_start,0,1,T_a02bf5e9,0,0,0,2031
3433,542,round_start,519.33,2,T_5568bd9d,0,3,0,2031
3437,542,round_start,0,1,T_a02bf5e9,0,0,0,2033
3438,543,round_start,0,1,T_a02bf5e9,0,0,2,2034
3439,543,round_start,219.47,2,T_a02bf5e9,1,0,0,2034
3440,543,round_start,469.37,3,T_a02bf5e9,2,0,1,2034
3434,542,round_start,0,1,T_a02bf5e9,0,0,1,2032
3435,542,round_start,239.88,2,T_a02bf5e9,0,1,0,2032
3436,542,round_start,530.9,3,T_a02bf5e9,0,2,2,2032
3441,543,round_start,0,1,T_a02bf5e9,0,0,0,2035
3442,543,round_start,418.94,2,T_5568bd9d,0,3,0,2035
3443,543,round_start,0,1,T_a02bf5e9,0,0,0,2036
3444,543,round_start,390.17,2,T_5568bd9d,0,3,0,2036
3458,544,round_start,0,1,T_a02bf5e9,0,0,1,2042
3459,544,round_start,266.97,2,T_a02bf5e9,0,1,2,2042
3460,544,round_start,528.29,3,T_a02bf5e9,1,1,0,2042
3461,544,round_start,0,1,T_a02bf5e9,0,0,0,2043
3462,544,round_start,395.15,2,T_5568bd9d,0,3,0,2043
3463,544,round_start,0,1,T_a02bf5e9,0,0,0,2044
3464,544,round_start,0,1,T_a02bf5e9,0,0,0,2045
3465,544,round_start,0,1,T_a02bf5e9,0,0,2,2046
3466,544,round_start,200.34,2,T_a02bf5e9,0,1,1,2046
3467,544,round_start,441.24,3,T_a02bf5e9,1,1,0,2046
3468,545,round_start,0,1,T_a02bf5e9,0,0,0,2047
3469,545,round_start,0,1,T_a02bf5e9,0,0,0,2048
3470,545,round_start,551.46,2,T_5568bd9d,0,3,0,2048
3471,545,round_start,0,1,T_a02bf5e9,0,0,0,2049
3472,545,round_start,0,1,T_a02bf5e9,0,0,0,2050
3473,545,round_start,432.66,2,T_5568bd9d,0,3,0,2050
3474,545,round_start,0,1,T_8c03018b,0,0,0,2051
3475,545,round_start,196.87,2,T_8c03018b,0,1,1,2051
3476,545,round_start,500.57,3,T_8c03018b,0,2,2,2051
3477,547,round_start,0,1,T_a02bf5e9,0,0,2,2052
3478,547,round_start,209.74,2,T_a02bf5e9,0,1,0,2052
3479,547,round_start,583.33,3,T_a02bf5e9,1,1,1,2052
3480,547,round_start,0,1,T_a02bf5e9,0,0,0,2053
3481,547,round_start,240.04,2,T_5568bd9d,0,3,0,2053
3482,547,round_start,0,1,T_a02bf5e9,0,0,0,2054
3483,547,round_start,0,1,T_a02bf5e9,0,0,0,2055
3484,547,round_start,502.02,2,T_5568bd9d,0,3,0,2055
3485,547,round_start,0,1,T_a02bf5e9,0,0,0,2056
3486,548,round_start,0,1,T_8c03018b,0,0,1,2057
3487,548,round_start,239.43,2,T_8c03018b,1,0,0,2057
3488,548,round_start,508,3,T_8c03018b,1,1,2,2057
3489,548,round_start,0,1,T_a02bf5e9,0,0,0,2058
3490,548,round_start,418.85,2,T_5568bd9d,0,3,0,2058
3491,548,round_start,0,1,T_a02bf5e9,0,0,0,2059
3492,548,round_start,363.76,2,T_5568bd9d,0,3,0,2059
3493,548,round_start,0,1,T_a02bf5e9,0,0,0,2060
3494,548,round_start,0,1,T_a02bf5e9,0,0,0,2061
3495,548,round_start,0,1,T_8c03018b,0,0,2,2062
3496,548,round_start,176.72,2,T_8c03018b,0,1,0,2062
3497,548,round_start,475.11,3,T_8c03018b,0,2,1,2062
3498,548,round_start,0,1,T_a02bf5e9,0,0,0,2063
3499,547,round_start,0,1,T_a02bf5e9,0,0,2,2064
3500,547,round_start,231.84,2,T_a02bf5e9,0,1,0,2064
3501,547,round_start,450.38,3,T_a02bf5e9,1,1,1,2064
3502,549,round_start,0,1,T_8c03018b,0,0,1,2065
3503,549,round_start,275.43,2,T_8c03018b,1,0,0,2065
3504,549,round_start,598.11,3,T_8c03018b,2,0,2,2065
3505,549,round_start,0,1,T_a02bf5e9,0,0,0,2066
3506,549,round_start,417.52,2,T_5568bd9d,0,3,0,2066
3507,549,round_start,0,1,T_a02bf5e9,0,0,0,2067
3508,549,round_start,0,1,T_a02bf5e9,0,0,0,2068
3509,549,round_start,531.62,2,T_5568bd9d,0,3,0,2068
3510,549,round_start,0,1,T_a02bf5e9,0,0,0,2069
3516,551,round_start,0,1,T_a02bf5e9,0,0,0,2072
3517,551,round_start,501.45,2,T_5568bd9d,0,3,0,2072
3518,551,round_start,0,1,T_a02bf5e9,0,0,0,2073
3519,551,round_start,0,1,T_a02bf5e9,0,0,0,2074
3520,551,round_start,0,1,T_a02bf5e9,0,0,1,2075
3521,551,round_start,193.64,2,T_a02bf5e9,0,1,0,2075
3522,551,round_start,366.49,3,T_a02bf5e9,1,1,2,2075
3527,553,round_start,0,1,T_64eed5e7,0,0,0,2077
3530,554,round_start,0,1,T_a02bf5e9,0,0,0,2079
3531,554,round_start,244.22,2,T_a02bf5e9,0,1,2,2079
3534,554,round_start,0,1,T_a02bf5e9,0,0,0,2081
3535,554,round_start,491.54,2,T_5568bd9d,0,3,0,2081
3536,554,round_start,957.14,3,T_a02bf5e9,3,3,0,2081
3543,556,round_start,0,1,T_8c03018b,0,0,2,2087
3544,556,round_start,185.06,2,T_8c03018b,0,1,0,2087
3545,556,round_start,354.38,3,T_8c03018b,0,2,1,2087
3546,556,round_start,0,1,T_8f736da5,0,0,0,2088
3547,556,round_start,368.06,2,T_a3408080,0,3,0,2088
3548,556,round_start,0,1,T_8f736da5,0,0,0,2089
3551,556,round_start,0,1,T_8f736da5,0,0,0,2091
3574,564,round_start,0,1,T_bfd8a0de,0,0,0,2106
3575,564,round_start,455.51,2,T_e50ebbc3,0,3,0,2106
3578,565,round_start,0,1,T_b61ee4a9,0,0,0,2108
3579,565,round_start,247.27,2,T_b61ee4a9,1,0,1,2108
3580,565,round_start,454.64,3,T_b61ee4a9,2,0,2,2108
3586,565,round_start,0,1,T_b61ee4a9,0,0,0,2112
3587,565,round_start,476.29,2,T_122ad7b6,0,3,0,2112
3595,566,round_start,0,1,T_a02bf5e9,0,0,0,2117
3596,566,round_start,265.9,2,T_5568bd9d,0,3,0,2117
3599,566,round_start,0,1,T_a02bf5e9,0,0,0,2119
3600,566,round_start,0,1,T_a02bf5e9,0,0,0,2120
3601,566,round_start,0,1,T_8c03018b,0,0,1,2121
3602,566,round_start,343.6,2,T_8c03018b,1,0,2,2121
3603,566,round_start,618.87,3,T_8c03018b,1,1,0,2121
3604,567,round_start,0,1,T_8c03018b,0,0,0,2122
3605,567,round_start,306.18,2,T_8c03018b,1,0,2,2122
3606,567,round_start,564.71,3,T_8c03018b,2,0,1,2122
3607,567,round_start,0,1,T_a02bf5e9,0,0,0,2123
3608,567,round_start,265.9,2,T_5568bd9d,0,3,0,2123
3609,567,round_start,0,1,T_a02bf5e9,0,0,0,2124
3610,567,round_start,390.14,2,T_5568bd9d,0,3,0,2124
3611,567,round_start,0,1,T_a02bf5e9,0,0,0,2125
3612,567,round_start,0,1,T_a02bf5e9,0,0,0,2126
3613,567,round_start,0,1,T_8c03018b,0,0,1,2127
3614,567,round_start,343.6,2,T_8c03018b,1,0,2,2127
3615,567,round_start,618.87,3,T_8c03018b,1,1,0,2127
3616,568,round_start,0,1,T_a02bf5e9,0,0,0,2128
3617,568,round_start,480.19,2,T_5568bd9d,0,2,0,2128
3618,568,round_start,0,1,T_a02bf5e9,0,0,0,2129
3619,568,round_start,287.57,2,T_5568bd9d,0,0,0,2129
3620,568,round_start,0,1,T_a02bf5e9,0,0,1,2131
3621,568,round_start,287.29,2,T_a02bf5e9,1,0,2,2131
3622,568,round_start,517.75,3,T_a02bf5e9,1,1,0,2131
3623,568,round_start,682.7,4,T_a02bf5e9,2,1,1,2131
3624,568,round_start,0,1,T_a02bf5e9,0,0,0,2136
3625,568,round_start,428,2,T_5568bd9d,0,3,0,2136
3626,568,round_start,733.25,3,T_a02bf5e9,3,3,0,2136
3627,568,round_start,793.22,4,T_5568bd9d,3,3,0,2136
3628,568,round_start,0,1,T_a02bf5e9,0,0,2,2139
3629,568,round_start,208.04,2,T_a02bf5e9,1,0,0,2139
3630,568,round_start,456.12,3,T_a02bf5e9,2,0,1,2139
3631,570,round_start,0,1,T_8c03018b,0,0,2,2140
3632,570,round_start,257.42,2,T_8c03018b,0,1,1,2140
3633,570,round_start,594,3,T_8c03018b,0,2,0,2140
3634,570,round_start,0,1,T_a02bf5e9,0,0,0,2141
3635,570,round_start,240.04,2,T_5568bd9d,0,3,0,2141
3636,570,round_start,0,1,T_a02bf5e9,0,0,0,2142
3637,570,round_start,324.23,2,T_5568bd9d,0,3,0,2142
3638,570,round_start,0,1,T_a02bf5e9,0,0,0,2143
3639,570,round_start,0,1,T_a02bf5e9,0,0,0,2144
3640,571,round_start,0,1,T_8c03018b,0,0,1,2145
3641,571,round_start,233.35,2,T_8c03018b,1,0,0,2145
3642,571,round_start,487.53,3,T_8c03018b,1,1,2,2145
3643,571,round_start,0,1,T_468d0ba3,0,0,0,2146
3644,571,round_start,444.71,2,T_a3408080,0,3,0,2146
3645,571,round_start,0,1,T_468d0ba3,0,0,0,2147
3646,571,round_start,0,1,T_468d0ba3,0,0,0,2148
3647,571,round_start,480.2,2,T_a3408080,0,3,0,2148
3648,571,round_start,0,1,T_468d0ba3,0,0,0,2149
3658,574,round_start,0,1,T_a02bf5e9,0,0,1,2156
3659,574,round_start,323.04,2,T_a02bf5e9,0,1,0,2156
3660,574,round_start,566.98,3,T_a02bf5e9,0,2,2,2156
3663,574,round_start,0,1,T_a02bf5e9,0,0,0,2158
3665,574,round_start,0,1,T_a02bf5e9,0,0,0,2161
3666,574,round_start,248.7,2,T_5568bd9d,0,3,0,2161
3667,574,round_start,0,1,T_a02bf5e9,0,0,0,2162
3668,574,round_start,245.53,2,T_a02bf5e9,1,0,2,2162
3669,574,round_start,568.77,3,T_a02bf5e9,2,0,1,2162
3673,575,round_start,0,1,T_8c03018b,0,0,2,2164
3674,575,round_start,290.44,2,T_8c03018b,0,1,0,2164
3675,575,round_start,630.87,3,T_8c03018b,1,1,1,2164
3676,575,round_start,0,1,T_74715018,0,0,0,2165
3677,575,round_start,0,1,T_74715018,0,0,0,2166
3687,576,round_start,0,1,T_c911d9a8,0,0,0,2172
3688,576,round_start,504.69,2,T_6693c46d,0,3,0,2172
3689,576,round_start,0,1,T_8c03018b,0,0,1,2173
3690,576,round_start,171.03,2,T_8c03018b,1,0,2,2173
3691,576,round_start,491.72,3,T_8c03018b,2,0,0,2173
3692,577,round_start,0,1,T_9132db8b,0,0,2,2174
3693,577,round_start,213.21,2,T_9132db8b,1,0,0,2174
3694,577,round_start,389.76,3,T_9132db8b,2,0,1,2174
3695,577,round_start,0,1,T_9132db8b,0,0,0,2175
3696,577,round_start,428.06,2,T_afa0a505,0,3,0,2175
3697,577,round_start,0,1,T_9132db8b,0,0,0,2176
3698,577,round_start,0,1,T_9132db8b,0,0,0,2177
3699,577,round_start,252.91,2,T_afa0a505,0,3,0,2177
3700,577,round_start,0,1,T_9132db8b,0,0,0,2178
3701,577,round_start,0,1,T_9132db8b,0,0,2,2179
3702,577,round_start,203.53,2,T_9132db8b,0,1,1,2179
3703,577,round_start,488.91,3,T_9132db8b,0,2,0,2179
3704,578,round_start,0,1,T_8c03018b,0,0,0,2180
3705,578,round_start,324.08,2,T_8c03018b,1,0,1,2180
3706,578,round_start,489.07,3,T_8c03018b,2,0,2,2180
3707,578,round_start,0,1,T_a02bf5e9,0,0,0,2181
3708,578,round_start,410.66,2,T_5568bd9d,0,3,0,2181
3709,578,round_start,0,1,T_a02bf5e9,0,0,0,2182
3710,578,round_start,485.22,2,T_5568bd9d,0,3,0,2182
3711,578,round_start,0,1,T_a02bf5e9,0,0,0,2183
3712,578,round_start,0,1,T_a02bf5e9,0,0,0,2184
3713,578,round_start,0,1,T_8c03018b,0,0,1,2185
3714,578,round_start,275.29,2,T_8c03018b,1,0,2,2185
3715,578,round_start,587.89,3,T_8c03018b,2,0,0,2185
3716,580,round_start,0,1,T_8c03018b,0,0,2,2186
3717,580,round_start,299.65,2,T_8c03018b,0,1,0,2186
3718,580,round_start,561.22,3,T_8c03018b,0,2,1,2186
3719,580,round_start,0,1,T_a02bf5e9,0,0,0,2187
3720,580,round_start,405.02,2,T_5568bd9d,0,3,0,2187
3721,580,round_start,0,1,T_a02bf5e9,0,0,0,2188
3722,580,round_start,418.23,2,T_5568bd9d,0,3,0,2188
3723,580,round_start,0,1,T_a02bf5e9,0,0,0,2189
3724,580,round_start,0,1,T_a02bf5e9,0,0,0,2190
3725,580,round_start,0,1,T_8c03018b,0,0,1,2191
3726,580,round_start,345.76,2,T_8c03018b,1,0,2,2191
3727,580,round_start,605.51,3,T_8c03018b,2,0,0,2191
3728,581,round_start,0,1,T_3e0bb6bb,0,0,2,2192
3729,581,round_start,207.02,2,T_3e0bb6bb,1,0,0,2192
3730,581,round_start,395.94,3,T_3e0bb6bb,2,0,1,2192
3731,581,round_start,0,1,T_3e0bb6bb,0,0,0,2193
3732,581,round_start,240.04,2,T_e850f535,0,3,0,2193
3733,581,round_start,0,1,T_3e0bb6bb,0,0,0,2194
3734,581,round_start,0,1,T_3e0bb6bb,0,0,0,2195
3735,581,round_start,327.29,2,T_e850f535,0,3,0,2195
3736,581,round_start,0,1,T_3e0bb6bb,0,0,0,2196
3737,582,round_start,0,1,T_8c03018b,0,0,0,2197
3738,582,round_start,395.54,2,T_8c03018b,1,0,2,2197
3739,582,round_start,633.53,3,T_8c03018b,2,0,1,2197
3740,582,round_start,0,1,T_a02bf5e9,0,0,0,2198
3741,582,round_start,410.15,2,T_5568bd9d,0,3,0,2198
3742,582,round_start,0,1,T_a02bf5e9,0,0,0,2199
3743,582,round_start,251.85,2,T_5568bd9d,0,3,0,2199
3744,582,round_start,0,1,T_a02bf5e9,0,0,0,2200
3745,582,round_start,0,1,T_a02bf5e9,0,0,0,2201
3766,533,round_start,0,1,T_6f1da461,0,0,0,2241
3767,533,round_start,434.15,2,T_7626c8fd,0,3,0,2241
3768,533,round_start,0,1,T_6f1da461,0,0,0,2242
3770,533,round_start,0,1,T_6f1da461,0,0,0,2244
3771,533,round_start,400.81,2,T_7626c8fd,0,3,0,2244
3772,533,round_start,0,1,T_8c03018b,0,0,1,2245
3773,533,round_start,336.93,2,T_8c03018b,1,0,2,2245
3774,533,round_start,507.63,3,T_8c03018b,1,1,0,2245
3782,608,round_start,0,1,T_8c03018b,0,0,1,2250
3783,608,round_start,336.93,2,T_8c03018b,1,0,2,2250
3784,608,round_start,507.63,3,T_8c03018b,1,1,0,2250
3785,608,round_start,0,1,T_6f1da461,0,0,0,2251
3786,608,round_start,0,1,T_6f1da461,0,0,0,2252
3787,608,round_start,400.81,2,T_7626c8fd,0,3,0,2252
3788,608,round_start,0,1,T_6f1da461,0,0,0,2253
3789,608,round_start,434.15,2,T_7626c8fd,0,3,0,2253
3790,608,round_start,0,1,T_8c03018b,0,0,1,2254
3791,608,round_start,191.75,2,T_8c03018b,0,1,0,2254
3792,608,round_start,369.45,3,T_8c03018b,0,2,2,2254
3793,608,round_start,0,1,T_6f1da461,0,0,0,2255
3794,609,round_start,0,1,T_8c03018b,0,0,2,2256
3795,609,round_start,195.09,2,T_8c03018b,1,0,1,2256
3796,609,round_start,459.97,3,T_8c03018b,1,1,0,2256
3797,609,round_start,0,1,T_a02bf5e9,0,0,0,2257
3798,609,round_start,406.06,2,T_5568bd9d,0,3,0,2257
3799,609,round_start,0,1,T_a02bf5e9,0,0,0,2258
3800,609,round_start,411.94,2,T_5568bd9d,0,3,0,2258
3801,609,round_start,0,1,T_a02bf5e9,0,0,0,2259
3802,609,round_start,0,1,T_a02bf5e9,0,0,0,2260
3803,609,round_start,513.95,2,T_5568bd9d,0,3,0,2260
3804,609,round_start,0,1,T_a02bf5e9,0,0,0,2261
3805,610,round_start,0,1,T_8c03018b,0,0,2,2262
3806,610,round_start,191.68,2,T_8c03018b,1,0,0,2262
3807,610,round_start,511.1,3,T_8c03018b,2,0,1,2262
3810,610,round_start,0,1,T_263e449b,0,0,0,2264
3819,613,round_start,0,1,T_a02bf5e9,0,0,0,2272
3820,613,round_start,254.44,2,T_5568bd9d,0,3,0,2272
3821,613,round_start,0,1,T_a02bf5e9,0,0,0,2273
3822,613,round_start,0,1,T_8c03018b,0,0,1,2274
3823,613,round_start,344.25,2,T_8c03018b,1,0,2,2274
3824,613,round_start,667.87,3,T_8c03018b,1,1,0,2274
3825,613,round_start,0,1,T_8c03018b,0,0,2,2275
3826,613,round_start,209.02,2,T_8c03018b,0,1,1,2275
3827,613,round_start,385.21,3,T_8c03018b,0,2,0,2275
3828,613,round_start,0,1,T_a02bf5e9,0,0,0,2276
3829,613,round_start,252.78,2,T_5568bd9d,0,3,0,2276
3830,615,round_start,0,1,T_8c03018b,0,0,0,2277
3831,615,round_start,312.17,2,T_8c03018b,0,1,1,2277
3832,615,round_start,621.15,3,T_8c03018b,0,2,2,2277
3833,615,round_start,0,1,T_a02bf5e9,0,0,0,2278
3834,615,round_start,432.76,2,T_5568bd9d,0,3,0,2278
3835,615,round_start,0,1,T_a02bf5e9,0,0,0,2279
3836,615,round_start,436.94,2,T_5568bd9d,0,3,0,2279
3837,615,round_start,0,1,T_a02bf5e9,0,0,0,2280
3838,615,round_start,0,1,T_a02bf5e9,0,0,0,2281
3839,615,round_start,0,1,T_8c03018b,0,0,2,2282
3840,615,round_start,333.94,2,T_8c03018b,1,0,0,2282
3841,615,round_start,663.16,3,T_8c03018b,1,1,1,2282
3842,616,round_start,0,1,T_8c03018b,0,0,0,2283
3843,616,round_start,297.38,2,T_8c03018b,0,1,2,2283
3844,616,round_start,544.03,3,T_8c03018b,1,1,1,2283
3845,616,round_start,0,1,T_a02bf5e9,0,0,0,2284
3846,616,round_start,486.93,2,T_5568bd9d,0,3,0,2284
3859,617,round_start,0,1,T_a02bf5e9,0,0,0,2291
3860,617,round_start,265.12,2,T_5568bd9d,0,3,0,2291
3861,617,round_start,0,1,T_a02bf5e9,0,0,0,2292
3862,617,round_start,0,1,T_a02bf5e9,0,0,0,2293
3863,617,round_start,0,1,T_8c03018b,0,0,2,2294
3864,617,round_start,192.21,2,T_8c03018b,1,0,0,2294
3865,617,round_start,399.19,3,T_8c03018b,2,0,1,2294
3881,619,round_start,0,1,T_8c03018b,0,0,1,2302
3882,619,round_start,319.44,2,T_8c03018b,0,1,0,2302
3883,619,round_start,478.57,3,T_8c03018b,1,1,2,2302
3884,619,round_start,0,1,T_e5823043,0,0,0,2303
3885,619,round_start,397,2,T_38191f4e,0,3,0,2303
3886,619,round_start,0,1,T_e5823043,0,0,0,2304
3887,619,round_start,0,1,T_e5823043,0,0,0,2305
3888,619,round_start,0,1,T_e5823043,0,0,0,2306
3889,619,round_start,0,1,T_e5823043,0,0,0,2307
3890,619,round_start,546.97,2,T_38191f4e,0,3,0,2307
3891,619,round_start,0,1,T_8c03018b,0,0,2,2308
3892,619,round_start,286.36,2,T_8c03018b,0,1,0,2308
3893,619,round_start,600.65,3,T_8c03018b,0,2,1,2308
3894,619,round_start,0,1,T_e5823043,0,0,0,2309
3895,620,round_start,0,1,T_8c03018b,0,0,1,2310
3896,620,round_start,197.59,2,T_8c03018b,1,0,2,2310
3897,620,round_start,466.03,3,T_8c03018b,2,0,0,2310
3898,621,round_start,0,1,T_8c03018b,0,0,1,2312
3899,621,round_start,206.41,2,T_8c03018b,1,0,2,2312
3900,621,round_start,429.82,3,T_8c03018b,2,0,0,2312
3901,621,round_start,0,1,T_342d2e4b,0,0,0,2313
3902,621,round_start,250.51,2,T_0cac1da9,0,3,0,2313
3903,621,round_start,0,1,T_342d2e4b,0,0,0,2316
3906,621,round_start,0,1,T_342d2e4b,0,0,0,2317
3907,621,round_start,508.3,2,T_0cac1da9,0,3,0,2317
3908,621,round_start,0,1,T_342d2e4b,0,0,0,2318
3909,621,round_start,0,1,T_342d2e4b,0,0,0,2320
3913,622,round_start,0,1,T_f65c9ba1,0,0,0,2322
3914,622,round_start,537.02,2,T_0cac1da9,0,3,0,2322
3915,622,round_start,0,1,T_f65c9ba1,0,0,0,2323
3916,622,round_start,0,1,T_f65c9ba1,0,0,0,2324
3917,622,round_start,0,1,T_f65c9ba1,0,0,0,2325
3918,622,round_start,390.21,2,T_0cac1da9,0,3,0,2325
3919,622,round_start,0,1,T_f65c9ba1,0,0,0,2326
3920,622,round_start,0,1,T_f65c9ba1,0,0,0,2327
3921,622,round_start,240.04,2,T_0cac1da9,0,3,0,2327
3922,620,round_start,0,1,T_a02bf5e9,0,0,0,2328
3923,620,round_start,487.81,2,T_5568bd9d,0,3,0,2328
3924,620,round_start,0,1,T_a02bf5e9,0,0,0,2329
3925,620,round_start,513.75,2,T_5568bd9d,0,3,0,2329
3926,620,round_start,0,1,T_a02bf5e9,0,0,0,2330
3927,620,round_start,0,1,T_a02bf5e9,0,0,0,2331
3928,623,round_start,0,1,T_a02bf5e9,0,0,2,2332
3929,623,round_start,290.34,2,T_a02bf5e9,0,1,0,2332
3930,623,round_start,470.41,3,T_a02bf5e9,0,2,1,2332
3931,623,round_start,0,1,T_a02bf5e9,0,0,0,2333
3932,623,round_start,245.66,2,T_5568bd9d,0,3,0,2333
3933,623,round_start,0,1,T_a02bf5e9,0,0,0,2334
3934,623,round_start,0,1,T_a02bf5e9,0,0,0,2335
3935,623,round_start,395.36,2,T_5568bd9d,0,3,0,2335
3936,623,round_start,0,1,T_a02bf5e9,0,0,0,2336
3937,623,round_start,0,1,T_a02bf5e9,0,0,0,2337
4004,629,round_start,0,1,T_8c03018b,0,0,2,2377
4005,629,round_start,289.1,2,T_8c03018b,1,0,1,2377
4006,629,round_start,566.16,3,T_8c03018b,1,1,0,2377
4007,629,round_start,0,1,T_a02bf5e9,0,0,0,2378
4008,629,round_start,468.75,2,T_5568bd9d,0,3,0,2378
4009,629,round_start,0,1,T_a02bf5e9,0,0,0,2379
4010,629,round_start,0,1,T_a02bf5e9,0,0,0,2380
4011,629,round_start,247.45,2,T_5568bd9d,0,3,0,2380
4012,629,round_start,0,1,T_a02bf5e9,0,0,0,2381
4022,632,round_start,0,1,T_8c03018b,0,0,1,2389
4023,632,round_start,257,2,T_8c03018b,0,1,2,2389
4024,632,round_start,551.17,3,T_8c03018b,0,2,0,2389
4025,632,round_start,0,1,T_3a99a4eb,0,0,0,2390
4026,632,round_start,266.91,2,T_b92f091c,0,3,0,2390
4027,632,round_start,0,1,T_3a99a4eb,0,0,0,2391
4028,632,round_start,517.29,2,T_b92f091c,0,3,0,2391
4029,632,round_start,0,1,T_3a99a4eb,0,0,0,2392
4030,632,round_start,0,1,T_3a99a4eb,0,0,0,2393
4031,632,round_start,0,1,T_8c03018b,0,0,0,2394
4032,632,round_start,278.89,2,T_8c03018b,0,1,2,2394
4033,632,round_start,468.74,3,T_8c03018b,0,2,1,2394
4034,632,round_start,0,1,T_3a99a4eb,0,0,0,2395
4037,641,round_start,0,1,T_8c03018b,0,0,0,2401
4038,641,round_start,318.8,2,T_8c03018b,1,0,1,2401
4039,641,round_start,547.54,3,T_8c03018b,1,1,2,2401
4040,641,round_start,0,1,T_b5608b55,0,0,0,2403
4041,641,round_start,0,1,T_b5608b55,0,0,0,2405
4047,642,round_start,0,1,T_8c03018b,0,0,1,2410
4048,642,round_start,309.17,2,T_8c03018b,1,0,2,2410
4049,642,round_start,467.3,3,T_8c03018b,2,0,0,2410
4050,642,round_start,0,1,T_a55c988b,0,0,0,2411
4051,642,round_start,494.87,2,T_0cac1da9,0,3,0,2411
4052,642,round_start,0,1,T_a55c988b,0,0,0,2412
4053,642,round_start,0,1,T_a55c988b,0,0,0,2413
4056,642,round_start,0,1,T_8c03018b,0,0,0,2415
4057,642,round_start,282.95,2,T_8c03018b,1,0,2,2415
4058,642,round_start,455.81,3,T_8c03018b,2,0,1,2415
4059,642,round_start,0,1,T_a55c988b,0,0,0,2416
4068,644,round_start,0,1,T_8c03018b,0,0,1,2421
4069,644,round_start,339.2,2,T_8c03018b,0,1,0,2421
4070,644,round_start,535.05,3,T_8c03018b,0,2,2,2421
4071,644,round_start,0,1,T_a02bf5e9,0,0,0,2422
4072,644,round_start,464.95,2,T_5568bd9d,0,3,0,2422
4073,644,round_start,0,1,T_a02bf5e9,0,0,0,2423
4074,644,round_start,0,1,T_a02bf5e9,0,0,0,2424
4075,644,round_start,312.08,2,T_5568bd9d,0,3,0,2424
4076,644,round_start,0,1,T_a02bf5e9,0,0,0,2425
4077,644,round_start,0,1,T_8c03018b,0,0,0,2426
4078,644,round_start,209.47,2,T_8c03018b,0,1,2,2426
4079,644,round_start,421.69,3,T_8c03018b,1,1,1,2426
4080,644,round_start,0,1,T_a02bf5e9,0,0,0,2427
4081,644,round_start,312.31,2,T_5568bd9d,0,3,0,2427
4082,644,round_start,0,1,T_a02bf5e9,0,0,0,2428
4083,644,round_start,312.31,2,T_5568bd9d,0,3,0,2428
4084,645,round_start,0,1,T_8c03018b,0,0,2,2429
4085,645,round_start,306.75,2,T_8c03018b,0,1,0,2429
4086,645,round_start,568.85,3,T_8c03018b,1,1,1,2429
4087,645,round_start,0,1,T_a02bf5e9,0,0,0,2430
4088,645,round_start,0,1,T_a02bf5e9,0,0,0,2431
4089,645,round_start,269.44,2,T_5568bd9d,0,3,0,2431
4090,645,round_start,0,1,T_a02bf5e9,0,0,0,2432
4091,645,round_start,240.04,2,T_5568bd9d,0,3,0,2432
4092,645,round_start,0,1,T_a02bf5e9,0,0,0,2433
4105,646,round_start,0,1,T_c9767fa7,0,0,0,2440
4106,650,round_start,0,1,T_a02bf5e9,0,0,1,2444
4107,650,round_start,211.64,2,T_a02bf5e9,0,1,2,2444
4108,650,round_start,403.54,3,T_a02bf5e9,0,2,0,2444
4109,651,round_start,0,1,T_6f1da461,0,0,0,2445
4110,651,round_start,434.15,2,T_0c568a57,0,3,0,2445
4111,650,round_start,0,1,T_a02bf5e9,0,0,0,2446
4112,650,round_start,305.73,2,T_5568bd9d,0,3,0,2446
4113,650,round_start,0,1,T_a02bf5e9,0,0,0,2447
4114,650,round_start,0,1,T_a02bf5e9,0,0,0,2448
4115,650,round_start,358.27,2,T_5568bd9d,0,3,0,2448
4122,652,round_start,0,1,T_a02bf5e9,0,0,0,2451
4123,652,round_start,465.85,2,T_5568bd9d,0,3,0,2451
4127,652,round_start,0,1,T_a02bf5e9,0,0,0,2454
4128,650,round_start,0,1,T_a02bf5e9,0,0,0,2455
4129,650,round_start,0,1,T_a02bf5e9,0,0,0,2456
4130,650,round_start,263,2,T_a02bf5e9,0,1,1,2456
4131,650,round_start,588.37,3,T_a02bf5e9,1,1,2,2456
4135,654,round_start,0,1,T_a55c988b,0,0,0,2458
4136,654,round_start,424.58,2,T_0cac1da9,0,3,0,2458
4137,654,round_start,0,1,T_a55c988b,0,0,0,2460
4138,654,round_start,0,1,T_a55c988b,0,0,0,2461
4139,654,round_start,240.04,2,T_0cac1da9,0,3,0,2461
4140,654,round_start,0,1,T_8c03018b,0,0,1,2462
4141,654,round_start,159.3,2,T_8c03018b,1,0,0,2462
4142,654,round_start,364.67,3,T_8c03018b,2,0,2,2462
4143,654,round_start,0,1,T_a55c988b,0,0,0,2463
4144,654,round_start,0,1,T_a55c988b,0,0,0,2465
4145,655,round_start,0,1,T_8c03018b,0,0,2,2466
4146,655,round_start,167.03,2,T_8c03018b,1,0,0,2466
4147,655,round_start,375.41,3,T_8c03018b,2,0,1,2466
4148,655,round_start,0,1,T_8c6b6c44,0,0,0,2467
4149,655,round_start,240.04,2,T_0cac1da9,0,3,0,2467
4150,655,round_start,0,1,T_8c6b6c44,0,0,0,2468
4151,655,round_start,0,1,T_8c6b6c44,0,0,0,2469
4152,655,round_start,0,1,T_8c6b6c44,0,0,0,2470
4153,655,round_start,240.04,2,T_0cac1da9,0,3,0,2470
4154,656,round_start,0,1,T_8c03018b,0,0,1,2471
4155,656,round_start,286.02,2,T_8c03018b,0,1,2,2471
4156,656,round_start,444.57,3,T_8c03018b,1,1,0,2471
4157,656,round_start,0,1,T_014a95e2,0,0,0,2472
4158,656,round_start,245.87,2,T_0cac1da9,0,3,0,2472
4159,656,round_start,0,1,T_014a95e2,0,0,0,2473
4160,656,round_start,0,1,T_014a95e2,0,0,0,2474
4161,656,round_start,0,1,T_014a95e2,0,0,0,2475
4162,656,round_start,646.84,2,T_0cac1da9,0,3,0,2475
4167,658,round_start,0,1,T_a02bf5e9,0,0,2,2478
4168,658,round_start,318.74,2,T_a02bf5e9,0,1,1,2478
4169,658,round_start,508.25,3,T_a02bf5e9,0,2,0,2478
4183,659,round_start,0,1,T_8c03018b,0,0,0,2489
4184,659,round_start,211.5,2,T_8c03018b,0,1,2,2489
4185,659,round_start,463.46,3,T_8c03018b,0,2,1,2489
4186,658,round_start,0,1,T_a02bf5e9,0,0,0,2490
4187,658,round_start,286.64,2,T_5568bd9d,0,3,0,2490
4191,660,round_start,0,1,T_a02bf5e9,0,0,0,2492
4192,660,round_start,480.22,2,T_5568bd9d,0,3,0,2492
4193,660,round_start,0,1,T_a02bf5e9,0,0,0,2493
4194,660,round_start,411.35,2,T_5568bd9d,0,3,0,2493
4195,660,round_start,0,1,T_a02bf5e9,0,0,0,2494
4197,658,round_start,0,1,T_a02bf5e9,0,0,1,2496
4198,658,round_start,238.44,2,T_a02bf5e9,1,0,2,2496
4199,658,round_start,449.92,3,T_a02bf5e9,1,1,0,2496
4200,658,round_start,0,1,T_a02bf5e9,0,0,0,2497
4201,658,round_start,280.2,2,T_5568bd9d,0,3,0,2497
4202,661,round_start,0,1,T_8c03018b,0,0,0,2498
4203,661,round_start,245.48,2,T_8c03018b,1,0,2,2498
4204,661,round_start,544,3,T_8c03018b,2,0,1,2498
4205,661,round_start,0,1,T_a02bf5e9,0,0,0,2499
4206,661,round_start,529.68,2,T_5568bd9d,0,3,0,2499
4207,661,round_start,0,1,T_a02bf5e9,0,0,0,2500
4208,661,round_start,0,1,T_a02bf5e9,0,0,0,2501
4209,661,round_start,401.25,2,T_5568bd9d,0,3,0,2501
4210,661,round_start,0,1,T_a02bf5e9,0,0,0,2502
4211,661,round_start,0,1,T_8c03018b,0,0,2,2503
4212,661,round_start,185.94,2,T_8c03018b,1,0,0,2503
4213,661,round_start,439.94,3,T_8c03018b,2,0,1,2503
4214,662,round_start,0,1,T_8c03018b,0,0,2,2504
4215,662,round_start,204.5,2,T_8c03018b,0,1,1,2504
4216,662,round_start,389.87,3,T_8c03018b,0,2,0,2504
4217,662,round_start,0,1,T_78db9784,0,0,0,2505
4218,662,round_start,485.56,2,T_67de56b5,0,3,0,2505
4221,662,round_start,0,1,T_78db9784,0,0,0,2507
4222,662,round_start,0,1,T_78db9784,0,0,0,2508
4230,664,round_start,0,1,T_c4f376eb,0,0,0,2516
4231,664,round_start,552.33,2,T_a3408080,0,3,0,2516
4232,664,round_start,0,1,T_c4f376eb,0,0,0,2517
4233,664,round_start,0,1,T_c4f376eb,0,0,0,2518
4234,664,round_start,0,1,T_c4f376eb,0,0,0,2519
4235,664,round_start,541.87,2,T_a3408080,0,3,0,2519
4250,666,round_start,0,1,T_a02bf5e9,0,0,0,2528
4251,666,round_start,416.16,2,T_5568bd9d,0,3,0,2528
4252,666,round_start,0,1,T_a02bf5e9,0,0,0,2529
4253,666,round_start,424.39,2,T_5568bd9d,0,3,0,2529
4254,666,round_start,0,1,T_a02bf5e9,0,0,0,2530
4255,666,round_start,0,1,T_a02bf5e9,0,0,0,2531
4256,666,round_start,0,1,T_8c03018b,0,0,0,2532
4257,666,round_start,209.58,2,T_8c03018b,1,0,1,2532
4258,666,round_start,409.79,3,T_8c03018b,2,0,2,2532
4259,667,round_start,0,1,T_a02bf5e9,0,0,1,2533
4260,667,round_start,256,2,T_a02bf5e9,1,0,0,2533
4261,667,round_start,458.35,3,T_a02bf5e9,2,0,2,2533
4262,667,round_start,0,1,T_a02bf5e9,0,0,0,2534
4263,667,round_start,416.75,2,T_5568bd9d,0,3,0,2534
4277,669,round_start,0,1,T_a02bf5e9,0,0,0,2543
4281,670,round_start,0,1,T_a02bf5e9,0,0,0,2545
4282,670,round_start,260.51,2,T_a02bf5e9,1,0,1,2545
4283,670,round_start,418.35,3,T_a02bf5e9,2,0,2,2545
4287,671,round_start,0,1,T_e9f0147c,0,0,0,2547
4288,671,round_start,488.27,2,T_8a528a6a,0,3,0,2547
4289,671,round_start,0,1,T_e9f0147c,0,0,0,2548
4290,671,round_start,0,1,T_e9f0147c,0,0,0,2549
4291,671,round_start,368.21,2,T_8a528a6a,0,3,0,2549
4296,672,round_start,0,1,T_a02bf5e9,0,0,0,2552
4297,672,round_start,245.05,2,T_5568bd9d,0,3,0,2552
4298,672,round_start,0,1,T_a02bf5e9,0,0,1,2553
4299,672,round_start,259.48,2,T_a02bf5e9,1,0,0,2553
4300,672,round_start,539.88,3,T_a02bf5e9,2,0,2,2553
4301,672,round_start,0,1,T_a02bf5e9,0,0,2,2554
4302,672,round_start,195.73,2,T_a02bf5e9,1,0,1,2554
4303,672,round_start,517.41,3,T_a02bf5e9,2,0,0,2554
4304,672,round_start,0,1,T_a02bf5e9,0,0,0,2555
4305,672,round_start,0,1,T_a02bf5e9,0,0,0,2556
4306,672,round_start,528.24,2,T_5568bd9d,0,3,0,2556
4307,672,round_start,0,1,T_a02bf5e9,0,0,0,2557
4308,672,round_start,404.28,2,T_5568bd9d,0,3,0,2557
4315,672,round_start,0,1,T_a02bf5e9,0,0,0,2563
4316,672,round_start,431.91,2,T_5568bd9d,0,3,0,2563
4317,672,round_start,0,1,T_a02bf5e9,0,0,0,2564
4318,672,round_start,0,1,T_a02bf5e9,0,0,0,2565
4319,672,round_start,417.82,2,T_5568bd9d,0,3,0,2565
4320,672,round_start,0,1,T_a02bf5e9,0,0,2,2566
4321,672,round_start,211.23,2,T_a02bf5e9,0,1,0,2566
4322,672,round_start,405.73,3,T_a02bf5e9,0,2,1,2566
4323,672,round_start,0,1,T_a02bf5e9,0,0,0,2567
4324,672,round_start,352.55,2,T_5568bd9d,0,3,0,2567
4325,672,round_start,0,1,T_a02bf5e9,0,0,0,2568
4326,672,round_start,0,1,T_a02bf5e9,0,0,0,2569
4327,672,round_start,435.62,2,T_5568bd9d,0,3,0,2569
4328,672,round_start,0,1,T_a02bf5e9,0,0,0,2570
4329,672,round_start,0,1,T_a02bf5e9,0,0,1,2571
4330,672,round_start,227.63,2,T_a02bf5e9,0,1,2,2571
4331,672,round_start,446.73,3,T_a02bf5e9,0,2,0,2571
4332,672,round_start,0,1,T_a02bf5e9,0,0,0,2572
4333,672,round_start,260.7,2,T_5568bd9d,0,3,0,2572
4334,672,round_start,0,1,T_a02bf5e9,0,0,0,2573
4335,672,round_start,0,1,T_a02bf5e9,0,0,0,2574
4336,672,round_start,395.65,2,T_5568bd9d,0,3,0,2574
4337,672,round_start,0,1,T_a02bf5e9,0,0,0,2575
4338,672,round_start,0,1,T_a02bf5e9,0,0,0,2576
4339,672,round_start,257.87,2,T_a02bf5e9,1,0,2,2576
4340,672,round_start,517.53,3,T_a02bf5e9,1,1,1,2576
4341,672,round_start,0,1,T_a02bf5e9,0,0,0,2577
4342,672,round_start,480.23,2,T_5568bd9d,0,3,0,2577
4343,672,round_start,0,1,T_a02bf5e9,0,0,0,2578
4344,672,round_start,0,1,T_a02bf5e9,0,0,0,2579
4345,672,round_start,310.5,2,T_5568bd9d,0,3,0,2579
4346,672,round_start,0,1,T_a02bf5e9,0,0,0,2580
4347,672,round_start,0,1,T_a02bf5e9,0,0,2,2581
4348,672,round_start,272.03,2,T_a02bf5e9,0,1,0,2581
4349,672,round_start,565.35,3,T_a02bf5e9,0,2,1,2581
4350,672,round_start,0,1,T_a02bf5e9,0,0,0,2582
4351,672,round_start,268.06,2,T_5568bd9d,0,3,0,2582
4356,672,round_start,0,1,T_a02bf5e9,0,0,0,2586
4357,672,round_start,182.51,2,T_a02bf5e9,0,1,1,2586
4358,672,round_start,355.07,3,T_a02bf5e9,0,2,2,2586
4359,672,round_start,0,1,T_a02bf5e9,0,0,0,2587
4360,672,round_start,291.84,2,T_5568bd9d,0,3,0,2587
4361,672,round_start,0,1,T_a02bf5e9,0,0,0,2588
4362,672,round_start,0,1,T_a02bf5e9,0,0,0,2589
4366,675,round_start,0,1,T_a02bf5e9,0,0,0,2593
4367,675,round_start,435.25,2,T_5568bd9d,0,3,0,2593
4368,675,round_start,0,1,T_a02bf5e9,0,0,0,2594
4369,680,round_start,0,1,T_8c03018b,0,0,2,2599
4370,680,round_start,286.01,2,T_8c03018b,0,1,0,2599
4371,680,round_start,599.92,3,T_8c03018b,1,1,1,2599
4372,680,round_start,0,1,T_a02bf5e9,0,0,0,2600
4373,680,round_start,396.72,2,T_5568bd9d,0,3,0,2600
4374,675,round_start,0,1,T_a02bf5e9,0,0,0,2602
4375,675,round_start,309.19,2,T_5568bd9d,0,3,0,2602
4376,680,round_start,0,1,T_a02bf5e9,0,0,0,2603
4379,675,round_start,0,1,T_a02bf5e9,0,0,0,2605
4382,680,round_start,0,1,T_a02bf5e9,0,0,0,2609
4383,680,round_start,0,1,T_8c03018b,0,0,1,2610
4384,680,round_start,303.73,2,T_8c03018b,0,1,0,2610
4385,680,round_start,584.29,3,T_8c03018b,0,2,2,2610
4386,681,round_start,0,1,T_8c03018b,0,0,2,2611
4387,681,round_start,251.52,2,T_8c03018b,1,0,0,2611
4388,681,round_start,471.51,3,T_8c03018b,2,0,1,2611
4389,681,round_start,0,1,T_a02bf5e9,0,0,0,2612
4390,681,round_start,352.18,2,T_5568bd9d,0,3,0,2612
4391,681,round_start,0,1,T_a02bf5e9,0,0,0,2613
4392,681,round_start,570.28,2,T_5568bd9d,0,3,0,2613
4393,681,round_start,0,1,T_a02bf5e9,0,0,0,2614
4394,681,round_start,0,1,T_a02bf5e9,0,0,0,2616
4395,681,round_start,0,1,T_8c03018b,0,0,2,2617
4396,681,round_start,231.33,2,T_8c03018b,0,1,0,2617
4397,681,round_start,485.28,3,T_8c03018b,1,1,1,2617
4398,682,round_start,0,1,T_b5684955,0,0,0,2618
4399,682,round_start,251.26,2,T_b5684955,1,0,2,2618
4400,682,round_start,411.56,3,T_b5684955,2,0,1,2618
4404,682,round_start,0,1,T_b5684955,0,0,0,2620
4405,682,round_start,240.04,2,T_f89d2836,0,3,0,2620
4406,683,round_start,0,1,T_a02bf5e9,0,0,0,2621
4407,683,round_start,240.04,2,T_5568bd9d,0,3,0,2621
4408,682,round_start,0,1,T_b5684955,0,0,0,2622
4409,682,round_start,0,1,T_b5684955,0,0,0,2623
4410,683,round_start,0,1,T_a02bf5e9,0,0,0,2624
4411,683,round_start,0,1,T_a02bf5e9,0,0,0,2625
4412,683,round_start,413.55,2,T_5568bd9d,0,3,0,2625
4417,684,round_start,0,1,T_8c03018b,0,0,2,2630
4418,684,round_start,282.34,2,T_8c03018b,1,0,0,2630
4419,684,round_start,520.77,3,T_8c03018b,1,1,1,2630
4420,684,round_start,0,1,T_22df3bb6,0,0,0,2631
4421,684,round_start,240.04,2,T_0cac1da9,0,3,0,2631
4422,684,round_start,0,1,T_22df3bb6,0,0,0,2632
4423,684,round_start,0,1,T_22df3bb6,0,0,0,2633
4424,684,round_start,0,1,T_22df3bb6,0,0,0,2634
4425,684,round_start,263.76,2,T_0cac1da9,0,3,0,2634
4426,684,round_start,0,1,T_22df3bb6,0,0,0,2635
4427,684,round_start,0,1,T_8c03018b,0,0,2,2637
4428,684,round_start,318.4,2,T_8c03018b,0,1,0,2637
4429,684,round_start,570.42,3,T_8c03018b,0,2,1,2637
4430,685,round_start,0,1,T_fffd4f85,0,0,1,2642
4431,685,round_start,231.11,2,T_fffd4f85,1,0,2,2642
4432,685,round_start,494.09,3,T_fffd4f85,2,0,0,2642
4433,685,round_start,0,1,T_fffd4f85,0,0,0,2643
4434,685,round_start,261.02,2,T_f89d2836,0,3,0,2643
4435,685,round_start,0,1,T_fffd4f85,0,0,0,2644
4436,685,round_start,390.14,2,T_f89d2836,0,3,0,2644
4437,685,round_start,0,1,T_fffd4f85,0,0,0,2645
4438,685,round_start,0,1,T_fffd4f85,0,0,0,2646
4439,685,round_start,0,1,T_fffd4f85,0,0,0,2647
4440,685,round_start,155.67,2,T_fffd4f85,1,0,1,2647
4441,685,round_start,507.67,3,T_fffd4f85,2,0,2,2647
4442,689,round_start,0,1,T_8c03018b,0,0,0,2651
4443,689,round_start,305.25,2,T_8c03018b,1,0,1,2651
4444,689,round_start,609.3,3,T_8c03018b,1,1,2,2651
4447,689,round_start,0,1,T_12550726,0,0,0,2653
4457,690,round_start,0,1,T_a02bf5e9,0,0,0,2658
4458,690,round_start,433.87,2,T_5568bd9d,0,3,0,2658
4459,690,round_start,0,1,T_a02bf5e9,0,0,0,2659
4460,690,round_start,506.43,2,T_5568bd9d,0,3,0,2659
4461,690,round_start,0,1,T_a02bf5e9,0,0,0,2660
4462,690,round_start,0,1,T_a02bf5e9,0,0,0,2661
4463,690,round_start,0,1,T_8c03018b,0,0,1,2662
4464,690,round_start,223.92,2,T_8c03018b,1,0,2,2662
4465,690,round_start,503.72,3,T_8c03018b,1,1,0,2662
4466,689,round_start,0,1,T_12550726,0,0,0,2664
4467,689,round_start,433.59,2,T_7e239be7,0,3,0,2664
4468,691,round_start,0,1,T_8c03018b,0,0,2,2665
4469,691,round_start,260.68,2,T_8c03018b,0,1,1,2665
4470,691,round_start,435.14,3,T_8c03018b,1,1,0,2665
4473,691,round_start,0,1,T_a02bf5e9,0,0,0,2667
4474,691,round_start,264.43,2,T_5568bd9d,0,3,0,2667
4475,691,round_start,0,1,T_a02bf5e9,0,0,0,2668
4476,691,round_start,0,1,T_a02bf5e9,0,0,0,2669
4477,691,round_start,0,1,T_8c03018b,0,0,2,2670
4478,691,round_start,307.6,2,T_8c03018b,1,0,0,2670
4479,691,round_start,615.52,3,T_8c03018b,1,1,1,2670
4480,692,round_start,0,1,T_a02bf5e9,0,0,0,2671
4481,692,round_start,0,2,T_5568bd9d,0,3,0,2671
4482,692,round_start,0,1,T_face9805,0,0,0,2672
4483,692,round_start,0,1,T_a02bf5e9,0,0,0,2673
4484,692,round_start,240.04,2,T_5568bd9d,0,3,0,2673
4485,693,round_start,0,1,T_b44d806b,0,0,0,2674
4486,693,round_start,0,1,T_b44d806b,0,0,0,2675
4487,693,round_start,0,1,T_8c03018b,0,0,1,2676
4488,693,round_start,241.21,2,T_8c03018b,0,1,2,2676
4489,693,round_start,501.38,3,T_8c03018b,0,2,0,2676
4490,693,round_start,0,1,T_b44d806b,0,0,0,2677
4491,693,round_start,507.76,2,T_a3408080,0,3,0,2677
4492,693,round_start,0,1,T_b44d806b,0,0,0,2678
4493,693,round_start,255.45,2,T_a3408080,0,3,0,2678
4494,694,round_start,0,1,T_8c03018b,0,0,1,2679
4495,694,round_start,202.76,2,T_8c03018b,0,1,2,2679
4496,694,round_start,385.18,3,T_8c03018b,1,1,0,2679
4500,694,round_start,0,1,T_a02bf5e9,0,0,0,2681
4501,694,round_start,390.14,2,T_5568bd9d,0,3,0,2681
4502,694,round_start,0,1,T_a02bf5e9,0,0,0,2682
4503,694,round_start,0,1,T_a02bf5e9,0,0,0,2683
4504,694,round_start,430.95,2,T_5568bd9d,0,3,0,2683
4505,694,round_start,0,1,T_a02bf5e9,0,0,0,2684
4507,694,round_start,0,1,T_8c03018b,0,0,0,2686
4508,694,round_start,299.13,2,T_8c03018b,0,1,2,2686
4509,694,round_start,634.78,3,T_8c03018b,0,2,1,2686
4506,694,round_start,0,1,T_a02bf5e9,0,0,0,2685
4510,695,round_start,0,1,T_679440c9,0,0,2,2687
4511,695,round_start,225.94,2,T_679440c9,1,0,0,2687
4512,695,round_start,461.77,3,T_679440c9,2,0,1,2687
4513,695,round_start,0,1,T_679440c9,0,0,0,2688
4514,695,round_start,240.04,2,T_f89d2836,0,3,0,2688
4515,695,round_start,0,1,T_679440c9,0,0,0,2689
4516,695,round_start,0,1,T_679440c9,0,0,0,2690
4517,695,round_start,0,1,T_679440c9,0,0,0,2692
4518,695,round_start,240.04,2,T_f89d2836,0,3,0,2692
4519,696,round_start,0,1,T_a02bf5e9,0,0,1,2693
4520,696,round_start,291.32,2,T_a02bf5e9,1,0,2,2693
4521,696,round_start,496.23,3,T_a02bf5e9,1,1,0,2693
4522,696,round_start,0,1,T_a02bf5e9,0,0,0,2694
4523,696,round_start,485.2,2,T_5568bd9d,0,3,0,2694
4524,696,round_start,0,1,T_a02bf5e9,0,0,0,2695
4525,696,round_start,416.4,2,T_5568bd9d,0,3,0,2695
4526,696,round_start,0,1,T_a02bf5e9,0,0,0,2696
4527,696,round_start,0,1,T_a02bf5e9,0,0,0,2697
4528,696,round_start,0,1,T_a02bf5e9,0,0,0,2698
4529,696,round_start,233.88,2,T_a02bf5e9,1,0,1,2698
4530,696,round_start,440.23,3,T_a02bf5e9,2,0,2,2698
4531,697,round_start,0,1,T_8c03018b,0,0,1,2699
4532,697,round_start,313.94,2,T_8c03018b,1,0,2,2699
4533,697,round_start,492.17,3,T_8c03018b,2,0,0,2699
4538,697,round_start,0,1,T_a02bf5e9,0,0,0,2702
4539,697,round_start,245.05,2,T_5568bd9d,0,3,0,2702
4540,697,round_start,0,1,T_a02bf5e9,0,0,0,2707
4547,699,round_start,0,1,T_ee8210ee,0,0,0,2711
4548,699,round_start,251.93,2,T_ee8210ee,0,1,1,2711
4549,699,round_start,571.75,3,T_ee8210ee,0,2,2,2711
4550,699,round_start,0,1,T_ee8210ee,0,0,0,2712
4551,699,round_start,401.97,2,T_8a528a6a,0,3,0,2712
4552,699,round_start,0,1,T_ee8210ee,0,0,0,2713
4553,699,round_start,0,1,T_ee8210ee,0,0,0,2714
4554,699,round_start,480.22,2,T_8a528a6a,0,3,0,2714
4555,699,round_start,0,1,T_ee8210ee,0,0,0,2715
4556,702,round_start,0,1,T_8c03018b,0,0,2,2716
4557,702,round_start,178.33,2,T_8c03018b,0,1,0,2716
4558,702,round_start,417.3,3,T_8c03018b,1,1,1,2716
4559,702,round_start,0,1,T_ec64cb45,0,0,0,2717
4560,702,round_start,429.48,2,T_a3408080,0,3,0,2717
4561,702,round_start,0,1,T_ec64cb45,0,0,0,2718
4562,702,round_start,0,1,T_ec64cb45,0,0,0,2719
4563,702,round_start,420.11,2,T_a3408080,0,3,0,2719
4564,702,round_start,0,1,T_ec64cb45,0,0,0,2720
4565,702,round_start,0,1,T_8c03018b,0,0,2,2721
4566,702,round_start,197.16,2,T_8c03018b,1,0,0,2721
4567,702,round_start,360.4,3,T_8c03018b,2,0,1,2721
4568,703,round_start,0,1,T_8c03018b,0,0,2,2722
4569,703,round_start,270.24,2,T_8c03018b,0,1,1,2722
4570,703,round_start,579.98,3,T_8c03018b,1,1,0,2722
4571,703,round_start,0,1,T_12550726,0,0,0,2723
4572,703,round_start,257.44,2,T_7e239be7,0,3,0,2723
4573,703,round_start,0,1,T_12550726,0,0,0,2724
4574,703,round_start,0,1,T_12550726,0,0,0,2725
4575,703,round_start,433.41,2,T_7e239be7,0,3,0,2725
4576,703,round_start,0,1,T_12550726,0,0,0,2726
4577,703,round_start,0,1,T_8c03018b,0,0,2,2727
4578,703,round_start,209.66,2,T_8c03018b,0,1,0,2727
4579,703,round_start,523.71,3,T_8c03018b,0,2,1,2727
4580,704,round_start,0,1,T_a02bf5e9,0,0,0,2728
4581,704,round_start,179.65,2,T_a02bf5e9,1,0,2,2728
4582,704,round_start,434.47,3,T_a02bf5e9,1,1,1,2728
4583,704,round_start,0,1,T_a02bf5e9,0,0,0,2729
4584,704,round_start,485.47,2,T_5568bd9d,0,3,0,2729
4585,704,round_start,0,1,T_a02bf5e9,0,0,0,2730
4590,704,round_start,0,1,T_a02bf5e9,0,0,2,2734
4591,704,round_start,239.72,2,T_a02bf5e9,1,0,0,2734
4592,704,round_start,476.75,3,T_a02bf5e9,2,0,1,2734
4593,704,round_start,0,1,T_a02bf5e9,0,0,0,2735
4594,704,round_start,261.93,2,T_5568bd9d,0,3,0,2735
4595,705,round_start,0,1,T_8c03018b,0,0,2,2736
4596,705,round_start,255.52,2,T_8c03018b,1,0,0,2736
4597,705,round_start,550.73,3,T_8c03018b,2,0,1,2736
4603,705,round_start,0,1,T_a02bf5e9,0,0,0,2741
4610,707,round_start,0,1,T_360e64d5,0,0,0,2744
4611,707,round_start,531.98,2,T_f89d2836,0,3,0,2744
4612,707,round_start,0,1,T_360e64d5,0,0,0,2745
4613,707,round_start,273.43,2,T_f89d2836,0,3,0,2745
4615,707,round_start,0,1,T_360e64d5,0,0,0,2747
4616,708,round_start,0,1,T_8c03018b,0,0,2,2748
4617,708,round_start,197.78,2,T_8c03018b,1,0,0,2748
4618,708,round_start,409.04,3,T_8c03018b,1,1,1,2748
4622,708,round_start,0,1,T_c65064ab,0,0,0,2751
4623,708,round_start,480.2,2,T_a3408080,0,3,0,2751
4624,708,round_start,0,1,T_c65064ab,0,0,0,2752
4625,709,round_start,0,1,T_8c03018b,0,0,2,2753
4626,709,round_start,295.87,2,T_8c03018b,0,1,0,2753
4627,709,round_start,533.45,3,T_8c03018b,1,1,1,2753
4628,709,round_start,0,1,T_1eca8812,0,0,0,2754
4629,709,round_start,369.44,2,T_a3408080,0,3,0,2754
4632,709,round_start,0,1,T_1eca8812,0,0,0,2758
4633,709,round_start,0,1,T_1eca8812,0,0,0,2759
4634,692,round_start,0,1,T_a02bf5e9,0,0,2,2760
4635,692,round_start,310.85,2,T_a02bf5e9,1,0,1,2760
4636,692,round_start,652.79,3,T_a02bf5e9,2,0,0,2760
4637,710,round_start,0,1,T_a02bf5e9,0,0,2,2761
4638,710,round_start,310.85,2,T_a02bf5e9,1,0,1,2761
4639,710,round_start,652.79,3,T_a02bf5e9,2,0,0,2761
4640,710,round_start,0,1,T_a02bf5e9,0,0,0,2762
4641,710,round_start,416.66,2,T_5568bd9d,0,3,0,2762
4642,710,round_start,0,1,T_a02bf5e9,0,0,0,2765
4643,710,round_start,416.66,2,T_5568bd9d,0,3,0,2765
4644,715,round_start,0,1,T_8c03018b,0,0,1,2767
4645,715,round_start,223.63,2,T_8c03018b,1,0,2,2767
4646,715,round_start,534.21,3,T_8c03018b,2,0,0,2767
4647,715,round_start,0,1,T_a02bf5e9,0,0,0,2768
4648,715,round_start,497.72,2,T_5568bd9d,0,3,0,2768
4649,715,round_start,0,1,T_a02bf5e9,0,0,0,2769
4650,715,round_start,511.55,2,T_5568bd9d,0,3,0,2769
4653,715,round_start,0,1,T_8c03018b,0,0,2,2772
4654,715,round_start,169.71,2,T_8c03018b,1,0,1,2772
4655,715,round_start,369.84,3,T_8c03018b,2,0,0,2772
4656,716,round_start,0,1,T_6cd725de,0,0,0,2773
4657,716,round_start,0,1,T_6cd725de,0,0,0,2774
4658,716,round_start,249.51,2,T_a3408080,0,3,0,2774
4659,716,round_start,0,1,T_6cd725de,0,0,0,2775
4660,716,round_start,0,1,T_6cd725de,0,0,0,2776
4661,716,round_start,0,1,T_8c03018b,0,0,0,2777
4662,716,round_start,270.4,2,T_8c03018b,1,0,2,2777
4663,716,round_start,544.7,3,T_8c03018b,1,1,1,2777
4666,717,round_start,0,1,T_b5271e8c,0,0,0,2779
4667,717,round_start,390.15,2,T_f89d2836,0,3,0,2779
4676,718,round_start,0,1,T_a02bf5e9,0,0,0,2784
4677,718,round_start,431.24,2,T_8a528a6a,0,3,0,2784
4678,718,round_start,0,1,T_a02bf5e9,0,0,0,2785
4679,718,round_start,0,1,T_a02bf5e9,0,0,0,2786
4680,718,round_start,240.04,2,T_8a528a6a,0,3,0,2786
4681,717,round_start,0,1,T_b5271e8c,0,0,0,2787
4682,717,round_start,0,1,T_b5271e8c,0,0,0,2788
4683,719,round_start,0,1,T_8c03018b,0,0,2,2789
4684,719,round_start,157.93,2,T_8c03018b,0,1,0,2789
4685,719,round_start,339.33,3,T_8c03018b,0,2,1,2789
4691,719,round_start,0,1,T_2032c8d0,0,0,0,2793
4692,719,round_start,0,1,T_8c03018b,0,0,1,2794
4693,719,round_start,184.48,2,T_8c03018b,0,1,2,2794
4694,719,round_start,459.92,3,T_8c03018b,0,2,0,2794
4695,717,round_start,0,1,T_b5271e8c,0,0,0,2795
4696,717,round_start,354.5,2,T_b5271e8c,1,0,1,2795
4697,717,round_start,553.53,3,T_b5271e8c,2,0,2,2795
4698,720,round_start,0,1,T_5ac5c499,0,0,1,2796
4699,720,round_start,198.07,2,T_5ac5c499,1,0,2,2796
4700,720,round_start,443.59,3,T_5ac5c499,1,1,0,2796
4701,720,round_start,0,1,T_5ac5c499,0,0,0,2797
4702,720,round_start,439.42,2,T_8ce1db6a,0,3,0,2797
4703,720,round_start,0,1,T_5ac5c499,0,0,0,2798
4704,720,round_start,0,1,T_5ac5c499,0,0,0,2799
4705,720,round_start,480.18,2,T_8ce1db6a,0,3,0,2799
4706,720,round_start,0,1,T_5ac5c499,0,0,0,2800
4707,720,round_start,0,1,T_5ac5c499,0,0,0,2801
4708,720,round_start,506.81,2,T_8ce1db6a,0,3,0,2801
4709,721,round_start,0,1,T_8c03018b,0,0,2,2802
4710,721,round_start,308.42,2,T_8c03018b,0,1,0,2802
4711,721,round_start,495.11,3,T_8c03018b,0,2,1,2802
4714,726,round_start,0,1,T_8c03018b,0,0,2,2807
4750,727,round_start,0,1,T_fb7a2f35,0,0,0,2826
4757,728,round_start,0,1,T_8c03018b,0,0,2,2830
4715,726,round_start,217.21,2,T_8c03018b,0,1,0,2807
4716,726,round_start,414.95,3,T_8c03018b,0,2,1,2807
4718,721,round_start,0,1,T_996a74bf,0,0,0,2809
4719,721,round_start,496.78,2,T_0cac1da9,0,3,0,2809
4720,721,round_start,0,1,T_996a74bf,0,0,0,2810
4721,721,round_start,0,1,T_996a74bf,0,0,0,2811
4722,721,round_start,0,1,T_996a74bf,0,0,0,2812
4723,721,round_start,492.56,2,T_0cac1da9,0,3,0,2812
4724,725,round_start,0,1,T_8c03018b,0,0,2,2813
4725,725,round_start,228.07,2,T_8c03018b,1,0,0,2813
4726,725,round_start,472.41,3,T_8c03018b,1,1,1,2813
4727,725,round_start,0,1,T_9152bdb5,0,0,0,2814
4728,725,round_start,260.34,2,T_0cac1da9,0,3,0,2814
4729,725,round_start,0,1,T_9152bdb5,0,0,0,2815
4730,725,round_start,0,1,T_9152bdb5,0,0,0,2816
4731,725,round_start,0,1,T_9152bdb5,0,0,0,2817
4732,725,round_start,449.14,2,T_0cac1da9,0,3,0,2817
4733,725,round_start,0,1,T_8c03018b,0,0,1,2818
4734,725,round_start,362.66,2,T_8c03018b,0,1,2,2818
4735,725,round_start,643.5,3,T_8c03018b,1,1,0,2818
4736,726,round_start,0,1,T_0cac1da9,0,0,0,2819
4737,726,round_start,514.66,2,T_e05d462f,0,3,0,2819
4738,726,round_start,0,1,T_0cac1da9,0,0,0,2820
4739,726,round_start,0,1,T_0cac1da9,0,0,0,2821
4740,726,round_start,432.06,2,T_e05d462f,0,3,0,2821
4745,727,round_start,0,1,T_8c03018b,0,0,2,2824
4746,727,round_start,253.9,2,T_8c03018b,1,0,1,2824
4747,727,round_start,564.34,3,T_8c03018b,1,1,0,2824
4748,727,round_start,0,1,T_fb7a2f35,0,0,0,2825
4749,727,round_start,271.71,2,T_0cac1da9,0,3,0,2825
4751,727,round_start,0,1,T_fb7a2f35,0,0,0,2827
4752,727,round_start,0,1,T_fb7a2f35,0,0,0,2828
4753,727,round_start,262.33,2,T_0cac1da9,0,3,0,2828
4754,727,round_start,0,1,T_8c03018b,0,0,2,2829
4755,727,round_start,215.93,2,T_8c03018b,0,1,1,2829
4756,727,round_start,488.35,3,T_8c03018b,1,1,0,2829
4765,728,round_start,0,1,T_45d24cb5,0,0,0,2834
4771,729,round_start,0,1,T_3bb510e2,0,0,0,2837
4772,729,round_start,0,1,T_3bb510e2,0,0,0,2838
4773,729,round_start,0,1,T_3bb510e2,0,0,0,2839
4774,729,round_start,413.52,2,T_0cac1da9,0,3,0,2839
4758,728,round_start,286.28,2,T_8c03018b,1,0,0,2830
4759,728,round_start,619.22,3,T_8c03018b,2,0,1,2830
4760,728,round_start,0,1,T_45d24cb5,0,0,0,2831
4761,728,round_start,480.2,2,T_0cac1da9,0,3,0,2831
4762,728,round_start,0,1,T_45d24cb5,0,0,0,2832
4766,729,round_start,0,1,T_8c03018b,0,0,0,2835
4767,729,round_start,332.95,2,T_8c03018b,1,0,2,2835
4768,729,round_start,504.45,3,T_8c03018b,2,0,1,2835
4769,729,round_start,0,1,T_3bb510e2,0,0,0,2836
4770,729,round_start,240.04,2,T_0cac1da9,0,3,0,2836
4775,730,round_start,0,1,T_8c03018b,0,0,0,2840
4776,730,round_start,239,2,T_8c03018b,1,0,1,2840
4777,730,round_start,406.1,3,T_8c03018b,2,0,2,2840
4778,730,round_start,0,1,T_979876f8,0,0,0,2841
4779,730,round_start,411.08,2,T_a3408080,0,3,0,2841
4780,730,round_start,0,1,T_979876f8,0,0,0,2843
4781,730,round_start,0,1,T_979876f8,0,0,0,2844
4782,730,round_start,339.6,2,T_a3408080,0,3,0,2844
4791,732,round_start,0,1,T_3d8065a6,0,0,0,2849
4792,732,round_start,490.23,2,T_f89d2836,0,3,0,2849
4797,732,round_start,0,1,T_3d8065a6,0,0,2,2853
4798,732,round_start,306.36,2,T_3d8065a6,1,0,1,2853
4799,732,round_start,612.32,3,T_3d8065a6,1,1,0,2853
4800,733,round_start,0,1,T_2b55949b,0,0,2,2854
4801,733,round_start,196.87,2,T_2b55949b,0,1,0,2854
4802,733,round_start,379.93,3,T_2b55949b,1,1,1,2854
4803,733,round_start,0,1,T_2b55949b,0,0,0,2855
4804,733,round_start,301.71,2,T_f89d2836,0,3,0,2855
4805,733,round_start,0,1,T_2b55949b,0,0,1,2856
4806,733,round_start,229.47,2,T_2b55949b,0,1,2,2856
4807,733,round_start,434.28,3,T_2b55949b,0,2,0,2856
4808,733,round_start,0,1,T_2b55949b,0,0,0,2858
4809,733,round_start,242.06,2,T_f89d2836,0,3,0,2858
4810,733,round_start,0,1,T_2b55949b,0,0,0,2860
4811,734,round_start,0,1,T_8c03018b,0,0,1,2862
4812,734,round_start,208.46,2,T_8c03018b,0,1,2,2862
4813,734,round_start,427.68,3,T_8c03018b,0,2,0,2862
4814,734,round_start,0,1,T_a02bf5e9,0,0,0,2863
4815,734,round_start,376.3,2,T_5568bd9d,0,3,0,2863
4816,734,round_start,0,1,T_a02bf5e9,0,0,0,2865
4817,734,round_start,0,1,T_a02bf5e9,0,0,0,2866
4818,734,round_start,0,1,T_a02bf5e9,0,0,0,2867
4819,734,round_start,501.3,2,T_5568bd9d,0,3,0,2867
4820,734,round_start,0,1,T_a02bf5e9,0,0,0,2868
4821,734,round_start,0,1,T_a02bf5e9,0,0,0,2869
4822,734,round_start,266.54,2,T_5568bd9d,0,3,0,2869
4823,735,round_start,0,1,T_a02bf5e9,0,0,0,2870
4824,735,round_start,246.59,2,T_a02bf5e9,0,1,2,2870
4825,735,round_start,557.57,3,T_a02bf5e9,0,2,1,2870
4826,735,round_start,0,1,T_a02bf5e9,0,0,0,2871
4827,735,round_start,521.36,2,T_8a528a6a,0,3,0,2871
4828,735,round_start,0,1,T_a02bf5e9,0,0,0,2872
4829,735,round_start,0,1,T_a02bf5e9,0,0,0,2873
4830,735,round_start,480.17,2,T_8a528a6a,0,3,0,2873
4831,735,round_start,0,1,T_a02bf5e9,0,0,0,2874
4840,746,round_start,0,1,T_8c03018b,0,0,1,2887
4841,746,round_start,170.67,2,T_8c03018b,1,0,2,2887
4842,746,round_start,401.19,3,T_8c03018b,2,0,0,2887
4843,746,round_start,0,1,T_6da1ba9e,0,0,0,2888
4844,746,round_start,256.62,2,T_0cac1da9,0,3,0,2888
4845,746,round_start,0,1,T_6da1ba9e,0,0,0,2889
4846,746,round_start,0,1,T_6da1ba9e,0,0,0,2890
4847,746,round_start,0,1,T_6da1ba9e,0,0,0,2891
4848,746,round_start,336.26,2,T_0cac1da9,0,3,0,2891
4849,746,round_start,0,1,T_8c03018b,0,0,2,2892
4850,746,round_start,192.48,2,T_8c03018b,1,0,1,2892
4851,746,round_start,384.58,3,T_8c03018b,2,0,0,2892
4852,745,round_start,0,1,T_5041b9bd,0,0,2,2894
4853,745,round_start,205.88,2,T_5041b9bd,1,0,1,2894
4854,745,round_start,481.67,3,T_5041b9bd,1,1,0,2894
4855,745,round_start,0,1,T_5041b9bd,0,0,0,2895
4856,745,round_start,0,1,T_5041b9bd,0,0,0,2896
4857,745,round_start,391.08,2,T_8a528a6a,0,3,0,2896
4858,745,round_start,0,1,T_5041b9bd,0,0,0,2897
4859,745,round_start,0,1,T_5041b9bd,0,0,2,2898
4860,745,round_start,205.88,2,T_5041b9bd,1,0,1,2898
4861,745,round_start,481.67,3,T_5041b9bd,1,1,0,2898
4872,753,round_start,0,1,T_a02bf5e9,0,0,0,2911
4891,753,round_start,0,1,T_a02bf5e9,0,0,0,2920
4892,753,round_start,380.03,2,T_5568bd9d,0,3,0,2920
4868,753,round_start,0,1,T_a02bf5e9,0,0,1,2909
4869,753,round_start,218.96,2,T_a02bf5e9,0,1,0,2909
4870,753,round_start,509.71,3,T_a02bf5e9,0,2,2,2909
4871,753,round_start,0,1,T_a02bf5e9,0,0,0,2910
4877,753,round_start,0,1,T_a02bf5e9,0,0,1,2914
4878,753,round_start,188.5,2,T_a02bf5e9,0,1,0,2914
4879,753,round_start,346.12,3,T_a02bf5e9,0,2,2,2914
4883,753,round_start,0,1,T_a02bf5e9,0,0,0,2916
4884,753,round_start,248.49,2,T_5568bd9d,0,3,0,2916
4885,753,round_start,0,1,T_a02bf5e9,0,0,0,2917
4886,753,round_start,487.45,2,T_5568bd9d,0,3,0,2917
4887,753,round_start,0,1,T_a02bf5e9,0,0,0,2918
4888,753,round_start,0,1,T_a02bf5e9,0,0,2,2919
4889,753,round_start,196.47,2,T_a02bf5e9,0,1,0,2919
4890,753,round_start,386.6,3,T_a02bf5e9,0,2,1,2919
4893,753,round_start,0,1,T_a02bf5e9,0,0,0,2921
4894,753,round_start,189.39,2,T_a02bf5e9,0,1,1,2921
4895,753,round_start,373.64,3,T_a02bf5e9,0,2,2,2921
4896,754,round_start,0,1,T_8c03018b,0,0,2,2922
4897,754,round_start,217.17,2,T_8c03018b,0,1,1,2922
4898,754,round_start,502.95,3,T_8c03018b,0,2,0,2922
4899,754,round_start,0,1,T_a02bf5e9,0,0,0,2923
4900,754,round_start,539.92,2,T_5568bd9d,0,3,0,2923
4901,754,round_start,0,1,T_a02bf5e9,0,0,0,2924
4902,754,round_start,522.95,2,T_5568bd9d,0,3,0,2924
4903,754,round_start,0,1,T_a02bf5e9,0,0,0,2925
4904,754,round_start,0,1,T_a02bf5e9,0,0,0,2926
4905,755,round_start,0,1,T_3d8065a6,0,0,1,2927
4906,755,round_start,335.36,2,T_3d8065a6,1,0,2,2927
4907,755,round_start,629.99,3,T_3d8065a6,1,1,0,2927
4908,755,round_start,0,1,T_3d8065a6,0,0,0,2928
4909,755,round_start,418.48,2,T_f89d2836,0,3,0,2928
4910,755,round_start,0,1,T_3d8065a6,0,0,0,2929
4911,755,round_start,0,1,T_3d8065a6,0,0,0,2930
4912,755,round_start,506.05,2,T_f89d2836,0,3,0,2930
4913,755,round_start,0,1,T_3d8065a6,0,0,0,2931
4914,736,round_start,0,1,T_a02bf5e9,0,0,0,2932
4915,736,round_start,498.58,2,T_5568bd9d,0,3,0,2932
4916,736,round_start,0,1,T_8c03018b,0,0,0,2933
4917,736,round_start,264.62,2,T_8c03018b,0,1,2,2933
4918,736,round_start,573.5,3,T_8c03018b,1,1,1,2933
4919,736,round_start,0,1,T_a02bf5e9,0,0,0,2934
4920,736,round_start,300,2,T_5568bd9d,0,3,0,2934
4921,736,round_start,0,1,T_a02bf5e9,0,0,0,2935
4922,736,round_start,0,1,T_a02bf5e9,0,0,0,2936
4923,736,round_start,0,1,T_a02bf5e9,0,0,0,2937
4924,756,round_start,0,1,T_2b55949b,0,0,2,2938
4925,756,round_start,247.35,2,T_2b55949b,0,1,0,2938
4926,756,round_start,470.24,3,T_2b55949b,1,1,1,2938
4927,756,round_start,0,1,T_2b55949b,0,0,0,2939
4928,756,round_start,482.84,2,T_f89d2836,0,3,0,2939
4929,756,round_start,0,1,T_2b55949b,0,0,0,2940
4930,756,round_start,496.01,2,T_f89d2836,0,3,0,2940
4931,756,round_start,0,1,T_2b55949b,0,0,0,2941
4932,756,round_start,0,1,T_2b55949b,0,0,0,2942
4933,757,round_start,0,1,T_d209c6a4,0,0,0,2943
4934,757,round_start,301.2,2,T_d209c6a4,1,0,1,2943
4935,757,round_start,514.21,3,T_d209c6a4,2,0,2,2943
4936,757,round_start,0,1,T_d209c6a4,0,0,0,2946
4937,757,round_start,345.3,2,T_f89d2836,0,3,0,2946
4938,757,round_start,0,1,T_d209c6a4,0,0,0,2947
4939,757,round_start,0,1,T_d209c6a4,0,0,0,2948
4940,757,round_start,400.63,2,T_f89d2836,0,3,0,2948
4941,757,round_start,0,1,T_d209c6a4,0,0,0,2949
4942,759,round_start,0,1,T_8c03018b,0,0,2,2950
4943,759,round_start,241.82,2,T_8c03018b,0,1,0,2950
4944,759,round_start,504.86,3,T_8c03018b,0,2,1,2950
4945,759,round_start,0,1,T_16309e18,0,0,0,2951
4946,759,round_start,445.87,2,T_7515d286,0,3,0,2951
4957,761,round_start,0,1,T_a02bf5e9,0,0,0,2959
4958,761,round_start,390.12,2,T_5568bd9d,0,3,0,2959
4959,761,round_start,0,1,T_a02bf5e9,0,0,0,2960
4960,761,round_start,480.22,2,T_5568bd9d,0,3,0,2960
4961,761,round_start,0,1,T_a02bf5e9,0,0,0,2961
4962,761,round_start,0,1,T_a02bf5e9,0,0,0,2962
4963,761,round_start,0,1,T_8c03018b,0,0,1,2963
4964,761,round_start,310.54,2,T_8c03018b,0,1,2,2963
4965,761,round_start,573.13,3,T_8c03018b,1,1,0,2963
4966,763,round_start,0,1,T_2f40a4c4,0,0,0,2965
4967,763,round_start,209.51,2,T_2f40a4c4,0,1,2,2965
4968,763,round_start,398.79,3,T_2f40a4c4,1,1,1,2965
4969,763,round_start,0,1,T_2f40a4c4,0,0,0,2966
4970,763,round_start,526.62,2,T_f89d2836,0,3,0,2966
4971,763,round_start,0,1,T_2f40a4c4,0,0,0,2967
4972,763,round_start,502.89,2,T_f89d2836,0,3,0,2967
4973,763,round_start,0,1,T_2f40a4c4,0,0,0,2968
4974,763,round_start,0,1,T_2f40a4c4,0,0,0,2969
4975,764,round_start,0,1,T_8c03018b,0,0,0,2970
4976,764,round_start,277,2,T_8c03018b,0,1,2,2970
4977,764,round_start,620.84,3,T_8c03018b,0,2,1,2970
4978,764,round_start,0,1,T_a02bf5e9,0,0,0,2971
4979,764,round_start,423.99,2,T_5568bd9d,0,3,0,2971
4982,764,round_start,0,1,T_a02bf5e9,0,0,0,2973
4983,764,round_start,0,1,T_a02bf5e9,0,0,0,2974
4984,767,round_start,0,1,T_a02bf5e9,0,0,2,2977
4985,767,round_start,287.17,2,T_a02bf5e9,1,0,1,2977
4986,767,round_start,600.38,3,T_a02bf5e9,1,1,0,2977
4987,767,round_start,0,1,T_a02bf5e9,0,0,0,2978
4988,767,round_start,494.47,2,T_5568bd9d,0,3,0,2978
4989,767,round_start,0,1,T_a02bf5e9,0,0,0,2979
4990,767,round_start,537.95,2,T_5568bd9d,0,3,0,2979
4991,767,round_start,0,1,T_a02bf5e9,0,0,0,2980
4992,767,round_start,0,1,T_a02bf5e9,0,0,0,2981
4993,768,round_start,0,1,T_8c03018b,0,0,0,2982
4994,768,round_start,337.81,2,T_8c03018b,0,1,1,2982
4995,768,round_start,518.07,3,T_8c03018b,0,2,2,2982
4996,768,round_start,0,1,T_a02bf5e9,0,0,0,2983
4997,768,round_start,524.22,2,T_5568bd9d,0,3,0,2983
4998,768,round_start,0,1,T_a02bf5e9,0,0,0,2984
4999,768,round_start,380.59,2,T_5568bd9d,0,3,0,2984
5000,768,round_start,0,1,T_a02bf5e9,0,0,0,2985
5001,768,round_start,0,1,T_a02bf5e9,0,0,0,2986
5002,769,round_start,0,1,T_8c03018b,0,0,0,2987
5003,769,round_start,254.62,2,T_8c03018b,1,0,1,2987
5004,769,round_start,586.38,3,T_8c03018b,1,1,2,2987
5005,769,round_start,0,1,T_a02bf5e9,0,0,0,2988
5006,769,round_start,517.89,2,T_5568bd9d,0,3,0,2988
5007,769,round_start,0,1,T_a02bf5e9,0,0,0,2989
5008,769,round_start,246.78,2,T_5568bd9d,0,3,0,2989
5009,769,round_start,0,1,T_a02bf5e9,0,0,0,2990
5010,769,round_start,0,1,T_a02bf5e9,0,0,0,2993
5011,769,round_start,0,1,T_8c03018b,0,0,2,2994
5012,769,round_start,250.59,2,T_8c03018b,0,1,0,2994
5013,769,round_start,417.67,3,T_8c03018b,1,1,1,2994
5014,770,round_start,0,1,T_8c03018b,0,0,1,2995
5015,770,round_start,298.55,2,T_8c03018b,0,1,2,2995
5016,770,round_start,611.01,3,T_8c03018b,0,2,0,2995
5017,770,round_start,0,1,T_a02bf5e9,0,0,0,2996
5018,770,round_start,338.06,2,T_5568bd9d,0,3,0,2996
5019,770,round_start,0,1,T_a02bf5e9,0,0,0,2999
5020,770,round_start,0,1,T_a02bf5e9,0,0,0,3000
5021,770,round_start,486.84,2,T_5568bd9d,0,3,0,3000
5022,770,round_start,0,1,T_a02bf5e9,0,0,0,3001
5023,770,round_start,0,1,T_8c03018b,0,0,2,3002
5024,770,round_start,273.75,2,T_8c03018b,0,1,0,3002
5025,770,round_start,458.8,3,T_8c03018b,1,1,1,3002
5026,770,round_start,0,1,T_a02bf5e9,0,0,0,3003
5027,770,round_start,549.85,2,T_5568bd9d,0,3,0,3003
5040,772,round_start,0,1,T_a02bf5e9,0,0,0,3010
5041,772,round_start,337.6,2,T_5568bd9d,0,3,0,3010
5044,772,round_start,0,1,T_a02bf5e9,0,0,0,3012
5045,772,round_start,0,1,T_a02bf5e9,0,0,0,3013
5047,772,round_start,0,1,T_a02bf5e9,0,0,0,3015
5048,775,round_start,0,1,T_a02bf5e9,0,0,0,3016
5049,775,round_start,240.04,2,T_5568bd9d,0,3,0,3016
5050,775,round_start,0,1,T_8c03018b,0,0,0,3017
5051,775,round_start,238.01,2,T_8c03018b,0,1,2,3017
5052,775,round_start,467.24,3,T_8c03018b,1,1,1,3017
5053,775,round_start,0,1,T_a02bf5e9,0,0,0,3018
5054,775,round_start,374.68,2,T_5568bd9d,0,3,0,3018
5055,775,round_start,0,1,T_a02bf5e9,0,0,0,3019
5056,775,round_start,437.32,2,T_5568bd9d,0,3,0,3019
5057,775,round_start,0,1,T_a02bf5e9,0,0,0,3020
5058,775,round_start,0,1,T_a02bf5e9,0,0,0,3021
5059,776,round_start,0,1,T_8c03018b,0,0,2,3022
5060,776,round_start,306.09,2,T_8c03018b,0,1,0,3022
5061,776,round_start,588.11,3,T_8c03018b,0,2,1,3022
5062,776,round_start,0,1,T_a02bf5e9,0,0,0,3024
5063,776,round_start,545.24,2,T_5568bd9d,0,3,0,3024
5066,776,round_start,0,1,T_a02bf5e9,0,0,0,3026
5084,779,round_start,0,1,T_a02bf5e9,0,0,0,3038
5085,779,round_start,267.72,2,T_5568bd9d,0,3,0,3038
5086,779,round_start,0,1,T_a02bf5e9,0,0,0,3039
5087,779,round_start,0,1,T_a02bf5e9,0,0,0,3040
5088,779,round_start,254.12,2,T_5568bd9d,0,3,0,3040
5089,779,round_start,0,1,T_a02bf5e9,0,0,0,3041
5090,780,round_start,0,1,T_a02bf5e9,0,0,1,3042
5091,780,round_start,328.15,2,T_a02bf5e9,1,0,0,3042
5092,780,round_start,618.28,3,T_a02bf5e9,1,1,2,3042
5093,780,round_start,0,1,T_3d8065a6,0,0,0,3043
5094,780,round_start,396.15,2,T_f89d2836,0,3,0,3043
5096,780,round_start,0,1,T_3d8065a6,0,0,0,3045
5097,780,round_start,434.2,2,T_f89d2836,0,3,0,3045
5098,781,round_start,0,1,T_8c03018b,0,0,0,3046
5099,781,round_start,263.58,2,T_8c03018b,1,0,1,3046
5100,781,round_start,440.57,3,T_8c03018b,2,0,2,3046
5101,781,round_start,0,1,T_a02bf5e9,0,0,0,3047
5102,781,round_start,436.23,2,T_5568bd9d,0,3,0,3047
5103,781,round_start,0,1,T_a02bf5e9,0,0,0,3048
5104,781,round_start,502.75,2,T_5568bd9d,0,3,0,3048
5105,781,round_start,0,1,T_a02bf5e9,0,0,0,3049
5106,781,round_start,0,1,T_a02bf5e9,0,0,0,3050
5119,783,round_start,0,1,T_8c03018b,0,0,2,3057
5120,783,round_start,245.96,2,T_8c03018b,1,0,0,3057
5121,783,round_start,446.28,3,T_8c03018b,2,0,1,3057
5122,783,round_start,0,1,T_a02bf5e9,0,0,0,3058
5123,783,round_start,493,2,T_5568bd9d,0,3,0,3058
5124,783,round_start,0,1,T_a02bf5e9,0,0,0,3060
5125,783,round_start,0,1,T_a02bf5e9,0,0,0,3061
5126,783,round_start,0,1,T_a02bf5e9,0,0,0,3062
5127,783,round_start,240.04,2,T_5568bd9d,0,3,0,3062
5128,784,round_start,0,1,T_a02bf5e9,0,0,2,3063
5129,784,round_start,278.1,2,T_a02bf5e9,1,0,0,3063
5130,784,round_start,588.27,3,T_a02bf5e9,1,1,1,3063
5131,784,round_start,0,1,T_3d8065a6,0,0,0,3064
5132,784,round_start,240.04,2,T_f89d2836,0,3,0,3064
5133,784,round_start,0,1,T_3d8065a6,0,0,0,3065
5134,784,round_start,0,1,T_3d8065a6,0,0,0,3066
5135,784,round_start,416.35,2,T_f89d2836,0,3,0,3066
5136,784,round_start,0,1,T_3d8065a6,0,0,0,3067
5137,785,round_start,0,1,T_e731d6dd,0,0,0,3068
5138,785,round_start,319.06,2,T_e731d6dd,1,0,1,3068
5139,785,round_start,580.31,3,T_e731d6dd,1,1,2,3068
5140,785,round_start,0,1,T_e731d6dd,0,0,0,3069
5141,785,round_start,413.06,2,T_f89d2836,0,3,0,3069
5142,785,round_start,0,1,T_e731d6dd,0,0,0,3070
5143,785,round_start,485.17,2,T_f89d2836,0,3,0,3070
5144,785,round_start,0,1,T_e731d6dd,0,0,0,3071
5149,786,round_start,0,1,T_8c03018b,0,0,2,3074
5150,786,round_start,304.92,2,T_8c03018b,0,1,1,3074
5151,786,round_start,522.65,3,T_8c03018b,0,2,0,3074
5152,786,round_start,0,1,T_a02bf5e9,0,0,0,3075
5153,786,round_start,396.25,2,T_5568bd9d,0,3,0,3075
5154,786,round_start,0,1,T_a02bf5e9,0,0,0,3076
5155,786,round_start,0,1,T_a02bf5e9,0,0,0,3077
5156,786,round_start,245.87,2,T_5568bd9d,0,3,0,3077
5157,786,round_start,0,1,T_a02bf5e9,0,0,0,3078
5158,786,round_start,0,1,T_8c03018b,0,0,1,3079
5159,786,round_start,212.67,2,T_8c03018b,1,0,0,3079
5160,786,round_start,587.06,3,T_8c03018b,2,0,2,3079
5161,785,round_start,0,1,T_e731d6dd,0,0,0,3080
5162,785,round_start,0,1,T_e731d6dd,0,0,0,3081
5163,785,round_start,295.06,2,T_e731d6dd,1,0,1,3081
5164,785,round_start,610.51,3,T_e731d6dd,1,1,2,3081
5165,787,round_start,0,1,T_a02bf5e9,0,0,2,3082
5166,787,round_start,257.69,2,T_a02bf5e9,1,0,1,3082
5167,787,round_start,434.29,3,T_a02bf5e9,1,1,0,3082
5168,789,round_start,0,1,T_a02bf5e9,0,0,0,3084
5169,789,round_start,485.23,2,T_5568bd9d,0,3,0,3084
5170,789,round_start,0,1,T_8c03018b,0,0,0,3085
5171,789,round_start,227.23,2,T_8c03018b,1,0,1,3085
5172,789,round_start,383.02,3,T_8c03018b,1,1,2,3085
5173,789,round_start,0,1,T_a02bf5e9,0,0,0,3086
5174,789,round_start,0,1,T_a02bf5e9,0,0,0,3087
5175,789,round_start,456.48,2,T_5568bd9d,0,3,0,3087
5176,789,round_start,0,1,T_a02bf5e9,0,0,0,3088
5177,789,round_start,0,1,T_8c03018b,0,0,2,3089
5178,789,round_start,206.81,2,T_8c03018b,0,1,0,3089
5179,789,round_start,471.75,3,T_8c03018b,0,2,1,3089
5180,790,round_start,0,1,T_bbd123ed,0,0,2,3090
5181,790,round_start,186.9,2,T_bbd123ed,0,1,0,3090
5182,790,round_start,495.69,3,T_bbd123ed,0,2,1,3090
5183,790,round_start,0,1,T_bbd123ed,0,0,0,3091
5184,790,round_start,366.28,2,T_f89d2836,0,3,0,3091
5185,790,round_start,0,1,T_bbd123ed,0,0,0,3092
5195,791,round_start,0,1,T_13c50314,0,0,0,3097
5196,791,round_start,390.18,2,T_f89d2836,0,3,0,3097
5197,791,round_start,0,1,T_13c50314,0,0,0,3098
5198,791,round_start,0,1,T_13c50314,0,0,0,3099
5199,791,round_start,240.04,2,T_f89d2836,0,3,0,3099
5200,791,round_start,0,1,T_13c50314,0,0,0,3100
5201,792,round_start,0,1,T_88fa9b2f,0,0,0,3101
5202,792,round_start,208.43,2,T_88fa9b2f,1,0,2,3101
5203,792,round_start,515.65,3,T_88fa9b2f,2,0,1,3101
5204,792,round_start,0,1,T_88fa9b2f,0,0,0,3102
5205,792,round_start,404.82,2,T_f89d2836,0,3,0,3102
5206,792,round_start,0,1,T_88fa9b2f,0,0,0,3103
5207,792,round_start,0,1,T_88fa9b2f,0,0,0,3104
5208,792,round_start,518.76,2,T_f89d2836,0,3,0,3104
5209,792,round_start,0,1,T_88fa9b2f,0,0,0,3105
5210,793,round_start,0,1,T_a02bf5e9,0,0,0,3106
5211,793,round_start,162.95,2,T_a02bf5e9,0,1,2,3106
5212,793,round_start,431.03,3,T_a02bf5e9,0,2,1,3106
5214,793,round_start,0,1,T_a02bf5e9,0,0,0,3108
5217,793,round_start,0,1,T_a02bf5e9,0,0,0,3110
5218,793,round_start,265.69,2,T_5568bd9d,0,3,0,3110
5219,793,round_start,0,1,T_a02bf5e9,0,0,2,3111
5220,793,round_start,180.46,2,T_a02bf5e9,1,0,0,3111
5221,793,round_start,438.06,3,T_a02bf5e9,2,0,1,3111
5222,794,round_start,0,1,T_74aef977,0,0,0,3112
5223,794,round_start,195.85,2,T_74aef977,1,0,2,3112
5224,794,round_start,366.04,3,T_74aef977,2,0,1,3112
5225,794,round_start,0,1,T_74aef977,0,0,0,3113
5226,794,round_start,425.46,2,T_f89d2836,0,3,0,3113
5227,794,round_start,0,1,T_74aef977,0,0,0,3114
5228,794,round_start,240.04,2,T_f89d2836,0,3,0,3114
5230,794,round_start,0,1,T_74aef977,0,0,0,3116
5231,794,round_start,0,1,T_74aef977,0,0,0,3117
5232,794,round_start,245.4,2,T_f89d2836,0,3,0,3117
5233,795,round_start,0,1,T_a02bf5e9,0,0,0,3118
5234,795,round_start,0,1,T_a02bf5e9,0,0,0,3119
5235,795,round_start,0,1,T_a02bf5e9,0,0,0,3120
5236,795,round_start,536.48,2,T_5568bd9d,0,3,0,3120
5237,795,round_start,0,1,T_a02bf5e9,0,0,0,3121
5238,795,round_start,480.18,2,T_5568bd9d,0,3,0,3121
5239,795,round_start,0,1,T_8c03018b,0,0,0,3122
5240,795,round_start,158.95,2,T_8c03018b,1,0,2,3122
5241,795,round_start,404.49,3,T_8c03018b,2,0,1,3122
5252,228,round_start,0,1,T_a02bf5e9,0,0,0,3128
5253,228,round_start,0,1,T_a02bf5e9,0,0,0,3129
5254,228,round_start,0,1,T_a02bf5e9,0,0,0,3130
5255,228,round_start,0,1,T_a02bf5e9,0,0,0,3131
5256,228,round_start,0,1,T_a02bf5e9,0,0,0,3132
5257,776,round_start,0,1,T_a02bf5e9,0,0,0,3133
5258,797,round_start,0,1,T_8c03018b,0,0,1,3134
5259,797,round_start,228.67,2,T_8c03018b,0,1,0,3134
5260,797,round_start,444.53,3,T_8c03018b,0,2,2,3134
5261,797,round_start,0,1,T_a02bf5e9,0,0,0,3135
5262,797,round_start,298.64,2,T_5568bd9d,0,3,0,3135
5263,797,round_start,0,1,T_a02bf5e9,0,0,0,3136
5264,797,round_start,515.11,2,T_5568bd9d,0,3,0,3136
5265,797,round_start,0,1,T_a02bf5e9,0,0,0,3137
5266,797,round_start,0,1,T_a02bf5e9,0,0,0,3139
5267,797,round_start,0,1,T_8c03018b,0,0,1,3140
5268,797,round_start,182.99,2,T_8c03018b,0,1,2,3140
5269,797,round_start,466.97,3,T_8c03018b,1,1,0,3140
5270,798,round_start,0,1,T_a02bf5e9,0,0,0,3141
5271,798,round_start,334.89,2,T_a02bf5e9,0,1,2,3141
5272,798,round_start,615.88,3,T_a02bf5e9,1,1,1,3141
5290,800,round_start,0,1,T_6972b587,0,0,0,3150
5291,800,round_start,0,1,T_6972b587,0,0,0,3151
5292,800,round_start,0,1,T_6972b587,0,0,0,3152
5293,800,round_start,398.83,2,T_0cac1da9,0,3,0,3152
5294,800,round_start,0,1,T_8c03018b,0,0,2,3153
5295,800,round_start,271.96,2,T_8c03018b,0,1,1,3153
5296,800,round_start,602.44,3,T_8c03018b,1,1,0,3153
5306,801,round_start,0,1,T_60499986,0,0,0,3160
5307,801,round_start,0,1,T_8c03018b,0,0,2,3161
5308,801,round_start,294.2,2,T_8c03018b,0,1,1,3161
5309,801,round_start,593.2,3,T_8c03018b,1,1,0,3161
5310,806,round_start,0,1,T_8c03018b,0,0,2,3165
5313,806,round_start,0,1,T_aefb449f,0,0,0,3166
5314,806,round_start,430.07,2,T_41345007,0,3,0,3166
5311,806,round_start,248.15,2,T_8c03018b,1,0,0,3165
5312,806,round_start,524.48,3,T_8c03018b,1,1,1,3165
5319,806,round_start,0,1,T_8c03018b,0,0,1,3170
5320,806,round_start,294.72,2,T_8c03018b,1,0,2,3170
5321,806,round_start,555.8,3,T_8c03018b,1,1,0,3170
5315,806,round_start,0,1,T_aefb449f,0,0,0,3167
5317,806,round_start,0,1,T_aefb449f,0,0,0,3169
5318,806,round_start,305.97,2,T_41345007,0,3,0,3169
5322,806,round_start,0,1,T_aefb449f,0,0,0,3171
5323,806,round_start,229.91,2,T_41345007,0,3,0,3171
5324,807,round_start,0,1,T_8c03018b,0,0,0,3172
5325,807,round_start,285.96,2,T_8c03018b,0,1,2,3172
5326,807,round_start,555.34,3,T_8c03018b,1,1,1,3172
5327,807,round_start,0,1,T_d0d58b2d,0,0,0,3173
5328,807,round_start,240.04,2,T_0cac1da9,0,3,0,3173
5329,807,round_start,0,1,T_d0d58b2d,0,0,0,3174
5330,807,round_start,0,1,T_d0d58b2d,0,0,0,3175
5333,807,round_start,0,1,T_8c03018b,0,0,0,3177
5334,807,round_start,213.13,2,T_8c03018b,1,0,2,3177
5335,807,round_start,404.9,3,T_8c03018b,2,0,1,3177
5336,808,round_start,0,1,T_8c03018b,0,0,1,3178
5337,808,round_start,301.37,2,T_8c03018b,0,1,0,3178
5338,808,round_start,506.7,3,T_8c03018b,1,1,2,3178
5344,808,round_start,0,1,T_7e4eb8f8,0,0,0,3181
5345,808,round_start,0,1,T_7e4eb8f8,0,0,0,3182
5348,808,round_start,0,1,T_8c03018b,0,0,2,3184
5349,808,round_start,279.78,2,T_8c03018b,0,1,1,3184
5350,808,round_start,438.7,3,T_8c03018b,1,1,0,3184
5351,809,round_start,0,1,T_8c03018b,0,0,1,3185
5352,809,round_start,180.24,2,T_8c03018b,1,0,2,3185
5353,809,round_start,442.58,3,T_8c03018b,1,1,0,3185
5354,809,round_start,0,1,T_118b16fa,0,0,0,3186
5355,809,round_start,503.01,2,T_0cac1da9,0,3,0,3186
5356,809,round_start,0,1,T_118b16fa,0,0,0,3187
5357,809,round_start,0,1,T_118b16fa,0,0,0,3188
5358,809,round_start,0,1,T_118b16fa,0,0,0,3189
5359,809,round_start,310.66,2,T_0cac1da9,0,3,0,3189
5360,809,round_start,0,1,T_8c03018b,0,0,0,3190
5361,809,round_start,178.03,2,T_8c03018b,1,0,1,3190
5362,809,round_start,448.9,3,T_8c03018b,1,1,2,3190
5363,810,round_start,0,1,T_6f1da461,0,0,0,3191
5364,810,round_start,434.15,2,T_0c568a57,0,3,0,3191
5365,810,round_start,0,1,T_6f1da461,0,0,0,3192
5366,810,round_start,434.15,2,T_0c568a57,0,3,0,3192
5367,810,round_start,0,1,T_6f1da461,0,0,0,3193
5368,810,round_start,434.15,2,T_0c568a57,0,3,0,3193
5369,810,round_start,0,1,T_6f1da461,0,0,0,3195
5370,810,round_start,434.15,2,T_0c568a57,0,3,0,3195
5371,810,round_start,0,1,T_6f1da461,0,0,0,3197
5372,810,round_start,434.15,2,T_0c568a57,0,3,0,3197
5373,812,round_start,0,1,T_a02bf5e9,0,0,0,3198
5374,812,round_start,430.29,2,T_5568bd9d,0,3,0,3198
5377,811,round_start,0,1,T_a02bf5e9,0,0,0,3200
5378,811,round_start,0,1,T_a02bf5e9,0,0,0,3201
5379,811,round_start,495.77,2,T_5568bd9d,0,3,0,3201
5380,811,round_start,0,1,T_a02bf5e9,0,0,0,3202
5381,811,round_start,0,1,T_a02bf5e9,0,0,0,3203
5382,811,round_start,512.35,2,T_5568bd9d,0,3,0,3203
5383,811,round_start,0,1,T_8c03018b,0,0,0,3204
5384,811,round_start,328.06,2,T_8c03018b,1,0,2,3204
5385,811,round_start,693.63,3,T_8c03018b,2,0,1,3204
5386,813,round_start,0,1,T_8c03018b,0,0,1,3205
5387,813,round_start,237.54,2,T_8c03018b,1,0,0,3205
5388,813,round_start,493.45,3,T_8c03018b,1,1,2,3205
5389,813,round_start,0,1,T_a02bf5e9,0,0,0,3206
5390,813,round_start,480.22,2,T_5568bd9d,0,3,0,3206
5391,813,round_start,0,1,T_a02bf5e9,0,0,0,3207
5392,813,round_start,440.98,2,T_5568bd9d,0,3,0,3207
5393,813,round_start,0,1,T_a02bf5e9,0,0,0,3208
5394,813,round_start,0,1,T_a02bf5e9,0,0,0,3209
5395,813,round_start,0,1,T_8c03018b,0,0,2,3210
5396,813,round_start,221.01,2,T_8c03018b,1,0,1,3210
5397,813,round_start,498.69,3,T_8c03018b,2,0,0,3210
5398,815,round_start,0,1,T_8c03018b,0,0,2,3211
5399,815,round_start,215.6,2,T_8c03018b,1,0,1,3211
5400,815,round_start,388.35,3,T_8c03018b,2,0,0,3211
5403,815,round_start,0,1,T_a02bf5e9,0,0,0,3213
5404,815,round_start,480.22,2,T_5568bd9d,0,3,0,3213
5405,815,round_start,0,1,T_a02bf5e9,0,0,0,3214
5406,815,round_start,0,1,T_a02bf5e9,0,0,0,3215
5407,815,round_start,0,1,T_8c03018b,0,0,0,3216
5408,815,round_start,338.97,2,T_8c03018b,1,0,2,3216
5409,815,round_start,500.84,3,T_8c03018b,2,0,1,3216
5410,816,round_start,0,1,T_f6bda5c7,0,0,1,3217
5411,816,round_start,169.02,2,T_f6bda5c7,0,1,0,3217
5412,816,round_start,448.73,3,T_f6bda5c7,0,2,2,3217
5413,816,round_start,0,1,T_f6bda5c7,0,0,0,3218
5414,816,round_start,416.26,2,T_f89d2836,0,3,0,3218
5415,816,round_start,0,1,T_f6bda5c7,0,0,0,3219
5416,816,round_start,0,1,T_f6bda5c7,0,0,0,3220
5417,816,round_start,466.76,2,T_f89d2836,0,3,0,3220
5418,816,round_start,0,1,T_f6bda5c7,0,0,0,3221
5419,817,round_start,0,1,T_670ede79,0,0,2,3222
5420,817,round_start,311.68,2,T_670ede79,1,0,0,3222
5421,817,round_start,557.64,3,T_670ede79,1,1,1,3222
5422,817,round_start,0,1,T_670ede79,0,0,0,3223
5423,817,round_start,490.58,2,T_f89d2836,0,3,0,3223
5424,817,round_start,0,1,T_670ede79,0,0,0,3224
5428,817,round_start,0,1,T_670ede79,0,0,0,3229
5429,817,round_start,316.3,2,T_670ede79,0,1,1,3229
5430,817,round_start,635.6,3,T_670ede79,0,2,2,3229
5431,818,round_start,0,1,T_8c03018b,0,0,2,3230
5432,818,round_start,311.4,2,T_8c03018b,1,0,0,3230
5433,818,round_start,645.66,3,T_8c03018b,2,0,1,3230
5434,818,round_start,0,1,T_a02bf5e9,0,0,0,3231
5435,818,round_start,414.61,2,T_5568bd9d,0,3,0,3231
5436,818,round_start,0,1,T_a02bf5e9,0,0,0,3232
5437,818,round_start,486.51,2,T_5568bd9d,0,3,0,3232
5438,818,round_start,0,1,T_a02bf5e9,0,0,0,3233
5439,818,round_start,0,1,T_a02bf5e9,0,0,0,3234
5440,818,round_start,0,1,T_8c03018b,0,0,1,3238
5441,818,round_start,294.52,2,T_8c03018b,0,1,2,3238
5442,818,round_start,606.15,3,T_8c03018b,0,2,0,3238
5447,819,round_start,0,1,T_8c03018b,0,0,1,3241
5448,819,round_start,229.14,2,T_8c03018b,1,0,0,3241
5449,819,round_start,427.92,3,T_8c03018b,2,0,2,3241
5450,819,round_start,0,1,T_a02bf5e9,0,0,0,3242
5451,819,round_start,526.61,2,T_5568bd9d,0,3,0,3242
5452,819,round_start,0,1,T_a02bf5e9,0,0,0,3243
5453,819,round_start,390.21,2,T_5568bd9d,0,3,0,3243
5454,819,round_start,0,1,T_a02bf5e9,0,0,0,3244
5455,819,round_start,0,1,T_a02bf5e9,0,0,0,3245
5465,820,round_start,0,1,T_a02bf5e9,0,0,0,3249
5466,820,round_start,431.82,2,T_5568bd9d,0,3,0,3249
5467,820,round_start,0,1,T_a02bf5e9,0,0,0,3250
5468,820,round_start,255.97,2,T_5568bd9d,0,3,0,3250
5469,820,round_start,0,1,T_a02bf5e9,0,0,0,3251
5470,820,round_start,0,1,T_a02bf5e9,0,0,0,3252
5471,820,round_start,0,1,T_a02bf5e9,0,0,2,3253
5472,821,round_start,0,1,T_a02bf5e9,0,0,1,3254
5473,821,round_start,238.45,2,T_a02bf5e9,0,1,2,3254
5474,821,round_start,462.36,3,T_a02bf5e9,0,2,0,3254
5475,822,round_start,0,1,T_8c03018b,0,0,2,3257
5476,822,round_start,169.64,2,T_8c03018b,1,0,0,3257
5477,822,round_start,428.65,3,T_8c03018b,2,0,1,3257
5480,822,round_start,0,1,T_a02bf5e9,0,0,0,3259
5481,822,round_start,495.9,2,T_5568bd9d,0,3,0,3259
5482,822,round_start,0,1,T_a02bf5e9,0,0,0,3260
5483,822,round_start,250.84,2,T_5568bd9d,0,3,0,3260
5484,822,round_start,0,1,T_a02bf5e9,0,0,0,3261
5485,822,round_start,0,1,T_a02bf5e9,0,0,0,3262
5486,822,round_start,0,1,T_a02bf5e9,0,0,2,3263
5487,823,round_start,0,1,T_a02bf5e9,0,0,1,3264
5488,823,round_start,321.89,2,T_a02bf5e9,0,1,2,3264
5489,823,round_start,540.46,3,T_a02bf5e9,1,1,0,3264
5490,823,round_start,0,1,T_df89caee,0,0,0,3265
5491,823,round_start,512.64,2,T_f89d2836,0,3,0,3265
5492,823,round_start,0,1,T_df89caee,0,0,0,3266
5493,823,round_start,0,1,T_df89caee,0,0,0,3267
5494,823,round_start,0,1,T_df89caee,0,0,0,3268
5495,823,round_start,496.82,2,T_f89d2836,0,3,0,3268
5496,824,round_start,0,1,T_8c03018b,0,0,0,3269
5497,824,round_start,223.63,2,T_8c03018b,1,0,1,3269
5498,824,round_start,433.84,3,T_8c03018b,2,0,2,3269
5499,824,round_start,0,1,T_0870238b,0,0,0,3270
5500,824,round_start,279.44,2,T_ce85a3e2,0,3,0,3270
5501,824,round_start,0,1,T_0870238b,0,0,0,3271
5502,824,round_start,0,1,T_0870238b,0,0,0,3272
5503,824,round_start,410.9,2,T_ce85a3e2,0,3,0,3272
5504,824,round_start,0,1,T_0870238b,0,0,0,3273
5505,824,round_start,0,1,T_0870238b,0,0,2,3274
5506,825,round_start,0,1,T_a02bf5e9,0,0,2,3275
5507,825,round_start,260.72,2,T_a02bf5e9,1,0,1,3275
5508,825,round_start,430.16,3,T_a02bf5e9,1,1,0,3275
5509,825,round_start,0,1,T_3eeab546,0,0,0,3276
5510,825,round_start,270.14,2,T_5a16ee7f,0,3,0,3276
5511,825,round_start,0,1,T_3eeab546,0,0,0,3277
5512,825,round_start,0,1,T_3eeab546,0,0,0,3278
5513,825,round_start,318.71,2,T_5a16ee7f,0,3,0,3278
5514,825,round_start,784.57,3,T_5a16ee7f,3,3,0,3278
5519,826,round_start,0,1,T_a02bf5e9,0,0,0,3283
5520,826,round_start,523.71,2,T_5568bd9d,0,3,0,3283
5521,826,round_start,0,1,T_a02bf5e9,0,0,0,3284
5522,826,round_start,418.2,2,T_5568bd9d,0,3,0,3284
5523,826,round_start,0,1,T_a02bf5e9,0,0,0,3286
5524,826,round_start,0,1,T_a02bf5e9,0,0,0,3287
5525,826,round_start,0,1,T_8c03018b,0,0,2,3288
5526,826,round_start,329.14,2,T_8c03018b,0,1,0,3288
5527,826,round_start,495.32,3,T_8c03018b,1,1,1,3288
5539,828,round_start,0,1,T_a02bf5e9,0,0,0,3296
5540,828,round_start,274.93,2,T_5568bd9d,0,3,0,3296
5541,828,round_start,0,1,T_8c03018b,0,0,0,3298
5542,828,round_start,268.04,2,T_8c03018b,0,1,1,3298
5543,828,round_start,440.78,3,T_8c03018b,0,2,2,3298
5544,828,round_start,0,1,T_a02bf5e9,0,0,0,3300
5545,828,round_start,464.95,2,T_5568bd9d,0,3,0,3300
5546,828,round_start,0,1,T_8c03018b,0,0,1,3302
5547,828,round_start,345.48,2,T_8c03018b,0,1,2,3302
5548,828,round_start,588.3,3,T_8c03018b,1,1,0,3302
5549,828,round_start,0,1,T_a02bf5e9,0,0,0,3303
5550,828,round_start,494.37,2,T_5568bd9d,0,3,0,3303
5555,830,round_start,0,1,T_8c03018b,0,0,0,3306
5556,830,round_start,320.85,2,T_8c03018b,1,0,1,3306
5557,830,round_start,668.45,3,T_8c03018b,2,0,2,3306
5560,830,round_start,0,1,T_a02bf5e9,0,0,0,3309
5561,830,round_start,0,1,T_a02bf5e9,0,0,0,3310
5562,830,round_start,240.04,2,T_5568bd9d,0,3,0,3310
5563,830,round_start,0,1,T_a02bf5e9,0,0,0,3311
5565,831,round_start,0,1,T_a02bf5e9,0,0,2,3315
5566,831,round_start,0,1,T_a02bf5e9,0,0,0,3316
5567,831,round_start,0,1,T_a02bf5e9,0,0,0,3317
5568,831,round_start,0,1,T_a02bf5e9,0,0,0,3318
5569,831,round_start,413.36,2,T_5568bd9d,0,3,0,3318
5570,831,round_start,0,1,T_a02bf5e9,0,0,0,3319
5571,831,round_start,536.16,2,T_5568bd9d,0,3,0,3319
5574,831,round_start,0,1,T_8c03018b,0,0,0,3321
5575,831,round_start,309.89,2,T_8c03018b,1,0,1,3321
5576,831,round_start,526.17,3,T_8c03018b,2,0,2,3321
5577,832,round_start,0,1,T_a02bf5e9,0,0,0,3322
5578,832,round_start,480.13,2,T_5568bd9d,0,3,0,3322
5579,832,round_start,0,1,T_a02bf5e9,0,0,0,3323
5580,832,round_start,0,1,T_8c03018b,0,0,2,3324
5581,832,round_start,237.88,2,T_8c03018b,0,1,0,3324
5582,832,round_start,498.19,3,T_8c03018b,0,2,1,3324
5589,833,round_start,0,1,T_8c03018b,0,0,0,3328
5590,833,round_start,196.1,2,T_8c03018b,1,0,2,3328
5591,833,round_start,370.91,3,T_8c03018b,1,1,1,3328
5592,833,round_start,0,1,T_a02bf5e9,0,0,0,3329
5593,833,round_start,378.49,2,T_5568bd9d,0,3,0,3329
5594,833,round_start,0,1,T_a02bf5e9,0,0,0,3330
5595,833,round_start,395.71,2,T_5568bd9d,0,3,0,3330
5596,833,round_start,0,1,T_a02bf5e9,0,0,0,3331
5597,833,round_start,0,1,T_a02bf5e9,0,0,0,3333
5598,833,round_start,508.81,2,T_5568bd9d,0,3,0,3333
5599,833,round_start,0,1,T_a02bf5e9,0,0,0,3334
5600,834,round_start,0,1,T_8c03018b,0,0,2,3335
5601,834,round_start,249.34,2,T_8c03018b,0,1,0,3335
5602,834,round_start,457.05,3,T_8c03018b,1,1,1,3335
5603,834,round_start,0,1,T_a02bf5e9,0,0,0,3336
5604,834,round_start,396.83,2,T_5568bd9d,0,3,0,3336
5605,834,round_start,0,1,T_a02bf5e9,0,0,0,3337
5606,834,round_start,0,1,T_a02bf5e9,0,0,0,3338
5607,834,round_start,0,1,T_a02bf5e9,0,0,0,3339
5608,834,round_start,500.33,2,T_5568bd9d,0,3,0,3339
5609,834,round_start,0,1,T_8c03018b,0,0,1,3340
5610,834,round_start,388.73,2,T_8c03018b,1,0,0,3340
5611,834,round_start,630.39,3,T_8c03018b,1,1,2,3340
5612,835,round_start,0,1,T_8c03018b,0,0,0,3341
5613,835,round_start,191.3,2,T_8c03018b,1,0,2,3341
5614,835,round_start,483.47,3,T_8c03018b,1,1,1,3341
5615,835,round_start,0,1,T_a02bf5e9,0,0,0,3342
5616,835,round_start,245.05,2,T_5568bd9d,0,3,0,3342
5617,835,round_start,0,1,T_a02bf5e9,0,0,0,3344
5618,835,round_start,526.51,2,T_5568bd9d,0,3,0,3344
5619,835,round_start,0,1,T_a02bf5e9,0,0,0,3345
5620,835,round_start,0,1,T_a02bf5e9,0,0,0,3346
5621,835,round_start,0,1,T_8c03018b,0,0,2,3351
5622,835,round_start,201.14,2,T_8c03018b,0,1,0,3351
5623,835,round_start,571.11,3,T_8c03018b,0,2,1,3351
5624,836,round_start,0,1,T_a02bf5e9,0,0,0,3352
5625,836,round_start,470.58,2,T_5568bd9d,0,3,0,3352
5626,839,round_start,0,1,T_a02bf5e9,0,0,1,3353
5627,839,round_start,290.52,2,T_a02bf5e9,1,0,0,3353
5628,839,round_start,623.67,3,T_a02bf5e9,2,0,2,3353
5629,841,round_start,0,1,T_8c03018b,0,0,1,3354
5630,841,round_start,290.45,2,T_8c03018b,0,1,2,3354
5631,841,round_start,542.32,3,T_8c03018b,1,1,0,3354
5635,841,round_start,0,1,T_7c9ebfb0,0,0,0,3360
5636,841,round_start,0,1,T_7c9ebfb0,0,0,0,3361
5637,841,round_start,485.2,2,T_ce85a3e2,0,3,0,3361
5639,841,round_start,0,1,T_8c03018b,0,0,1,3364
5640,841,round_start,177.82,2,T_8c03018b,1,0,0,3364
5641,841,round_start,415.24,3,T_8c03018b,1,1,2,3364
5650,842,round_start,0,1,T_a02bf5e9,0,0,0,3368
5651,842,round_start,0,1,T_a02bf5e9,0,0,0,3369
5654,842,round_start,0,1,T_a02bf5e9,0,0,0,3371
5655,843,round_start,0,1,T_a02bf5e9,0,0,0,3372
5656,843,round_start,246.28,2,T_a02bf5e9,0,1,1,3372
5657,843,round_start,403.9,3,T_a02bf5e9,1,1,2,3372
5663,843,round_start,0,1,T_a02bf5e9,0,0,0,3376
5658,843,round_start,0,1,T_a02bf5e9,0,0,0,3373
5659,843,round_start,422.46,2,T_5568bd9d,0,3,0,3373
5660,843,round_start,0,1,T_a02bf5e9,0,0,0,3374
5661,843,round_start,263.12,2,T_5568bd9d,0,3,0,3374
5662,843,round_start,0,1,T_a02bf5e9,0,0,0,3375
5664,843,round_start,0,1,T_a02bf5e9,0,0,0,3377
5665,843,round_start,274.33,2,T_5568bd9d,0,3,0,3377
5666,844,round_start,0,1,T_a02bf5e9,0,0,0,3378
5667,844,round_start,277.54,2,T_a02bf5e9,1,0,2,3378
5668,844,round_start,544.65,3,T_a02bf5e9,2,0,1,3378
5669,844,round_start,0,1,T_a02bf5e9,0,0,0,3379
5670,844,round_start,421.27,2,T_5568bd9d,0,3,0,3379
5671,844,round_start,0,1,T_a02bf5e9,0,0,0,3380
5672,844,round_start,0,1,T_a02bf5e9,0,0,0,3381
5673,844,round_start,416.48,2,T_5568bd9d,0,3,0,3381
5674,844,round_start,0,1,T_a02bf5e9,0,0,0,3382
5678,845,round_start,0,1,T_a02bf5e9,0,0,2,3384
5679,845,round_start,161.22,2,T_a02bf5e9,0,1,0,3384
5680,845,round_start,498.23,3,T_a02bf5e9,0,2,1,3384
5681,845,round_start,0,1,T_a02bf5e9,0,0,0,3385
5682,845,round_start,390.17,2,T_5568bd9d,0,3,0,3385
5683,845,round_start,0,1,T_a02bf5e9,0,0,0,3386
5684,845,round_start,0,1,T_a02bf5e9,0,0,0,3387
5685,845,round_start,490.75,2,T_5568bd9d,0,3,0,3387
5686,845,round_start,0,1,T_a02bf5e9,0,0,2,3390
5687,845,round_start,240.76,2,T_a02bf5e9,0,1,0,3390
5688,845,round_start,466.68,3,T_a02bf5e9,1,1,1,3390
5689,533,round_start,0,1,T_a02bf5e9,0,0,0,3391
5690,533,round_start,0,1,T_a02bf5e9,0,0,0,3392
5691,845,round_start,0,1,T_a02bf5e9,0,0,0,3393
5692,846,round_start,0,1,T_a02bf5e9,0,0,2,3394
5693,847,round_start,0,1,T_8c03018b,0,0,1,3395
5694,847,round_start,312.94,2,T_8c03018b,0,1,2,3395
5695,847,round_start,545.83,3,T_8c03018b,1,1,0,3395
5696,847,round_start,0,1,T_574fdbc7,0,0,0,3396
5697,847,round_start,0,1,T_574fdbc7,0,0,0,3397
5698,847,round_start,431.31,2,T_5e7e44ee,0,3,0,3397
5699,847,round_start,0,1,T_574fdbc7,0,0,0,3398
5700,847,round_start,246.81,2,T_5e7e44ee,0,3,0,3398
5701,847,round_start,0,1,T_574fdbc7,0,0,0,3399
5702,847,round_start,0,1,T_574fdbc7,0,0,0,3400
5703,847,round_start,395.23,2,T_5e7e44ee,0,3,0,3400
5704,847,round_start,0,1,T_8c03018b,0,0,0,3401
5705,847,round_start,198.29,2,T_8c03018b,1,0,1,3401
5706,847,round_start,404.97,3,T_8c03018b,2,0,2,3401
5707,848,round_start,0,1,T_a02bf5e9,0,0,0,3402
5708,848,round_start,203.34,2,T_a02bf5e9,1,0,1,3402
5709,848,round_start,468.25,3,T_a02bf5e9,1,1,2,3402
5710,848,round_start,0,1,T_a02bf5e9,0,0,0,3403
5711,848,round_start,493.57,2,T_5568bd9d,0,3,0,3403
5712,848,round_start,0,1,T_a02bf5e9,0,0,0,3404
5713,848,round_start,0,1,T_a02bf5e9,0,0,0,3405
5714,848,round_start,248.73,2,T_5568bd9d,0,3,0,3405
5715,848,round_start,0,1,T_a02bf5e9,0,0,0,3406
5716,848,round_start,203.34,2,T_a02bf5e9,1,0,1,3406
5717,848,round_start,468.25,3,T_a02bf5e9,1,1,2,3406
5718,848,round_start,0,1,T_a02bf5e9,0,0,0,3407
5719,848,round_start,0,1,T_a02bf5e9,0,0,0,3408
5720,848,round_start,437.09,2,T_5568bd9d,0,3,0,3408
5721,848,round_start,1003.05,3,T_5568bd9d,3,3,0,3408
5722,849,round_start,0,1,T_8c03018b,0,0,1,3409
5723,849,round_start,166.6,2,T_8c03018b,1,0,0,3409
5724,849,round_start,322.29,3,T_8c03018b,2,0,2,3409
5725,849,round_start,0,1,T_a02bf5e9,0,0,0,3410
5726,849,round_start,536.43,2,T_5568bd9d,0,3,0,3410
5727,849,round_start,0,1,T_a02bf5e9,0,0,0,3411
5728,849,round_start,0,1,T_a02bf5e9,0,0,0,3412
5729,849,round_start,258.97,2,T_5568bd9d,0,3,0,3412
5730,849,round_start,0,1,T_a02bf5e9,0,0,0,3413
5731,849,round_start,0,1,T_8c03018b,0,0,2,3414
5732,849,round_start,237.21,2,T_8c03018b,1,0,1,3414
5733,849,round_start,525.37,3,T_8c03018b,1,1,0,3414
5739,850,round_start,0,1,T_a02bf5e9,0,0,0,3417
5740,850,round_start,395.2,2,T_5568bd9d,0,3,0,3417
5741,850,round_start,0,1,T_a02bf5e9,0,0,0,3419
5742,850,round_start,447.88,2,T_5568bd9d,0,3,0,3419
5743,850,round_start,0,1,T_a02bf5e9,0,0,0,3420
5744,850,round_start,290.9,2,T_a02bf5e9,1,0,2,3420
5745,850,round_start,600.55,3,T_a02bf5e9,1,1,1,3420
5746,851,round_start,0,1,T_8c03018b,0,0,2,3422
5747,851,round_start,215.23,2,T_8c03018b,1,0,1,3422
5748,851,round_start,457.31,3,T_8c03018b,2,0,0,3422
5749,851,round_start,0,1,T_a02bf5e9,0,0,0,3423
5750,851,round_start,414.31,2,T_5568bd9d,0,3,0,3423
5751,851,round_start,0,1,T_a02bf5e9,0,0,0,3424
5752,851,round_start,0,1,T_a02bf5e9,0,0,0,3425
5753,851,round_start,0,1,T_a02bf5e9,0,0,0,3426
5754,851,round_start,493.3,2,T_5568bd9d,0,3,0,3426
5755,851,round_start,0,1,T_a02bf5e9,0,0,2,3427
5756,852,round_start,0,1,T_8c03018b,0,0,1,3428
5757,852,round_start,279.97,2,T_8c03018b,1,0,2,3428
5758,852,round_start,458.35,3,T_8c03018b,2,0,0,3428
5759,852,round_start,0,1,T_b56b2566,0,0,0,3429
5760,852,round_start,396.36,2,T_af393e70,0,3,0,3429
5761,852,round_start,0,1,T_b56b2566,0,0,0,3430
5762,852,round_start,0,1,T_b56b2566,0,0,0,3431
5763,852,round_start,480.2,2,T_af393e70,0,3,0,3431
5764,852,round_start,0,1,T_b56b2566,0,0,0,3432
5765,852,round_start,0,1,T_8c03018b,0,0,2,3433
5766,852,round_start,204.04,2,T_8c03018b,1,0,0,3433
5767,852,round_start,400.73,3,T_8c03018b,2,0,1,3433
5768,853,round_start,0,1,T_8c03018b,0,0,2,3434
5769,853,round_start,158.07,2,T_8c03018b,1,0,0,3434
5770,853,round_start,349.32,3,T_8c03018b,2,0,1,3434
5771,853,round_start,0,1,T_a02bf5e9,0,0,0,3435
5772,853,round_start,522.17,2,T_5568bd9d,0,3,0,3435
5774,853,round_start,0,1,T_a02bf5e9,0,0,0,3437
5775,853,round_start,414.59,2,T_5568bd9d,0,3,0,3437
5776,853,round_start,0,1,T_a02bf5e9,0,0,0,3438
5777,853,round_start,0,1,T_a02bf5e9,0,0,0,3439
5778,853,round_start,438.08,2,T_5568bd9d,0,3,0,3439
5779,854,round_start,0,1,T_a02bf5e9,0,0,0,3440
5780,854,round_start,407.45,2,T_5568bd9d,0,3,0,3440
5781,854,round_start,0,1,T_a02bf5e9,0,0,0,3441
5782,854,round_start,320.61,2,T_5568bd9d,0,3,0,3441
5783,854,round_start,666.83,3,T_5568bd9d,3,3,0,3441
5784,854,round_start,0,1,T_a02bf5e9,0,0,1,3442
5785,854,round_start,286.97,2,T_a02bf5e9,1,0,0,3442
5786,854,round_start,502.39,3,T_a02bf5e9,1,1,2,3442
5787,854,round_start,0,1,T_a02bf5e9,0,0,0,3443
5788,854,round_start,0,1,T_a02bf5e9,0,0,0,3444
5789,854,round_start,0,1,T_a02bf5e9,0,0,0,3445
5790,854,round_start,267.13,2,T_a02bf5e9,1,0,2,3445
5791,854,round_start,481.7,3,T_a02bf5e9,2,0,1,3445
5792,855,round_start,0,1,T_a02bf5e9,0,0,0,3446
5793,855,round_start,245.69,2,T_a02bf5e9,0,1,1,3446
5794,855,round_start,430.39,3,T_a02bf5e9,0,2,2,3446
5795,855,round_start,0,1,T_a02bf5e9,0,0,0,3447
5796,855,round_start,456.74,2,T_5568bd9d,0,3,0,3447
5797,855,round_start,0,1,T_a02bf5e9,0,0,0,3448
5798,855,round_start,513.19,2,T_5568bd9d,0,3,0,3448
5799,855,round_start,0,1,T_a02bf5e9,0,0,0,3449
5800,855,round_start,417.13,2,T_5568bd9d,0,3,0,3449
5801,855,round_start,0,1,T_a02bf5e9,0,0,2,3450
5802,856,round_start,0,1,T_8c03018b,0,0,2,3451
5803,856,round_start,229.63,2,T_8c03018b,0,1,1,3451
5804,856,round_start,558.86,3,T_8c03018b,1,1,0,3451
5805,856,round_start,0,1,T_1bd88229,0,0,0,3452
5806,856,round_start,443.93,2,T_ce85a3e2,0,3,0,3452
5807,856,round_start,0,1,T_1bd88229,0,0,0,3453
5808,856,round_start,0,1,T_1bd88229,0,0,0,3454
5809,856,round_start,278.59,2,T_ce85a3e2,0,3,0,3454
5810,856,round_start,0,1,T_1bd88229,0,0,0,3455
5811,856,round_start,0,1,T_1bd88229,0,0,0,3456
5812,856,round_start,490.93,2,T_ce85a3e2,0,3,0,3456
5813,857,round_start,0,1,T_8c03018b,0,0,0,3457
5814,857,round_start,323.53,2,T_8c03018b,1,0,2,3457
5815,857,round_start,544.17,3,T_8c03018b,2,0,1,3457
5816,857,round_start,0,1,T_6364b37a,0,0,0,3460
5817,857,round_start,418.67,2,T_9c351c5b,0,3,0,3460
5818,858,round_start,0,1,T_a02bf5e9,0,0,2,3463
5819,858,round_start,315.93,2,T_a02bf5e9,1,0,1,3463
5820,858,round_start,548.05,3,T_a02bf5e9,1,1,0,3463
5821,858,round_start,0,1,T_a02bf5e9,0,0,0,3464
5822,858,round_start,425.57,2,T_5568bd9d,0,3,0,3464
5823,858,round_start,0,1,T_a02bf5e9,0,0,0,3465
5824,858,round_start,0,1,T_a02bf5e9,0,0,0,3466
5825,858,round_start,245.03,2,T_5568bd9d,0,3,0,3466
5826,858,round_start,0,1,T_a02bf5e9,0,0,0,3467
5829,859,round_start,0,1,T_a02bf5e9,0,0,0,3469
5830,859,round_start,348.42,2,T_5568bd9d,0,3,0,3469
5831,859,round_start,0,1,T_a02bf5e9,0,0,0,3470
5832,859,round_start,0,1,T_a02bf5e9,0,0,0,3471
5835,860,round_start,0,1,T_a02bf5e9,0,0,1,3473
5836,860,round_start,221.87,2,T_a02bf5e9,1,0,2,3473
5837,860,round_start,552.98,3,T_a02bf5e9,1,1,0,3473
5840,860,round_start,0,1,T_a02bf5e9,0,0,0,3476
5841,860,round_start,0,1,T_a02bf5e9,0,0,0,3477
5842,860,round_start,248.54,2,T_5568bd9d,0,3,0,3477
5843,863,round_start,0,1,T_da38c0e7,0,0,0,3480
5844,863,round_start,361.92,2,T_801994be,0,3,0,3480
5845,863,round_start,0,1,T_da38c0e7,0,0,0,3481
5846,864,round_start,0,1,T_a02bf5e9,0,0,0,3483
5847,864,round_start,390.12,2,T_5568bd9d,0,3,0,3483
5848,864,round_start,0,1,T_a02bf5e9,0,0,0,3484
5849,864,round_start,0,1,T_a02bf5e9,0,0,0,3485
5850,864,round_start,240.04,2,T_5568bd9d,0,3,0,3485
5851,864,round_start,0,1,T_a02bf5e9,0,0,0,3486
5852,864,round_start,0,1,T_a02bf5e9,0,0,1,3487
5853,864,round_start,218.69,2,T_a02bf5e9,1,0,2,3487
5854,864,round_start,389.86,3,T_a02bf5e9,2,0,0,3487
5855,863,round_start,0,1,T_8c03018b,0,0,2,3488
5856,863,round_start,247.93,2,T_8c03018b,1,0,0,3488
5857,863,round_start,426.43,3,T_8c03018b,2,0,1,3488
5858,863,round_start,0,1,T_da38c0e7,0,0,0,3489
5859,863,round_start,485.29,2,T_801994be,0,3,0,3489
5860,863,round_start,0,1,T_da38c0e7,0,0,0,3490
5861,868,round_start,0,1,T_a02bf5e9,0,0,0,3492
5862,868,round_start,567.25,2,T_5568bd9d,0,2,0,3492
5863,868,round_start,0,1,T_a02bf5e9,0,0,0,3494
5864,868,round_start,358.53,2,T_5568bd9d,0,3,0,3494
5865,869,round_start,0,1,T_a02bf5e9,0,0,1,3495
5866,869,round_start,238.55,2,T_a02bf5e9,1,0,2,3495
5867,869,round_start,474.15,3,T_a02bf5e9,1,1,0,3495
5868,869,round_start,0,1,T_a02bf5e9,0,0,0,3496
5869,869,round_start,519.21,2,T_5568bd9d,0,3,0,3496
5870,869,round_start,0,1,T_a02bf5e9,0,0,0,3497
5871,869,round_start,240.04,2,T_5568bd9d,0,3,0,3497
5872,869,round_start,0,1,T_a02bf5e9,0,0,0,3498
5873,869,round_start,0,1,T_a02bf5e9,0,0,0,3500
5874,869,round_start,241.77,2,T_5568bd9d,0,3,0,3500
5875,869,round_start,0,1,T_a02bf5e9,0,0,0,3502
5876,870,round_start,0,1,T_d0288b63,0,0,0,3503
5877,870,round_start,0,1,T_d0288b63,0,0,0,3504
5878,870,round_start,532.52,2,T_e8cd1791,0,3,0,3504
5879,870,round_start,0,1,T_d0288b63,0,0,0,3505
5880,870,round_start,0,1,T_8c03018b,0,0,0,3506
5881,870,round_start,203.32,2,T_8c03018b,1,0,2,3506
5882,870,round_start,488.73,3,T_8c03018b,1,1,1,3506
5885,871,round_start,0,1,T_a02bf5e9,0,0,2,3508
5886,871,round_start,268.68,2,T_a02bf5e9,0,1,0,3508
5887,871,round_start,557.45,3,T_a02bf5e9,1,1,1,3508
5888,871,round_start,0,1,T_a02bf5e9,0,0,0,3509
5889,871,round_start,419.24,2,T_5568bd9d,0,3,0,3509
5890,871,round_start,0,1,T_a02bf5e9,0,0,0,3510
5891,871,round_start,0,1,T_a02bf5e9,0,0,0,3511
5892,871,round_start,309.94,2,T_5568bd9d,0,3,0,3511
5893,871,round_start,0,1,T_a02bf5e9,0,0,0,3512
5894,871,round_start,0,1,T_a02bf5e9,0,0,2,3514
5895,872,round_start,0,1,T_a02bf5e9,0,0,0,3515
5896,872,round_start,0,1,T_a02bf5e9,0,0,0,3516
5897,872,round_start,0,1,T_a02bf5e9,0,0,0,3517
5898,872,round_start,507.87,2,T_5568bd9d,0,3,0,3517
5899,872,round_start,0,1,T_a02bf5e9,0,0,2,3519
5900,873,round_start,0,1,T_a02bf5e9,0,0,0,3520
5901,874,round_start,0,1,T_a02bf5e9,0,0,1,3521
5902,874,round_start,265.99,2,T_a02bf5e9,0,1,2,3521
5903,874,round_start,553.03,3,T_a02bf5e9,0,2,0,3521
5904,874,round_start,0,1,T_a02bf5e9,0,0,0,3522
5905,874,round_start,444.37,2,T_5568bd9d,0,3,0,3522
5906,874,round_start,0,1,T_a02bf5e9,0,0,0,3523
5907,874,round_start,0,1,T_a02bf5e9,0,0,0,3524
5908,874,round_start,435.25,2,T_5568bd9d,0,3,0,3524
5909,874,round_start,0,1,T_a02bf5e9,0,0,0,3525
5910,874,round_start,0,1,T_a02bf5e9,0,0,0,3526
5911,874,round_start,534.09,2,T_5568bd9d,0,3,0,3526
5912,875,round_start,0,1,T_a02bf5e9,0,0,1,3527
5913,875,round_start,248.89,2,T_a02bf5e9,1,0,0,3527
5914,875,round_start,428.03,3,T_a02bf5e9,2,0,2,3527
5915,875,round_start,0,1,T_a02bf5e9,0,0,0,3528
5916,875,round_start,459.21,2,T_5568bd9d,0,3,0,3528
5918,875,round_start,0,1,T_a02bf5e9,0,0,0,3530
5919,875,round_start,412.45,2,T_5568bd9d,0,3,0,3530
5920,875,round_start,0,1,T_a02bf5e9,0,0,0,3531
5921,876,round_start,0,1,T_a02bf5e9,0,0,2,3532
5922,876,round_start,287.46,2,T_a02bf5e9,1,0,1,3532
5923,876,round_start,548.53,3,T_a02bf5e9,2,0,0,3532
5924,876,round_start,0,1,T_a02bf5e9,0,0,0,3533
5925,876,round_start,240.04,2,T_5568bd9d,0,3,0,3533
5926,876,round_start,0,1,T_a02bf5e9,0,0,0,3534
5927,876,round_start,0,1,T_a02bf5e9,0,0,0,3535
5928,876,round_start,0,1,T_a02bf5e9,0,0,0,3536
5929,876,round_start,463.62,2,T_5568bd9d,0,3,0,3536
5930,876,round_start,0,1,T_a02bf5e9,0,0,2,3538
5931,877,round_start,0,1,T_7ff3844e,0,0,0,3539
5932,877,round_start,0,1,T_7ff3844e,0,0,0,3540
5933,877,round_start,0,1,T_8c03018b,0,0,0,3541
5934,877,round_start,206.62,2,T_8c03018b,1,0,2,3541
5935,877,round_start,543.04,3,T_8c03018b,2,0,1,3541
5936,877,round_start,0,1,T_8c03018b,0,0,2,3543
5937,877,round_start,247.08,2,T_8c03018b,1,0,0,3543
5938,877,round_start,592.83,3,T_8c03018b,2,0,1,3543
5939,877,round_start,0,1,T_7ff3844e,0,0,0,3544
5940,877,round_start,354.79,2,T_78479f5d,0,3,0,3544
5941,877,round_start,0,1,T_7ff3844e,0,0,0,3545
5942,877,round_start,298.02,2,T_78479f5d,0,3,0,3545
5950,884,round_start,0,1,T_6877e283,0,0,2,3549
5951,884,round_start,0,1,T_6877e283,0,0,0,3550
5952,884,round_start,388.72,2,T_a0d3c623,0,3,0,3550
5953,884,round_start,0,1,T_6877e283,0,0,0,3551
5954,884,round_start,255.57,2,T_a0d3c623,0,3,0,3551
5955,884,round_start,0,1,T_6877e283,0,0,0,3552
5956,884,round_start,0,1,T_6877e283,0,0,0,3553
5957,884,round_start,0,1,T_6877e283,0,0,1,3554
5958,884,round_start,231.81,2,T_6877e283,0,1,0,3554
5959,884,round_start,453.41,3,T_6877e283,0,2,2,3554
5962,887,round_start,0,1,T_c70bb4ee,0,0,0,3556
5963,887,round_start,0,1,T_c70bb4ee,0,0,0,3557
5965,887,round_start,0,1,T_8c03018b,0,0,0,3559
5966,887,round_start,169.13,2,T_8c03018b,0,1,1,3559
5967,887,round_start,481.58,3,T_8c03018b,0,2,2,3559
5968,887,round_start,0,1,T_c70bb4ee,0,0,0,3560
5969,887,round_start,447.54,2,T_78479f5d,0,3,0,3560
5970,888,round_start,0,1,T_6877e283,0,0,0,3561
5971,888,round_start,275.87,2,T_6877e283,1,0,2,3561
5972,888,round_start,568.82,3,T_6877e283,1,1,1,3561
5973,888,round_start,0,1,T_6877e283,0,0,2,3562
5974,888,round_start,0,1,T_6877e283,0,0,0,3563
5975,888,round_start,475.56,2,T_8329997e,0,3,0,3563
5976,888,round_start,0,1,T_6877e283,0,0,0,3564
5977,888,round_start,0,1,T_6877e283,0,0,0,3565
5978,888,round_start,443.13,2,T_8329997e,0,3,0,3565
5979,888,round_start,0,1,T_6877e283,0,0,0,3566
5980,889,round_start,0,1,T_c8da5f89,0,0,2,3567
5981,889,round_start,298.47,2,T_c8da5f89,1,0,0,3567
5982,889,round_start,563.22,3,T_c8da5f89,2,0,1,3567
5983,889,round_start,0,1,T_c8da5f89,0,0,2,3568
5984,889,round_start,0,1,T_c8da5f89,0,0,0,3569
5985,889,round_start,352.38,2,T_5192cb01,0,3,0,3569
5986,889,round_start,0,1,T_c8da5f89,0,0,0,3570
5987,889,round_start,284.27,2,T_5192cb01,0,3,0,3570
5990,533,round_start,0,1,T_6877e283,0,0,0,3572
5991,533,round_start,255.57,2,T_a0d3c623,0,3,0,3572
5992,533,round_start,0,1,T_6877e283,0,0,0,3573
5993,533,round_start,255.57,2,T_a0d3c623,0,3,0,3573
5994,533,round_start,0,1,T_6877e283,0,0,0,3574
5995,533,round_start,255.57,2,T_a0d3c623,0,3,0,3574
5996,891,round_start,0,1,T_a02bf5e9,0,0,0,3575
5997,891,round_start,295.33,2,T_a02bf5e9,1,0,2,3575
5998,891,round_start,565.52,3,T_a02bf5e9,1,1,1,3575
5999,891,round_start,0,1,T_a02bf5e9,0,0,0,3576
6000,891,round_start,485.17,2,T_5568bd9d,0,3,0,3576
6001,891,round_start,0,1,T_a02bf5e9,0,0,0,3577
6002,891,round_start,0,1,T_a02bf5e9,0,0,0,3578
6003,891,round_start,0,1,T_a02bf5e9,0,0,0,3579
6004,891,round_start,356.18,2,T_5568bd9d,0,3,0,3579
6005,891,round_start,623.77,3,T_a02bf5e9,3,3,0,3579
6007,891,round_start,0,1,T_a02bf5e9,0,0,0,3581
6008,892,round_start,0,1,T_a02bf5e9,0,0,0,3582
6009,892,round_start,154,2,T_a02bf5e9,0,1,2,3582
6010,892,round_start,364.54,3,T_a02bf5e9,0,2,1,3582
6011,892,round_start,0,1,T_a02bf5e9,0,0,0,3583
6012,892,round_start,239.73,2,T_5568bd9d,0,3,0,3583
6013,892,round_start,0,1,T_a02bf5e9,0,0,0,3584
6016,892,round_start,0,1,T_a02bf5e9,0,0,0,3586
6017,892,round_start,0,1,T_a02bf5e9,0,0,0,3587
6018,892,round_start,176.8,2,T_a02bf5e9,0,1,2,3587
6019,892,round_start,445.16,3,T_a02bf5e9,0,2,1,3587
6020,894,round_start,0,1,T_a02bf5e9,0,0,0,3588
6021,894,round_start,437.14,2,T_5568bd9d,0,3,0,3588
6022,894,round_start,0,1,T_a02bf5e9,0,0,0,3589
6023,894,round_start,0,1,T_8c03018b,0,0,0,3590
6024,894,round_start,330.3,2,T_8c03018b,1,0,2,3590
6025,894,round_start,557.47,3,T_8c03018b,1,1,1,3590
6026,905,round_start,0,1,T_a4c36554,0,0,0,3593
6027,905,round_start,262.19,2,T_1e08f45a,0,3,0,3593
6028,905,round_start,0,1,T_a4c36554,0,0,0,3594
6029,905,round_start,0,1,T_a4c36554,0,0,0,3595
6030,905,round_start,0,1,T_a4c36554,0,0,2,3596
6031,905,round_start,0,1,T_8c03018b,0,0,0,3597
6032,905,round_start,231.25,2,T_8c03018b,1,0,1,3597
6033,905,round_start,499.88,3,T_8c03018b,2,0,2,3597
6034,905,round_start,0,1,T_a4c36554,0,0,0,3598
6035,905,round_start,240.04,2,T_1e08f45a,0,3,0,3598
6036,906,round_start,0,1,T_6da1ba9e,0,0,0,3599
6037,906,round_start,480.16,2,T_1e08f45a,0,3,0,3599
6038,906,round_start,0,1,T_6da1ba9e,0,0,0,3600
6039,906,round_start,0,1,T_6da1ba9e,0,0,0,3601
6040,906,round_start,0,1,T_8c03018b,0,0,1,3602
6041,906,round_start,248.11,2,T_8c03018b,1,0,2,3602
6042,906,round_start,479.31,3,T_8c03018b,1,1,0,3602
6043,906,round_start,0,1,T_6da1ba9e,0,0,0,3603
6044,906,round_start,240.04,2,T_1e08f45a,0,3,0,3603
6045,907,round_start,0,1,T_a02bf5e9,0,0,0,3604
6046,907,round_start,0,1,T_a02bf5e9,0,0,0,3605
6047,907,round_start,0,1,T_a02bf5e9,0,0,0,3606
6048,907,round_start,204.15,2,T_a02bf5e9,1,0,1,3606
6049,907,round_start,421.63,3,T_a02bf5e9,2,0,2,3606
6052,907,round_start,0,1,T_a02bf5e9,0,0,2,3608
6053,907,round_start,247.58,2,T_a02bf5e9,0,1,0,3608
6054,907,round_start,535.17,3,T_a02bf5e9,0,2,1,3608
6055,908,round_start,0,1,T_a02bf5e9,0,0,1,3609
6056,908,round_start,154.45,2,T_a02bf5e9,0,1,0,3609
6057,908,round_start,405.52,3,T_a02bf5e9,0,2,2,3609
6058,908,round_start,0,1,T_d9063442,0,0,0,3610
6059,908,round_start,351.58,2,T_553ef4f1,0,3,0,3610
6060,908,round_start,0,1,T_d9063442,0,0,0,3611
6061,908,round_start,0,1,T_d9063442,0,0,0,3612
6062,908,round_start,292.51,2,T_553ef4f1,0,3,0,3612
6063,908,round_start,0,1,T_d9063442,0,0,0,3613
6064,909,round_start,0,1,T_a02bf5e9,0,0,1,3614
6065,909,round_start,240.28,2,T_a02bf5e9,1,0,0,3614
6066,909,round_start,401.31,3,T_a02bf5e9,1,1,2,3614
6067,909,round_start,0,1,T_a02bf5e9,0,0,0,3615
6068,909,round_start,400.66,2,T_5568bd9d,0,3,0,3615
6069,909,round_start,0,1,T_a02bf5e9,0,0,0,3616
6070,909,round_start,0,1,T_a02bf5e9,0,0,0,3617
6071,909,round_start,265.58,2,T_5568bd9d,0,3,0,3617
6072,909,round_start,0,1,T_a02bf5e9,0,0,0,3618
6073,909,round_start,0,1,T_a02bf5e9,0,0,2,3619
6074,909,round_start,0,1,T_a02bf5e9,0,0,1,3620
6075,909,round_start,195.4,2,T_a02bf5e9,0,1,2,3620
6076,909,round_start,417.19,3,T_a02bf5e9,0,2,0,3620
6077,913,round_start,0,1,T_47153176,0,0,0,3622
6078,913,round_start,491.08,2,T_1e08f45a,0,3,0,3622
6079,913,round_start,0,1,T_47153176,0,0,0,3623
6080,913,round_start,0,1,T_47153176,0,0,0,3624
6081,913,round_start,0,1,T_47153176,0,0,0,3626
6082,913,round_start,240.04,2,T_1e08f45a,0,3,0,3626
6083,913,round_start,0,1,T_8c03018b,0,0,1,3627
6084,913,round_start,193.35,2,T_8c03018b,1,0,2,3627
6085,913,round_start,452.25,3,T_8c03018b,1,1,0,3627
6086,913,round_start,0,1,T_8c03018b,0,0,1,3628
6087,913,round_start,178.97,2,T_8c03018b,1,0,2,3628
6088,913,round_start,384.64,3,T_8c03018b,2,0,0,3628
6089,914,round_start,0,1,T_75f50b54,0,0,0,3629
6090,914,round_start,169.1,2,T_75f50b54,1,0,1,3629
6091,914,round_start,408.56,3,T_75f50b54,1,1,2,3629
6092,914,round_start,0,1,T_75f50b54,0,0,0,3630
6093,914,round_start,417.65,2,T_f62e24fe,0,3,0,3630
6101,918,round_start,0,1,T_a02bf5e9,0,0,0,3635
6102,918,round_start,514.58,2,T_5568bd9d,0,3,0,3635
6103,918,round_start,0,1,T_8c03018b,0,0,2,3636
6104,918,round_start,299.66,2,T_8c03018b,0,1,1,3636
6105,918,round_start,459.25,3,T_8c03018b,0,2,0,3636
6106,919,round_start,0,1,T_8c03018b,0,0,0,3637
6107,919,round_start,168.39,2,T_8c03018b,0,1,2,3637
6108,919,round_start,444.87,3,T_8c03018b,0,2,1,3637
6109,919,round_start,0,1,T_b8c7971d,0,0,0,3638
6110,919,round_start,383.45,2,T_553ef4f1,0,3,0,3638
6111,919,round_start,0,1,T_b8c7971d,0,0,0,3639
6112,919,round_start,0,1,T_b8c7971d,0,0,0,3640
6113,919,round_start,248.17,2,T_553ef4f1,0,3,0,3640
6114,919,round_start,0,1,T_b8c7971d,0,0,0,3641
6117,920,round_start,0,1,T_2649596f,0,0,0,3644
6118,920,round_start,236.52,2,T_68c6a1f8,0,3,0,3644
6120,920,round_start,0,1,T_9a31ae66,0,0,0,3646
6121,920,round_start,0,1,T_9a31ae66,0,0,0,3647
6122,920,round_start,0,1,T_9a31ae66,0,0,0,3648
6123,920,round_start,464,2,T_e7ab2fad,0,3,0,3648
6124,920,round_start,887.49,3,T_9a31ae66,3,3,0,3648
6125,920,round_start,963.19,4,T_e7ab2fad,3,3,0,3648
6126,920,round_start,0,1,T_8c03018b,0,0,2,3649
6127,920,round_start,184.54,2,T_8c03018b,1,0,0,3649
6128,920,round_start,371.99,3,T_8c03018b,2,0,1,3649
6129,920,round_start,0,1,T_a02bf5e9,0,0,0,3650
6130,920,round_start,416.26,2,T_5568bd9d,0,1,0,3650
6131,920,round_start,0,1,T_a02bf5e9,0,0,0,3651
6132,920,round_start,416.26,2,T_5568bd9d,0,1,0,3651
6133,920,round_start,0,1,T_8c03018b,0,0,2,3652
6134,920,round_start,184.54,2,T_8c03018b,1,0,0,3652
6135,920,round_start,371.99,3,T_8c03018b,2,0,1,3652
6136,920,round_start,0,1,T_9a31ae66,0,0,0,3653
6137,920,round_start,0,1,T_9a31ae66,0,0,0,3654
6138,920,round_start,0,1,T_2649596f,0,0,2,3655
6139,921,round_start,0,1,T_a02bf5e9,0,0,0,3656
6140,924,round_start,0,1,T_a02bf5e9,0,0,0,3657
6141,925,round_start,0,1,T_a02bf5e9,0,0,0,3658
6142,933,round_start,0,1,T_a02bf5e9,0,0,0,3659
6146,934,round_start,0,1,T_a02bf5e9,0,0,0,3661
6147,934,round_start,416.26,2,T_5568bd9d,0,1,0,3661
6148,934,round_start,0,1,T_8c03018b,0,0,2,3662
6149,934,round_start,184.54,2,T_8c03018b,1,0,0,3662
6150,934,round_start,371.99,3,T_8c03018b,2,0,1,3662
6151,934,round_start,0,1,T_9a31ae66,0,0,0,3663
6152,939,round_start,0,1,T_9a31ae66,0,0,0,3664
6095,914,round_start,0,1,T_75f50b54,0,0,0,
6096,914,round_start,0,1,T_75f50b54,0,0,1,
6099,914,round_start,0,1,T_75f50b54,0,0,0,
6100,914,round_start,403.82,2,T_f62e24fe,0,3,0,
6116,920,round_start,0,1,T_2649596f,0,0,2,
6119,920,round_start,0,1,T_9a31ae66,0,0,0,
6115,920,round_start,0,1,T_2649596f,0,0,0,
6153,939,round_start,0,1,T_9a31ae66,0,0,0,3665
6154,939,round_start,0,1,T_9a31ae66,0,0,0,3666
6155,938,round_start,0,1,T_2649596f,0,0,2,3667
6156,938,round_start,0,1,T_2649596f,0,0,2,3668
6157,938,round_start,0,1,T_2649596f,0,0,2,3669
6158,938,round_start,0,1,T_2649596f,0,0,0,3670
6159,938,round_start,0,1,T_2649596f,0,0,0,3671
6160,938,round_start,0,1,T_2649596f,0,0,2,3672
6161,533,round_start,0,1,T_a02bf5e9,0,0,0,3673
6162,533,round_start,420.86,2,T_5568bd9d,0,3,0,3673
6163,938,round_start,0,1,T_2649596f,0,0,0,3674
6164,938,round_start,0,1,T_2649596f,0,0,2,3675
6165,938,round_start,0,1,T_2649596f,0,0,0,3676
6166,938,round_start,236.52,2,T_68c6a1f8,0,3,0,3676
6167,938,round_start,0,1,T_2649596f,0,0,2,3677
6168,533,round_start,0,1,T_8c03018b,0,0,1,3678
6169,533,round_start,217.55,2,T_8c03018b,1,0,2,3678
6170,533,round_start,413.72,3,T_8c03018b,2,0,0,3678
6171,940,round_start,0,1,T_8c03018b,0,0,0,3679
6172,940,round_start,263.85,2,T_8c03018b,0,1,2,3679
6173,940,round_start,514.61,3,T_8c03018b,0,2,1,3679
6174,940,round_start,0,1,T_09108de9,0,0,0,3680
6175,940,round_start,545.83,2,T_553ef4f1,0,3,0,3680
6176,940,round_start,0,1,T_09108de9,0,0,0,3681
6177,940,round_start,0,1,T_09108de9,0,0,0,3682
6178,940,round_start,485.23,2,T_553ef4f1,0,3,0,3682
6179,941,round_start,0,1,T_a02bf5e9,0,0,0,3683
6180,941,round_start,399.14,2,T_5568bd9d,0,3,0,3683
6181,942,round_start,0,1,T_8c03018b,0,0,2,3684
6182,942,round_start,245.34,2,T_8c03018b,0,1,1,3684
6183,942,round_start,565.44,3,T_8c03018b,1,1,0,3684
6186,942,round_start,0,1,T_674c7502,0,0,0,3686
6188,942,round_start,0,1,T_674c7502,0,0,0,3688
6189,942,round_start,390.17,2,T_553ef4f1,0,3,0,3688
6190,943,round_start,0,1,T_a02bf5e9,0,0,0,3689
6191,943,round_start,399.14,2,T_5568bd9d,0,3,0,3689
6192,943,round_start,0,1,T_667a1c7e,0,0,0,3690
6193,943,round_start,0,1,T_667a1c7e,0,0,0,3691
6194,943,round_start,240.04,2,T_5a16ee7f,0,3,0,3691
6195,943,round_start,0,1,T_667a1c7e,0,0,1,3692
6196,943,round_start,268.81,2,T_667a1c7e,1,0,0,3692
6197,943,round_start,482.93,3,T_667a1c7e,2,0,2,3692
6198,944,round_start,0,1,T_a02bf5e9,0,0,0,3693
6199,944,round_start,432.32,2,T_5568bd9d,0,1,0,3693
6200,945,round_start,0,1,T_a02bf5e9,0,0,0,3694
6201,945,round_start,489.05,2,T_5568bd9d,0,3,0,3694
6202,945,round_start,1024.29,3,T_a02bf5e9,3,3,0,3694
6203,945,round_start,1115.49,4,T_5568bd9d,3,3,0,3694
6204,946,round_start,0,1,T_a02bf5e9,0,0,0,3695
6205,947,round_start,0,1,T_a02bf5e9,0,0,0,3696
6206,947,round_start,432.32,2,T_5568bd9d,0,1,0,3696
6207,948,round_start,0,1,T_a02bf5e9,0,0,0,3697
6208,948,round_start,432.32,2,T_5568bd9d,0,1,0,3697
6209,949,round_start,0,1,T_a02bf5e9,0,0,0,3698
6210,949,round_start,432.32,2,T_5568bd9d,0,1,0,3698
6211,950,round_start,0,1,T_a02bf5e9,0,0,0,3699
6212,950,round_start,511.97,2,T_5568bd9d,0,3,0,3699
6213,950,round_start,0,1,T_a02bf5e9,0,0,0,3700
6214,950,round_start,0,1,T_a02bf5e9,0,0,0,3701
6215,950,round_start,248.03,2,T_5568bd9d,0,0,0,3701
6216,950,round_start,0,1,T_a02bf5e9,0,0,2,3702
6217,951,round_start,0,1,T_8c03018b,0,0,2,3703
6218,951,round_start,222.48,2,T_8c03018b,1,0,1,3703
6219,951,round_start,505.11,3,T_8c03018b,2,0,0,3703
6220,951,round_start,0,1,T_a02bf5e9,0,0,0,3704
6221,951,round_start,407.64,2,T_5568bd9d,0,3,0,3704
6222,951,round_start,0,1,T_a02bf5e9,0,0,0,3705
6223,951,round_start,0,1,T_a02bf5e9,0,0,0,3706
6224,951,round_start,264.58,2,T_5568bd9d,0,3,0,3706
6225,951,round_start,0,1,T_a02bf5e9,0,0,0,3707
6226,951,round_start,0,1,T_8c03018b,0,0,1,3708
6227,951,round_start,250.25,2,T_8c03018b,1,0,2,3708
6228,951,round_start,547.07,3,T_8c03018b,2,0,0,3708
6229,951,round_start,0,1,T_8c03018b,0,0,1,3709
6230,951,round_start,250.25,2,T_8c03018b,1,0,2,3709
6231,951,round_start,547.07,3,T_8c03018b,2,0,0,3709
6232,950,round_start,0,1,T_a02bf5e9,0,0,0,3710
6233,950,round_start,329.07,2,T_5568bd9d,0,3,0,3710
6234,954,round_start,0,1,T_2649596f,0,0,0,3711
6235,954,round_start,254.96,2,T_9a31ae66,0,0,0,3711
6237,954,round_start,0,1,T_8c03018b,0,0,0,3713
6238,954,round_start,226.71,2,T_8c03018b,1,0,2,3713
6239,954,round_start,0,1,T_68c6a1f8,0,0,0,3714
6240,954,round_start,391.72,2,T_e7ab2fad,0,1,0,3714
6241,954,round_start,0,1,T_2649596f,0,0,0,3715
6242,954,round_start,450.44,2,T_9a31ae66,0,1,0,3715
6243,954,round_start,0,1,T_68c6a1f8,0,0,0,3716
6244,954,round_start,325.81,2,T_aa9f4ebe,0,3,0,3716
6245,954,round_start,0,1,T_2649596f,0,0,0,3717
6246,954,round_start,351.97,2,T_9a31ae66,0,3,0,3717
6247,954,round_start,709.15,3,T_9a31ae66,3,3,0,3717
6248,954,round_start,925.5,4,T_2649596f,5,3,0,3717
6249,954,round_start,0,1,T_68c6a1f8,0,0,0,3718
6250,954,round_start,475.3,2,T_aa9f4ebe,0,3,0,3718
6251,954,round_start,0,1,T_2649596f,0,0,0,3719
6236,954,round_start,0,1,T_68c6a1f8,0,0,2,
6187,942,round_start,0,1,T_674c7502,0,0,0,
6252,954,round_start,450.44,2,T_9a31ae66,0,1,0,3719
6253,955,round_start,0,1,T_a02bf5e9,0,0,0,3720
6254,955,round_start,331.61,2,T_5568bd9d,0,3,0,3720
6255,955,round_start,0,1,T_a02bf5e9,0,0,0,3721
6256,955,round_start,245.05,2,T_5568bd9d,0,3,0,3721
6257,955,round_start,0,1,T_a02bf5e9,0,0,0,3722
6258,955,round_start,0,1,T_a02bf5e9,0,0,2,3723
6259,956,round_start,0,1,T_a02bf5e9,0,0,1,3724
6260,956,round_start,241.35,2,T_a02bf5e9,0,1,2,3724
6261,956,round_start,514.8,3,T_a02bf5e9,1,1,0,3724
6262,956,round_start,0,1,T_a02bf5e9,0,0,0,3725
6263,956,round_start,287.56,2,T_5568bd9d,0,3,0,3725
6264,956,round_start,0,1,T_a02bf5e9,0,0,0,3726
6265,956,round_start,479.58,2,T_5568bd9d,0,3,0,3726
6266,956,round_start,0,1,T_a02bf5e9,0,0,0,3727
6267,956,round_start,0,1,T_a02bf5e9,0,0,0,3728
6268,956,round_start,0,1,T_a02bf5e9,0,0,2,3729
6275,958,round_start,0,1,T_a02bf5e9,0,0,0,3733
6276,958,round_start,423.2,2,T_5568bd9d,0,3,0,3733
6277,958,round_start,0,1,T_a02bf5e9,0,0,0,3734
6278,959,round_start,0,1,T_8c03018b,0,0,2,3735
6279,959,round_start,211.72,2,T_8c03018b,1,0,0,3735
6280,959,round_start,481.95,3,T_8c03018b,1,1,1,3735
6281,959,round_start,0,1,T_a02bf5e9,0,0,0,3736
6282,533,round_start,0,1,T_8c03018b,0,0,0,3737
6283,533,round_start,309.39,2,T_8c03018b,0,1,1,3737
6284,533,round_start,647.47,3,T_8c03018b,1,1,2,3737
6292,960,round_start,0,1,T_8c03018b,0,0,2,3741
6293,960,round_start,163.59,2,T_8c03018b,0,1,0,3741
6294,960,round_start,449.37,3,T_8c03018b,1,1,1,3741
6295,960,round_start,0,1,T_a02bf5e9,0,0,0,3742
6296,960,round_start,420.61,2,T_5568bd9d,0,3,0,3742
6297,960,round_start,0,1,T_a02bf5e9,0,0,0,3743
6298,960,round_start,0,1,T_a02bf5e9,0,0,0,3744
6299,960,round_start,514.94,2,T_5568bd9d,0,3,0,3744
6300,960,round_start,0,1,T_a02bf5e9,0,0,0,3745
6301,960,round_start,0,1,T_8c03018b,0,0,0,3746
6302,960,round_start,302.93,2,T_8c03018b,1,0,2,3746
6303,960,round_start,596.6,3,T_8c03018b,1,1,1,3746
6304,961,round_start,0,1,T_a02bf5e9,0,0,0,3747
6305,961,round_start,331.61,2,T_5568bd9d,0,3,0,3747
6306,961,round_start,0,1,T_a02bf5e9,0,0,0,3748
6307,961,round_start,245.05,2,T_5568bd9d,0,3,0,3748
6308,961,round_start,0,1,T_a02bf5e9,0,0,0,3749
6309,961,round_start,0,1,T_a02bf5e9,0,0,2,3750
6310,962,round_start,0,1,T_a02bf5e9,0,0,0,3751
6311,962,round_start,399.02,2,T_5568bd9d,0,3,0,3751
6312,962,round_start,0,1,T_a02bf5e9,0,0,0,3752
6316,963,round_start,0,1,T_8c03018b,0,0,1,3754
6317,963,round_start,278.81,2,T_8c03018b,0,1,2,3754
6318,963,round_start,509.34,3,T_8c03018b,0,2,0,3754
6319,963,round_start,0,1,T_a02bf5e9,0,0,0,3755
6320,963,round_start,438.01,2,T_5568bd9d,0,3,0,3755
6321,963,round_start,0,1,T_a02bf5e9,0,0,0,3756
6322,963,round_start,232.34,2,T_5568bd9d,0,3,0,3756
6323,963,round_start,0,1,T_a02bf5e9,0,0,0,3757
6324,963,round_start,0,1,T_a02bf5e9,0,0,2,3758
6325,963,round_start,0,1,T_a02bf5e9,0,0,0,3759
6326,964,round_start,0,1,T_a02bf5e9,0,0,0,3760
6327,964,round_start,390.13,2,T_5568bd9d,0,3,0,3760
6328,964,round_start,0,1,T_a02bf5e9,0,0,0,3761
6329,964,round_start,0,1,T_a02bf5e9,0,0,0,3762
6330,964,round_start,0,1,T_a02bf5e9,0,0,0,3763
6331,964,round_start,263.77,2,T_5568bd9d,0,3,0,3763
6332,964,round_start,0,1,T_8c03018b,0,0,2,3764
6333,964,round_start,266.3,2,T_8c03018b,0,1,0,3764
6334,959,round_start,0,1,T_8c03018b,0,0,1,3765
6335,959,round_start,156.6,2,T_8c03018b,1,0,2,3765
6336,959,round_start,328.05,3,T_8c03018b,2,0,0,3765
6337,965,round_start,0,1,T_8c03018b,0,0,2,3766
6338,965,round_start,298.55,2,T_8c03018b,0,1,1,3766
6339,965,round_start,541.12,3,T_8c03018b,1,1,0,3766
6340,965,round_start,0,1,T_a02bf5e9,0,0,0,3767
6341,965,round_start,395.13,2,T_5568bd9d,0,3,0,3767
6342,965,round_start,0,1,T_a02bf5e9,0,0,0,3768
6343,965,round_start,240.04,2,T_5568bd9d,0,3,0,3768
6344,965,round_start,0,1,T_a02bf5e9,0,0,0,3769
6345,965,round_start,0,1,T_a02bf5e9,0,0,2,3770
6346,966,round_start,0,1,T_8c03018b,0,0,1,3771
6347,966,round_start,218.54,2,T_8c03018b,1,0,2,3771
6348,966,round_start,530.56,3,T_8c03018b,2,0,0,3771
6349,967,round_start,0,1,T_4d01c8f1,0,0,0,3772
6350,968,round_start,0,1,T_8c03018b,0,0,1,3773
6351,968,round_start,218.54,2,T_8c03018b,1,0,2,3773
6352,968,round_start,530.56,3,T_8c03018b,2,0,0,3773
6273,958,round_start,0,1,T_a02bf5e9,0,0,0,
6274,958,round_start,500.39,2,T_5568bd9d,0,3,0,
6285,533,round_start,0,1,T_a02bf5e9,0,0,0,
6286,533,round_start,245.05,2,T_5568bd9d,0,3,0,
6289,959,round_start,0,1,T_8c03018b,0,0,1,
6290,959,round_start,156.6,2,T_8c03018b,1,0,2,
6291,959,round_start,328.05,3,T_8c03018b,2,0,0,
6287,533,round_start,0,1,T_a02bf5e9,0,0,0,
6288,533,round_start,245.05,2,T_5568bd9d,0,3,0,
6313,962,round_start,0,1,T_8c03018b,0,0,0,
6314,962,round_start,181.98,2,T_8c03018b,1,0,1,
6353,969,round_start,0,1,T_8c03018b,0,0,2,3774
6354,969,round_start,226.63,2,T_8c03018b,1,0,0,3774
6355,969,round_start,408.63,3,T_8c03018b,1,1,1,3774
6356,970,round_start,0,1,T_8c03018b,0,0,1,3775
6357,970,round_start,264.19,2,T_8c03018b,1,0,0,3775
6358,970,round_start,544.65,3,T_8c03018b,2,0,2,3775
6359,970,round_start,0,1,T_a02bf5e9,0,0,0,3776
6360,970,round_start,508.69,2,T_5568bd9d,0,3,0,3776
6361,970,round_start,0,1,T_a02bf5e9,0,0,0,3777
6362,970,round_start,0,1,T_a02bf5e9,0,0,0,3778
6363,970,round_start,359.59,2,T_5568bd9d,0,3,0,3778
6364,970,round_start,0,1,T_a02bf5e9,0,0,0,3779
6365,971,round_start,0,1,T_8c03018b,0,0,0,3780
6366,971,round_start,270.89,2,T_8c03018b,0,1,2,3780
6367,971,round_start,509.83,3,T_8c03018b,0,2,1,3780
6368,972,round_start,0,1,T_8c03018b,0,0,0,3781
6369,972,round_start,268.35,2,T_8c03018b,1,0,2,3781
6370,972,round_start,451.16,3,T_8c03018b,2,0,1,3781
6371,971,round_start,0,1,T_a02bf5e9,0,0,0,3782
6372,971,round_start,390.18,2,T_5568bd9d,0,3,0,3782
6373,972,round_start,0,1,T_f6707f5c,0,0,0,3783
6376,972,round_start,0,1,T_f6707f5c,0,0,0,3785
6377,972,round_start,494.43,2,T_1699ed97,0,3,0,3785
6378,972,round_start,0,1,T_f6707f5c,0,0,0,3786
6379,972,round_start,494.43,2,T_1699ed97,0,3,0,3786
6380,971,round_start,0,1,T_a02bf5e9,0,0,0,3787
6381,972,round_start,0,1,T_f6707f5c,0,0,0,3788
6382,972,round_start,494.43,2,T_1699ed97,0,3,0,3788
6383,972,round_start,0,1,T_f6707f5c,0,0,0,3789
6384,972,round_start,509.09,2,T_1699ed97,0,3,0,3789
6385,972,round_start,0,1,T_f6707f5c,0,0,0,3790
6386,972,round_start,494.43,2,T_1699ed97,0,3,0,3790
6388,971,round_start,0,1,T_a02bf5e9,0,0,0,3792
6389,971,round_start,390.14,2,T_5568bd9d,0,3,0,3792
6390,972,round_start,0,1,T_f6707f5c,0,0,0,3793
6391,972,round_start,527.37,2,T_1699ed97,0,3,0,3793
6392,972,round_start,0,1,T_f6707f5c,0,0,0,3794
6393,972,round_start,494.43,2,T_1699ed97,0,3,0,3794
6394,972,round_start,0,1,T_f6707f5c,0,0,0,3795
6395,972,round_start,494.43,2,T_1699ed97,0,3,0,3795
6396,972,round_start,0,1,T_f6707f5c,0,0,0,3796
6397,972,round_start,494.43,2,T_1699ed97,0,3,0,3796
6398,972,round_start,0,1,T_f6707f5c,0,0,0,3797
6399,972,round_start,494.43,2,T_1699ed97,0,3,0,3797
6400,972,round_start,0,1,T_f6707f5c,0,0,0,3798
6401,972,round_start,494.43,2,T_1699ed97,0,3,0,3798
6402,973,round_start,0,1,T_f6707f5c,0,0,0,3799
6403,973,round_start,494.43,2,T_1699ed97,0,3,0,3799
6404,974,round_start,0,1,T_f6707f5c,0,0,0,3800
6405,974,round_start,494.43,2,T_1699ed97,0,3,0,3800
6406,972,round_start,0,1,T_f6707f5c,0,0,0,3801
6407,972,round_start,494.43,2,T_1699ed97,0,3,0,3801
6408,975,round_start,0,1,T_8c03018b,0,0,1,3802
6409,975,round_start,159.3,2,T_8c03018b,0,1,2,3802
6410,975,round_start,398.48,3,T_8c03018b,1,1,0,3802
6411,975,round_start,0,1,T_8b7c3d9b,0,0,0,3803
6412,975,round_start,424.34,2,T_1699ed97,0,3,0,3803
6413,975,round_start,0,1,T_8b7c3d9b,0,0,0,3804
6414,975,round_start,0,1,T_8b7c3d9b,0,0,0,3805
6415,975,round_start,279.38,2,T_1699ed97,0,3,0,3805
6416,975,round_start,0,1,T_8b7c3d9b,0,0,0,3806
6422,976,round_start,0,1,T_a02bf5e9,0,0,2,3809
6423,977,round_start,0,1,T_8c03018b,0,0,1,3810
6424,977,round_start,180.21,2,T_8c03018b,1,0,0,3810
6425,977,round_start,355.41,3,T_8c03018b,2,0,2,3810
6429,977,round_start,0,1,T_a02bf5e9,0,0,0,3813
6430,977,round_start,0,1,T_a02bf5e9,0,0,0,3814
6431,977,round_start,0,1,T_a02bf5e9,0,0,2,3815
6432,977,round_start,0,1,T_a02bf5e9,0,0,0,3816
6433,977,round_start,540.13,2,T_be7ae347,0,3,0,3816
6434,980,round_start,0,1,T_8c03018b,0,0,1,3817
6435,980,round_start,345.14,2,T_8c03018b,1,0,2,3817
6436,980,round_start,542.86,3,T_8c03018b,1,1,0,3817
6439,980,round_start,0,1,T_26e6dabd,0,0,0,3819
6440,980,round_start,480.25,2,T_1699ed97,0,3,0,3819
6441,981,round_start,0,1,T_8c03018b,0,0,2,3820
6442,981,round_start,207.34,2,T_8c03018b,0,1,1,3820
6443,981,round_start,488.25,3,T_8c03018b,1,1,0,3820
6444,981,round_start,0,1,T_db8cc624,0,0,0,3821
6445,981,round_start,385.75,2,T_bcf820e4,0,3,0,3821
6447,981,round_start,0,1,T_db8cc624,0,0,0,3823
6448,981,round_start,292.45,2,T_bcf820e4,0,3,0,3823
6449,981,round_start,0,1,T_db8cc624,0,0,0,3824
6387,971,round_start,0,1,T_a02bf5e9,0,0,0,
6417,975,round_start,0,1,T_8b7c3d9b,0,0,0,
6418,975,round_start,585.1,2,T_1699ed97,0,3,0,
6419,976,round_start,0,1,T_8c03018b,0,0,2,
6420,976,round_start,193.97,2,T_8c03018b,1,0,1,
6426,977,round_start,0,1,T_a02bf5e9,0,0,0,
6427,977,round_start,248.04,2,T_be7ae347,0,3,0,
6428,977,round_start,0,1,T_a02bf5e9,0,0,0,
6437,980,round_start,0,1,T_26e6dabd,0,0,0,
6438,980,round_start,495.1,2,T_1699ed97,0,3,0,
6446,981,round_start,0,1,T_db8cc624,0,0,0,
6450,980,round_start,0,1,T_26e6dabd,0,0,0,3825
6452,980,round_start,0,1,T_26e6dabd,0,0,2,3827
6456,982,round_start,0,1,T_04b64bac,0,0,0,3829
6457,982,round_start,392.64,2,T_3238eb96,0,3,0,3829
6458,982,round_start,888.32,3,T_04b64bac,3,3,0,3829
6463,982,round_start,0,1,T_04b64bac,0,0,0,3832
6464,982,round_start,0,1,T_04b64bac,0,0,0,3833
6465,982,round_start,390.19,2,T_3238eb96,0,3,0,3833
6466,982,round_start,0,1,T_04b64bac,0,0,0,3834
6467,982,round_start,482.67,2,T_3238eb96,0,3,0,3834
6470,984,round_start,0,1,T_8c03018b,0,0,0,3836
6471,984,round_start,165.34,2,T_8c03018b,1,0,2,3836
6472,984,round_start,433.72,3,T_8c03018b,2,0,1,3836
6473,984,round_start,0,1,T_00cb894d,0,0,0,3837
6474,984,round_start,250.54,2,T_3238eb96,0,3,0,3837
6477,984,round_start,0,1,T_00cb894d,0,0,0,3839
6478,984,round_start,0,1,T_00cb894d,0,0,0,3840
6479,984,round_start,0,1,T_8c03018b,0,0,2,3841
6480,984,round_start,292.82,2,T_8c03018b,0,1,0,3841
6481,984,round_start,571.68,3,T_8c03018b,1,1,1,3841
6482,984,round_start,0,1,T_00cb894d,0,0,0,3842
6483,984,round_start,250.54,2,T_3238eb96,0,3,0,3842
6484,984,round_start,0,1,T_00cb894d,0,0,0,3843
6485,984,round_start,250.54,2,T_3238eb96,0,3,0,3843
6488,985,round_start,0,1,T_a02bf5e9,0,0,0,3845
6489,985,round_start,303.89,2,T_a02bf5e9,0,1,1,3845
6490,985,round_start,469.42,3,T_a02bf5e9,0,2,2,3845
6491,985,round_start,0,1,T_a02bf5e9,0,0,2,3846
6492,985,round_start,0,1,T_a02bf5e9,0,0,0,3847
6493,985,round_start,452.29,2,T_5568bd9d,0,3,0,3847
6494,985,round_start,0,1,T_a02bf5e9,0,0,0,3848
6498,985,round_start,0,1,T_a02bf5e9,0,0,2,3851
6501,985,round_start,0,1,T_a02bf5e9,0,0,2,3853
6502,986,round_start,0,1,T_8c03018b,0,0,0,3854
6503,986,round_start,277.22,2,T_8c03018b,0,1,2,3854
6504,986,round_start,551.5,3,T_8c03018b,1,1,1,3854
6505,986,round_start,0,1,T_a02bf5e9,0,0,0,3855
6506,986,round_start,420.85,2,T_5568bd9d,0,3,0,3855
6507,986,round_start,0,1,T_a02bf5e9,0,0,0,3856
6508,986,round_start,397.93,2,T_5568bd9d,0,3,0,3856
6509,986,round_start,0,1,T_a02bf5e9,0,0,0,3857
6510,986,round_start,397.46,2,T_5568bd9d,0,3,0,3857
6512,986,round_start,0,1,T_a02bf5e9,0,0,0,3859
6513,986,round_start,0,1,T_a02bf5e9,0,0,2,3860
6514,987,round_start,0,1,T_8c03018b,0,0,0,3861
6515,987,round_start,172.49,2,T_8c03018b,0,1,1,3861
6516,987,round_start,366.85,3,T_8c03018b,1,1,2,3861
6517,988,round_start,0,1,T_a02bf5e9,0,0,0,3862
6518,988,round_start,337.46,2,T_1699ed97,0,3,0,3862
6519,988,round_start,0,1,T_a02bf5e9,0,0,0,3863
6520,988,round_start,340.12,2,T_1699ed97,0,3,0,3863
6521,988,round_start,0,1,T_a02bf5e9,0,0,0,3864
6522,988,round_start,0,1,T_a02bf5e9,0,0,0,3865
6523,988,round_start,0,1,T_a02bf5e9,0,0,2,3866
6524,990,round_start,0,1,T_8c03018b,0,0,0,3867
6525,990,round_start,162.78,2,T_8c03018b,1,0,2,3867
6526,990,round_start,358.52,3,T_8c03018b,2,0,1,3867
6543,990,round_start,0,1,T_dfd70c07,0,0,0,3876
6544,990,round_start,411.14,2,T_3238eb96,0,3,0,3876
6545,990,round_start,0,1,T_dfd70c07,0,0,2,3877
6546,990,round_start,0,1,T_dfd70c07,0,0,0,3878
6547,990,round_start,0,1,T_dfd70c07,0,0,0,3879
6548,990,round_start,395.17,2,T_3238eb96,0,3,0,3879
6549,990,round_start,0,1,T_dfd70c07,0,0,0,3880
6550,990,round_start,240.04,2,T_3238eb96,0,3,0,3880
6551,990,round_start,0,1,T_dfd70c07,0,0,0,3881
6552,990,round_start,240.04,2,T_3238eb96,0,3,0,3881
6555,991,round_start,0,1,T_8c03018b,0,0,0,3883
6556,991,round_start,348.06,2,T_8c03018b,1,0,2,3883
6557,991,round_start,592.41,3,T_8c03018b,1,1,1,3883
6558,991,round_start,0,1,T_a02bf5e9,0,0,0,3884
6559,991,round_start,410.02,2,T_5568bd9d,0,3,0,3884
6560,991,round_start,0,1,T_a02bf5e9,0,0,0,3885
6561,991,round_start,0,1,T_a02bf5e9,0,0,0,3886
6562,991,round_start,390.14,2,T_5568bd9d,0,3,0,3886
6563,992,round_start,0,1,T_8c03018b,0,0,2,3887
6564,992,round_start,257.36,2,T_8c03018b,1,0,1,3887
6565,992,round_start,586.26,3,T_8c03018b,1,1,0,3887
6566,992,round_start,0,1,T_2b7aadcd,0,0,0,3888
6567,992,round_start,396.57,2,T_3238eb96,0,3,0,3888
6568,992,round_start,0,1,T_2b7aadcd,0,0,0,3889
6569,992,round_start,0,1,T_2b7aadcd,0,0,0,3890
6453,982,round_start,0,1,T_8c03018b,0,0,0,
6468,982,round_start,0,1,T_04b64bac,0,0,0,
6469,982,round_start,480.22,2,T_3238eb96,0,3,0,
6462,982,round_start,0,1,T_04b64bac,0,0,0,
6475,984,round_start,0,1,T_00cb894d,0,0,0,
6476,984,round_start,344.9,2,T_3238eb96,0,3,0,
6486,984,round_start,0,1,T_00cb894d,0,0,0,
6487,984,round_start,250.54,2,T_3238eb96,0,3,0,
6495,985,round_start,0,1,T_a02bf5e9,0,0,0,
6496,985,round_start,0,1,T_a02bf5e9,0,0,0,
6497,985,round_start,480.21,2,T_5568bd9d,0,3,0,
6511,986,round_start,0,1,T_a02bf5e9,0,0,0,
6570,992,round_start,545.74,2,T_3238eb96,0,3,0,3890
6571,992,round_start,0,1,T_2b7aadcd,0,0,0,3891
6572,992,round_start,0,1,T_2b7aadcd,0,0,0,3892
6573,992,round_start,535.76,2,T_3238eb96,0,3,0,3892
6574,996,round_start,0,1,T_a02bf5e9,0,0,0,3893
6575,996,round_start,0,1,T_a02bf5e9,0,0,0,3894
6576,996,round_start,498.77,2,T_5568bd9d,0,2,0,3894
6577,996,round_start,0,1,T_a02bf5e9,0,0,0,3895
6578,996,round_start,286.61,2,T_5568bd9d,0,0,0,3895
6579,997,round_start,0,1,T_a02bf5e9,0,0,0,3896
6580,997,round_start,199.33,2,T_a02bf5e9,0,1,1,3896
6585,998,round_start,0,1,T_2649596f,0,0,0,3899
6586,998,round_start,0,1,T_2649596f,0,0,1,3900
6587,998,round_start,154.58,2,T_2649596f,1,0,2,3900
6599,1001,round_start,0,1,T_8c03018b,0,0,1,3906
6600,1001,round_start,286.62,2,T_8c03018b,0,1,0,3906
6601,1001,round_start,455.69,3,T_8c03018b,0,2,2,3906
6602,1000,round_start,0,1,T_ef5236df,0,0,0,3907
6603,1000,round_start,495.45,2,T_05bd8a51,0,3,0,3907
6604,1002,round_start,0,1,T_899dd41d,0,0,0,3908
6605,1002,round_start,341.09,2,T_1699ed97,0,3,0,3908
6606,1002,round_start,807.69,3,T_1699ed97,3,3,0,3908
6607,1000,round_start,0,1,T_ef5236df,0,0,0,3909
6608,1000,round_start,250.92,2,T_05bd8a51,0,3,0,3909
6609,1002,round_start,0,1,T_899dd41d,0,0,0,3910
6610,1000,round_start,0,1,T_ef5236df,0,0,0,3911
6611,1000,round_start,0,1,T_ef5236df,0,0,0,3912
6612,1000,round_start,0,1,T_ef5236df,0,0,0,3913
6613,1002,round_start,0,1,T_899dd41d,0,0,0,3914
6614,1002,round_start,485.61,2,T_1699ed97,0,3,0,3914
6615,1002,round_start,0,1,T_899dd41d,0,0,0,3915
6616,1002,round_start,0,1,T_8c03018b,0,0,1,3916
6617,1002,round_start,286.62,2,T_8c03018b,0,1,0,3916
6618,1002,round_start,455.69,3,T_8c03018b,0,2,2,3916
6619,1000,round_start,0,1,T_8c03018b,0,0,1,3917
6620,1000,round_start,286.36,2,T_8c03018b,0,1,0,3917
6621,1000,round_start,594.22,3,T_8c03018b,0,2,2,3917
6622,1000,round_start,0,1,T_ef5236df,0,0,0,3918
6623,1000,round_start,0,1,T_ef5236df,0,0,0,3919
6624,1003,round_start,0,1,T_8c03018b,0,0,2,3920
6625,1003,round_start,320.23,2,T_8c03018b,0,1,1,3920
6626,1003,round_start,611.23,3,T_8c03018b,0,2,0,3920
6627,1003,round_start,0,1,T_a02bf5e9,0,0,0,3921
6628,1003,round_start,422.25,2,T_1699ed97,0,3,0,3921
6629,1003,round_start,0,1,T_a02bf5e9,0,0,0,3922
6630,1003,round_start,253.63,2,T_1699ed97,0,3,0,3922
6631,1003,round_start,0,1,T_a02bf5e9,0,0,0,3923
6632,1003,round_start,422.25,2,T_1699ed97,0,3,0,3923
6634,1003,round_start,0,1,T_a02bf5e9,0,0,0,3925
6635,1003,round_start,0,1,T_a02bf5e9,0,0,2,3926
6636,1004,round_start,0,1,T_3238eb96,0,0,0,3927
6637,1004,round_start,447.99,2,T_0b3fafe7,0,3,0,3927
6638,1004,round_start,0,1,T_8c03018b,0,0,0,3928
6639,1004,round_start,288.76,2,T_8c03018b,1,0,1,3928
6640,1004,round_start,583.64,3,T_8c03018b,2,0,2,3928
6641,1004,round_start,0,1,T_3238eb96,0,0,0,3929
6642,1004,round_start,0,1,T_3238eb96,0,0,0,3930
6643,1004,round_start,410.13,2,T_0b3fafe7,0,3,0,3930
6644,1003,round_start,0,1,T_a02bf5e9,0,0,0,3931
6645,1003,round_start,379.9,2,T_1699ed97,0,3,0,3931
6646,1003,round_start,951.46,3,T_a02bf5e9,3,3,0,3931
6647,1005,round_start,0,1,T_8c03018b,0,0,1,3932
6648,1005,round_start,158.98,2,T_8c03018b,1,0,0,3932
6649,1009,round_start,0,1,T_8c03018b,0,0,2,3933
6650,1009,round_start,282.12,2,T_8c03018b,0,1,1,3933
6651,1009,round_start,534.63,3,T_8c03018b,0,2,0,3933
6652,1009,round_start,0,1,T_a02bf5e9,0,0,0,3934
6653,1009,round_start,540.94,2,T_1699ed97,0,3,0,3934
6654,1009,round_start,976.29,3,T_a02bf5e9,3,3,0,3934
6655,1009,round_start,0,1,T_a02bf5e9,0,0,0,3935
6656,1009,round_start,378.22,2,T_1699ed97,0,3,0,3935
6657,1009,round_start,791.67,3,T_1699ed97,3,3,0,3935
6658,1009,round_start,0,1,T_a02bf5e9,0,0,0,3936
6659,1009,round_start,0,1,T_a02bf5e9,0,0,0,3937
6660,1009,round_start,0,1,T_a02bf5e9,0,0,2,3938
6661,1010,round_start,0,1,T_8c03018b,0,0,2,3939
6662,1010,round_start,162.79,2,T_8c03018b,1,0,0,3939
6663,1010,round_start,327.89,3,T_8c03018b,2,0,1,3939
6666,1010,round_start,0,1,T_4994897b,0,0,0,3941
6667,1010,round_start,0,1,T_4994897b,0,0,0,3942
6581,997,round_start,0,1,T_68c6a1f8,0,0,0,
6583,997,round_start,0,1,T_68c6a1f8,0,0,0,
6588,999,round_start,0,1,T_8c03018b,0,0,2,
6589,999,round_start,257.36,2,T_8c03018b,1,0,1,
6591,999,round_start,0,1,T_2b7aadcd,0,0,0,
6592,999,round_start,545.74,2,T_3238eb96,0,3,0,
6593,999,round_start,0,1,T_2b7aadcd,0,0,0,
6594,999,round_start,0,1,T_2b7aadcd,0,0,0,
6595,999,round_start,396.57,2,T_3238eb96,0,3,0,
6596,1000,round_start,0,1,T_8c03018b,0,0,1,
6597,1000,round_start,340.6,2,T_8c03018b,0,1,2,
6598,1000,round_start,644.66,3,T_8c03018b,0,2,0,
6633,1003,round_start,0,1,T_a02bf5e9,0,0,0,
6664,1010,round_start,0,1,T_4994897b,0,0,0,
6665,1010,round_start,240.04,2,T_3238eb96,0,3,0,
6668,1010,round_start,399.76,2,T_3238eb96,0,3,0,3942
6669,1010,round_start,0,1,T_4994897b,0,0,0,3943
6670,1010,round_start,0,1,T_4994897b,0,0,2,3944
6671,1010,round_start,0,1,T_4994897b,0,0,0,3945
6672,1010,round_start,488.06,2,T_3238eb96,0,3,0,3945
6673,1011,round_start,0,1,T_a02bf5e9,0,0,0,3946
6674,1011,round_start,435.21,2,T_5568bd9d,0,3,0,3946
6675,1011,round_start,0,1,T_a02bf5e9,0,0,0,3947
6676,1011,round_start,0,1,T_a02bf5e9,0,0,0,3948
6677,1011,round_start,0,1,T_a02bf5e9,0,0,0,3949
6678,1011,round_start,515.2,2,T_5568bd9d,0,3,0,3949
6679,1011,round_start,0,1,T_8c03018b,0,0,1,3950
6680,1011,round_start,197.06,2,T_8c03018b,0,1,0,3950
6681,1011,round_start,397.53,3,T_8c03018b,0,2,2,3950
6682,1012,round_start,0,1,T_8c03018b,0,0,1,3951
6683,1012,round_start,273.42,2,T_8c03018b,0,1,2,3951
6684,1012,round_start,431.93,3,T_8c03018b,1,1,0,3951
6685,1012,round_start,0,1,T_a02bf5e9,0,0,0,3952
6686,1012,round_start,391.34,2,T_5568bd9d,0,3,0,3952
6687,1012,round_start,0,1,T_a02bf5e9,0,0,0,3953
6688,1012,round_start,0,1,T_a02bf5e9,0,0,0,3954
6689,1012,round_start,427.48,2,T_5568bd9d,0,3,0,3954
6690,1012,round_start,0,1,T_a02bf5e9,0,0,0,3955
6691,1012,round_start,0,1,T_a02bf5e9,0,0,2,3956
6692,1013,round_start,0,1,T_8c03018b,0,0,1,3957
6693,1013,round_start,279.53,2,T_8c03018b,1,0,0,3957
6694,1013,round_start,575.75,3,T_8c03018b,1,1,2,3957
6695,1013,round_start,0,1,T_a02bf5e9,0,0,0,3958
6696,1013,round_start,504.93,2,T_5568bd9d,0,3,0,3958
6697,1013,round_start,0,1,T_a02bf5e9,0,0,0,3959
6698,1013,round_start,0,1,T_a02bf5e9,0,0,0,3960
6699,1013,round_start,505.37,2,T_5568bd9d,0,3,0,3960
6700,1013,round_start,0,1,T_a02bf5e9,0,0,0,3961
6702,1013,round_start,0,1,T_8c03018b,0,0,0,3963
6703,1013,round_start,237.78,2,T_8c03018b,1,0,2,3963
6704,1013,round_start,480.15,3,T_8c03018b,2,0,1,3963
6709,1014,round_start,0,1,T_05e2eced,0,0,0,3965
6710,1014,round_start,490.97,2,T_2649596f,0,2,0,3965
6711,1014,round_start,0,1,T_05e2eced,0,0,0,3966
6712,1021,round_start,0,1,T_a02bf5e9,0,0,0,3967
6713,1021,round_start,491.76,2,T_5568bd9d,0,3,0,3967
6714,1021,round_start,751.56,3,T_a02bf5e9,3,3,0,3967
6715,1021,round_start,841.34,4,T_5568bd9d,3,3,0,3967
6716,1021,round_start,0,1,T_41f135cc,0,0,2,3968
6717,1021,round_start,0,1,T_41f135cc,0,0,0,3969
6718,1021,round_start,0,1,T_05e2eced,0,0,0,3970
6719,1021,round_start,399.61,2,T_04e16151,0,3,0,3970
6720,1022,round_start,0,1,T_a02bf5e9,0,0,0,3971
6721,1022,round_start,337.46,2,T_5568bd9d,0,3,0,3971
6722,1022,round_start,0,1,T_a02bf5e9,0,0,0,3972
6724,1022,round_start,0,1,T_a02bf5e9,0,0,0,3974
6725,1022,round_start,491.81,2,T_5568bd9d,0,3,0,3974
6726,1022,round_start,0,1,T_a02bf5e9,0,0,0,3975
6733,1023,round_start,0,1,T_a02bf5e9,0,0,0,3978
6734,1023,round_start,281.63,2,T_5568bd9d,0,3,0,3978
6735,1023,round_start,0,1,T_a02bf5e9,0,0,0,3979
6736,1023,round_start,237.89,2,T_5568bd9d,0,3,0,3979
6737,1023,round_start,0,1,T_a02bf5e9,0,0,0,3980
6738,1024,round_start,0,1,T_8c03018b,0,0,1,3981
6739,1024,round_start,247.07,2,T_8c03018b,0,1,2,3981
6740,1024,round_start,406.13,3,T_8c03018b,0,2,0,3981
6741,1024,round_start,0,1,T_a02bf5e9,0,0,0,3982
6742,1024,round_start,512.93,2,T_5568bd9d,0,3,0,3982
6743,1024,round_start,0,1,T_a02bf5e9,0,0,0,3983
6744,1024,round_start,291.73,2,T_5568bd9d,0,3,0,3983
6745,1025,round_start,0,1,T_8c03018b,0,0,2,3984
6746,1025,round_start,345.07,2,T_8c03018b,1,0,0,3984
6747,1025,round_start,510.14,3,T_8c03018b,1,1,1,3984
6750,1024,round_start,0,1,T_a02bf5e9,0,0,0,3986
6751,1024,round_start,0,1,T_a02bf5e9,0,0,0,3987
6752,1024,round_start,0,1,T_a02bf5e9,0,0,2,3988
6753,1025,round_start,0,1,T_3238eb96,0,0,0,3989
6754,1025,round_start,384.08,2,T_bcf820e4,0,3,0,3989
6755,1025,round_start,0,1,T_3238eb96,0,0,0,3990
6756,1025,round_start,0,1,T_3238eb96,0,0,0,3991
6757,1025,round_start,407.17,2,T_bcf820e4,0,3,0,3991
6759,1025,round_start,0,1,T_3238eb96,0,0,2,3993
6760,1026,round_start,0,1,T_a02bf5e9,0,0,0,3994
6761,1026,round_start,420.97,2,T_5568bd9d,0,3,0,3994
6723,1022,round_start,0,1,T_a02bf5e9,0,0,0,
6727,1022,round_start,0,1,T_8c03018b,0,0,2,
6705,1014,round_start,0,1,T_a02bf5e9,0,0,0,
6706,1014,round_start,491.76,2,T_5568bd9d,0,3,0,
6707,1014,round_start,751.56,3,T_a02bf5e9,3,3,0,
6730,1023,round_start,0,1,T_8c03018b,0,0,0,
6731,1023,round_start,247.58,2,T_8c03018b,0,1,1,
6732,1023,round_start,525.81,3,T_8c03018b,0,2,2,
6748,1025,round_start,0,1,T_3238eb96,0,0,0,
6749,1025,round_start,384.08,2,T_bcf820e4,0,3,0,
6758,1025,round_start,0,1,T_3238eb96,0,0,0,
6762,1026,round_start,0,1,T_a02bf5e9,0,0,0,
6763,1026,round_start,0,1,T_a02bf5e9,0,0,0,
6764,1026,round_start,504.6,2,T_5568bd9d,0,3,0,
6765,1026,round_start,0,1,T_a02bf5e9,0,0,0,
6770,1026,round_start,0,1,T_a02bf5e9,0,0,2,4000
6772,1028,round_start,0,1,T_8c03018b,0,0,2,4002
6773,1028,round_start,180.05,2,T_8c03018b,1,0,0,4002
6774,1028,round_start,342.55,3,T_8c03018b,2,0,1,4002
6775,1028,round_start,0,1,T_00cb894d,0,0,0,4003
6776,1028,round_start,0,1,T_00cb894d,0,0,0,4004
6777,1028,round_start,410.17,2,T_3238eb96,0,3,0,4004
6778,1028,round_start,0,1,T_00cb894d,0,0,0,4005
6779,1028,round_start,0,1,T_00cb894d,0,0,0,4006
6780,1028,round_start,398.23,2,T_3238eb96,0,3,0,4006
6781,1028,round_start,0,1,T_00cb894d,0,0,2,4007
6782,1029,round_start,0,1,T_a02bf5e9,0,0,0,4008
6783,1029,round_start,413.94,2,T_5568bd9d,0,3,0,4008
6784,1029,round_start,0,1,T_a02bf5e9,0,0,0,4009
6786,1029,round_start,0,1,T_a02bf5e9,0,0,0,4011
6789,1030,round_start,0,1,T_8c03018b,0,0,2,4013
6790,1030,round_start,207.51,2,T_8c03018b,0,1,1,4013
6791,1030,round_start,430.24,3,T_8c03018b,0,2,0,4013
6795,1030,round_start,0,1,T_a02bf5e9,0,0,0,4015
6796,1030,round_start,480.21,2,T_1699ed97,0,3,0,4015
6797,1030,round_start,0,1,T_a02bf5e9,0,0,0,4016
6798,1030,round_start,0,1,T_a02bf5e9,0,0,0,4017
6800,1030,round_start,0,1,T_8c03018b,0,0,1,4019
6801,1030,round_start,327.71,2,T_8c03018b,1,0,2,4019
6802,1030,round_start,489.05,3,T_8c03018b,1,1,0,4019
6803,1031,round_start,0,1,T_8c03018b,0,0,0,4020
6804,1031,round_start,194.42,2,T_8c03018b,0,1,1,4020
6805,1031,round_start,431.78,3,T_8c03018b,0,2,2,4020
6806,1031,round_start,0,1,T_a02bf5e9,0,0,0,4021
6807,1031,round_start,375.92,2,T_1699ed97,0,3,0,4021
6808,1031,round_start,0,1,T_a02bf5e9,0,0,0,4022
6809,1031,round_start,424.37,2,T_1699ed97,0,3,0,4022
6819,1031,round_start,0,1,T_a02bf5e9,0,0,0,4029
6820,1031,round_start,0,1,T_a02bf5e9,0,0,0,4030
6821,1031,round_start,0,1,T_a02bf5e9,0,0,2,4031
6822,1031,round_start,0,1,T_8c03018b,0,0,2,4032
6823,1031,round_start,309.23,2,T_8c03018b,1,0,1,4032
6824,1031,round_start,577.3,3,T_8c03018b,1,1,0,4032
6825,1034,round_start,0,1,T_a02bf5e9,0,0,0,4033
6826,1034,round_start,0,1,T_8c6b6c44,0,0,0,4034
6827,1035,round_start,0,1,T_8c6b6c44,0,0,0,4035
6828,1036,round_start,0,1,T_a02bf5e9,0,0,0,4036
6829,1037,round_start,0,1,T_a02bf5e9,0,0,0,4037
6830,1038,round_start,0,1,T_a02bf5e9,0,0,0,4038
6831,1039,round_start,0,1,T_a02bf5e9,0,0,0,4039
6832,1040,round_start,0,1,T_a02bf5e9,0,0,0,4040
6833,1040,round_start,395.56,2,T_5568bd9d,0,3,0,4040
6834,1041,round_start,0,1,T_a02bf5e9,0,0,0,4041
6835,1041,round_start,395.56,2,T_5568bd9d,0,3,0,4041
6836,1042,round_start,0,1,T_a02bf5e9,0,0,0,4042
6837,1042,round_start,395.56,2,T_5568bd9d,0,3,0,4042
6838,1042,round_start,0,1,T_a02bf5e9,0,0,0,4043
6839,1042,round_start,0,1,T_a02bf5e9,0,0,2,4044
6840,1049,round_start,0,1,T_8c03018b,0,0,2,4045
6841,1049,round_start,239.65,2,T_8c03018b,0,1,1,4045
6842,1049,round_start,499.34,3,T_8c03018b,0,2,0,4045
6843,1049,round_start,0,1,T_ffdf9583,0,0,0,4046
6844,1049,round_start,514.74,2,T_985fffee,0,3,0,4046
6845,1049,round_start,0,1,T_ffdf9583,0,0,0,4047
6846,1049,round_start,0,1,T_ffdf9583,0,0,0,4048
6849,1049,round_start,0,1,T_ffdf9583,0,0,0,4050
6850,1049,round_start,501.31,2,T_985fffee,0,3,0,4050
6851,1049,round_start,0,1,T_ffdf9583,0,0,0,4051
6852,1049,round_start,0,1,T_ffdf9583,0,0,0,4052
6853,1050,round_start,0,1,T_8c03018b,0,0,1,4053
6854,1050,round_start,177.29,2,T_8c03018b,0,1,2,4053
6855,1050,round_start,406.27,3,T_8c03018b,0,2,0,4053
6856,1050,round_start,0,1,T_bd77122f,0,0,0,4054
6857,1050,round_start,405.77,2,T_1699ed97,0,3,0,4054
6858,1050,round_start,0,1,T_bd77122f,0,0,0,4055
6859,1050,round_start,329.65,2,T_1699ed97,0,3,0,4055
6860,1050,round_start,0,1,T_bd77122f,0,0,0,4056
6861,1050,round_start,0,1,T_bd77122f,0,0,0,4057
6862,1050,round_start,0,1,T_bd77122f,0,0,2,4058
6863,1051,round_start,0,1,T_8c03018b,0,0,1,4059
6864,1051,round_start,258.14,2,T_8c03018b,1,0,2,4059
6865,1051,round_start,418.17,3,T_8c03018b,2,0,0,4059
6866,1051,round_start,0,1,T_a02bf5e9,0,0,0,4060
6867,1051,round_start,480.25,2,T_5568bd9d,0,3,0,4060
6868,1051,round_start,0,1,T_a02bf5e9,0,0,0,4061
6869,1051,round_start,0,1,T_a02bf5e9,0,0,0,4062
6870,1051,round_start,517.16,2,T_5568bd9d,0,3,0,4062
6871,1051,round_start,0,1,T_a02bf5e9,0,0,0,4063
6872,1051,round_start,0,1,T_a02bf5e9,0,0,2,4064
6873,1051,round_start,0,1,T_8c03018b,0,0,1,4065
6769,1026,round_start,0,1,T_a02bf5e9,0,0,2,
6785,1029,round_start,0,1,T_a02bf5e9,0,0,2,
6787,1029,round_start,0,1,T_a02bf5e9,0,0,0,
6788,1029,round_start,480.21,2,T_5568bd9d,0,3,0,
6792,1030,round_start,0,1,T_a02bf5e9,0,0,0,
6793,1030,round_start,432.77,2,T_1699ed97,0,3,0,
6794,1030,round_start,751.27,3,T_a02bf5e9,3,3,0,
6799,1030,round_start,0,1,T_a02bf5e9,0,0,2,
6847,1049,round_start,0,1,T_ffdf9583,0,0,0,
6848,1049,round_start,403.95,2,T_985fffee,0,3,0,
6874,1051,round_start,200.65,2,T_8c03018b,1,0,0,4065
6875,1051,round_start,475.26,3,T_8c03018b,2,0,2,4065
6876,1052,round_start,0,1,T_8c03018b,0,0,0,4066
6877,1052,round_start,157.14,2,T_8c03018b,1,0,1,4066
6878,1052,round_start,315.67,3,T_8c03018b,1,1,2,4066
6879,1052,round_start,0,1,T_bb3ff955,0,0,0,4067
6880,1052,round_start,257.58,2,T_3238eb96,0,3,0,4067
6881,1052,round_start,0,1,T_bb3ff955,0,0,0,4068
6882,1052,round_start,416.97,2,T_3238eb96,0,3,0,4068
6883,1052,round_start,0,1,T_bb3ff955,0,0,0,4069
6884,1052,round_start,0,1,T_bb3ff955,0,0,0,4070
6885,1052,round_start,0,1,T_bb3ff955,0,0,2,4071
6886,1052,round_start,0,1,T_bb3ff955,0,0,0,4072
6887,1052,round_start,403.88,2,T_3238eb96,0,3,0,4072
6891,1053,round_start,0,1,T_a02bf5e9,0,0,0,4074
6892,1053,round_start,260.25,2,T_5568bd9d,0,3,0,4074
6901,1055,round_start,0,1,T_8c03018b,0,0,2,4080
6902,1055,round_start,256.05,2,T_8c03018b,0,1,1,4080
6903,1055,round_start,538.81,3,T_8c03018b,1,1,0,4080
6904,1056,round_start,0,1,T_a02bf5e9,0,0,0,4081
6905,1056,round_start,251.61,2,T_3238eb96,0,3,0,4081
6906,1056,round_start,0,1,T_a02bf5e9,0,0,0,4082
6907,1056,round_start,390.18,2,T_3238eb96,0,3,0,4082
6908,1056,round_start,0,1,T_a02bf5e9,0,0,0,4083
6909,1056,round_start,0,1,T_a02bf5e9,0,0,0,4084
6910,1056,round_start,0,1,T_a02bf5e9,0,0,2,4085
6911,1056,round_start,0,1,T_a02bf5e9,0,0,0,4086
6912,1056,round_start,0,1,T_8c03018b,0,0,2,4087
6913,1056,round_start,256.05,2,T_8c03018b,0,1,1,4087
6914,1056,round_start,538.81,3,T_8c03018b,1,1,0,4087
6915,1056,round_start,0,1,T_8c03018b,0,0,2,4088
6916,1056,round_start,256.05,2,T_8c03018b,0,1,1,4088
6917,1056,round_start,538.81,3,T_8c03018b,1,1,0,4088
6918,1056,round_start,0,1,T_8c03018b,0,0,2,4089
6919,1056,round_start,256.05,2,T_8c03018b,0,1,1,4089
6920,1056,round_start,538.81,3,T_8c03018b,1,1,0,4089
6921,1056,round_start,0,1,T_8c03018b,0,0,2,4090
6922,1056,round_start,256.05,2,T_8c03018b,0,1,1,4090
6923,1056,round_start,538.81,3,T_8c03018b,1,1,0,4090
6924,1056,round_start,0,1,T_8c03018b,0,0,2,4091
6925,1056,round_start,256.05,2,T_8c03018b,0,1,1,4091
6926,1056,round_start,538.81,3,T_8c03018b,1,1,0,4091
6927,1057,round_start,0,1,T_8c03018b,0,0,0,4092
6928,1057,round_start,317.64,2,T_8c03018b,1,0,2,4092
6929,1057,round_start,497.08,3,T_8c03018b,1,1,1,4092
6930,1057,round_start,0,1,T_a02bf5e9,0,0,0,4093
6931,1057,round_start,577.6,2,T_5568bd9d,0,3,0,4093
6932,1057,round_start,0,1,T_a02bf5e9,0,0,0,4094
6933,1057,round_start,378.63,2,T_5568bd9d,0,3,0,4094
6934,1057,round_start,0,1,T_a02bf5e9,0,0,0,4095
6935,1057,round_start,0,1,T_a02bf5e9,0,0,0,4096
6936,1057,round_start,0,1,T_8c03018b,0,0,1,4097
6937,1057,round_start,159.11,2,T_8c03018b,0,1,0,4097
6938,1057,round_start,519.73,3,T_8c03018b,0,2,2,4097
6939,1058,round_start,0,1,T_8c03018b,0,0,1,4098
6940,1058,round_start,192.18,2,T_8c03018b,0,1,0,4098
6941,1058,round_start,411.26,3,T_8c03018b,1,1,2,4098
6942,1058,round_start,0,1,T_a02bf5e9,0,0,0,4099
6943,1058,round_start,413.36,2,T_1699ed97,0,3,0,4099
6944,1058,round_start,0,1,T_a02bf5e9,0,0,0,4100
6945,1058,round_start,390.78,2,T_1699ed97,0,3,0,4100
6946,1058,round_start,0,1,T_a02bf5e9,0,0,0,4101
6947,1058,round_start,0,1,T_a02bf5e9,0,0,0,4102
6949,1059,round_start,0,1,T_8c03018b,0,0,1,4104
6950,1059,round_start,230.1,2,T_8c03018b,1,0,2,4104
6951,1059,round_start,420.21,3,T_8c03018b,1,1,0,4104
6952,1059,round_start,0,1,T_d26e7e80,0,0,0,4105
6953,1059,round_start,430.09,2,T_3238eb96,0,3,0,4105
6954,1059,round_start,0,1,T_d26e7e80,0,0,0,4106
6955,1059,round_start,422.15,2,T_3238eb96,0,3,0,4106
6956,1059,round_start,0,1,T_d26e7e80,0,0,0,4107
6957,1059,round_start,0,1,T_8c03018b,0,0,1,4108
6958,1059,round_start,262.08,2,T_8c03018b,1,0,0,4108
6959,1059,round_start,416.49,3,T_8c03018b,1,1,2,4108
6962,1060,round_start,0,1,T_a02bf5e9,0,0,0,4111
6963,1060,round_start,297.14,2,T_a02bf5e9,1,0,2,4111
6964,1060,round_start,609.4,3,T_a02bf5e9,2,0,1,4111
6965,1060,round_start,0,1,T_a02bf5e9,0,0,0,4112
6966,1060,round_start,426.12,2,T_5568bd9d,0,3,0,4112
6968,1060,round_start,0,1,T_a02bf5e9,0,0,2,4114
6969,1060,round_start,0,1,T_a02bf5e9,0,0,0,4115
6970,1060,round_start,401.97,2,T_5568bd9d,0,3,0,4115
6971,1061,round_start,0,1,T_a02bf5e9,0,0,0,4116
6972,1061,round_start,283.81,2,T_5568bd9d,0,3,0,4116
6894,1053,round_start,0,1,T_a02bf5e9,0,0,0,
6895,1053,round_start,499.9,2,T_5568bd9d,0,3,0,
6893,1053,round_start,0,1,T_a02bf5e9,0,0,0,
6896,1053,round_start,0,1,T_a02bf5e9,0,0,0,
6897,1053,round_start,0,1,T_a02bf5e9,0,0,2,
6898,1054,round_start,0,1,T_8c03018b,0,0,2,
6899,1054,round_start,256.05,2,T_8c03018b,0,1,1,
6900,1054,round_start,538.81,3,T_8c03018b,1,1,0,
6948,1058,round_start,0,1,T_a02bf5e9,0,0,2,
6967,1060,round_start,0,1,T_a02bf5e9,0,0,0,
6961,1060,round_start,0,1,T_a02bf5e9,0,0,0,
6960,1059,round_start,0,1,T_d26e7e80,0,0,0,
6973,1061,round_start,764.66,3,T_5568bd9d,3,3,0,4116
6974,1061,round_start,894.21,4,T_a02bf5e9,4,3,0,4116
6975,1061,round_start,0,1,T_68c6a1f8,0,0,0,4117
6976,1061,round_start,423.68,2,T_aa9f4ebe,0,3,0,4117
6977,1061,round_start,920.01,3,T_aa9f4ebe,3,3,0,4117
6978,1061,round_start,1044.36,4,T_68c6a1f8,4,3,0,4117
6979,1061,round_start,0,1,T_68c6a1f8,0,0,0,4118
6980,1061,round_start,423.68,2,T_aa9f4ebe,0,3,0,4118
6981,1061,round_start,920.01,3,T_aa9f4ebe,3,3,0,4118
6982,1061,round_start,1044.36,4,T_68c6a1f8,4,3,0,4118
6983,1061,round_start,0,1,T_68c6a1f8,0,0,0,4119
6984,1061,round_start,423.68,2,T_aa9f4ebe,0,3,0,4119
6985,1061,round_start,920.01,3,T_aa9f4ebe,3,3,0,4119
6986,1061,round_start,1044.36,4,T_68c6a1f8,4,3,0,4119
6992,1062,round_start,0,1,T_5de6f547,0,0,0,4122
6993,1062,round_start,0,1,T_5de6f547,0,0,0,4123
6994,1062,round_start,408.2,2,T_3238eb96,0,3,0,4123
6995,1062,round_start,0,1,T_5de6f547,0,0,0,4124
6996,1062,round_start,0,1,T_5de6f547,0,0,2,4125
6997,1062,round_start,0,1,T_8c03018b,0,0,0,4126
6998,1062,round_start,321.69,2,T_8c03018b,0,1,2,4126
6999,1062,round_start,502.67,3,T_8c03018b,1,1,1,4126
7000,1064,round_start,0,1,T_8c03018b,0,0,2,4127
7001,1064,round_start,220.01,2,T_8c03018b,0,1,1,4127
7002,1064,round_start,480.46,3,T_8c03018b,0,2,0,4127
7003,1063,round_start,0,1,T_a02bf5e9,0,0,0,4128
7004,1063,round_start,535.11,2,T_1699ed97,0,3,0,4128
7008,1063,round_start,0,1,T_a02bf5e9,0,0,0,4130
7009,1063,round_start,507.4,2,T_1699ed97,0,3,0,4130
7010,1063,round_start,0,1,T_a02bf5e9,0,0,0,4131
7011,1063,round_start,0,1,T_a02bf5e9,0,0,0,4132
7012,1065,round_start,0,1,T_8c03018b,0,0,0,4133
7013,1065,round_start,291.51,2,T_8c03018b,1,0,2,4133
7014,1065,round_start,570.35,3,T_8c03018b,1,1,1,4133
7015,1065,round_start,0,1,T_a02bf5e9,0,0,0,4134
7016,1065,round_start,512.77,2,T_1699ed97,0,3,0,4134
7017,1065,round_start,0,1,T_a02bf5e9,0,0,0,4135
7018,1065,round_start,249.42,2,T_1699ed97,0,3,0,4135
7019,1065,round_start,0,1,T_a02bf5e9,0,0,0,4136
7021,1068,round_start,0,1,T_8c03018b,0,0,1,4138
7022,1068,round_start,232.05,2,T_8c03018b,1,0,0,4138
7023,1068,round_start,495.4,3,T_8c03018b,1,1,2,4138
7026,1068,round_start,0,1,T_3238eb96,0,0,0,4140
7030,1069,round_start,0,1,T_8c03018b,0,0,0,4143
7031,1069,round_start,305.09,2,T_8c03018b,0,1,2,4143
7032,1069,round_start,511.97,3,T_8c03018b,0,2,1,4143
7033,1069,round_start,0,1,T_a02bf5e9,0,0,0,4144
7034,1069,round_start,0,1,T_a02bf5e9,0,0,0,4145
7035,1069,round_start,508.54,2,T_5568bd9d,0,3,0,4145
7036,1069,round_start,0,1,T_a02bf5e9,0,0,0,4146
7037,1069,round_start,0,1,T_a02bf5e9,0,0,0,4147
7038,1069,round_start,480.18,2,T_5568bd9d,0,3,0,4147
7039,1069,round_start,0,1,T_a02bf5e9,0,0,0,4148
7040,1070,round_start,0,1,T_8c03018b,0,0,0,4149
7041,1070,round_start,288.68,2,T_8c03018b,1,0,1,4149
7042,1070,round_start,451.19,3,T_8c03018b,1,1,2,4149
7043,1070,round_start,0,1,T_a02bf5e9,0,0,2,4150
7044,1070,round_start,0,1,T_a02bf5e9,0,0,0,4151
7045,1070,round_start,405.66,2,T_5568bd9d,0,3,0,4151
7046,1070,round_start,0,1,T_a02bf5e9,0,0,0,4152
7047,1070,round_start,0,1,T_a02bf5e9,0,0,0,4153
7048,1071,round_start,0,1,T_42f78f05,0,0,0,4154
7049,1071,round_start,0,1,T_42f78f05,0,0,0,4155
7050,1071,round_start,409.78,2,T_626f467c,0,3,0,4155
7051,1071,round_start,0,1,T_42f78f05,0,0,2,4156
7052,1071,round_start,0,1,T_8c03018b,0,0,1,4157
7053,1071,round_start,281.38,2,T_8c03018b,1,0,0,4157
7054,1071,round_start,503.99,3,T_8c03018b,1,1,2,4157
7055,1072,round_start,0,1,T_8c03018b,0,0,2,4158
7056,1072,round_start,209.58,2,T_8c03018b,1,0,1,4158
7057,1072,round_start,466.08,3,T_8c03018b,2,0,0,4158
7063,1072,round_start,0,1,T_8c03018b,0,0,0,4163
7064,1072,round_start,335.76,2,T_8c03018b,1,0,1,4163
7065,1072,round_start,510.82,3,T_8c03018b,2,0,2,4163
7066,1075,round_start,0,1,T_8c03018b,0,0,0,4164
7067,1075,round_start,350.54,2,T_8c03018b,0,1,1,4164
7068,1075,round_start,666.53,3,T_8c03018b,0,2,2,4164
7069,1075,round_start,0,1,T_a02bf5e9,0,0,0,4165
7072,1075,round_start,0,1,T_a02bf5e9,0,0,0,4167
6987,1062,round_start,0,1,T_8c03018b,0,0,1,
6988,1062,round_start,260.7,2,T_8c03018b,1,0,2,
7005,1063,round_start,0,1,T_8c03018b,0,0,2,
7006,1063,round_start,220.01,2,T_8c03018b,0,1,1,
7020,1065,round_start,0,1,T_a02bf5e9,0,0,0,
7024,1068,round_start,0,1,T_3238eb96,0,0,0,
7025,1068,round_start,260.8,2,T_5de6f547,0,3,0,
7027,1068,round_start,0,1,T_3238eb96,0,0,0,
7028,1068,round_start,550.29,2,T_5de6f547,0,3,0,
7029,1068,round_start,0,1,T_3238eb96,0,0,0,
7059,1072,round_start,0,1,T_a02bf5e9,0,0,0,
7060,1072,round_start,267.32,2,T_5568bd9d,0,3,0,
7058,1072,round_start,0,1,T_a02bf5e9,0,0,0,
7061,1072,round_start,0,1,T_a02bf5e9,0,0,0,
7062,1072,round_start,0,1,T_a02bf5e9,0,0,2,
7070,1075,round_start,0,1,T_a02bf5e9,0,0,0,
7071,1075,round_start,245.05,2,T_5568bd9d,0,3,0,
7073,1075,round_start,0,1,T_a02bf5e9,0,0,2,4168
7074,1075,round_start,0,1,T_a02bf5e9,0,0,0,4169
7075,1075,round_start,283.45,2,T_5568bd9d,0,3,0,4169
7079,1077,round_start,0,1,T_8c03018b,0,0,1,4171
7080,1077,round_start,218.08,2,T_8c03018b,0,1,0,4171
7081,1077,round_start,388.78,3,T_8c03018b,0,2,2,4171
7082,1077,round_start,0,1,T_3f7bae38,0,0,0,4172
7083,1077,round_start,208.99,2,T_41c8397f,0,3,0,4172
7084,1077,round_start,574.19,3,T_41c8397f,3,3,0,4172
7088,1077,round_start,0,1,T_3f7bae38,0,0,0,4174
7089,1077,round_start,0,1,T_3f7bae38,0,0,0,4175
7090,1077,round_start,390.18,2,T_41c8397f,0,3,0,4175
7091,1077,round_start,0,1,T_3f7bae38,0,0,0,4176
7092,1077,round_start,0,1,T_3f7bae38,0,0,2,4177
7093,1079,round_start,0,1,T_8c03018b,0,0,0,4178
7094,1079,round_start,189.39,2,T_8c03018b,1,0,1,4178
7095,1079,round_start,448.27,3,T_8c03018b,2,0,2,4178
7097,1079,round_start,0,1,T_a02bf5e9,0,0,0,4180
7098,1079,round_start,267.9,2,T_5568bd9d,0,3,0,4180
7099,1079,round_start,0,1,T_a02bf5e9,0,0,2,4181
7100,1079,round_start,0,1,T_a02bf5e9,0,0,0,4182
7101,1079,round_start,245.03,2,T_5568bd9d,0,3,0,4182
7107,1080,round_start,0,1,T_a02bf5e9,0,0,0,4186
7108,1080,round_start,462.19,2,T_1699ed97,0,3,0,4186
7109,1080,round_start,0,1,T_a02bf5e9,0,0,0,4187
7110,1080,round_start,0,1,T_a02bf5e9,0,0,0,4188
7111,1080,round_start,480.24,2,T_1699ed97,0,3,0,4188
7112,1080,round_start,0,1,T_a02bf5e9,0,0,0,4189
7113,1081,round_start,0,1,T_a02bf5e9,0,0,2,4190
7114,1082,round_start,0,1,T_8c03018b,0,0,2,4191
7115,1082,round_start,176.54,2,T_8c03018b,1,0,1,4191
7116,1082,round_start,435.16,3,T_8c03018b,1,1,0,4191
7117,1082,round_start,0,1,T_a02bf5e9,0,0,0,4192
7118,1082,round_start,411.43,2,T_5568bd9d,0,3,0,4192
7119,1082,round_start,0,1,T_a02bf5e9,0,0,0,4193
7120,1082,round_start,499.18,2,T_5568bd9d,0,3,0,4193
7121,1082,round_start,0,1,T_a02bf5e9,0,0,0,4194
7122,1082,round_start,0,1,T_a02bf5e9,0,0,0,4195
7123,1082,round_start,0,1,T_8c03018b,0,0,1,4196
7124,1082,round_start,185.65,2,T_8c03018b,1,0,0,4196
7125,1082,round_start,382.28,3,T_8c03018b,2,0,2,4196
7127,1081,round_start,0,1,T_a02bf5e9,0,0,0,4198
7128,1081,round_start,0,1,T_a02bf5e9,0,0,0,4199
7129,1081,round_start,495.5,2,T_5568bd9d,0,3,0,4199
7130,1081,round_start,0,1,T_8c03018b,0,0,1,4200
7131,1081,round_start,202.04,2,T_8c03018b,1,0,2,4200
7132,1081,round_start,464.08,3,T_8c03018b,2,0,0,4200
7145,1084,round_start,0,1,T_8c03018b,0,0,1,4207
7146,1084,round_start,156.24,2,T_8c03018b,1,0,2,4207
7147,1084,round_start,379.88,3,T_8c03018b,2,0,0,4207
7148,1084,round_start,0,1,T_70cf47d6,0,0,0,4208
7149,1084,round_start,411.29,2,T_1699ed97,0,3,0,4208
7150,1084,round_start,647,3,T_70cf47d6,3,3,0,4208
7151,1084,round_start,0,1,T_70cf47d6,0,0,0,4209
7152,1084,round_start,515.82,2,T_1699ed97,0,3,0,4209
7153,1084,round_start,0,1,T_70cf47d6,0,0,0,4210
7154,1084,round_start,0,1,T_70cf47d6,0,0,0,4211
7155,1084,round_start,0,1,T_70cf47d6,0,0,2,4212
7156,1085,round_start,0,1,T_8c03018b,0,0,1,4213
7157,1085,round_start,220.89,2,T_8c03018b,0,1,0,4213
7158,1085,round_start,501.51,3,T_8c03018b,1,1,2,4213
7162,1086,round_start,0,1,T_a02bf5e9,0,0,0,4215
7163,1086,round_start,310.96,2,T_5568bd9d,0,3,0,4215
7164,1086,round_start,0,1,T_a02bf5e9,0,0,0,4216
7165,1086,round_start,0,1,T_a02bf5e9,0,0,0,4217
7166,1086,round_start,291.24,2,T_5568bd9d,0,3,0,4217
7169,1086,round_start,0,1,T_8c03018b,0,0,0,4220
7170,1086,round_start,261.84,2,T_8c03018b,0,1,1,4220
7171,1086,round_start,431.03,3,T_8c03018b,0,2,2,4220
7172,1087,round_start,0,1,T_3238eb96,0,0,0,4221
7173,1087,round_start,249.18,2,T_a3876e46,0,3,0,4221
7180,1087,round_start,0,1,T_3238eb96,0,0,0,4225
7181,1087,round_start,0,1,T_3238eb96,0,0,0,4226
7182,1087,round_start,390.14,2,T_a3876e46,0,3,0,4226
7183,1088,round_start,0,1,T_8c03018b,0,0,2,4227
7184,1088,round_start,263.95,2,T_8c03018b,0,1,1,4227
7185,1088,round_start,513.42,3,T_8c03018b,0,2,0,4227
7186,1088,round_start,0,1,T_a02bf5e9,0,0,0,4228
7187,1088,round_start,391.69,2,T_5568bd9d,0,3,0,4228
7188,1088,round_start,0,1,T_a02bf5e9,0,0,0,4229
7189,1088,round_start,0,1,T_a02bf5e9,0,0,0,4230
7190,1088,round_start,0,1,T_a02bf5e9,0,0,0,4231
7191,1088,round_start,0,1,T_a02bf5e9,0,0,0,4232
7194,1088,round_start,0,1,T_a02bf5e9,0,0,0,4234
7195,1088,round_start,0,1,T_a02bf5e9,0,0,0,4235
7196,1088,round_start,0,1,T_a02bf5e9,0,0,0,4236
7197,1088,round_start,0,1,T_a02bf5e9,0,0,0,4237
7198,1088,round_start,0,1,T_a02bf5e9,0,0,0,4238
7200,1088,round_start,0,1,T_a02bf5e9,0,0,2,4240
7201,1089,round_start,0,1,T_3238eb96,0,0,0,4241
7202,1089,round_start,0,1,T_8c03018b,0,0,1,4242
7203,1089,round_start,162.52,2,T_8c03018b,0,1,2,4242
7204,1089,round_start,385.48,3,T_8c03018b,0,2,0,4242
7205,1089,round_start,0,1,T_3238eb96,0,0,0,4243
7206,1089,round_start,276.72,2,T_70180e67,0,3,0,4243
7207,1089,round_start,0,1,T_3238eb96,0,0,0,4244
7208,1089,round_start,276.72,2,T_70180e67,0,3,0,4244
7209,1089,round_start,0,1,T_3238eb96,0,0,0,4245
7210,1089,round_start,0,1,T_3238eb96,0,0,2,4246
7211,1089,round_start,0,1,T_3238eb96,0,0,0,4247
7212,1089,round_start,294.45,2,T_70180e67,0,3,0,4247
7213,1089,round_start,0,1,T_3238eb96,0,0,0,4248
7214,1089,round_start,276.72,2,T_70180e67,0,3,0,4248
7215,1089,round_start,0,1,T_3238eb96,0,0,0,4249
7216,1089,round_start,276.72,2,T_70180e67,0,3,0,4249
7217,1089,round_start,0,1,T_3238eb96,0,0,0,4250
7218,1089,round_start,276.72,2,T_70180e67,0,3,0,4250
7219,1088,round_start,0,1,T_8c03018b,0,0,0,4251
7220,1088,round_start,329.44,2,T_8c03018b,1,0,1,4251
7221,1088,round_start,649.74,3,T_8c03018b,1,1,2,4251
7222,1090,round_start,0,1,T_5c1e2096,0,0,0,4252
7223,1090,round_start,485.18,2,T_29e0905e,0,3,0,4252
7224,1090,round_start,0,1,T_5c1e2096,0,0,0,4253
7227,1090,round_start,0,1,T_5c1e2096,0,0,0,4255
7231,1092,round_start,0,1,T_a02bf5e9,0,0,0,4257
7232,1092,round_start,373.3,2,T_5568bd9d,0,3,0,4257
7233,1092,round_start,0,1,T_a02bf5e9,0,0,0,4258
7234,1092,round_start,0,1,T_a02bf5e9,0,0,0,4259
7235,1092,round_start,311.76,2,T_5568bd9d,0,3,0,4259
7237,1093,round_start,0,1,T_42ed2469,0,0,0,4261
7238,1093,round_start,0,1,T_42ed2469,0,0,0,4262
7239,1093,round_start,490.95,2,T_3b33fda5,0,3,0,4262
7240,1093,round_start,0,1,T_8c03018b,0,0,0,4263
7241,1093,round_start,288.93,2,T_8c03018b,1,0,2,4263
7242,1094,round_start,0,1,T_8c03018b,0,0,2,4264
7243,1094,round_start,244.33,2,T_8c03018b,0,1,1,4264
7244,1094,round_start,402.29,3,T_8c03018b,0,2,0,4264
7245,1094,round_start,0,1,T_a02bf5e9,0,0,0,4265
7246,1094,round_start,281.28,2,T_5568bd9d,0,3,0,4265
7247,1094,round_start,0,1,T_a02bf5e9,0,0,0,4266
7248,1094,round_start,0,1,T_a02bf5e9,0,0,0,4267
7249,1094,round_start,412.34,2,T_5568bd9d,0,3,0,4267
7250,1094,round_start,0,1,T_a02bf5e9,0,0,0,4268
7251,1095,round_start,0,1,T_8c03018b,0,0,0,4269
7252,1095,round_start,322.8,2,T_8c03018b,1,0,2,4269
7253,1095,round_start,619,3,T_8c03018b,2,0,1,4269
7254,1095,round_start,0,1,T_8f3e6107,0,0,0,4270
7255,1095,round_start,321.08,2,T_0cac1da9,0,3,0,4270
7256,1095,round_start,0,1,T_8f3e6107,0,0,0,4271
7257,1095,round_start,0,1,T_8f3e6107,0,0,0,4272
7258,1095,round_start,0,1,T_8f3e6107,0,0,0,4273
7259,1095,round_start,500.27,2,T_0cac1da9,0,3,0,4273
7260,1095,round_start,0,1,T_8f3e6107,0,0,2,4274
7267,1096,round_start,0,1,T_8c03018b,0,0,0,4277
7268,1096,round_start,236.04,2,T_8c03018b,1,0,2,4277
7269,1096,round_start,394.01,3,T_8c03018b,2,0,1,4277
7273,1096,round_start,0,1,T_a02bf5e9,0,0,0,4279
7274,1096,round_start,490.84,2,T_5568bd9d,0,3,0,4279
7275,1096,round_start,0,1,T_a02bf5e9,0,0,0,4280
7276,1096,round_start,490.84,2,T_5568bd9d,0,3,0,4280
7277,1096,round_start,0,1,T_a02bf5e9,0,0,0,4281
7278,1096,round_start,0,1,T_a02bf5e9,0,0,0,4282
7279,1096,round_start,0,1,T_a02bf5e9,0,0,2,4283
7280,1096,round_start,0,1,T_a02bf5e9,0,0,0,4284
7281,1096,round_start,252.4,2,T_5568bd9d,0,3,0,4284
7282,1097,round_start,0,1,T_a02bf5e9,0,0,0,4285
7283,1097,round_start,0,1,T_a02bf5e9,0,0,0,4286
7284,1097,round_start,460.48,2,T_5568bd9d,0,3,0,4286
7285,1097,round_start,0,1,T_a02bf5e9,0,0,0,4287
7286,1097,round_start,0,1,T_8c03018b,0,0,0,4288
7287,1097,round_start,283.38,2,T_8c03018b,0,1,1,4288
7288,1097,round_start,590.22,3,T_8c03018b,0,2,2,4288
7294,1098,round_start,0,1,T_478f548f,0,0,0,4291
7295,1098,round_start,254.99,2,T_8478c02e,0,3,0,4291
7296,1098,round_start,0,1,T_478f548f,0,0,0,4292
7297,1098,round_start,420.42,2,T_8478c02e,0,3,0,4292
7298,1098,round_start,0,1,T_478f548f,0,0,0,4293
7299,1098,round_start,254.99,2,T_8478c02e,0,3,0,4293
7300,1098,round_start,0,1,T_478f548f,0,0,0,4294
7301,1098,round_start,485.19,2,T_8478c02e,0,3,0,4294
7302,1098,round_start,0,1,T_478f548f,0,0,0,4295
7303,1098,round_start,409.44,2,T_8478c02e,0,3,0,4295
7314,1099,round_start,0,1,T_a02bf5e9,0,0,0,4300
7319,1101,round_start,0,1,T_a34bd8eb,0,0,0,4303
7320,1101,round_start,409.01,2,T_41c8397f,0,3,0,4303
7321,1101,round_start,0,1,T_a34bd8eb,0,0,0,4304
7322,1101,round_start,0,1,T_a34bd8eb,0,0,0,4305
7323,1101,round_start,240.04,2,T_41c8397f,0,3,0,4305
7325,1101,round_start,0,1,T_a34bd8eb,0,0,0,4307
7328,1102,round_start,0,1,T_8c03018b,0,0,0,4310
7329,1102,round_start,229.79,2,T_8c03018b,0,1,2,4310
7330,1102,round_start,463.71,3,T_8c03018b,0,2,1,4310
7331,1102,round_start,0,1,T_ef2c9796,0,0,0,4311
7332,1102,round_start,341.3,2,T_1699ed97,0,3,0,4311
7333,1102,round_start,0,1,T_ef2c9796,0,0,0,4312
7334,1102,round_start,501.43,2,T_1699ed97,0,3,0,4312
7335,1102,round_start,0,1,T_ef2c9796,0,0,0,4313
7336,1102,round_start,0,1,T_ef2c9796,0,0,0,4314
7337,1103,round_start,0,1,T_8c03018b,0,0,2,4315
7338,1103,round_start,178.62,2,T_8c03018b,1,0,1,4315
7339,1103,round_start,345.43,3,T_8c03018b,2,0,0,4315
7340,1103,round_start,0,1,T_b5daed59,0,0,0,4316
7344,1103,round_start,0,1,T_b5daed59,0,0,2,4319
7347,1103,round_start,0,1,T_b5daed59,0,0,0,4321
7348,1103,round_start,0,1,T_b5daed59,0,0,0,4322
7349,1103,round_start,553.43,2,T_3238eb96,0,3,0,4322
7350,1103,round_start,832.3,3,T_3238eb96,3,3,0,4322
7351,1103,round_start,0,1,T_b5daed59,0,0,2,4323
7352,1103,round_start,0,1,T_b5daed59,0,0,2,4324
7353,1104,round_start,0,1,T_8c03018b,0,0,2,4325
7354,1104,round_start,210.25,2,T_8c03018b,0,1,1,4325
7355,1104,round_start,443.99,3,T_8c03018b,0,2,0,4325
7356,1104,round_start,0,1,T_a02bf5e9,0,0,0,4326
7357,1104,round_start,496.35,2,T_1699ed97,0,3,0,4326
7360,1104,round_start,0,1,T_a02bf5e9,0,0,0,4329
7361,1104,round_start,282.06,2,T_1699ed97,0,3,0,4329
7362,1104,round_start,0,1,T_a02bf5e9,0,0,0,4330
7363,1104,round_start,0,1,T_a02bf5e9,0,0,0,4331
7364,1104,round_start,0,1,T_a02bf5e9,0,0,2,4332
7380,1106,round_start,0,1,T_8c03018b,0,0,1,4341
7381,1106,round_start,215.12,2,T_8c03018b,1,0,2,4341
7382,1106,round_start,443.02,3,T_8c03018b,2,0,0,4341
7388,1106,round_start,0,1,T_a02bf5e9,0,0,0,4344
7389,1106,round_start,0,1,T_a02bf5e9,0,0,0,4345
7390,1106,round_start,0,1,T_a02bf5e9,0,0,2,4346
7394,1108,round_start,0,1,T_8c03018b,0,0,0,4348
7395,1108,round_start,211.16,2,T_8c03018b,0,1,2,4348
7396,1108,round_start,390.73,3,T_8c03018b,0,2,1,4348
7397,1108,round_start,0,1,T_6ab14952,0,0,0,4349
7398,1108,round_start,245.67,2,T_3238eb96,0,3,0,4349
7399,1108,round_start,0,1,T_6ab14952,0,0,0,4350
7412,1110,round_start,0,1,T_a02bf5e9,0,0,0,4358
7416,1112,round_start,0,1,T_8c03018b,0,0,0,4360
7417,1112,round_start,260.24,2,T_8c03018b,1,0,1,4360
7418,1112,round_start,489.06,3,T_8c03018b,2,0,2,4360
7421,1112,round_start,0,1,T_a02bf5e9,0,0,0,4362
7424,1112,round_start,0,1,T_a02bf5e9,0,0,0,4364
7425,1112,round_start,0,1,T_8c03018b,0,0,2,4365
7426,1112,round_start,217.45,2,T_8c03018b,1,0,1,4365
7427,1112,round_start,465.97,3,T_8c03018b,2,0,0,4365
7436,1113,round_start,0,1,T_a02bf5e9,0,0,0,4369
7437,1113,round_start,512.1,2,T_5568bd9d,0,3,0,4369
7438,1113,round_start,0,1,T_a02bf5e9,0,0,0,4370
7442,1114,round_start,0,1,T_a02bf5e9,0,0,0,4372
7443,1115,round_start,0,1,T_8c03018b,0,0,2,4373
7444,1115,round_start,248.95,2,T_8c03018b,1,0,1,4373
7445,1115,round_start,506.24,3,T_8c03018b,1,1,0,4373
7446,1115,round_start,0,1,T_a02bf5e9,0,0,0,4374
7447,1115,round_start,390.15,2,T_1699ed97,0,3,0,4374
7453,1115,round_start,0,1,T_a02bf5e9,0,0,0,4378
7454,1115,round_start,390.15,2,T_1699ed97,0,3,0,4378
7455,1116,round_start,0,1,T_8c03018b,0,0,1,4379
7456,1116,round_start,301.01,2,T_8c03018b,0,1,0,4379
7457,1116,round_start,512.62,3,T_8c03018b,0,2,2,4379
7458,1116,round_start,0,1,T_a02bf5e9,0,0,0,4380
7459,1116,round_start,360.69,2,T_5568bd9d,0,3,0,4380
7460,1116,round_start,0,1,T_a02bf5e9,0,0,0,4381
7461,1116,round_start,0,1,T_a02bf5e9,0,0,0,4382
7462,1116,round_start,354.52,2,T_5568bd9d,0,3,0,4382
7464,1116,round_start,0,1,T_8c03018b,0,0,0,4384
7465,1116,round_start,171.36,2,T_8c03018b,0,1,2,4384
7466,1116,round_start,411.31,3,T_8c03018b,1,1,1,4384
7467,1116,round_start,0,1,T_a02bf5e9,0,0,2,4385
7468,1117,round_start,0,1,T_8c03018b,0,0,2,4386
7469,1117,round_start,176.7,2,T_8c03018b,0,1,0,4386
7470,1117,round_start,489.99,3,T_8c03018b,1,1,1,4386
7471,1118,round_start,0,1,T_a02bf5e9,0,0,0,4387
7472,1118,round_start,269.9,2,T_5568bd9d,0,3,0,4387
7477,1118,round_start,0,1,T_a02bf5e9,0,0,2,4391
7478,1118,round_start,0,1,T_a02bf5e9,0,0,0,4392
7481,1120,round_start,0,1,T_a02bf5e9,0,0,0,4394
7482,1120,round_start,504.64,2,T_5568bd9d,0,3,0,4394
7485,1120,round_start,0,1,T_a02bf5e9,0,0,0,4396
7486,1120,round_start,0,1,T_a02bf5e9,0,0,0,4397
7487,1120,round_start,0,1,T_a02bf5e9,0,0,2,4398
7489,1120,round_start,0,1,T_8c03018b,0,0,1,4400
7490,1120,round_start,201.54,2,T_8c03018b,1,0,2,4400
7491,1120,round_start,537.41,3,T_8c03018b,1,1,0,4400
7492,1121,round_start,0,1,T_a02bf5e9,0,0,0,4401
7493,1121,round_start,0,1,T_a02bf5e9,0,0,0,4402
7494,1121,round_start,566.4,2,T_5568bd9d,0,3,0,4402
7495,1121,round_start,0,1,T_8c03018b,0,0,1,4403
7496,1121,round_start,316.03,2,T_8c03018b,0,1,0,4403
7497,1121,round_start,556.23,3,T_8c03018b,1,1,2,4403
7498,1121,round_start,0,1,T_a02bf5e9,0,0,0,4404
7499,1121,round_start,498.17,2,T_5568bd9d,0,3,0,4404
7500,1121,round_start,0,1,T_8c03018b,0,0,1,4405
7501,1121,round_start,293.29,2,T_8c03018b,0,1,0,4405
7502,1121,round_start,502.99,3,T_8c03018b,0,2,2,4405
7506,1122,round_start,0,1,T_8c03018b,0,0,2,4407
7507,1122,round_start,221.47,2,T_8c03018b,1,0,0,4407
7508,1122,round_start,465.74,3,T_8c03018b,2,0,1,4407
7509,1122,round_start,0,1,T_a02bf5e9,0,0,0,4408
7510,1122,round_start,0,1,T_a02bf5e9,0,0,0,4409
7511,1122,round_start,494.27,2,T_5568bd9d,0,3,0,4409
7520,1123,round_start,0,1,T_d0bc03db,0,0,0,4414
7521,1123,round_start,0,1,T_d0bc03db,0,0,0,4415
7522,1123,round_start,531.38,2,T_3238eb96,0,3,0,4415
7523,1123,round_start,0,1,T_d0bc03db,0,0,0,4416
7524,1123,round_start,492.06,2,T_3238eb96,0,3,0,4416
7525,1123,round_start,0,1,T_d0bc03db,0,0,0,4417
7526,1123,round_start,0,1,T_d0bc03db,0,0,2,4418
7529,1124,round_start,0,1,T_8c03018b,0,0,0,4420
7530,1124,round_start,190.98,2,T_8c03018b,0,1,2,4420
7531,1124,round_start,461.77,3,T_8c03018b,1,1,1,4420
7532,1124,round_start,0,1,T_a02bf5e9,0,0,0,4421
7533,1124,round_start,519.25,2,T_5568bd9d,0,3,0,4421
7534,1124,round_start,971.94,3,T_a02bf5e9,3,3,0,4421
7540,1124,round_start,0,1,T_a02bf5e9,0,0,0,4425
7541,1124,round_start,429.46,2,T_5568bd9d,0,3,0,4425
7542,1124,round_start,0,1,T_a02bf5e9,0,0,2,4426
7543,1124,round_start,0,1,T_a02bf5e9,0,0,0,4427
7544,1124,round_start,0,1,T_a02bf5e9,0,0,0,4428
7545,1124,round_start,429.46,2,T_5568bd9d,0,3,0,4428
7546,1125,round_start,0,1,T_8c03018b,0,0,1,4429
7547,1125,round_start,279.59,2,T_8c03018b,0,1,2,4429
7548,1125,round_start,467.14,3,T_8c03018b,0,2,0,4429
7551,1125,round_start,0,1,T_a02bf5e9,0,0,0,4431
7552,1125,round_start,0,1,T_a02bf5e9,0,0,0,4432
7553,1125,round_start,415.62,2,T_5568bd9d,0,3,0,4432
7554,1125,round_start,0,1,T_a02bf5e9,0,0,0,4433
7556,1125,round_start,0,1,T_8c03018b,0,0,2,4435
7557,1125,round_start,286.81,2,T_8c03018b,0,1,0,4435
7558,1125,round_start,572.49,3,T_8c03018b,1,1,1,4435
7560,1127,round_start,0,1,T_a02bf5e9,0,0,2,4437
7561,1128,round_start,0,1,T_8c03018b,0,0,1,4438
7562,1128,round_start,282.24,2,T_8c03018b,1,0,0,4438
7563,1128,round_start,476.03,3,T_8c03018b,2,0,2,4438
7564,1128,round_start,0,1,T_a02bf5e9,0,0,0,4439
7565,1128,round_start,432.12,2,T_5568bd9d,0,3,0,4439
7566,1128,round_start,0,1,T_a02bf5e9,0,0,0,4440
7567,1128,round_start,0,1,T_a02bf5e9,0,0,0,4441
7568,1128,round_start,260.97,2,T_5568bd9d,0,3,0,4441
7569,1128,round_start,0,1,T_a02bf5e9,0,0,0,4442
7570,1128,round_start,0,1,T_a02bf5e9,0,0,0,4443
7571,1128,round_start,260.97,2,T_5568bd9d,0,3,0,4443
7572,1128,round_start,0,1,T_a02bf5e9,0,0,0,4444
7573,1128,round_start,260.97,2,T_5568bd9d,0,3,0,4444
7574,1128,round_start,0,1,T_a02bf5e9,0,0,0,4445
7575,1128,round_start,0,1,T_a02bf5e9,0,0,0,4446
7576,1128,round_start,0,1,T_8c03018b,0,0,0,4447
7577,1128,round_start,161.43,2,T_8c03018b,1,0,2,4447
7578,1128,round_start,369.03,3,T_8c03018b,2,0,1,4447
7579,1128,round_start,0,1,T_a02bf5e9,0,0,2,4448
7580,1129,round_start,0,1,T_8c03018b,0,0,1,4449
7581,1129,round_start,253.71,2,T_8c03018b,1,0,0,4449
7582,1129,round_start,433.84,3,T_8c03018b,2,0,2,4449
7585,1129,round_start,0,1,T_a02bf5e9,0,0,0,4451
7586,1129,round_start,473.84,2,T_5568bd9d,0,3,0,4451
7587,1129,round_start,0,1,T_a02bf5e9,0,0,0,4452
7588,1129,round_start,0,1,T_a02bf5e9,0,0,2,4453
7594,1130,round_start,0,1,T_a02bf5e9,0,0,0,4457
7595,1130,round_start,495.69,2,T_5568bd9d,0,3,0,4457
7598,1130,round_start,0,1,T_a02bf5e9,0,0,0,4459
7599,1130,round_start,0,1,T_a02bf5e9,0,0,2,4460
7600,1130,round_start,0,1,T_a02bf5e9,0,0,0,4461
7601,1131,round_start,0,1,T_8c03018b,0,0,0,4462
7602,1131,round_start,164.5,2,T_8c03018b,1,0,1,4462
7603,1131,round_start,429.34,3,T_8c03018b,2,0,2,4462
7604,1131,round_start,0,1,T_a02bf5e9,0,0,0,4463
7605,1131,round_start,240.04,2,T_5568bd9d,0,3,0,4463
7606,1131,round_start,0,1,T_a02bf5e9,0,0,0,4464
7607,1131,round_start,0,1,T_8c03018b,0,0,0,4465
7608,1131,round_start,249.5,2,T_8c03018b,1,0,1,4465
7609,1131,round_start,515.84,3,T_8c03018b,2,0,2,4465
7610,1131,round_start,0,1,T_a02bf5e9,0,0,0,4466
7611,1131,round_start,492.51,2,T_5568bd9d,0,3,0,4466
7612,1131,round_start,0,1,T_a02bf5e9,0,0,0,4467
7613,1131,round_start,0,1,T_8c03018b,0,0,0,4468
7614,1131,round_start,265.79,2,T_8c03018b,1,0,1,4468
7615,1131,round_start,423.88,3,T_8c03018b,2,0,2,4468
7616,1132,round_start,0,1,T_267fa7be,0,0,0,4469
7617,1132,round_start,260.75,2,T_3238eb96,0,3,0,4469
7618,1132,round_start,0,1,T_8c03018b,0,0,1,4470
7619,1132,round_start,157.21,2,T_8c03018b,1,0,2,4470
7620,1132,round_start,470.78,3,T_8c03018b,2,0,0,4470
7621,1132,round_start,0,1,T_267fa7be,0,0,0,4471
7622,1132,round_start,395.17,2,T_3238eb96,0,3,0,4471
7623,1132,round_start,0,1,T_267fa7be,0,0,0,4472
7624,1132,round_start,0,1,T_267fa7be,0,0,0,4473
7625,1132,round_start,410.55,2,T_3238eb96,0,3,0,4473
7626,1133,round_start,0,1,T_a02bf5e9,0,0,0,4474
7627,1133,round_start,527.73,2,T_5568bd9d,0,3,0,4474
7628,1133,round_start,0,1,T_a02bf5e9,0,0,0,4475
7629,1134,round_start,0,1,T_8c03018b,0,0,1,4476
7630,1134,round_start,195.19,2,T_8c03018b,1,0,0,4476
7631,1134,round_start,431.03,3,T_8c03018b,2,0,2,4476
7632,1135,round_start,0,1,T_8c03018b,0,0,1,4477
7633,1135,round_start,195.19,2,T_8c03018b,1,0,0,4477
7634,1135,round_start,431.03,3,T_8c03018b,2,0,2,4477
7635,1136,round_start,0,1,T_8c03018b,0,0,1,4478
7636,1136,round_start,195.19,2,T_8c03018b,1,0,0,4478
7637,1136,round_start,431.03,3,T_8c03018b,2,0,2,4478
7638,1137,round_start,0,1,T_8c03018b,0,0,1,4479
7639,1137,round_start,195.19,2,T_8c03018b,1,0,0,4479
7640,1137,round_start,431.03,3,T_8c03018b,2,0,2,4479
7641,1137,round_start,0,1,T_a02bf5e9,0,0,0,4480
7642,1137,round_start,506.34,2,T_5568bd9d,0,3,0,4480
7643,1137,round_start,946.29,3,T_a02bf5e9,3,3,0,4480
7644,1137,round_start,0,1,T_a02bf5e9,0,0,0,4481
7645,1138,round_start,0,1,T_478f548f,0,0,0,4482
7646,1138,round_start,414.22,2,T_8478c02e,0,3,0,4482
7647,1139,round_start,0,1,T_478f548f,0,0,0,4483
7648,1139,round_start,414.22,2,T_8478c02e,0,3,0,4483
7649,1140,round_start,0,1,T_478f548f,0,0,0,4484
7650,1140,round_start,414.22,2,T_8478c02e,0,3,0,4484
7653,1140,round_start,0,1,T_8c03018b,0,0,1,4486
7654,1140,round_start,173.61,2,T_8c03018b,0,1,0,4486
7655,1140,round_start,347.49,3,T_8c03018b,0,2,2,4486
7656,1140,round_start,0,1,T_478f548f,0,0,0,4487
7658,1140,round_start,0,1,T_478f548f,0,0,2,4489
7659,1148,round_start,0,1,T_a02bf5e9,0,0,0,4490
7660,1148,round_start,0,1,T_a02bf5e9,0,0,0,4491
7661,1148,round_start,507.84,2,T_5568bd9d,0,3,0,4491
7662,1148,round_start,0,1,T_a02bf5e9,0,0,0,4492
7663,1148,round_start,0,1,T_a02bf5e9,0,0,2,4493
7664,1148,round_start,0,1,T_8c03018b,0,0,2,4494
7665,1148,round_start,267.27,2,T_8c03018b,1,0,0,4494
7666,1148,round_start,487.02,3,T_8c03018b,2,0,1,4494
6094,914,round_start,0,1,T_75f50b54,0,0,0,
6097,914,round_start,184.62,2,T_75f50b54,1,0,0,
6098,914,round_start,516.82,3,T_75f50b54,2,0,2,
7670,1174,round_start,0,1,T_8c03018b,0,0,2,4496
7671,1174,round_start,211.72,2,T_8c03018b,1,0,0,4496
7672,1174,round_start,481.95,3,T_8c03018b,1,1,1,4496
7673,533,round_start,0,1,T_8c03018b,0,0,0,4497
7674,533,round_start,176.27,2,T_8c03018b,0,1,2,4497
7675,533,round_start,491.86,3,T_8c03018b,1,1,1,4497
7676,1186,round_start,0,1,T_8c03018b,0,0,0,4498
7677,1186,round_start,217.02,2,T_8c03018b,1,0,2,4498
7678,1186,round_start,393.45,3,T_8c03018b,1,1,1,4498
7679,1186,round_start,0,1,T_a02bf5e9,0,0,0,4499
7680,1186,round_start,0,1,T_a02bf5e9,0,0,2,4500
7681,1186,round_start,0,1,T_a02bf5e9,0,0,0,4501
7682,1186,round_start,0,1,T_8c03018b,0,0,0,4502
7683,1186,round_start,217.02,2,T_8c03018b,1,0,2,4502
7684,1186,round_start,393.45,3,T_8c03018b,1,1,1,4502
7685,1186,round_start,0,1,T_a02bf5e9,0,0,0,4503
7686,1186,round_start,0,1,T_a02bf5e9,0,0,2,4504
7687,1186,round_start,0,1,T_a02bf5e9,0,0,0,4505
7688,1187,round_start,0,1,T_8c03018b,0,0,2,4506
7689,1187,round_start,254.32,2,T_8c03018b,1,0,1,4506
7690,1187,round_start,535.65,3,T_8c03018b,2,0,0,4506
7691,1187,round_start,0,1,T_a02bf5e9,0,0,0,4507
7692,1187,round_start,429.78,2,T_ce6d7d76,0,3,0,4507
7693,1187,round_start,0,1,T_a02bf5e9,0,0,0,4508
7694,1187,round_start,0,1,T_a02bf5e9,0,0,0,4509
7695,1187,round_start,0,1,T_a02bf5e9,0,0,0,4510
7696,1187,round_start,328.81,2,T_ce6d7d76,0,3,0,4510
7697,1187,round_start,0,1,T_8c03018b,0,0,2,4511
7698,1187,round_start,212.4,2,T_8c03018b,1,0,0,4511
7699,1187,round_start,518.18,3,T_8c03018b,2,0,1,4511
7700,1188,round_start,0,1,T_a02bf5e9,0,0,2,4512
7701,1188,round_start,0,1,T_8c03018b,0,0,2,4513
7702,1188,round_start,193.89,2,T_8c03018b,0,1,0,4513
7703,1188,round_start,485.76,3,T_8c03018b,0,2,1,4513
7704,1188,round_start,0,1,T_8c03018b,0,0,1,4514
7705,1188,round_start,249.91,2,T_8c03018b,0,1,0,4514
7706,1188,round_start,537.5,3,T_8c03018b,1,1,2,4514
7707,1189,round_start,0,1,T_a02bf5e9,0,0,0,4515
7708,1189,round_start,529.43,2,T_5568bd9d,0,3,0,4515
7709,1189,round_start,0,1,T_a02bf5e9,0,0,0,4516
7710,1189,round_start,0,1,T_a02bf5e9,0,0,2,4517
7711,1189,round_start,0,1,T_a02bf5e9,0,0,0,4518
7712,1189,round_start,395.14,2,T_5568bd9d,0,3,0,4518
7713,1189,round_start,0,1,T_8c03018b,0,0,0,4519
7714,1189,round_start,311.28,2,T_8c03018b,1,0,2,4519
7715,1189,round_start,646.33,3,T_8c03018b,1,1,1,4519
7716,1189,round_start,0,1,T_a02bf5e9,0,0,0,4520
7717,1190,round_start,0,1,T_8c03018b,0,0,1,4521
7718,1190,round_start,245.18,2,T_8c03018b,1,0,0,4521
7719,1190,round_start,463.32,3,T_8c03018b,2,0,2,4521
7720,1191,round_start,0,1,T_8c03018b,0,0,1,4522
7721,1191,round_start,245.18,2,T_8c03018b,1,0,0,4522
7722,1191,round_start,463.32,3,T_8c03018b,2,0,2,4522
7723,1192,round_start,0,1,T_8c03018b,0,0,1,4523
7724,1192,round_start,245.18,2,T_8c03018b,1,0,0,4523
7725,1192,round_start,463.32,3,T_8c03018b,2,0,2,4523
7726,1193,round_start,0,1,T_8c03018b,0,0,1,4524
7727,1193,round_start,245.18,2,T_8c03018b,1,0,0,4524
7728,1193,round_start,463.32,3,T_8c03018b,2,0,2,4524
7733,1193,round_start,0,1,T_f9416cc2,0,0,0,4527
7738,1194,round_start,0,1,T_dbf13920,0,0,0,4530
7739,1194,round_start,396.93,2,T_1699ed97,0,3,0,4530
7740,1194,round_start,0,1,T_dbf13920,0,0,0,4531
7741,1194,round_start,390.15,2,T_1699ed97,0,3,0,4531
7742,1194,round_start,0,1,T_dbf13920,0,0,0,4532
7743,1194,round_start,0,1,T_dbf13920,0,0,0,4533
7744,1195,round_start,0,1,T_8c03018b,0,0,0,4534
7745,1195,round_start,176.27,2,T_8c03018b,0,1,2,4534
7746,1195,round_start,491.86,3,T_8c03018b,1,1,1,4534
7748,1195,round_start,0,1,T_a02bf5e9,0,0,0,4536
7749,1195,round_start,0,1,T_a02bf5e9,0,0,0,4537
7750,1195,round_start,443.66,2,T_5568bd9d,0,3,0,4537
7754,1195,round_start,0,1,T_a02bf5e9,0,0,0,4539
7755,1195,round_start,417.53,2,T_5568bd9d,0,3,0,4539
7756,1195,round_start,0,1,T_a02bf5e9,0,0,0,4540
7757,1195,round_start,409.98,2,T_5568bd9d,0,3,0,4540
7758,1195,round_start,801.03,3,T_a02bf5e9,3,3,0,4540
7759,1196,round_start,0,1,T_0cbebe29,0,0,0,4541
7760,1196,round_start,265.98,2,T_f4443d5e,0,3,0,4541
7762,1196,round_start,0,1,T_0cbebe29,0,0,0,4543
7763,1196,round_start,0,1,T_0cbebe29,0,0,0,4544
7764,1196,round_start,254.65,2,T_f4443d5e,0,3,0,4544
7769,1196,round_start,0,1,T_0cbebe29,0,0,0,4547
6184,942,round_start,0,1,T_674c7502,0,0,0,
6185,942,round_start,268.78,2,T_553ef4f1,0,3,0,
7790,1207,round_start,0,1,T_8c03018b,0,0,0,4557
7791,1207,round_start,376.3,2,T_8c03018b,1,0,1,4557
7792,1207,round_start,570.6,3,T_8c03018b,1,1,2,4557
7796,1209,round_start,0,1,T_8c03018b,0,0,0,4559
7797,1209,round_start,376.3,2,T_8c03018b,1,0,1,4559
7798,1209,round_start,570.6,3,T_8c03018b,1,1,2,4559
7799,1210,round_start,0,1,T_a02bf5e9,0,0,0,4560
7800,1210,round_start,0,1,T_8c03018b,0,0,0,4561
7801,1210,round_start,376.3,2,T_8c03018b,1,0,1,4561
7802,1210,round_start,570.6,3,T_8c03018b,1,1,2,4561
7803,1210,round_start,0,1,T_a02bf5e9,0,0,0,4562
7804,1210,round_start,491.13,2,T_5568bd9d,0,3,0,4562
7808,1210,round_start,0,1,T_a02bf5e9,0,0,0,4564
7809,1210,round_start,0,1,T_a02bf5e9,0,0,2,4565
7810,1210,round_start,0,1,T_8c03018b,0,0,0,4566
7811,1210,round_start,376.3,2,T_8c03018b,1,0,1,4566
7812,1210,round_start,570.6,3,T_8c03018b,1,1,2,4566
7813,1211,round_start,0,1,T_a02bf5e9,0,0,0,4567
7814,1211,round_start,501.76,2,T_5568bd9d,0,3,0,4567
7815,1211,round_start,0,1,T_8c03018b,0,0,0,4568
7816,1211,round_start,289.18,2,T_8c03018b,0,1,2,4568
7817,1211,round_start,492.28,3,T_8c03018b,1,1,1,4568
7819,1211,round_start,0,1,T_8c03018b,0,0,1,4570
7820,1211,round_start,243.18,2,T_8c03018b,1,0,0,4570
7821,1211,round_start,472.75,3,T_8c03018b,1,1,2,4570
7824,1211,round_start,0,1,T_a02bf5e9,0,0,0,4572
7825,1211,round_start,0,1,T_8c03018b,0,0,2,4573
7826,1211,round_start,322.26,2,T_8c03018b,1,0,0,4573
7827,1211,round_start,570.94,3,T_8c03018b,2,0,1,4573
7828,1211,round_start,0,1,T_a02bf5e9,0,0,0,4574
7829,1211,round_start,492.96,2,T_5568bd9d,0,3,0,4574
7830,1212,round_start,0,1,T_8c03018b,0,0,0,4575
7831,1212,round_start,160.18,2,T_8c03018b,0,1,1,4575
7832,1212,round_start,432.35,3,T_8c03018b,0,2,2,4575
7833,1213,round_start,0,1,T_8c03018b,0,0,1,4576
7834,1213,round_start,168.11,2,T_8c03018b,1,0,0,4576
7835,1213,round_start,395.08,3,T_8c03018b,2,0,2,4576
7836,1214,round_start,0,1,T_8c03018b,0,0,1,4577
7837,1214,round_start,168.11,2,T_8c03018b,1,0,0,4577
7838,1214,round_start,395.08,3,T_8c03018b,2,0,2,4577
7839,1215,round_start,0,1,T_f58d45ac,0,0,0,4578
7840,1215,round_start,395.15,2,T_12aacf23,0,3,0,4578
7841,1215,round_start,0,1,T_f58d45ac,0,0,0,4579
7842,1215,round_start,0,1,T_8c03018b,0,0,1,4580
7843,1215,round_start,168.11,2,T_8c03018b,1,0,0,4580
7844,1215,round_start,395.08,3,T_8c03018b,2,0,2,4580
7845,1215,round_start,0,1,T_f58d45ac,0,0,0,4581
7846,1215,round_start,480.2,2,T_12aacf23,0,3,0,4581
7847,1215,round_start,0,1,T_8c03018b,0,0,0,4582
7848,1215,round_start,307.37,2,T_8c03018b,0,1,1,4582
7849,1215,round_start,635.81,3,T_8c03018b,1,1,2,4582
7851,1216,round_start,0,1,T_8c03018b,0,0,2,4584
7852,1216,round_start,300.67,2,T_8c03018b,1,0,0,4584
7853,1216,round_start,554.22,3,T_8c03018b,1,1,1,4584
7854,1216,round_start,0,1,T_3238eb96,0,0,0,4585
7855,1216,round_start,506.35,2,T_fa455f51,0,3,0,4585
7856,1216,round_start,0,1,T_3238eb96,0,0,0,4586
7857,1216,round_start,477.05,2,T_fa455f51,0,3,0,4586
7858,1216,round_start,0,1,T_3238eb96,0,0,0,4587
7860,1216,round_start,0,1,T_3238eb96,0,0,2,4589
7861,1217,round_start,0,1,T_a02bf5e9,0,0,0,4590
7862,1217,round_start,487.32,2,T_5568bd9d,0,3,0,4590
7863,1218,round_start,0,1,T_a02bf5e9,0,0,0,4591
7864,1218,round_start,414.94,2,T_5568bd9d,0,3,0,4591
7865,1218,round_start,0,1,T_a02bf5e9,0,0,0,4592
7866,1218,round_start,0,1,T_a02bf5e9,0,0,0,4593
7867,1218,round_start,0,1,T_a02bf5e9,0,0,0,4594
7868,1218,round_start,437.67,2,T_5568bd9d,0,3,0,4594
7869,1218,round_start,0,1,T_8c03018b,0,0,1,4595
7870,1218,round_start,274.7,2,T_8c03018b,1,0,2,4595
7871,1218,round_start,487.75,3,T_8c03018b,2,0,0,4595
7874,1218,round_start,0,1,T_a02bf5e9,0,0,0,4597
7875,1218,round_start,487.32,2,T_5568bd9d,0,3,0,4597
7876,1219,round_start,0,1,T_8c03018b,0,0,2,4598
7877,1219,round_start,278.29,2,T_8c03018b,1,0,0,4598
7878,1219,round_start,494.41,3,T_8c03018b,1,1,1,4598
7879,1219,round_start,0,1,T_a02bf5e9,0,0,0,4599
7880,1219,round_start,413.12,2,T_5568bd9d,0,3,0,4599
7881,1219,round_start,0,1,T_a02bf5e9,0,0,0,4600
7882,1219,round_start,476.79,2,T_5568bd9d,0,3,0,4600
7883,1220,round_start,0,1,T_a02bf5e9,0,0,0,4601
7884,1220,round_start,0,1,T_a02bf5e9,0,0,0,4602
7885,1220,round_start,400.38,2,T_5568bd9d,0,3,0,4602
7886,1220,round_start,0,1,T_a02bf5e9,0,0,0,4603
7887,1220,round_start,262.92,2,T_5568bd9d,0,3,0,4603
7888,1220,round_start,0,1,T_a02bf5e9,0,0,0,4604
7889,1220,round_start,0,1,T_8c03018b,0,0,2,4605
7890,1220,round_start,213.45,2,T_8c03018b,1,0,0,4605
7891,1220,round_start,459.36,3,T_8c03018b,2,0,1,4605
7892,1219,round_start,0,1,T_a02bf5e9,0,0,0,4606
7894,1219,round_start,0,1,T_a02bf5e9,0,0,2,4608
7895,1221,round_start,0,1,T_8c03018b,0,0,0,4609
7896,1221,round_start,376.3,2,T_8c03018b,1,0,1,4609
7897,1221,round_start,570.6,3,T_8c03018b,1,1,2,4609
7898,1222,round_start,0,1,T_8c03018b,0,0,0,4610
7899,1222,round_start,376.3,2,T_8c03018b,1,0,1,4610
7900,1222,round_start,570.6,3,T_8c03018b,1,1,2,4610
7901,1223,round_start,0,1,T_8c03018b,0,0,0,4611
7902,1223,round_start,376.3,2,T_8c03018b,1,0,1,4611
7903,1223,round_start,570.6,3,T_8c03018b,1,1,2,4611
7907,1225,round_start,0,1,T_8c03018b,0,0,0,4613
7908,1225,round_start,376.3,2,T_8c03018b,1,0,1,4613
7909,1225,round_start,570.6,3,T_8c03018b,1,1,2,4613
7910,1226,round_start,0,1,T_8c03018b,0,0,0,4614
7911,1226,round_start,376.3,2,T_8c03018b,1,0,1,4614
7912,1226,round_start,570.6,3,T_8c03018b,1,1,2,4614
7926,1227,round_start,0,1,T_a02bf5e9,0,0,0,4622
7927,1227,round_start,519.35,2,T_5568bd9d,0,3,0,4622
7928,1227,round_start,0,1,T_a02bf5e9,0,0,0,4623
7929,1227,round_start,0,1,T_a02bf5e9,0,0,0,4624
7930,1227,round_start,0,1,T_a02bf5e9,0,0,2,4625
7931,1227,round_start,0,1,T_8c03018b,0,0,2,4626
7932,1227,round_start,200.28,2,T_8c03018b,0,1,1,4626
7933,1227,round_start,478.89,3,T_8c03018b,1,1,0,4626
7941,1229,round_start,0,1,T_8c03018b,0,0,2,4630
7942,1229,round_start,214.27,2,T_8c03018b,0,1,1,4630
7943,1229,round_start,510.8,3,T_8c03018b,0,2,0,4630
7944,1230,round_start,0,1,T_8c03018b,0,0,2,4631
7945,1230,round_start,214.27,2,T_8c03018b,0,1,1,4631
7946,1230,round_start,510.8,3,T_8c03018b,0,2,0,4631
7947,1231,round_start,0,1,T_8c03018b,0,0,2,4632
7948,1231,round_start,214.27,2,T_8c03018b,0,1,1,4632
7949,1231,round_start,510.8,3,T_8c03018b,0,2,0,4632
7950,1231,round_start,0,1,T_a02bf5e9,0,0,0,4633
7951,1231,round_start,0,1,T_a02bf5e9,0,0,0,4634
7952,1231,round_start,0,1,T_a02bf5e9,0,0,0,4635
7953,1231,round_start,440.11,2,T_5568bd9d,0,3,0,4635
7954,1231,round_start,0,1,T_a02bf5e9,0,0,0,4636
7955,1231,round_start,434.9,2,T_5568bd9d,0,3,0,4636
7956,1233,round_start,0,1,T_a02bf5e9,0,0,0,4637
7957,1233,round_start,0,1,T_a02bf5e9,0,0,0,4638
7958,1233,round_start,524.84,2,T_5568bd9d,0,3,0,4638
7959,1233,round_start,0,1,T_a02bf5e9,0,0,0,4639
7960,1234,round_start,0,1,T_8c03018b,0,0,0,4640
7961,1234,round_start,246.12,2,T_8c03018b,1,0,2,4640
7962,1234,round_start,530.21,3,T_8c03018b,2,0,1,4640
7963,1234,round_start,0,1,T_a02bf5e9,0,0,0,4641
7964,1234,round_start,485.66,2,T_5568bd9d,0,3,0,4641
7965,1234,round_start,0,1,T_a02bf5e9,0,0,0,4642
7966,1234,round_start,477.24,2,T_5568bd9d,0,3,0,4642
7967,1234,round_start,0,1,T_a02bf5e9,0,0,2,4643
7968,1234,round_start,0,1,T_a02bf5e9,0,0,0,4644
7969,1234,round_start,0,1,T_a02bf5e9,0,0,0,4645
7970,1234,round_start,474,2,T_5568bd9d,0,3,0,4645
7971,1234,round_start,0,1,T_a02bf5e9,0,0,0,4646
7972,1235,round_start,0,1,T_a02bf5e9,0,0,2,4647
7973,1235,round_start,0,1,T_a02bf5e9,0,0,0,4648
7974,1235,round_start,0,1,T_a02bf5e9,0,0,0,4649
7975,1235,round_start,249.1,2,T_5568bd9d,0,3,0,4649
7979,1235,round_start,0,1,T_8c03018b,0,0,2,4651
7980,1235,round_start,166.12,2,T_8c03018b,0,1,1,4651
7981,1235,round_start,485.13,3,T_8c03018b,0,2,0,4651
7982,1235,round_start,0,1,T_a02bf5e9,0,0,0,4652
7983,1235,round_start,452.36,2,T_5568bd9d,0,3,0,4652
7984,1235,round_start,0,1,T_8c03018b,0,0,2,4653
7985,1235,round_start,177.93,2,T_8c03018b,1,0,0,4653
7986,1235,round_start,351.45,3,T_8c03018b,2,0,1,4653
7987,1235,round_start,0,1,T_a02bf5e9,0,0,0,4654
7988,1236,round_start,0,1,T_8c03018b,0,0,2,4655
7989,1236,round_start,200.28,2,T_8c03018b,0,1,1,4655
7990,1236,round_start,478.89,3,T_8c03018b,1,1,0,4655
7991,1236,round_start,0,1,T_a02bf5e9,0,0,0,4656
7992,1236,round_start,377.53,2,T_5568bd9d,0,3,0,4656
7995,1236,round_start,0,1,T_a02bf5e9,0,0,0,4658
7996,1236,round_start,0,1,T_a02bf5e9,0,0,0,4659
7997,1236,round_start,514.1,2,T_5568bd9d,0,3,0,4659
7998,1236,round_start,0,1,T_a02bf5e9,0,0,0,4660
7999,1236,round_start,240.04,2,T_5568bd9d,0,3,0,4660
8000,1236,round_start,0,1,T_a02bf5e9,0,0,0,4661
8001,1237,round_start,0,1,T_8c03018b,0,0,2,4662
8002,1237,round_start,198.55,2,T_8c03018b,1,0,1,4662
8003,1237,round_start,418.43,3,T_8c03018b,1,1,0,4662
8004,1237,round_start,0,1,T_a02bf5e9,0,0,0,4663
8005,1237,round_start,250.68,2,T_5568bd9d,0,3,0,4663
8006,1237,round_start,0,1,T_a02bf5e9,0,0,0,4664
8007,1237,round_start,0,1,T_a02bf5e9,0,0,0,4665
8008,1237,round_start,507.11,2,T_5568bd9d,0,3,0,4665
8009,1238,round_start,0,1,T_8c03018b,0,0,2,4666
8010,1238,round_start,222.46,2,T_8c03018b,1,0,1,4666
8011,1238,round_start,433.42,3,T_8c03018b,2,0,0,4666
8012,1238,round_start,0,1,T_a02bf5e9,0,0,0,4667
8013,1238,round_start,480.13,2,T_1699ed97,0,3,0,4667
8014,1238,round_start,0,1,T_a02bf5e9,0,0,0,4668
8015,1238,round_start,410.3,2,T_1699ed97,0,3,0,4668
8016,1238,round_start,0,1,T_a02bf5e9,0,0,0,4669
8017,1238,round_start,0,1,T_a02bf5e9,0,0,0,4670
8018,1238,round_start,0,1,T_a02bf5e9,0,0,2,4671
8019,1237,round_start,0,1,T_a02bf5e9,0,0,2,4672
8020,1239,round_start,0,1,T_8c03018b,0,0,0,4673
8021,1239,round_start,273.55,2,T_8c03018b,0,1,1,4673
8022,1239,round_start,452.63,3,T_8c03018b,1,1,2,4673
8023,1239,round_start,0,1,T_b958fc84,0,0,0,4674
8024,1239,round_start,380.62,2,T_3238eb96,0,3,0,4674
8025,1239,round_start,0,1,T_b958fc84,0,0,0,4675
8029,1237,round_start,0,1,T_a02bf5e9,0,0,0,4678
8034,1240,round_start,0,1,T_a02bf5e9,0,0,0,4681
8035,1240,round_start,0,1,T_a02bf5e9,0,0,0,4682
8036,1240,round_start,520.1,2,T_5568bd9d,0,3,0,4682
8037,1240,round_start,0,1,T_a02bf5e9,0,0,0,4683
8038,1240,round_start,0,1,T_a02bf5e9,0,0,2,4684
8039,1240,round_start,0,1,T_8c03018b,0,0,0,4685
8040,1240,round_start,287.05,2,T_8c03018b,1,0,1,4685
8041,1240,round_start,632.72,3,T_8c03018b,1,1,2,4685
8042,1241,round_start,0,1,T_8c03018b,0,0,2,4686
8043,1241,round_start,157.57,2,T_8c03018b,1,0,1,4686
8044,1241,round_start,411.96,3,T_8c03018b,2,0,0,4686
8045,1241,round_start,0,1,T_e21dde7d,0,0,0,4687
8046,1241,round_start,262.8,2,T_29e0905e,0,3,0,4687
8047,1241,round_start,0,1,T_e21dde7d,0,0,0,4688
8048,1241,round_start,240.04,2,T_29e0905e,0,3,0,4688
8049,1241,round_start,0,1,T_e21dde7d,0,0,0,4689
8050,1241,round_start,0,1,T_e21dde7d,0,0,0,4690
8051,1241,round_start,0,1,T_e21dde7d,0,0,0,4691
8052,1241,round_start,499.25,2,T_29e0905e,0,3,0,4691
8053,1243,round_start,0,1,T_a02bf5e9,0,0,2,4692
8054,1243,round_start,0,1,T_eb73c192,0,0,0,4693
8055,1243,round_start,240.04,2,T_c2f547c5,0,0,0,4693
8056,1243,round_start,0,1,T_eb73c192,0,0,0,4694
8057,1243,round_start,432.85,2,T_c2f547c5,0,3,0,4694
8058,1243,round_start,0,1,T_eb73c192,0,0,0,4695
8059,1243,round_start,458.28,2,T_c2f547c5,0,1,0,4695
8060,1243,round_start,0,1,T_eb73c192,0,0,0,4696
8063,1244,round_start,0,1,T_8c03018b,0,0,1,4698
8064,1244,round_start,156.58,2,T_8c03018b,1,0,2,4698
8065,1244,round_start,0,1,T_eb73c192,0,0,0,4699
8066,1244,round_start,0,1,T_eb73c192,0,0,0,4700
8067,1244,round_start,420.76,2,T_5b9402a1,0,1,0,4700
8068,1244,round_start,0,1,T_8c03018b,0,0,1,4701
8069,1244,round_start,301.26,2,T_8c03018b,1,0,0,4701
8070,1244,round_start,0,1,T_c2f547c5,0,0,0,4702
8071,1244,round_start,490.95,2,T_5b9402a1,0,2,0,4702
8072,1245,round_start,0,1,T_8c03018b,0,0,0,4703
8073,1245,round_start,282.25,2,T_8c03018b,1,0,1,4703
8074,1245,round_start,596.44,3,T_8c03018b,2,0,2,4703
8075,1245,round_start,0,1,T_a02bf5e9,0,0,0,4704
8076,1245,round_start,513.38,2,T_5568bd9d,0,3,0,4704
8077,1245,round_start,0,1,T_a02bf5e9,0,0,0,4705
8078,1245,round_start,0,1,T_a02bf5e9,0,0,0,4706
8079,1245,round_start,497.87,2,T_5568bd9d,0,3,0,4706
8080,1245,round_start,0,1,T_a02bf5e9,0,0,0,4707
8084,1246,round_start,0,1,T_8c03018b,0,0,1,4709
8085,1246,round_start,317.27,2,T_8c03018b,1,0,2,4709
8086,1246,round_start,625.84,3,T_8c03018b,2,0,0,4709
8087,1246,round_start,0,1,T_a02bf5e9,0,0,0,4710
8088,1246,round_start,532.4,2,T_5568bd9d,0,3,0,4710
8089,1246,round_start,0,1,T_a02bf5e9,0,0,0,4711
8093,1247,round_start,0,1,T_a02bf5e9,0,0,0,4713
8094,1247,round_start,259.45,2,T_1699ed97,0,3,0,4713
8095,1247,round_start,776.07,3,T_1699ed97,3,3,0,4713
8096,1247,round_start,0,1,T_a02bf5e9,0,0,0,4714
8097,1247,round_start,0,1,T_a02bf5e9,0,0,0,4715
8098,1247,round_start,434.98,2,T_1699ed97,0,3,0,4715
8099,1247,round_start,840.03,3,T_a02bf5e9,3,3,0,4715
8100,1247,round_start,0,1,T_a02bf5e9,0,0,0,4716
8101,1247,round_start,0,1,T_a02bf5e9,0,0,0,4717
8102,1247,round_start,398.86,2,T_1699ed97,0,3,0,4717
8103,1246,round_start,0,1,T_a02bf5e9,0,0,0,4718
8104,1246,round_start,0,1,T_a02bf5e9,0,0,0,4719
8105,1246,round_start,502.83,2,T_5568bd9d,0,3,0,4719
8106,1248,round_start,0,1,T_8c03018b,0,0,1,4720
8107,1248,round_start,202.86,2,T_8c03018b,0,1,2,4720
8108,1248,round_start,454.27,3,T_8c03018b,1,1,0,4720
8109,1248,round_start,0,1,T_a02bf5e9,0,0,0,4721
8110,1248,round_start,395.13,2,T_5568bd9d,0,3,0,4721
8111,1248,round_start,0,1,T_a02bf5e9,0,0,0,4722
8112,1248,round_start,440.36,2,T_5568bd9d,0,3,0,4722
8113,1248,round_start,0,1,T_a02bf5e9,0,0,0,4723
8114,1248,round_start,254.92,2,T_5568bd9d,0,3,0,4723
8115,1248,round_start,0,1,T_8c03018b,0,0,1,4724
8116,1248,round_start,185.81,2,T_8c03018b,1,0,2,4724
8117,1248,round_start,349.76,3,T_8c03018b,2,0,0,4724
8118,1249,round_start,0,1,T_8c03018b,0,0,0,4725
8119,1249,round_start,283.99,2,T_8c03018b,0,1,1,4725
8120,1249,round_start,550.71,3,T_8c03018b,0,2,2,4725
8121,1249,round_start,0,1,T_a02bf5e9,0,0,0,4726
8122,1249,round_start,424.12,2,T_5568bd9d,0,3,0,4726
8123,1249,round_start,0,1,T_a02bf5e9,0,0,0,4727
8124,1249,round_start,0,1,T_a02bf5e9,0,0,0,4728
8125,1249,round_start,0,1,T_a02bf5e9,0,0,0,4729
8126,1249,round_start,477.75,2,T_5568bd9d,0,3,0,4729
8127,1250,round_start,0,1,T_8c03018b,0,0,0,4730
8128,1250,round_start,326.6,2,T_8c03018b,1,0,2,4730
8129,1250,round_start,615.8,3,T_8c03018b,2,0,1,4730
8130,1250,round_start,0,1,T_a02bf5e9,0,0,0,4731
8131,1250,round_start,0,1,T_a02bf5e9,0,0,0,4732
8132,1250,round_start,470.6,2,T_5568bd9d,0,3,0,4732
8133,1250,round_start,0,1,T_a02bf5e9,0,0,0,4733
8134,1250,round_start,226.62,2,T_5568bd9d,0,3,0,4733
8135,1250,round_start,599.05,3,T_5568bd9d,3,3,0,4733
8136,1250,round_start,0,1,T_8c03018b,0,0,0,4734
8137,1250,round_start,270.68,2,T_8c03018b,0,1,2,4734
8138,1250,round_start,554.39,3,T_8c03018b,0,2,1,4734
6270,958,round_start,0,1,T_a02bf5e9,0,0,2,
6271,958,round_start,214.6,2,T_a02bf5e9,0,1,1,
6272,958,round_start,508.33,3,T_a02bf5e9,0,2,0,
8143,1253,round_start,0,1,T_a02bf5e9,0,0,0,4739
8144,1254,round_start,0,1,T_8c03018b,0,0,2,4740
8145,1254,round_start,166.87,2,T_8c03018b,1,0,0,4740
8146,1254,round_start,346.58,3,T_8c03018b,2,0,1,4740
8147,1254,round_start,0,1,T_a02bf5e9,0,0,0,4741
8148,1254,round_start,0,1,T_a02bf5e9,0,0,0,4742
8149,1254,round_start,395.15,2,T_5568bd9d,0,3,0,4742
8150,1254,round_start,0,1,T_a02bf5e9,0,0,0,4743
8151,1254,round_start,0,1,T_8c03018b,0,0,1,4744
8152,1254,round_start,246.27,2,T_8c03018b,1,0,2,4744
8153,1254,round_start,505.98,3,T_8c03018b,2,0,0,4744
8154,1255,round_start,0,1,T_8c03018b,0,0,1,4745
8155,1255,round_start,318.58,2,T_8c03018b,1,0,0,4745
8156,1255,round_start,532.48,3,T_8c03018b,2,0,2,4745
8157,1256,round_start,0,1,T_8c03018b,0,0,2,4746
8158,1256,round_start,329.65,2,T_8c03018b,1,0,0,4746
8159,1256,round_start,494.26,3,T_8c03018b,2,0,1,4746
8160,1256,round_start,0,1,T_7f8ba35f,0,0,0,4747
8161,1256,round_start,417.24,2,T_3238eb96,0,3,0,4747
8162,1256,round_start,0,1,T_7f8ba35f,0,0,0,4748
8163,1256,round_start,0,1,T_7f8ba35f,0,0,0,4749
8164,1255,round_start,0,1,T_a02bf5e9,0,0,0,4750
8165,1255,round_start,324.31,2,T_1699ed97,0,3,0,4750
8166,1255,round_start,0,1,T_a02bf5e9,0,0,0,4751
8167,1255,round_start,0,1,T_a02bf5e9,0,0,0,4752
8168,1256,round_start,0,1,T_7f8ba35f,0,0,0,4753
8169,1256,round_start,412.64,2,T_3238eb96,0,3,0,4753
8170,1257,round_start,0,1,T_8c03018b,0,0,1,4754
8171,1257,round_start,156.23,2,T_8c03018b,0,1,0,4754
8172,1257,round_start,411.2,3,T_8c03018b,0,2,2,4754
8173,1257,round_start,0,1,T_a02bf5e9,0,0,0,4755
8174,1257,round_start,262.14,2,T_5568bd9d,0,3,0,4755
8175,1257,round_start,0,1,T_a02bf5e9,0,0,0,4756
8176,1257,round_start,366.88,2,T_5568bd9d,0,3,0,4756
8177,1257,round_start,0,1,T_a02bf5e9,0,0,0,4757
8178,1257,round_start,0,1,T_a02bf5e9,0,0,0,4758
8179,1257,round_start,390.18,2,T_5568bd9d,0,3,0,4758
8180,1261,round_start,0,1,T_8c03018b,0,0,1,4759
8181,1261,round_start,154.76,2,T_8c03018b,0,1,0,4759
8182,1261,round_start,421.95,3,T_8c03018b,0,2,2,4759
8188,1261,round_start,0,1,T_6775d51a,0,0,0,4762
8189,1261,round_start,263.12,2,T_2bfdcb8b,0,3,0,4762
8193,1262,round_start,0,1,T_8c03018b,0,0,2,4764
8194,1262,round_start,292.98,2,T_8c03018b,0,1,1,4764
8195,1262,round_start,463.29,3,T_8c03018b,1,1,0,4764
8196,1262,round_start,0,1,T_a02bf5e9,0,0,0,4765
8197,1262,round_start,390.11,2,T_5568bd9d,0,3,0,4765
8198,1262,round_start,0,1,T_a02bf5e9,0,0,0,4766
8199,1262,round_start,516.6,2,T_5568bd9d,0,3,0,4766
8200,1262,round_start,0,1,T_a02bf5e9,0,0,0,4767
8201,1262,round_start,240.04,2,T_5568bd9d,0,3,0,4767
8202,1262,round_start,0,1,T_a02bf5e9,0,0,0,4768
8203,1262,round_start,0,1,T_8c03018b,0,0,2,4769
8204,1262,round_start,336.41,2,T_8c03018b,1,0,0,4769
8205,1262,round_start,622.15,3,T_8c03018b,2,0,1,4769
8206,1263,round_start,0,1,T_8c03018b,0,0,0,4770
8207,1263,round_start,159.89,2,T_8c03018b,1,0,1,4770
8208,1263,round_start,345.37,3,T_8c03018b,2,0,2,4770
8209,1263,round_start,0,1,T_861b9363,0,0,0,4771
8210,1263,round_start,429.44,2,T_3238eb96,0,3,0,4771
8211,1263,round_start,0,1,T_861b9363,0,0,0,4772
8212,1263,round_start,0,1,T_861b9363,0,0,0,4773
8213,1264,round_start,0,1,T_8c03018b,0,0,1,4774
8214,1264,round_start,254.35,2,T_8c03018b,1,0,2,4774
8215,1264,round_start,454.17,3,T_8c03018b,2,0,0,4774
8216,1264,round_start,0,1,T_a02bf5e9,0,0,0,4775
8218,1264,round_start,0,1,T_a02bf5e9,0,0,0,4777
8219,1264,round_start,270.57,2,T_5568bd9d,0,3,0,4777
8220,1264,round_start,0,1,T_a02bf5e9,0,0,0,4778
8221,1264,round_start,390.17,2,T_5568bd9d,0,3,0,4778
8222,1265,round_start,0,1,T_12550726,0,0,0,4779
8223,1266,round_start,0,1,T_12550726,0,0,0,4780
8224,1267,round_start,0,1,T_12550726,0,0,0,4781
8225,1268,round_start,0,1,T_12550726,0,0,0,4782
8226,1269,round_start,0,1,T_12550726,0,0,0,4783
8227,1269,round_start,0,1,T_8c03018b,0,0,2,4784
8228,1269,round_start,180.62,2,T_8c03018b,1,0,1,4784
8229,1269,round_start,471.5,3,T_8c03018b,2,0,0,4784
8230,1269,round_start,0,1,T_12550726,0,0,0,4785
8231,1269,round_start,419.88,2,T_7e239be7,0,3,0,4785
8233,1270,round_start,0,1,T_8c03018b,0,0,2,4787
8234,1270,round_start,309.01,2,T_8c03018b,1,0,1,4787
8235,1270,round_start,546.86,3,T_8c03018b,2,0,0,4787
8236,1270,round_start,0,1,T_005a5450,0,0,0,4788
8237,1270,round_start,245.05,2,T_29e0905e,0,3,0,4788
8238,1270,round_start,0,1,T_005a5450,0,0,0,4789
8239,1270,round_start,0,1,T_005a5450,0,0,0,4790
8240,1270,round_start,0,1,T_005a5450,0,0,0,4791
8241,1270,round_start,412.79,2,T_29e0905e,0,3,0,4791
8242,1270,round_start,0,1,T_8c03018b,0,0,1,4792
8243,1270,round_start,302.63,2,T_8c03018b,1,0,0,4792
8244,1270,round_start,590.3,3,T_8c03018b,1,1,2,4792
8245,1271,round_start,0,1,T_8c03018b,0,0,2,4793
8246,1271,round_start,185.1,2,T_8c03018b,1,0,1,4793
8247,1271,round_start,451.38,3,T_8c03018b,2,0,0,4793
8248,1272,round_start,0,1,T_8c03018b,0,0,2,4794
8249,1272,round_start,281.18,2,T_8c03018b,0,1,0,4794
8250,1272,round_start,485.16,3,T_8c03018b,0,2,1,4794
8251,1272,round_start,0,1,T_1699ed97,0,0,0,4795
8252,1272,round_start,425.82,2,T_064f58d1,0,3,0,4795
8263,1273,round_start,0,1,T_a02bf5e9,0,0,0,4802
8264,1273,round_start,245.05,2,T_5568bd9d,0,3,0,4802
8265,1273,round_start,0,1,T_a02bf5e9,0,0,0,4803
8266,1273,round_start,245.05,2,T_5568bd9d,0,3,0,4803
8267,1274,round_start,0,1,T_a02bf5e9,0,0,0,4804
8268,1274,round_start,0,1,T_a02bf5e9,0,0,0,4805
8271,1278,round_start,0,1,T_8c03018b,0,0,0,4807
8272,1278,round_start,168.07,2,T_8c03018b,1,0,2,4807
8273,1278,round_start,445.35,3,T_8c03018b,1,1,1,4807
8274,1278,round_start,0,1,T_a02bf5e9,0,0,0,4808
8275,1278,round_start,0,1,T_a02bf5e9,0,0,0,4809
8276,1278,round_start,0,1,T_8c03018b,0,0,0,4810
8277,1278,round_start,237.65,2,T_8c03018b,0,1,1,4810
8278,1278,round_start,494.66,3,T_8c03018b,0,2,2,4810
8279,1278,round_start,0,1,T_a02bf5e9,0,0,0,4811
8280,1278,round_start,484.85,2,T_5568bd9d,0,3,0,4811
8281,1278,round_start,0,1,T_a02bf5e9,0,0,0,4812
8282,1278,round_start,401.57,2,T_5568bd9d,0,3,0,4812
8283,1278,round_start,0,1,T_8c03018b,0,0,2,4813
8284,1278,round_start,209.95,2,T_8c03018b,0,1,0,4813
8285,1278,round_start,443.32,3,T_8c03018b,0,2,1,4813
8286,1279,round_start,0,1,T_8c03018b,0,0,0,4814
8287,1279,round_start,158.97,2,T_8c03018b,0,1,1,4814
8288,1279,round_start,365.58,3,T_8c03018b,0,2,2,4814
8289,1279,round_start,0,1,T_a02bf5e9,0,0,0,4815
8290,1279,round_start,250.6,2,T_5568bd9d,0,3,0,4815
8291,1279,round_start,0,1,T_a02bf5e9,0,0,0,4816
8292,1279,round_start,407.18,2,T_5568bd9d,0,3,0,4816
8293,1279,round_start,0,1,T_a02bf5e9,0,0,0,4817
8294,1280,round_start,0,1,T_8c03018b,0,0,1,4818
8295,1280,round_start,276.71,2,T_8c03018b,1,0,2,4818
8296,1280,round_start,436.36,3,T_8c03018b,1,1,0,4818
8297,1280,round_start,0,1,T_a02bf5e9,0,0,0,4819
8298,1280,round_start,379.02,2,T_5568bd9d,0,3,0,4819
8300,1280,round_start,0,1,T_a02bf5e9,0,0,0,4821
8301,1280,round_start,398.79,2,T_5568bd9d,0,3,0,4821
8302,1280,round_start,0,1,T_a02bf5e9,0,0,0,4822
8303,1280,round_start,0,1,T_8c03018b,0,0,1,4823
8304,1280,round_start,174.57,2,T_8c03018b,1,0,2,4823
8305,1280,round_start,467.11,3,T_8c03018b,1,1,0,4823
8309,1281,round_start,0,1,T_a02bf5e9,0,0,0,4825
8310,1281,round_start,262.6,2,T_5568bd9d,0,3,0,4825
8311,1281,round_start,0,1,T_a02bf5e9,0,0,0,4826
8312,1281,round_start,0,1,T_a02bf5e9,0,0,0,4827
8313,1281,round_start,390.14,2,T_5568bd9d,0,3,0,4827
8314,1281,round_start,0,1,T_a02bf5e9,0,0,0,4828
8315,1282,round_start,0,1,T_8c03018b,0,0,1,4829
8316,1282,round_start,0,2,T_8c03018b,0,1,2,4829
8317,1282,round_start,0,3,T_8c03018b,0,2,0,4829
8318,1283,round_start,0,1,T_8c03018b,0,0,1,4830
8319,1283,round_start,280.97,2,T_8c03018b,0,1,0,4830
8320,1283,round_start,586.21,3,T_8c03018b,1,1,2,4830
8321,1283,round_start,0,1,T_a02bf5e9,0,0,0,4831
8322,1283,round_start,372.77,2,T_1699ed97,0,3,0,4831
8323,1283,round_start,0,1,T_a02bf5e9,0,0,0,4832
8324,1283,round_start,0,1,T_a02bf5e9,0,0,0,4833
8325,1283,round_start,494.12,2,T_1699ed97,0,3,0,4833
8326,1283,round_start,0,1,T_a02bf5e9,0,0,0,4834
8328,1284,round_start,0,1,T_8c03018b,0,0,1,4836
8329,1284,round_start,157.61,2,T_8c03018b,1,0,0,4836
8330,1284,round_start,0,1,T_a02bf5e9,0,0,0,4837
8331,1284,round_start,245.05,2,T_5568bd9d,0,0,0,4837
8332,1285,round_start,0,1,T_8c03018b,0,0,1,4838
8333,1285,round_start,174.25,2,T_8c03018b,0,1,2,4838
8334,1285,round_start,0,1,T_a02bf5e9,0,0,0,4838
8335,1285,round_start,411.61,2,T_5568bd9d,0,3,0,4838
6315,962,round_start,459.01,3,T_8c03018b,2,0,2,
8340,1286,round_start,0,1,T_8c03018b,0,0,2,4841
8341,1286,round_start,155.33,2,T_8c03018b,1,0,0,4841
8348,1287,round_start,0,1,T_a9df0f72,0,0,0,4844
8349,1287,round_start,240.04,2,T_80dd92cb,0,0,0,4844
8350,1288,round_start,0,1,T_8c03018b,0,0,2,4845
8351,1288,round_start,179.49,2,T_8c03018b,1,0,0,4845
8352,1288,round_start,0,1,T_a02bf5e9,0,0,0,4846
8353,1288,round_start,363.38,2,T_5568bd9d,0,3,0,4846
8354,1289,round_start,0,1,T_a02bf5e9,0,0,0,4847
8355,1289,round_start,411.42,2,T_5568bd9d,0,3,0,4847
8356,1289,round_start,0,1,T_a02bf5e9,0,0,0,4848
8357,1289,round_start,0,1,T_a02bf5e9,0,0,0,4849
8358,1289,round_start,249,2,T_5568bd9d,0,3,0,4849
8359,1290,round_start,0,1,T_a02bf5e9,0,0,0,4850
8360,1290,round_start,405.9,2,T_5568bd9d,0,3,0,4850
8361,1290,round_start,0,1,T_a02bf5e9,0,0,0,4851
8362,1290,round_start,0,1,T_a02bf5e9,0,0,0,4852
8363,1290,round_start,397.19,2,T_5568bd9d,0,3,0,4852
8364,1290,round_start,0,1,T_a02bf5e9,0,0,0,4853
8365,1290,round_start,0,1,T_a02bf5e9,0,0,0,4854
8366,1290,round_start,0,1,T_8c03018b,0,0,2,4855
8367,1290,round_start,345.08,2,T_8c03018b,0,1,1,4855
8368,1290,round_start,609.76,3,T_8c03018b,1,1,0,4855
8369,1290,round_start,0,1,T_a02bf5e9,0,0,0,4856
8370,1291,round_start,0,1,T_a02bf5e9,0,0,0,4857
8371,1291,round_start,294.48,2,T_5568bd9d,0,3,0,4857
8372,1291,round_start,0,1,T_5b9402a1,0,0,0,4858
8373,1291,round_start,0,1,T_5b9402a1,0,0,0,4859
8374,1291,round_start,0,1,T_c2f547c5,0,0,0,4860
8375,1291,round_start,467.78,2,T_eb73c192,0,3,0,4860
8376,1291,round_start,0,1,T_8c03018b,0,0,2,4861
8377,1291,round_start,158.45,2,T_8c03018b,0,1,0,4861
8378,1292,round_start,0,1,T_8c03018b,0,0,1,4862
8379,1292,round_start,177.13,2,T_8c03018b,1,0,2,4862
8380,1292,round_start,461.6,3,T_8c03018b,1,1,0,4862
8381,1292,round_start,0,1,T_5b9402a1,0,0,0,4863
8382,1292,round_start,501.22,2,T_c2f547c5,0,3,0,4863
8383,1292,round_start,0,1,T_eb73c192,0,0,0,4864
8384,1292,round_start,0,1,T_8c03018b,0,0,2,4865
8385,1292,round_start,288.39,2,T_8c03018b,0,1,1,4865
8386,1292,round_start,0,1,T_5b9402a1,0,0,0,4866
8387,1292,round_start,0,1,T_5b9402a1,0,0,0,4867
8388,1292,round_start,501.22,2,T_c2f547c5,0,3,0,4867
8389,1293,round_start,0,1,T_8c03018b,0,0,1,4868
8390,1293,round_start,213.24,2,T_8c03018b,0,1,2,4868
8391,1293,round_start,0,1,T_eb73c192,0,0,0,4869
8392,1293,round_start,0,1,T_eb73c192,0,0,0,4870
8393,1293,round_start,240.04,2,T_5b9402a1,0,0,0,4870
8395,1293,round_start,0,1,T_c2f547c5,0,0,0,4872
8396,1293,round_start,0,1,T_eb73c192,0,0,0,4873
8397,1293,round_start,240.04,2,T_5b9402a1,0,0,0,4873
8394,1293,round_start,0,1,T_c2f547c5,0,0,0,4871
8398,1293,round_start,0,1,T_eb73c192,0,0,0,4874
8399,1293,round_start,0,1,T_eb73c192,0,0,0,4875
8400,1293,round_start,250.97,2,T_5b9402a1,0,0,0,4875
8408,1294,round_start,0,1,T_a02bf5e9,0,0,0,4879
8409,1294,round_start,432.26,2,T_5568bd9d,0,3,0,4879
8410,1295,round_start,0,1,T_a02bf5e9,0,0,0,4880
8411,1295,round_start,334.14,2,T_5568bd9d,0,3,0,4880
8412,1295,round_start,0,1,T_a02bf5e9,0,0,0,4881
8413,1295,round_start,0,1,T_a02bf5e9,0,0,0,4882
8414,1295,round_start,503.32,2,T_5568bd9d,0,3,0,4882
8415,1295,round_start,0,1,T_8c03018b,0,0,1,4883
8416,1295,round_start,304.2,2,T_8c03018b,1,0,2,4883
8417,1295,round_start,620.66,3,T_8c03018b,1,1,0,4883
8418,1295,round_start,0,1,T_8c03018b,0,0,0,4884
8419,1295,round_start,239.56,2,T_8c03018b,0,1,2,4884
8420,1295,round_start,437.29,3,T_8c03018b,0,2,1,4884
8421,1295,round_start,0,1,T_a02bf5e9,0,0,0,4885
8422,1296,round_start,0,1,T_8c03018b,0,0,2,4886
8423,1296,round_start,276.39,2,T_8c03018b,1,0,1,4886
8424,1296,round_start,576.07,3,T_8c03018b,2,0,0,4886
8425,1296,round_start,0,1,T_a02bf5e9,0,0,0,4887
8426,1296,round_start,253.84,2,T_f5b16258,0,3,0,4887
8427,1296,round_start,0,1,T_a02bf5e9,0,0,0,4888
8428,1296,round_start,240.04,2,T_f5b16258,0,3,0,4888
8429,1296,round_start,0,1,T_a02bf5e9,0,0,0,4889
8434,1297,round_start,0,1,T_8c03018b,0,0,2,4892
8435,1297,round_start,277.1,2,T_8c03018b,0,1,0,4892
8436,1297,round_start,586.68,3,T_8c03018b,1,1,1,4892
8438,1297,round_start,0,1,T_a02bf5e9,0,0,0,4894
8441,1297,round_start,0,1,T_8c03018b,0,0,1,4896
8442,1297,round_start,298.82,2,T_8c03018b,0,1,2,4896
8443,1297,round_start,559.63,3,T_8c03018b,1,1,0,4896
8444,1297,round_start,0,1,T_a02bf5e9,0,0,0,4897
8445,1298,round_start,0,1,T_a02bf5e9,0,0,0,4898
8461,1299,round_start,0,1,T_a02bf5e9,0,0,0,4907
8462,1300,round_start,0,1,T_8c03018b,0,0,1,4908
8463,1300,round_start,202.6,2,T_8c03018b,1,0,0,4908
8464,1300,round_start,380.89,3,T_8c03018b,2,0,2,4908
8465,1301,round_start,0,1,T_a02bf5e9,0,0,0,4909
8466,1301,round_start,391.72,2,T_ab058ed0,0,3,0,4909
8467,1302,round_start,0,1,T_a02bf5e9,0,0,0,4910
8468,1302,round_start,490.44,2,T_ab058ed0,0,3,0,4910
8469,1302,round_start,0,1,T_a02bf5e9,0,0,0,4911
8470,1302,round_start,0,1,T_a02bf5e9,0,0,0,4912
8471,1302,round_start,0,1,T_8c03018b,0,0,0,4913
8472,1302,round_start,231.01,2,T_8c03018b,1,0,1,4913
8473,1302,round_start,477.78,3,T_8c03018b,2,0,2,4913
8474,1303,round_start,0,1,T_8c03018b,0,0,2,4914
8475,1303,round_start,344.68,2,T_8c03018b,1,0,0,4914
8476,1303,round_start,550.32,3,T_8c03018b,1,1,1,4914
8477,1303,round_start,0,1,T_a02bf5e9,0,0,0,4915
8478,1303,round_start,390.19,2,T_5568bd9d,0,3,0,4915
8479,1303,round_start,0,1,T_a02bf5e9,0,0,0,4916
6374,971,round_start,0,1,T_a02bf5e9,0,0,0,
6375,971,round_start,490.29,2,T_5568bd9d,0,3,0,
8480,1305,round_start,0,1,T_8c03018b,0,0,2,4917
8481,1305,round_start,189.68,2,T_8c03018b,1,0,1,4917
8482,1305,round_start,508.9,3,T_8c03018b,2,0,0,4917
8483,1305,round_start,0,1,T_a02bf5e9,0,0,0,4918
8484,1305,round_start,0,1,T_a02bf5e9,0,0,0,4919
8485,1305,round_start,505.06,2,T_5568bd9d,0,3,0,4919
8486,1305,round_start,0,1,T_a02bf5e9,0,0,0,4920
8487,1305,round_start,0,1,T_a02bf5e9,0,0,0,4921
8488,1305,round_start,406.66,2,T_5568bd9d,0,3,0,4921
8489,1306,round_start,0,1,T_467b3697,0,0,0,4922
8490,1306,round_start,290.59,2,T_467b3697,0,1,2,4922
8491,1306,round_start,575.29,3,T_467b3697,1,1,1,4922
8492,1306,round_start,0,1,T_467b3697,0,0,0,4923
8493,1307,round_start,0,1,T_7ba5dfb5,0,0,0,4924
8494,1307,round_start,390.18,2,T_e46ac485,0,1,0,4924
8495,1307,round_start,0,1,T_e46ac485,0,0,0,4925
8496,1307,round_start,253.31,2,T_7ba5dfb5,0,0,0,4925
8497,1308,round_start,0,1,T_467b3697,0,0,0,4926
8498,1308,round_start,318.49,2,T_467b3697,0,1,2,4926
8499,1308,round_start,599.04,3,T_467b3697,0,2,1,4926
8500,1308,round_start,0,1,T_467b3697,0,0,0,4927
8501,1308,round_start,0,1,T_467b3697,0,0,0,4928
8502,1308,round_start,0,1,T_467b3697,0,0,0,4929
8503,1308,round_start,343.37,2,T_7ba5dfb5,0,3,0,4929
8504,1309,round_start,0,1,T_de0009ad,0,0,0,4930
8505,1309,round_start,0,1,T_de0009ad,0,0,0,4931
8506,1309,round_start,314.07,2,T_de0009ad,0,1,2,4931
8507,1310,round_start,0,1,T_de0009ad,0,0,0,4932
8508,1310,round_start,0,1,T_de0009ad,0,0,0,4933
8509,1310,round_start,223.25,2,T_de0009ad,1,0,2,4933
8526,1316,round_start,0,1,T_c2f547c5,0,0,0,4943
8527,1316,round_start,0,1,T_c2f547c5,0,0,0,4944
8528,1316,round_start,297.1,2,T_eb73c192,0,3,0,4944
8531,1316,round_start,0,1,T_5b9402a1,0,0,0,4946
8532,1316,round_start,0,1,T_5b9402a1,0,0,0,4947
8533,1317,round_start,0,1,T_8c03018b,0,0,2,4948
8534,1317,round_start,252.88,2,T_8c03018b,0,1,1,4948
8535,1317,round_start,550.75,3,T_8c03018b,0,2,0,4948
8536,1318,round_start,0,1,T_8c03018b,0,0,1,4949
8537,1318,round_start,157.91,2,T_8c03018b,1,0,2,4949
8538,1318,round_start,357.32,3,T_8c03018b,1,1,0,4949
8542,1318,round_start,0,1,T_a02bf5e9,0,0,0,4952
8543,1318,round_start,255.52,2,T_1699ed97,0,3,0,4952
8544,1318,round_start,0,1,T_a02bf5e9,0,0,0,4953
8548,1319,round_start,0,1,T_47cdef68,0,0,0,4955
8549,1319,round_start,413.45,2,T_29e0905e,0,3,0,4955
8550,1319,round_start,0,1,T_47cdef68,0,0,0,4956
8551,1319,round_start,263.25,2,T_29e0905e,0,3,0,4956
8552,1319,round_start,0,1,T_47cdef68,0,0,0,4957
8553,1319,round_start,0,1,T_47cdef68,0,0,0,4958
8554,1319,round_start,395.14,2,T_29e0905e,0,3,0,4958
8558,1319,round_start,0,1,T_47cdef68,0,0,0,4961
8559,1319,round_start,395.18,2,T_29e0905e,0,3,0,4961
8560,1319,round_start,0,1,T_47cdef68,0,0,0,4962
8561,1319,round_start,0,1,T_47cdef68,0,0,0,4963
8562,1319,round_start,395.14,2,T_29e0905e,0,3,0,4963
8563,1319,round_start,0,1,T_47cdef68,0,0,0,4964
8564,1319,round_start,395.14,2,T_29e0905e,0,3,0,4964
8567,1319,round_start,0,1,T_47cdef68,0,0,0,4966
8568,1319,round_start,395.14,2,T_29e0905e,0,3,0,4966
8569,1320,round_start,0,1,T_8c03018b,0,0,0,4967
8570,1320,round_start,178.99,2,T_8c03018b,1,0,1,4967
8571,1320,round_start,493.11,3,T_8c03018b,2,0,2,4967
8572,1320,round_start,0,1,T_7f8ba35f,0,0,0,4968
8573,1320,round_start,423.83,2,T_3238eb96,0,3,0,4968
8576,1321,round_start,0,1,T_8c03018b,0,0,2,4970
8577,1321,round_start,168.28,2,T_8c03018b,0,1,0,4970
8578,1321,round_start,414.09,3,T_8c03018b,0,2,1,4970
8579,1321,round_start,0,1,T_a02bf5e9,0,0,0,4971
8580,1321,round_start,480.2,2,T_5568bd9d,0,3,0,4971
8581,1321,round_start,0,1,T_a02bf5e9,0,0,0,4972
8582,1321,round_start,0,1,T_a02bf5e9,0,0,0,4973
8583,1321,round_start,395.17,2,T_5568bd9d,0,3,0,4973
8584,1321,round_start,0,1,T_a02bf5e9,0,0,0,4974
8587,1323,round_start,0,1,T_a02bf5e9,0,0,0,4976
8588,1323,round_start,351.66,2,T_5568bd9d,0,3,0,4976
8603,1326,round_start,0,1,T_3af87b19,0,0,0,4985
6421,976,round_start,357.14,3,T_8c03018b,2,0,0,
8606,1331,round_start,0,1,T_8c03018b,0,0,0,4988
8607,1331,round_start,209.53,2,T_8c03018b,1,0,1,4988
8608,1331,round_start,509.68,3,T_8c03018b,1,1,2,4988
8609,1331,round_start,0,1,T_a02bf5e9,0,0,0,4989
8610,1331,round_start,398.57,2,T_5568bd9d,0,3,0,4989
8611,1331,round_start,0,1,T_a02bf5e9,0,0,0,4990
8612,1331,round_start,395.17,2,T_5568bd9d,0,3,0,4990
8616,1331,round_start,0,1,T_8c03018b,0,0,2,4992
8617,1331,round_start,342.95,2,T_8c03018b,1,0,1,4992
8618,1331,round_start,504.73,3,T_8c03018b,2,0,0,4992
8619,1331,round_start,0,1,T_a02bf5e9,0,0,0,4993
8625,1333,round_start,0,1,T_8c03018b,0,0,0,4997
8626,1333,round_start,314.26,2,T_8c03018b,1,0,2,4997
8627,1333,round_start,492.32,3,T_8c03018b,1,1,1,4997
8628,1333,round_start,0,1,T_a02bf5e9,0,0,0,4998
8629,1333,round_start,493.79,2,T_5568bd9d,0,3,0,4998
8630,1333,round_start,0,1,T_a02bf5e9,0,0,0,4999
8631,1333,round_start,0,1,T_a02bf5e9,0,0,0,5000
8632,1333,round_start,490.08,2,T_5568bd9d,0,3,0,5000
8633,1333,round_start,0,1,T_a02bf5e9,0,0,0,5001
8647,1337,round_start,0,1,T_8c03018b,0,0,2,5010
8648,1337,round_start,376.25,2,T_8c03018b,0,1,0,5010
8649,1337,round_start,555.22,3,T_8c03018b,0,2,1,5010
8650,1337,round_start,0,1,T_a02bf5e9,0,0,0,5011
8651,1337,round_start,413.5,2,T_1699ed97,0,3,0,5011
8652,1337,round_start,0,1,T_a02bf5e9,0,0,0,5012
8653,1337,round_start,0,1,T_a02bf5e9,0,0,0,5013
8654,1337,round_start,495.25,2,T_1699ed97,0,3,0,5013
8655,1337,round_start,0,1,T_a02bf5e9,0,0,0,5014
8656,1339,round_start,0,1,T_8c03018b,0,0,2,5015
8657,1339,round_start,169.72,2,T_8c03018b,0,1,1,5015
8658,1339,round_start,399.63,3,T_8c03018b,0,2,0,5015
8659,1339,round_start,0,1,T_a02bf5e9,0,0,0,5016
8660,1339,round_start,390.12,2,T_5568bd9d,0,3,0,5016
8661,1339,round_start,0,1,T_a02bf5e9,0,0,0,5017
8662,1339,round_start,0,1,T_a02bf5e9,0,0,0,5018
8663,1339,round_start,448.65,2,T_5568bd9d,0,3,0,5018
8665,1340,round_start,0,1,T_8c03018b,0,0,0,5020
8666,1340,round_start,300.78,2,T_8c03018b,1,0,1,5020
8667,1340,round_start,622.31,3,T_8c03018b,1,1,2,5020
8668,1340,round_start,0,1,T_7f8ba35f,0,0,0,5021
8669,1340,round_start,366.73,2,T_3238eb96,0,3,0,5021
8670,1340,round_start,0,1,T_7f8ba35f,0,0,0,5022
8671,1342,round_start,0,1,T_8c03018b,0,0,0,5023
8672,1342,round_start,304.7,2,T_8c03018b,1,0,2,5023
8673,1342,round_start,484.58,3,T_8c03018b,2,0,1,5023
8674,1342,round_start,0,1,T_a02bf5e9,0,0,0,5024
8678,1342,round_start,0,1,T_a02bf5e9,0,0,0,5027
8679,1342,round_start,259.5,2,T_5568bd9d,0,3,0,5027
8680,1342,round_start,0,1,T_a02bf5e9,0,0,0,5028
6451,980,round_start,0,1,T_26e6dabd,0,0,0,
8689,1347,round_start,0,1,T_d35e6606,0,0,0,5033
8692,1347,round_start,0,1,T_8c03018b,0,0,1,5035
8693,1347,round_start,329.07,2,T_8c03018b,0,1,0,5035
8694,1347,round_start,615.36,3,T_8c03018b,1,1,2,5035
8699,1349,round_start,0,1,T_8c03018b,0,0,1,5038
8700,1349,round_start,233.44,2,T_8c03018b,0,1,0,5038
8701,1349,round_start,541.75,3,T_8c03018b,0,2,2,5038
8702,1349,round_start,0,1,T_a02bf5e9,0,0,0,5039
8703,1349,round_start,578.86,2,T_5568bd9d,0,3,0,5039
8704,1349,round_start,0,1,T_a02bf5e9,0,0,0,5040
8705,1349,round_start,0,1,T_a02bf5e9,0,0,0,5041
8706,1349,round_start,0,1,T_a02bf5e9,0,0,0,5042
8707,1349,round_start,257.74,2,T_5568bd9d,0,3,0,5042
8708,1349,round_start,0,1,T_8c03018b,0,0,1,5043
8709,1349,round_start,355.3,2,T_8c03018b,0,1,0,5043
8710,1349,round_start,642.75,3,T_8c03018b,1,1,2,5043
6454,982,round_start,163.75,2,T_8c03018b,1,0,1,
6455,982,round_start,402.31,3,T_8c03018b,2,0,2,
8716,1353,round_start,0,1,T_496df5f2,0,0,0,5046
8717,1353,round_start,501.84,2,T_969420ad,0,3,0,5046
8718,1353,round_start,0,1,T_496df5f2,0,0,0,5047
8719,1353,round_start,374,2,T_969420ad,0,3,0,5047
8720,1354,round_start,0,1,T_1607e776,0,0,0,5048
8721,1354,round_start,164.95,2,T_1607e776,1,0,2,5048
8722,1354,round_start,0,1,T_1607e776,0,0,0,5049
8723,1354,round_start,390.15,2,T_be0b0d78,0,1,0,5049
8724,1354,round_start,0,1,T_1607e776,0,0,0,5050
8725,1354,round_start,240.04,2,T_be0b0d78,0,0,0,5050
8726,1354,round_start,0,1,T_1607e776,0,0,0,5051
8727,1354,round_start,390.15,2,T_be0b0d78,0,1,0,5051
8728,1354,round_start,0,1,T_1607e776,0,0,0,5052
8729,1354,round_start,390.15,2,T_be0b0d78,0,1,0,5052
8730,1354,round_start,0,1,T_1607e776,0,0,0,5053
8731,1354,round_start,390.15,2,T_be0b0d78,0,1,0,5053
8732,1354,round_start,0,1,T_1607e776,0,0,0,5054
8733,1354,round_start,390.15,2,T_be0b0d78,0,1,0,5054
8734,1354,round_start,0,1,T_1607e776,0,0,0,5055
8735,1354,round_start,390.15,2,T_be0b0d78,0,1,0,5055
8736,1355,round_start,0,1,T_1607e776,0,0,0,5056
8737,1355,round_start,390.15,2,T_be0b0d78,0,1,0,5056
8738,1356,round_start,0,1,T_1607e776,0,0,0,5057
8739,1356,round_start,390.15,2,T_be0b0d78,0,1,0,5057
8740,1354,round_start,0,1,T_1607e776,0,0,0,5058
8741,1354,round_start,390.15,2,T_be0b0d78,0,1,0,5058
8744,1354,round_start,0,1,T_1607e776,0,0,0,5060
8745,1354,round_start,390.15,2,T_be0b0d78,0,1,0,5060
8746,1354,round_start,0,1,T_1607e776,0,0,0,5061
8747,1354,round_start,390.15,2,T_be0b0d78,0,1,0,5061
8748,1354,round_start,0,1,T_1607e776,0,0,0,5062
8749,1354,round_start,240.04,2,T_be0b0d78,0,0,0,5062
8750,1358,round_start,0,1,T_7ba5dfb5,0,0,1,5063
8751,1358,round_start,187.47,2,T_7ba5dfb5,0,1,2,5063
8752,1358,round_start,0,1,T_13ab2299,0,0,0,5064
8753,1358,round_start,273.5,2,T_7ba5dfb5,0,0,0,5064
8754,1358,round_start,0,1,T_13ab2299,0,0,0,5065
8755,1359,round_start,0,1,T_467b3697,0,0,2,5066
8756,1359,round_start,271.74,2,T_467b3697,1,0,1,5066
8757,1359,round_start,0,1,T_467b3697,0,0,0,5067
8758,1359,round_start,525.12,2,T_38270be3,0,2,0,5067
8759,1359,round_start,0,1,T_467b3697,0,0,0,5068
8761,1360,round_start,0,1,T_62530b65,0,0,0,5070
8762,1360,round_start,266.17,2,T_496df5f2,0,3,0,5070
8763,1360,round_start,0,1,T_8c03018b,0,0,2,5071
8764,1360,round_start,300.64,2,T_8c03018b,1,0,1,5071
8765,1360,round_start,568.55,3,T_8c03018b,1,1,0,5071
8766,1360,round_start,0,1,T_62530b65,0,0,0,5072
8767,1360,round_start,309.42,2,T_496df5f2,0,3,0,5072
8768,1360,round_start,0,1,T_8c03018b,0,0,0,5073
8769,1360,round_start,248.31,2,T_8c03018b,0,1,2,5073
8770,1360,round_start,471.48,3,T_8c03018b,1,1,1,5073
8771,1360,round_start,0,1,T_62530b65,0,0,0,5074
8772,1360,round_start,0,1,T_62530b65,0,0,0,5075
8773,1361,round_start,0,1,T_a02bf5e9,0,0,0,5076
8774,1362,round_start,0,1,T_e46ac485,0,0,2,5077
8775,1362,round_start,246.54,2,T_e46ac485,1,0,0,5077
8776,1362,round_start,0,1,T_e46ac485,0,0,0,5078
8777,1362,round_start,395.14,2,T_13ab2299,0,1,0,5078
8778,1362,round_start,0,1,T_e46ac485,0,0,0,5079
8779,1362,round_start,443.04,2,T_13ab2299,0,1,0,5079
8780,1363,round_start,0,1,T_467b3697,0,0,0,5080
8781,1363,round_start,208.15,2,T_467b3697,1,0,2,5080
8785,1363,round_start,0,1,T_467b3697,0,0,0,5083
8786,1363,round_start,521.54,2,T_13ab2299,0,2,0,5083
8787,1363,round_start,0,1,T_467b3697,0,0,0,5084
8788,1365,round_start,0,1,T_62530b65,0,0,0,5085
8789,1365,round_start,266.17,2,T_496df5f2,0,3,0,5085
8811,1366,round_start,0,1,T_8c03018b,0,0,0,5096
8812,1366,round_start,170.06,2,T_8c03018b,0,1,2,5096
8813,1366,round_start,464.51,3,T_8c03018b,1,1,1,5096
8814,1366,round_start,0,1,T_8b4000a4,0,0,0,5097
8815,1366,round_start,509.57,2,T_496df5f2,0,3,0,5097
8816,1366,round_start,0,1,T_8b4000a4,0,0,0,5098
8817,1366,round_start,0,1,T_8b4000a4,0,0,0,5099
8818,1366,round_start,0,1,T_8b4000a4,0,0,0,5100
8819,1366,round_start,417.44,2,T_496df5f2,0,3,0,5100
8820,1366,round_start,0,1,T_8c03018b,0,0,0,5101
8821,1366,round_start,208.92,2,T_8c03018b,1,0,2,5101
8822,1366,round_start,530.73,3,T_8c03018b,2,0,1,5101
8823,1371,round_start,0,1,T_de0009ad,0,0,2,5102
8824,1371,round_start,216.75,2,T_de0009ad,1,0,1,5102
8825,1371,round_start,0,1,T_de0009ad,0,0,0,5103
8830,1371,round_start,0,1,T_1c43ee12,0,0,0,5106
8831,1371,round_start,460.61,2,T_de0009ad,0,3,0,5106
8832,1371,round_start,0,1,T_1c43ee12,0,0,0,5107
8833,1371,round_start,306.88,2,T_de0009ad,0,3,0,5107
8834,1372,round_start,0,1,T_d2dba261,0,0,0,5108
8835,1372,round_start,294.83,2,T_d2dba261,0,1,1,5108
8836,1372,round_start,581.27,3,T_d2dba261,1,1,2,5108
8839,1372,round_start,0,1,T_de0009ad,0,0,0,5110
8840,1373,round_start,0,1,T_7ba5dfb5,0,0,2,5111
8841,1373,round_start,180.13,2,T_7ba5dfb5,0,1,1,5111
8842,1373,round_start,421.81,3,T_7ba5dfb5,1,1,0,5111
8843,1373,round_start,0,1,T_7ba5dfb5,0,0,0,5112
8844,1373,round_start,255.44,2,T_38270be3,0,0,0,5112
8845,1373,round_start,0,1,T_7ba5dfb5,0,0,0,5113
8846,1373,round_start,0,1,T_7ba5dfb5,0,0,0,5114
8849,1374,round_start,0,1,T_41934d9d,0,0,0,5116
8850,1374,round_start,513.81,2,T_496df5f2,0,3,0,5116
8851,1374,round_start,0,1,T_41934d9d,0,0,0,5117
8852,1374,round_start,512.99,2,T_496df5f2,0,3,0,5117
8853,1374,round_start,0,1,T_41934d9d,0,0,0,5118
8854,1374,round_start,0,1,T_41934d9d,0,0,0,5119
8855,1374,round_start,0,1,T_41934d9d,0,0,0,5120
8856,1374,round_start,400.71,2,T_496df5f2,0,3,0,5120
8857,1374,round_start,0,1,T_8c03018b,0,0,1,5121
8858,1374,round_start,264.04,2,T_8c03018b,0,1,2,5121
8859,1374,round_start,430.6,3,T_8c03018b,0,2,0,5121
8860,1375,round_start,0,1,T_8c03018b,0,0,0,5122
8861,1375,round_start,201.86,2,T_8c03018b,1,0,1,5122
8862,1375,round_start,524.42,3,T_8c03018b,1,1,2,5122
8865,1375,round_start,0,1,T_a02bf5e9,0,0,0,5124
8866,1375,round_start,373.37,2,T_5568bd9d,0,3,0,5124
8868,1375,round_start,0,1,T_a02bf5e9,0,0,0,5126
8869,1375,round_start,0,1,T_a02bf5e9,0,0,0,5127
8870,1375,round_start,0,1,T_a02bf5e9,0,0,0,5128
8871,1375,round_start,390.2,2,T_5568bd9d,0,3,0,5128
8872,1376,round_start,0,1,T_8c03018b,0,0,1,5129
8873,1376,round_start,336.24,2,T_8c03018b,1,0,2,5129
8874,1376,round_start,683.36,3,T_8c03018b,1,1,0,5129
8875,1377,round_start,0,1,T_a02bf5e9,0,0,0,5130
8876,1377,round_start,513.74,2,T_5568bd9d,0,3,0,5130
8877,1377,round_start,0,1,T_a02bf5e9,0,0,0,5131
8878,1377,round_start,454.2,2,T_5568bd9d,0,3,0,5131
8879,1377,round_start,0,1,T_a02bf5e9,0,0,0,5132
8880,1377,round_start,513.74,2,T_5568bd9d,0,3,0,5132
8881,1377,round_start,0,1,T_8c03018b,0,0,1,5133
8882,1377,round_start,336.24,2,T_8c03018b,1,0,2,5133
8883,1377,round_start,683.36,3,T_8c03018b,1,1,0,5133
8884,1379,round_start,0,1,T_8c03018b,0,0,2,5134
8885,1379,round_start,213.55,2,T_8c03018b,0,1,1,5134
8886,1379,round_start,543.04,3,T_8c03018b,0,2,0,5134
8887,1379,round_start,0,1,T_7f8ba35f,0,0,0,5135
8888,1379,round_start,272.55,2,T_3238eb96,0,3,0,5135
8889,1379,round_start,0,1,T_7f8ba35f,0,0,0,5136
8890,1379,round_start,0,1,T_7f8ba35f,0,0,0,5137
8891,1379,round_start,0,1,T_7f8ba35f,0,0,0,5138
8892,1379,round_start,406.26,2,T_3238eb96,0,3,0,5138
8899,1380,round_start,0,1,T_8c03018b,0,0,1,5141
8900,1380,round_start,173.36,2,T_8c03018b,1,0,0,5141
8901,1380,round_start,433.31,3,T_8c03018b,2,0,2,5141
8902,1380,round_start,0,1,T_285e8464,0,0,0,5142
8903,1380,round_start,263.96,2,T_496df5f2,0,3,0,5142
8904,1380,round_start,0,1,T_285e8464,0,0,0,5143
8905,1380,round_start,0,1,T_285e8464,0,0,0,5144
8906,1380,round_start,234.74,2,T_496df5f2,0,3,0,5144
8907,1380,round_start,0,1,T_285e8464,0,0,0,5145
8908,1380,round_start,0,1,T_285e8464,0,0,0,5146
8909,1380,round_start,441.48,2,T_496df5f2,0,3,0,5146
8922,1389,round_start,0,1,T_a02bf5e9,0,0,0,5153
8923,1389,round_start,335.64,2,T_5568bd9d,0,3,0,5153
8924,1389,round_start,0,1,T_a02bf5e9,0,0,0,5154
8925,1389,round_start,0,1,T_a02bf5e9,0,0,0,5155
8926,1389,round_start,441.78,2,T_5568bd9d,0,3,0,5155
8927,1389,round_start,0,1,T_a02bf5e9,0,0,0,5156
8928,1390,round_start,0,1,T_a02bf5e9,0,0,0,5157
8929,1390,round_start,279.56,2,T_5568bd9d,0,3,0,5157
8930,1390,round_start,0,1,T_a02bf5e9,0,0,0,5158
8931,1390,round_start,0,1,T_a02bf5e9,0,0,0,5159
8932,1390,round_start,421.41,2,T_5568bd9d,0,3,0,5159
8933,1390,round_start,0,1,T_a02bf5e9,0,0,0,5160
8934,1390,round_start,260.14,2,T_5568bd9d,0,3,0,5160
8935,1391,round_start,0,1,T_8c03018b,0,0,2,5161
8936,1391,round_start,205.8,2,T_8c03018b,1,0,0,5161
8937,1391,round_start,540.44,3,T_8c03018b,1,1,1,5161
8943,1392,round_start,0,1,T_a02bf5e9,0,0,0,5165
8944,1392,round_start,309.56,2,T_5568bd9d,0,3,0,5165
8947,1392,round_start,0,1,T_a02bf5e9,0,0,0,5168
8948,1392,round_start,442.08,2,T_5568bd9d,0,3,0,5168
8950,1393,round_start,0,1,T_a02bf5e9,0,0,0,5170
8951,1393,round_start,0,1,T_a02bf5e9,0,0,0,5171
8953,1393,round_start,0,1,T_8c03018b,0,0,2,5173
8954,1393,round_start,329.81,2,T_8c03018b,0,1,0,5173
8955,1393,round_start,527.7,3,T_8c03018b,0,2,1,5173
8956,1393,round_start,0,1,T_a02bf5e9,0,0,0,5174
8957,1393,round_start,508.92,2,T_5568bd9d,0,3,0,5174
8960,1394,round_start,0,1,T_a02bf5e9,0,0,0,5177
8961,1394,round_start,0,1,T_a02bf5e9,0,0,0,5178
8962,1394,round_start,271.79,2,T_5568bd9d,0,3,0,5178
8965,1395,round_start,0,1,T_a02bf5e9,0,0,0,5180
8966,1395,round_start,419.83,2,T_5568bd9d,0,3,0,5180
8967,1396,round_start,0,1,T_8c03018b,0,0,2,5181
8968,1396,round_start,237.21,2,T_8c03018b,0,1,1,5181
8969,1396,round_start,412.38,3,T_8c03018b,0,2,0,5181
8970,1396,round_start,0,1,T_a02bf5e9,0,0,0,5182
8971,1396,round_start,502.61,2,T_1699ed97,0,3,0,5182
8973,1396,round_start,0,1,T_a02bf5e9,0,0,0,5184
8974,1396,round_start,483.85,2,T_1699ed97,0,3,0,5184
8975,1396,round_start,0,1,T_a02bf5e9,0,0,0,5185
8976,1397,round_start,0,1,T_8c03018b,0,0,2,5186
8977,1397,round_start,229.59,2,T_8c03018b,1,0,1,5186
8978,1397,round_start,502.79,3,T_8c03018b,2,0,0,5186
8979,1397,round_start,0,1,T_a02bf5e9,0,0,0,5187
8980,1397,round_start,245.26,2,T_5568bd9d,0,3,0,5187
8981,1397,round_start,0,1,T_a02bf5e9,0,0,0,5188
8982,1397,round_start,0,1,T_a02bf5e9,0,0,0,5189
8983,1397,round_start,396.78,2,T_5568bd9d,0,3,0,5189
8984,1398,round_start,0,1,T_8c03018b,0,0,2,5190
8985,1398,round_start,266.12,2,T_8c03018b,1,0,1,5190
8986,1398,round_start,497.37,3,T_8c03018b,2,0,0,5190
8987,1398,round_start,0,1,T_a02bf5e9,0,0,0,5191
8988,1398,round_start,0,1,T_a02bf5e9,0,0,0,5192
8989,1398,round_start,316.13,2,T_5568bd9d,0,3,0,5192
8990,1398,round_start,0,1,T_a02bf5e9,0,0,0,5193
8991,1398,round_start,505.71,2,T_5568bd9d,0,3,0,5193
8992,1398,round_start,0,1,T_a02bf5e9,0,0,0,5194
8993,1398,round_start,497.36,2,T_5568bd9d,0,3,0,5194
8994,1400,round_start,0,1,T_a02bf5e9,0,0,0,5195
8995,1401,round_start,0,1,T_a02bf5e9,0,0,0,5196
8996,1401,round_start,297.59,2,T_5568bd9d,0,3,0,5196
8997,1401,round_start,797.06,3,T_a02bf5e9,3,3,0,5196
8998,1401,round_start,0,1,T_a02bf5e9,0,0,0,5197
8999,1401,round_start,0,1,T_a02bf5e9,0,0,0,5198
9000,1401,round_start,332.14,2,T_5568bd9d,0,3,0,5198
9001,1401,round_start,0,1,T_a02bf5e9,0,0,0,5199
9002,1401,round_start,396.87,2,T_5568bd9d,0,3,0,5199
9003,1401,round_start,0,1,T_a02bf5e9,0,0,0,5200
9004,1404,round_start,0,1,T_8c03018b,0,0,1,5201
9005,1404,round_start,300.09,2,T_8c03018b,1,0,0,5201
9006,1404,round_start,625.98,3,T_8c03018b,2,0,2,5201
9007,1404,round_start,0,1,T_a02bf5e9,0,0,0,5202
9008,1404,round_start,240.04,2,T_5568bd9d,0,3,0,5202
9009,1404,round_start,0,1,T_a02bf5e9,0,0,0,5203
9010,1404,round_start,415.61,2,T_5568bd9d,0,3,0,5203
9011,1404,round_start,0,1,T_a02bf5e9,0,0,0,5204
9012,1404,round_start,240.04,2,T_5568bd9d,0,3,0,5204
9013,1404,round_start,0,1,T_a02bf5e9,0,0,0,5205
9014,1404,round_start,0,1,T_a02bf5e9,0,0,0,5206
9015,1405,round_start,0,1,T_8c03018b,0,0,1,5207
9016,1405,round_start,300.09,2,T_8c03018b,1,0,0,5207
9017,1405,round_start,625.98,3,T_8c03018b,2,0,2,5207
9018,1406,round_start,0,1,T_8c03018b,0,0,1,5208
9019,1406,round_start,300.09,2,T_8c03018b,1,0,0,5208
9020,1406,round_start,625.98,3,T_8c03018b,2,0,2,5208
9021,1406,round_start,0,1,T_a02bf5e9,0,0,0,5209
9022,1406,round_start,240.04,2,T_5568bd9d,0,3,0,5209
9023,1406,round_start,0,1,T_a02bf5e9,0,0,0,5210
9024,1406,round_start,415.61,2,T_5568bd9d,0,3,0,5210
9028,1406,round_start,0,1,T_a02bf5e9,0,0,0,5213
9029,1407,round_start,0,1,T_8c03018b,0,0,0,5214
9030,1407,round_start,309.31,2,T_8c03018b,0,1,2,5214
9031,1407,round_start,605.32,3,T_8c03018b,0,2,1,5214
9032,1407,round_start,0,1,T_a02bf5e9,0,0,0,5215
9033,1407,round_start,0,1,T_a02bf5e9,0,0,0,5216
9034,1407,round_start,0,1,T_a02bf5e9,0,0,0,5217
9035,1407,round_start,369.24,2,T_5568bd9d,0,3,0,5217
9036,1407,round_start,0,1,T_a02bf5e9,0,0,0,5218
9044,1408,round_start,0,1,T_a02bf5e9,0,0,0,5223
9045,1409,round_start,0,1,T_8c03018b,0,0,1,5224
9046,1409,round_start,169.91,2,T_8c03018b,1,0,0,5224
9047,1409,round_start,518.28,3,T_8c03018b,2,0,2,5224
9048,1409,round_start,0,1,T_a02bf5e9,0,0,0,5225
9049,1409,round_start,0,1,T_a02bf5e9,0,0,0,5226
9050,1409,round_start,0,1,T_a02bf5e9,0,0,0,5227
9051,1409,round_start,400.68,2,T_5568bd9d,0,3,0,5227
9052,1409,round_start,0,1,T_8c03018b,0,0,1,5228
9053,1409,round_start,208.19,2,T_8c03018b,1,0,2,5228
9054,1409,round_start,431.17,3,T_8c03018b,1,1,0,5228
9055,1410,round_start,0,1,T_8c03018b,0,0,2,5229
9056,1410,round_start,197.81,2,T_8c03018b,0,1,0,5229
9057,1410,round_start,543.68,3,T_8c03018b,1,1,1,5229
9058,1410,round_start,0,1,T_8c03018b,0,0,2,5230
9059,1410,round_start,197.81,2,T_8c03018b,0,1,0,5230
9060,1410,round_start,543.68,3,T_8c03018b,1,1,1,5230
9061,1410,round_start,0,1,T_a02bf5e9,0,0,0,5231
9062,1410,round_start,480.21,2,T_5568bd9d,0,3,0,5231
9063,1410,round_start,0,1,T_a02bf5e9,0,0,0,5232
9064,1410,round_start,0,1,T_a02bf5e9,0,0,0,5233
9065,1410,round_start,551.32,2,T_5568bd9d,0,3,0,5233
9066,1410,round_start,0,1,T_a02bf5e9,0,0,0,5234
9067,1411,round_start,0,1,T_8c03018b,0,0,1,5235
9068,1411,round_start,263.08,2,T_8c03018b,0,1,2,5235
9069,1411,round_start,493.94,3,T_8c03018b,0,2,0,5235
9070,1411,round_start,0,1,T_a02bf5e9,0,0,0,5236
9071,1411,round_start,0,1,T_a02bf5e9,0,0,0,5237
9072,1411,round_start,246.36,2,T_5568bd9d,0,3,0,5237
9073,1411,round_start,0,1,T_a02bf5e9,0,0,0,5238
9074,1411,round_start,245.05,2,T_5568bd9d,0,3,0,5238
9075,1411,round_start,0,1,T_a02bf5e9,0,0,0,5239
9076,1412,round_start,0,1,T_8c03018b,0,0,2,5240
9077,1412,round_start,314.28,2,T_8c03018b,0,1,0,5240
9078,1412,round_start,565.41,3,T_8c03018b,1,1,1,5240
9079,1413,round_start,0,1,T_8c03018b,0,0,2,5241
9080,1413,round_start,314.28,2,T_8c03018b,0,1,0,5241
9081,1413,round_start,565.41,3,T_8c03018b,1,1,1,5241
9082,1412,round_start,0,1,T_a02bf5e9,0,0,0,5242
9083,1412,round_start,487.31,2,T_5568bd9d,0,3,0,5242
9084,1412,round_start,0,1,T_a02bf5e9,0,0,0,5243
9085,1412,round_start,0,1,T_a02bf5e9,0,0,0,5244
9086,1412,round_start,521.54,2,T_5568bd9d,0,3,0,5244
9087,1412,round_start,0,1,T_a02bf5e9,0,0,0,5245
9088,1412,round_start,0,1,T_a02bf5e9,0,0,0,5246
9089,1414,round_start,0,1,T_8c03018b,0,0,0,5247
9090,1414,round_start,288.25,2,T_8c03018b,0,1,2,5247
9091,1414,round_start,513.97,3,T_8c03018b,1,1,1,5247
9092,1414,round_start,0,1,T_a02bf5e9,0,0,0,5248
9093,1414,round_start,395.16,2,T_5568bd9d,0,3,0,5248
9094,1414,round_start,0,1,T_a02bf5e9,0,0,0,5249
9095,1414,round_start,251.48,2,T_5568bd9d,0,3,0,5249
9104,1419,round_start,0,1,T_8c03018b,0,0,1,5254
9105,1419,round_start,343.8,2,T_8c03018b,1,0,2,5254
9106,1419,round_start,543.32,3,T_8c03018b,2,0,0,5254
9107,1420,round_start,0,1,T_8c03018b,0,0,1,5255
9108,1420,round_start,180.53,2,T_8c03018b,0,1,0,5255
9109,1420,round_start,368.09,3,T_8c03018b,1,1,2,5255
9110,1420,round_start,0,1,T_a02bf5e9,0,0,0,5256
9111,1420,round_start,0,1,T_a02bf5e9,0,0,0,5257
9112,1420,round_start,240.04,2,T_5568bd9d,0,3,0,5257
9113,1420,round_start,0,1,T_a02bf5e9,0,0,0,5258
9114,1420,round_start,0,1,T_a02bf5e9,0,0,0,5259
9115,1420,round_start,0,1,T_a02bf5e9,0,0,0,5260
6582,997,round_start,485.06,2,T_aa9f4ebe,0,2,0,
6584,997,round_start,388.48,2,T_aa9f4ebe,0,3,0,
9125,1419,round_start,0,1,T_a02bf5e9,0,0,0,5266
9126,1419,round_start,406.4,2,T_dc7a587c,0,3,0,5266
9127,1419,round_start,0,1,T_a02bf5e9,0,0,0,5267
9128,1419,round_start,381.43,2,T_dc7a587c,0,3,0,5267
9129,1419,round_start,0,1,T_a02bf5e9,0,0,0,5268
9130,1419,round_start,0,1,T_a02bf5e9,0,0,0,5269
9131,1419,round_start,0,1,T_8c03018b,0,0,1,5270
9132,1419,round_start,294.87,2,T_8c03018b,1,0,0,5270
9133,1419,round_start,610.32,3,T_8c03018b,1,1,2,5270
6590,999,round_start,586.26,3,T_8c03018b,1,1,0,
9134,1426,round_start,0,1,T_8c03018b,0,0,1,5271
9135,1426,round_start,186.5,2,T_8c03018b,1,0,2,5271
9136,1426,round_start,462.79,3,T_8c03018b,1,1,0,5271
9137,1426,round_start,0,1,T_a02bf5e9,0,0,0,5272
9138,1426,round_start,436.33,2,T_5568bd9d,0,3,0,5272
9139,1426,round_start,0,1,T_a02bf5e9,0,0,0,5273
9140,1426,round_start,0,1,T_a02bf5e9,0,0,0,5274
9141,1426,round_start,0,1,T_a02bf5e9,0,0,0,5275
9142,1426,round_start,511.76,2,T_5568bd9d,0,3,0,5275
9143,1427,round_start,0,1,T_a02bf5e9,0,0,0,5276
9144,1427,round_start,0,1,T_8c03018b,0,0,0,5277
9145,1427,round_start,205.83,2,T_8c03018b,1,0,1,5277
9146,1427,round_start,389.87,3,T_8c03018b,2,0,2,5277
9147,1427,round_start,0,1,T_a02bf5e9,0,0,0,5278
9148,1427,round_start,0,1,T_a02bf5e9,0,0,0,5279
9149,1427,round_start,346.25,2,T_5568bd9d,0,3,0,5279
9150,1427,round_start,0,1,T_a02bf5e9,0,0,0,5280
9151,1428,round_start,0,1,T_8c03018b,0,0,1,5281
9152,1428,round_start,178.45,2,T_8c03018b,1,0,0,5281
9153,1428,round_start,450.88,3,T_8c03018b,2,0,2,5281
9154,1428,round_start,0,1,T_a02bf5e9,0,0,0,5282
9155,1428,round_start,0,1,T_a02bf5e9,0,0,0,5283
9156,1428,round_start,321.77,2,T_5568bd9d,0,3,0,5283
9157,1428,round_start,0,1,T_a02bf5e9,0,0,0,5284
9158,1428,round_start,589.66,2,T_5568bd9d,0,3,0,5284
9159,1428,round_start,0,1,T_a02bf5e9,0,0,0,5285
9160,1429,round_start,0,1,T_8c03018b,0,0,0,5286
9161,1429,round_start,338.73,2,T_8c03018b,1,0,2,5286
9162,1429,round_start,619.63,3,T_8c03018b,2,0,1,5286
9163,1429,round_start,0,1,T_a02bf5e9,0,0,0,5287
9164,1429,round_start,0,1,T_a02bf5e9,0,0,0,5288
9165,1429,round_start,421.1,2,T_5568bd9d,0,3,0,5288
9166,1429,round_start,0,1,T_a02bf5e9,0,0,0,5289
9167,1429,round_start,516.84,2,T_5568bd9d,0,3,0,5289
9168,1429,round_start,0,1,T_a02bf5e9,0,0,0,5290
9169,1430,round_start,0,1,T_a02bf5e9,0,0,0,5291
9170,1430,round_start,257.47,2,T_5568bd9d,0,3,0,5291
9171,1430,round_start,0,1,T_a02bf5e9,0,0,0,5292
9172,1430,round_start,416.97,2,T_5568bd9d,0,3,0,5292
9173,1430,round_start,0,1,T_a02bf5e9,0,0,0,5293
9174,1430,round_start,426.05,2,T_5568bd9d,0,3,0,5293
9175,1430,round_start,0,1,T_a02bf5e9,0,0,0,5294
9176,1430,round_start,476.44,2,T_5568bd9d,0,3,0,5294
9177,1430,round_start,0,1,T_a02bf5e9,0,0,0,5295
9178,1431,round_start,0,1,T_8c03018b,0,0,0,5296
9179,1431,round_start,317.46,2,T_8c03018b,1,0,1,5296
9180,1431,round_start,562.45,3,T_8c03018b,2,0,2,5296
9181,1431,round_start,0,1,T_a02bf5e9,0,0,0,5297
9182,1431,round_start,511.77,2,T_5568bd9d,0,3,0,5297
9183,1431,round_start,0,1,T_a02bf5e9,0,0,0,5298
9184,1431,round_start,240.04,2,T_5568bd9d,0,3,0,5298
9185,1431,round_start,0,1,T_a02bf5e9,0,0,0,5299
9186,1431,round_start,412.04,2,T_5568bd9d,0,3,0,5299
9187,1431,round_start,0,1,T_a02bf5e9,0,0,0,5300
9188,1432,round_start,0,1,T_8c03018b,0,0,2,5301
9189,1432,round_start,319.75,2,T_8c03018b,1,0,1,5301
9190,1432,round_start,499.18,3,T_8c03018b,2,0,0,5301
9191,1432,round_start,0,1,T_a02bf5e9,0,0,0,5302
9192,1432,round_start,0,1,T_a02bf5e9,0,0,0,5303
9193,1432,round_start,245.03,2,T_5568bd9d,0,3,0,5303
9194,1432,round_start,0,1,T_a02bf5e9,0,0,0,5304
9195,1432,round_start,0,1,T_a02bf5e9,0,0,0,5305
9196,1432,round_start,0,1,T_a02bf5e9,0,0,0,5306
9197,1432,round_start,240.04,2,T_5568bd9d,0,3,0,5306
9198,1432,round_start,0,1,T_a02bf5e9,0,0,0,5307
9201,1434,round_start,0,1,T_a02bf5e9,0,0,0,5309
9202,1434,round_start,502.26,2,T_5568bd9d,0,3,0,5309
9203,1434,round_start,0,1,T_8c03018b,0,0,2,5310
9204,1434,round_start,322.16,2,T_8c03018b,1,0,0,5310
9205,1434,round_start,663.47,3,T_8c03018b,1,1,1,5310
9207,1434,round_start,0,1,T_a02bf5e9,0,0,0,5312
9208,1420,round_start,0,1,T_a02bf5e9,0,0,0,5313
9209,1420,round_start,454.8,2,T_5568bd9d,0,3,0,5313
9210,1432,round_start,0,1,T_a02bf5e9,0,0,0,5314
9211,1432,round_start,0,1,T_a02bf5e9,0,0,0,5315
9212,1434,round_start,0,1,T_a02bf5e9,0,0,0,5316
9213,1434,round_start,454.8,2,T_5568bd9d,0,3,0,5316
9216,1435,round_start,0,1,T_67df9af7,0,0,0,5318
9217,1436,round_start,0,1,T_8c03018b,0,0,1,5319
9218,1436,round_start,320.51,2,T_8c03018b,0,1,2,5319
9219,1436,round_start,530.93,3,T_8c03018b,0,2,0,5319
9220,1436,round_start,0,1,T_8c03018b,0,0,2,5320
9221,1436,round_start,181.25,2,T_8c03018b,1,0,1,5320
9222,1436,round_start,481.37,3,T_8c03018b,1,1,0,5320
9223,1436,round_start,0,1,T_a02bf5e9,0,0,0,5321
9224,1436,round_start,0,1,T_a02bf5e9,0,0,0,5322
9225,1436,round_start,425.16,2,T_5568bd9d,0,3,0,5322
9226,1436,round_start,0,1,T_a02bf5e9,0,0,0,5323
9227,1437,round_start,0,1,T_8c03018b,0,0,1,5324
9228,1437,round_start,218.83,2,T_8c03018b,0,1,0,5324
9229,1437,round_start,557.71,3,T_8c03018b,0,2,2,5324
9230,1437,round_start,0,1,T_360e64d5,0,0,0,5325
9231,1437,round_start,407.74,2,T_ecb05279,0,3,0,5325
9232,1437,round_start,0,1,T_360e64d5,0,0,0,5326
9233,1437,round_start,292.62,2,T_ecb05279,0,3,0,5326
9234,1437,round_start,0,1,T_360e64d5,0,0,0,5327
9235,1437,round_start,0,1,T_360e64d5,0,0,0,5328
9236,1437,round_start,321.43,2,T_ecb05279,0,3,0,5328
9237,1438,round_start,0,1,T_8c03018b,0,0,2,5329
9238,1438,round_start,181.87,2,T_8c03018b,1,0,1,5329
9239,1438,round_start,474.1,3,T_8c03018b,2,0,0,5329
9240,1438,round_start,0,1,T_8c03018b,0,0,2,5330
9241,1438,round_start,352.03,2,T_8c03018b,1,0,0,5330
9242,1438,round_start,510.38,3,T_8c03018b,1,1,1,5330
9243,1438,round_start,0,1,T_a02bf5e9,0,0,0,5331
9244,1438,round_start,0,1,T_a02bf5e9,0,0,0,5332
9245,1438,round_start,0,1,T_a02bf5e9,0,0,0,5333
9246,1438,round_start,501.05,2,T_5568bd9d,0,3,0,5333
9247,1439,round_start,0,1,T_a02bf5e9,0,0,0,5334
9248,1439,round_start,398.64,2,T_5568bd9d,0,3,0,5334
9249,1439,round_start,0,1,T_a02bf5e9,0,0,0,5335
9250,1439,round_start,0,1,T_a02bf5e9,0,0,0,5336
9251,1439,round_start,400.07,2,T_5568bd9d,0,3,0,5336
9252,1439,round_start,0,1,T_a02bf5e9,0,0,0,5337
9253,1439,round_start,0,1,T_8c03018b,0,0,2,5338
9254,1439,round_start,268.67,2,T_8c03018b,1,0,1,5338
9255,1439,round_start,441.06,3,T_8c03018b,1,1,0,5338
9256,1440,round_start,0,1,T_8c03018b,0,0,0,5339
9257,1440,round_start,254.99,2,T_8c03018b,0,1,2,5339
9258,1440,round_start,550.59,3,T_8c03018b,1,1,1,5339
9259,1440,round_start,0,1,T_f40af949,0,0,0,5340
9260,1440,round_start,0,1,T_f40af949,0,0,0,5341
9261,1440,round_start,0,1,T_f40af949,0,0,0,5342
9262,1440,round_start,552.53,2,T_57756dd1,0,3,0,5342
9263,1440,round_start,0,1,T_f40af949,0,0,0,5343
9264,1440,round_start,0,1,T_f40af949,0,0,0,5344
9265,1440,round_start,467.82,2,T_57756dd1,0,3,0,5344
9266,1440,round_start,917.24,3,T_f40af949,3,3,0,5344
9267,1441,round_start,0,1,T_a02bf5e9,0,0,0,5345
9268,1441,round_start,307.57,2,T_5568bd9d,0,3,0,5345
9269,1441,round_start,0,1,T_8c03018b,0,0,2,5346
9270,1441,round_start,313.3,2,T_8c03018b,0,1,0,5346
9271,1441,round_start,641.27,3,T_8c03018b,0,2,1,5346
9272,1441,round_start,0,1,T_a02bf5e9,0,0,0,5347
9273,1441,round_start,0,1,T_8c03018b,0,0,2,5348
9274,1441,round_start,313.3,2,T_8c03018b,0,1,0,5348
9275,1441,round_start,641.27,3,T_8c03018b,0,2,1,5348
9276,1441,round_start,0,1,T_8c03018b,0,0,2,5349
9277,1441,round_start,313.3,2,T_8c03018b,0,1,0,5349
9278,1441,round_start,641.27,3,T_8c03018b,0,2,1,5349
9279,1441,round_start,0,1,T_a02bf5e9,0,0,0,5350
9282,1442,round_start,0,1,T_8c03018b,0,0,0,5352
9283,1442,round_start,240.98,2,T_8c03018b,0,1,2,5352
9284,1442,round_start,407.5,3,T_8c03018b,1,1,1,5352
9285,1442,round_start,0,1,T_a02bf5e9,0,0,0,5353
9286,1442,round_start,256.05,2,T_5568bd9d,0,3,0,5353
9287,1442,round_start,0,1,T_a02bf5e9,0,0,0,5354
9288,1442,round_start,255.2,2,T_5568bd9d,0,3,0,5354
9289,1442,round_start,0,1,T_a02bf5e9,0,0,0,5355
9290,1442,round_start,0,1,T_a02bf5e9,0,0,0,5356
9291,1442,round_start,0,1,T_a02bf5e9,0,0,0,5357
9292,1442,round_start,390.13,2,T_5568bd9d,0,3,0,5357
9293,1443,round_start,0,1,T_8c03018b,0,0,0,5358
9294,1443,round_start,274.46,2,T_8c03018b,0,1,2,5358
9295,1443,round_start,569.74,3,T_8c03018b,0,2,1,5358
9296,1443,round_start,0,1,T_a02bf5e9,0,0,0,5359
9297,1443,round_start,523.39,2,T_5568bd9d,0,3,0,5359
9298,1443,round_start,0,1,T_a02bf5e9,0,0,0,5360
9299,1443,round_start,523.39,2,T_5568bd9d,0,3,0,5360
9300,1443,round_start,0,1,T_a02bf5e9,0,0,0,5361
9301,1443,round_start,488.56,2,T_5568bd9d,0,3,0,5361
9302,1443,round_start,0,1,T_a02bf5e9,0,0,0,5362
9303,1443,round_start,414.51,2,T_5568bd9d,0,3,0,5362
9304,1443,round_start,0,1,T_a02bf5e9,0,0,0,5363
9305,1443,round_start,0,1,T_a02bf5e9,0,0,0,5364
9306,1443,round_start,509.28,2,T_5568bd9d,0,3,0,5364
9335,1448,round_start,0,1,T_356d3903,0,0,0,5380
9336,1445,round_start,0,1,T_dfa2d504,0,0,0,5381
9337,1445,round_start,263.48,2,T_496df5f2,0,3,0,5381
9343,1449,round_start,0,1,T_7e55086c,0,0,0,5384
9344,1449,round_start,0,1,T_7e55086c,0,0,0,5385
9345,1449,round_start,298.47,2,T_e49a88c8,0,3,0,5385
9346,1449,round_start,756.21,3,T_e49a88c8,3,3,0,5385
9347,1450,round_start,0,1,T_8c03018b,0,0,1,5386
9348,1450,round_start,333.75,2,T_8c03018b,0,1,2,5386
9349,1450,round_start,554.59,3,T_8c03018b,0,2,0,5386
9353,1450,round_start,0,1,T_9998ee2f,0,0,0,5389
9354,1450,round_start,431.96,2,T_e49a88c8,0,3,0,5389
9355,1450,round_start,0,1,T_9998ee2f,0,0,0,5390
9356,1450,round_start,0,1,T_8c03018b,0,0,1,5391
9357,1450,round_start,247.56,2,T_8c03018b,0,1,0,5391
9358,1450,round_start,468.82,3,T_8c03018b,1,1,2,5391
9359,1451,round_start,0,1,T_8c03018b,0,0,0,5392
9360,1451,round_start,340.87,2,T_8c03018b,0,1,1,5392
9361,1451,round_start,633.63,3,T_8c03018b,1,1,2,5392
9362,1451,round_start,0,1,T_a02bf5e9,0,0,0,5393
9363,1451,round_start,0,1,T_a02bf5e9,0,0,0,5394
9364,1451,round_start,513.84,2,T_1699ed97,0,3,0,5394
9365,1451,round_start,1025.5,3,T_a02bf5e9,3,3,0,5394
9367,1451,round_start,0,1,T_a02bf5e9,0,0,0,5396
9368,1451,round_start,532.87,2,T_1699ed97,0,3,0,5396
9369,1451,round_start,0,1,T_a02bf5e9,0,0,0,5397
9370,1452,round_start,0,1,T_8c03018b,0,0,0,5398
9371,1452,round_start,308.62,2,T_8c03018b,0,1,2,5398
9372,1452,round_start,540.55,3,T_8c03018b,0,2,1,5398
9373,1452,round_start,0,1,T_a02bf5e9,0,0,0,5399
9374,1452,round_start,462.23,2,T_5568bd9d,0,3,0,5399
9375,1452,round_start,0,1,T_a02bf5e9,0,0,0,5400
9376,1452,round_start,0,1,T_a02bf5e9,0,0,0,5401
9377,1452,round_start,395.14,2,T_5568bd9d,0,3,0,5401
9378,1452,round_start,0,1,T_a02bf5e9,0,0,0,5402
9379,1452,round_start,0,1,T_a02bf5e9,0,0,0,5403
9380,1452,round_start,312.75,2,T_5568bd9d,0,3,0,5403
9383,1453,round_start,0,1,T_8c03018b,0,0,0,5405
9384,1453,round_start,193.2,2,T_8c03018b,1,0,1,5405
9385,1453,round_start,478.41,3,T_8c03018b,1,1,2,5405
9386,1453,round_start,0,1,T_a02bf5e9,0,0,0,5406
9387,1453,round_start,480.22,2,T_1699ed97,0,3,0,5406
9388,1453,round_start,0,1,T_a02bf5e9,0,0,0,5407
9389,1453,round_start,370.2,2,T_1699ed97,0,3,0,5407
9390,1453,round_start,650.49,3,T_a02bf5e9,3,3,0,5407
9391,1453,round_start,0,1,T_a02bf5e9,0,0,0,5408
9392,1453,round_start,0,1,T_a02bf5e9,0,0,0,5409
9393,1453,round_start,0,1,T_a02bf5e9,0,0,0,5410
9394,1453,round_start,386.25,2,T_1699ed97,0,3,0,5410
9395,1454,round_start,0,1,T_8c03018b,0,0,1,5411
9396,1454,round_start,208.19,2,T_8c03018b,1,0,2,5411
9397,1454,round_start,431.17,3,T_8c03018b,1,1,0,5411
9398,1455,round_start,0,1,T_8c03018b,0,0,1,5412
9399,1455,round_start,246.17,2,T_8c03018b,0,1,0,5412
9400,1455,round_start,525.7,3,T_8c03018b,1,1,2,5412
9401,1455,round_start,0,1,T_a02bf5e9,0,0,0,5413
9402,1455,round_start,506.27,2,T_5568bd9d,0,3,0,5413
9405,1455,round_start,0,1,T_a02bf5e9,0,0,0,5416
9408,1456,round_start,0,1,T_a02bf5e9,0,0,0,5419
9409,1457,round_start,0,1,T_73334c8f,0,0,0,5420
9410,1455,round_start,0,1,T_a02bf5e9,0,0,0,5421
9411,1455,round_start,423.76,2,T_5568bd9d,0,3,0,5421
9412,1458,round_start,0,1,T_8c03018b,0,0,0,5422
9413,1458,round_start,194.4,2,T_8c03018b,0,1,1,5422
9414,1458,round_start,472.15,3,T_8c03018b,1,1,2,5422
9415,1458,round_start,0,1,T_a02bf5e9,0,0,0,5423
9416,1458,round_start,501.69,2,T_5568bd9d,0,3,0,5423
9417,1458,round_start,0,1,T_a02bf5e9,0,0,0,5424
9418,1458,round_start,537.44,2,T_5568bd9d,0,3,0,5424
9419,1458,round_start,961.22,3,T_a02bf5e9,3,3,0,5424
9420,1458,round_start,0,1,T_a02bf5e9,0,0,0,5425
9421,1458,round_start,0,1,T_a02bf5e9,0,0,0,5426
9422,1459,round_start,0,1,T_8c03018b,0,0,1,5427
9423,1459,round_start,322.5,2,T_8c03018b,0,1,0,5427
9424,1459,round_start,522.15,3,T_8c03018b,0,2,2,5427
9425,1459,round_start,0,1,T_a02bf5e9,0,0,0,5428
9426,1459,round_start,525.2,2,T_5568bd9d,0,3,0,5428
9429,1459,round_start,0,1,T_a02bf5e9,0,0,0,5431
9430,1459,round_start,409.68,2,T_5568bd9d,0,3,0,5431
9434,1461,round_start,0,1,T_8c03018b,0,0,1,5433
9435,1461,round_start,322.5,2,T_8c03018b,0,1,0,5433
9436,1461,round_start,522.15,3,T_8c03018b,0,2,2,5433
9437,1461,round_start,0,1,T_a02bf5e9,0,0,0,5434
9438,1461,round_start,525.2,2,T_5568bd9d,0,3,0,5434
9439,1461,round_start,0,1,T_a02bf5e9,0,0,0,5435
9441,1461,round_start,0,1,T_a02bf5e9,0,0,0,5437
9442,1461,round_start,409.68,2,T_5568bd9d,0,3,0,5437
9443,1461,round_start,0,1,T_a02bf5e9,0,0,0,5438
9444,1462,round_start,0,1,T_8c03018b,0,0,0,5439
9445,1462,round_start,254.03,2,T_8c03018b,0,1,1,5439
9446,1462,round_start,484.27,3,T_8c03018b,0,2,2,5439
9447,1462,round_start,0,1,T_a02bf5e9,0,0,0,5440
9448,1462,round_start,514.85,2,T_5568bd9d,0,3,0,5440
9450,1462,round_start,0,1,T_a02bf5e9,0,0,0,5442
9451,1462,round_start,245.05,2,T_5568bd9d,0,3,0,5442
9452,1462,round_start,0,1,T_a02bf5e9,0,0,0,5443
9453,1462,round_start,0,1,T_8c03018b,0,0,1,5444
9454,1462,round_start,207.64,2,T_8c03018b,0,1,0,5444
9455,1462,round_start,575.71,3,T_8c03018b,1,1,2,5444
9456,1462,round_start,0,1,T_a02bf5e9,0,0,0,5445
9460,1464,round_start,0,1,T_8c03018b,0,0,0,5447
9461,1464,round_start,247.48,2,T_8c03018b,1,0,2,5447
9462,1464,round_start,406.06,3,T_8c03018b,2,0,1,5447
9465,1464,round_start,0,1,T_f8574642,0,0,0,5449
9466,1464,round_start,255.65,2,T_d6f0c499,0,3,0,5449
9467,1464,round_start,0,1,T_7611e5d7,0,0,0,5450
9468,1464,round_start,281.06,2,T_b55b70a5,0,3,0,5450
9469,1464,round_start,0,1,T_7611e5d7,0,0,0,5451
9470,1464,round_start,0,1,T_7611e5d7,0,0,0,5452
9471,1465,round_start,0,1,T_8c03018b,0,0,2,5453
9472,1465,round_start,282.81,2,T_8c03018b,1,0,1,5453
9473,1465,round_start,577.79,3,T_8c03018b,1,1,0,5453
9474,1465,round_start,0,1,T_a02bf5e9,0,0,0,5454
9475,1465,round_start,416.97,2,T_5568bd9d,0,3,0,5454
9476,1466,round_start,0,1,T_a02bf5e9,0,0,0,5455
9477,1466,round_start,452.58,2,T_5568bd9d,0,3,0,5455
9478,1466,round_start,818.12,3,T_a02bf5e9,3,3,0,5455
9479,1465,round_start,0,1,T_a02bf5e9,0,0,0,5456
9480,1465,round_start,475.81,2,T_5568bd9d,0,3,0,5456
9481,1465,round_start,0,1,T_a02bf5e9,0,0,0,5457
9485,1466,round_start,0,1,T_a02bf5e9,0,0,0,5460
9486,1466,round_start,0,1,T_a02bf5e9,0,0,0,5461
9487,1466,round_start,0,1,T_8c03018b,0,0,0,5462
9488,1466,round_start,218.61,2,T_8c03018b,1,0,2,5462
9489,1466,round_start,396.92,3,T_8c03018b,2,0,1,5462
9493,1467,round_start,0,1,T_a02bf5e9,0,0,0,5464
9494,1467,round_start,253.85,2,T_5568bd9d,0,3,0,5464
9495,1467,round_start,0,1,T_a02bf5e9,0,0,0,5465
9496,1473,round_start,0,1,T_8c03018b,0,0,1,5466
9497,1473,round_start,301.46,2,T_8c03018b,1,0,2,5466
9498,1473,round_start,573.18,3,T_8c03018b,2,0,0,5466
9506,1473,round_start,0,1,T_a02bf5e9,0,0,0,5470
9507,1473,round_start,402.83,2,T_5568bd9d,0,3,0,5470
9508,1473,round_start,0,1,T_a02bf5e9,0,0,0,5471
9509,1473,round_start,480.18,2,T_5568bd9d,0,3,0,5471
9510,1473,round_start,0,1,T_a02bf5e9,0,0,0,5472
9520,1473,round_start,0,1,T_a02bf5e9,0,0,0,5482
9521,1474,round_start,0,1,T_8c03018b,0,0,0,5483
9522,1474,round_start,332.91,2,T_8c03018b,1,0,1,5483
9523,1474,round_start,628.41,3,T_8c03018b,2,0,2,5483
9524,1474,round_start,0,1,T_a02bf5e9,0,0,0,5484
9525,1474,round_start,369.64,2,T_5568bd9d,0,3,0,5484
9526,1474,round_start,0,1,T_a02bf5e9,0,0,0,5485
9527,1474,round_start,321.78,2,T_5568bd9d,0,3,0,5485
9528,1474,round_start,0,1,T_a02bf5e9,0,0,0,5486
9529,1474,round_start,0,1,T_a02bf5e9,0,0,0,5487
9530,1475,round_start,0,1,T_8c03018b,0,0,0,5488
9531,1475,round_start,343.92,2,T_8c03018b,0,1,1,5488
9532,1475,round_start,585.83,3,T_8c03018b,1,1,2,5488
9533,1475,round_start,0,1,T_a02bf5e9,0,0,0,5489
9534,1475,round_start,264.27,2,T_5568bd9d,0,3,0,5489
9535,1475,round_start,0,1,T_a02bf5e9,0,0,0,5490
9536,1475,round_start,486.4,2,T_5568bd9d,0,3,0,5490
9537,1475,round_start,855.12,3,T_5568bd9d,3,3,0,5490
9538,1475,round_start,0,1,T_a02bf5e9,0,0,0,5491
9539,1475,round_start,0,1,T_a02bf5e9,0,0,0,5492
9540,1475,round_start,0,1,T_a02bf5e9,0,0,0,5493
9541,1475,round_start,422.82,2,T_5568bd9d,0,3,0,5493
9542,1476,round_start,0,1,T_8c03018b,0,0,1,5494
9543,1476,round_start,224.82,2,T_8c03018b,1,0,2,5494
9544,1476,round_start,520.04,3,T_8c03018b,1,1,0,5494
9545,1476,round_start,0,1,T_a02bf5e9,0,0,0,5495
9546,1476,round_start,0,1,T_a02bf5e9,0,0,0,5496
9549,1477,round_start,0,1,T_8c03018b,0,0,2,5498
9550,1477,round_start,247.39,2,T_8c03018b,0,1,1,5498
9551,1477,round_start,535.52,3,T_8c03018b,1,1,0,5498
9552,1478,round_start,0,1,T_8c03018b,0,0,2,5499
9553,1478,round_start,247.39,2,T_8c03018b,0,1,1,5499
9554,1478,round_start,535.52,3,T_8c03018b,1,1,0,5499
9555,1479,round_start,0,1,T_a02bf5e9,0,0,0,5500
9556,1479,round_start,268.43,2,T_1699ed97,0,3,0,5500
9557,1479,round_start,0,1,T_a02bf5e9,0,0,0,5501
9558,1479,round_start,0,1,T_a02bf5e9,0,0,0,5502
9559,1479,round_start,329.99,2,T_1699ed97,0,3,0,5502
9560,1479,round_start,0,1,T_8c03018b,0,0,2,5503
9561,1479,round_start,247.39,2,T_8c03018b,0,1,1,5503
9562,1479,round_start,535.52,3,T_8c03018b,1,1,0,5503
9563,1476,round_start,0,1,T_a02bf5e9,0,0,0,5504
9564,1476,round_start,0,1,T_a02bf5e9,0,0,0,5505
9565,1476,round_start,260.19,2,T_5568bd9d,0,3,0,5505
9569,1481,round_start,0,1,T_8c03018b,0,0,2,5507
9570,1481,round_start,262.35,2,T_8c03018b,1,0,0,5507
9571,1481,round_start,531.53,3,T_8c03018b,2,0,1,5507
9572,1481,round_start,0,1,T_a02bf5e9,0,0,0,5508
9573,1481,round_start,501.13,2,T_5568bd9d,0,3,0,5508
9574,1481,round_start,0,1,T_a02bf5e9,0,0,0,5509
9575,1481,round_start,0,1,T_a02bf5e9,0,0,0,5510
9576,1481,round_start,248.36,2,T_5568bd9d,0,3,0,5510
9577,1481,round_start,0,1,T_a02bf5e9,0,0,0,5511
9578,1481,round_start,0,1,T_8c03018b,0,0,0,5512
9579,1481,round_start,255.95,2,T_8c03018b,0,1,1,5512
9580,1481,round_start,566.51,3,T_8c03018b,1,1,2,5512
9581,1481,round_start,0,1,T_a02bf5e9,0,0,0,5513
9582,1481,round_start,248.36,2,T_5568bd9d,0,3,0,5513
9586,1485,round_start,0,1,T_a02bf5e9,0,0,0,5516
9587,1485,round_start,503.48,2,T_5568bd9d,0,3,0,5516
9591,1485,round_start,0,1,T_8c03018b,0,0,1,5519
9592,1485,round_start,214.17,2,T_8c03018b,0,1,0,5519
9593,1485,round_start,375.56,3,T_8c03018b,0,2,2,5519
9594,1485,round_start,0,1,T_a02bf5e9,0,0,0,5520
6701,1013,round_start,0,1,T_a02bf5e9,0,0,2,
9595,1486,round_start,0,1,T_8c03018b,0,0,2,5521
9596,1486,round_start,233.14,2,T_8c03018b,1,0,0,5521
9597,1486,round_start,562.7,3,T_8c03018b,2,0,1,5521
9598,1486,round_start,0,1,T_a02bf5e9,0,0,0,5522
9599,1486,round_start,421.23,2,T_5568bd9d,0,3,0,5522
9600,1486,round_start,0,1,T_a02bf5e9,0,0,0,5523
9601,1486,round_start,0,1,T_a02bf5e9,0,0,0,5524
9602,1486,round_start,279.95,2,T_5568bd9d,0,3,0,5524
9603,1486,round_start,758.64,3,T_5568bd9d,3,3,0,5524
9604,1486,round_start,0,1,T_a02bf5e9,0,0,0,5525
9605,1486,round_start,0,1,T_8c03018b,0,0,2,5526
9606,1486,round_start,322.62,2,T_8c03018b,0,1,0,5526
9607,1486,round_start,480.68,3,T_8c03018b,0,2,1,5526
9609,1487,round_start,0,1,T_8c03018b,0,0,0,5528
9610,1487,round_start,258.28,2,T_8c03018b,1,0,2,5528
9611,1487,round_start,430.7,3,T_8c03018b,2,0,1,5528
9612,1487,round_start,0,1,T_a02bf5e9,0,0,0,5529
9613,1487,round_start,390.17,2,T_5568bd9d,0,3,0,5529
9614,1487,round_start,0,1,T_a02bf5e9,0,0,0,5530
9615,1487,round_start,0,1,T_a02bf5e9,0,0,0,5531
9616,1487,round_start,0,1,T_a02bf5e9,0,0,0,5532
9617,1487,round_start,261.88,2,T_5568bd9d,0,3,0,5532
9618,1488,round_start,0,1,T_8c03018b,0,0,2,5533
9619,1488,round_start,211.72,2,T_8c03018b,1,0,0,5533
9620,1488,round_start,481.95,3,T_8c03018b,1,1,1,5533
9623,1490,round_start,0,1,T_a02bf5e9,0,0,0,5535
9624,1490,round_start,411.7,2,T_5568bd9d,0,3,0,5535
9625,1490,round_start,0,1,T_a02bf5e9,0,0,0,5536
9626,1490,round_start,0,1,T_a02bf5e9,0,0,0,5537
9627,1490,round_start,240.04,2,T_5568bd9d,0,3,0,5537
9628,1490,round_start,0,1,T_8c03018b,0,0,0,5538
9629,1490,round_start,211.43,2,T_8c03018b,1,0,1,5538
9630,1490,round_start,527.8,3,T_8c03018b,2,0,2,5538
9631,1490,round_start,0,1,T_a02bf5e9,0,0,0,5539
9635,1492,round_start,0,1,T_8c03018b,0,0,1,5541
9636,1492,round_start,304.53,2,T_8c03018b,1,0,2,5541
9637,1492,round_start,566.89,3,T_8c03018b,1,1,0,5541
9638,1492,round_start,0,1,T_a02bf5e9,0,0,0,5542
9639,1492,round_start,489.29,2,T_5568bd9d,0,3,0,5542
9640,1492,round_start,0,1,T_a02bf5e9,0,0,0,5543
9641,1492,round_start,0,1,T_a02bf5e9,0,0,0,5544
9642,1492,round_start,0,1,T_a02bf5e9,0,0,0,5545
9644,1493,round_start,0,1,T_8c03018b,0,0,0,5547
9645,1493,round_start,207.1,2,T_8c03018b,1,0,2,5547
9646,1493,round_start,557.49,3,T_8c03018b,1,1,1,5547
9647,1493,round_start,0,1,T_a02bf5e9,0,0,0,5548
9648,1493,round_start,424.96,2,T_5568bd9d,0,3,0,5548
9649,1493,round_start,0,1,T_a02bf5e9,0,0,0,5549
9650,1493,round_start,257.55,2,T_5568bd9d,0,3,0,5549
9651,1493,round_start,0,1,T_a02bf5e9,0,0,0,5550
9652,1493,round_start,0,1,T_a02bf5e9,0,0,0,5551
9653,1493,round_start,0,1,T_a02bf5e9,0,0,0,5552
9654,1493,round_start,257.55,2,T_5568bd9d,0,3,0,5552
6728,1022,round_start,271.05,2,T_8c03018b,0,1,0,
6729,1022,round_start,545.94,3,T_8c03018b,0,2,1,
6708,1014,round_start,841.34,4,T_5568bd9d,3,3,0,
9658,1496,round_start,0,1,T_a02bf5e9,0,0,0,5554
9659,1496,round_start,0,1,T_a02bf5e9,0,0,0,5555
9660,1496,round_start,502.98,2,T_5568bd9d,0,3,0,5555
9661,1496,round_start,0,1,T_8c03018b,0,0,1,5556
9662,1496,round_start,258.19,2,T_8c03018b,0,1,0,5556
9663,1496,round_start,465.77,3,T_8c03018b,1,1,2,5556
9664,1496,round_start,0,1,T_a02bf5e9,0,0,0,5557
9665,1496,round_start,480.21,2,T_5568bd9d,0,3,0,5557
9666,1498,round_start,0,1,T_8c03018b,0,0,2,5558
9667,1498,round_start,305.07,2,T_8c03018b,1,0,1,5558
9668,1498,round_start,527.61,3,T_8c03018b,1,1,0,5558
9669,1498,round_start,0,1,T_a02bf5e9,0,0,0,5559
9670,1498,round_start,418.45,2,T_5568bd9d,0,3,0,5559
9671,1498,round_start,0,1,T_a02bf5e9,0,0,0,5560
9672,1498,round_start,0,1,T_a02bf5e9,0,0,0,5561
9673,1498,round_start,498.89,2,T_5568bd9d,0,3,0,5561
9674,1498,round_start,0,1,T_a02bf5e9,0,0,0,5562
9675,1498,round_start,0,1,T_8c03018b,0,0,0,5563
9676,1498,round_start,234.66,2,T_8c03018b,0,1,1,5563
9677,1498,round_start,570.39,3,T_8c03018b,0,2,2,5563
9684,1499,round_start,0,1,T_a02bf5e9,0,0,0,5567
9685,1499,round_start,0,1,T_a02bf5e9,0,0,0,5568
9686,1499,round_start,499.44,2,T_5568bd9d,0,3,0,5568
9688,1500,round_start,0,1,T_8c03018b,0,0,1,5570
9689,1500,round_start,268.35,2,T_8c03018b,0,1,2,5570
9690,1500,round_start,520.59,3,T_8c03018b,0,2,0,5570
9691,1500,round_start,0,1,T_a02bf5e9,0,0,0,5571
9692,1500,round_start,481.79,2,T_5568bd9d,0,3,0,5571
9693,1500,round_start,759.78,3,T_5568bd9d,3,3,0,5571
9694,1500,round_start,0,1,T_a02bf5e9,0,0,0,5572
9695,1500,round_start,591.19,2,T_5568bd9d,0,3,0,5572
9696,1500,round_start,0,1,T_a02bf5e9,0,0,0,5573
9698,1500,round_start,0,1,T_8c03018b,0,0,1,5575
9699,1500,round_start,181.68,2,T_8c03018b,0,1,0,5575
9700,1500,round_start,351.66,3,T_8c03018b,0,2,2,5575
9701,1501,round_start,0,1,T_a02bf5e9,0,0,0,5576
9704,1501,round_start,0,1,T_a02bf5e9,0,0,0,5578
9705,1501,round_start,412.19,2,T_5568bd9d,0,3,0,5578
9706,1501,round_start,0,1,T_a02bf5e9,0,0,0,5579
9707,1501,round_start,0,1,T_8c03018b,0,0,2,5580
9708,1501,round_start,288.73,2,T_8c03018b,0,1,0,5580
9709,1501,round_start,585.16,3,T_8c03018b,0,2,1,5580
9710,1501,round_start,0,1,T_a02bf5e9,0,0,0,5581
9711,1501,round_start,248.78,2,T_5568bd9d,0,3,0,5581
9718,1502,round_start,0,1,T_a02bf5e9,0,0,0,5585
9719,1502,round_start,485.19,2,T_1699ed97,0,3,0,5585
9720,1502,round_start,0,1,T_a02bf5e9,0,0,0,5586
9721,1503,round_start,0,1,T_8c03018b,0,0,2,5587
9722,1503,round_start,236.93,2,T_8c03018b,0,1,0,5587
9723,1503,round_start,509.96,3,T_8c03018b,0,2,1,5587
9724,1503,round_start,0,1,T_e92a712e,0,0,0,5588
9725,1503,round_start,503.19,2,T_915af013,0,3,0,5588
9726,1503,round_start,0,1,T_e92a712e,0,0,0,5589
9727,1503,round_start,424.92,2,T_915af013,0,3,0,5589
9728,1503,round_start,0,1,T_e92a712e,0,0,0,5590
9729,1503,round_start,424.92,2,T_915af013,0,3,0,5590
9730,1503,round_start,0,1,T_e92a712e,0,0,0,5591
9731,1503,round_start,0,1,T_e92a712e,0,0,0,5592
9732,1504,round_start,0,1,T_8c03018b,0,0,1,5593
9733,1504,round_start,377.27,2,T_8c03018b,0,1,0,5593
9734,1504,round_start,674.3,3,T_8c03018b,1,1,2,5593
9735,1504,round_start,0,1,T_a02bf5e9,0,0,0,5594
9736,1504,round_start,425.91,2,T_5568bd9d,0,3,0,5594
9739,1504,round_start,0,1,T_a02bf5e9,0,0,0,5596
9740,1504,round_start,418.68,2,T_5568bd9d,0,3,0,5596
9741,1504,round_start,0,1,T_a02bf5e9,0,0,0,5597
9742,1504,round_start,0,1,T_a02bf5e9,0,0,0,5598
9743,1504,round_start,0,1,T_a02bf5e9,0,0,0,5599
9744,1504,round_start,0,1,T_a02bf5e9,0,0,0,5600
9745,1504,round_start,0,1,T_a02bf5e9,0,0,0,5601
9746,1504,round_start,497.83,2,T_5568bd9d,0,3,0,5601
9747,1504,round_start,0,1,T_a02bf5e9,0,0,0,5602
9748,1504,round_start,0,1,T_a02bf5e9,0,0,0,5603
9762,1506,round_start,0,1,T_8c03018b,0,0,2,5612
9763,1506,round_start,183.86,2,T_8c03018b,1,0,1,5612
9764,1506,round_start,490.18,3,T_8c03018b,2,0,0,5612
9765,1506,round_start,0,1,T_a02bf5e9,0,0,0,5613
9766,1506,round_start,518.64,2,T_5568bd9d,0,3,0,5613
9767,1506,round_start,0,1,T_a02bf5e9,0,0,0,5614
9768,1506,round_start,0,1,T_a02bf5e9,0,0,0,5615
9769,1506,round_start,493.21,2,T_5568bd9d,0,3,0,5615
9770,1506,round_start,0,1,T_a02bf5e9,0,0,0,5616
9775,1503,round_start,0,1,T_e92a712e,0,0,0,5620
9776,1503,round_start,424.92,2,T_915af013,0,3,0,5620
9777,1507,round_start,0,1,T_8c03018b,0,0,1,5621
9778,1507,round_start,263.15,2,T_8c03018b,0,1,2,5621
9779,1507,round_start,542.49,3,T_8c03018b,0,2,0,5621
9780,1507,round_start,0,1,T_1966ca27,0,0,0,5622
9781,1507,round_start,0,1,T_1966ca27,0,0,0,5623
9782,1507,round_start,386.02,2,T_0d0b6c05,0,3,0,5623
9783,1507,round_start,0,1,T_1966ca27,0,0,0,5624
9784,1507,round_start,325.92,2,T_0d0b6c05,0,3,0,5624
9785,1507,round_start,0,1,T_1966ca27,0,0,0,5625
9786,1507,round_start,0,1,T_1966ca27,0,0,0,5626
9787,1508,round_start,0,1,T_a02bf5e9,0,0,0,5627
9788,1508,round_start,390.06,2,T_5568bd9d,0,1,0,5627
9789,1508,round_start,0,1,T_8c03018b,0,0,0,5628
9790,1508,round_start,250.25,2,T_8c03018b,1,0,2,5628
9791,1508,round_start,450.84,3,T_8c03018b,2,0,1,5628
9795,1509,round_start,0,1,T_a02bf5e9,0,0,0,5630
9796,1509,round_start,314.41,2,T_5568bd9d,0,3,0,5630
9797,1509,round_start,0,1,T_a02bf5e9,0,0,0,5631
9798,1509,round_start,314.41,2,T_5568bd9d,0,3,0,5631
9799,1509,round_start,0,1,T_a02bf5e9,0,0,0,5632
9800,1509,round_start,440.39,2,T_5568bd9d,0,3,0,5632
9801,1509,round_start,0,1,T_a02bf5e9,0,0,0,5633
9802,1509,round_start,0,1,T_a02bf5e9,0,0,0,5634
9803,1510,round_start,0,1,T_8c03018b,0,0,1,5635
9804,1510,round_start,341.92,2,T_8c03018b,0,1,2,5635
9805,1510,round_start,634.09,3,T_8c03018b,1,1,0,5635
9814,1510,round_start,0,1,T_a02bf5e9,0,0,0,5640
9815,1510,round_start,241.78,2,T_5568bd9d,0,3,0,5640
9822,1510,round_start,0,1,T_a02bf5e9,0,0,0,5644
9823,1510,round_start,480.2,2,T_5568bd9d,0,3,0,5644
9824,1510,round_start,0,1,T_a02bf5e9,0,0,0,5645
9825,1510,round_start,0,1,T_a02bf5e9,0,0,0,5646
9826,1511,round_start,0,1,T_8c03018b,0,0,0,5647
9827,1511,round_start,316.79,2,T_8c03018b,0,1,1,5647
9828,1511,round_start,619.93,3,T_8c03018b,0,2,2,5647
9829,1511,round_start,0,1,T_a02bf5e9,0,0,0,5648
9830,1511,round_start,280.16,2,T_1699ed97,0,3,0,5648
9831,1511,round_start,0,1,T_a02bf5e9,0,0,0,5649
9832,1511,round_start,0,1,T_a02bf5e9,0,0,0,5650
9833,1511,round_start,473.25,2,T_1699ed97,0,3,0,5650
9834,1511,round_start,1018.01,3,T_1699ed97,3,3,0,5650
9835,1511,round_start,0,1,T_a02bf5e9,0,0,0,5651
9836,1509,round_start,0,1,T_8c03018b,0,0,2,5652
9837,1509,round_start,245.16,2,T_8c03018b,1,0,1,5652
9838,1509,round_start,579.42,3,T_8c03018b,2,0,0,5652
9839,1512,round_start,0,1,T_8c03018b,0,0,0,5653
9840,1512,round_start,326.43,2,T_8c03018b,0,1,1,5653
9841,1512,round_start,642.25,3,T_8c03018b,1,1,2,5653
9842,1512,round_start,0,1,T_a02bf5e9,0,0,0,5654
9843,1512,round_start,425.19,2,T_5568bd9d,0,3,0,5654
9844,1512,round_start,847.77,3,T_a02bf5e9,3,3,0,5654
9845,1512,round_start,0,1,T_a02bf5e9,0,0,0,5655
9846,1512,round_start,0,1,T_a02bf5e9,0,0,0,5656
9847,1512,round_start,496.94,2,T_5568bd9d,0,3,0,5656
9848,1512,round_start,0,1,T_a02bf5e9,0,0,0,5657
9849,1512,round_start,0,1,T_8c03018b,0,0,2,5658
9850,1512,round_start,283.82,2,T_8c03018b,0,1,1,5658
9851,1514,round_start,0,1,T_8c03018b,0,0,1,5659
9852,1514,round_start,312.88,2,T_8c03018b,1,0,2,5659
9853,1514,round_start,480.61,3,T_8c03018b,1,1,0,5659
9854,1514,round_start,0,1,T_a02bf5e9,0,0,0,5660
9855,1514,round_start,528.2,2,T_5568bd9d,0,3,0,5660
9856,1514,round_start,0,1,T_a02bf5e9,0,0,0,5661
9857,1514,round_start,0,1,T_a02bf5e9,0,0,0,5662
9858,1514,round_start,473.37,2,T_5568bd9d,0,3,0,5662
9859,1514,round_start,0,1,T_a02bf5e9,0,0,0,5663
9860,1514,round_start,306.21,2,T_5568bd9d,0,3,0,5663
6766,1026,round_start,0,1,T_8c03018b,0,0,1,
6767,1026,round_start,302.8,2,T_8c03018b,1,0,0,
6768,1026,round_start,617.04,3,T_8c03018b,2,0,2,
9872,1520,round_start,0,1,T_8c03018b,0,0,1,5670
9873,1520,round_start,184.21,2,T_8c03018b,0,1,2,5670
9874,1520,round_start,340.7,3,T_8c03018b,0,2,0,5670
9875,1520,round_start,0,1,T_a02bf5e9,0,0,0,5671
9876,1520,round_start,436.04,2,T_5568bd9d,0,3,0,5671
9877,1520,round_start,0,1,T_a02bf5e9,0,0,0,5672
9878,1520,round_start,517.66,2,T_5568bd9d,0,3,0,5672
9879,1521,round_start,0,1,T_8c03018b,0,0,1,5673
9880,1521,round_start,169.5,2,T_8c03018b,0,1,2,5673
9881,1521,round_start,336.42,3,T_8c03018b,0,2,0,5673
9882,1521,round_start,0,1,T_ec9e865f,0,0,0,5674
9883,1521,round_start,270.89,2,T_2493ae81,0,3,0,5674
9884,1521,round_start,0,1,T_ec9e865f,0,0,0,5675
9885,1521,round_start,341.46,2,T_2493ae81,0,3,0,5675
9886,1521,round_start,0,1,T_ec9e865f,0,0,0,5676
9887,1521,round_start,0,1,T_ec9e865f,0,0,0,5677
9888,1521,round_start,0,1,T_8c03018b,0,0,2,5678
9889,1521,round_start,217.73,2,T_8c03018b,1,0,1,5678
9890,1521,round_start,393.67,3,T_8c03018b,2,0,0,5678
9891,1520,round_start,0,1,T_a02bf5e9,0,0,0,5679
9892,1520,round_start,0,1,T_a02bf5e9,0,0,0,5680
9893,1520,round_start,0,1,T_8c03018b,0,0,1,5681
9894,1520,round_start,282.3,2,T_8c03018b,0,1,2,5681
9895,1520,round_start,444.71,3,T_8c03018b,0,2,0,5681
9916,1522,round_start,0,1,T_8c03018b,0,0,1,5693
9917,1522,round_start,242.62,2,T_8c03018b,0,1,2,5693
9918,1522,round_start,571.95,3,T_8c03018b,1,1,0,5693
9919,1522,round_start,0,1,T_70a2ca39,0,0,0,5694
9920,1522,round_start,537.12,2,T_96542ce3,0,3,0,5694
9921,1522,round_start,0,1,T_70a2ca39,0,0,0,5695
9922,1522,round_start,0,1,T_70a2ca39,0,0,0,5696
9923,1522,round_start,370.68,2,T_96542ce3,0,3,0,5696
9924,1522,round_start,0,1,T_70a2ca39,0,0,0,5697
9929,1523,round_start,0,1,T_8c03018b,0,0,0,5700
9930,1523,round_start,330.55,2,T_8c03018b,1,0,2,5700
9931,1523,round_start,493.73,3,T_8c03018b,1,1,1,5700
9932,1523,round_start,0,1,T_a02bf5e9,0,0,0,5701
9933,1523,round_start,505.39,2,T_5568bd9d,0,3,0,5701
9934,1523,round_start,0,1,T_a02bf5e9,0,0,0,5702
9959,1525,round_start,0,1,T_8c03018b,0,0,0,5714
9960,1525,round_start,239.8,2,T_8c03018b,0,1,2,5714
9961,1525,round_start,494.4,3,T_8c03018b,0,2,1,5714
9962,1525,round_start,0,1,T_a02bf5e9,0,0,0,5715
9963,1525,round_start,357.38,2,T_5568bd9d,0,3,0,5715
9964,1525,round_start,0,1,T_a02bf5e9,0,0,0,5716
9965,1525,round_start,0,1,T_a02bf5e9,0,0,0,5717
9966,1525,round_start,0,1,T_a02bf5e9,0,0,0,5718
9967,1525,round_start,429.45,2,T_5568bd9d,0,3,0,5718
9968,1525,round_start,0,1,T_8c03018b,0,0,0,5719
9969,1525,round_start,262.28,2,T_8c03018b,1,0,2,5719
9970,1525,round_start,538.23,3,T_8c03018b,2,0,1,5719
9971,1526,round_start,0,1,T_8c03018b,0,0,2,5720
9972,1526,round_start,178.78,2,T_8c03018b,1,0,1,5720
9973,1526,round_start,337.31,3,T_8c03018b,2,0,0,5720
9974,1526,round_start,0,1,T_033b8b16,0,0,0,5721
9975,1526,round_start,427.51,2,T_2493ae81,0,3,0,5721
9976,1526,round_start,0,1,T_033b8b16,0,0,0,5722
9977,1526,round_start,414.15,2,T_2493ae81,0,3,0,5722
9978,1526,round_start,0,1,T_033b8b16,0,0,0,5723
9979,1526,round_start,0,1,T_033b8b16,0,0,0,5724
9980,1526,round_start,0,1,T_033b8b16,0,0,0,5725
9981,1526,round_start,265.6,2,T_2493ae81,0,3,0,5725
9982,1527,round_start,0,1,T_a02bf5e9,0,0,0,5726
9983,1527,round_start,240.04,2,T_5568bd9d,0,0,0,5726
9984,1528,round_start,0,1,T_8c03018b,0,0,2,5727
9985,1528,round_start,293.24,2,T_8c03018b,1,0,0,5727
9986,1528,round_start,482.6,3,T_8c03018b,2,0,1,5727
9987,1529,round_start,0,1,T_8c03018b,0,0,2,5728
9988,1529,round_start,293.24,2,T_8c03018b,1,0,0,5728
9989,1529,round_start,482.6,3,T_8c03018b,2,0,1,5728
9990,1529,round_start,0,1,T_a02bf5e9,0,0,0,5729
9991,1529,round_start,256.51,2,T_5568bd9d,0,3,0,5729
9992,1529,round_start,0,1,T_a02bf5e9,0,0,0,5730
9993,1529,round_start,269.62,2,T_5568bd9d,0,3,0,5730
9994,1529,round_start,0,1,T_a02bf5e9,0,0,0,5731
9995,1529,round_start,269.62,2,T_5568bd9d,0,3,0,5731
9996,1529,round_start,0,1,T_a02bf5e9,0,0,0,5732
9997,1529,round_start,485.17,2,T_5568bd9d,0,3,0,5732
9998,1529,round_start,0,1,T_a02bf5e9,0,0,0,5733
10001,1529,round_start,0,1,T_a02bf5e9,0,0,0,5736
10002,1530,round_start,0,1,T_8c03018b,0,0,0,5737
10003,1530,round_start,186.69,2,T_8c03018b,1,0,1,5737
10004,1530,round_start,449.32,3,T_8c03018b,2,0,2,5737
10005,1530,round_start,0,1,T_a02bf5e9,0,0,0,5738
10006,1530,round_start,496.03,2,T_5568bd9d,0,3,0,5738
10009,1534,round_start,0,1,T_8c03018b,0,0,1,5741
10010,1534,round_start,247.43,2,T_8c03018b,0,1,0,5741
10011,1534,round_start,581.2,3,T_8c03018b,1,1,2,5741
10012,1534,round_start,0,1,T_a02bf5e9,0,0,0,5742
10013,1534,round_start,328.95,2,T_5568bd9d,0,3,0,5742
10014,1534,round_start,0,1,T_a02bf5e9,0,0,0,5743
10015,1534,round_start,0,1,T_a02bf5e9,0,0,0,5744
10016,1534,round_start,434.82,2,T_5568bd9d,0,3,0,5744
10017,1534,round_start,0,1,T_a02bf5e9,0,0,0,5745
10018,1534,round_start,0,1,T_8c03018b,0,0,2,5746
10019,1534,round_start,305.89,2,T_8c03018b,1,0,0,5746
10020,1534,round_start,572.42,3,T_8c03018b,1,1,1,5746
10021,1535,round_start,0,1,T_8c03018b,0,0,2,5747
10022,1535,round_start,253.77,2,T_8c03018b,1,0,1,5747
10023,1535,round_start,546.9,3,T_8c03018b,1,1,0,5747
10024,1535,round_start,0,1,T_a02bf5e9,0,0,0,5748
10025,1535,round_start,422.93,2,T_5568bd9d,0,3,0,5748
10026,1535,round_start,0,1,T_a02bf5e9,0,0,0,5749
10027,1535,round_start,0,1,T_a02bf5e9,0,0,0,5750
10028,1535,round_start,498.93,2,T_5568bd9d,0,3,0,5750
10030,1535,round_start,0,1,T_a02bf5e9,0,0,0,5752
10046,1537,round_start,0,1,T_a02bf5e9,0,0,0,5761
10047,1537,round_start,0,1,T_a02bf5e9,0,0,0,5762
10048,1537,round_start,0,1,T_a02bf5e9,0,0,0,5763
10049,1537,round_start,498.93,2,T_5568bd9d,0,3,0,5763
10050,1537,round_start,0,1,T_8c03018b,0,0,2,5764
10051,1537,round_start,253.77,2,T_8c03018b,1,0,1,5764
10052,1537,round_start,546.9,3,T_8c03018b,1,1,0,5764
10053,1537,round_start,0,1,T_a02bf5e9,0,0,0,5765
10054,1537,round_start,422.93,2,T_5568bd9d,0,3,0,5765
10055,1538,round_start,0,1,T_8c03018b,0,0,0,5766
10056,1538,round_start,248.04,2,T_8c03018b,1,0,1,5766
10057,1538,round_start,430.45,3,T_8c03018b,2,0,2,5766
10058,1539,round_start,0,1,T_8c03018b,0,0,0,5767
10059,1539,round_start,248.04,2,T_8c03018b,1,0,1,5767
10060,1539,round_start,430.45,3,T_8c03018b,2,0,2,5767
10061,1540,round_start,0,1,T_a02bf5e9,0,0,0,5768
10062,1540,round_start,0,1,T_a02bf5e9,0,0,0,5769
10063,1540,round_start,420.79,2,T_5568bd9d,0,3,0,5769
10064,1540,round_start,0,1,T_a02bf5e9,0,0,0,5770
10065,1540,round_start,420,2,T_5568bd9d,0,2,0,5770
10066,1540,round_start,0,1,T_a02bf5e9,0,0,0,5771
10067,1540,round_start,0,1,T_a02bf5e9,0,0,0,5772
10068,1540,round_start,420.79,2,T_5568bd9d,0,3,0,5772
10069,1541,round_start,0,1,T_b7caae6b,0,0,0,5773
10070,1542,round_start,0,1,T_b7caae6b,0,0,0,5774
10071,1543,round_start,0,1,T_b7caae6b,0,0,0,5775
10072,1543,round_start,453.51,2,T_e8c429ce,0,3,0,5775
10073,1543,round_start,942.68,3,T_e8c429ce,3,3,0,5775
10074,1543,round_start,1082.23,4,T_b7caae6b,4,3,0,5775
10075,1544,round_start,0,1,T_b7caae6b,0,0,0,5776
10076,1544,round_start,453.51,2,T_e8c429ce,0,3,0,5776
10077,1544,round_start,942.68,3,T_e8c429ce,3,3,0,5776
10078,1544,round_start,1082.23,4,T_b7caae6b,4,3,0,5776
10079,1545,round_start,0,1,T_b7caae6b,0,0,0,5777
10080,1546,round_start,0,1,T_b7caae6b,0,0,0,5778
10081,1547,round_start,0,1,T_b7caae6b,0,0,0,5779
10082,1547,round_start,495.73,2,T_e8c429ce,0,3,0,5779
10083,1547,round_start,730.27,3,T_b7caae6b,3,3,0,5779
10084,1547,round_start,863.83,4,T_e8c429ce,3,3,0,5779
10085,1547,round_start,0,1,T_b7caae6b,0,0,0,5780
10086,1547,round_start,453.51,2,T_e8c429ce,0,3,0,5780
10087,1547,round_start,942.68,3,T_e8c429ce,3,3,0,5780
10088,1547,round_start,1082.23,4,T_b7caae6b,4,3,0,5780
10089,1548,round_start,0,1,T_a02bf5e9,0,0,0,5781
10090,1548,round_start,0,1,T_a02bf5e9,0,0,0,5782
10091,1548,round_start,245.29,2,T_5568bd9d,0,3,0,5782
10092,1548,round_start,0,1,T_8c03018b,0,0,1,5783
10093,1548,round_start,172.67,2,T_8c03018b,1,0,2,5783
10094,1548,round_start,351.32,3,T_8c03018b,2,0,0,5783
10095,1549,round_start,0,1,T_8c03018b,0,0,2,5784
10096,1549,round_start,189.15,2,T_8c03018b,0,1,1,5784
10097,1549,round_start,347.71,3,T_8c03018b,0,2,0,5784
10098,1549,round_start,0,1,T_a02bf5e9,0,0,0,5785
10099,1549,round_start,330.3,2,T_5568bd9d,0,3,0,5785
10100,1549,round_start,0,1,T_a02bf5e9,0,0,0,5786
10101,1549,round_start,0,1,T_a02bf5e9,0,0,0,5787
10102,1549,round_start,490.02,2,T_5568bd9d,0,3,0,5787
10103,1549,round_start,0,1,T_a02bf5e9,0,0,0,5788
10104,1550,round_start,0,1,T_8c03018b,0,0,2,5789
10105,1550,round_start,329.38,2,T_8c03018b,1,0,1,5789
10106,1550,round_start,551.86,3,T_8c03018b,2,0,0,5789
10107,1550,round_start,0,1,T_a02bf5e9,0,0,0,5790
10108,1550,round_start,240.04,2,T_5568bd9d,0,3,0,5790
10109,1550,round_start,0,1,T_a02bf5e9,0,0,0,5791
10113,1552,round_start,0,1,T_a02bf5e9,0,0,0,5793
10114,1553,round_start,0,1,T_8c03018b,0,0,2,5794
10115,1553,round_start,229.94,2,T_8c03018b,1,0,1,5794
10116,1553,round_start,520.03,3,T_8c03018b,2,0,0,5794
10117,1553,round_start,0,1,T_a02bf5e9,0,0,0,5795
10118,1553,round_start,355.97,2,T_5568bd9d,0,3,0,5795
10119,1553,round_start,0,1,T_a02bf5e9,0,0,0,5796
10120,1553,round_start,0,1,T_a02bf5e9,0,0,0,5797
10121,1553,round_start,0,1,T_a02bf5e9,0,0,0,5798
10122,1552,round_start,0,1,T_a02bf5e9,0,0,0,5799
10123,1552,round_start,0,1,T_a02bf5e9,0,0,0,5800
10124,1552,round_start,449.56,2,T_1699ed97,0,3,0,5800
10125,1552,round_start,0,1,T_a02bf5e9,0,0,0,5801
10126,1552,round_start,240.04,2,T_1699ed97,0,3,0,5801
10127,1552,round_start,0,1,T_8c03018b,0,0,0,5802
10128,1552,round_start,294.68,2,T_8c03018b,1,0,1,5802
10129,1552,round_start,604.55,3,T_8c03018b,2,0,2,5802
10130,1554,round_start,0,1,T_1699ed97,0,0,0,5803
10131,1554,round_start,0,1,T_1699ed97,0,0,0,5804
10132,1554,round_start,464.16,2,T_dcc9cee3,0,3,0,5804
10133,1555,round_start,0,1,T_8c03018b,0,0,1,5805
10134,1555,round_start,254.28,2,T_8c03018b,0,1,0,5805
10135,1555,round_start,564.84,3,T_8c03018b,0,2,2,5805
10136,1555,round_start,0,1,T_a02bf5e9,0,0,0,5806
10137,1555,round_start,480.26,2,T_5568bd9d,0,3,0,5806
10138,1555,round_start,0,1,T_a02bf5e9,0,0,0,5807
10139,1555,round_start,0,1,T_a02bf5e9,0,0,0,5808
10140,1555,round_start,533.28,2,T_5568bd9d,0,3,0,5808
10141,1555,round_start,0,1,T_a02bf5e9,0,0,0,5809
10142,1557,round_start,0,1,T_8c03018b,0,0,1,5810
10143,1557,round_start,236.92,2,T_8c03018b,0,1,0,5810
10144,1557,round_start,554.06,3,T_8c03018b,1,1,2,5810
10145,1557,round_start,0,1,T_a02bf5e9,0,0,0,5811
10146,1557,round_start,301.79,2,T_5568bd9d,0,3,0,5811
10147,1557,round_start,0,1,T_a02bf5e9,0,0,0,5812
10148,1557,round_start,294.39,2,T_5568bd9d,0,3,0,5812
10150,1557,round_start,0,1,T_a02bf5e9,0,0,0,5814
10151,1557,round_start,0,1,T_a02bf5e9,0,0,0,5815
10152,1558,round_start,0,1,T_8c03018b,0,0,1,5816
10153,1558,round_start,225.23,2,T_8c03018b,1,0,0,5816
10154,1558,round_start,470.36,3,T_8c03018b,1,1,2,5816
10155,1558,round_start,0,1,T_a02bf5e9,0,0,0,5817
10156,1558,round_start,484.79,2,T_5568bd9d,0,3,0,5817
10157,1558,round_start,0,1,T_a02bf5e9,0,0,0,5818
10158,1558,round_start,490.34,2,T_5568bd9d,0,3,0,5818
10159,1558,round_start,0,1,T_a02bf5e9,0,0,0,5819
10160,1558,round_start,0,1,T_a02bf5e9,0,0,0,5820
10161,1559,round_start,0,1,T_a02bf5e9,0,0,0,5821
10162,1559,round_start,480.25,2,T_5568bd9d,0,3,0,5821
10163,1560,round_start,0,1,T_a02bf5e9,0,0,0,5822
10164,1560,round_start,480.25,2,T_5568bd9d,0,3,0,5822
10165,1561,round_start,0,1,T_a02bf5e9,0,0,0,5823
10166,1561,round_start,0,1,T_a02bf5e9,0,0,0,5824
10167,1561,round_start,0,1,T_a02bf5e9,0,0,0,5825
10168,1561,round_start,525.05,2,T_5568bd9d,0,3,0,5825
10169,1561,round_start,889.05,3,T_5568bd9d,3,3,0,5825
10170,1561,round_start,0,1,T_8c03018b,0,0,0,5826
10171,1561,round_start,281.79,2,T_8c03018b,0,1,2,5826
10172,1561,round_start,570.62,3,T_8c03018b,1,1,1,5826
10173,1561,round_start,0,1,T_a02bf5e9,0,0,0,5827
10174,1561,round_start,480.25,2,T_5568bd9d,0,3,0,5827
10175,1561,round_start,0,1,T_a02bf5e9,0,0,0,5828
10176,1561,round_start,480.25,2,T_5568bd9d,0,3,0,5828
10177,1562,round_start,0,1,T_8c03018b,0,0,1,5829
10178,1562,round_start,164.95,2,T_8c03018b,0,1,2,5829
10179,1562,round_start,431.45,3,T_8c03018b,1,1,0,5829
10180,1562,round_start,0,1,T_a02bf5e9,0,0,0,5830
10181,1562,round_start,281.49,2,T_5568bd9d,0,3,0,5830
10182,1562,round_start,0,1,T_a02bf5e9,0,0,0,5831
10183,1562,round_start,0,1,T_a02bf5e9,0,0,0,5832
10184,1562,round_start,426.34,2,T_5568bd9d,0,3,0,5832
10185,1562,round_start,0,1,T_a02bf5e9,0,0,0,5833
10186,1562,round_start,0,1,T_8c03018b,0,0,1,5834
10187,1562,round_start,227.86,2,T_8c03018b,1,0,2,5834
10188,1562,round_start,446.64,3,T_8c03018b,1,1,0,5834
10189,1563,round_start,0,1,T_8c03018b,0,0,2,5835
10190,1563,round_start,247.59,2,T_8c03018b,0,1,0,5835
10191,1563,round_start,487.02,3,T_8c03018b,1,1,1,5835
10194,1563,round_start,0,1,T_a02bf5e9,0,0,0,5837
10195,1563,round_start,0,1,T_a02bf5e9,0,0,0,5838
10196,1563,round_start,342.98,2,T_5568bd9d,0,3,0,5838
10197,1563,round_start,700.88,3,T_5568bd9d,3,3,0,5838
10198,1563,round_start,0,1,T_a02bf5e9,0,0,0,5839
10199,1563,round_start,0,1,T_8c03018b,0,0,2,5840
10200,1563,round_start,182.58,2,T_8c03018b,0,1,0,5840
10201,1563,round_start,345.46,3,T_8c03018b,0,2,1,5840
10202,1563,round_start,0,1,T_a02bf5e9,0,0,0,5841
10203,1563,round_start,507.62,2,T_5568bd9d,0,3,0,5841
10204,1564,round_start,0,1,T_8c03018b,0,0,2,5842
10205,1564,round_start,276.12,2,T_8c03018b,0,1,1,5842
10206,1564,round_start,472.46,3,T_8c03018b,1,1,0,5842
10207,1564,round_start,0,1,T_a02bf5e9,0,0,0,5843
10208,1564,round_start,0,1,T_a02bf5e9,0,0,0,5844
10209,1564,round_start,0,1,T_a02bf5e9,0,0,0,5845
10210,1564,round_start,529.83,2,T_5568bd9d,0,3,0,5845
10211,1564,round_start,0,1,T_a02bf5e9,0,0,0,5846
10212,1564,round_start,418.09,2,T_5568bd9d,0,3,0,5846
10213,1565,round_start,0,1,T_8c03018b,0,0,1,5847
10214,1565,round_start,246.3,2,T_8c03018b,0,1,2,5847
10215,1565,round_start,515.57,3,T_8c03018b,1,1,0,5847
10216,1565,round_start,0,1,T_a02bf5e9,0,0,0,5848
10217,1565,round_start,302.64,2,T_5568bd9d,0,3,0,5848
10218,1565,round_start,0,1,T_a02bf5e9,0,0,0,5849
10219,1565,round_start,247.03,2,T_5568bd9d,0,3,0,5849
10220,1565,round_start,0,1,T_a02bf5e9,0,0,0,5850
10221,1565,round_start,0,1,T_a02bf5e9,0,0,0,5851
10222,1566,round_start,0,1,T_8c03018b,0,0,2,5852
10223,1566,round_start,308.86,2,T_8c03018b,1,0,0,5852
10224,1566,round_start,594.84,3,T_8c03018b,2,0,1,5852
10225,1566,round_start,0,1,T_a02bf5e9,0,0,0,5853
10226,1566,round_start,365.01,2,T_5568bd9d,0,3,0,5853
10229,1567,round_start,0,1,T_8c03018b,0,0,0,5855
10230,1567,round_start,225.09,2,T_8c03018b,0,1,2,5855
10231,1567,round_start,470.54,3,T_8c03018b,0,2,1,5855
10232,1567,round_start,0,1,T_a02bf5e9,0,0,0,5856
10233,1567,round_start,351.34,2,T_5568bd9d,0,3,0,5856
10234,1568,round_start,0,1,T_99940b25,0,0,1,5857
10235,1568,round_start,258.19,2,T_99940b25,0,1,0,5857
10236,1568,round_start,427.08,3,T_99940b25,0,2,2,5857
10237,1568,round_start,0,1,T_99940b25,0,0,1,5858
10238,1568,round_start,258.19,2,T_99940b25,0,1,0,5858
10239,1568,round_start,427.08,3,T_99940b25,0,2,2,5858
10241,1568,round_start,0,1,T_99940b25,0,0,0,5860
10242,1568,round_start,423.92,2,T_3238eb96,0,3,0,5860
10243,1568,round_start,0,1,T_99940b25,0,0,0,5861
10244,1568,round_start,0,1,T_99940b25,0,0,0,5862
10245,1568,round_start,0,1,T_99940b25,0,0,0,5863
10246,1568,round_start,502.14,2,T_3238eb96,0,3,0,5863
10247,1568,round_start,0,1,T_99940b25,0,0,0,5864
10248,1568,round_start,0,1,T_99940b25,0,0,0,5865
10249,1568,round_start,426.97,2,T_99940b25,0,1,2,5865
10250,1568,round_start,613.87,3,T_99940b25,0,2,1,5865
10251,1568,round_start,0,1,T_99940b25,0,0,0,5866
10268,1570,round_start,0,1,T_a02bf5e9,0,0,0,5879
10269,1570,round_start,458.28,2,T_5568bd9d,0,3,0,5879
10270,1570,round_start,0,1,T_a02bf5e9,0,0,0,5880
10271,1570,round_start,445.86,2,T_5568bd9d,0,3,0,5880
10272,1570,round_start,0,1,T_a02bf5e9,0,0,0,5881
10273,1570,round_start,0,1,T_a02bf5e9,0,0,0,5882
10276,1570,round_start,0,1,T_a02bf5e9,0,0,0,5885
10277,1571,round_start,0,1,T_8c03018b,0,0,1,5886
10278,1571,round_start,262.44,2,T_8c03018b,0,1,2,5886
10279,1571,round_start,500.21,3,T_8c03018b,0,2,0,5886
10280,1571,round_start,0,1,T_a02bf5e9,0,0,0,5887
10281,1571,round_start,323.92,2,T_5568bd9d,0,3,0,5887
10282,1571,round_start,638.3,3,T_a02bf5e9,3,3,0,5887
10283,1571,round_start,0,1,T_a02bf5e9,0,0,0,5888
10284,1571,round_start,0,1,T_a02bf5e9,0,0,0,5889
10285,1571,round_start,485.21,2,T_5568bd9d,0,3,0,5889
10286,1571,round_start,0,1,T_8c03018b,0,0,1,5890
10287,1571,round_start,168.67,2,T_8c03018b,0,1,0,5890
10288,1571,round_start,461.24,3,T_8c03018b,0,2,2,5890
10289,1571,round_start,0,1,T_a02bf5e9,0,0,0,5891
10305,1576,round_start,0,1,T_8c03018b,0,0,2,5897
10306,1576,round_start,224.82,2,T_8c03018b,1,0,1,5897
10307,1576,round_start,411.6,3,T_8c03018b,2,0,0,5897
10308,1576,round_start,0,1,T_a02bf5e9,0,0,0,5898
10309,1576,round_start,487.21,2,T_5568bd9d,0,3,0,5898
10310,1576,round_start,745.92,3,T_5568bd9d,3,3,0,5898
10311,1577,round_start,0,1,T_8c03018b,0,0,1,5899
10312,1577,round_start,163.24,2,T_8c03018b,0,1,0,5899
10313,1577,round_start,421.84,3,T_8c03018b,0,2,2,5899
10314,1577,round_start,0,1,T_a02bf5e9,0,0,0,5900
10315,1577,round_start,486.84,2,T_5568bd9d,0,3,0,5900
10316,1577,round_start,0,1,T_a02bf5e9,0,0,0,5901
10317,1577,round_start,0,1,T_a02bf5e9,0,0,0,5902
10318,1577,round_start,0,1,T_a02bf5e9,0,0,0,5903
10319,1577,round_start,369.82,2,T_5568bd9d,0,3,0,5903
10320,1577,round_start,0,1,T_8c03018b,0,0,2,5904
10321,1577,round_start,189.65,2,T_8c03018b,0,1,0,5904
10322,1577,round_start,438.23,3,T_8c03018b,0,2,1,5904
10323,1577,round_start,0,1,T_a02bf5e9,0,0,0,5905
10324,1577,round_start,369.82,2,T_5568bd9d,0,3,0,5905
10325,1577,round_start,0,1,T_a02bf5e9,0,0,0,5906
10326,1577,round_start,369.82,2,T_5568bd9d,0,3,0,5906
10327,1577,round_start,0,1,T_a02bf5e9,0,0,0,5907
10328,1577,round_start,369.82,2,T_5568bd9d,0,3,0,5907
10329,1578,round_start,0,1,T_a02bf5e9,0,0,0,5908
10330,1578,round_start,480.27,2,T_5568bd9d,0,3,0,5908
10331,1578,round_start,0,1,T_a02bf5e9,0,0,0,5909
10332,1578,round_start,0,1,T_a02bf5e9,0,0,0,5910
10333,1579,round_start,0,1,T_8c03018b,0,0,1,5911
10334,1579,round_start,209.8,2,T_8c03018b,0,1,2,5911
10335,1579,round_start,390.4,3,T_8c03018b,1,1,0,5911
10336,1579,round_start,0,1,T_a02bf5e9,0,0,0,5912
10337,1579,round_start,394.88,2,T_5568bd9d,0,3,0,5912
10338,1579,round_start,0,1,T_a02bf5e9,0,0,0,5913
10339,1579,round_start,0,1,T_a02bf5e9,0,0,0,5914
10340,1579,round_start,474.04,2,T_5568bd9d,0,3,0,5914
10341,1579,round_start,943.13,3,T_a02bf5e9,3,3,0,5914
10342,1579,round_start,0,1,T_a02bf5e9,0,0,0,5915
10352,1580,round_start,0,1,T_8c03018b,0,0,1,5919
10353,1580,round_start,331.14,2,T_8c03018b,0,1,0,5919
10354,1580,round_start,511.24,3,T_8c03018b,1,1,2,5919
10355,1580,round_start,0,1,T_a02bf5e9,0,0,0,5920
10356,1580,round_start,0,1,T_a02bf5e9,0,0,0,5921
10357,1580,round_start,240.04,2,T_5568bd9d,0,3,0,5921
10358,1581,round_start,0,1,T_8c03018b,0,0,2,5922
10359,1581,round_start,339.62,2,T_8c03018b,1,0,1,5922
10360,1581,round_start,638.02,3,T_8c03018b,1,1,0,5922
10362,1581,round_start,0,1,T_a02bf5e9,0,0,0,5924
10363,1581,round_start,404.22,2,T_5568bd9d,0,3,0,5924
10364,1581,round_start,0,1,T_a02bf5e9,0,0,0,5925
10365,1581,round_start,0,1,T_a02bf5e9,0,0,0,5926
10366,1581,round_start,404.22,2,T_5568bd9d,0,3,0,5926
10367,1581,round_start,0,1,T_a02bf5e9,0,0,0,5927
10368,1581,round_start,404.22,2,T_5568bd9d,0,3,0,5927
10369,1581,round_start,0,1,T_a02bf5e9,0,0,0,5928
10370,1581,round_start,505.11,2,T_5568bd9d,0,3,0,5928
10371,1581,round_start,0,1,T_a02bf5e9,0,0,0,5929
10372,1581,round_start,0,1,T_a02bf5e9,0,0,0,5930
10373,1581,round_start,0,1,T_a02bf5e9,0,0,0,5931
10374,1581,round_start,404.22,2,T_5568bd9d,0,3,0,5931
10375,1581,round_start,0,1,T_a02bf5e9,0,0,0,5932
10376,1581,round_start,404.22,2,T_5568bd9d,0,3,0,5932
10377,1582,round_start,0,1,T_8c03018b,0,0,2,5933
10378,1582,round_start,182.48,2,T_8c03018b,0,1,0,5933
10379,1582,round_start,398.65,3,T_8c03018b,0,2,1,5933
10380,1582,round_start,0,1,T_a02bf5e9,0,0,0,5934
10381,1582,round_start,491.13,2,T_5568bd9d,0,3,0,5934
10382,1582,round_start,862.82,3,T_a02bf5e9,3,3,0,5934
10383,1582,round_start,0,1,T_a02bf5e9,0,0,0,5935
10384,1582,round_start,0,1,T_a02bf5e9,0,0,0,5936
10385,1582,round_start,0,1,T_a02bf5e9,0,0,0,5937
10386,1582,round_start,473.37,2,T_5568bd9d,0,3,0,5937
10387,1582,round_start,0,1,T_8c03018b,0,0,2,5938
10388,1582,round_start,249.72,2,T_8c03018b,0,1,1,5938
10389,1582,round_start,408.99,3,T_8c03018b,0,2,0,5938
10390,1583,round_start,0,1,T_8c03018b,0,0,2,5939
10391,1583,round_start,210.36,2,T_8c03018b,0,1,0,5939
10392,1583,round_start,473.39,3,T_8c03018b,0,2,1,5939
10393,1584,round_start,0,1,T_a02bf5e9,0,0,0,5940
10394,1584,round_start,520.98,2,T_5568bd9d,0,3,0,5940
10395,1584,round_start,0,1,T_a02bf5e9,0,0,0,5941
10396,1584,round_start,0,1,T_a02bf5e9,0,0,0,5942
10397,1585,round_start,0,1,T_8c03018b,0,0,2,5943
10398,1585,round_start,252.11,2,T_8c03018b,1,0,0,5943
10399,1585,round_start,407.58,3,T_8c03018b,1,1,1,5943
10400,1585,round_start,0,1,T_a02bf5e9,0,0,0,5944
10401,1585,round_start,240.04,2,T_5568bd9d,0,3,0,5944
10402,1585,round_start,0,1,T_a02bf5e9,0,0,0,5945
10403,1585,round_start,0,1,T_a02bf5e9,0,0,0,5946
10404,1585,round_start,329.39,2,T_5568bd9d,0,3,0,5946
10405,1585,round_start,0,1,T_a02bf5e9,0,0,0,5947
10406,1585,round_start,0,1,T_8c03018b,0,0,2,5948
10407,1585,round_start,287.05,2,T_8c03018b,0,1,1,5948
10408,1585,round_start,448.02,3,T_8c03018b,0,2,0,5948
10410,1586,round_start,0,1,T_8c03018b,0,0,2,5950
10411,1586,round_start,210.36,2,T_8c03018b,0,1,0,5950
10412,1586,round_start,473.39,3,T_8c03018b,0,2,1,5950
10413,1586,round_start,0,1,T_8c03018b,0,0,0,5951
10414,1586,round_start,263.56,2,T_8c03018b,1,0,2,5951
10415,1586,round_start,567.72,3,T_8c03018b,1,1,1,5951
10418,1586,round_start,0,1,T_a02bf5e9,0,0,0,5953
10419,1586,round_start,403.62,2,T_5568bd9d,0,3,0,5953
10420,1586,round_start,0,1,T_a02bf5e9,0,0,0,5954
10421,1586,round_start,0,1,T_a02bf5e9,0,0,0,5955
10422,1586,round_start,0,1,T_a02bf5e9,0,0,0,5956
10427,1588,round_start,0,1,T_8c03018b,0,0,0,5959
10428,1588,round_start,311.91,2,T_8c03018b,1,0,1,5959
10429,1588,round_start,515.24,3,T_8c03018b,2,0,2,5959
10430,1588,round_start,0,1,T_a02bf5e9,0,0,0,5960
10431,1588,round_start,480.2,2,T_5568bd9d,0,3,0,5960
10432,1588,round_start,0,1,T_a02bf5e9,0,0,0,5961
10434,1584,round_start,0,1,T_8c03018b,0,0,2,5963
10435,1584,round_start,210.36,2,T_8c03018b,0,1,0,5963
10436,1584,round_start,473.39,3,T_8c03018b,0,2,1,5963
10439,1584,round_start,0,1,T_a02bf5e9,0,0,0,5965
10440,1584,round_start,413.24,2,T_5568bd9d,0,3,0,5965
10444,1590,round_start,0,1,T_8c03018b,0,0,1,5967
10445,1590,round_start,319.85,2,T_8c03018b,0,1,2,5967
10446,1590,round_start,511.19,3,T_8c03018b,0,2,0,5967
10447,1590,round_start,0,1,T_a02bf5e9,0,0,0,5968
10448,1590,round_start,402.99,2,T_5568bd9d,0,3,0,5968
10449,1590,round_start,0,1,T_a02bf5e9,0,0,0,5969
10450,1590,round_start,0,1,T_a02bf5e9,0,0,0,5970
10451,1590,round_start,245.03,2,T_5568bd9d,0,3,0,5970
10452,1590,round_start,0,1,T_a02bf5e9,0,0,0,5971
10453,1590,round_start,0,1,T_8c03018b,0,0,0,5972
10454,1590,round_start,269.34,2,T_8c03018b,1,0,1,5972
10455,1590,round_start,568.82,3,T_8c03018b,1,1,2,5972
10456,1591,round_start,0,1,T_8c03018b,0,0,0,5973
10457,1591,round_start,189.52,2,T_8c03018b,1,0,1,5973
10458,1591,round_start,523,3,T_8c03018b,2,0,2,5973
10459,1591,round_start,0,1,T_a02bf5e9,0,0,0,5974
10460,1591,round_start,516.12,2,T_5568bd9d,0,3,0,5974
10461,1591,round_start,0,1,T_a02bf5e9,0,0,0,5975
10462,1591,round_start,0,1,T_a02bf5e9,0,0,0,5976
10463,1591,round_start,355.61,2,T_5568bd9d,0,3,0,5976
10464,1591,round_start,0,1,T_a02bf5e9,0,0,0,5977
10465,1591,round_start,0,1,T_8c03018b,0,0,1,5978
10466,1591,round_start,364.28,2,T_8c03018b,0,1,0,5978
10467,1591,round_start,690.4,3,T_8c03018b,1,1,2,5978
10468,1592,round_start,0,1,T_8c03018b,0,0,2,5979
10469,1592,round_start,244.38,2,T_8c03018b,0,1,1,5979
10470,1592,round_start,407.87,3,T_8c03018b,0,2,0,5979
10471,1592,round_start,0,1,T_a02bf5e9,0,0,0,5980
10472,1592,round_start,0,1,T_a02bf5e9,0,0,0,5981
10473,1592,round_start,418.34,2,T_5568bd9d,0,3,0,5981
10474,1592,round_start,0,1,T_a02bf5e9,0,0,0,5982
10475,1592,round_start,0,1,T_a02bf5e9,0,0,0,5983
10476,1592,round_start,464.13,2,T_5568bd9d,0,3,0,5983
6888,1053,round_start,0,1,T_8c03018b,0,0,0,
6889,1053,round_start,285.13,2,T_8c03018b,1,0,2,
6890,1053,round_start,579.92,3,T_8c03018b,1,1,1,
10479,1594,round_start,0,1,T_8c03018b,0,0,2,5985
10480,1594,round_start,290.89,2,T_8c03018b,0,1,1,5985
10481,1594,round_start,0,1,T_a02bf5e9,0,0,0,5986
10482,1594,round_start,0,1,T_a02bf5e9,0,0,0,5987
10483,1594,round_start,508.34,2,T_5568bd9d,0,3,0,5987
10484,1594,round_start,0,1,T_a02bf5e9,0,0,0,5988
10485,1594,round_start,527.16,2,T_5568bd9d,0,3,0,5988
10486,1594,round_start,939.19,3,T_5568bd9d,3,3,0,5988
10487,1594,round_start,0,1,T_a02bf5e9,0,0,0,5989
10499,1600,round_start,0,1,T_8c03018b,0,0,1,5996
10500,1600,round_start,319.01,2,T_8c03018b,1,0,2,5996
10501,1600,round_start,549.68,3,T_8c03018b,1,1,0,5996
10502,1600,round_start,0,1,T_a02bf5e9,0,0,0,5997
10503,1600,round_start,0,1,T_a02bf5e9,0,0,0,5998
10504,1600,round_start,0,1,T_a02bf5e9,0,0,0,5999
10505,1600,round_start,0,1,T_a02bf5e9,0,0,0,6000
10510,1600,round_start,0,1,T_a02bf5e9,0,0,0,6003
10511,1600,round_start,0,1,T_a02bf5e9,0,0,0,6004
10512,1600,round_start,480.2,2,T_5568bd9d,0,3,0,6004
10515,1600,round_start,0,1,T_a02bf5e9,0,0,0,6006
10516,1600,round_start,533.32,2,T_5568bd9d,0,3,0,6006
10517,1600,round_start,0,1,T_a02bf5e9,0,0,0,6007
10518,1600,round_start,0,1,T_8c03018b,0,0,0,6008
10519,1600,round_start,177.93,2,T_8c03018b,1,0,1,6008
10520,1600,round_start,365.94,3,T_8c03018b,2,0,2,6008
10521,1601,round_start,0,1,T_8c03018b,0,0,0,6009
10522,1601,round_start,189.27,2,T_8c03018b,1,0,1,6009
10523,1601,round_start,385.22,3,T_8c03018b,2,0,2,6009
10524,1601,round_start,0,1,T_a02bf5e9,0,0,0,6010
10525,1601,round_start,438.08,2,T_5568bd9d,0,3,0,6010
10526,1601,round_start,0,1,T_a02bf5e9,0,0,0,6011
10527,1601,round_start,0,1,T_a02bf5e9,0,0,0,6012
10528,1601,round_start,264.51,2,T_5568bd9d,0,3,0,6012
10529,1601,round_start,0,1,T_a02bf5e9,0,0,0,6013
10530,1601,round_start,0,1,T_a02bf5e9,0,0,0,6014
10531,1601,round_start,395.45,2,T_5568bd9d,0,3,0,6014
10532,1601,round_start,0,1,T_a02bf5e9,0,0,0,6015
10533,1601,round_start,395.45,2,T_5568bd9d,0,3,0,6015
10534,1601,round_start,0,1,T_a02bf5e9,0,0,0,6016
10535,1601,round_start,395.45,2,T_5568bd9d,0,3,0,6016
10536,1601,round_start,0,1,T_a02bf5e9,0,0,0,6017
10537,1601,round_start,395.45,2,T_5568bd9d,0,3,0,6017
10538,1601,round_start,0,1,T_a02bf5e9,0,0,0,6018
10539,1601,round_start,395.45,2,T_5568bd9d,0,3,0,6018
10540,1601,round_start,0,1,T_a02bf5e9,0,0,0,6019
10541,1601,round_start,395.45,2,T_5568bd9d,0,3,0,6019
10542,1601,round_start,0,1,T_a02bf5e9,0,0,0,6020
10543,1601,round_start,395.45,2,T_5568bd9d,0,3,0,6020
10544,1602,round_start,0,1,T_99940b25,0,0,1,6021
10545,1602,round_start,329.28,2,T_99940b25,0,1,0,6021
10546,1602,round_start,604.18,3,T_99940b25,0,2,2,6021
10547,1602,round_start,0,1,T_99940b25,0,0,0,6022
10548,1602,round_start,0,1,T_99940b25,0,0,0,6023
10549,1602,round_start,367.43,2,T_3238eb96,0,3,0,6023
10550,1602,round_start,0,1,T_99940b25,0,0,0,6024
10551,1602,round_start,507.09,2,T_3238eb96,0,3,0,6024
10552,1602,round_start,0,1,T_99940b25,0,0,0,6025
10553,1602,round_start,0,1,T_99940b25,0,0,0,6026
10554,1603,round_start,0,1,T_8c03018b,0,0,1,6027
10555,1603,round_start,215,2,T_8c03018b,1,0,0,6027
10556,1603,round_start,411.57,3,T_8c03018b,2,0,2,6027
10557,1603,round_start,0,1,T_a02bf5e9,0,0,0,6028
10558,1603,round_start,225.41,2,T_5568bd9d,0,3,0,6028
10559,1603,round_start,0,1,T_a02bf5e9,0,0,0,6029
10560,1603,round_start,0,1,T_a02bf5e9,0,0,0,6030
10561,1604,round_start,0,1,T_8c03018b,0,0,0,6031
10562,1604,round_start,162.01,2,T_8c03018b,0,1,2,6031
10563,1604,round_start,370.63,3,T_8c03018b,0,2,1,6031
10564,1604,round_start,0,1,T_a02bf5e9,0,0,0,6032
10565,1604,round_start,397.75,2,T_5568bd9d,0,3,0,6032
10566,1604,round_start,0,1,T_a02bf5e9,0,0,0,6033
10567,1604,round_start,0,1,T_a02bf5e9,0,0,0,6034
10568,1605,round_start,0,1,T_8c03018b,0,0,0,6035
10569,1605,round_start,162.71,2,T_8c03018b,0,1,1,6035
10570,1605,round_start,518.59,3,T_8c03018b,1,1,2,6035
10571,1605,round_start,0,1,T_a02bf5e9,0,0,0,6036
10572,1605,round_start,367.03,2,T_5568bd9d,0,3,0,6036
10573,1605,round_start,0,1,T_a02bf5e9,0,0,0,6037
10574,1605,round_start,396.31,2,T_5568bd9d,0,3,0,6037
10575,1605,round_start,0,1,T_a02bf5e9,0,0,0,6038
10576,1605,round_start,0,1,T_a02bf5e9,0,0,0,6039
10577,1605,round_start,0,1,T_a02bf5e9,0,0,0,6040
10578,1605,round_start,0,1,T_a02bf5e9,0,0,0,6041
10579,1604,round_start,0,1,T_a02bf5e9,0,0,0,6042
10580,1604,round_start,371.28,2,T_5568bd9d,0,3,0,6042
10581,1606,round_start,0,1,T_8c03018b,0,0,2,6043
10582,1606,round_start,268.14,2,T_8c03018b,0,1,0,6043
10583,1606,round_start,454.73,3,T_8c03018b,0,2,1,6043
10584,1606,round_start,0,1,T_5ec108cc,0,0,0,6044
10585,1606,round_start,388.66,2,T_3238eb96,0,3,0,6044
10586,1606,round_start,0,1,T_5ec108cc,0,0,0,6045
10587,1606,round_start,0,1,T_5ec108cc,0,0,0,6046
10588,1606,round_start,0,1,T_5ec108cc,0,0,0,6047
10589,1606,round_start,0,1,T_5ec108cc,0,0,0,6048
10590,1606,round_start,390.29,2,T_3238eb96,0,3,0,6048
10591,1606,round_start,0,1,T_5ec108cc,0,0,0,6049
10592,1609,round_start,0,1,T_a02bf5e9,0,0,0,6050
10593,1609,round_start,455.31,2,T_5568bd9d,0,3,0,6050
10594,1609,round_start,0,1,T_a02bf5e9,0,0,0,6051
10595,1609,round_start,480.28,2,T_5568bd9d,0,3,0,6051
10596,1609,round_start,0,1,T_8c03018b,0,0,1,6052
10597,1609,round_start,179.61,2,T_8c03018b,0,1,0,6052
10598,1609,round_start,447.55,3,T_8c03018b,0,2,2,6052
10599,1609,round_start,0,1,T_a02bf5e9,0,0,0,6053
10600,1610,round_start,0,1,T_a02bf5e9,0,0,0,6054
10601,1610,round_start,0,1,T_a02bf5e9,0,0,0,6055
10602,1610,round_start,245.05,2,T_5568bd9d,0,3,0,6055
10603,1610,round_start,0,1,T_a02bf5e9,0,0,0,6056
10604,1610,round_start,0,1,T_a02bf5e9,0,0,0,6057
10605,1610,round_start,485.16,2,T_5568bd9d,0,3,0,6057
10606,1610,round_start,0,1,T_a02bf5e9,0,0,0,6058
10612,1610,round_start,0,1,T_a02bf5e9,0,0,0,6062
10613,1610,round_start,484.23,2,T_5568bd9d,0,3,0,6062
10614,1610,round_start,0,1,T_a02bf5e9,0,0,0,6063
10615,1610,round_start,0,1,T_a02bf5e9,0,0,0,6064
10616,1610,round_start,454.28,2,T_5568bd9d,0,3,0,6064
10618,1623,round_start,0,1,T_8c03018b,0,0,1,6066
10619,1623,round_start,307.38,2,T_8c03018b,1,0,2,6066
10620,1623,round_start,540.92,3,T_8c03018b,2,0,0,6066
10621,1623,round_start,0,1,T_a02bf5e9,0,0,0,6067
10622,1623,round_start,409.15,2,T_5568bd9d,0,3,0,6067
10623,1623,round_start,0,1,T_a02bf5e9,0,0,0,6068
10624,1623,round_start,0,1,T_a02bf5e9,0,0,0,6069
10625,1623,round_start,0,1,T_a02bf5e9,0,0,0,6070
10626,1624,round_start,0,1,T_8c03018b,0,0,2,6071
10627,1624,round_start,310.2,2,T_8c03018b,0,1,1,6071
10628,1624,round_start,617.97,3,T_8c03018b,1,1,0,6071
10629,1624,round_start,0,1,T_a02bf5e9,0,0,0,6072
10630,1624,round_start,497.81,2,T_5568bd9d,0,3,0,6072
10631,1624,round_start,0,1,T_a02bf5e9,0,0,0,6073
10632,1624,round_start,0,1,T_a02bf5e9,0,0,0,6074
10633,1624,round_start,445.68,2,T_5568bd9d,0,3,0,6074
10634,1624,round_start,0,1,T_a02bf5e9,0,0,0,6075
10635,1625,round_start,0,1,T_8c03018b,0,0,2,6076
10636,1625,round_start,274.92,2,T_8c03018b,1,0,1,6076
10637,1625,round_start,522.15,3,T_8c03018b,2,0,0,6076
10638,1625,round_start,0,1,T_a02bf5e9,0,0,0,6077
10639,1625,round_start,411.64,2,T_5568bd9d,0,3,0,6077
10642,1625,round_start,0,1,T_a02bf5e9,0,0,0,6079
10643,1626,round_start,0,1,T_a02bf5e9,0,0,0,6080
10644,1626,round_start,248.65,2,T_5568bd9d,0,3,0,6080
10648,1628,round_start,0,1,T_8c03018b,0,0,2,6082
10649,1628,round_start,210.6,2,T_8c03018b,0,1,1,6082
10650,1628,round_start,384.72,3,T_8c03018b,1,1,0,6082
10651,1628,round_start,0,1,T_a02bf5e9,0,0,0,6083
10652,1628,round_start,284.07,2,T_5568bd9d,0,3,0,6083
10653,1628,round_start,0,1,T_a02bf5e9,0,0,0,6084
10654,1628,round_start,0,1,T_a02bf5e9,0,0,0,6085
10655,1628,round_start,284.07,2,T_5568bd9d,0,3,0,6085
10656,1628,round_start,0,1,T_a02bf5e9,0,0,0,6086
10657,1628,round_start,0,1,T_8c03018b,0,0,2,6087
10658,1628,round_start,189.83,2,T_8c03018b,1,0,0,6087
10659,1628,round_start,0,1,T_a02bf5e9,0,0,0,6088
10660,1628,round_start,284.07,2,T_5568bd9d,0,3,0,6088
10661,1628,round_start,0,1,T_8c03018b,0,0,2,6089
10662,1628,round_start,189.83,2,T_8c03018b,1,0,0,6089
10663,1628,round_start,0,1,T_a02bf5e9,0,0,0,6090
10664,1628,round_start,284.07,2,T_5568bd9d,0,3,0,6090
10665,1628,round_start,0,1,T_a02bf5e9,0,0,0,6091
10666,1628,round_start,284.07,2,T_5568bd9d,0,3,0,6091
10686,34,round_start,0,1,T_b5daed59,0,0,2,6111
10687,1631,round_start,0,1,T_8c03018b,0,0,2,6112
10688,1631,round_start,189.83,2,T_8c03018b,1,0,0,6112
10689,1632,round_start,0,1,T_8c03018b,0,0,2,6113
10690,1632,round_start,210.6,2,T_8c03018b,0,1,1,6113
10691,1632,round_start,384.72,3,T_8c03018b,1,1,0,6113
10692,1632,round_start,0,1,T_a02bf5e9,0,0,0,6114
10693,1632,round_start,284.07,2,T_5568bd9d,0,3,0,6114
10697,1632,round_start,0,1,T_a02bf5e9,0,0,0,6116
10698,1632,round_start,284.07,2,T_5568bd9d,0,3,0,6116
10699,1632,round_start,0,1,T_a02bf5e9,0,0,0,6117
10700,1632,round_start,0,1,T_a02bf5e9,0,0,0,6118
10701,1632,round_start,0,1,T_8c03018b,0,0,2,6119
10702,1632,round_start,189.83,2,T_8c03018b,1,0,0,6119
10703,1632,round_start,0,1,T_8c03018b,0,0,2,6120
10704,1632,round_start,189.83,2,T_8c03018b,1,0,0,6120
10705,1633,round_start,0,1,T_8c03018b,0,0,2,6121
10706,1633,round_start,338.69,2,T_8c03018b,1,0,1,6121
10707,1633,round_start,605.57,3,T_8c03018b,1,1,0,6121
10708,1633,round_start,0,1,T_a02bf5e9,0,0,0,6122
10709,1633,round_start,522.05,2,T_5568bd9d,0,3,0,6122
10710,1633,round_start,0,1,T_a02bf5e9,0,0,0,6123
10716,1635,round_start,0,1,T_8c03018b,0,0,2,6127
10717,1635,round_start,291.37,2,T_8c03018b,1,0,0,6127
10718,1635,round_start,568.81,3,T_8c03018b,1,1,1,6127
10719,1635,round_start,0,1,T_a02bf5e9,0,0,0,6128
10720,1636,round_start,0,1,T_8c03018b,0,0,0,6129
10721,1636,round_start,192.69,2,T_8c03018b,0,1,2,6129
10722,1636,round_start,397.22,3,T_8c03018b,1,1,1,6129
10723,1636,round_start,0,1,T_a02bf5e9,0,0,0,6130
10724,1636,round_start,390.13,2,T_5568bd9d,0,3,0,6130
10725,1636,round_start,0,1,T_a02bf5e9,0,0,0,6131
10726,1636,round_start,0,1,T_a02bf5e9,0,0,0,6132
10727,1636,round_start,0,1,T_a02bf5e9,0,0,0,6133
10728,1636,round_start,508.85,2,T_5568bd9d,0,3,0,6133
10729,1635,round_start,0,1,T_a02bf5e9,0,0,0,6134
10733,1635,round_start,0,1,T_8c03018b,0,0,1,6136
10734,1635,round_start,230.79,2,T_8c03018b,1,0,0,6136
10735,1635,round_start,394.52,3,T_8c03018b,2,0,2,6136
10736,1635,round_start,0,1,T_a02bf5e9,0,0,0,6137
10737,1635,round_start,501.66,2,T_5568bd9d,0,3,0,6137
10738,1635,round_start,0,1,T_a02bf5e9,0,0,0,6138
10739,1635,round_start,501.66,2,T_5568bd9d,0,3,0,6138
10740,1635,round_start,0,1,T_a02bf5e9,0,0,0,6139
10741,1635,round_start,501.66,2,T_5568bd9d,0,3,0,6139
10742,1635,round_start,0,1,T_a02bf5e9,0,0,0,6140
10743,1635,round_start,501.66,2,T_5568bd9d,0,3,0,6140
10744,1635,round_start,0,1,T_a02bf5e9,0,0,0,6141
10745,1635,round_start,501.66,2,T_5568bd9d,0,3,0,6141
10746,1636,round_start,0,1,T_8c03018b,0,0,0,6142
10747,1636,round_start,304.24,2,T_8c03018b,0,1,1,6142
10748,1636,round_start,561.92,3,T_8c03018b,0,2,2,6142
10749,1637,round_start,0,1,T_8c03018b,0,0,0,6143
10750,1637,round_start,301.14,2,T_8c03018b,0,1,2,6143
10751,1637,round_start,634.42,3,T_8c03018b,0,2,1,6143
10752,1637,round_start,0,1,T_a02bf5e9,0,0,0,6144
10753,1637,round_start,247.99,2,T_5568bd9d,0,3,0,6144
10754,1637,round_start,0,1,T_a02bf5e9,0,0,0,6145
10755,1637,round_start,0,1,T_a02bf5e9,0,0,0,6146
10756,1637,round_start,0,1,T_a02bf5e9,0,0,0,6147
10757,1637,round_start,263.42,2,T_5568bd9d,0,3,0,6147
10758,1637,round_start,0,1,T_8c03018b,0,0,0,6148
10759,1637,round_start,254.6,2,T_8c03018b,1,0,2,6148
10760,1637,round_start,570.66,3,T_8c03018b,1,1,1,6148
10761,1635,round_start,0,1,T_a02bf5e9,0,0,0,6149
10762,1635,round_start,480.22,2,T_5568bd9d,0,3,0,6149
6990,1062,round_start,0,1,T_5de6f547,0,0,0,
6991,1062,round_start,361.61,2,T_3238eb96,0,3,0,
6989,1062,round_start,510.72,3,T_8c03018b,2,0,0,
10765,1640,round_start,0,1,T_e8fb19ca,0,0,2,6152
10766,1640,round_start,154.04,2,T_e8fb19ca,0,1,1,6152
10767,1640,round_start,0,1,T_e8fb19ca,0,0,2,6153
10768,1640,round_start,0,1,T_e8fb19ca,0,0,0,6154
10769,1640,round_start,390.82,2,T_8e2038c6,0,1,0,6154
10770,1640,round_start,0,1,T_e8fb19ca,0,0,0,6155
10771,1640,round_start,390.82,2,T_8e2038c6,0,1,0,6155
10774,1640,round_start,0,1,T_e8fb19ca,0,0,0,6157
10775,1640,round_start,407.54,2,T_8e2038c6,0,3,0,6157
10780,1640,round_start,0,1,T_e8fb19ca,0,0,0,6160
10781,1640,round_start,407.54,2,T_8e2038c6,0,3,0,6160
10782,1641,round_start,0,1,T_8c03018b,0,0,0,6161
10783,1641,round_start,266.43,2,T_8c03018b,0,1,1,6161
10784,1641,round_start,490.74,3,T_8c03018b,0,2,2,6161
10785,1641,round_start,0,1,T_a02bf5e9,0,0,0,6162
10786,1641,round_start,273.58,2,T_5568bd9d,0,3,0,6162
10787,1641,round_start,0,1,T_a02bf5e9,0,0,0,6163
10788,1641,round_start,353.97,2,T_5568bd9d,0,3,0,6163
10789,1641,round_start,0,1,T_a02bf5e9,0,0,0,6164
10790,1641,round_start,0,1,T_a02bf5e9,0,0,0,6165
10800,1641,round_start,0,1,T_a02bf5e9,0,0,0,6169
10801,1641,round_start,493.06,2,T_5568bd9d,0,3,0,6169
10802,1641,round_start,1006.15,3,T_a02bf5e9,3,3,0,6169
10803,1641,round_start,0,1,T_8c03018b,0,0,0,6170
10804,1641,round_start,264.15,2,T_8c03018b,0,1,1,6170
10805,1641,round_start,494.58,3,T_8c03018b,0,2,2,6170
10806,1643,round_start,0,1,T_8c03018b,0,0,1,6171
10807,1643,round_start,280.99,2,T_8c03018b,0,1,0,6171
10808,1643,round_start,441.46,3,T_8c03018b,1,1,2,6171
10809,1643,round_start,0,1,T_a02bf5e9,0,0,0,6172
10810,1643,round_start,245.05,2,T_5568bd9d,0,3,0,6172
10811,1644,round_start,0,1,T_a02bf5e9,0,0,0,6173
10812,1644,round_start,268.32,2,T_5568bd9d,0,3,0,6173
10813,1645,round_start,0,1,T_8c03018b,0,0,2,6174
10814,1645,round_start,280.89,2,T_8c03018b,1,0,1,6174
10815,1645,round_start,585.31,3,T_8c03018b,2,0,0,6174
10816,1645,round_start,0,1,T_a02bf5e9,0,0,0,6175
10817,1645,round_start,499.22,2,T_5568bd9d,0,3,0,6175
10818,1645,round_start,0,1,T_a02bf5e9,0,0,0,6176
10820,1645,round_start,0,1,T_a02bf5e9,0,0,0,6178
10821,1645,round_start,450.17,2,T_5568bd9d,0,3,0,6178
10822,1645,round_start,0,1,T_a02bf5e9,0,0,0,6179
10823,1646,round_start,0,1,T_8c03018b,0,0,1,6180
10824,1646,round_start,293.18,2,T_8c03018b,1,0,0,6180
10825,1646,round_start,596.61,3,T_8c03018b,2,0,2,6180
10828,1646,round_start,0,1,T_a02bf5e9,0,0,0,6182
10829,1646,round_start,426.97,2,T_5568bd9d,0,3,0,6182
10830,1646,round_start,0,1,T_a02bf5e9,0,0,0,6183
10831,1646,round_start,0,1,T_a02bf5e9,0,0,0,6184
10832,1646,round_start,0,1,T_a02bf5e9,0,0,0,6185
10833,1646,round_start,245.51,2,T_5568bd9d,0,3,0,6185
10834,1647,round_start,0,1,T_8c03018b,0,0,1,6186
10835,1647,round_start,272.75,2,T_8c03018b,1,0,2,6186
10836,1647,round_start,594.26,3,T_8c03018b,2,0,0,6186
10841,1650,round_start,0,1,T_a02bf5e9,0,0,0,6189
10842,1650,round_start,381.84,2,T_5568bd9d,0,3,0,6189
10843,1651,round_start,0,1,T_a02bf5e9,0,0,0,6190
10844,1652,round_start,0,1,T_a02bf5e9,0,0,0,6191
10845,1647,round_start,0,1,T_a02bf5e9,0,0,0,6192
10846,1647,round_start,413.84,2,T_5568bd9d,0,3,0,6192
10849,1647,round_start,0,1,T_a02bf5e9,0,0,0,6194
10850,1647,round_start,0,1,T_a02bf5e9,0,0,0,6195
7007,1063,round_start,480.46,3,T_8c03018b,0,2,0,
10847,1647,round_start,0,1,T_a02bf5e9,0,0,0,6193
10848,1647,round_start,381.84,2,T_5568bd9d,0,3,0,6193
10851,1653,round_start,0,1,T_8c03018b,0,0,1,6196
10852,1653,round_start,194.26,2,T_8c03018b,0,1,2,6196
10853,1653,round_start,384.68,3,T_8c03018b,0,2,0,6196
10854,1653,round_start,0,1,T_a02bf5e9,0,0,0,6197
10855,1653,round_start,480.23,2,T_5568bd9d,0,3,0,6197
10856,1653,round_start,0,1,T_a02bf5e9,0,0,0,6198
10857,1653,round_start,485.19,2,T_5568bd9d,0,3,0,6198
10858,1653,round_start,0,1,T_a02bf5e9,0,0,0,6199
10859,1653,round_start,0,1,T_a02bf5e9,0,0,0,6200
10860,1654,round_start,0,1,T_8c03018b,0,0,1,6201
10861,1654,round_start,186.79,2,T_8c03018b,1,0,2,6201
10862,1654,round_start,486.72,3,T_8c03018b,2,0,0,6201
10863,1654,round_start,0,1,T_a02bf5e9,0,0,0,6202
10864,1654,round_start,240.04,2,T_5568bd9d,0,3,0,6202
10866,1654,round_start,0,1,T_a02bf5e9,0,0,0,6204
10867,1654,round_start,418.2,2,T_5568bd9d,0,3,0,6204
10868,1654,round_start,0,1,T_a02bf5e9,0,0,0,6205
10873,1656,round_start,0,1,T_8c03018b,0,0,1,6208
10874,1656,round_start,186.79,2,T_8c03018b,1,0,2,6208
10875,1656,round_start,486.72,3,T_8c03018b,2,0,0,6208
10876,1656,round_start,0,1,T_a02bf5e9,0,0,0,6209
10877,1656,round_start,240.04,2,T_5568bd9d,0,3,0,6209
10878,1656,round_start,0,1,T_a02bf5e9,0,0,0,6210
10879,1656,round_start,0,1,T_a02bf5e9,0,0,0,6211
10880,1656,round_start,0,1,T_a02bf5e9,0,0,0,6212
10881,1656,round_start,418.2,2,T_5568bd9d,0,3,0,6212
10894,1663,round_start,0,1,T_8c03018b,0,0,1,6219
10895,1663,round_start,309.65,2,T_8c03018b,0,1,0,6219
10896,1663,round_start,513.62,3,T_8c03018b,1,1,2,6219
10897,1663,round_start,0,1,T_a02bf5e9,0,0,0,6220
10898,1663,round_start,0,1,T_a02bf5e9,0,0,0,6221
10899,1663,round_start,391.04,2,T_5568bd9d,0,3,0,6221
10900,1663,round_start,0,1,T_a02bf5e9,0,0,0,6222
10901,1663,round_start,390.12,2,T_5568bd9d,0,3,0,6222
10907,1663,round_start,0,1,T_a02bf5e9,0,0,0,6226
10908,1663,round_start,0,1,T_a02bf5e9,0,0,0,6227
10909,1663,round_start,381.53,2,T_5568bd9d,0,3,0,6227
10915,1664,round_start,0,1,T_8c03018b,0,0,2,6231
10916,1664,round_start,306.84,2,T_8c03018b,1,0,0,6231
10917,1664,round_start,620.24,3,T_8c03018b,2,0,1,6231
10918,1664,round_start,0,1,T_7f352ac7,0,0,0,6232
10919,1664,round_start,531.88,2,T_4bc42396,0,3,0,6232
10920,1664,round_start,0,1,T_7f352ac7,0,0,0,6233
10921,1664,round_start,529.6,2,T_4bc42396,0,3,0,6233
10922,1664,round_start,0,1,T_7f352ac7,0,0,0,6234
10923,1664,round_start,0,1,T_7f352ac7,0,0,0,6235
10924,1664,round_start,0,1,T_7f352ac7,0,0,0,6236
10925,1665,round_start,0,1,T_8c03018b,0,0,0,6237
10926,1665,round_start,275.56,2,T_8c03018b,1,0,1,6237
10927,1665,round_start,538.84,3,T_8c03018b,2,0,2,6237
10928,1665,round_start,0,1,T_a02bf5e9,0,0,0,6238
10929,1665,round_start,539.83,2,T_5568bd9d,0,3,0,6238
10930,1665,round_start,822.78,3,T_a02bf5e9,3,3,0,6238
10931,1665,round_start,0,1,T_a02bf5e9,0,0,0,6239
10933,1665,round_start,0,1,T_a02bf5e9,0,0,0,6241
10934,1665,round_start,0,1,T_a02bf5e9,0,0,0,6242
10935,1665,round_start,0,1,T_a02bf5e9,0,0,0,6243
10936,1665,round_start,395.16,2,T_5568bd9d,0,3,0,6243
10937,1665,round_start,0,1,T_a02bf5e9,0,0,0,6244
10938,1666,round_start,0,1,T_8c03018b,0,0,2,6245
10939,1666,round_start,261.12,2,T_8c03018b,0,1,0,6245
10940,1666,round_start,479.25,3,T_8c03018b,0,2,1,6245
10941,1666,round_start,0,1,T_a02bf5e9,0,0,0,6246
10942,1666,round_start,276.34,2,T_5568bd9d,0,3,0,6246
10943,1666,round_start,0,1,T_a02bf5e9,0,0,0,6247
10944,1666,round_start,287.07,2,T_5568bd9d,0,3,0,6247
10945,1666,round_start,0,1,T_8c03018b,0,0,2,6248
10946,1666,round_start,284.82,2,T_8c03018b,1,0,0,6248
10947,1666,round_start,585.57,3,T_8c03018b,2,0,1,6248
10948,1666,round_start,0,1,T_a02bf5e9,0,0,0,6249
10950,1666,round_start,0,1,T_a02bf5e9,0,0,0,6251
10951,1667,round_start,0,1,T_8c03018b,0,0,0,6252
10952,1667,round_start,247.16,2,T_8c03018b,0,1,2,6252
10953,1667,round_start,487.26,3,T_8c03018b,1,1,1,6252
10954,1667,round_start,0,1,T_a02bf5e9,0,0,0,6253
10955,1667,round_start,356.93,2,T_5568bd9d,0,3,0,6253
10956,1667,round_start,0,1,T_a02bf5e9,0,0,0,6254
10957,1667,round_start,0,1,T_a02bf5e9,0,0,0,6255
10958,1667,round_start,502.58,2,T_5568bd9d,0,3,0,6255
10959,1667,round_start,0,1,T_a02bf5e9,0,0,0,6256
10960,1667,round_start,0,1,T_8c03018b,0,0,2,6257
10961,1667,round_start,212.41,2,T_8c03018b,0,1,1,6257
10962,1667,round_start,411.17,3,T_8c03018b,0,2,0,6257
10963,1667,round_start,0,1,T_8c03018b,0,0,2,6258
10964,1667,round_start,212.41,2,T_8c03018b,0,1,1,6258
10965,1667,round_start,411.17,3,T_8c03018b,0,2,0,6258
10966,1668,round_start,0,1,T_a02bf5e9,0,0,0,6259
10967,1668,round_start,480.22,2,T_5568bd9d,0,3,0,6259
10968,1668,round_start,0,1,T_a02bf5e9,0,0,0,6260
10969,1668,round_start,0,1,T_a02bf5e9,0,0,0,6261
10970,1668,round_start,330.03,2,T_5568bd9d,0,3,0,6261
10971,1668,round_start,718.01,3,T_5568bd9d,3,3,0,6261
10972,1668,round_start,0,1,T_a02bf5e9,0,0,0,6262
10976,1668,round_start,0,1,T_8c03018b,0,0,2,6264
10977,1668,round_start,225.49,2,T_8c03018b,1,0,0,6264
10978,1668,round_start,539.74,3,T_8c03018b,1,1,1,6264
10979,1669,round_start,0,1,T_8c03018b,0,0,1,6265
10980,1669,round_start,304.34,2,T_8c03018b,0,1,0,6265
10981,1669,round_start,627.82,3,T_8c03018b,1,1,2,6265
10984,1669,round_start,0,1,T_a02bf5e9,0,0,0,6267
10985,1669,round_start,404,2,T_5568bd9d,0,3,0,6267
10996,1669,round_start,0,1,T_a02bf5e9,0,0,0,6277
11000,1669,round_start,0,1,T_a02bf5e9,0,0,0,6280
11001,1669,round_start,380.86,2,T_5568bd9d,0,3,0,6280
11002,1669,round_start,0,1,T_a02bf5e9,0,0,0,6281
11003,1669,round_start,390.16,2,T_5568bd9d,0,3,0,6281
11004,1669,round_start,0,1,T_a02bf5e9,0,0,0,6282
11005,1670,round_start,0,1,T_8c03018b,0,0,2,6283
11006,1670,round_start,232.12,2,T_8c03018b,1,0,1,6283
11007,1670,round_start,463.79,3,T_8c03018b,2,0,0,6283
11008,1670,round_start,0,1,T_1565fc88,0,0,0,6284
11009,1670,round_start,498.57,2,T_4aa2650a,0,3,0,6284
11010,1670,round_start,0,1,T_1565fc88,0,0,0,6285
11011,1670,round_start,0,1,T_1565fc88,0,0,0,6286
11012,1670,round_start,0,1,T_1565fc88,0,0,0,6287
11013,1671,round_start,0,1,T_8c03018b,0,0,1,6288
11014,1671,round_start,175.02,2,T_8c03018b,0,1,2,6288
11015,1671,round_start,379.98,3,T_8c03018b,0,2,0,6288
11016,1671,round_start,0,1,T_a02bf5e9,0,0,0,6289
11020,1671,round_start,0,1,T_a02bf5e9,0,0,0,6291
11021,1671,round_start,0,1,T_a02bf5e9,0,0,0,6292
11022,1671,round_start,414.02,2,T_5568bd9d,0,3,0,6292
11023,1671,round_start,0,1,T_8c03018b,0,0,1,6293
11024,1671,round_start,173.44,2,T_8c03018b,0,1,2,6293
11025,1671,round_start,493.07,3,T_8c03018b,1,1,0,6293
11026,1671,round_start,0,1,T_a02bf5e9,0,0,0,6294
11027,1671,round_start,308.56,2,T_5568bd9d,0,3,0,6294
11028,1671,round_start,748.3,3,T_5568bd9d,3,3,0,6294
11029,1672,round_start,0,1,T_8c03018b,0,0,1,6295
11030,1672,round_start,259.42,2,T_8c03018b,1,0,0,6295
11031,1672,round_start,540.91,3,T_8c03018b,1,1,2,6295
11032,1672,round_start,0,1,T_a02bf5e9,0,0,0,6296
11033,1672,round_start,313.64,2,T_5568bd9d,0,3,0,6296
11034,1672,round_start,0,1,T_a02bf5e9,0,0,0,6297
11035,1672,round_start,0,1,T_a02bf5e9,0,0,0,6298
11036,1672,round_start,0,1,T_a02bf5e9,0,0,0,6299
11037,1672,round_start,480.26,2,T_5568bd9d,0,3,0,6299
11038,1672,round_start,0,1,T_a02bf5e9,0,0,0,6300
11039,1672,round_start,404.12,2,T_5568bd9d,0,3,0,6300
11043,1673,round_start,0,1,T_8c03018b,0,0,1,6302
11044,1673,round_start,319.15,2,T_8c03018b,0,1,2,6302
11045,1673,round_start,605.39,3,T_8c03018b,1,1,0,6302
11046,1673,round_start,0,1,T_6a59b9b6,0,0,0,6303
11047,1673,round_start,257.53,2,T_3238eb96,0,3,0,6303
11048,1673,round_start,0,1,T_6a59b9b6,0,0,0,6304
11049,1671,round_start,0,1,T_8c03018b,0,0,1,6305
11050,1671,round_start,174.06,2,T_8c03018b,0,1,2,6305
11051,1671,round_start,451.83,3,T_8c03018b,1,1,0,6305
11052,1671,round_start,0,1,T_a02bf5e9,0,0,0,6306
11053,1671,round_start,434.78,2,T_5568bd9d,0,3,0,6306
11054,1671,round_start,0,1,T_8c03018b,0,0,2,6307
11055,1671,round_start,262.8,2,T_8c03018b,1,0,1,6307
11056,1671,round_start,559.63,3,T_8c03018b,1,1,0,6307
11057,1671,round_start,0,1,T_a02bf5e9,0,0,0,6308
11058,1671,round_start,0,1,T_a02bf5e9,0,0,0,6309
11059,1673,round_start,0,1,T_6a59b9b6,0,0,0,6310
11060,1673,round_start,0,1,T_6a59b9b6,0,0,0,6311
11061,1673,round_start,263.24,2,T_3238eb96,0,3,0,6311
11062,1676,round_start,0,1,T_e77473c8,0,0,0,6312
11063,1676,round_start,449.77,2,T_4aa2650a,0,3,0,6312
11064,1676,round_start,0,1,T_e77473c8,0,0,0,6313
11065,1676,round_start,0,1,T_e77473c8,0,0,0,6314
11066,1676,round_start,413.17,2,T_4aa2650a,0,3,0,6314
11067,1677,round_start,0,1,T_8c03018b,0,0,1,6315
11068,1677,round_start,227.62,2,T_8c03018b,1,0,0,6315
11069,1677,round_start,408.06,3,T_8c03018b,2,0,2,6315
11070,1677,round_start,0,1,T_616470b8,0,0,0,6316
11071,1677,round_start,0,1,T_616470b8,0,0,0,6317
11072,1677,round_start,0,1,T_616470b8,0,0,0,6318
11073,1677,round_start,429.3,2,T_4aa2650a,0,3,0,6318
11074,1677,round_start,0,1,T_616470b8,0,0,0,6319
11075,1677,round_start,261.07,2,T_4aa2650a,0,3,0,6319
1392,249,round_start,0,1,T_8b3a2c80,0,0,0,
1393,249,round_start,425.41,2,T_f651b2a4,0,3,0,
3585,565,round_start,0,1,T_b61ee4a9,0,0,0,
2062,343,round_start,0,1,T_735f7bf9,0,0,0,
2063,345,round_start,0,1,T_32495e59,0,0,0,
2236,379,round_start,0,1,T_a02bf5e9,0,0,0,
2237,379,round_start,401.18,2,T_d0976a92,0,3,0,
2238,378,round_start,0,1,T_62c140a2,0,0,0,
2239,378,round_start,0,1,T_62c140a2,0,0,0,
3215,515,round_start,0,1,T_ff796947,0,0,0,
3406,539,round_start,0,1,T_a02bf5e9,0,0,0,
3407,539,round_start,0,1,T_a02bf5e9,0,0,0,
3408,539,round_start,0,1,T_8c03018b,0,0,1,
3409,539,round_start,228.66,2,T_8c03018b,1,0,2,
3410,539,round_start,459.83,3,T_8c03018b,2,0,0,
11082,1684,round_start,0,1,T_8c03018b,0,0,2,6325
11083,1684,round_start,247.47,2,T_8c03018b,0,1,1,6325
11084,1684,round_start,536.13,3,T_8c03018b,1,1,0,6325
11085,1683,round_start,0,1,T_8c03018b,0,0,2,6326
11086,1683,round_start,247.47,2,T_8c03018b,0,1,1,6326
11087,1683,round_start,536.13,3,T_8c03018b,1,1,0,6326
11088,1683,round_start,0,1,T_a02bf5e9,0,0,0,6327
11089,1685,round_start,0,1,T_8c03018b,0,0,1,6328
11090,1685,round_start,259.66,2,T_8c03018b,1,0,2,6328
11091,1685,round_start,427.8,3,T_8c03018b,2,0,0,6328
11092,1685,round_start,0,1,T_a02bf5e9,0,0,0,6329
11093,1685,round_start,502.31,2,T_5568bd9d,0,3,0,6329
11094,1685,round_start,0,1,T_a02bf5e9,0,0,0,6330
11095,1685,round_start,0,1,T_a02bf5e9,0,0,0,6331
11096,1685,round_start,0,1,T_a02bf5e9,0,0,0,6332
11097,1685,round_start,381.6,2,T_5568bd9d,0,3,0,6332
11098,1685,round_start,0,1,T_a02bf5e9,0,0,0,6333
11099,1685,round_start,0,1,T_a02bf5e9,0,0,0,6334
11100,1685,round_start,448.83,2,T_5568bd9d,0,3,0,6334
11101,1687,round_start,0,1,T_a02bf5e9,0,0,0,6335
11102,1688,round_start,0,1,T_8c03018b,0,0,0,6336
11103,1688,round_start,199.24,2,T_8c03018b,0,1,1,6336
11104,1688,round_start,441.77,3,T_8c03018b,0,2,2,6336
11105,1688,round_start,0,1,T_a02bf5e9,0,0,0,6337
11106,1688,round_start,247.19,2,T_5568bd9d,0,3,0,6337
11107,1688,round_start,0,1,T_a02bf5e9,0,0,0,6338
11110,1688,round_start,0,1,T_a02bf5e9,0,0,0,6341
11111,1688,round_start,345.38,2,T_5568bd9d,0,3,0,6341
11112,1688,round_start,0,1,T_a02bf5e9,0,0,0,6342
11113,1688,round_start,351.19,2,T_5568bd9d,0,3,0,6342
11114,1687,round_start,0,1,T_8c03018b,0,0,1,6343
11115,1687,round_start,293.56,2,T_8c03018b,1,0,2,6343
11116,1687,round_start,482.68,3,T_8c03018b,2,0,0,6343
11117,1689,round_start,0,1,T_8c03018b,0,0,0,6344
11118,1689,round_start,299.03,2,T_8c03018b,1,0,2,6344
11119,1689,round_start,480.96,3,T_8c03018b,2,0,1,6344
11120,1689,round_start,0,1,T_a02bf5e9,0,0,0,6345
11121,1689,round_start,423.65,2,T_5568bd9d,0,3,0,6345
11122,1689,round_start,0,1,T_a02bf5e9,0,0,0,6346
11123,1689,round_start,0,1,T_a02bf5e9,0,0,0,6347
11124,1689,round_start,0,1,T_a02bf5e9,0,0,0,6348
11125,1689,round_start,528.59,2,T_5568bd9d,0,3,0,6348
11126,1687,round_start,0,1,T_a02bf5e9,0,0,0,6349
11127,1687,round_start,395.19,2,T_5568bd9d,0,3,0,6349
11128,1687,round_start,0,1,T_a02bf5e9,0,0,0,6350
11129,1687,round_start,245.05,2,T_5568bd9d,0,3,0,6350
11130,1687,round_start,0,1,T_a02bf5e9,0,0,0,6351
11131,1687,round_start,0,1,T_a02bf5e9,0,0,0,6352
11132,1690,round_start,0,1,T_8c03018b,0,0,0,6353
11133,1690,round_start,0,1,T_8c03018b,0,0,1,6354
11134,1690,round_start,281.4,2,T_8c03018b,0,1,0,6354
11135,1690,round_start,518.55,3,T_8c03018b,1,1,2,6354
11136,1690,round_start,0,1,T_a02bf5e9,0,0,0,6355
11137,1690,round_start,320.37,2,T_5568bd9d,0,3,0,6355
11138,1690,round_start,852.99,3,T_a02bf5e9,3,3,0,6355
11139,1690,round_start,0,1,T_a02bf5e9,0,0,0,6356
11140,1690,round_start,452.7,2,T_5568bd9d,0,3,0,6356
11141,1690,round_start,0,1,T_a02bf5e9,0,0,0,6357
11142,1690,round_start,0,1,T_a02bf5e9,0,0,0,6358
11143,1690,round_start,0,1,T_a02bf5e9,0,0,0,6359
11144,1691,round_start,0,1,T_8c03018b,0,0,2,6360
11145,1691,round_start,313.2,2,T_8c03018b,1,0,0,6360
11146,1691,round_start,557.43,3,T_8c03018b,2,0,1,6360
11147,1691,round_start,0,1,T_a02bf5e9,0,0,0,6361
11148,1691,round_start,427.98,2,T_5568bd9d,0,3,0,6361
11149,1691,round_start,0,1,T_a02bf5e9,0,0,0,6362
11150,1691,round_start,0,1,T_a02bf5e9,0,0,0,6363
11151,1691,round_start,548.12,2,T_5568bd9d,0,3,0,6363
11152,1691,round_start,0,1,T_a02bf5e9,0,0,0,6364
11153,1691,round_start,0,1,T_8c03018b,0,0,1,6365
11154,1691,round_start,321,2,T_8c03018b,1,0,0,6365
11155,1691,round_start,544.72,3,T_8c03018b,2,0,2,6365
11156,1692,round_start,0,1,T_8c03018b,0,0,2,6366
11157,1692,round_start,196.23,2,T_8c03018b,1,0,1,6366
11158,1692,round_start,431.66,3,T_8c03018b,2,0,0,6366
11159,1692,round_start,0,1,T_a02bf5e9,0,0,0,6367
11160,1692,round_start,488.98,2,T_5568bd9d,0,3,0,6367
11161,1692,round_start,0,1,T_a02bf5e9,0,0,0,6368
11162,1692,round_start,397.75,2,T_5568bd9d,0,3,0,6368
11163,1692,round_start,0,1,T_a02bf5e9,0,0,0,6369
11164,1692,round_start,0,1,T_a02bf5e9,0,0,0,6370
11165,1693,round_start,0,1,T_a02bf5e9,0,0,0,6371
11166,1693,round_start,240.04,2,T_5568bd9d,0,3,0,6371
11167,1693,round_start,0,1,T_8c03018b,0,0,1,6372
11168,1693,round_start,161.75,2,T_8c03018b,1,0,0,6372
11169,1693,round_start,393.94,3,T_8c03018b,2,0,2,6372
11170,1693,round_start,0,1,T_a02bf5e9,0,0,0,6373
11171,1694,round_start,0,1,T_8c03018b,0,0,1,6374
11172,1694,round_start,247.5,2,T_8c03018b,0,1,2,6374
11173,1694,round_start,457.76,3,T_8c03018b,0,2,0,6374
11174,1694,round_start,0,1,T_a02bf5e9,0,0,0,6375
11175,1694,round_start,304.26,2,T_5568bd9d,0,3,0,6375
11176,1694,round_start,847.5,3,T_a02bf5e9,3,3,0,6375
11177,1694,round_start,0,1,T_a02bf5e9,0,0,0,6376
11178,1694,round_start,506.57,2,T_5568bd9d,0,3,0,6376
11179,1694,round_start,0,1,T_a02bf5e9,0,0,0,6377
11180,1694,round_start,0,1,T_a02bf5e9,0,0,0,6378
11181,1694,round_start,0,1,T_8c03018b,0,0,2,6379
11182,1694,round_start,167.11,2,T_8c03018b,0,1,1,6379
11183,1694,round_start,432.81,3,T_8c03018b,0,2,0,6379
11184,1695,round_start,0,1,T_8c03018b,0,0,0,6380
11185,1695,round_start,299.83,2,T_8c03018b,1,0,2,6380
11186,1695,round_start,458.91,3,T_8c03018b,1,1,1,6380
11187,1695,round_start,0,1,T_a02bf5e9,0,0,0,6381
11188,1695,round_start,495.76,2,T_5568bd9d,0,3,0,6381
11189,1695,round_start,0,1,T_a02bf5e9,0,0,0,6382
11190,1695,round_start,304.16,2,T_5568bd9d,0,3,0,6382
11191,1695,round_start,0,1,T_a02bf5e9,0,0,0,6383
11192,1695,round_start,0,1,T_a02bf5e9,0,0,0,6384
11193,1695,round_start,0,1,T_a02bf5e9,0,0,0,6385
11194,1693,round_start,0,1,T_a02bf5e9,0,0,0,6386
11195,1693,round_start,401.75,2,T_5568bd9d,0,3,0,6386
11196,1693,round_start,0,1,T_a02bf5e9,0,0,0,6387
11197,1693,round_start,0,1,T_a02bf5e9,0,0,0,6388
11198,1691,round_start,0,1,T_8c03018b,0,0,2,6389
11199,1691,round_start,313.2,2,T_8c03018b,1,0,0,6389
11200,1691,round_start,557.43,3,T_8c03018b,2,0,1,6389
11201,1696,round_start,0,1,T_8c03018b,0,0,2,6390
11202,1696,round_start,274.11,2,T_8c03018b,1,0,0,6390
11203,1696,round_start,568.92,3,T_8c03018b,2,0,1,6390
11204,1696,round_start,0,1,T_a02bf5e9,0,0,0,6391
11205,1696,round_start,436.64,2,T_5568bd9d,0,3,0,6391
11206,1696,round_start,916.55,3,T_5568bd9d,3,3,0,6391
11207,1696,round_start,0,1,T_a02bf5e9,0,0,0,6392
11208,1696,round_start,0,1,T_a02bf5e9,0,0,0,6393
11209,1696,round_start,0,1,T_a02bf5e9,0,0,0,6394
11210,1696,round_start,253.74,2,T_5568bd9d,0,3,0,6394
11211,1697,round_start,0,1,T_8c03018b,0,0,1,6395
11212,1697,round_start,247.85,2,T_8c03018b,0,1,0,6395
11213,1697,round_start,554.54,3,T_8c03018b,0,2,2,6395
11214,1697,round_start,0,1,T_a02bf5e9,0,0,0,6396
11215,1697,round_start,263.74,2,T_5568bd9d,0,3,0,6396
11216,1697,round_start,0,1,T_a02bf5e9,0,0,0,6397
11217,1697,round_start,300.24,2,T_5568bd9d,0,3,0,6397
11218,1697,round_start,0,1,T_a02bf5e9,0,0,0,6398
11219,1697,round_start,0,1,T_a02bf5e9,0,0,0,6399
11220,1697,round_start,319.27,2,T_5568bd9d,0,3,0,6399
11221,1697,round_start,0,1,T_8c03018b,0,0,2,6400
11222,1697,round_start,232.95,2,T_8c03018b,0,1,0,6400
11223,1697,round_start,500.41,3,T_8c03018b,1,1,1,6400
11224,1697,round_start,0,1,T_a02bf5e9,0,0,0,6401
11225,1698,round_start,0,1,T_8c03018b,0,0,1,6402
11226,1698,round_start,293.3,2,T_8c03018b,0,1,2,6402
11227,1698,round_start,588.36,3,T_8c03018b,0,2,0,6402
11228,1698,round_start,0,1,T_8c03018b,0,0,1,6403
11229,1698,round_start,224.32,2,T_8c03018b,0,1,0,6403
11230,1698,round_start,456.81,3,T_8c03018b,0,2,2,6403
11231,1698,round_start,0,1,T_a02bf5e9,0,0,0,6404
11232,1698,round_start,395.16,2,T_5568bd9d,0,3,0,6404
11234,1698,round_start,0,1,T_a02bf5e9,0,0,0,6406
11235,1698,round_start,0,1,T_a02bf5e9,0,0,0,6407
11236,1698,round_start,0,1,T_a02bf5e9,0,0,0,6408
11237,1698,round_start,425.24,2,T_5568bd9d,0,3,0,6408
7096,1079,round_start,0,1,T_a02bf5e9,0,0,0,
11240,1636,round_start,0,1,T_a02bf5e9,0,0,0,6410
11241,1636,round_start,263.48,2,T_5568bd9d,0,3,0,6410
11242,1700,round_start,0,1,T_a02bf5e9,0,0,0,6411
11243,1700,round_start,263.48,2,T_5568bd9d,0,3,0,6411
11244,1701,round_start,0,1,T_a02bf5e9,0,0,0,6412
11245,1701,round_start,263.48,2,T_5568bd9d,0,3,0,6412
11246,1701,round_start,0,1,T_a02bf5e9,0,0,0,6413
11247,1701,round_start,240.04,2,T_5568bd9d,0,3,0,6413
11248,1701,round_start,0,1,T_a02bf5e9,0,0,0,6414
11249,1701,round_start,0,1,T_8c03018b,0,0,1,6415
11250,1701,round_start,161.94,2,T_8c03018b,1,0,0,6415
11251,1701,round_start,367.23,3,T_8c03018b,2,0,2,6415
11252,1702,round_start,0,1,T_a02bf5e9,0,0,2,6416
11253,1702,round_start,182.51,2,T_a02bf5e9,0,1,1,6416
11254,1702,round_start,448.11,3,T_a02bf5e9,0,2,0,6416
11255,1702,round_start,0,1,T_a02bf5e9,0,0,0,6417
11256,1702,round_start,424.78,2,T_5568bd9d,0,3,0,6417
11257,1702,round_start,0,1,T_a02bf5e9,0,0,0,6418
11258,1702,round_start,504.91,2,T_5568bd9d,0,3,0,6418
11259,1702,round_start,0,1,T_a02bf5e9,0,0,0,6419
11260,1702,round_start,0,1,T_a02bf5e9,0,0,0,6420
11261,1702,round_start,0,1,T_a02bf5e9,0,0,0,6421
11262,1702,round_start,0,1,T_a02bf5e9,0,0,0,6422
11263,1702,round_start,0,1,T_a02bf5e9,0,0,0,6423
11264,1702,round_start,0,1,T_a02bf5e9,0,0,0,6424
11265,1702,round_start,0,1,T_a02bf5e9,0,0,0,6425
11266,1702,round_start,0,1,T_8c03018b,0,0,2,6426
11267,1702,round_start,167.03,2,T_8c03018b,1,0,0,6426
11268,1702,round_start,346.15,3,T_8c03018b,1,1,1,6426
11269,1704,round_start,0,1,T_8c03018b,0,0,1,6427
11270,1704,round_start,198.95,2,T_8c03018b,1,0,2,6427
11271,1704,round_start,520.43,3,T_8c03018b,1,1,0,6427
11272,1704,round_start,0,1,T_a02bf5e9,0,0,0,6428
11273,1704,round_start,504.49,2,T_5568bd9d,0,3,0,6428
11274,1704,round_start,0,1,T_a02bf5e9,0,0,0,6429
11275,1704,round_start,402.83,2,T_5568bd9d,0,3,0,6429
11276,1704,round_start,0,1,T_a02bf5e9,0,0,0,6430
11277,1704,round_start,0,1,T_a02bf5e9,0,0,0,6431
11278,1704,round_start,0,1,T_8c03018b,0,0,1,6432
11279,1704,round_start,288.1,2,T_8c03018b,1,0,2,6432
11280,1705,round_start,0,1,T_8c03018b,0,0,0,6433
11281,1705,round_start,364.06,2,T_8c03018b,1,0,2,6433
11282,1705,round_start,530.62,3,T_8c03018b,2,0,1,6433
11283,1705,round_start,0,1,T_87a36abe,0,0,0,6434
11284,1705,round_start,395.3,2,T_ed2937da,0,3,0,6434
11285,1705,round_start,0,1,T_87a36abe,0,0,0,6435
11286,1705,round_start,0,1,T_87a36abe,0,0,0,6436
11287,1705,round_start,0,1,T_87a36abe,0,0,0,6437
11288,1705,round_start,542.38,2,T_ed2937da,0,3,0,6437
11289,1706,round_start,0,1,T_8c03018b,0,0,2,6438
11290,1706,round_start,243.51,2,T_8c03018b,1,0,0,6438
11291,1706,round_start,514.79,3,T_8c03018b,2,0,1,6438
11292,1706,round_start,0,1,T_a02bf5e9,0,0,0,6439
11293,1706,round_start,322.41,2,T_5568bd9d,0,3,0,6439
11294,1706,round_start,0,1,T_a02bf5e9,0,0,0,6440
11295,1706,round_start,0,1,T_a02bf5e9,0,0,0,6441
11296,1706,round_start,0,1,T_a02bf5e9,0,0,0,6442
11297,1706,round_start,404.16,2,T_5568bd9d,0,3,0,6442
11298,1706,round_start,0,1,T_a02bf5e9,0,0,0,6443
11299,1707,round_start,0,1,T_8c03018b,0,0,2,6444
11300,1707,round_start,260.3,2,T_8c03018b,1,0,1,6444
11301,1707,round_start,547.57,3,T_8c03018b,2,0,0,6444
11308,1707,round_start,0,1,T_8d17b0d1,0,0,0,6447
11309,1707,round_start,330.62,2,T_29e0905e,0,3,0,6447
11310,1707,round_start,682.17,3,T_29e0905e,3,3,0,6447
11311,1707,round_start,0,1,T_8d17b0d1,0,0,0,6448
11312,1707,round_start,0,1,T_8d17b0d1,0,0,0,6449
11313,1707,round_start,268.6,2,T_29e0905e,0,3,0,6449
11314,1707,round_start,0,1,T_8d17b0d1,0,0,0,6450
11315,1708,round_start,0,1,T_e5416907,0,0,0,6451
11316,1708,round_start,243.14,2,T_e5416907,0,1,1,6451
11317,1708,round_start,413.62,3,T_e5416907,0,2,2,6451
11318,1708,round_start,0,1,T_e5416907,0,0,0,6452
11319,1708,round_start,0,1,T_e5416907,0,0,0,6453
11320,1708,round_start,299.4,2,T_3238eb96,0,3,0,6453
11331,1708,round_start,0,1,T_e5416907,0,0,0,6459
11332,1708,round_start,299.4,2,T_3238eb96,0,3,0,6459
11333,1708,round_start,0,1,T_e5416907,0,0,0,6460
11334,1708,round_start,419.67,2,T_3238eb96,0,3,0,6460
11335,1708,round_start,0,1,T_e5416907,0,0,0,6461
11336,1708,round_start,0,1,T_e5416907,0,0,0,6462
11337,1708,round_start,222.42,2,T_3238eb96,0,3,0,6462
11338,1708,round_start,0,1,T_e5416907,0,0,2,6463
11339,1708,round_start,264.14,2,T_e5416907,1,0,0,6463
11340,1708,round_start,541.19,3,T_e5416907,1,1,1,6463
11341,1709,round_start,0,1,T_8c03018b,0,0,0,6464
11342,1709,round_start,197.25,2,T_8c03018b,0,1,2,6464
11343,1709,round_start,429.85,3,T_8c03018b,0,2,1,6464
11344,1709,round_start,0,1,T_a02bf5e9,0,0,0,6465
11345,1709,round_start,482.75,2,T_5568bd9d,0,3,0,6465
11346,1709,round_start,0,1,T_a02bf5e9,0,0,0,6466
11347,1709,round_start,0,1,T_a02bf5e9,0,0,0,6467
11348,1709,round_start,499.01,2,T_5568bd9d,0,3,0,6467
11349,1709,round_start,0,1,T_a02bf5e9,0,0,0,6468
11350,1709,round_start,0,1,T_8c03018b,0,0,1,6469
11351,1709,round_start,285.89,2,T_8c03018b,0,1,0,6469
11352,1709,round_start,536.27,3,T_8c03018b,0,2,2,6469
11353,1710,round_start,0,1,T_8c03018b,0,0,1,6470
11354,1710,round_start,329.79,2,T_8c03018b,1,0,2,6470
11355,1710,round_start,518.23,3,T_8c03018b,1,1,0,6470
11356,1711,round_start,0,1,T_8c03018b,0,0,1,6471
11357,1711,round_start,329.79,2,T_8c03018b,1,0,2,6471
11358,1711,round_start,518.23,3,T_8c03018b,1,1,0,6471
11359,1712,round_start,0,1,T_8c03018b,0,0,1,6472
11360,1712,round_start,329.79,2,T_8c03018b,1,0,2,6472
11361,1712,round_start,518.23,3,T_8c03018b,1,1,0,6472
11362,1713,round_start,0,1,T_8c03018b,0,0,1,6473
11363,1713,round_start,329.79,2,T_8c03018b,1,0,2,6473
11364,1713,round_start,518.23,3,T_8c03018b,1,1,0,6473
11365,1714,round_start,0,1,T_8c03018b,0,0,1,6474
11366,1714,round_start,329.79,2,T_8c03018b,1,0,2,6474
11367,1714,round_start,518.23,3,T_8c03018b,1,1,0,6474
11368,1715,round_start,0,1,T_8c03018b,0,0,1,6475
11369,1715,round_start,329.79,2,T_8c03018b,1,0,2,6475
11370,1715,round_start,518.23,3,T_8c03018b,1,1,0,6475
11376,1718,round_start,0,1,T_8c03018b,0,0,1,6479
11377,1718,round_start,329.79,2,T_8c03018b,1,0,2,6479
11378,1718,round_start,518.23,3,T_8c03018b,1,1,0,6479
11373,1717,round_start,0,1,T_8c03018b,0,0,1,6478
11374,1717,round_start,329.79,2,T_8c03018b,1,0,2,6478
11375,1717,round_start,518.23,3,T_8c03018b,1,1,0,6478
11386,1720,round_start,0,1,T_2a090866,0,0,0,6484
11387,1720,round_start,484.69,2,T_29e0905e,0,3,0,6484
11388,1720,round_start,911.14,3,T_2a090866,3,3,0,6484
11389,1720,round_start,0,1,T_2a090866,0,0,0,6485
11390,1720,round_start,0,1,T_2a090866,0,0,0,6486
11391,1721,round_start,0,1,T_8c03018b,0,0,1,6487
11392,1721,round_start,329.79,2,T_8c03018b,1,0,2,6487
11393,1721,round_start,518.23,3,T_8c03018b,1,1,0,6487
11394,1722,round_start,0,1,T_8c03018b,0,0,1,6488
11395,1722,round_start,329.79,2,T_8c03018b,1,0,2,6488
11396,1722,round_start,518.23,3,T_8c03018b,1,1,0,6488
11397,1723,round_start,0,1,T_8c03018b,0,0,1,6489
11398,1723,round_start,289.29,2,T_8c03018b,0,1,0,6489
11399,1723,round_start,573.46,3,T_8c03018b,0,2,2,6489
11400,1723,round_start,0,1,T_a02bf5e9,0,0,0,6490
11401,1723,round_start,326.23,2,T_5568bd9d,0,3,0,6490
11402,1723,round_start,0,1,T_a02bf5e9,0,0,0,6491
11403,1723,round_start,251.74,2,T_5568bd9d,0,3,0,6491
11404,1723,round_start,0,1,T_a02bf5e9,0,0,0,6492
11405,1723,round_start,0,1,T_a02bf5e9,0,0,0,6493
11406,1723,round_start,0,1,T_8c03018b,0,0,2,6494
11407,1723,round_start,287.61,2,T_8c03018b,0,1,1,6494
11408,1723,round_start,558.89,3,T_8c03018b,1,1,0,6494
11412,1724,round_start,0,1,T_8c03018b,0,0,2,6497
11413,1724,round_start,173.18,2,T_8c03018b,1,0,1,6497
11414,1724,round_start,417.6,3,T_8c03018b,2,0,0,6497
11415,1724,round_start,0,1,T_a02bf5e9,0,0,0,6498
11416,1724,round_start,247.47,2,T_5568bd9d,0,3,0,6498
11417,1724,round_start,0,1,T_a02bf5e9,0,0,0,6499
11418,1724,round_start,0,1,T_a02bf5e9,0,0,0,6500
11419,1724,round_start,0,1,T_8c03018b,0,0,0,6501
11420,1724,round_start,225.12,2,T_8c03018b,0,1,1,6501
11421,1724,round_start,465.83,3,T_8c03018b,1,1,2,6501
11422,1726,round_start,0,1,T_8c03018b,0,0,2,6502
11423,1726,round_start,280.71,2,T_8c03018b,1,0,1,6502
11424,1726,round_start,467.71,3,T_8c03018b,2,0,0,6502
11425,1726,round_start,0,1,T_a02bf5e9,0,0,0,6503
11426,1726,round_start,0,1,T_a02bf5e9,0,0,0,6504
11427,1726,round_start,0,1,T_a02bf5e9,0,0,0,6505
11428,1726,round_start,456.7,2,T_5568bd9d,0,3,0,6505
11429,1726,round_start,0,1,T_a02bf5e9,0,0,0,6506
11430,1726,round_start,480.16,2,T_5568bd9d,0,3,0,6506
11431,1726,round_start,0,1,T_a02bf5e9,0,0,0,6507
11432,1727,round_start,0,1,T_8c03018b,0,0,1,6508
11433,1727,round_start,322.7,2,T_8c03018b,1,0,0,6508
11434,1727,round_start,509.26,3,T_8c03018b,1,1,2,6508
11435,1727,round_start,0,1,T_a02bf5e9,0,0,0,6509
11436,1727,round_start,399.52,2,T_5568bd9d,0,3,0,6509
11437,1727,round_start,0,1,T_a02bf5e9,0,0,0,6510
11438,1727,round_start,0,1,T_a02bf5e9,0,0,0,6511
11439,1727,round_start,0,1,T_a02bf5e9,0,0,0,6512
11440,1727,round_start,415.47,2,T_5568bd9d,0,3,0,6512
11441,1727,round_start,0,1,T_8c03018b,0,0,2,6513
11442,1727,round_start,243.46,2,T_8c03018b,0,1,1,6513
11443,1727,round_start,527.24,3,T_8c03018b,1,1,0,6513
11444,1727,round_start,0,1,T_a02bf5e9,0,0,0,6514
11445,1728,round_start,0,1,T_8c03018b,0,0,2,6515
11446,1728,round_start,355.33,2,T_8c03018b,0,1,0,6515
11447,1728,round_start,685.52,3,T_8c03018b,1,1,1,6515
11448,1728,round_start,0,1,T_a02bf5e9,0,0,0,6516
11449,1728,round_start,407.88,2,T_5568bd9d,0,3,0,6516
11450,1728,round_start,0,1,T_a02bf5e9,0,0,0,6517
11451,1728,round_start,0,1,T_a02bf5e9,0,0,0,6518
11452,1728,round_start,0,1,T_a02bf5e9,0,0,0,6519
11453,1728,round_start,510.26,2,T_5568bd9d,0,3,0,6519
11454,1728,round_start,0,1,T_8c03018b,0,0,2,6520
11455,1728,round_start,275.88,2,T_8c03018b,0,1,0,6520
11456,1728,round_start,532.71,3,T_8c03018b,0,2,1,6520
11460,1729,round_start,0,1,T_5dce4708,0,0,0,6522
11461,1729,round_start,194.96,2,T_4c3f37e0,0,3,0,6522
11462,1729,round_start,0,1,T_5dce4708,0,0,0,6523
11463,1729,round_start,205.95,2,T_4c3f37e0,0,3,0,6523
11464,1729,round_start,0,1,T_5dce4708,0,0,0,6524
11465,1729,round_start,0,1,T_5dce4708,0,0,0,6525
11466,1729,round_start,194.96,2,T_4c3f37e0,0,3,0,6525
11470,1729,round_start,0,1,T_8c03018b,0,0,1,6527
11471,1729,round_start,230.95,2,T_8c03018b,0,1,2,6527
11472,1729,round_start,503.92,3,T_8c03018b,0,2,0,6527
11473,1729,round_start,0,1,T_5dce4708,0,0,0,6528
11474,1729,round_start,194.96,2,T_4c3f37e0,0,3,0,6528
11475,1729,round_start,0,1,T_5dce4708,0,0,0,6529
11476,1729,round_start,205.95,2,T_4c3f37e0,0,3,0,6529
11477,1729,round_start,0,1,T_5dce4708,0,0,0,6530
11478,1729,round_start,0,1,T_5dce4708,0,0,0,6531
11479,1729,round_start,0,1,T_5dce4708,0,0,0,6532
11480,1729,round_start,488.95,2,T_4c3f37e0,0,3,0,6532
11481,1729,round_start,0,1,T_8c03018b,0,0,1,6533
11482,1729,round_start,261.55,2,T_8c03018b,0,1,0,6533
11483,1729,round_start,570.38,3,T_8c03018b,0,2,2,6533
11484,1730,round_start,0,1,T_8c03018b,0,0,1,6534
11485,1730,round_start,288.04,2,T_8c03018b,1,0,0,6534
11486,1730,round_start,579.33,3,T_8c03018b,2,0,2,6534
11487,1730,round_start,0,1,T_a02bf5e9,0,0,0,6535
11488,1730,round_start,265,2,T_5568bd9d,0,3,0,6535
11489,1730,round_start,0,1,T_a02bf5e9,0,0,0,6536
11490,1730,round_start,512.83,2,T_5568bd9d,0,3,0,6536
11491,1730,round_start,0,1,T_a02bf5e9,0,0,0,6537
11492,1730,round_start,0,1,T_a02bf5e9,0,0,0,6538
11493,1730,round_start,0,1,T_8c03018b,0,0,0,6539
11494,1730,round_start,227.03,2,T_8c03018b,0,1,2,6539
11495,1730,round_start,523.3,3,T_8c03018b,0,2,1,6539
11496,1730,round_start,0,1,T_a02bf5e9,0,0,0,6540
11500,1730,round_start,0,1,T_a02bf5e9,0,0,0,6542
11501,1731,round_start,0,1,T_8c03018b,0,0,2,6543
11502,1731,round_start,244.97,2,T_8c03018b,0,1,1,6543
11503,1731,round_start,441.05,3,T_8c03018b,1,1,0,6543
11504,1731,round_start,0,1,T_a02bf5e9,0,0,0,6544
11505,1731,round_start,441.31,2,T_5568bd9d,0,3,0,6544
11506,1731,round_start,0,1,T_a02bf5e9,0,0,0,6545
11507,1731,round_start,422.14,2,T_5568bd9d,0,3,0,6545
11508,1731,round_start,0,1,T_a02bf5e9,0,0,0,6546
11509,1731,round_start,0,1,T_a02bf5e9,0,0,0,6547
11510,1731,round_start,0,1,T_a02bf5e9,0,0,0,6548
11511,1731,round_start,497.92,2,T_5568bd9d,0,3,0,6548
11512,1732,round_start,0,1,T_8c03018b,0,0,0,6549
11513,1732,round_start,206.86,2,T_8c03018b,0,1,1,6549
11514,1732,round_start,378.28,3,T_8c03018b,0,2,2,6549
11515,1732,round_start,0,1,T_a02bf5e9,0,0,0,6550
11516,1732,round_start,333.11,2,T_5568bd9d,0,3,0,6550
11517,1732,round_start,0,1,T_a02bf5e9,0,0,0,6551
11518,1732,round_start,0,1,T_a02bf5e9,0,0,0,6552
11519,1732,round_start,0,1,T_a02bf5e9,0,0,0,6553
11520,1732,round_start,365.32,2,T_5568bd9d,0,3,0,6553
11521,1732,round_start,0,1,T_8c03018b,0,0,0,6554
11522,1732,round_start,238.61,2,T_8c03018b,0,1,1,6554
11523,1732,round_start,484.44,3,T_8c03018b,1,1,2,6554
11524,1733,round_start,0,1,T_8c03018b,0,0,0,6555
11525,1733,round_start,290.1,2,T_8c03018b,0,1,2,6555
11526,1733,round_start,582.31,3,T_8c03018b,0,2,1,6555
11527,1733,round_start,0,1,T_f9bed691,0,0,0,6556
11528,1733,round_start,374.57,2,T_3238eb96,0,3,0,6556
11529,1733,round_start,0,1,T_f9bed691,0,0,0,6557
11545,533,round_start,0,1,T_a02bf5e9,0,0,0,6573
11546,533,round_start,0,1,T_f9bed691,0,0,0,6574
11547,533,round_start,368.4,2,T_3238eb96,0,3,0,6574
11548,533,round_start,0,1,T_a02bf5e9,0,0,0,6575
11549,1736,round_start,0,1,T_8c03018b,0,0,0,6576
11550,1736,round_start,250.08,2,T_8c03018b,1,0,1,6576
11551,1736,round_start,428.87,3,T_8c03018b,2,0,2,6576
11552,1736,round_start,0,1,T_a02bf5e9,0,0,0,6577
11553,1736,round_start,519.82,2,T_5568bd9d,0,3,0,6577
11554,1736,round_start,0,1,T_a02bf5e9,0,0,0,6578
11555,1736,round_start,420.89,2,T_5568bd9d,0,3,0,6578
11556,1736,round_start,0,1,T_a02bf5e9,0,0,0,6579
11558,1736,round_start,0,1,T_a02bf5e9,0,0,0,6581
11559,1736,round_start,0,1,T_a02bf5e9,0,0,0,6582
11560,1737,round_start,0,1,T_8c03018b,0,0,0,6583
11561,1737,round_start,302.73,2,T_8c03018b,1,0,2,6583
11562,1737,round_start,589.46,3,T_8c03018b,2,0,1,6583
11563,1737,round_start,0,1,T_a02bf5e9,0,0,0,6584
11564,1737,round_start,535.45,2,T_5568bd9d,0,3,0,6584
11565,1737,round_start,0,1,T_a02bf5e9,0,0,0,6585
11566,1737,round_start,390.12,2,T_5568bd9d,0,3,0,6585
11567,1737,round_start,0,1,T_a02bf5e9,0,0,0,6586
11568,1737,round_start,0,1,T_a02bf5e9,0,0,0,6587
11569,1737,round_start,0,1,T_a02bf5e9,0,0,0,6588
11570,1737,round_start,434.98,2,T_5568bd9d,0,3,0,6588
11571,1738,round_start,0,1,T_8c03018b,0,0,1,6589
11572,1738,round_start,316.13,2,T_8c03018b,0,1,2,6589
11573,1738,round_start,584.44,3,T_8c03018b,1,1,0,6589
11574,1739,round_start,0,1,T_8c03018b,0,0,1,6590
11575,1739,round_start,318.63,2,T_8c03018b,0,1,0,6590
11576,1739,round_start,509.56,3,T_8c03018b,1,1,2,6590
11577,1739,round_start,0,1,T_a02bf5e9,0,0,0,6591
11578,1739,round_start,240.04,2,T_5568bd9d,0,3,0,6591
11579,1739,round_start,0,1,T_a02bf5e9,0,0,0,6592
11580,1739,round_start,561.8,2,T_5568bd9d,0,3,0,6592
11581,1739,round_start,0,1,T_a02bf5e9,0,0,0,6593
11582,1739,round_start,0,1,T_a02bf5e9,0,0,0,6594
11583,1738,round_start,0,1,T_a02bf5e9,0,0,0,6595
11584,1738,round_start,406.39,2,T_5568bd9d,0,3,0,6595
11585,1738,round_start,0,1,T_a02bf5e9,0,0,0,6596
11586,1738,round_start,485.16,2,T_5568bd9d,0,3,0,6596
11587,1738,round_start,0,1,T_a02bf5e9,0,0,0,6597
11590,1741,round_start,0,1,T_8c03018b,0,0,0,6599
11591,1741,round_start,289.02,2,T_8c03018b,0,1,2,6599
11592,1741,round_start,576.9,3,T_8c03018b,0,2,1,6599
11595,1741,round_start,0,1,T_a02bf5e9,0,0,0,6601
11623,1744,round_start,0,1,T_8c03018b,0,0,1,6620
11624,1744,round_start,254.14,2,T_8c03018b,1,0,2,6620
11625,1744,round_start,549.36,3,T_8c03018b,2,0,0,6620
11626,1744,round_start,0,1,T_a02bf5e9,0,0,0,6621
11627,1744,round_start,401.24,2,T_5568bd9d,0,3,0,6621
11628,1744,round_start,0,1,T_a02bf5e9,0,0,0,6622
11629,1744,round_start,240.04,2,T_5568bd9d,0,3,0,6622
11630,1744,round_start,0,1,T_a02bf5e9,0,0,0,6623
11631,1744,round_start,0,1,T_a02bf5e9,0,0,0,6624
11632,1746,round_start,0,1,T_8c03018b,0,0,0,6625
11633,1746,round_start,282.92,2,T_8c03018b,1,0,1,6625
11634,1746,round_start,521.34,3,T_8c03018b,1,1,2,6625
11635,1746,round_start,0,1,T_a02bf5e9,0,0,0,6626
11636,1746,round_start,403.75,2,T_5568bd9d,0,3,0,6626
11637,1746,round_start,978.22,3,T_a02bf5e9,3,3,0,6626
11638,1746,round_start,0,1,T_a02bf5e9,0,0,0,6627
11639,1746,round_start,284.35,2,T_5568bd9d,0,3,0,6627
11641,1746,round_start,0,1,T_a02bf5e9,0,0,0,6629
11642,1746,round_start,0,1,T_a02bf5e9,0,0,0,6630
11645,1747,round_start,0,1,T_a02bf5e9,0,0,0,6632
11646,1747,round_start,0,1,T_a02bf5e9,0,0,0,6633
11647,1747,round_start,406.22,2,T_5568bd9d,0,3,0,6633
11648,1747,round_start,0,1,T_8c03018b,0,0,2,6634
11649,1747,round_start,295.21,2,T_8c03018b,0,1,0,6634
11650,1747,round_start,477.19,3,T_8c03018b,0,2,1,6634
11652,1747,round_start,0,1,T_8c03018b,0,0,0,6636
11653,1747,round_start,342,2,T_8c03018b,1,0,2,6636
11654,1747,round_start,528.66,3,T_8c03018b,1,1,1,6636
11655,1749,round_start,0,1,T_a02bf5e9,0,0,0,6637
11656,1749,round_start,0,1,T_a02bf5e9,0,0,0,6638
11657,1749,round_start,415.78,2,T_5568bd9d,0,3,0,6638
11658,1749,round_start,0,1,T_a02bf5e9,0,0,0,6639
11659,1749,round_start,360.53,2,T_5568bd9d,0,3,0,6639
11660,1749,round_start,0,1,T_8c03018b,0,0,2,6640
11661,1749,round_start,241.59,2,T_8c03018b,0,1,0,6640
11662,1749,round_start,535.57,3,T_8c03018b,0,2,1,6640
11663,1749,round_start,0,1,T_a02bf5e9,0,0,0,6641
11664,1750,round_start,0,1,T_8c03018b,0,0,0,6642
11665,1750,round_start,241.51,2,T_8c03018b,0,1,2,6642
11666,1750,round_start,429.03,3,T_8c03018b,1,1,1,6642
11667,1750,round_start,0,1,T_a02bf5e9,0,0,0,6643
11668,1750,round_start,0,1,T_a02bf5e9,0,0,0,6644
11669,1750,round_start,286.96,2,T_5568bd9d,0,3,0,6644
11670,1750,round_start,0,1,T_a02bf5e9,0,0,0,6645
11671,1750,round_start,0,1,T_a02bf5e9,0,0,0,6646
11672,1750,round_start,0,1,T_a02bf5e9,0,0,0,6647
11674,1750,round_start,0,1,T_a02bf5e9,0,0,0,6649
11675,1751,round_start,0,1,T_8c03018b,0,0,0,6650
11676,1751,round_start,324.59,2,T_8c03018b,0,1,1,6650
11677,1751,round_start,591.73,3,T_8c03018b,0,2,2,6650
11678,1751,round_start,0,1,T_a02bf5e9,0,0,0,6651
11679,1751,round_start,334.07,2,T_5568bd9d,0,3,0,6651
11680,1751,round_start,0,1,T_a02bf5e9,0,0,0,6652
11681,1751,round_start,351.94,2,T_5568bd9d,0,3,0,6652
11682,1751,round_start,0,1,T_a02bf5e9,0,0,0,6653
11683,1751,round_start,0,1,T_a02bf5e9,0,0,0,6654
11684,1751,round_start,0,1,T_8c03018b,0,0,1,6655
11685,1751,round_start,252.2,2,T_8c03018b,1,0,0,6655
11686,1751,round_start,544.89,3,T_8c03018b,1,1,2,6655
11687,1752,round_start,0,1,T_8c03018b,0,0,1,6656
11688,1752,round_start,197.17,2,T_8c03018b,1,0,2,6656
11689,1752,round_start,417.07,3,T_8c03018b,1,1,0,6656
11690,1752,round_start,0,1,T_a02bf5e9,0,0,0,6657
11691,1752,round_start,437.84,2,T_5568bd9d,0,3,0,6657
11692,1752,round_start,0,1,T_a02bf5e9,0,0,0,6658
11693,1752,round_start,506.96,2,T_5568bd9d,0,3,0,6658
11694,1752,round_start,0,1,T_a02bf5e9,0,0,0,6659
11695,1753,round_start,0,1,T_8c03018b,0,0,0,6660
11696,1753,round_start,195.08,2,T_8c03018b,0,1,2,6660
11697,1753,round_start,469.65,3,T_8c03018b,1,1,1,6660
11698,1754,round_start,0,1,T_8c03018b,0,0,0,6661
11699,1754,round_start,195.08,2,T_8c03018b,0,1,2,6661
11700,1754,round_start,469.65,3,T_8c03018b,1,1,1,6661
11701,1755,round_start,0,1,T_8c03018b,0,0,0,6662
11702,1755,round_start,195.08,2,T_8c03018b,0,1,2,6662
11703,1755,round_start,469.65,3,T_8c03018b,1,1,1,6662
11704,1755,round_start,0,1,T_5a77f1ca,0,0,0,6663
11705,1755,round_start,435.51,2,T_4bc42396,0,3,0,6663
11706,1755,round_start,0,1,T_5a77f1ca,0,0,0,6664
11707,1755,round_start,0,1,T_5a77f1ca,0,0,0,6665
11708,1755,round_start,388.65,2,T_4bc42396,0,3,0,6665
11709,1755,round_start,0,1,T_5a77f1ca,0,0,0,6666
11710,1756,round_start,0,1,T_8c03018b,0,0,1,6667
11711,1756,round_start,247.35,2,T_8c03018b,0,1,2,6667
11712,1756,round_start,526.01,3,T_8c03018b,0,2,0,6667
11713,1756,round_start,0,1,T_a02bf5e9,0,0,0,6668
11714,1756,round_start,420.43,2,T_5568bd9d,0,3,0,6668
11715,1756,round_start,0,1,T_a02bf5e9,0,0,0,6669
11716,1756,round_start,411.07,2,T_5568bd9d,0,3,0,6669
11717,1756,round_start,0,1,T_a02bf5e9,0,0,0,6670
11718,1756,round_start,0,1,T_a02bf5e9,0,0,0,6671
11719,1756,round_start,0,1,T_8c03018b,0,0,0,6672
11720,1756,round_start,224.62,2,T_8c03018b,1,0,1,6672
11721,1756,round_start,477.83,3,T_8c03018b,2,0,2,6672
11722,1757,round_start,0,1,T_8c03018b,0,0,2,6673
11723,1757,round_start,349.52,2,T_8c03018b,0,1,0,6673
11724,1757,round_start,629.23,3,T_8c03018b,1,1,1,6673
11725,1757,round_start,0,1,T_a02bf5e9,0,0,0,6674
11726,1757,round_start,258.27,2,T_5568bd9d,0,3,0,6674
11727,1757,round_start,0,1,T_a02bf5e9,0,0,0,6675
11728,1757,round_start,0,1,T_a02bf5e9,0,0,0,6676
11729,1757,round_start,411.47,2,T_5568bd9d,0,3,0,6676
11730,1757,round_start,0,1,T_a02bf5e9,0,0,0,6677
11731,1758,round_start,0,1,T_8c03018b,0,0,1,6678
11732,1758,round_start,311.18,2,T_8c03018b,1,0,0,6678
11733,1758,round_start,630.08,3,T_8c03018b,1,1,2,6678
11734,1758,round_start,0,1,T_a02bf5e9,0,0,0,6679
11735,1758,round_start,594.05,2,T_5568bd9d,0,3,0,6679
11736,1758,round_start,0,1,T_a02bf5e9,0,0,0,6680
11737,1758,round_start,267.21,2,T_5568bd9d,0,3,0,6680
11738,1758,round_start,0,1,T_a02bf5e9,0,0,0,6681
11740,1758,round_start,0,1,T_a02bf5e9,0,0,0,6683
11741,1758,round_start,0,1,T_a02bf5e9,0,0,0,6684
11742,1758,round_start,594.05,2,T_5568bd9d,0,3,0,6684
11743,1758,round_start,0,1,T_a02bf5e9,0,0,0,6685
11744,1758,round_start,594.05,2,T_5568bd9d,0,3,0,6685
11745,1758,round_start,0,1,T_a02bf5e9,0,0,0,6686
11746,1758,round_start,594.05,2,T_5568bd9d,0,3,0,6686
11747,1759,round_start,0,1,T_8c03018b,0,0,2,6687
11748,1759,round_start,180.43,2,T_8c03018b,0,1,0,6687
11749,1759,round_start,406.56,3,T_8c03018b,0,2,1,6687
11750,1759,round_start,0,1,T_a02bf5e9,0,0,0,6688
11751,1759,round_start,253.64,2,T_5568bd9d,0,3,0,6688
11752,1759,round_start,0,1,T_a02bf5e9,0,0,0,6689
11753,1759,round_start,500.59,2,T_5568bd9d,0,3,0,6689
11754,1759,round_start,0,1,T_a02bf5e9,0,0,0,6690
11755,1760,round_start,0,1,T_8c03018b,0,0,1,6691
11756,1760,round_start,257.82,2,T_8c03018b,1,0,2,6691
11757,1760,round_start,539.23,3,T_8c03018b,1,1,0,6691
11758,1760,round_start,0,1,T_e9d6682a,0,0,0,6692
11759,1760,round_start,502.79,2,T_cb79cd49,0,3,0,6692
11760,1760,round_start,0,1,T_e9d6682a,0,0,0,6693
11761,1760,round_start,283.52,2,T_cb79cd49,0,3,0,6693
11762,1760,round_start,0,1,T_e9d6682a,0,0,0,6694
11763,1760,round_start,0,1,T_e9d6682a,0,0,0,6695
11764,1760,round_start,0,1,T_8c03018b,0,0,0,6696
11765,1760,round_start,186.88,2,T_8c03018b,0,1,2,6696
11766,1760,round_start,474.65,3,T_8c03018b,0,2,1,6696
11767,1761,round_start,0,1,T_8c03018b,0,0,0,6697
11768,1761,round_start,192.42,2,T_8c03018b,0,1,2,6697
11769,1761,round_start,413.16,3,T_8c03018b,0,2,1,6697
11770,1761,round_start,0,1,T_3238eb96,0,0,0,6698
11771,1761,round_start,406.32,2,T_dfe6a94e,0,3,0,6698
11772,1761,round_start,0,1,T_3238eb96,0,0,0,6699
11773,1761,round_start,0,1,T_3238eb96,0,0,0,6700
11774,1762,round_start,0,1,T_8c03018b,0,0,1,6701
11775,1762,round_start,246.62,2,T_8c03018b,1,0,0,6701
11776,1762,round_start,527.58,3,T_8c03018b,2,0,2,6701
11777,1762,round_start,0,1,T_a02bf5e9,0,0,0,6702
11778,1762,round_start,263.55,2,T_5568bd9d,0,3,0,6702
11779,1762,round_start,0,1,T_a02bf5e9,0,0,0,6703
11780,1762,round_start,0,1,T_a02bf5e9,0,0,0,6704
11781,1762,round_start,0,1,T_a02bf5e9,0,0,0,6705
11782,1762,round_start,225.84,2,T_5568bd9d,0,3,0,6705
11783,1762,round_start,0,1,T_a02bf5e9,0,0,0,6706
11784,1763,round_start,0,1,T_a02bf5e9,0,0,0,6707
11785,1763,round_start,0,1,T_a02bf5e9,0,0,0,6708
11786,1763,round_start,263.55,2,T_5568bd9d,0,3,0,6708
11787,1763,round_start,0,1,T_8c03018b,0,0,1,6709
11788,1763,round_start,246.62,2,T_8c03018b,1,0,0,6709
11789,1763,round_start,527.58,3,T_8c03018b,2,0,2,6709
11790,1763,round_start,0,1,T_a02bf5e9,0,0,0,6710
11791,1763,round_start,0,1,T_a02bf5e9,0,0,0,6711
11792,1763,round_start,225.84,2,T_5568bd9d,0,3,0,6711
11793,1763,round_start,0,1,T_a02bf5e9,0,0,0,6712
11794,1764,round_start,0,1,T_8c03018b,0,0,2,6713
11795,1764,round_start,298.96,2,T_8c03018b,0,1,0,6713
11796,1764,round_start,521.59,3,T_8c03018b,0,2,1,6713
11797,1764,round_start,0,1,T_a02bf5e9,0,0,0,6714
11798,1764,round_start,0,1,T_a02bf5e9,0,0,0,6715
11799,1764,round_start,0,1,T_a02bf5e9,0,0,0,6716
11800,1764,round_start,300.02,2,T_5568bd9d,0,3,0,6716
11805,1764,round_start,0,1,T_a02bf5e9,0,0,0,6719
11806,1764,round_start,505.97,2,T_5568bd9d,0,3,0,6719
11807,1764,round_start,0,1,T_8c03018b,0,0,2,6720
11808,1764,round_start,253.55,2,T_8c03018b,0,1,1,6720
11809,1764,round_start,576.69,3,T_8c03018b,1,1,0,6720
11810,1765,round_start,0,1,T_8c03018b,0,0,2,6721
11811,1765,round_start,301.1,2,T_8c03018b,1,0,0,6721
11812,1765,round_start,579.67,3,T_8c03018b,1,1,1,6721
11813,1765,round_start,0,1,T_a02bf5e9,0,0,0,6722
11814,1765,round_start,419.93,2,T_5568bd9d,0,3,0,6722
11815,1765,round_start,0,1,T_a02bf5e9,0,0,0,6723
11816,1765,round_start,395.12,2,T_5568bd9d,0,3,0,6723
11817,1765,round_start,0,1,T_a02bf5e9,0,0,0,6724
11818,1765,round_start,0,1,T_a02bf5e9,0,0,0,6725
11819,1765,round_start,0,1,T_a02bf5e9,0,0,0,6726
11820,1766,round_start,0,1,T_8c03018b,0,0,2,6727
11821,1766,round_start,260.3,2,T_8c03018b,1,0,1,6727
11822,1766,round_start,553.08,3,T_8c03018b,2,0,0,6727
11823,1766,round_start,0,1,T_a02bf5e9,0,0,0,6728
11824,1766,round_start,0,1,T_a02bf5e9,0,0,0,6729
11825,1766,round_start,270.7,2,T_5568bd9d,0,3,0,6729
11827,1766,round_start,0,1,T_a02bf5e9,0,0,0,6731
11828,1766,round_start,0,1,T_a02bf5e9,0,0,0,6732
11829,1766,round_start,398.22,2,T_5568bd9d,0,3,0,6732
11830,1766,round_start,733.26,3,T_a02bf5e9,3,3,0,6732
11831,1766,round_start,0,1,T_8c03018b,0,0,2,6733
11832,1766,round_start,303.03,2,T_8c03018b,1,0,1,6733
11833,1766,round_start,597.94,3,T_8c03018b,2,0,0,6733
11834,1767,round_start,0,1,T_8c03018b,0,0,2,6734
11835,1767,round_start,272.78,2,T_8c03018b,1,0,0,6734
11836,1767,round_start,581.49,3,T_8c03018b,1,1,1,6734
11837,1767,round_start,0,1,T_a02bf5e9,0,0,0,6735
11838,1767,round_start,266.92,2,T_5568bd9d,0,3,0,6735
11839,1767,round_start,0,1,T_a02bf5e9,0,0,0,6736
11840,1767,round_start,0,1,T_a02bf5e9,0,0,0,6737
11841,1767,round_start,373.98,2,T_5568bd9d,0,3,0,6737
11842,1767,round_start,0,1,T_a02bf5e9,0,0,0,6738
11867,1767,round_start,0,1,T_8c03018b,0,0,1,6767
11868,1767,round_start,309.56,2,T_8c03018b,1,0,2,6767
11869,1767,round_start,518.27,3,T_8c03018b,1,1,0,6767
11933,1833,round_start,0,1,T_a02bf5e9,0,0,0,6833
11934,1833,round_start,0,1,T_8c03018b,0,0,1,6834
11935,1833,round_start,251.98,2,T_8c03018b,1,0,0,6834
11936,1833,round_start,471.52,3,T_8c03018b,2,0,2,6834
11938,1833,round_start,0,1,T_a02bf5e9,0,0,0,6836
11970,1833,round_start,0,1,T_a02bf5e9,0,0,0,6868
11971,1833,round_start,520.67,2,T_5568bd9d,0,3,0,6868
12003,1833,round_start,0,1,T_a02bf5e9,0,0,0,6901
12004,1833,round_start,485.45,2,T_5568bd9d,0,3,0,6901
12036,1866,round_start,0,1,T_8c03018b,0,0,2,6934
12037,1866,round_start,188.13,2,T_8c03018b,1,0,1,6934
12038,1866,round_start,369.47,3,T_8c03018b,2,0,0,6934
12039,1866,round_start,0,1,T_a02bf5e9,0,0,0,6935
12040,1866,round_start,254.4,2,T_5568bd9d,0,3,0,6935
12041,1866,round_start,0,1,T_a02bf5e9,0,0,0,6936
12042,1866,round_start,417.32,2,T_5568bd9d,0,3,0,6936
12043,1866,round_start,0,1,T_a02bf5e9,0,0,0,6937
12044,1866,round_start,0,1,T_a02bf5e9,0,0,0,6938
12078,1903,round_start,0,1,T_8c03018b,0,0,2,6970
12079,1903,round_start,194.47,2,T_8c03018b,0,1,0,6970
12080,1903,round_start,511.58,3,T_8c03018b,1,1,1,6970
12081,1903,round_start,0,1,T_a02bf5e9,0,0,0,6971
12082,1903,round_start,412.59,2,T_5568bd9d,0,3,0,6971
12083,1903,round_start,0,1,T_a02bf5e9,0,0,0,6972
12084,1903,round_start,434.23,2,T_5568bd9d,0,3,0,6972
12085,1903,round_start,0,1,T_a02bf5e9,0,0,0,6973
12086,1903,round_start,0,1,T_a02bf5e9,0,0,0,6974
12105,1903,round_start,0,1,T_8c03018b,0,0,1,7001
12106,1903,round_start,154.02,2,T_8c03018b,1,0,0,7001
12107,1903,round_start,510.33,3,T_8c03018b,1,1,2,7001