id,scrimId,event_type,match_time,round_number,capturing_team,team_1_score,team_2_score,objective_index,control_team_1_progress,control_team_2_progress,match_time_remaining,MapDataId
68,31,round_end,172.33,1,T_8c03018b,0,1,1,0,100,0,30
69,31,round_end,479.59,2,T_8c03018b,0,2,0,94.11,100,0,30
70,31,round_end,727.37,3,T_8c03018b,0,3,2,57.97,100,0,30
71,31,round_end,442.81,1,T_a02bf5e9,0,3,3,0,0,37.34,31
72,31,round_end,947.39,2,T_5568bd9d,2,3,2,0,0,0,31
73,31,round_end,272.27,1,T_a02bf5e9,0,3,3,0,0,207.78,32
74,31,round_end,772.82,2,T_5568bd9d,2,3,2,0,0,0,32
75,31,round_end,851.77,6,T_a02bf5e9,4,1,2,0,0,40,33
76,31,round_end,616.93,1,T_a02bf5e9,0,0,0,0,0,0,34
86,34,round_end,616.93,1,T_a02bf5e9,0,0,0,0,0,0,40
87,29,round_end,172.33,1,T_8c03018b,0,1,1,0,100,0,42
88,29,round_end,479.59,2,T_8c03018b,0,2,0,94.11,100,0,42
89,29,round_end,727.37,3,T_8c03018b,0,3,2,57.97,100,0,42
90,35,round_end,423.36,1,T_a02bf5e9,0,1,1,0,0,0,43
91,35,round_end,670.99,2,T_5568bd9d,0,3,0,0,0,0,43
92,35,round_end,948.37,6,T_a02bf5e9,3,2,0,0,0,40,44
93,35,round_end,516.33,1,T_a02bf5e9,0,3,3,0,0,0,45
94,35,round_end,1023.35,2,T_5568bd9d,3,3,3,0,0,0,45
101,29,round_end,215.26,1,T_8c03018b,1,0,2,100,32.83,0,50
102,29,round_end,508.84,2,T_8c03018b,1,1,0,99.99,100,0,50
103,29,round_end,707.48,3,T_8c03018b,2,1,1,100,29.05,0,50
104,29,round_end,707.48,3,T_8c03018b,2,1,1,100,29.05,0,50
105,36,round_end,298.45,1,T_8c03018b,1,0,2,100,99.99,0,51
106,36,round_end,515.37,2,T_8c03018b,2,0,0,100,39.04,0,51
107,36,round_end,803.86,3,T_8c03018b,3,0,1,100,78.36,0,51
108,36,round_end,240.04,1,T_a02bf5e9,0,0,0,0,0,0,52
109,36,round_end,738.92,2,T_5568bd9d,2,3,2,0,0,0,52
110,36,round_end,945.95,6,T_a02bf5e9,3,2,2,0,0,40,53
111,36,round_end,531.24,1,T_a02bf5e9,0,2,2,0,0,0,54
112,36,round_end,1024.53,2,T_5568bd9d,3,3,3,0,0,0,54
113,36,round_end,632.44,1,T_a02bf5e9,0,0,0,0,0,0,55
114,36,round_end,260.27,1,T_8c03018b,0,1,2,68.04,100,0,56
133,29,round_end,215.26,1,T_8c03018b,1,0,2,100,32.83,0,62
134,29,round_end,508.84,2,T_8c03018b,1,1,0,99.99,100,0,62
135,29,round_end,707.48,3,T_8c03018b,2,1,1,100,29.05,0,62
136,29,round_end,707.48,3,T_8c03018b,2,1,1,100,29.05,0,62
137,29,round_end,313.02,1,T_8c03018b,1,0,2,100,99.99,0,63
138,29,round_end,577.94,2,T_8c03018b,2,0,0,100,69.71,0,63
139,29,round_end,813.14,3,T_8c03018b,3,0,1,100,46.08,0,63
140,29,round_end,313.02,1,T_8c03018b,1,0,2,100,99.99,0,64
141,29,round_end,577.94,2,T_8c03018b,2,0,0,100,69.71,0,64
142,29,round_end,813.14,3,T_8c03018b,3,0,1,100,46.08,0,64
143,29,round_end,313.02,1,T_8c03018b,1,0,2,100,99.99,0,65
144,29,round_end,577.94,2,T_8c03018b,2,0,0,100,69.71,0,65
145,29,round_end,813.14,3,T_8c03018b,3,0,1,100,46.08,0,65
146,38,round_end,215.26,1,T_8c03018b,1,0,2,100,32.83,0,66
147,38,round_end,508.84,2,T_8c03018b,1,1,0,99.99,100,0,66
148,38,round_end,707.48,3,T_8c03018b,2,1,1,100,29.05,0,66
149,38,round_end,707.48,3,T_8c03018b,2,1,1,100,29.05,0,66
160,40,round_end,652.78,1,T_a02bf5e9,0,0,0,0,0,0,72
161,40,round_end,169.63,1,T_8c03018b,0,1,1,0,100,0,73
162,40,round_end,396.68,2,T_8c03018b,1,1,2,100,32.31,0,73
163,40,round_end,552.92,3,T_8c03018b,2,1,0,100,0,0,73
164,40,round_end,676.98,1,T_a02bf5e9,0,0,0,0,0,0,74
172,29,round_end,513.59,1,T_a02bf5e9,0,3,3,0,0,0,82
173,29,round_end,1021.56,2,T_5568bd9d,3,3,3,0,0,0,82
174,43,round_end,260.88,1,T_8c03018b,0,1,2,83.49,100,0,83
175,43,round_end,563.95,2,T_8c03018b,1,1,1,100,99.99,0,83
176,43,round_end,806.83,3,T_8c03018b,1,2,0,36.41,100,0,83
177,43,round_end,806.83,3,T_8c03018b,1,2,0,36.41,100,0,83
178,43,round_end,504.88,1,T_a02bf5e9,0,3,3,0,0,0,84
179,43,round_end,931.92,2,T_5568bd9d,3,3,3,0,0,52.74,84
205,45,round_end,229.23,1,T_8c03018b,1,0,2,100,33.69,0,97
206,45,round_end,548,2,T_8c03018b,1,1,1,99.99,100,0,97
207,45,round_end,744.01,3,T_8c03018b,2,1,0,100,14.77,0,97
208,45,round_end,744.01,3,T_8c03018b,2,1,0,100,14.77,0,97
209,45,round_end,240.04,1,T_a02bf5e9,0,0,0,0,0,0,98
210,45,round_end,464.75,2,T_5568bd9d,3,3,3,0,0,255.5,98
211,45,round_end,464.75,2,T_5568bd9d,3,3,3,0,0,255.5,98
212,45,round_end,753.26,5,T_a02bf5e9,5,0,3,100,0,0,99
213,45,round_end,396.27,1,T_a02bf5e9,0,1,1,0,0,0,100
214,45,round_end,798.58,2,T_5568bd9d,3,3,3,0,0,77.59,100
215,45,round_end,798.58,2,T_5568bd9d,3,3,3,0,0,77.59,100
230,47,round_end,781.2,6,T_a02bf5e9,2,3,2,0,0,40,108
231,29,round_end,240.49,1,T_8c03018b,1,0,1,100,51.71,0,109
232,29,round_end,462.6,2,T_8c03018b,2,0,2,100,45.63,0,109
233,29,round_end,656.87,3,T_8c03018b,3,0,0,100,32.19,0,109
246,53,round_end,490.75,1,T_bbd123ed,0,2,2,0,0,0,128
247,53,round_end,927.28,2,T_9b28cc4d,3,3,3,0,0,43.24,128
248,53,round_end,927.28,2,T_9b28cc4d,3,3,3,0,0,43.24,128
252,53,round_end,338.35,1,T_8c03018b,0,1,0,99.99,100,0,130
253,53,round_end,639.16,2,T_8c03018b,0,2,1,99.99,100,0,130
254,53,round_end,799.84,3,T_8c03018b,0,3,2,0,100,0,130
255,53,round_end,822.79,6,T_01a3328b,4,1,4,0,0,40,131
275,57,round_end,280.65,1,T_8c03018b,1,0,1,100,97.91,0,139
276,57,round_end,465.16,2,T_8c03018b,2,0,2,100,17.17,0,139
277,57,round_end,624.55,3,T_8c03018b,3,0,0,100,0,0,139
278,57,round_end,245.05,1,T_a02bf5e9,0,0,0,0,0,0,140
279,57,round_end,508.88,2,T_5568bd9d,0,3,0,0,0,0,140
280,57,round_end,820.52,5,T_a02bf5e9,5,0,1,100,0,0,141
281,57,round_end,240.04,1,T_a02bf5e9,0,0,0,0,0,0,143
282,57,round_end,684.76,2,T_5568bd9d,3,3,3,0,0,35.22,143
283,57,round_end,684.76,2,T_5568bd9d,3,3,3,0,0,35.22,143
284,57,round_end,454.58,1,T_a02bf5e9,0,0,0,0,0,145.62,
285,57,round_end,163.59,1,T_8c03018b,1,0,1,100,0,0,
286,58,round_end,240.49,1,T_8c03018b,1,0,1,100,51.71,0,
287,58,round_end,462.6,2,T_8c03018b,2,0,2,100,45.63,0,
288,58,round_end,656.87,3,T_8c03018b,3,0,0,100,32.19,0,
289,58,round_end,262.49,1,T_a02bf5e9,0,0,0,0,0,0,
290,58,round_end,577.34,2,T_5568bd9d,3,3,3,0,0,165.32,
291,58,round_end,577.34,2,T_5568bd9d,3,3,3,0,0,165.32,
292,58,round_end,798.39,6,T_a02bf5e9,2,3,2,0,0,40,
293,58,round_end,497.14,1,T_a02bf5e9,0,2,2,0,0,0,
294,58,round_end,940.23,2,T_5568bd9d,3,3,3,0,0,36.68,
295,58,round_end,940.23,2,T_5568bd9d,3,3,3,0,0,36.68,
296,58,round_end,417.66,1,T_a02bf5e9,0,0,0,0,0,182.52,152
297,58,round_end,215.26,1,T_8c03018b,1,0,1,100,36.75,0,153
298,58,round_end,555.96,2,T_8c03018b,1,1,2,99.99,100,0,153
299,58,round_end,713.41,3,T_8c03018b,2,1,0,100,0,0,153
300,58,round_end,713.41,3,T_8c03018b,2,1,0,100,0,0,153
301,59,round_end,222.72,1,T_8c03018b,1,0,2,100,34.77,0,154
302,59,round_end,523.59,2,T_8c03018b,1,1,0,99.99,100,0,154
303,59,round_end,866.44,3,T_8c03018b,2,1,1,100,99.99,0,154
304,59,round_end,490.23,1,T_a02bf5e9,0,2,2,0,0,0,155
305,59,round_end,999.34,2,T_5568bd9d,3,3,3,0,0,0,155
306,59,round_end,999.34,2,T_5568bd9d,3,3,3,0,0,0,155
307,59,round_end,633.98,6,T_a02bf5e9,4,1,1,0,0,40,156
308,59,round_end,500.96,1,T_a02bf5e9,0,2,2,0,0,0,157
309,59,round_end,991.26,2,T_5568bd9d,2,3,2,0,0,0,157
310,59,round_end,605.22,1,T_a02bf5e9,0,0,0,0,0,0,158
311,59,round_end,310.4,1,T_8c03018b,1,0,2,100,96.71,0,159
312,59,round_end,636.55,2,T_8c03018b,1,1,0,99.99,100,0,159
313,59,round_end,851.02,3,T_8c03018b,2,1,1,100,0,0,159
314,59,round_end,851.02,3,T_8c03018b,2,1,1,100,0,0,159
315,60,round_end,259.96,1,T_8c03018b,0,1,2,62.52,100,0,160
316,60,round_end,437.51,2,T_8c03018b,1,1,1,100,0,0,160
317,60,round_end,652,3,T_8c03018b,1,2,0,0,100,0,160
318,60,round_end,652,3,T_8c03018b,1,2,0,0,100,0,160
319,60,round_end,435.18,1,T_a02bf5e9,0,3,3,0,0,44.97,161
320,60,round_end,841.3,2,T_5568bd9d,1,3,1,0,0,0,161
321,60,round_end,832.56,6,T_a02bf5e9,4,1,3,0,0,40,162
322,60,round_end,528.3,1,T_a02bf5e9,0,2,2,0,0,0,163
323,60,round_end,1025.13,2,T_5568bd9d,3,3,3,0,0,0,163
324,60,round_end,1025.13,2,T_5568bd9d,3,3,3,0,0,0,163
325,60,round_end,315.23,1,T_8c03018b,0,1,0,99.99,100,0,165
326,60,round_end,663.48,2,T_8c03018b,0,2,1,99.99,100,0,165
327,60,round_end,927.85,3,T_8c03018b,1,2,2,100,54.35,0,165
328,60,round_end,927.85,3,T_8c03018b,1,2,2,100,54.35,0,165
329,60,round_end,613.51,1,T_a02bf5e9,0,0,0,0,0,0,166
330,61,round_end,208.36,1,T_8c03018b,1,0,1,100,14.57,0,167
331,61,round_end,388.27,2,T_8c03018b,2,0,0,100,0,0,167
332,61,round_end,585.12,3,T_8c03018b,3,0,2,100,19.03,0,167
333,61,round_end,425.92,1,T_a02bf5e9,0,3,3,0,0,54.25,168
334,61,round_end,924.28,2,T_5568bd9d,2,3,2,0,0,0,168
335,61,round_end,766.6,5,T_a02bf5e9,5,0,2,100,0,0,169
336,61,round_end,499.72,1,T_a02bf5e9,0,2,2,0,0,0,170
337,61,round_end,933.39,2,T_5568bd9d,3,3,3,0,0,46.11,170
338,61,round_end,933.39,2,T_5568bd9d,3,3,3,0,0,46.11,170
339,61,round_end,650.79,1,T_a02bf5e9,0,0,0,0,0,0,171
340,61,round_end,192.07,1,T_8c03018b,1,0,0,100,0,0,172
341,61,round_end,373.91,2,T_8c03018b,1,1,1,0,100,0,172
342,61,round_end,688.39,3,T_8c03018b,2,1,2,100,99.99,0,172
343,61,round_end,688.39,3,T_8c03018b,2,1,2,100,99.99,0,172
344,34,round_end,536.79,1,T_a02bf5e9,0,2,2,0,0,0,173
345,34,round_end,956.57,2,T_5568bd9d,3,3,3,0,0,59.98,173
346,34,round_end,956.57,2,T_5568bd9d,3,3,3,0,0,59.98,173
347,62,round_end,237.29,1,T_8c03018b,0,1,1,59.41,100,0,174
348,62,round_end,555.12,2,T_8c03018b,0,2,0,90.93,100,0,174
349,62,round_end,805.3,3,T_8c03018b,0,3,2,48.57,100,0,174
350,62,round_end,491.92,1,T_a02bf5e9,0,2,2,0,0,0,175
351,62,round_end,1041.44,2,T_5568bd9d,3,3,3,0,0,17.71,175
352,62,round_end,1041.44,2,T_5568bd9d,3,3,3,0,0,17.71,175
353,62,round_end,931.8,6,T_a02bf5e9,3,2,2,0,0,40,176
354,62,round_end,487.67,1,T_a02bf5e9,0,3,3,0,0,0,177
355,62,round_end,973.96,2,T_5568bd9d,2,3,2,0,0,0,177
356,62,round_end,600.18,1,T_a02bf5e9,0,0,0,0,0,0,178
357,62,round_end,489.97,1,T_a02bf5e9,0,2,2,0,0,0,179
358,62,round_end,978.23,2,T_5568bd9d,3,3,3,0,0,0,179
359,62,round_end,978.23,2,T_5568bd9d,3,3,3,0,0,0,179
369,64,round_end,283.4,1,T_8c03018b,0,1,1,99.99,100,0,185
370,64,round_end,544.01,2,T_8c03018b,0,2,0,68.77,100,0,185
371,64,round_end,699.99,3,T_8c03018b,0,3,2,0,100,0,185
372,64,round_end,509.33,1,T_a02bf5e9,0,2,2,0,0,0,186
373,64,round_end,938.42,2,T_5568bd9d,1,3,1,0,0,0,186
374,64,round_end,776.48,6,T_a02bf5e9,3,2,3,0,0,40,187
375,64,round_end,356.24,1,T_a02bf5e9,0,3,3,0,0,123.86,188
376,64,round_end,836.18,2,T_5568bd9d,2,3,2,0,0,0,188
377,64,round_end,671.73,1,T_a02bf5e9,0,0,0,0,0,0,189
378,34,round_end,301.48,1,T_a02bf5e9,0,0,0,0,0,298.57,191
392,67,round_end,1003.5,6,T_a02bf5e9,3,2,1,0,0,40,197
393,67,round_end,502.95,1,T_a02bf5e9,0,2,2,0,0,0,198
394,67,round_end,844.04,2,T_5568bd9d,3,3,3,0,0,138.73,198
395,67,round_end,844.04,2,T_5568bd9d,3,3,3,0,0,138.73,198
396,67,round_end,600.16,1,T_a02bf5e9,0,0,0,0,0,0,199
397,67,round_end,208.78,1,T_8c03018b,1,0,2,100,33.6,0,200
398,67,round_end,380.38,2,T_8c03018b,2,0,0,100,0,0,200
399,67,round_end,680.21,3,T_8c03018b,2,1,1,99.99,100,0,200
400,67,round_end,680.21,3,T_8c03018b,2,1,1,99.99,100,0,200
401,67,round_end,536.79,1,T_a02bf5e9,0,2,2,0,0,0,201
402,67,round_end,956.57,2,T_5568bd9d,3,3,3,0,0,59.98,201
403,67,round_end,956.57,2,T_5568bd9d,3,3,3,0,0,59.98,201
413,69,round_end,495.2,1,T_a02bf5e9,0,2,2,0,0,0,206
414,69,round_end,854.27,2,T_5568bd9d,3,3,3,0,0,120.74,206
415,69,round_end,854.27,2,T_5568bd9d,3,3,3,0,0,120.74,206
416,69,round_end,480.23,1,T_a02bf5e9,0,2,2,0,0,0,207
417,69,round_end,960,2,T_5568bd9d,2,3,2,0,0,0,207
418,69,round_end,824.3,6,T_a02bf5e9,1,4,3,0,0,40,208
419,69,round_end,717.81,1,T_a02bf5e9,0,0,0,0,0,0,209
420,69,round_end,273.72,1,T_8c03018b,1,0,0,100,89.09,0,210
421,69,round_end,601.13,2,T_8c03018b,2,0,2,100,99.99,0,210
422,69,round_end,877.79,3,T_8c03018b,3,0,1,100,52.11,0,210
423,70,round_end,476.42,1,T_a02bf5e9,0,3,3,0,0,3.78,211
424,70,round_end,888.93,2,T_5568bd9d,1,3,1,0,0,0,211
425,71,round_end,476.42,1,T_a02bf5e9,0,3,3,0,0,3.78,212
426,71,round_end,888.93,2,T_5568bd9d,1,3,1,0,0,0,212
427,72,round_end,615.08,1,T_a02bf5e9,0,0,0,0,0,0,213
432,74,round_end,268.34,1,T_a02bf5e9,0,3,3,0,0,211.72,216
433,74,round_end,676.75,2,T_5568bd9d,3,3,3,0,0,71.69,216
434,74,round_end,982.61,6,T_a02bf5e9,3,2,2,0,0,40,217
435,74,round_end,441.98,1,T_a02bf5e9,0,3,3,0,0,38.19,218
436,74,round_end,921.75,2,T_5568bd9d,2,3,2,0,0,0,218
437,74,round_end,629.16,1,T_a02bf5e9,0,0,0,0,0,0,219
438,75,round_end,245.48,1,T_8c03018b,0,1,2,52.36,100,0,220
439,75,round_end,554.58,2,T_8c03018b,0,2,1,97.58,100,0,220
440,75,round_end,838.69,3,T_8c03018b,0,3,0,99.99,100,0,220
441,75,round_end,390.14,1,T_a02bf5e9,0,1,1,0,0,0,221
442,75,round_end,728.16,2,T_5568bd9d,3,3,3,0,0,141.98,221
443,75,round_end,728.16,2,T_5568bd9d,3,3,3,0,0,141.98,221
444,75,round_end,829.62,6,T_a02bf5e9,1,4,3,0,0,40,222
445,75,round_end,395.63,1,T_a02bf5e9,0,1,1,0,0,0,225
446,75,round_end,766.04,2,T_5568bd9d,3,3,3,0,0,109.47,225
447,75,round_end,766.04,2,T_5568bd9d,3,3,3,0,0,109.47,225
448,75,round_end,625.04,1,T_a02bf5e9,0,0,0,0,0,0,226
449,75,round_end,281.85,1,T_8c03018b,0,1,1,78.13,100,0,227
450,75,round_end,510.86,2,T_8c03018b,0,2,2,42.43,100,0,227
451,75,round_end,753.13,3,T_8c03018b,0,3,0,51,100,0,227
452,80,round_end,441.87,1,T_29b01666,0,3,3,0,0,38.28,232
453,80,round_end,930.21,2,T_7f8fc438,1,3,1,0,0,0,232
454,80,round_end,998.92,6,T_29b01666,4,1,4,0,0,40,233
458,80,round_end,665.47,1,T_29b01666,0,0,0,0,0,0,235
459,80,round_end,405.67,1,T_29b01666,0,3,3,0,0,74.47,236
460,80,round_end,680.17,2,T_7f8fc438,0,3,0,0,0,0,236
461,80,round_end,311.71,1,T_8c03018b,0,1,0,99.99,100,0,237
462,80,round_end,615.03,2,T_8c03018b,0,2,2,97.67,100,0,237
463,80,round_end,960.04,3,T_8c03018b,0,3,1,99.99,100,0,237
464,85,round_end,714.23,6,T_a02bf5e9,3,2,3,0,0,40,252
466,34,round_end,395.63,1,T_a02bf5e9,0,1,1,0,0,0,254
467,34,round_end,766.04,2,T_5568bd9d,3,3,3,0,0,109.47,254
468,34,round_end,766.04,2,T_5568bd9d,3,3,3,0,0,109.47,254
469,34,round_end,395.63,1,T_a02bf5e9,0,1,1,0,0,0,255
470,34,round_end,766.04,2,T_5568bd9d,3,3,3,0,0,109.47,255
471,34,round_end,766.04,2,T_5568bd9d,3,3,3,0,0,109.47,255
472,34,round_end,395.63,1,T_a02bf5e9,0,1,1,0,0,0,256
473,34,round_end,766.04,2,T_5568bd9d,3,3,3,0,0,109.47,256
474,34,round_end,766.04,2,T_5568bd9d,3,3,3,0,0,109.47,256
475,34,round_end,390.14,1,T_a02bf5e9,0,1,1,0,0,0,257
476,34,round_end,728.16,2,T_5568bd9d,3,3,3,0,0,141.98,257
477,34,round_end,728.16,2,T_5568bd9d,3,3,3,0,0,141.98,257
478,34,round_end,310.31,1,T_a02bf5e9,0,0,0,0,0,0,258
479,34,round_end,651.5,2,T_5568bd9d,3,3,3,0,0,138.92,258
480,34,round_end,651.5,2,T_5568bd9d,3,3,3,0,0,138.92,258
481,87,round_end,307.36,1,T_8c03018b,0,1,2,99.99,100,0,259
482,87,round_end,500.32,2,T_8c03018b,0,2,0,24.27,100,0,259
483,87,round_end,732.05,3,T_8c03018b,0,3,1,45.96,100,0,259
484,87,round_end,377.57,1,T_a02bf5e9,0,3,3,0,0,102.58,260
485,87,round_end,637.57,2,T_5568bd9d,0,3,0,0,0,0,260
486,87,round_end,774.14,5,T_a02bf5e9,0,5,1,51.52,100,0,261
487,87,round_end,294.75,1,T_a02bf5e9,0,3,3,0,0,185.35,262
488,87,round_end,539.68,2,T_5568bd9d,0,3,0,0,0,0,262
489,87,round_end,688.6,1,T_a02bf5e9,0,0,0,0,0,0,263
490,87,round_end,157.45,1,T_8c03018b,0,1,0,0,100,0,264
491,87,round_end,436.93,2,T_8c03018b,1,1,2,100,94.34,0,264
492,87,round_end,685.58,3,T_8c03018b,1,2,1,73.92,100,0,264
493,87,round_end,685.58,3,T_8c03018b,1,2,1,73.92,100,0,264
494,87,round_end,350.32,1,T_a02bf5e9,0,3,3,0,0,129.8,265
495,87,round_end,613.2,2,T_5568bd9d,0,3,0,0,0,0,265
499,85,round_end,296.89,1,T_a02bf5e9,0,3,3,0,0,183.18,267
500,85,round_end,686.79,2,T_5568bd9d,1,3,1,0,0,0,267
501,85,round_end,714.23,6,T_a02bf5e9,3,2,3,0,0,40,268
505,91,round_end,225.91,1,T_8c03018b,0,1,1,38.75,100,0,272
506,91,round_end,584.91,2,T_8c03018b,0,2,2,99.99,100,0,272
507,91,round_end,902.24,3,T_8c03018b,1,2,0,100,99.99,0,272
508,91,round_end,902.24,3,T_8c03018b,1,2,0,100,99.99,0,272
509,91,round_end,511.48,1,T_a02bf5e9,0,2,2,0,0,0,273
510,91,round_end,906.22,2,T_5568bd9d,3,3,3,0,0,85.04,273
511,91,round_end,906.22,2,T_5568bd9d,3,3,3,0,0,85.04,273
512,91,round_end,802.5,6,T_a02bf5e9,3,2,1,0,0,40,274
513,91,round_end,275.84,1,T_a02bf5e9,0,3,3,0,0,204.23,275
514,91,round_end,567.3,2,T_5568bd9d,3,3,3,0,0,188.65,275
515,91,round_end,637.83,1,T_a02bf5e9,0,0,0,0,0,0,276
516,91,round_end,222.77,1,T_8c03018b,1,0,1,100,38.8,0,277
517,91,round_end,468.04,2,T_8c03018b,2,0,0,100,67.79,0,277
518,91,round_end,631.87,3,T_8c03018b,2,1,2,0,100,0,277
519,91,round_end,631.87,3,T_8c03018b,2,1,2,0,100,0,277
520,92,round_end,327.03,1,T_8c03018b,1,0,2,100,93.05,0,278
521,92,round_end,576.21,2,T_8c03018b,1,1,1,70.08,100,0,278
522,92,round_end,807.92,3,T_8c03018b,2,1,0,100,48.63,0,278
523,92,round_end,807.92,3,T_8c03018b,2,1,0,100,48.63,0,278
524,92,round_end,229.12,1,T_3454a3d6,0,3,3,0,0,250.92,279
525,92,round_end,469.06,2,T_7f8fc438,0,3,0,0,0,0,279
526,92,round_end,426.28,1,T_3454a3d6,0,1,1,0,0,0,280
527,92,round_end,844.45,2,T_7f8fc438,1,3,1,0,0,0,280
528,92,round_end,760.77,6,T_3454a3d6,3,2,3,0,0,40,281
530,93,round_end,225.91,1,T_8c03018b,0,1,1,38.75,100,0,283
531,93,round_end,584.91,2,T_8c03018b,0,2,2,99.99,100,0,283
532,93,round_end,902.24,3,T_8c03018b,1,2,0,100,99.99,0,283
533,93,round_end,902.24,3,T_8c03018b,1,2,0,100,99.99,0,283
534,93,round_end,511.48,1,T_a02bf5e9,0,2,2,0,0,0,284
535,93,round_end,906.22,2,T_5568bd9d,3,3,3,0,0,85.04,284
536,93,round_end,906.22,2,T_5568bd9d,3,3,3,0,0,85.04,284
537,93,round_end,802.5,6,T_a02bf5e9,3,2,1,0,0,40,285
538,93,round_end,275.84,1,T_a02bf5e9,0,3,3,0,0,204.23,286
539,93,round_end,567.3,2,T_5568bd9d,3,3,3,0,0,188.65,286
540,93,round_end,637.83,1,T_a02bf5e9,0,0,0,0,0,0,287
541,93,round_end,222.77,1,T_8c03018b,1,0,1,100,38.8,0,288
542,93,round_end,468.04,2,T_8c03018b,2,0,0,100,67.79,0,288
543,93,round_end,631.87,3,T_8c03018b,2,1,2,0,100,0,288
544,93,round_end,631.87,3,T_8c03018b,2,1,2,0,100,0,288
545,94,round_end,329.08,1,T_8c03018b,1,0,0,100,99.99,0,289
546,94,round_end,492.08,2,T_8c03018b,2,0,1,100,0,0,289
547,94,round_end,653.62,3,T_8c03018b,3,0,2,100,0,0,289
548,94,round_end,507.05,1,T_a02bf5e9,0,2,2,0,0,0,290
549,94,round_end,796.49,2,T_5568bd9d,3,3,3,0,0,190.4,290
550,94,round_end,796.49,2,T_5568bd9d,3,3,3,0,0,190.4,290
551,94,round_end,860.99,6,T_a02bf5e9,4,1,3,0,0,40,291
552,94,round_end,509.41,1,T_a02bf5e9,0,2,2,0,0,0,292
553,94,round_end,918.22,2,T_5568bd9d,3,3,3,0,0,70.97,292
554,94,round_end,918.22,2,T_5568bd9d,3,3,3,0,0,70.97,292
555,94,round_end,607.75,1,T_a02bf5e9,0,0,0,0,0,0,293
556,94,round_end,239.17,1,T_8c03018b,1,0,2,100,67.99,0,295
557,94,round_end,546.95,2,T_8c03018b,2,0,0,100,89.47,0,295
558,94,round_end,753.81,3,T_8c03018b,3,0,1,100,30.23,0,295
572,96,round_end,281.39,1,T_beaf8cb4,0,3,3,0,0,198.68,305
573,96,round_end,769.29,2,T_7f8fc438,2,3,2,0,0,0,305
574,96,round_end,644.02,1,T_beaf8cb4,0,0,0,0,0,0,306
575,96,round_end,477.83,1,T_beaf8cb4,0,3,3,0,0,2.41,307
576,96,round_end,717.7,2,T_7f8fc438,0,3,0,0,0,0,307
577,96,round_end,181.79,1,T_8c03018b,0,1,1,0,100,0,308
578,96,round_end,440.91,2,T_8c03018b,1,1,2,100,83.6,0,308
579,96,round_end,613.56,3,T_8c03018b,1,2,0,0,100,0,308
580,96,round_end,613.56,3,T_8c03018b,1,2,0,0,100,0,308
593,97,round_end,618.44,1,T_a02bf5e9,0,0,0,0,0,0,318
594,97,round_end,330.12,1,T_8c03018b,0,1,0,86.32,100,0,319
595,97,round_end,629.36,2,T_8c03018b,0,2,1,99.99,100,0,319
596,97,round_end,877.56,3,T_8c03018b,1,2,2,100,57.85,0,319
597,97,round_end,877.56,3,T_8c03018b,1,2,2,100,57.85,0,319
598,99,round_end,246.99,1,T_8c03018b,1,0,1,100,45.51,0,320
599,99,round_end,529.22,2,T_8c03018b,2,0,0,100,81.07,0,320
600,99,round_end,780.42,3,T_8c03018b,3,0,2,100,41.08,0,320
601,99,round_end,420.57,1,T_a02bf5e9,0,1,1,0,0,0,321
602,99,round_end,896.81,2,T_5568bd9d,3,3,3,0,0,3.52,321
603,99,round_end,896.81,2,T_5568bd9d,3,3,3,0,0,3.52,321
604,99,round_end,813.52,5,T_a02bf5e9,5,0,1,100,99.99,0,322
605,99,round_end,315.98,1,T_a02bf5e9,0,3,3,0,0,164.12,323
606,99,round_end,834.25,2,T_5568bd9d,2,3,2,0,0,0,323
607,99,round_end,600.2,1,T_a02bf5e9,0,0,0,0,0,0,324
608,99,round_end,222.9,1,T_8c03018b,0,1,1,37.37,100,0,325
609,99,round_end,547.78,2,T_8c03018b,0,2,2,99.99,100,0,325
610,99,round_end,785.22,3,T_8c03018b,1,2,0,100,62.48,0,325
611,99,round_end,785.22,3,T_8c03018b,1,2,0,100,62.48,0,325
612,100,round_end,627.81,1,T_a02bf5e9,0,0,0,0,0,0,326
613,100,round_end,240.04,1,T_a02bf5e9,0,0,0,0,0,0,327
614,100,round_end,617.91,2,T_5568bd9d,3,3,3,0,0,102.2,327
615,100,round_end,617.91,2,T_5568bd9d,3,3,3,0,0,102.2,327
616,100,round_end,258.37,1,T_8c03018b,1,0,2,100,66.97,0,328
617,100,round_end,474.09,2,T_8c03018b,2,0,0,100,41.49,0,328
618,100,round_end,751.77,3,T_8c03018b,3,0,1,100,76.75,0,328
619,100,round_end,223.68,1,T_8c03018b,1,0,2,100,40.33,0,329
620,100,round_end,391.31,2,T_8c03018b,2,0,1,100,0,0,329
621,100,round_end,608.88,3,T_8c03018b,3,0,0,100,35.8,0,329
622,100,round_end,717.21,6,T_a02bf5e9,4,1,0,0,0,39.99,330
623,100,round_end,480.25,1,T_a02bf5e9,0,2,2,0,0,0,331
624,100,round_end,1002.11,2,T_5568bd9d,3,3,3,0,0,0,331
625,100,round_end,1002.11,2,T_5568bd9d,3,3,3,0,0,0,331
630,104,round_end,257.84,1,T_8c03018b,0,1,2,59.11,100,0,336
631,104,round_end,486.43,2,T_8c03018b,1,1,1,100,30.71,0,336
632,104,round_end,786.69,3,T_8c03018b,2,1,0,100,99.99,0,336
633,104,round_end,786.69,3,T_8c03018b,2,1,0,100,99.99,0,336
634,104,round_end,492.23,1,T_a02bf5e9,0,2,2,0,0,0,337
635,104,round_end,735.6,2,T_5568bd9d,3,3,3,0,0,236.5,337
636,104,round_end,735.6,2,T_5568bd9d,3,3,3,0,0,236.5,337
637,104,round_end,675.3,1,T_a02bf5e9,0,0,0,0,0,0,338
638,104,round_end,240.04,1,T_a02bf5e9,0,0,0,0,0,0,339
639,104,round_end,559.19,2,T_5568bd9d,3,3,3,0,0,161.08,339
640,104,round_end,559.19,2,T_5568bd9d,3,3,3,0,0,161.08,339
641,104,round_end,999.5,6,T_a02bf5e9,2,3,0,0,0,40,340
642,105,round_end,242.26,1,T_8c03018b,0,1,2,66.95,100,0,341
643,105,round_end,469.71,2,T_8c03018b,0,2,0,43.05,100,0,341
644,105,round_end,764.96,3,T_8c03018b,0,3,1,80.15,100,0,341
645,105,round_end,501.46,1,T_a02bf5e9,0,2,2,0,0,0,342
646,105,round_end,870.75,2,T_5568bd9d,3,3,3,0,0,110.52,342
647,105,round_end,870.75,2,T_5568bd9d,3,3,3,0,0,110.52,342
648,105,round_end,1061.96,6,T_a02bf5e9,1,4,4,0,0,40,343
649,105,round_end,716.73,1,T_a02bf5e9,0,0,0,0,0,0,344
650,105,round_end,396.84,1,T_a02bf5e9,0,1,1,0,0,0,345
651,105,round_end,802.65,2,T_5568bd9d,3,3,3,0,0,74.1,345
652,105,round_end,802.65,2,T_5568bd9d,3,3,3,0,0,74.1,345
668,34,round_end,860.99,6,T_a02bf5e9,4,1,3,0,0,40,353
669,107,round_end,305.9,1,T_8c03018b,1,0,1,100,96.5,0,354
670,107,round_end,590.36,2,T_8c03018b,2,0,0,100,77.32,0,354
671,107,round_end,880.6,3,T_8c03018b,2,1,2,90.07,100,0,354
672,107,round_end,880.6,3,T_8c03018b,2,1,2,90.07,100,0,354
673,107,round_end,798.66,6,T_a02bf5e9,2,3,0,0,0,40,355
674,107,round_end,390.14,1,T_a02bf5e9,0,1,1,0,0,0,356
675,107,round_end,667.14,2,T_5568bd9d,3,3,3,0,0,202.94,356
676,107,round_end,667.14,2,T_5568bd9d,3,3,3,0,0,202.94,356
677,107,round_end,182.22,1,T_8c03018b,0,1,1,0,100,0,358
678,107,round_end,477.89,2,T_8c03018b,0,2,2,99.99,100,0,358
679,107,round_end,769.02,3,T_8c03018b,1,2,0,100,70.32,0,358
680,107,round_end,769.02,3,T_8c03018b,1,2,0,100,70.32,0,358
681,108,round_end,297.42,1,T_8c03018b,0,1,0,97.36,100,0,359
682,108,round_end,617.31,2,T_8c03018b,0,2,2,99.99,100,0,359
683,108,round_end,828.1,3,T_8c03018b,1,2,1,100,46.44,0,359
684,108,round_end,828.1,3,T_8c03018b,1,2,1,100,46.44,0,359
685,108,round_end,480.21,1,T_01659e9a,0,2,2,0,0,0,360
686,108,round_end,793.81,2,T_7f8fc438,3,3,3,0,0,166.25,360
687,108,round_end,793.81,2,T_7f8fc438,3,3,3,0,0,166.25,360
697,109,round_end,600.17,1,T_a02bf5e9,0,0,0,0,0,0,367
701,111,round_end,227.47,1,T_8c03018b,1,0,1,100,41.19,0,369
702,112,round_end,192.24,1,T_8c03018b,1,0,2,100,0,0,370
703,112,round_end,486.08,2,T_8c03018b,2,0,0,100,99.99,0,370
704,112,round_end,660.03,3,T_8c03018b,3,0,1,100,0,0,370
705,112,round_end,378.05,1,T_a02bf5e9,0,3,3,0,0,102.09,371
706,112,round_end,680.78,2,T_5568bd9d,0,3,0,0,0,0,371
707,112,round_end,995.53,6,T_a02bf5e9,4,1,0,0,0,40,372
708,112,round_end,312.38,1,T_a02bf5e9,0,3,3,0,0,167.72,373
709,112,round_end,816.99,2,T_5568bd9d,3,3,3,0,0,0,373
710,112,round_end,630.33,1,T_a02bf5e9,0,0,0,0,0,0,374
711,112,round_end,252,1,T_8c03018b,0,1,0,61.31,100,0,375
712,112,round_end,567.84,2,T_8c03018b,0,2,1,99.99,100,0,375
713,112,round_end,896.97,3,T_8c03018b,0,3,2,99.99,100,0,375
714,113,round_end,182.13,1,T_8c03018b,1,0,1,100,0,0,376
715,113,round_end,391.56,2,T_8c03018b,2,0,0,100,15.21,0,376
716,113,round_end,653.38,3,T_8c03018b,3,0,2,100,65.13,0,376
717,113,round_end,989.41,6,T_504e1cd5,4,1,1,0,0,40,378
718,113,round_end,638.89,1,T_504e1cd5,0,0,0,0,0,0,379
719,113,round_end,495.97,1,T_504e1cd5,0,2,2,0,0,0,380
720,113,round_end,953.29,2,T_7f8fc438,3,3,3,0,0,22.44,380
721,113,round_end,953.29,2,T_7f8fc438,3,3,3,0,0,22.44,380
722,113,round_end,490.1,1,T_504e1cd5,0,3,3,0,0,0,384
723,113,round_end,917.01,2,T_7f8fc438,3,3,3,0,0,52.88,384
724,114,round_end,287.17,1,T_8c03018b,1,0,0,100,76.01,0,385
725,114,round_end,638.26,2,T_8c03018b,1,1,1,99.99,100,0,385
726,114,round_end,854.6,3,T_8c03018b,2,1,2,100,35.75,0,385
727,114,round_end,854.6,3,T_8c03018b,2,1,2,100,35.75,0,385
728,114,round_end,395.97,1,T_92ddd88e,0,1,1,0,0,0,386
729,114,round_end,875.88,2,T_7f8fc438,2,3,2,0,0,0,386
730,114,round_end,600.17,1,T_92ddd88e,0,0,0,0,0,0,387
731,114,round_end,925.13,5,T_92ddd88e,0,5,4,99.99,100,0,388
732,114,round_end,413.4,1,T_92ddd88e,0,1,1,0,0,0,389
733,114,round_end,835.35,2,T_7f8fc438,3,3,3,0,0,57.9,389
734,114,round_end,835.35,2,T_7f8fc438,3,3,3,0,0,57.9,389
735,114,round_end,322.19,1,T_8c03018b,1,0,2,100,99.99,0,390
736,114,round_end,521.24,2,T_8c03018b,2,0,1,100,14.09,0,390
737,114,round_end,812.83,3,T_8c03018b,2,1,0,87.99,100,0,390
738,114,round_end,812.83,3,T_8c03018b,2,1,0,87.99,100,0,390
739,115,round_end,253.52,1,T_8c03018b,1,0,1,100,62.03,0,391
740,115,round_end,569.59,2,T_8c03018b,2,0,0,100,90.68,0,391
741,115,round_end,808.89,3,T_8c03018b,3,0,2,100,54.33,0,391
742,115,round_end,499.65,1,T_a02bf5e9,0,3,3,0,0,0,392
743,115,round_end,984.69,2,T_5568bd9d,3,3,3,0,0,3.01,392
744,115,round_end,945.71,6,T_a02bf5e9,3,2,1,0,0,40,393
745,115,round_end,502.61,1,T_a02bf5e9,0,2,2,0,0,0,394
746,115,round_end,982.35,2,T_5568bd9d,2,3,2,0,0,0,394
747,115,round_end,688.42,1,T_a02bf5e9,0,0,0,0,0,0,395
748,116,round_end,210.12,1,T_8c03018b,1,0,2,100,19.81,0,396
749,116,round_end,579.95,2,T_8c03018b,1,1,0,99.99,100,0,396
750,116,round_end,813.21,3,T_8c03018b,1,2,1,20.73,100,0,396
751,116,round_end,813.21,3,T_8c03018b,1,2,1,20.73,100,0,396
752,116,round_end,770.49,5,T_a02bf5e9,5,0,3,100,0,0,398
753,116,round_end,395.13,1,T_a02bf5e9,0,1,1,0,0,0,399
754,116,round_end,820.43,2,T_5568bd9d,1,3,1,0,0,0,399
755,117,round_end,271.91,1,T_8c03018b,0,1,1,56.64,100,0,400
756,117,round_end,490.53,2,T_8c03018b,0,2,0,39.01,100,0,400
757,117,round_end,713.65,3,T_8c03018b,1,2,2,100,28.96,0,400
758,117,round_end,713.65,3,T_8c03018b,1,2,2,100,28.96,0,400
759,117,round_end,501.29,1,T_a02bf5e9,0,2,2,0,0,0,401
760,117,round_end,986.84,2,T_5568bd9d,2,3,2,0,0,0,401
761,117,round_end,866.18,6,T_a02bf5e9,3,2,0,0,0,40,402
762,117,round_end,513.05,1,T_a02bf5e9,0,3,3,0,0,0,403
763,117,round_end,905.28,2,T_5568bd9d,3,3,3,0,0,87.56,403
764,117,round_end,611.28,1,T_a02bf5e9,0,0,0,0,0,0,404
765,117,round_end,156.08,1,T_8c03018b,1,0,2,100,0,0,406
766,117,round_end,462.33,2,T_8c03018b,1,1,1,99.99,100,0,406
767,117,round_end,676.47,3,T_8c03018b,1,2,0,17.09,100,0,406
768,117,round_end,676.47,3,T_8c03018b,1,2,0,17.09,100,0,406
771,125,round_end,251.8,1,T_8c03018b,1,0,1,100,57.49,0,408
772,125,round_end,511.36,2,T_8c03018b,1,1,2,60.62,100,0,408
773,125,round_end,677.26,3,T_8c03018b,1,2,0,0,100,0,408
774,125,round_end,677.26,3,T_8c03018b,1,2,0,0,100,0,408
775,125,round_end,498.52,1,T_a02bf5e9,0,3,3,0,0,0,409
776,125,round_end,744.02,2,T_5568bd9d,3,3,3,0,0,234.39,409
777,125,round_end,938.31,6,T_a02bf5e9,2,3,0,0,0,40,410
781,125,round_end,621.76,1,T_a02bf5e9,0,0,0,0,0,0,412
782,125,round_end,289.75,1,T_8c03018b,0,1,1,97.12,100,0,413
783,125,round_end,540.5,2,T_8c03018b,0,2,0,77.51,100,0,413
784,125,round_end,811.68,3,T_8c03018b,1,2,2,100,49.8,0,413
785,125,round_end,811.68,3,T_8c03018b,1,2,2,100,49.8,0,413
790,127,round_end,211.68,1,T_8c03018b,1,0,0,100,0,0,415
791,127,round_end,486.57,2,T_8c03018b,2,0,2,100,76.13,0,415
792,127,round_end,721.46,3,T_8c03018b,3,0,1,100,40.59,0,415
793,127,round_end,422.68,1,T_a02bf5e9,0,1,1,0,0,0,416
794,127,round_end,908.54,2,T_5568bd9d,3,3,3,0,0,0,416
795,127,round_end,908.54,2,T_5568bd9d,3,3,3,0,0,0,416
796,127,round_end,840.28,6,T_a02bf5e9,3,2,1,0,0,40,417
797,127,round_end,428.07,1,T_a02bf5e9,0,1,1,0,0,0,418
798,127,round_end,918.19,2,T_5568bd9d,3,3,3,0,0,0,418
799,127,round_end,918.19,2,T_5568bd9d,3,3,3,0,0,0,418
801,127,round_end,167.83,1,T_8c03018b,0,1,1,0,100,0,420
802,127,round_end,450.24,2,T_8c03018b,1,1,2,100,75.63,0,420
803,127,round_end,731.35,3,T_8c03018b,1,2,0,90.21,100,0,420
804,127,round_end,731.35,3,T_8c03018b,1,2,0,90.21,100,0,420
824,129,round_end,287.41,1,T_8c03018b,0,1,2,81.16,100,0,429
825,129,round_end,542.49,2,T_8c03018b,0,2,1,70.47,100,0,429
826,129,round_end,868.2,3,T_8c03018b,1,2,0,100,99.99,0,429
827,129,round_end,868.2,3,T_8c03018b,1,2,0,100,99.99,0,429
828,129,round_end,312.42,1,T_a02bf5e9,0,3,3,0,0,167.69,430
829,129,round_end,797.45,2,T_5568bd9d,2,3,2,0,0,0,430
830,129,round_end,840.51,6,T_a02bf5e9,3,2,1,0,0,40,431
831,129,round_end,385.86,1,T_a02bf5e9,0,3,3,0,0,94.28,432
832,129,round_end,870.69,2,T_5568bd9d,2,3,2,0,0,0,432
833,129,round_end,617.2,1,T_a02bf5e9,0,0,0,0,0,0,433
842,131,round_end,248.22,1,T_8c03018b,1,0,0,100,69.89,0,436
843,131,round_end,529.5,2,T_8c03018b,1,1,2,94.42,100,0,436
844,131,round_end,805.91,3,T_8c03018b,1,2,1,83.24,100,0,436
845,131,round_end,805.91,3,T_8c03018b,1,2,1,83.24,100,0,436
846,131,round_end,260.33,1,T_a02bf5e9,0,0,0,0,0,0,437
847,131,round_end,719.61,2,T_5568bd9d,3,3,3,0,0,20.84,437
848,131,round_end,719.61,2,T_5568bd9d,3,3,3,0,0,20.84,437
849,131,round_end,883.13,6,T_a02bf5e9,2,3,4,0,0,40,438
850,131,round_end,502.9,1,T_a02bf5e9,0,2,2,0,0,0,439
851,131,round_end,828.45,2,T_5568bd9d,3,3,3,0,0,154.28,439
852,131,round_end,828.45,2,T_5568bd9d,3,3,3,0,0,154.28,439
853,131,round_end,401.92,1,T_a02bf5e9,0,1,1,0,0,0,440
854,131,round_end,906.03,2,T_5568bd9d,2,3,2,0,0,0,440
855,132,round_end,221.62,1,T_8c03018b,0,1,1,48.48,100,0,441
856,132,round_end,492.26,2,T_8c03018b,1,1,2,100,79.24,0,441
857,132,round_end,785.61,3,T_8c03018b,2,1,0,100,65.71,0,441
858,132,round_end,785.61,3,T_8c03018b,2,1,0,100,65.71,0,441
859,132,round_end,422.52,1,T_5c394d50,0,1,1,0,0,0,442
860,132,round_end,839.5,2,T_7f8fc438,1,3,1,0,0,0,442
861,132,round_end,538.04,1,T_5c394d50,0,0,0,0,0,62.17,443
862,132,round_end,882.15,5,T_5c394d50,5,0,1,100,58.24,0,444
863,132,round_end,411.61,1,T_5c394d50,0,1,1,0,0,0,445
864,132,round_end,761.23,2,T_7f8fc438,3,3,3,0,0,130.28,445
865,132,round_end,761.23,2,T_7f8fc438,3,3,3,0,0,130.28,445
866,133,round_end,165.93,1,T_8c03018b,0,1,2,0,100,0,446
867,133,round_end,403.67,2,T_8c03018b,0,2,1,41.85,100,0,446
868,133,round_end,665.53,3,T_8c03018b,1,2,0,100,51.32,0,446
869,133,round_end,665.53,3,T_8c03018b,1,2,0,100,51.32,0,446
870,133,round_end,262.27,1,T_a02bf5e9,0,0,0,0,0,0,447
871,133,round_end,695.78,2,T_5568bd9d,3,3,3,0,0,46.52,447
872,133,round_end,695.78,2,T_5568bd9d,3,3,3,0,0,46.52,447
874,133,round_end,674.16,1,T_a02bf5e9,0,0,0,0,0,0,449
875,133,round_end,240.04,1,T_a02bf5e9,0,0,0,0,0,0,450
876,133,round_end,654.37,2,T_5568bd9d,3,3,3,0,0,65.84,450
877,133,round_end,654.37,2,T_5568bd9d,3,3,3,0,0,65.84,450
878,133,round_end,285.99,1,T_8c03018b,0,1,1,92.93,100,0,451
879,133,round_end,488.77,2,T_8c03018b,1,1,2,100,0,0,451
880,133,round_end,816.55,3,T_8c03018b,2,1,0,100,91.76,0,451
881,133,round_end,816.55,3,T_8c03018b,2,1,0,100,91.76,0,451
882,134,round_end,307.21,1,T_8c03018b,0,1,2,85.48,100,0,452
883,134,round_end,555.35,2,T_8c03018b,0,2,0,47.93,100,0,452
884,134,round_end,910.68,3,T_8c03018b,0,3,1,99.99,100,0,452
885,134,round_end,489.63,1,T_a02bf5e9,0,3,3,0,0,0,453
886,134,round_end,984.49,2,T_5568bd9d,2,3,2,0,0,0,453
887,134,round_end,781.71,6,T_a02bf5e9,2,3,2,0,0,40,454
891,134,round_end,692.21,1,T_a02bf5e9,0,0,0,0,0,0,456
892,134,round_end,273.19,1,T_8c03018b,1,0,2,100,75.37,0,457
893,134,round_end,568.94,2,T_8c03018b,2,0,1,100,62.6,0,457
894,134,round_end,842.44,3,T_8c03018b,3,0,0,100,65.46,0,457
895,135,round_end,859.76,6,T_a02bf5e9,3,2,0,0,0,40,458
899,137,round_end,315.23,1,T_8c03018b,0,1,2,99.99,100,0,460
900,137,round_end,494.1,2,T_8c03018b,0,2,0,0,100,0,460
901,137,round_end,674.42,3,T_8c03018b,0,3,1,0,100,0,460
902,137,round_end,245.8,1,T_e10c87f5,0,0,0,0,0,0,461
903,137,round_end,532.49,2,T_8e0805e1,3,3,3,0,0,193.48,461
904,137,round_end,532.49,2,T_8e0805e1,3,3,3,0,0,193.48,461
905,137,round_end,891.24,6,T_e10c87f5,4,1,4,0,0,40,462
906,137,round_end,480.11,1,T_e10c87f5,0,2,2,0,0,0,463
907,137,round_end,752.23,2,T_8e0805e1,3,3,3,0,0,207.74,463
908,137,round_end,752.23,2,T_8e0805e1,3,3,3,0,0,207.74,463
909,137,round_end,626.85,1,T_e10c87f5,0,0,0,0,0,0,464
910,137,round_end,308.46,1,T_8c03018b,1,0,1,100,99.99,0,465
911,137,round_end,597.5,2,T_8c03018b,2,0,0,100,77.47,0,465
916,135,round_end,552.04,1,T_a02bf5e9,0,2,2,0,0,0,467
917,135,round_end,1054.22,2,T_5568bd9d,2,3,2,0,0,0,467
918,135,round_end,733.87,1,T_a02bf5e9,0,0,0,0,0,0,468
919,135,round_end,245.05,1,T_a02bf5e9,0,0,0,0,0,0,469
920,135,round_end,768.24,2,T_5568bd9d,2,3,2,0,0,0,469
921,135,round_end,286.81,1,T_8c03018b,0,1,1,64.88,100,0,470
922,135,round_end,628.55,2,T_8c03018b,1,1,2,100,99.99,0,470
923,135,round_end,915.06,3,T_8c03018b,1,2,0,85.97,100,0,470
924,135,round_end,915.06,3,T_8c03018b,1,2,0,85.97,100,0,470
925,139,round_end,610.76,1,T_326e943d,0,0,0,0,0,0,471
926,139,round_end,941.48,6,T_326e943d,3,2,4,0,0,40,472
942,141,round_end,168.73,1,T_8c03018b,0,1,0,0,100,0,480
943,141,round_end,444.29,2,T_8c03018b,1,1,2,100,69.35,0,480
944,141,round_end,772.94,3,T_8c03018b,2,1,1,100,99.99,0,480
945,141,round_end,772.94,3,T_8c03018b,2,1,1,100,99.99,0,480
946,141,round_end,414.34,1,T_a02bf5e9,0,1,1,0,0,0,481
947,141,round_end,661.41,2,T_5568bd9d,0,3,0,0,0,0,481
948,141,round_end,813.85,5,T_a02bf5e9,0,5,4,64.43,100,0,482
949,141,round_end,413.78,1,T_a02bf5e9,0,3,3,0,0,66.34,483
950,141,round_end,899.08,2,T_5568bd9d,2,3,2,0,0,0,483
951,141,round_end,691.24,1,T_a02bf5e9,0,0,0,0,0,0,484
952,141,round_end,210.15,1,T_8c03018b,0,1,2,23.67,100,0,485
953,141,round_end,427.46,2,T_8c03018b,1,1,0,100,35.09,0,485
954,141,round_end,601.93,3,T_8c03018b,2,1,1,100,0,0,485
955,141,round_end,601.93,3,T_8c03018b,2,1,1,100,0,0,485
977,146,round_end,345.98,1,T_8c03018b,0,1,2,99.99,100,0,500
978,146,round_end,551.27,2,T_8c03018b,1,1,1,100,0,0,500
979,146,round_end,810.66,3,T_8c03018b,1,2,0,40.32,100,0,500
980,146,round_end,810.66,3,T_8c03018b,1,2,0,40.32,100,0,500
981,146,round_end,412.53,1,T_a02bf5e9,0,3,3,0,0,67.64,502
982,146,round_end,814.23,2,T_5568bd9d,1,3,1,0,0,0,502
983,146,round_end,631.26,1,T_a02bf5e9,0,0,0,0,0,0,503
984,146,round_end,814.21,5,T_a02bf5e9,0,5,2,29.32,100,0,504
985,146,round_end,485.68,1,T_a02bf5e9,0,3,3,0,0,0,505
986,146,round_end,936.07,2,T_5568bd9d,3,3,3,0,0,29.42,505
1021,153,round_end,225.59,1,T_8c03018b,1,0,1,100,28.43,0,519
1022,153,round_end,425.04,2,T_8c03018b,1,1,2,19.01,100,0,519
1023,153,round_end,695.83,3,T_8c03018b,1,2,0,49.88,100,0,519
1024,153,round_end,695.83,3,T_8c03018b,1,2,0,49.88,100,0,519
1025,153,round_end,415.99,1,T_a02bf5e9,0,1,1,0,0,0,520
1026,153,round_end,919.15,2,T_5568bd9d,2,3,2,0,0,0,520
1028,153,round_end,240.04,1,T_a02bf5e9,0,0,0,0,0,0,522
1029,153,round_end,574.59,2,T_5568bd9d,3,3,3,0,0,145.58,522
1030,153,round_end,574.59,2,T_5568bd9d,3,3,3,0,0,145.58,522
1031,153,round_end,250.62,1,T_a02bf5e9,0,0,0,0,0,349.43,523
1032,153,round_end,309.14,1,T_8c03018b,0,1,2,67.92,100,0,524
1033,153,round_end,620.61,2,T_8c03018b,0,2,0,99.99,100,0,524
1034,153,round_end,901.82,3,T_8c03018b,0,3,1,45.56,100,0,524
1065,156,round_end,279.38,1,T_8c03018b,0,1,0,73.96,100,0,540
1066,156,round_end,540.3,2,T_8c03018b,1,1,1,100,77.52,0,540
1067,156,round_end,822.45,3,T_8c03018b,2,1,2,100,80.48,0,540
1068,156,round_end,822.45,3,T_8c03018b,2,1,2,100,80.48,0,540
1069,156,round_end,485.27,1,T_6245d371,0,2,2,0,0,0,541
1070,156,round_end,985.2,2,T_b16cd221,2,3,2,0,0,0,541
1071,156,round_end,600.18,1,T_6245d371,0,0,0,0,0,0,542
1072,156,round_end,834.96,6,T_6245d371,3,2,1,0,0,40,543
1073,156,round_end,364.12,1,T_6245d371,0,3,3,0,0,116,545
1074,156,round_end,843.99,2,T_b16cd221,2,3,2,0,0,0,545
1083,157,round_end,940.95,6,T_9b28cc4d,2,3,4,0,0,40,554
1084,158,round_end,179.85,1,T_8c03018b,1,0,0,100,0,0,555
1085,158,round_end,434.01,2,T_8c03018b,2,0,1,100,60.73,0,555
1086,158,round_end,724.3,3,T_8c03018b,3,0,2,100,89.97,0,555
1087,158,round_end,390.16,1,T_a02bf5e9,0,1,1,0,0,0,556
1088,158,round_end,869.95,2,T_5568bd9d,2,3,2,0,0,0,556
1089,158,round_end,645,1,T_a02bf5e9,0,0,0,0,0,0,557
1090,158,round_end,859.43,6,T_a02bf5e9,3,2,2,0,0,40,558
1091,158,round_end,265.02,1,T_a02bf5e9,0,0,0,0,0,0,559
1092,158,round_end,695.7,2,T_5568bd9d,3,3,3,0,0,49.42,559
1093,158,round_end,695.7,2,T_5568bd9d,3,3,3,0,0,49.42,559
1094,158,round_end,241.11,1,T_8c03018b,0,1,2,49.88,100,0,560
1095,158,round_end,503.88,2,T_8c03018b,1,1,1,100,78.87,0,560
1096,158,round_end,788.54,3,T_8c03018b,1,2,0,99.99,100,0,560
1097,158,round_end,788.54,3,T_8c03018b,1,2,0,99.99,100,0,560
1098,158,round_end,214.4,1,T_8c03018b,1,0,1,100,32.12,0,561
1099,158,round_end,491.56,2,T_8c03018b,1,1,0,81.33,100,0,561
1100,158,round_end,788.66,3,T_8c03018b,2,1,2,100,98.66,0,561
1101,158,round_end,788.66,3,T_8c03018b,2,1,2,100,98.66,0,561
1102,159,round_end,808.73,6,T_15eee8e2,2,3,3,0,0,40,562
1103,159,round_end,480.23,1,T_15eee8e2,0,2,2,0,0,0,563
1104,159,round_end,882.79,2,T_d0a9a53d,1,3,1,0,0,0,563
1108,160,round_end,294.31,1,T_8c03018b,0,1,2,99.99,100,0,566
1109,160,round_end,543.71,2,T_8c03018b,1,1,1,100,73.28,0,566
1110,160,round_end,830.64,3,T_8c03018b,1,2,0,87.8,100,0,566
1111,160,round_end,830.64,3,T_8c03018b,1,2,0,87.8,100,0,566
1122,163,round_end,840.71,6,T_b97bd774,3,2,1,0,0,40,574
1123,163,round_end,631.15,1,T_b97bd774,0,0,0,0,0,0,575
1124,164,round_end,217.77,1,T_8c03018b,1,0,2,100,40.88,0,577
1125,164,round_end,421.09,2,T_8c03018b,1,1,0,27.77,100,0,577
1126,164,round_end,645.73,3,T_8c03018b,1,2,1,55.39,100,0,577
1127,164,round_end,645.73,3,T_8c03018b,1,2,1,55.39,100,0,577
1128,164,round_end,644.9,5,T_270d1832,0,5,4,61.9,100,0,578
1129,164,round_end,296.39,1,T_8c03018b,0,1,2,83.91,100,0,579
1130,164,round_end,577.67,2,T_8c03018b,0,2,0,58.69,100,0,579
1131,164,round_end,853.83,3,T_8c03018b,0,3,1,83.31,100,0,579
1132,164,round_end,379.89,1,T_270d1832,0,3,3,0,0,100.25,580
1133,164,round_end,640.47,2,T_7f8fc438,0,3,0,0,0,0,580
1134,164,round_end,678.25,1,T_270d1832,0,0,0,0,0,0,581
1135,164,round_end,401.37,1,T_270d1832,0,3,3,0,0,78.78,582
1136,164,round_end,778.48,2,T_7f8fc438,3,3,3,0,0,102.81,582
1139,171,round_end,894.25,6,T_ec64cb45,2,3,2,0,0,40,589
1140,171,round_end,507.28,1,T_ec64cb45,0,2,2,0,0,0,590
1141,171,round_end,1020.52,2,T_b733c15a,2,3,2,0,0,0,590
1142,163,round_end,458.79,1,T_b97bd774,0,3,3,0,0,21.4,591
1143,163,round_end,969.33,2,T_9b28cc4d,3,3,3,0,0,0,591
1144,172,round_end,234.37,1,T_8c03018b,1,0,0,100,37,0,592
1145,172,round_end,508.57,2,T_8c03018b,1,1,1,53.91,100,0,592
1146,172,round_end,760.6,3,T_8c03018b,1,2,2,62.85,100,0,592
1147,172,round_end,760.6,3,T_8c03018b,1,2,2,62.85,100,0,592
1151,172,round_end,871.76,6,T_a02bf5e9,1,4,3,0,0,40,595
1152,172,round_end,461.95,1,T_a02bf5e9,0,3,3,0,0,28.75,596
1153,172,round_end,714.83,2,T_5568bd9d,0,3,0,0,0,0,596
1161,176,round_end,164.98,1,T_8c03018b,0,1,2,0,100,0,599
1162,176,round_end,347.32,2,T_8c03018b,0,2,1,0,100,0,599
1163,176,round_end,556.7,3,T_8c03018b,0,3,0,0,100,0,599
1164,176,round_end,271.12,1,T_a02bf5e9,0,3,3,0,0,208.95,600
1165,176,round_end,751.12,2,T_5568bd9d,2,3,2,0,0,0,600
1166,176,round_end,799.14,6,T_a02bf5e9,3,2,3,0,0,40,601
1167,176,round_end,432.21,1,T_a02bf5e9,0,3,3,0,0,47.9,602
1168,176,round_end,822.09,2,T_5568bd9d,1,3,1,0,0,0,602
1169,176,round_end,799.14,6,T_a02bf5e9,3,2,3,0,0,40,603
1184,178,round_end,254.28,1,T_8c03018b,1,0,2,100,57.08,0,610
1185,178,round_end,443.05,2,T_8c03018b,2,0,1,100,11.92,0,610
1186,178,round_end,681.4,3,T_8c03018b,2,1,0,66.09,100,0,610
1187,178,round_end,681.4,3,T_8c03018b,2,1,0,66.09,100,0,610
1188,178,round_end,421.06,1,T_f87f7ea4,0,1,1,0,0,0,611
1189,178,round_end,916.8,2,T_7f8fc438,3,3,3,0,0,0,611
1190,178,round_end,916.8,2,T_7f8fc438,3,3,3,0,0,0,611
1191,178,round_end,629.02,1,T_f87f7ea4,0,0,0,0,0,0,612
1192,178,round_end,934.04,6,T_f87f7ea4,2,3,3,0,0,40,613
1193,177,round_end,627.22,1,T_a02bf5e9,0,0,0,0,0,0,614
1194,177,round_end,192.5,1,T_8c03018b,1,0,2,100,18.88,0,615
1195,177,round_end,462.79,2,T_8c03018b,2,0,1,100,80.76,0,615
1196,177,round_end,726.79,3,T_8c03018b,2,1,0,51.99,100,0,615
1197,177,round_end,726.79,3,T_8c03018b,2,1,0,51.99,100,0,615
1198,180,round_end,211.72,1,T_8c03018b,1,0,2,100,44,0,617
1199,180,round_end,481.95,2,T_8c03018b,1,1,0,76.01,100,0,617
1200,180,round_end,713.31,3,T_8c03018b,2,1,1,100,29.27,0,617
1201,180,round_end,713.31,3,T_8c03018b,2,1,1,100,29.27,0,617
1202,180,round_end,393.12,1,T_a02bf5e9,0,1,1,0,0,0,618
1203,180,round_end,665.84,2,T_5568bd9d,3,3,3,0,0,207.29,618
1204,180,round_end,665.84,2,T_5568bd9d,3,3,3,0,0,207.29,618
1205,180,round_end,906.62,6,T_a02bf5e9,2,3,0,0,0,40,619
1206,180,round_end,534.8,1,T_a02bf5e9,0,2,2,0,0,0,620
1207,180,round_end,1017.87,2,T_5568bd9d,2,3,2,0,0,0,620
1208,180,round_end,659.18,1,T_a02bf5e9,0,0,0,0,0,0,621
1211,181,round_end,245.05,1,T_a02bf5e9,0,0,0,0,0,0,623
1212,181,round_end,485.27,2,T_5568bd9d,0,3,0,0,0,0,623
1213,181,round_end,947.53,6,T_a02bf5e9,2,3,3,0,0,40,624
1214,181,round_end,514.51,1,T_a02bf5e9,0,3,3,0,0,0,625
1215,181,round_end,955.17,2,T_5568bd9d,1,3,1,0,0,0,625
1216,181,round_end,600.15,1,T_a02bf5e9,0,0,0,0,0,0,626
1217,181,round_end,254.38,1,T_8c03018b,1,0,1,100,40.68,0,627
1218,181,round_end,464.84,2,T_8c03018b,1,1,0,32.55,100,0,627
1219,181,round_end,683.94,3,T_8c03018b,1,2,2,28.07,100,0,627
1220,181,round_end,683.94,3,T_8c03018b,1,2,2,28.07,100,0,627
1249,196,round_end,315.09,1,T_8c03018b,0,1,2,99.99,100,0,644
1250,196,round_end,586.4,2,T_8c03018b,1,1,1,100,81,0,644
1251,196,round_end,902.18,3,T_8c03018b,1,2,0,99.99,100,0,644
1252,196,round_end,902.18,3,T_8c03018b,1,2,0,99.99,100,0,644
1253,196,round_end,300.57,1,T_a02bf5e9,0,3,3,0,0,179.51,645
1254,196,round_end,698.96,2,T_5568bd9d,1,3,1,0,0,0,645
1256,196,round_end,627.02,1,T_a02bf5e9,0,0,0,0,0,0,647
1257,196,round_end,331.29,1,T_8c03018b,0,1,2,99.99,100,0,648
1258,196,round_end,667.94,2,T_8c03018b,0,2,0,99.99,100,0,648
1259,196,round_end,857.18,3,T_8c03018b,1,2,1,100,0,0,648
1260,196,round_end,857.18,3,T_8c03018b,1,2,1,100,0,0,648
1261,197,round_end,247.05,1,T_8c03018b,1,0,1,100,54.17,0,649
1262,197,round_end,479.79,2,T_8c03018b,2,0,2,100,43.11,0,649
1263,197,round_end,707.31,3,T_8c03018b,2,1,0,52.08,100,0,649
1264,197,round_end,707.31,3,T_8c03018b,2,1,0,52.08,100,0,649
1265,197,round_end,281.59,1,T_a02bf5e9,0,3,3,0,0,198.49,650
1266,197,round_end,690.84,2,T_5568bd9d,3,3,3,0,0,70.78,650
1267,197,round_end,690.84,2,T_5568bd9d,3,3,3,0,0,70.78,650
1268,197,round_end,255.57,1,T_a02bf5e9,0,0,0,0,0,0,651
1269,197,round_end,724.43,2,T_5568bd9d,1,3,1,0,0,0,651
1270,197,round_end,714.29,1,T_a02bf5e9,0,0,0,0,0,0,652
1271,197,round_end,864.99,6,T_a02bf5e9,2,3,3,0,0,40,653
1272,197,round_end,158.02,1,T_8c03018b,1,0,2,100,0,0,654
1273,197,round_end,339.87,2,T_8c03018b,1,1,0,19.47,100,0,654
1274,197,round_end,542.58,3,T_8c03018b,1,2,1,36.52,100,0,654
1275,197,round_end,542.58,3,T_8c03018b,1,2,1,36.52,100,0,654
1276,198,round_end,241.51,1,T_8c03018b,1,0,2,100,32.68,0,655
1277,198,round_end,549.88,2,T_8c03018b,2,0,1,100,99.99,0,655
1278,198,round_end,792.21,3,T_8c03018b,3,0,0,100,55.29,0,655
1279,198,round_end,240.04,1,T_a02bf5e9,0,0,0,0,0,0,656
1280,198,round_end,646.58,2,T_5568bd9d,3,3,3,0,0,73.61,656
1281,198,round_end,646.58,2,T_5568bd9d,3,3,3,0,0,73.61,656
1290,199,round_end,269.85,1,T_8c03018b,1,0,0,100,75.45,0,661
1291,199,round_end,454.16,2,T_8c03018b,2,0,1,100,0,0,661
1292,199,round_end,738.32,3,T_8c03018b,2,1,2,99.99,100,0,661
1293,199,round_end,738.32,3,T_8c03018b,2,1,2,99.99,100,0,661
1294,199,round_end,268.69,1,T_a02bf5e9,0,0,0,0,0,0,662
1295,199,round_end,582.51,2,T_5568bd9d,0,3,0,0,0,0,662
1296,199,round_end,356.92,1,T_a02bf5e9,0,3,3,0,0,123.21,663
1297,199,round_end,606.31,2,T_5568bd9d,0,3,0,0,0,0,663
1299,199,round_end,583.93,1,T_a02bf5e9,0,0,0,0,0,16.26,666
1325,202,round_end,997.04,6,T_a02bf5e9,2,3,4,0,0,40,676
1326,202,round_end,628.66,1,T_a02bf5e9,0,0,0,0,0,0,677
1327,203,round_end,177.5,1,T_8c03018b,0,1,0,0,100,0,678
1328,203,round_end,389.61,2,T_8c03018b,0,2,1,19.4,100,0,678
1329,203,round_end,595.12,3,T_8c03018b,1,2,2,100,24.76,0,678
1330,203,round_end,595.12,3,T_8c03018b,1,2,2,100,24.76,0,678
1335,203,round_end,874.6,6,T_a02bf5e9,1,4,3,0,0,40,681
1331,203,round_end,217.36,1,T_a02bf5e9,0,3,3,0,0,262.68,679
1332,203,round_end,614.46,2,T_5568bd9d,3,3,3,0,0,83.03,679
1333,203,round_end,614.46,2,T_5568bd9d,3,3,3,0,0,83.03,679
1334,203,round_end,662.61,1,T_a02bf5e9,0,0,0,0,0,0,680
1336,203,round_end,322.81,1,T_8c03018b,1,0,0,100,97.72,0,682
1337,203,round_end,591.56,2,T_8c03018b,2,0,2,100,73.09,0,682
1338,203,round_end,809.72,3,T_8c03018b,3,0,1,100,16.44,0,682
1339,203,round_end,408.48,1,T_a02bf5e9,0,1,1,0,0,0,683
1340,203,round_end,692.32,2,T_5568bd9d,3,3,3,0,0,196.09,683
1341,203,round_end,692.32,2,T_5568bd9d,3,3,3,0,0,196.09,683
1342,203,round_end,561.26,1,T_a02bf5e9,0,0,0,0,0,38.94,684
1350,205,round_end,155.43,1,T_8c03018b,0,1,0,0,100,0,688
1351,205,round_end,427.7,2,T_8c03018b,0,2,1,83.7,100,0,688
1352,205,round_end,642.24,3,T_8c03018b,0,3,2,26.95,100,0,688
1353,206,round_end,218.85,1,T_8c03018b,0,1,2,0,100,0,689
1354,206,round_end,398.22,2,T_8c03018b,1,1,1,100,0,0,689
1355,206,round_end,672.64,3,T_8c03018b,1,2,0,84.97,100,0,689
1356,206,round_end,672.64,3,T_8c03018b,1,2,0,84.97,100,0,689
1357,205,round_end,353.01,1,T_5bebbfcc,0,3,3,0,0,127.13,690
1358,205,round_end,628.6,2,T_8e0805e1,0,3,0,0,0,0,690
1359,205,round_end,692.87,6,T_5bebbfcc,1,4,4,0,0,40,691
1360,206,round_end,413.45,1,T_17b75721,0,1,1,0,0,0,692
1361,206,round_end,922.83,2,T_3f339a89,3,3,3,0,0,0,692
1362,206,round_end,922.83,2,T_3f339a89,3,3,3,0,0,0,692
1363,205,round_end,493.97,1,T_5bebbfcc,0,2,2,0,0,0,693
1364,205,round_end,1031.62,2,T_8e0805e1,2,3,2,0,0,0,693
1365,206,round_end,517.92,1,T_17b75721,0,2,2,0,0,0,694
1366,206,round_end,1018.3,2,T_3f339a89,2,3,2,0,0,0,694
1367,205,round_end,775.57,1,T_5bebbfcc,0,0,0,0,0,0,695
1368,206,round_end,913.16,6,T_17b75721,3,2,2,0,0,40,696
1370,205,round_end,225.17,1,T_8c03018b,0,1,1,28.37,100,0,698
1371,205,round_end,400.97,2,T_8c03018b,0,2,0,0,100,0,698
1372,205,round_end,626.27,3,T_8c03018b,0,3,2,27.76,100,0,698
1373,207,round_end,195.19,1,T_8c03018b,1,0,2,100,28.76,0,699
1374,207,round_end,482.74,2,T_8c03018b,2,0,1,100,93.17,0,699
1375,207,round_end,639.2,3,T_8c03018b,3,0,0,100,0,0,699
1376,207,round_end,543.2,1,T_a02bf5e9,0,3,3,0,0,0,700
1377,207,round_end,932.98,2,T_5568bd9d,1,3,1,0,0,0,700
1378,207,round_end,253.69,1,T_a02bf5e9,0,0,0,0,0,0,701
1379,207,round_end,485.76,2,T_5568bd9d,3,3,3,0,0,248.14,701
1380,207,round_end,485.76,2,T_5568bd9d,3,3,3,0,0,248.14,701
1381,207,round_end,731.1,6,T_a02bf5e9,4,1,4,0,0,40,702
1382,207,round_end,305.28,1,T_a02bf5e9,0,0,0,0,0,294.79,703
1396,206,round_end,195.48,1,T_8c03018b,1,0,0,100,8.2,0,711
1397,206,round_end,358.91,2,T_8c03018b,2,0,2,100,0,0,711
1398,206,round_end,592.96,3,T_8c03018b,2,1,1,36.6,100,0,711
1399,206,round_end,592.96,3,T_8c03018b,2,1,1,36.6,100,0,711
1400,34,round_end,195.99,1,T_8c03018b,1,0,1,100,0,0,712
1401,34,round_end,393.6,2,T_8c03018b,2,0,0,100,22.4,0,712
1402,34,round_end,621.62,3,T_8c03018b,3,0,2,100,47.41,0,712
1403,218,round_end,195.99,1,T_8c03018b,1,0,1,100,0,0,713
1404,218,round_end,393.6,2,T_8c03018b,2,0,0,100,22.4,0,713
1405,218,round_end,621.62,3,T_8c03018b,3,0,2,100,47.41,0,713
1406,218,round_end,443.02,1,T_0040c1c4,0,3,3,0,0,37.12,714
1407,218,round_end,847.88,2,T_9a920426,1,3,1,0,0,0,714
1408,218,round_end,748.4,6,T_0040c1c4,3,2,4,0,0,40,715
1409,218,round_end,529.67,1,T_0040c1c4,0,2,2,0,0,0,716
1410,218,round_end,915.16,2,T_9a920426,3,3,3,0,0,94.3,716
1411,218,round_end,915.16,2,T_9a920426,3,3,3,0,0,94.3,716
1416,222,round_end,257.72,1,T_8c03018b,1,0,0,100,62.56,0,720
1417,222,round_end,421.54,2,T_8c03018b,2,0,1,100,0,0,720
1418,222,round_end,632.17,3,T_8c03018b,2,1,2,28.37,100,0,720
1419,222,round_end,632.17,3,T_8c03018b,2,1,2,28.37,100,0,720
1420,222,round_end,316.75,1,T_a02bf5e9,0,3,3,0,0,163.36,721
1421,222,round_end,718.76,2,T_0ff7da8a,1,3,1,0,0,0,721
1422,222,round_end,361.89,1,T_a02bf5e9,0,3,3,0,0,118.26,722
1423,222,round_end,840.93,2,T_0ff7da8a,3,3,3,0,0,0.8,722
1424,222,round_end,840.93,2,T_0ff7da8a,3,3,3,0,0,0.8,722
1425,222,round_end,719.45,6,T_a02bf5e9,3,2,4,0,0,40,723
1426,222,round_end,503.62,1,T_a02bf5e9,0,2,2,0,0,0,724
1427,222,round_end,844.5,2,T_0ff7da8a,3,3,3,0,0,138.95,724
1428,222,round_end,844.5,2,T_0ff7da8a,3,3,3,0,0,138.95,724
1429,222,round_end,643.77,1,T_a02bf5e9,0,0,0,0,0,0,725
1430,206,round_end,164.79,1,T_8c03018b,0,1,1,0,100,0,726
1435,223,round_end,548.68,1,T_a02bf5e9,0,2,2,0,0,0,728
1436,223,round_end,954.84,2,T_5568bd9d,1,3,1,0,0,0,728
1431,223,round_end,154,1,T_8c03018b,0,1,2,0,100,0,727
1432,223,round_end,339.17,2,T_8c03018b,1,1,0,100,0,0,727
1433,223,round_end,572.89,3,T_8c03018b,1,2,1,38.61,100,0,727
1434,223,round_end,572.89,3,T_8c03018b,1,2,1,38.61,100,0,727
1437,223,round_end,840.76,6,T_a02bf5e9,1,4,1,0,0,40,729
1438,223,round_end,401.18,1,T_a02bf5e9,0,1,1,0,0,0,730
1439,223,round_end,891.23,2,T_5568bd9d,2,3,2,0,0,0,730
1440,224,round_end,600.15,1,T_530434e6,0,0,0,0,0,0,731
1441,223,round_end,642.81,1,T_a02bf5e9,0,0,0,0,0,0,732
1442,224,round_end,283.66,1,T_8c03018b,0,1,1,97.98,100,0,733
1443,224,round_end,591.05,2,T_8c03018b,0,2,0,99.99,100,0,733
1444,224,round_end,894.03,3,T_8c03018b,1,2,2,100,99.99,0,733
1445,224,round_end,894.03,3,T_8c03018b,1,2,2,100,99.99,0,733
1446,223,round_end,222.19,1,T_8c03018b,1,0,1,100,41.2,0,734
1447,223,round_end,525.81,2,T_8c03018b,1,1,0,95.19,100,0,734
1448,223,round_end,787.79,3,T_8c03018b,1,2,2,43.03,100,0,734
1449,223,round_end,787.79,3,T_8c03018b,1,2,2,43.03,100,0,734
1450,225,round_end,255.04,1,T_8c03018b,0,1,0,63.45,100,0,735
1451,225,round_end,522.75,2,T_8c03018b,0,2,1,69.92,100,0,735
1452,225,round_end,754.97,3,T_8c03018b,0,3,2,34.8,100,0,735
1466,227,round_end,66,1,T_8c03018b,1,0,2,100,0,0,746
1467,228,round_end,0,1,T_8c03018b,0,1,1,0,100,0,747
1468,228,round_end,0,2,T_8c03018b,0,2,2,99.99,100,0,747
1469,228,round_end,0,3,T_8c03018b,0,3,0,99.99,100,0,747
1470,229,round_end,298.48,1,T_8c03018b,1,0,2,100,69.85,0,748
1471,229,round_end,463.16,2,T_8c03018b,2,0,1,100,0,0,748
1472,229,round_end,654.07,3,T_8c03018b,3,0,0,100,16.68,0,748
1473,229,round_end,401.29,1,T_a6df6ff4,0,1,1,0,0,0,749
1474,229,round_end,791.15,2,T_af393e70,1,3,1,0,0,0,749
1475,229,round_end,506.08,1,T_a6df6ff4,0,3,3,0,0,0,750
1476,229,round_end,898.05,2,T_af393e70,3,3,3,0,0,87.83,750
1477,229,round_end,898.05,2,T_af393e70,3,3,3,0,0,87.83,750
1478,229,round_end,949.56,6,T_a6df6ff4,2,3,3,0,0,40,751
1479,229,round_end,261.9,1,T_8c03018b,0,1,1,57.73,100,0,752
1480,229,round_end,618.63,1,T_a6df6ff4,0,0,0,0,0,0,753
1481,229,round_end,261.9,1,T_8c03018b,0,1,1,57.73,100,0,754
1482,229,round_end,497.87,2,T_8c03018b,0,2,2,55.87,100,0,754
1483,229,round_end,793.58,3,T_8c03018b,0,3,0,99.99,100,0,754
1492,231,round_end,317.14,1,T_8c03018b,0,1,1,99.99,100,0,758
1493,231,round_end,577.12,2,T_8c03018b,1,1,0,100,26.91,0,758
1494,231,round_end,903.1,3,T_8c03018b,2,1,2,100,99.99,0,758
1495,231,round_end,903.1,3,T_8c03018b,2,1,2,100,99.99,0,758
1496,231,round_end,451.26,1,T_a02bf5e9,0,3,3,0,0,28.96,759
1497,231,round_end,703.1,2,T_5568bd9d,0,3,0,0,0,0,759
1498,231,round_end,272.24,1,T_a02bf5e9,0,3,3,0,0,207.82,760
1499,231,round_end,668.44,2,T_5568bd9d,1,3,1,0,0,0,760
1500,231,round_end,714.16,1,T_a02bf5e9,0,0,0,0,0,0,761
1501,231,round_end,914.96,6,T_a02bf5e9,2,3,4,0,0,40,762
1506,232,round_end,311.21,1,T_8c03018b,0,1,2,99.99,100,0,764
1507,232,round_end,557.33,2,T_8c03018b,0,2,1,43.17,100,0,764
1508,232,round_end,819.61,3,T_8c03018b,0,3,0,66.08,100,0,764
1509,232,round_end,499.64,1,T_a02bf5e9,0,3,3,0,0,0,765
1510,232,round_end,739.51,2,T_5568bd9d,0,3,0,0,0,0,765
1511,232,round_end,482.73,1,T_a02bf5e9,0,3,3,0,0,0,766
1512,232,round_end,732.25,2,T_5568bd9d,0,3,0,0,0,0,766
1513,232,round_end,934.35,5,T_a02bf5e9,5,0,2,100,64.46,0,768
1514,232,round_end,245.23,1,T_8c03018b,0,1,1,48.52,100,0,769
1515,232,round_end,568.72,2,T_8c03018b,0,2,2,99.99,100,0,769
1516,232,round_end,766.34,3,T_8c03018b,1,2,0,100,33.11,0,769
1517,232,round_end,766.34,3,T_8c03018b,1,2,0,100,33.11,0,769
1518,232,round_end,755.14,1,T_a02bf5e9,0,0,0,0,0,0,770
1522,237,round_end,531.77,1,T_44cab573,0,2,2,0,0,0,776
1523,237,round_end,924.82,2,T_b64ba4c4,3,3,3,0,0,86.74,776
1524,237,round_end,924.82,2,T_b64ba4c4,3,3,3,0,0,86.74,776
1525,237,round_end,629.97,1,T_44cab573,0,0,0,0,0,0,778
1526,237,round_end,882.13,6,T_44cab573,1,4,0,0,0,40,781
1541,244,round_end,269.05,1,T_8c03018b,0,1,2,66.87,100,0,790
1542,244,round_end,582.06,2,T_8c03018b,0,2,1,99.99,100,0,790
1543,244,round_end,885.35,3,T_8c03018b,1,2,0,100,99.99,0,790
1544,244,round_end,885.35,3,T_8c03018b,1,2,0,100,99.99,0,790
1545,244,round_end,240.04,1,T_a02bf5e9,0,0,0,0,0,0,791
1546,244,round_end,721.02,2,T_5568bd9d,3,3,3,0,0,0,791
1547,244,round_end,721.02,2,T_5568bd9d,3,3,3,0,0,0,791
1548,244,round_end,391.29,1,T_a02bf5e9,0,3,3,0,0,88.84,792
1549,244,round_end,904.29,2,T_5568bd9d,3,3,3,0,0,0,792
1550,244,round_end,904.29,2,T_5568bd9d,3,3,3,0,0,0,792
1551,244,round_end,617.84,1,T_a02bf5e9,0,0,0,0,0,0,793
1552,244,round_end,711.17,6,T_a02bf5e9,1,4,0,0,0,40,794
1553,245,round_end,191.09,1,T_8c03018b,1,0,1,100,0,0,795
1554,245,round_end,407.05,2,T_8c03018b,1,1,2,18.09,100,0,795
1555,245,round_end,586,3,T_8c03018b,1,2,0,8.17,100,0,795
1556,245,round_end,586,3,T_8c03018b,1,2,0,8.17,100,0,795
1557,245,round_end,519.4,1,T_a02bf5e9,0,3,3,0,0,0,796
1558,245,round_end,1061.63,2,T_5568bd9d,3,3,3,0,0,0,796
1559,245,round_end,1061.63,2,T_5568bd9d,3,3,3,0,0,0,796
1560,245,round_end,480.22,1,T_a02bf5e9,0,2,2,0,0,0,797
1561,245,round_end,887.36,2,T_5568bd9d,1,3,1,0,0,0,797
1562,245,round_end,688.05,1,T_a02bf5e9,0,0,0,0,0,0,798
1564,245,round_end,307.13,1,T_8c03018b,0,1,2,75.05,100,0,802
1565,245,round_end,574.64,2,T_8c03018b,0,2,0,75.96,100,0,802
1566,245,round_end,853.53,3,T_8c03018b,0,3,1,84.71,100,0,802
1567,248,round_end,318.52,1,T_8c03018b,1,0,1,100,99.99,0,805
1568,248,round_end,502.2,2,T_8c03018b,2,0,2,100,22.96,0,805
1569,248,round_end,679.99,3,T_8c03018b,3,0,0,100,0,0,805
1570,248,round_end,406.38,1,T_a02bf5e9,0,1,1,0,0,0,806
1571,248,round_end,906.85,2,T_5568bd9d,3,3,3,0,0,0,806
1572,248,round_end,906.85,2,T_5568bd9d,3,3,3,0,0,0,806
1573,248,round_end,413.59,1,T_a02bf5e9,0,0,0,0,0,186.57,807
1574,248,round_end,537.84,1,T_a02bf5e9,0,2,2,0,0,0,808
1575,248,round_end,1049.12,2,T_5568bd9d,2,3,2,0,0,0,808
1576,248,round_end,701.42,6,T_a02bf5e9,2,3,1,0,0,39.99,809
1581,249,round_end,255.63,1,T_8c03018b,0,1,1,69.39,100,0,812
1582,249,round_end,457.18,2,T_8c03018b,0,2,0,33.35,100,0,812
1583,249,round_end,742.38,3,T_8c03018b,1,2,2,100,86.65,0,812
1584,249,round_end,742.38,3,T_8c03018b,1,2,2,100,86.65,0,812
1585,249,round_end,274.97,1,T_8b3a2c80,0,0,0,0,0,0,813
1586,249,round_end,615.52,2,T_f651b2a4,3,3,3,0,0,139.49,813
1587,249,round_end,615.52,2,T_f651b2a4,3,3,3,0,0,139.49,813
1588,249,round_end,869.52,6,T_8b3a2c80,2,3,4,0,0,40,814
1597,251,round_end,247.99,1,T_8c03018b,1,0,0,100,53.43,0,820
1640,253,round_end,702.74,6,T_a02bf5e9,4,1,0,0,0,40,838
1641,259,round_end,270.89,1,T_8c03018b,1,0,1,100,0,0,842
1642,259,round_end,535.19,2,T_8c03018b,1,1,0,82.92,100,0,842
1643,259,round_end,692.55,3,T_8c03018b,1,2,2,0,100,0,842
1644,259,round_end,692.55,3,T_8c03018b,1,2,2,0,100,0,842
1645,259,round_end,406.21,1,T_a02bf5e9,0,1,1,0,0,0,843
1646,259,round_end,833.44,2,T_5568bd9d,1,3,1,0,0,0,843
1647,259,round_end,240.04,1,T_a02bf5e9,0,0,0,0,0,0,844
1648,259,round_end,793.47,2,T_5568bd9d,2,3,2,0,0,0,844
1649,259,round_end,600.16,1,T_a02bf5e9,0,0,0,0,0,0,845
1650,259,round_end,846.52,6,T_a02bf5e9,4,1,2,0,0,40,846
1654,261,round_end,412.56,1,T_7bf56e68,0,1,1,0,0,0,850
1655,261,round_end,792.77,2,T_7dac2c2c,3,3,3,0,0,99.74,850
1656,261,round_end,792.77,2,T_7dac2c2c,3,3,3,0,0,99.74,850
1661,261,round_end,794.76,5,T_7bf56e68,5,0,4,100,60.59,0,853
1662,261,round_end,284.57,1,T_8c03018b,0,1,1,83.37,100,0,854
1663,261,round_end,583.55,2,T_8c03018b,1,1,2,100,96.31,0,854
1664,261,round_end,897.72,3,T_8c03018b,2,1,0,100,98.52,0,854
1665,261,round_end,897.72,3,T_8c03018b,2,1,0,100,98.52,0,854
1666,262,round_end,0,1,T_8c03018b,0,1,1,28.84,100,0,856
1667,262,round_end,0,2,T_8c03018b,1,1,2,100,0,0,856
1668,262,round_end,0,3,T_8c03018b,2,1,0,100,9.11,0,856
1669,271,round_end,265.63,1,T_8c03018b,0,1,0,77.57,100,0,857
1670,271,round_end,516.33,2,T_8c03018b,0,2,2,72.25,100,0,857
1671,271,round_end,809.08,3,T_8c03018b,1,2,1,100,95.68,0,857
1672,271,round_end,809.08,3,T_8c03018b,1,2,1,100,95.68,0,857
1676,271,round_end,937.72,6,T_a02bf5e9,3,2,2,0,0,40,859
1677,271,round_end,417.7,1,T_a02bf5e9,0,1,1,0,0,0,860
1678,271,round_end,838.82,2,T_5568bd9d,1,3,1,0,0,0,860
1679,271,round_end,649.76,1,T_a02bf5e9,0,0,0,0,0,0,861
1680,271,round_end,429.47,1,T_a02bf5e9,0,1,1,0,0,0,862
1681,271,round_end,916.12,2,T_5568bd9d,2,3,2,0,0,0,862
1682,271,round_end,255.81,1,T_8c03018b,0,1,0,0,100,0,863
1683,271,round_end,411.65,2,T_8c03018b,1,1,2,100,0,0,863
1684,271,round_end,700.49,3,T_8c03018b,2,1,1,100,92.52,0,863
1685,276,round_end,298.75,1,T_a02bf5e9,0,3,3,0,0,181.3,868
1686,276,round_end,815.55,2,T_5568bd9d,2,3,2,0,0,0,868
1687,276,round_end,298.12,1,T_a02bf5e9,0,3,3,0,0,181.93,869
1688,276,round_end,581.06,2,T_5568bd9d,0,3,0,0,0,0,869
1698,277,round_end,804.16,6,T_a02bf5e9,1,4,1,0,0,40,876
1699,277,round_end,655.43,1,T_a02bf5e9,0,0,0,0,0,0,877
1700,277,round_end,374.59,1,T_a02bf5e9,0,3,3,0,0,105.56,878
1701,277,round_end,628.47,2,T_5568bd9d,0,3,0,0,0,0,878
1702,278,round_end,230.34,1,T_8c03018b,1,0,0,100,59.72,0,880
1703,278,round_end,468.51,2,T_8c03018b,2,0,1,100,15.39,0,880
1704,278,round_end,733.92,3,T_8c03018b,3,0,2,100,89.67,0,880
1705,278,round_end,495.78,1,T_a02bf5e9,0,2,2,0,0,0,881
1706,278,round_end,895.06,2,T_5568bd9d,3,3,3,0,0,80.54,881
1707,278,round_end,895.06,2,T_5568bd9d,3,3,3,0,0,80.54,881
1708,278,round_end,724.17,6,T_a02bf5e9,2,3,2,0,0,40,882
1709,278,round_end,353.18,1,T_a02bf5e9,0,3,3,0,0,126.94,883
1710,278,round_end,743.07,2,T_5568bd9d,1,3,1,0,0,0,883
1711,278,round_end,311.46,1,T_8c03018b,1,0,2,100,96.96,0,884
1712,278,round_end,500.5,2,T_8c03018b,1,1,0,22.73,100,0,884
1713,278,round_end,797.18,3,T_8c03018b,1,2,1,99.99,100,0,884
1714,278,round_end,797.18,3,T_8c03018b,1,2,1,99.99,100,0,884
1715,278,round_end,724.17,6,T_a02bf5e9,2,3,2,0,0,40,885
1716,278,round_end,624.88,1,T_a02bf5e9,0,0,0,0,0,0,886
1726,279,round_end,654.08,1,T_a02bf5e9,0,0,0,0,0,0,890
1727,279,round_end,791.58,6,T_a02bf5e9,1,4,1,0,0,40,891
1728,279,round_end,241.98,1,T_8c03018b,0,1,2,52.76,100,0,892
1729,279,round_end,410.93,2,T_8c03018b,0,2,1,0,100,0,892
1730,279,round_end,707.95,3,T_8c03018b,1,2,0,100,99.99,0,892
1731,279,round_end,707.95,3,T_8c03018b,1,2,0,100,99.99,0,892
1733,280,round_end,234.82,1,T_8c03018b,0,1,0,46.24,100,0,894
1734,280,round_end,446.91,2,T_8c03018b,0,2,1,43.83,100,0,894
1735,280,round_end,640.84,3,T_8c03018b,0,3,2,13.13,100,0,894
1736,280,round_end,374.59,1,T_a02bf5e9,0,3,3,0,0,105.56,895
1737,280,round_end,628.47,2,T_5568bd9d,0,3,0,0,0,0,895
1740,281,round_end,204.28,1,T_8c03018b,0,1,1,17.83,100,0,898
1741,281,round_end,552.14,2,T_8c03018b,1,1,2,100,99.99,0,898
1742,281,round_end,764.42,3,T_8c03018b,2,1,0,100,36.93,0,898
1743,281,round_end,764.42,3,T_8c03018b,2,1,0,100,36.93,0,898
1744,281,round_end,525.38,1,T_a02bf5e9,0,3,3,0,0,0,899
1745,281,round_end,950.59,2,T_5568bd9d,1,3,1,0,0,0,899
1746,281,round_end,557.08,1,T_a02bf5e9,0,2,2,0,0,0,900
1747,281,round_end,956.48,2,T_5568bd9d,3,3,3,0,0,80.39,900
1748,281,round_end,956.48,2,T_5568bd9d,3,3,3,0,0,80.39,900
1749,281,round_end,848.43,6,T_a02bf5e9,3,2,3,0,0,40,901
1750,281,round_end,653.02,1,T_a02bf5e9,0,0,0,0,0,0,902
1754,282,round_end,325.67,1,T_8c03018b,0,1,2,99.99,100,0,904
1755,282,round_end,558.61,2,T_8c03018b,1,1,1,100,51.23,0,904
1756,282,round_end,836.39,3,T_8c03018b,1,2,0,99.99,100,0,904
1757,282,round_end,836.39,3,T_8c03018b,1,2,0,99.99,100,0,904
1787,285,round_end,498.05,1,T_a02bf5e9,0,2,2,0,0,0,918
1788,285,round_end,815.32,2,T_5568bd9d,3,3,3,0,0,162.57,918
1789,285,round_end,815.32,2,T_5568bd9d,3,3,3,0,0,162.57,918
1790,285,round_end,409.04,1,T_a02bf5e9,0,3,3,0,0,71.11,920
1791,285,round_end,863.56,2,T_5568bd9d,3,3,3,0,0,25.37,920
1792,285,round_end,796.81,6,T_a02bf5e9,2,3,0,0,0,40,921
1793,285,round_end,286.97,1,T_8c03018b,1,0,1,100,92.81,0,922
1794,285,round_end,563.33,2,T_8c03018b,1,1,0,98.7,100,0,922
1795,285,round_end,752.75,3,T_8c03018b,2,1,2,100,24.69,0,922
1796,285,round_end,752.75,3,T_8c03018b,2,1,2,100,24.69,0,922
1797,285,round_end,663.78,1,T_a02bf5e9,0,0,0,0,0,0,923
1798,285,round_end,269.29,1,T_8c03018b,0,1,2,83.73,100,0,924
1799,285,round_end,499.35,2,T_8c03018b,0,2,0,20.84,100,0,924
1800,285,round_end,660.5,3,T_8c03018b,1,2,1,100,0,0,924
1801,285,round_end,660.5,3,T_8c03018b,1,2,1,100,0,0,924
1810,287,round_end,213.26,1,T_8c03018b,0,1,2,39.24,100,0,929
1811,287,round_end,507.97,2,T_8c03018b,0,2,1,99.99,100,0,929
1812,287,round_end,682.05,3,T_8c03018b,1,2,0,100,0,0,929
1813,287,round_end,682.05,3,T_8c03018b,1,2,0,100,0,0,929
1814,287,round_end,511.57,1,T_6ab14952,0,2,2,0,0,0,930
1815,287,round_end,751.44,2,T_0ff7da8a,0,3,0,0,0,0,930
1817,291,round_end,430.29,1,T_a02bf5e9,0,1,1,0,0,0,932
1818,291,round_end,920.47,2,T_5568bd9d,2,3,2,0,0,0,932
1821,291,round_end,846.99,6,T_a02bf5e9,1,4,1,0,0,40,934
1822,291,round_end,186.19,1,T_8c03018b,1,0,0,100,0,0,935
1823,291,round_end,504.25,2,T_8c03018b,1,1,2,99.99,100,0,935
1824,291,round_end,843.19,3,T_8c03018b,2,1,1,100,99.99,0,935
1825,291,round_end,843.19,3,T_8c03018b,2,1,1,100,99.99,0,935
1826,291,round_end,600.15,1,T_a02bf5e9,0,0,0,0,0,0,936
1827,292,round_end,383.41,1,T_4d76fcf8,0,3,3,0,0,96.72,937
1828,292,round_end,645.24,2,T_7f8fc438,0,3,0,0,0,0,937
1829,292,round_end,510.5,1,T_4d76fcf8,0,3,3,0,0,0,938
1830,292,round_end,750.37,2,T_7f8fc438,0,3,0,0,0,0,938
1831,292,round_end,623.37,1,T_4d76fcf8,0,0,0,0,0,0,939
1832,292,round_end,877.89,6,T_4d76fcf8,3,2,0,0,0,40,940
1833,292,round_end,328.65,1,T_8c03018b,1,0,1,100,88.92,0,941
1834,292,round_end,587.98,2,T_8c03018b,2,0,0,100,68.32,0,941
1835,292,round_end,893.59,3,T_8c03018b,2,1,2,99.99,100,0,941
1836,292,round_end,893.59,3,T_8c03018b,2,1,2,99.99,100,0,941
1837,293,round_end,319.29,1,T_8c03018b,1,0,1,100,99.99,0,942
1838,293,round_end,488.19,2,T_8c03018b,2,0,0,100,0,0,942
1839,293,round_end,748.15,3,T_8c03018b,2,1,2,66.39,100,0,942
1840,293,round_end,748.15,3,T_8c03018b,2,1,2,66.39,100,0,942
1841,293,round_end,523.39,1,T_a02bf5e9,0,2,2,0,0,0,943
1842,293,round_end,917.06,2,T_5568bd9d,3,3,3,0,0,86.12,943
1843,293,round_end,917.06,2,T_5568bd9d,3,3,3,0,0,86.12,943
1844,293,round_end,458.24,1,T_a02bf5e9,0,3,3,0,0,21.91,944
1845,293,round_end,938.09,2,T_5568bd9d,1,3,1,0,0,0,944
1846,293,round_end,629.37,1,T_a02bf5e9,0,0,0,0,0,0,945
1847,293,round_end,846.77,6,T_a02bf5e9,3,2,4,0,0,40,946
1848,293,round_end,163.75,1,T_8c03018b,0,1,1,0,100,0,947
1849,293,round_end,473.4,2,T_8c03018b,0,2,0,76.27,100,0,947
1850,293,round_end,765.06,3,T_8c03018b,1,2,2,100,79.28,0,947
1851,293,round_end,765.06,3,T_8c03018b,1,2,2,100,79.28,0,947
1852,294,round_end,279.42,1,T_8c03018b,1,0,0,100,90.98,0,948
1853,294,round_end,608.73,2,T_8c03018b,2,0,1,100,95.42,0,948
1854,294,round_end,869.5,3,T_8c03018b,3,0,2,100,76.95,0,948
1855,294,round_end,414.62,1,T_a02bf5e9,0,1,1,0,0,0,949
1856,294,round_end,678.36,2,T_5568bd9d,3,3,3,0,0,216.18,949
1857,294,round_end,678.36,2,T_5568bd9d,3,3,3,0,0,216.18,949
1858,294,round_end,812.28,6,T_a02bf5e9,3,2,1,0,0,40,950
1859,294,round_end,615.19,1,T_a02bf5e9,0,0,0,0,0,0,951
1860,294,round_end,514.16,1,T_a02bf5e9,0,2,2,0,0,0,952
1861,294,round_end,929.98,2,T_5568bd9d,3,3,3,0,0,63.96,952
1862,294,round_end,929.98,2,T_5568bd9d,3,3,3,0,0,63.96,952
1863,294,round_end,409.07,1,T_a02bf5e9,0,1,1,0,0,0,953
1864,294,round_end,840.37,2,T_5568bd9d,3,3,3,0,0,48.55,953
1865,294,round_end,840.37,2,T_5568bd9d,3,3,3,0,0,48.55,953
1870,296,round_end,315.64,1,T_a02bf5e9,0,3,3,0,0,164.46,955
1871,296,round_end,826.01,2,T_5568bd9d,2,3,2,0,0,0,955
1872,296,round_end,665.38,1,T_a02bf5e9,0,0,0,0,0,0,958
1873,296,round_end,663.7,5,T_a02bf5e9,5,0,4,100,0,0,960
1874,296,round_end,216.78,1,T_8c03018b,0,1,2,29.05,100,0,965
1875,296,round_end,536.31,2,T_8c03018b,1,1,1,100,99.99,0,965
1876,296,round_end,720.75,3,T_8c03018b,2,1,0,100,0,0,965
1877,296,round_end,720.75,3,T_8c03018b,2,1,0,100,0,0,965
1878,296,round_end,486.34,1,T_a02bf5e9,0,2,2,0,0,0,966
1879,296,round_end,924.68,2,T_5568bd9d,3,3,3,0,0,41.46,966
1880,296,round_end,924.68,2,T_5568bd9d,3,3,3,0,0,41.46,966
1881,297,round_end,284.66,1,T_8c03018b,1,0,1,100,95.31,0,967
1882,297,round_end,481.1,2,T_8c03018b,2,0,2,100,0,0,967
1883,297,round_end,657.29,3,T_8c03018b,3,0,0,100,0,0,967
1884,297,round_end,399.76,1,T_a02bf5e9,0,1,1,0,0,0,968
1885,297,round_end,760.98,2,T_1369184f,3,3,3,0,0,118.7,968
1886,297,round_end,760.98,2,T_1369184f,3,3,3,0,0,118.7,968
1887,297,round_end,323.2,1,T_a02bf5e9,0,0,0,0,0,276.88,969
1896,298,round_end,713.65,6,T_a02bf5e9,4,1,2,0,0,40,977
1917,300,round_end,240.04,1,T_a02bf5e9,0,0,0,0,0,0,989
1918,300,round_end,533.8,2,T_5568bd9d,3,3,3,0,0,186.46,989
1919,300,round_end,533.8,2,T_5568bd9d,3,3,3,0,0,186.46,989
1920,300,round_end,296.02,1,T_8c03018b,1,0,0,100,99.99,0,990
1921,300,round_end,545.97,2,T_8c03018b,2,0,2,100,29.48,0,990
1922,300,round_end,714.09,3,T_8c03018b,3,0,1,100,0,0,990
1923,300,round_end,797.2,6,T_a02bf5e9,3,2,0,0,0,40,991
1927,300,round_end,465.82,1,T_a02bf5e9,0,3,3,0,0,14.41,993
1928,300,round_end,757.99,2,T_5568bd9d,0,3,0,0,0,0,993
1929,300,round_end,594.52,1,T_a02bf5e9,0,0,0,0,0,5.69,994
1930,301,round_end,496.5,1,T_a02bf5e9,0,2,2,0,0,0,995
1931,301,round_end,948.55,2,T_92d237bd,3,3,3,0,0,27.74,995
1932,301,round_end,948.55,2,T_92d237bd,3,3,3,0,0,27.74,995
1933,301,round_end,305.65,1,T_8c03018b,0,1,0,99.99,100,0,996
1934,301,round_end,471.15,2,T_8c03018b,1,1,2,100,0,0,996
1935,301,round_end,662.01,3,T_8c03018b,2,1,1,100,27.01,0,996
1936,301,round_end,662.01,3,T_8c03018b,2,1,1,100,27.01,0,996
1946,302,round_end,422.56,1,T_a02bf5e9,0,3,3,0,0,57.63,1000
1947,302,round_end,691.5,2,T_5568bd9d,0,3,0,0,0,0,1000
1951,302,round_end,617.19,1,T_a02bf5e9,0,0,0,0,0,0,1003
1948,302,round_end,332.39,1,T_a02bf5e9,0,3,3,0,0,147.7,1001
1949,302,round_end,817.33,2,T_5568bd9d,2,3,2,0,0,0,1001
1950,302,round_end,948.66,6,T_a02bf5e9,2,3,2,0,0,40,1002
1952,302,round_end,249.48,1,T_8c03018b,1,0,2,100,68.41,0,1004
1953,302,round_end,521.49,2,T_8c03018b,1,1,0,79.8,100,0,1004
1954,302,round_end,746.49,3,T_8c03018b,2,1,1,100,30.13,0,1004
1955,302,round_end,746.49,3,T_8c03018b,2,1,1,100,30.13,0,1004
1956,303,round_end,267.88,1,T_8c03018b,0,1,1,84.88,100,0,1005
1957,303,round_end,517.48,2,T_8c03018b,0,2,0,53.87,100,0,1005
1958,303,round_end,806.39,3,T_8c03018b,0,3,2,99.99,100,0,1005
1959,303,round_end,489.33,1,T_a02bf5e9,0,3,3,0,0,45.74,1006
1960,303,round_end,729.2,2,T_5568bd9d,0,3,0,0,0,0,1006
1961,303,round_end,489.56,1,T_a02bf5e9,0,2,2,0,0,0,1007
1962,303,round_end,884.38,2,T_5568bd9d,1,3,1,0,0,0,1007
1963,303,round_end,630.27,1,T_a02bf5e9,0,0,0,0,0,0,1008
1964,303,round_end,771.29,6,T_a02bf5e9,2,3,3,0,0,40,1009
1965,303,round_end,309.62,1,T_8c03018b,0,1,1,99.99,100,0,1010
1966,303,round_end,528.45,2,T_8c03018b,0,2,0,0,100,0,1010
1967,303,round_end,697.64,3,T_8c03018b,0,3,2,0,100,0,1010
1973,305,round_end,183.54,1,T_8c03018b,0,1,0,0,100,0,1015
1974,305,round_end,357.19,2,T_8c03018b,1,1,2,100,0,0,1015
1975,305,round_end,749.17,3,T_8c03018b,1,2,1,95,100,0,1015
1976,305,round_end,749.17,3,T_8c03018b,1,2,1,95,100,0,1015
1977,305,round_end,395.28,1,T_a02bf5e9,0,1,1,0,0,0,1016
1978,305,round_end,658.41,2,T_5568bd9d,3,3,3,0,0,216.92,1016
1979,305,round_end,658.41,2,T_5568bd9d,3,3,3,0,0,216.92,1016
1980,305,round_end,240.04,1,T_a02bf5e9,0,0,0,0,0,0,1017
1981,305,round_end,557.83,2,T_5568bd9d,3,3,3,0,0,162.31,1017
1982,305,round_end,557.83,2,T_5568bd9d,3,3,3,0,0,162.31,1017
1983,305,round_end,653.44,1,T_a02bf5e9,0,0,0,0,0,0,1018
1984,305,round_end,805.64,5,T_a02bf5e9,5,0,3,100,0,0,1019
1985,306,round_end,273.59,1,T_8c03018b,1,0,1,100,97.75,0,1020
1986,306,round_end,484.97,2,T_8c03018b,2,0,0,100,21.59,0,1020
1987,306,round_end,660.87,3,T_8c03018b,3,0,2,100,16.53,0,1020
1988,306,round_end,403.69,1,T_a02bf5e9,0,1,1,0,0,0,1021
1989,306,round_end,843.96,2,T_5568bd9d,3,3,3,0,0,39.59,1021
1990,306,round_end,843.96,2,T_5568bd9d,3,3,3,0,0,39.59,1021
1991,306,round_end,456.63,1,T_a02bf5e9,0,3,3,0,0,23.6,1023
1992,306,round_end,994.62,2,T_5568bd9d,2,3,2,0,0,0,1023
1995,306,round_end,633.07,1,T_a02bf5e9,0,0,0,0,0,0,1027
2002,308,round_end,262.23,1,T_a02bf5e9,0,0,0,0,0,0,1034
2003,308,round_end,763.34,2,T_5568bd9d,2,3,2,0,0,0,1034
2004,308,round_end,808.28,6,T_a02bf5e9,1,4,1,0,0,40,1035
2005,308,round_end,308.69,1,T_a02bf5e9,0,3,3,0,0,171.4,1036
2006,308,round_end,728.31,2,T_5568bd9d,1,3,1,0,0,0,1036
2007,308,round_end,474.45,1,T_a02bf5e9,0,0,0,0,0,125.7,1037
2008,308,round_end,235.49,1,T_a02bf5e9,0,3,3,0,0,244.55,1038
2009,308,round_end,504.72,2,T_5568bd9d,0,3,0,0,0,0,1038
2010,308,round_end,171.31,1,T_a02bf5e9,0,0,-1,0,0,171.29,1039
2022,309,round_end,290.39,1,T_8c03018b,1,0,2,100,99.99,0,1045
2023,309,round_end,546.93,2,T_8c03018b,1,1,1,59.71,100,0,1045
2024,309,round_end,944.23,3,T_8c03018b,2,1,0,100,99.99,0,1045
2025,309,round_end,944.23,3,T_8c03018b,2,1,0,100,99.99,0,1045
2026,309,round_end,606.58,1,T_a02bf5e9,0,0,0,0,0,0,1046
2033,311,round_end,209.9,1,T_8c03018b,0,1,1,38.45,100,0,1050
2034,311,round_end,513.71,2,T_8c03018b,1,1,0,100,99.99,0,1050
2035,311,round_end,705.26,3,T_8c03018b,2,1,2,100,0,0,1050
2036,311,round_end,705.26,3,T_8c03018b,2,1,2,100,0,0,1050
2053,312,round_end,924.13,6,T_a02bf5e9,1,4,1,0,0,40,1059
2054,312,round_end,674.47,1,T_a02bf5e9,0,0,0,0,0,0,1060
2055,312,round_end,506.18,1,T_a02bf5e9,0,2,2,0,0,0,1061
2056,312,round_end,1039.2,2,T_5568bd9d,2,3,2,0,0,0,1061
2065,315,round_end,620.33,1,T_a02bf5e9,0,0,0,0,0,0,1070
2066,315,round_end,390.18,1,T_a02bf5e9,0,1,1,0,0,0,1071
2067,315,round_end,801.21,2,T_5568bd9d,2,1,1,0,0,0,1071
2068,315,round_end,212.65,1,T_8c03018b,1,0,1,100,33.67,0,1072
2069,315,round_end,521.37,2,T_8c03018b,2,0,2,100,99.99,0,1072
2070,315,round_end,346.83,1,T_a02bf5e9,0,3,3,0,0,133.27,1073
2071,315,round_end,748.69,2,T_5568bd9d,1,3,1,0,0,0,1073
2072,316,round_end,249.45,1,T_8c03018b,0,1,0,78.44,100,0,1074
2073,316,round_end,461.44,2,T_8c03018b,0,2,2,28.64,100,0,1074
2074,316,round_end,662.33,3,T_8c03018b,0,3,1,0,100,0,1074
2075,316,round_end,436.33,1,T_f9cfdbf8,0,3,3,0,0,43.82,1075
2076,316,round_end,932.91,2,T_0ff7da8a,1,3,1,0,0,0,1075
2077,316,round_end,621.58,1,T_f9cfdbf8,0,0,0,0,0,0,1076
2078,316,round_end,212.92,1,T_f9cfdbf8,0,3,3,0,0,267.11,1079
2079,316,round_end,479.71,2,T_0ff7da8a,0,3,0,0,0,0,1079
2080,316,round_end,783.03,5,T_f9cfdbf8,0,5,2,0,100,0,1080
2087,318,round_end,869.81,6,T_a02bf5e9,1,4,1,0,0,40,1085
2088,318,round_end,188.26,1,T_8c03018b,1,0,1,100,0,0,1086
2089,318,round_end,446.93,2,T_8c03018b,1,1,0,38.12,100,0,1086
2090,318,round_end,700.05,3,T_8c03018b,1,2,2,76.85,100,0,1086
2091,319,round_end,214.8,1,T_8c03018b,1,0,0,100,31.29,0,1087
2092,319,round_end,484.6,2,T_8c03018b,2,0,1,100,85.08,0,1087
2093,319,round_end,680.5,3,T_8c03018b,3,0,2,100,0,0,1087
2094,319,round_end,247.37,1,T_a02bf5e9,0,0,0,0,0,0,1088
2095,319,round_end,500.15,2,T_5568bd9d,0,3,0,0,0,0,1088
2096,319,round_end,263.5,1,T_a02bf5e9,0,0,0,0,0,0,1089
2097,319,round_end,765.86,2,T_5568bd9d,2,3,2,0,0,0,1089
2098,319,round_end,702.75,1,T_a02bf5e9,0,0,0,0,0,0,1090
2099,319,round_end,847.22,6,T_a02bf5e9,2,3,3,0,0,40,1091
2104,320,round_end,214.8,1,T_8c03018b,1,0,0,100,31.29,0,1093
2105,320,round_end,484.6,2,T_8c03018b,2,0,1,100,85.08,0,1093
2106,320,round_end,680.5,3,T_8c03018b,3,0,2,100,0,0,1093
2112,320,round_end,847.22,6,T_a02bf5e9,2,3,3,0,0,40,1097
2126,321,round_end,412.62,1,T_a02bf5e9,0,1,1,0,0,0,1103
2127,321,round_end,745.47,2,T_5568bd9d,3,3,3,0,0,147.1,1103
2128,321,round_end,745.47,2,T_5568bd9d,3,3,3,0,0,147.1,1103
2129,321,round_end,163.46,1,T_8c03018b,1,0,0,100,0,0,1104
2130,321,round_end,348.55,2,T_8c03018b,2,0,2,100,0,0,1104
2131,321,round_end,523.78,3,T_8c03018b,3,0,1,100,0,0,1104
2132,322,round_end,309.2,1,T_8c03018b,1,0,0,100,99.99,0,1105
2133,322,round_end,553.81,2,T_8c03018b,1,1,2,62.29,100,0,1105
2134,322,round_end,750.19,3,T_8c03018b,1,2,1,0,100,0,1105
2135,322,round_end,750.19,3,T_8c03018b,1,2,1,0,100,0,1105
2136,322,round_end,502.27,1,T_a02bf5e9,0,2,2,0,0,0,1106
2137,322,round_end,981.69,2,T_5568bd9d,1,3,1,0,0,0,1106
2138,322,round_end,675.39,5,T_a02bf5e9,0,5,2,0,100,0,1107
2139,322,round_end,485.46,1,T_a02bf5e9,0,3,3,0,0,0,1108
2140,322,round_end,875.25,2,T_5568bd9d,1,3,1,0,0,0,1108
2141,322,round_end,600.18,1,T_a02bf5e9,0,0,0,0,0,0,1109
2148,324,round_end,271.18,1,T_a02bf5e9,0,0,0,0,0,0,1117
2149,324,round_end,675.57,2,T_5568bd9d,3,3,3,0,0,75.74,1117
2150,324,round_end,675.57,2,T_5568bd9d,3,3,3,0,0,75.74,1117
2152,324,round_end,263.66,1,T_a02bf5e9,0,0,0,0,0,0,1119
2153,324,round_end,720.05,2,T_5568bd9d,3,3,3,0,0,23.56,1119
2154,324,round_end,720.05,2,T_5568bd9d,3,3,3,0,0,23.56,1119
2155,324,round_end,672.28,1,T_a02bf5e9,0,0,0,0,0,0,1120
2164,325,round_end,801.95,6,T_957ee761,1,4,1,0,0,40,1124
2165,325,round_end,284.4,1,T_957ee761,0,0,0,0,0,315.67,1126
2172,325,round_end,381.28,1,T_957ee761,0,3,3,0,0,98.89,1134
2173,325,round_end,641.04,2,T_cfc6de44,0,3,0,0,0,0,1134
2174,327,round_end,175.63,1,T_8c03018b,0,1,0,0,100,0,1135
2175,327,round_end,451.3,2,T_8c03018b,1,1,1,100,79.43,0,1135
2176,327,round_end,614.16,3,T_8c03018b,2,1,2,100,0,0,1135
2177,327,round_end,614.16,3,T_8c03018b,2,1,2,100,0,0,1135
2204,329,round_end,473.73,1,T_a02bf5e9,0,0,0,0,0,126.54,1150
2207,329,round_end,958.6,6,T_a02bf5e9,1,4,2,0,0,40,1152
2226,330,round_end,655.93,1,T_a02bf5e9,0,0,0,0,0,0,1160
2205,329,round_end,480.25,1,T_a02bf5e9,0,2,2,0,0,0,1151
2206,329,round_end,748.88,2,T_5568bd9d,0,3,0,0,0,0,1151
2215,329,round_end,279.87,1,T_a02bf5e9,0,0,0,0,0,0,1155
2216,329,round_end,763.73,2,T_5568bd9d,3,3,3,0,0,0,1155
2217,329,round_end,763.73,2,T_5568bd9d,3,3,3,0,0,0,1155
2218,330,round_end,325.25,1,T_8c03018b,0,1,2,99.99,100,0,1156
2219,330,round_end,622.07,2,T_8c03018b,0,2,1,73.83,100,0,1156
2220,330,round_end,951.04,3,T_8c03018b,0,3,0,99.99,100,0,1156
2229,333,round_end,241.45,1,T_8c03018b,1,0,0,100,57.93,0,1164
2230,333,round_end,420.88,2,T_8c03018b,1,1,1,0,100,0,1164
2231,333,round_end,587.66,3,T_8c03018b,1,2,2,0,100,0,1164
2232,333,round_end,587.66,3,T_8c03018b,1,2,2,0,100,0,1164
2233,333,round_end,453.47,1,T_a02bf5e9,0,1,1,0,0,0,1165
2234,333,round_end,947.87,2,T_5568bd9d,2,3,2,0,0,0,1165
2235,333,round_end,509.88,1,T_a02bf5e9,0,3,3,0,0,0,1166
2236,333,round_end,994.9,2,T_5568bd9d,2,3,2,0,0,0,1166
2237,333,round_end,637.17,1,T_a02bf5e9,0,0,0,0,0,0,1167
2238,333,round_end,877.46,6,T_a02bf5e9,3,2,4,0,0,40,1168
2239,334,round_end,182.86,1,T_8c03018b,0,1,1,0,100,0,1169
2240,334,round_end,469.58,1,T_551fc46d,0,3,3,0,0,24.85,1170
2241,334,round_end,737.93,2,T_94e451b3,0,3,0,0,0,0,1170
2242,334,round_end,240.04,1,T_551fc46d,0,0,0,0,0,0,1171
2243,334,round_end,672.56,2,T_94e451b3,1,3,1,0,0,0,1171
2244,337,round_end,231.35,1,T_8c03018b,0,1,1,39.59,100,0,1173
2245,337,round_end,541.76,2,T_8c03018b,1,1,0,100,99.99,0,1173
2246,337,round_end,703.05,3,T_8c03018b,2,1,2,100,0,0,1173
2247,337,round_end,703.05,3,T_8c03018b,2,1,2,100,0,0,1173
2248,337,round_end,240.04,1,T_c5501d77,0,0,0,0,0,0,1174
2249,337,round_end,730.38,2,T_afa0a505,2,3,2,0,0,0,1174
2250,337,round_end,850.67,6,T_c5501d77,2,3,1,0,0,40,1175
2251,337,round_end,425.19,1,T_c5501d77,0,1,1,0,0,0,1176
2252,337,round_end,672.04,2,T_afa0a505,0,3,0,0,0,0,1176
2253,337,round_end,526.88,1,T_c5501d77,0,0,0,0,0,73.34,1177
2254,338,round_end,260.12,1,T_8c03018b,1,0,0,100,66.29,0,1178
2255,338,round_end,538.41,2,T_8c03018b,1,1,1,75.85,100,0,1178
2256,338,round_end,775.83,3,T_8c03018b,1,2,2,61.88,100,0,1178
2257,338,round_end,775.83,3,T_8c03018b,1,2,2,61.88,100,0,1178
2258,338,round_end,240.04,1,T_a02bf5e9,0,0,0,0,0,0,1179
2259,338,round_end,666.62,2,T_5568bd9d,3,3,3,0,0,53.54,1179
2260,338,round_end,666.62,2,T_5568bd9d,3,3,3,0,0,53.54,1179
2261,338,round_end,390.18,1,T_a02bf5e9,0,1,1,0,0,0,1180
2262,338,round_end,856.5,2,T_5568bd9d,3,3,3,0,0,13.53,1180
2263,338,round_end,856.5,2,T_5568bd9d,3,3,3,0,0,13.53,1180
2264,338,round_end,600.13,1,T_a02bf5e9,0,0,0,0,0,0,1181
2265,338,round_end,797.77,6,T_a02bf5e9,4,1,4,0,0,40,1182
2266,338,round_end,253.47,1,T_8c03018b,0,1,0,76.95,100,0,1183
2267,338,round_end,492.01,2,T_8c03018b,1,1,1,100,26.28,0,1183
2268,338,round_end,657.75,3,T_8c03018b,1,2,2,0,100,0,1183
2269,338,round_end,657.75,3,T_8c03018b,1,2,2,0,100,0,1183
2270,338,round_end,612.18,1,T_a02bf5e9,0,0,0,0,0,0,1184
2279,339,round_end,236.68,1,T_8c03018b,0,1,1,32.37,100,0,1189
2280,339,round_end,529.86,2,T_8c03018b,1,1,2,100,99.99,0,1189
2281,339,round_end,790.47,3,T_8c03018b,1,2,0,63.64,100,0,1189
2282,339,round_end,790.47,3,T_8c03018b,1,2,0,63.64,100,0,1189
2289,339,round_end,693.9,1,T_30161e91,0,0,0,0,0,0,1194
2290,340,round_end,255.26,1,T_8c03018b,0,1,2,55.23,100,0,1195
2291,340,round_end,555.59,2,T_8c03018b,0,2,0,57.12,100,0,1195
2292,340,round_end,854.72,3,T_8c03018b,1,2,1,100,88.29,0,1195
2293,340,round_end,854.72,3,T_8c03018b,1,2,1,100,88.29,0,1195
2294,340,round_end,471.41,1,T_5b9c1362,0,3,3,0,0,8.76,1196
2295,340,round_end,1011.27,2,T_94e451b3,3,3,3,0,0,0,1196
2296,340,round_end,945.42,6,T_5b9c1362,4,1,2,0,0,40,1197
2297,340,round_end,419.11,1,T_5b9c1362,0,3,3,0,0,61.03,1198
2298,340,round_end,898.94,2,T_94e451b3,2,3,2,0,0,0,1198
2299,340,round_end,627.04,1,T_5b9c1362,0,0,0,0,0,0,1199
2300,342,round_end,205.95,1,T_8c03018b,1,0,2,100,39.93,0,1200
2301,342,round_end,393.39,2,T_8c03018b,2,0,1,100,0,0,1200
2302,342,round_end,576.19,3,T_8c03018b,3,0,0,100,0,0,1200
2303,343,round_end,157.86,1,T_8c03018b,0,1,1,0,100,0,1201
2304,343,round_end,343.89,2,T_8c03018b,0,2,0,0,100,0,1201
2305,343,round_end,543.31,3,T_8c03018b,0,3,2,30.31,100,0,1201
2306,344,round_end,532.38,1,T_c8373fd8,0,0,0,0,0,67.83,1202
2310,344,round_end,478.26,1,T_c8373fd8,0,1,1,0,0,0,1204
2311,344,round_end,757.62,2,T_0ff7da8a,3,3,3,0,0,200.5,1204
2312,344,round_end,757.62,2,T_0ff7da8a,3,3,3,0,0,200.5,1204
2326,345,round_end,261.67,1,T_32495e59,0,0,0,0,0,0,1212
2327,345,round_end,475.19,2,T_6f51c467,3,3,3,0,0,266.71,1212
2328,345,round_end,475.19,2,T_6f51c467,3,3,3,0,0,266.71,1212
2332,345,round_end,710.75,6,T_32495e59,3,2,4,0,0,40,1214
2333,345,round_end,264.4,1,T_8c03018b,1,0,1,100,59.48,0,1215
2334,345,round_end,454.72,2,T_8c03018b,1,1,0,12.65,100,0,1215
2335,345,round_end,692.96,3,T_8c03018b,2,1,2,100,56.87,0,1215
2336,345,round_end,692.96,3,T_8c03018b,2,1,2,100,56.87,0,1215
2340,342,round_end,267.18,1,T_a02bf5e9,0,0,0,0,0,0,1218
2341,342,round_end,775.41,2,T_5568bd9d,2,3,2,0,0,0,1218
2342,342,round_end,522.12,1,T_a02bf5e9,0,2,2,0,0,0,1220
2343,342,round_end,1006.86,2,T_5568bd9d,2,3,2,0,0,0,1220
2355,346,round_end,866.89,6,T_bd7779f8,1,4,0,0,0,40,1229
2356,346,round_end,416.22,1,T_bd7779f8,0,3,3,0,0,63.94,1230
2357,346,round_end,727.26,2,T_94e451b3,3,3,3,0,0,168.84,1230
2358,346,round_end,679.15,1,T_bd7779f8,0,0,0,0,0,0,1231
2359,346,round_end,170.52,1,T_8c03018b,1,0,0,100,0,0,1232
2360,346,round_end,437.78,2,T_8c03018b,2,0,2,100,80.44,0,1232
2361,346,round_end,752.88,3,T_8c03018b,2,1,1,99.99,100,0,1232
2362,346,round_end,752.88,3,T_8c03018b,2,1,1,99.99,100,0,1232
2377,350,round_end,217.55,1,T_8c03018b,1,0,1,100,21.25,0,1248
2378,350,round_end,413.72,2,T_8c03018b,2,0,2,100,11.87,0,1248
2379,350,round_end,598.41,3,T_8c03018b,3,0,0,100,19.35,0,1248
2380,350,round_end,335.58,1,T_a02bf5e9,0,3,3,0,0,144.55,1249
2381,350,round_end,879.35,2,T_5568bd9d,3,3,3,0,0,0,1249
2382,350,round_end,879.35,2,T_5568bd9d,3,3,3,0,0,0,1249
2383,350,round_end,509.4,1,T_a02bf5e9,0,2,2,0,0,0,1250
2384,350,round_end,923.07,2,T_5568bd9d,1,3,1,0,0,0,1250
2385,350,round_end,611.1,1,T_a02bf5e9,0,0,0,0,0,0,1251
2386,350,round_end,805.73,6,T_a02bf5e9,4,1,1,0,0,40,1252
2394,351,round_end,303.47,1,T_8c03018b,1,0,2,100,76.37,0,1255
2395,351,round_end,589.08,2,T_8c03018b,2,0,0,100,63.13,0,1255
2396,351,round_end,820.84,3,T_8c03018b,2,1,1,45.64,100,0,1255
2397,351,round_end,820.84,3,T_8c03018b,2,1,1,45.64,100,0,1255
2398,351,round_end,452.96,1,T_a02bf5e9,0,3,3,0,0,27.24,1256
2399,351,round_end,714.11,2,T_5568bd9d,0,3,0,0,0,0,1256
2400,351,round_end,280.49,1,T_a02bf5e9,0,3,3,0,0,199.58,1257
2401,351,round_end,554.12,2,T_5568bd9d,0,3,0,0,0,0,1257
2402,351,round_end,318.03,1,T_a02bf5e9,0,0,0,0,0,282.07,1258
2403,351,round_end,737.29,6,T_a02bf5e9,2,3,4,0,0,40,1259
2404,351,round_end,283.49,1,T_8c03018b,0,1,1,87.61,100,0,1260
2405,351,round_end,463.86,2,T_8c03018b,0,2,0,0,100,0,1260
2406,351,round_end,760,3,T_8c03018b,1,2,2,100,96.32,0,1260
2407,351,round_end,760,3,T_8c03018b,1,2,2,100,96.32,0,1260
2408,352,round_end,280.43,1,T_8c03018b,1,0,0,100,90.27,0,1261
2409,352,round_end,454.05,2,T_8c03018b,1,1,2,0,100,0,1261
2410,352,round_end,794.3,3,T_8c03018b,1,2,1,99.99,100,0,1261
2411,352,round_end,794.3,3,T_8c03018b,1,2,1,99.99,100,0,1261
2419,353,round_end,239.14,1,T_8c03018b,1,0,0,100,56.15,0,1270
2420,353,round_end,568.67,2,T_8c03018b,1,1,2,99.99,100,0,1270
2421,353,round_end,741.61,3,T_8c03018b,1,2,1,0,100,0,1270
2422,353,round_end,741.61,3,T_8c03018b,1,2,1,0,100,0,1270
2423,354,round_end,288.31,1,T_8c03018b,1,0,0,100,99.99,0,1271
2424,354,round_end,490.75,2,T_8c03018b,2,0,2,100,28.92,0,1271
2425,354,round_end,741.71,3,T_8c03018b,3,0,1,100,79.72,0,1271
2426,354,round_end,406.25,1,T_a02bf5e9,0,1,1,0,0,0,1272
2427,354,round_end,740.82,2,T_5568bd9d,3,3,3,0,0,145.34,1272
2428,354,round_end,740.82,2,T_5568bd9d,3,3,3,0,0,145.34,1272
2429,354,round_end,562.77,1,T_a02bf5e9,0,0,0,0,0,37.48,1273
2430,354,round_end,271.89,1,T_a02bf5e9,0,0,0,0,0,0,1274
2431,354,round_end,775.38,2,T_5568bd9d,2,3,2,0,0,0,1274
2432,354,round_end,742.34,6,T_a02bf5e9,4,1,4,0,0,40,1275
2433,354,round_end,262.57,1,T_8c03018b,1,0,0,100,60.63,0,1276
2434,354,round_end,495.39,2,T_8c03018b,2,0,1,100,51.67,0,1276
2435,354,round_end,791.72,3,T_8c03018b,3,0,2,100,98.79,0,1276
2439,354,round_end,645.67,1,T_a02bf5e9,0,0,0,0,0,0,1278
2451,356,round_end,289.03,1,T_8c03018b,1,0,1,100,92.34,0,1287
2452,356,round_end,457.71,2,T_8c03018b,1,1,2,0,100,0,1287
2453,356,round_end,792.02,3,T_8c03018b,1,2,0,99.99,100,0,1287
2454,356,round_end,792.02,3,T_8c03018b,1,2,0,99.99,100,0,1287
2455,356,round_end,326.05,1,T_fc5934b1,0,3,3,0,0,154.07,1288
2456,356,round_end,900.86,2,T_4408f908,2,3,2,0,0,0,1288
2457,356,round_end,618.94,1,T_fc5934b1,0,0,0,0,0,0,1289
2458,356,round_end,400.44,1,T_fc5934b1,0,1,1,0,0,0,1290
2459,356,round_end,845.19,2,T_4408f908,3,3,3,0,0,35.08,1290
2460,356,round_end,845.19,2,T_4408f908,3,3,3,0,0,35.08,1290
2461,356,round_end,803.26,6,T_fc5934b1,1,4,2,0,0,40,1291
2462,356,round_end,493.94,1,T_fc5934b1,0,2,2,0,0,0,1292
2463,356,round_end,1000.35,2,T_4408f908,3,3,3,0,0,0,1292
2464,356,round_end,1000.35,2,T_4408f908,3,3,3,0,0,0,1292
2465,361,round_end,620.91,1,T_a02bf5e9,0,0,0,0,0,0,1297
2466,361,round_end,892.07,5,T_a02bf5e9,5,0,1,100,83.82,0,1298
2467,362,round_end,224.1,1,T_8c03018b,1,0,0,100,41.23,0,1301
2468,362,round_end,469.06,2,T_8c03018b,2,0,2,100,62.19,0,1301
2469,362,round_end,672.96,3,T_8c03018b,3,0,1,100,18.73,0,1301
2473,362,round_end,338.54,1,T_7ebeb2df,0,3,3,0,0,141.59,1303
2474,362,round_end,860.66,2,T_94e451b3,2,3,2,0,0,0,1303
2479,375,round_end,473.45,1,T_a02bf5e9,0,3,3,0,0,6.78,1305
2480,375,round_end,934.88,2,T_5568bd9d,3,3,3,0,0,18.34,1305
2481,375,round_end,934.88,2,T_5568bd9d,3,3,3,0,0,18.34,1305
2482,375,round_end,480.21,1,T_a02bf5e9,0,2,2,0,0,0,1306
2483,375,round_end,740.62,2,T_5568bd9d,0,3,0,0,0,0,1306
2490,376,round_end,390.16,1,T_a02bf5e9,0,1,1,0,0,0,1311
2491,376,round_end,499.78,1,T_a02bf5e9,0,3,3,0,0,0,1312
2492,376,round_end,943.97,2,T_5568bd9d,3,3,3,0,0,35.59,1312
2493,376,round_end,446.69,1,T_a02bf5e9,0,3,3,0,0,33.51,1313
2494,376,round_end,950.27,2,T_5568bd9d,3,3,3,0,0,0,1313
2495,376,round_end,248.51,1,T_8c03018b,1,0,2,100,52.89,0,1314
2496,376,round_end,574.71,2,T_8c03018b,1,1,1,99.99,100,0,1314
2497,376,round_end,848.92,3,T_8c03018b,1,2,0,73.41,100,0,1314
2498,376,round_end,848.92,3,T_8c03018b,1,2,0,73.41,100,0,1314
2499,377,round_end,276.25,1,T_8c03018b,0,1,2,89.03,100,0,1315
2500,377,round_end,537.17,2,T_8c03018b,0,2,1,73.95,100,0,1315
2501,377,round_end,839.4,3,T_8c03018b,0,3,0,99.99,100,0,1315
2502,377,round_end,384.88,1,T_a02bf5e9,0,3,3,0,0,95.27,1316
2503,377,round_end,881.48,2,T_5568bd9d,2,3,2,0,0,0,1316
2524,378,round_end,451.41,1,T_62c140a2,0,1,1,0,0,0,1332
2525,378,round_end,892.13,2,T_bfbda9d2,3,3,3,0,0,39.06,1332
2526,378,round_end,892.13,2,T_bfbda9d2,3,3,3,0,0,39.06,1332
2527,378,round_end,161.53,1,T_8c03018b,1,0,1,100,0,0,1333
2528,378,round_end,453.9,2,T_8c03018b,2,0,2,100,80.2,0,1333
2529,378,round_end,645.91,3,T_8c03018b,3,0,0,100,18.77,0,1333
2535,381,round_end,454.18,1,T_a02bf5e9,0,3,3,0,0,26.01,1336
2536,381,round_end,694.13,2,T_5568bd9d,0,3,0,0,0,0,1336
2539,381,round_end,416.01,1,T_a02bf5e9,0,1,1,0,0,0,1339
2540,381,round_end,905.29,2,T_5568bd9d,2,3,2,0,0,0,1339
2541,381,round_end,395.19,1,T_a02bf5e9,0,1,1,0,0,0,1340
2542,381,round_end,852.91,2,T_5568bd9d,1,3,1,0,0,0,1340
2543,381,round_end,250.27,1,T_8c03018b,0,1,0,20.09,100,0,1341
2544,381,round_end,545.14,2,T_8c03018b,1,1,2,100,94.18,0,1341
2545,381,round_end,863.34,3,T_8c03018b,1,2,1,99.99,100,0,1341
2546,381,round_end,863.34,3,T_8c03018b,1,2,1,99.99,100,0,1341
2547,383,round_end,297.91,1,T_8c03018b,1,0,0,100,99.99,0,1342
2548,383,round_end,500.93,2,T_8c03018b,2,0,1,100,21.95,0,1342
2549,383,round_end,666.12,3,T_8c03018b,3,0,2,100,0,0,1342
2552,383,round_end,750.6,6,T_a02bf5e9,4,1,2,0,0,40,1344
2553,383,round_end,418.61,1,T_a02bf5e9,0,1,1,0,0,0,1345
2554,383,round_end,751.87,2,T_5568bd9d,3,3,3,0,0,146.58,1345
2555,383,round_end,751.87,2,T_5568bd9d,3,3,3,0,0,146.58,1345
2556,383,round_end,619.21,1,T_a02bf5e9,0,0,0,0,0,0,1346
2565,385,round_end,485.82,1,T_a02bf5e9,0,2,2,0,0,0,1352
2566,385,round_end,1010.04,2,T_5568bd9d,3,3,3,0,0,0,1352
2567,385,round_end,1010.04,2,T_5568bd9d,3,3,3,0,0,0,1352
2570,385,round_end,577.3,1,T_a02bf5e9,0,0,0,0,0,22.91,1354
2571,385,round_end,498.23,1,T_a02bf5e9,0,3,3,0,0,0,1356
2572,385,round_end,1002.44,2,T_5568bd9d,3,3,3,0,0,0,1356
2573,385,round_end,600.19,1,T_a02bf5e9,0,0,0,0,0,0,1357
2574,385,round_end,775.96,6,T_a02bf5e9,3,2,1,0,0,40,1358
2575,386,round_end,255.41,1,T_8c03018b,1,0,0,100,69.31,0,1359
2576,386,round_end,445.46,2,T_8c03018b,2,0,1,100,5.92,0,1359
2577,386,round_end,685.3,3,T_8c03018b,3,0,2,100,62.13,0,1359
2578,386,round_end,389.05,1,T_a02bf5e9,0,3,3,0,0,91.08,1360
2579,386,round_end,792.67,2,T_5568bd9d,1,3,1,0,0,0,1360
2580,386,round_end,369.81,1,T_a02bf5e9,0,3,3,0,0,110.28,1361
2581,386,round_end,781.01,2,T_5568bd9d,3,3,3,0,0,68.76,1361
2582,386,round_end,724.14,6,T_a02bf5e9,2,3,2,0,0,40,1363
2584,386,round_end,304.67,1,T_8c03018b,1,0,2,100,99.99,0,1372
2585,386,round_end,538.02,2,T_8c03018b,1,1,1,62.32,100,0,1372
2586,386,round_end,780.31,3,T_8c03018b,2,1,0,100,55.17,0,1372
2587,386,round_end,780.31,3,T_8c03018b,2,1,0,100,55.17,0,1372
2588,387,round_end,263.85,1,T_8c03018b,0,1,2,71.77,100,0,1373
2589,387,round_end,526.86,2,T_8c03018b,0,2,0,77.28,100,0,1373
2590,387,round_end,818.6,3,T_8c03018b,1,2,1,100,99.99,0,1373
2591,387,round_end,818.6,3,T_8c03018b,1,2,1,100,99.99,0,1373
2592,387,round_end,461.61,1,T_7152830c,0,3,3,0,0,18.55,1374
2593,387,round_end,744.18,2,T_bfbda9d2,3,3,3,0,0,197.31,1374
2594,387,round_end,861,5,T_7152830c,5,0,4,100,0,0,1375
2595,387,round_end,498.92,1,T_7152830c,0,2,2,0,0,0,1376
2596,387,round_end,885.62,2,T_bfbda9d2,3,3,3,0,0,93.11,1376
2597,387,round_end,885.62,2,T_bfbda9d2,3,3,3,0,0,93.11,1376
2598,387,round_end,679.28,1,T_7152830c,0,0,0,0,0,0,1377
2601,390,round_end,676.64,1,T_a02bf5e9,0,0,0,0,0,0,1382
2611,394,round_end,155.49,1,T_8c03018b,0,1,1,0,100,0,1386
2612,394,round_end,412.9,2,T_8c03018b,0,2,0,83.52,100,0,1386
2613,394,round_end,636.95,3,T_8c03018b,0,3,2,29.29,100,0,1386
2614,394,round_end,500.6,1,T_1f86d68c,0,3,3,0,0,0,1387
2615,394,round_end,993.85,2,T_9f3c3ec0,2,3,2,0,0,0,1387
2616,394,round_end,414.4,1,T_1f86d68c,0,3,3,0,0,65.74,1388
2617,394,round_end,821.57,2,T_9f3c3ec0,1,3,1,0,0,0,1388
2618,394,round_end,874.75,5,T_1f86d68c,0,5,1,80.04,100,0,1389
2619,394,round_end,618.04,1,T_1f86d68c,0,0,0,0,0,0,1390
2620,394,round_end,264.08,1,T_8c03018b,0,1,0,75.37,100,0,1391
2621,394,round_end,438.61,2,T_8c03018b,0,2,1,0,100,0,1391
2622,394,round_end,647.19,3,T_8c03018b,0,3,2,0,100,0,1391
2623,395,round_end,173.15,1,T_8c03018b,0,1,2,0,100,0,1392
2624,395,round_end,461.19,2,T_8c03018b,0,2,1,84.85,100,0,1392
2625,395,round_end,718.53,3,T_8c03018b,1,2,0,100,75.45,0,1392
2626,395,round_end,718.53,3,T_8c03018b,1,2,0,100,75.45,0,1392
2627,395,round_end,399.62,1,T_a02bf5e9,0,3,3,0,0,80.54,1393
2628,395,round_end,658.69,2,T_5568bd9d,0,3,0,0,0,0,1393
2629,395,round_end,436.85,1,T_a02bf5e9,0,3,3,0,0,43.29,1394
2630,395,round_end,749.38,2,T_5568bd9d,3,3,3,0,0,167.34,1394
2631,395,round_end,749.38,2,T_5568bd9d,3,3,3,0,0,167.34,1394
2632,395,round_end,621.9,1,T_a02bf5e9,0,0,0,0,0,0,1395
2633,395,round_end,939.38,6,T_a02bf5e9,1,4,1,0,0,40,1396
2634,395,round_end,208.87,1,T_8c03018b,0,1,0,31.73,100,0,1397
2635,395,round_end,485.42,2,T_8c03018b,0,2,2,78.45,100,0,1397
2636,395,round_end,677.29,3,T_8c03018b,0,3,1,0,100,0,1397
2637,395,round_end,640.91,1,T_a02bf5e9,0,0,0,0,0,0,1398
2638,388,round_end,155.49,1,T_8c03018b,0,1,1,0,100,0,1399
2639,388,round_end,412.9,2,T_8c03018b,0,2,0,83.52,100,0,1399
2640,388,round_end,636.95,3,T_8c03018b,0,3,2,29.29,100,0,1399
2641,388,round_end,500.6,1,T_1f86d68c,0,3,3,0,0,0,1400
2642,388,round_end,993.85,2,T_9f3c3ec0,2,3,2,0,0,0,1400
2643,388,round_end,414.4,1,T_1f86d68c,0,3,3,0,0,65.74,1401
2644,388,round_end,821.57,2,T_9f3c3ec0,1,3,1,0,0,0,1401
2645,388,round_end,874.75,5,T_1f86d68c,0,5,1,80.04,100,0,1402
2646,388,round_end,618.04,1,T_1f86d68c,0,0,0,0,0,0,1403
2647,396,round_end,223.17,1,T_8c03018b,1,0,1,100,46.68,0,1404
2648,396,round_end,421.8,2,T_8c03018b,2,0,0,100,32,0,1404
2649,396,round_end,623.84,3,T_8c03018b,3,0,2,100,37.21,0,1404
2650,396,round_end,240.04,1,T_499c6f4f,0,0,0,0,0,0,1405
2651,396,round_end,704.35,2,T_566f2633,3,3,3,0,0,15.73,1405
2652,396,round_end,704.35,2,T_566f2633,3,3,3,0,0,15.73,1405
2653,396,round_end,843.01,6,T_499c6f4f,4,1,4,0,0,40,1406
2654,398,round_end,164.2,1,T_8c03018b,1,0,2,100,0,0,1407
2655,398,round_end,409.1,2,T_8c03018b,2,0,1,100,40.93,0,1407
2656,398,round_end,604.31,3,T_8c03018b,3,0,0,100,26.61,0,1407
2660,398,round_end,775.47,6,T_14ba4d34,4,1,3,0,0,40,1411
2661,398,round_end,593.9,1,T_14ba4d34,0,2,2,0,0,0,1413
2662,398,round_end,1095.85,2,T_b539c9c7,2,3,2,0,0,0,1413
2663,402,round_end,299.1,1,T_8c03018b,1,0,0,100,92.99,0,1414
2664,402,round_end,496.26,2,T_8c03018b,1,1,1,0,100,0,1414
2665,402,round_end,822.62,3,T_8c03018b,1,2,2,96.7,100,0,1414
2666,402,round_end,822.62,3,T_8c03018b,1,2,2,96.7,100,0,1414
2667,402,round_end,488.36,1,T_a02bf5e9,0,2,2,0,0,0,1415
2668,402,round_end,887.52,2,T_5568bd9d,3,3,3,0,0,80.67,1415
2669,402,round_end,887.52,2,T_5568bd9d,3,3,3,0,0,80.67,1415
2670,402,round_end,283.55,1,T_a02bf5e9,0,3,3,0,0,196.5,1416
2671,402,round_end,699.92,2,T_5568bd9d,1,3,1,0,0,0,1416
2672,402,round_end,471.41,1,T_a02bf5e9,0,0,0,0,0,128.76,1417
2673,402,round_end,864.33,6,T_a02bf5e9,1,4,3,0,0,40,1418
2674,402,round_end,322.38,1,T_8c03018b,0,1,2,99.99,100,0,1419
2675,402,round_end,538.66,2,T_8c03018b,0,2,1,34.44,100,0,1419
2676,402,round_end,716.39,3,T_8c03018b,1,2,0,100,8.79,0,1419
2677,402,round_end,716.39,3,T_8c03018b,1,2,0,100,8.79,0,1419
2678,403,round_end,161.93,1,T_8c03018b,1,0,2,100,0,0,1420
2679,403,round_end,402.14,2,T_8c03018b,2,0,1,100,59.71,0,1420
2680,403,round_end,408.29,1,T_a02bf5e9,0,1,1,0,0,0,1422
2681,403,round_end,905.54,2,T_5568bd9d,3,3,3,0,0,0,1422
2682,403,round_end,905.54,2,T_5568bd9d,3,3,3,0,0,0,1422
2691,404,round_end,461.08,1,T_4407b417,0,3,3,0,0,19.1,1426
2692,404,round_end,885.5,2,T_6f51c467,1,3,1,0,0,0,1426
2717,405,round_end,238.69,1,T_8c03018b,0,1,2,49.08,100,0,1439
2718,405,round_end,533.89,2,T_8c03018b,0,2,0,98.75,100,0,1439
2719,405,round_end,797.11,3,T_8c03018b,0,3,1,87.8,100,0,1439
2720,408,round_end,215.4,1,T_8c03018b,0,1,2,41.6,100,0,1440
2721,408,round_end,458.59,2,T_8c03018b,1,1,0,100,55.16,0,1440
2722,408,round_end,793.97,3,T_8c03018b,2,1,1,100,99.99,0,1440
2723,408,round_end,793.97,3,T_8c03018b,2,1,1,100,99.99,0,1440
2724,408,round_end,239.94,1,T_a02bf5e9,0,3,3,0,0,240.1,1441
2725,408,round_end,665.03,2,T_f5419237,1,3,1,0,0,0,1441
2726,408,round_end,753.59,6,T_a02bf5e9,4,1,1,0,0,40,1444
2727,408,round_end,427.12,1,T_a02bf5e9,0,3,3,0,0,53.06,1445
2728,408,round_end,683.55,2,T_f5419237,0,3,0,0,0,0,1445
2729,408,round_end,618.76,1,T_a02bf5e9,0,0,0,0,0,0,1446
2730,408,round_end,298,1,T_8c03018b,0,1,0,92.35,100,0,1447
2731,408,round_end,529.59,2,T_8c03018b,0,2,2,22.56,100,0,1447
2732,408,round_end,771.96,3,T_8c03018b,1,2,1,100,51.49,0,1447
2733,408,round_end,771.96,3,T_8c03018b,1,2,1,100,51.49,0,1447
2734,410,round_end,154.2,1,T_8c03018b,1,0,1,100,0,0,1448
2735,410,round_end,479.11,2,T_8c03018b,2,0,0,100,98.2,0,1448
2736,410,round_end,731.92,3,T_8c03018b,3,0,2,100,58.76,0,1448
2737,410,round_end,393.72,1,T_175f0dae,0,3,3,0,0,86.44,1449
2738,410,round_end,741.03,2,T_afa0a505,3,3,3,0,0,132.67,1449
2739,410,round_end,741.03,2,T_afa0a505,3,3,3,0,0,132.67,1449
2743,410,round_end,643.42,1,T_175f0dae,0,0,0,0,0,0,1452
2748,411,round_end,154.2,1,T_8c03018b,1,0,1,100,0,0,1454
2749,411,round_end,479.11,2,T_8c03018b,2,0,0,100,98.2,0,1454
2750,411,round_end,731.92,3,T_8c03018b,3,0,2,100,58.76,0,1454
2757,411,round_end,393.72,1,T_175f0dae,0,3,3,0,0,86.44,1458
2758,411,round_end,741.03,2,T_afa0a505,3,3,3,0,0,132.67,1458
2759,411,round_end,741.03,2,T_afa0a505,3,3,3,0,0,132.67,1458
2760,411,round_end,830.05,6,T_175f0dae,3,2,3,0,0,40,1459
2761,411,round_end,426.3,1,T_175f0dae,0,3,3,0,0,53.86,1460
2762,411,round_end,984.13,2,T_afa0a505,2,3,2,0,0,0,1460
2763,411,round_end,643.42,1,T_175f0dae,0,0,0,0,0,0,1461
2768,412,round_end,653.49,1,T_a02bf5e9,0,0,0,0,0,0,1463
2789,415,round_end,615.56,1,T_a02bf5e9,0,0,0,0,0,0,1473
2790,415,round_end,407.02,1,T_a02bf5e9,0,1,1,0,0,0,1474
2791,415,round_end,902.73,2,T_5568bd9d,2,3,2,0,0,0,1474
2792,415,round_end,240.04,1,T_a02bf5e9,0,0,0,0,0,0,1475
2793,415,round_end,612.15,2,T_5568bd9d,3,3,3,0,0,108.04,1475
2794,415,round_end,612.15,2,T_5568bd9d,3,3,3,0,0,108.04,1475
2795,415,round_end,797.15,6,T_a02bf5e9,1,4,0,0,0,40,1476
2796,415,round_end,231.28,1,T_8c03018b,1,0,0,100,42.28,0,1477
2797,415,round_end,564.34,2,T_8c03018b,1,1,2,99.99,100,0,1477
2798,415,round_end,862.03,3,T_8c03018b,2,1,1,100,99.99,0,1477
2799,415,round_end,862.03,3,T_8c03018b,2,1,1,100,99.99,0,1477
2800,415,round_end,553.14,1,T_a02bf5e9,0,2,2,0,0,0,1478
2801,415,round_end,1079.4,2,T_5568bd9d,3,3,3,0,0,14.45,1478
2802,415,round_end,1079.4,2,T_5568bd9d,3,3,3,0,0,14.45,1478
2806,416,round_end,497.67,1,T_a02bf5e9,0,3,3,0,0,0,1482
2807,416,round_end,752.22,2,T_5568bd9d,0,3,0,0,0,0,1482
2812,417,round_end,236.28,1,T_8c03018b,0,1,2,35.12,100,0,1485
2813,417,round_end,451.3,2,T_8c03018b,1,1,0,100,38.77,0,1485
2814,417,round_end,701.6,3,T_8c03018b,2,1,1,100,54.07,0,1485
2815,417,round_end,701.6,3,T_8c03018b,2,1,1,100,54.07,0,1485
2816,417,round_end,285.98,1,T_a02bf5e9,0,3,3,0,0,194.11,1486
2817,417,round_end,713.08,2,T_5568bd9d,1,3,1,0,0,0,1486
2824,417,round_end,369.38,1,T_a02bf5e9,0,3,3,0,0,110.74,1489
2825,417,round_end,860.35,2,T_5568bd9d,3,3,3,0,0,0,1489
2820,417,round_end,233.94,1,T_8c03018b,0,1,0,42.03,100,0,1488
2821,417,round_end,528.71,2,T_8c03018b,1,1,2,100,99.99,0,1488
2822,417,round_end,794.56,3,T_8c03018b,1,2,1,86.36,100,0,1488
2823,417,round_end,794.56,3,T_8c03018b,1,2,1,86.36,100,0,1488
2826,418,round_end,253.16,1,T_8c03018b,1,0,0,100,72.29,0,1490
2827,418,round_end,479.41,2,T_8c03018b,2,0,2,100,40.21,0,1490
2828,418,round_end,803.02,3,T_8c03018b,3,0,1,100,99.99,0,1490
2829,418,round_end,424.51,1,T_a02bf5e9,0,1,1,0,0,0,1491
2830,418,round_end,927.51,2,T_5568bd9d,3,3,3,0,0,0,1491
2831,418,round_end,927.51,2,T_5568bd9d,3,3,3,0,0,0,1491
2832,418,round_end,395.14,1,T_a02bf5e9,0,1,1,0,0,0,1492
2833,418,round_end,878.8,2,T_5568bd9d,3,3,3,0,0,0,1492
2834,418,round_end,878.8,2,T_5568bd9d,3,3,3,0,0,0,1492
2835,418,round_end,785.73,6,T_a02bf5e9,2,3,1,0,0,40,1493
2836,418,round_end,645.39,1,T_a02bf5e9,0,0,0,0,0,0,1494
2837,419,round_end,174.96,1,T_8c03018b,0,1,1,0,100,0,1495
2838,419,round_end,502.12,2,T_8c03018b,0,2,2,89.26,100,0,1495
2839,419,round_end,747.86,3,T_8c03018b,0,3,0,36.49,100,0,1495
2840,419,round_end,497.01,1,T_e9654697,0,3,3,0,0,0,1496
2841,419,round_end,770.18,2,T_0ff7da8a,0,3,0,0,0,0,1496
2842,419,round_end,847.83,6,T_e9654697,3,2,1,0,0,40,1497
2843,419,round_end,271.25,1,T_e9654697,0,3,3,0,0,208.82,1498
2844,419,round_end,797.13,2,T_0ff7da8a,3,3,3,0,0,0,1498
2845,419,round_end,797.13,2,T_0ff7da8a,3,3,3,0,0,0,1498
2846,419,round_end,631.54,1,T_e9654697,0,0,0,0,0,0,1499
2847,419,round_end,243.11,1,T_8c03018b,1,0,0,100,58.51,0,1500
2848,419,round_end,484.87,2,T_8c03018b,1,1,2,35.59,100,0,1500
2849,419,round_end,799.41,3,T_8c03018b,1,2,1,94.71,100,0,1500
2850,419,round_end,799.41,3,T_8c03018b,1,2,1,94.71,100,0,1500
2851,420,round_end,154.55,1,T_8c03018b,1,0,0,100,0,0,1501
2852,420,round_end,415.15,2,T_8c03018b,1,1,2,77.99,100,0,1501
2853,420,round_end,641.68,3,T_8c03018b,1,2,1,54.03,100,0,1501
2854,420,round_end,641.68,3,T_8c03018b,1,2,1,54.03,100,0,1501
2855,420,round_end,270,1,T_a02bf5e9,0,3,3,0,0,210.06,1502
2856,420,round_end,660.11,2,T_5568bd9d,1,3,1,0,0,0,1502
2857,420,round_end,457.81,1,T_a02bf5e9,0,3,3,0,0,30.51,1503
2858,420,round_end,808.28,2,T_5568bd9d,3,3,3,0,0,129.37,1503
2859,420,round_end,808.28,2,T_5568bd9d,3,3,3,0,0,129.37,1503
2860,420,round_end,622.08,1,T_a02bf5e9,0,0,0,0,0,0,1504
2861,420,round_end,749.55,6,T_a02bf5e9,2,3,4,0,0,40,1505
2862,420,round_end,216.05,1,T_8c03018b,1,0,2,100,21.71,0,1507
2863,420,round_end,553.31,2,T_8c03018b,2,0,1,100,99.99,0,1507
2864,420,round_end,794.79,3,T_8c03018b,2,1,0,43.29,100,0,1507
2865,420,round_end,794.79,3,T_8c03018b,2,1,0,43.29,100,0,1507
2866,421,round_end,173.16,1,T_8c03018b,0,1,2,0,100,0,1508
2867,421,round_end,493.44,2,T_8c03018b,0,2,0,99.99,100,0,1508
2868,421,round_end,763.68,3,T_8c03018b,0,3,1,70.81,100,0,1508
2869,421,round_end,490.88,1,T_a02bf5e9,0,2,2,0,0,0,1509
2870,421,round_end,976.79,2,T_5568bd9d,2,3,2,0,0,0,1509
2871,421,round_end,323.66,1,T_a02bf5e9,0,3,3,0,0,156.43,1510
2872,421,round_end,738.79,2,T_5568bd9d,3,3,3,0,0,64.82,1510
2873,421,round_end,738.79,2,T_5568bd9d,3,3,3,0,0,64.82,1510
2874,421,round_end,703.42,1,T_a02bf5e9,0,0,0,0,0,0,1511
2875,421,round_end,856.11,5,T_a02bf5e9,0,5,3,0,100,0,1512
2876,421,round_end,299.28,1,T_8c03018b,0,1,1,99.99,100,0,1513
2877,421,round_end,517.01,2,T_8c03018b,0,2,2,33.73,100,0,1513
2878,421,round_end,822.33,3,T_8c03018b,1,2,0,100,82.21,0,1513
2879,421,round_end,822.33,3,T_8c03018b,1,2,0,100,82.21,0,1513
2880,422,round_end,167.75,1,T_8c03018b,1,0,2,100,0,0,1514
2881,422,round_end,354.55,2,T_8c03018b,2,0,1,100,0,0,1514
2882,422,round_end,546.68,3,T_8c03018b,3,0,0,100,0,0,1514
2889,422,round_end,212,1,T_a02bf5e9,0,0,0,0,0,388.04,1517
2893,422,round_end,534.6,1,T_a02bf5e9,0,0,0,0,0,65.54,1519
2894,423,round_end,312.9,1,T_8c03018b,0,1,2,99.99,100,0,1520
2895,423,round_end,472,2,T_8c03018b,0,2,0,0,100,0,1520
2896,423,round_end,685.04,3,T_8c03018b,0,3,1,26.11,100,0,1520
2897,423,round_end,315.36,1,T_a02bf5e9,0,3,3,0,0,164.75,1521
2898,423,round_end,817.39,2,T_5568bd9d,2,3,2,0,0,0,1521
2900,423,round_end,390.16,1,T_a02bf5e9,0,1,1,0,0,0,1523
2901,423,round_end,779.99,2,T_5568bd9d,1,3,1,0,0,0,1523
2902,423,round_end,719.48,1,T_a02bf5e9,0,0,0,0,0,0,1524
2903,423,round_end,324.54,1,T_8c03018b,0,1,2,99.99,100,0,1525
2904,423,round_end,652.66,2,T_8c03018b,1,1,1,100,82.15,0,1525
2905,423,round_end,906.72,3,T_8c03018b,1,2,0,59.17,100,0,1525
2906,423,round_end,906.72,3,T_8c03018b,1,2,0,59.17,100,0,1525
2907,425,round_end,305.41,1,T_8c03018b,0,1,0,99.99,100,0,1526
2908,425,round_end,522.34,2,T_8c03018b,1,1,2,100,16.89,0,1526
2909,425,round_end,677.82,3,T_8c03018b,2,1,1,100,0,0,1526
2910,425,round_end,677.82,3,T_8c03018b,2,1,1,100,0,0,1526
2911,425,round_end,413.41,1,T_a02bf5e9,0,1,1,0,0,0,1527
2912,425,round_end,900.16,2,T_5568bd9d,2,3,2,0,0,0,1527
2913,426,round_end,485.55,1,T_8871274e,0,2,2,0,0,0,1528
2914,426,round_end,754.73,2,T_107b38a8,0,3,0,0,0,0,1528
2915,426,round_end,696.86,1,T_8871274e,0,0,0,0,0,0,1529
2919,426,round_end,283.44,1,T_8871274e,0,3,3,0,0,196.62,1534
2920,426,round_end,706.27,2,T_107b38a8,1,3,1,0,0,0,1534
2921,427,round_end,330.51,1,T_8c03018b,1,0,2,100,84.91,0,1535
2922,427,round_end,530.4,2,T_8c03018b,1,1,1,19.57,100,0,1535
2923,427,round_end,771.91,3,T_8c03018b,1,2,0,37.19,100,0,1535
2924,427,round_end,771.91,3,T_8c03018b,1,2,0,37.19,100,0,1535
2925,427,round_end,266.48,1,T_a02bf5e9,0,0,0,0,0,0,1536
2926,427,round_end,760.2,2,T_5568bd9d,2,3,2,0,0,0,1536
2927,427,round_end,501.99,1,T_a02bf5e9,0,3,3,0,0,0,1537
2928,427,round_end,1000.73,2,T_5568bd9d,2,3,2,0,0,0,1537
2929,427,round_end,630.56,1,T_a02bf5e9,0,0,0,0,0,0,1538
2943,429,round_end,169.29,1,T_8c03018b,0,1,0,0,100,0,1547
2944,429,round_end,342.87,2,T_8c03018b,0,2,2,0,100,0,1547
2945,429,round_end,627.59,3,T_8c03018b,0,3,1,91.51,100,0,1547
2946,429,round_end,669.38,6,T_a06a679c,2,3,2,0,0,40,1548
2947,429,round_end,580.49,1,T_a06a679c,0,3,3,0,0,0,1549
2948,429,round_end,933.4,2,T_6f51c467,3,3,3,0,0,126.9,1549
2949,429,round_end,390.15,1,T_a06a679c,0,1,1,0,0,0,1550
2950,429,round_end,889.95,2,T_6f51c467,3,3,3,0,0,0,1550
2951,429,round_end,889.95,2,T_6f51c467,3,3,3,0,0,0,1550
2952,429,round_end,746.17,1,T_a06a679c,0,0,0,0,0,0,1551
2953,430,round_end,335.84,1,T_8c03018b,1,0,1,100,99.99,0,1552
2954,430,round_end,536.14,2,T_8c03018b,2,0,0,100,21.73,0,1552
2955,430,round_end,779.21,3,T_8c03018b,2,1,2,67.76,100,0,1552
2956,430,round_end,779.21,3,T_8c03018b,2,1,2,67.76,100,0,1552
2957,430,round_end,512.95,1,T_a02bf5e9,0,2,2,0,0,0,1553
2958,430,round_end,940.48,2,T_5568bd9d,1,3,1,0,0,0,1553
2963,430,round_end,725.8,6,T_a02bf5e9,3,2,1,0,0,40,1556
2964,430,round_end,228.19,1,T_8c03018b,0,1,0,51.01,100,0,1557
2965,430,round_end,422.1,2,T_8c03018b,0,2,1,33.19,100,0,1557
2966,430,round_end,699.67,3,T_8c03018b,0,3,2,68.4,100,0,1557
2967,431,round_end,307.72,1,T_8c03018b,1,0,0,100,99.99,0,1558
2968,431,round_end,619.85,2,T_8c03018b,1,1,1,99.99,100,0,1558
2969,431,round_end,871.87,3,T_8c03018b,1,2,2,63.75,100,0,1558
2970,431,round_end,871.87,3,T_8c03018b,1,2,2,63.75,100,0,1558
2971,431,round_end,413,1,T_a02bf5e9,0,1,1,0,0,0,1559
2972,431,round_end,802.81,2,T_5568bd9d,1,3,1,0,0,0,1559
2973,431,round_end,600.18,1,T_a02bf5e9,0,0,0,0,0,0,1560
2974,431,round_end,403.15,1,T_a02bf5e9,0,3,3,0,0,76.99,1561
2975,431,round_end,650.95,2,T_5568bd9d,0,3,0,0,0,0,1561
2976,431,round_end,731.8,5,T_a02bf5e9,0,5,1,0,100,0,1564
2980,432,round_end,283.48,1,T_8c03018b,0,1,1,77.01,100,0,1566
2981,432,round_end,529.26,2,T_8c03018b,1,1,0,100,59.24,0,1566
2982,432,round_end,816.13,3,T_8c03018b,1,2,2,78.56,100,0,1566
2983,432,round_end,816.13,3,T_8c03018b,1,2,2,78.56,100,0,1566
2991,432,round_end,754.61,6,T_a02bf5e9,1,4,1,0,0,40,1570
2992,432,round_end,333.04,1,T_8c03018b,1,0,1,100,99.99,0,1571
2993,432,round_end,551.51,2,T_8c03018b,2,0,0,100,53.39,0,1571
2994,432,round_end,852.61,3,T_8c03018b,2,1,2,99.99,100,0,1571
2995,432,round_end,852.61,3,T_8c03018b,2,1,2,99.99,100,0,1571
2996,433,round_end,197.45,1,T_8c03018b,0,1,2,0,100,0,1572
2997,433,round_end,359.79,2,T_8c03018b,0,2,0,0,100,0,1572
2998,433,round_end,671.3,3,T_8c03018b,0,3,1,99.99,100,0,1572
2999,433,round_end,459.54,1,T_a02bf5e9,0,3,3,0,0,20.65,1573
3000,433,round_end,849.38,2,T_5568bd9d,1,3,1,0,0,0,1573
3001,433,round_end,344.98,1,T_a02bf5e9,0,3,3,0,0,135.1,1574
3002,433,round_end,889.61,2,T_5568bd9d,2,3,2,0,0,0,1574
3003,433,round_end,667.41,1,T_a02bf5e9,0,0,0,0,0,0,1576
3004,433,round_end,828.73,6,T_a02bf5e9,2,3,2,0,0,40,1577
3005,434,round_end,333.04,1,T_8c03018b,1,0,1,100,99.99,0,1578
3006,434,round_end,551.51,2,T_8c03018b,2,0,0,100,53.39,0,1578
3007,434,round_end,852.61,3,T_8c03018b,2,1,2,99.99,100,0,1578
3008,434,round_end,852.61,3,T_8c03018b,2,1,2,99.99,100,0,1578
3009,434,round_end,754.61,6,T_a02bf5e9,1,4,1,0,0,40,1579
3010,434,round_end,706.47,1,T_a02bf5e9,0,0,0,0,0,0,1580
3011,434,round_end,269.95,1,T_a02bf5e9,0,3,3,0,0,210.12,1581
3012,434,round_end,759.02,2,T_5568bd9d,3,3,3,0,0,0,1581
3013,434,round_end,759.02,2,T_5568bd9d,3,3,3,0,0,0,1581
3014,434,round_end,453.87,1,T_a02bf5e9,0,3,3,0,0,26.3,1582
3015,434,round_end,883.78,2,T_5568bd9d,3,3,3,0,0,49.96,1582
3016,434,round_end,883.78,2,T_5568bd9d,3,3,3,0,0,49.96,1582
3025,435,round_end,399.59,1,T_a02bf5e9,0,1,1,0,0,0,1585
3026,435,round_end,639.5,2,T_5568bd9d,0,3,0,0,0,0,1585
3027,435,round_end,295.8,1,T_a02bf5e9,0,0,0,0,0,0,1586
3028,435,round_end,550.91,2,T_5568bd9d,0,3,0,0,0,0,1586
3029,435,round_end,337.1,1,T_8c03018b,0,1,1,99.99,100,0,1587
3030,435,round_end,543.38,2,T_8c03018b,0,2,0,18.41,100,0,1587
3031,435,round_end,830.45,3,T_8c03018b,1,2,2,100,80.45,0,1587
3032,435,round_end,830.45,3,T_8c03018b,1,2,2,100,80.45,0,1587
3033,435,round_end,397.78,1,T_a02bf5e9,0,3,3,0,0,82.36,1588
3034,435,round_end,796.58,2,T_5568bd9d,1,3,1,0,0,0,1588
3035,436,round_end,238.33,1,T_8c03018b,1,0,0,100,47.79,0,1589
3036,436,round_end,509.96,2,T_8c03018b,2,0,2,100,97.06,0,1589
3037,436,round_end,679.77,3,T_8c03018b,3,0,1,100,0,0,1589
3038,436,round_end,267.8,1,T_a02bf5e9,0,0,0,0,0,0,1590
3039,436,round_end,595.01,2,T_5568bd9d,3,3,3,0,0,152.95,1590
3040,436,round_end,595.01,2,T_5568bd9d,3,3,3,0,0,152.95,1590
3041,436,round_end,494.63,1,T_a02bf5e9,0,2,2,0,0,0,1593
3042,436,round_end,837.55,2,T_5568bd9d,3,3,3,0,0,136.9,1593
3043,436,round_end,837.55,2,T_5568bd9d,3,3,3,0,0,136.9,1593
3044,436,round_end,615.56,1,T_a02bf5e9,0,0,0,0,0,0,1594
3045,436,round_end,253.07,1,T_8c03018b,1,0,2,100,46.68,0,1595
3046,436,round_end,423.88,2,T_8c03018b,2,0,0,100,0,0,1595
3047,436,round_end,746.29,3,T_8c03018b,3,0,1,100,99.99,0,1595
3048,436,round_end,248.35,1,T_a02bf5e9,0,0,0,0,0,0,1596
3049,436,round_end,682.76,2,T_5568bd9d,3,3,3,0,0,45.7,1596
3050,436,round_end,682.76,2,T_5568bd9d,3,3,3,0,0,45.7,1596
3054,436,round_end,881.75,5,T_a02bf5e9,5,0,1,100,99.99,0,1599
3055,437,round_end,261.04,1,T_8c03018b,0,1,2,58.97,100,0,1600
3056,437,round_end,587.61,2,T_8c03018b,0,2,1,99.99,100,0,1600
3057,437,round_end,791.52,3,T_8c03018b,0,3,0,38.64,100,0,1600
3058,437,round_end,490.9,1,T_a02bf5e9,0,2,2,0,0,0,1601
3059,437,round_end,751.02,2,T_5568bd9d,0,3,0,0,0,0,1601
3060,437,round_end,415.87,1,T_a02bf5e9,0,1,1,0,0,0,1602
3061,437,round_end,805.69,2,T_5568bd9d,1,3,1,0,0,0,1602
3062,437,round_end,410.82,1,T_a02bf5e9,0,0,0,0,0,189.35,1603
3063,437,round_end,839.19,6,T_a02bf5e9,3,2,0,0,0,40,1604
3064,437,round_end,187.79,1,T_8c03018b,0,1,1,0,100,0,1606
3065,437,round_end,450.32,2,T_8c03018b,0,2,0,80.11,100,0,1606
3066,437,round_end,721.58,3,T_8c03018b,1,2,2,100,70.56,0,1606
3067,437,round_end,721.58,3,T_8c03018b,1,2,2,100,70.56,0,1606
3068,438,round_end,292,1,T_8c03018b,0,1,0,69.01,100,0,1607
3069,438,round_end,642.86,2,T_8c03018b,1,1,1,100,99.99,0,1607
3070,438,round_end,959.47,3,T_8c03018b,2,1,2,100,99.99,0,1607
3071,438,round_end,959.47,3,T_8c03018b,2,1,2,100,99.99,0,1607
3072,438,round_end,258.06,1,T_00483cb3,0,0,0,0,0,0,1608
3073,438,round_end,817.79,2,T_6da1ba9e,3,3,3,0,0,0,1608
3074,438,round_end,817.79,2,T_6da1ba9e,3,3,3,0,0,0,1608
3075,438,round_end,633.34,1,T_00483cb3,0,0,0,0,0,0,1609
3076,438,round_end,491.38,1,T_00483cb3,0,3,3,0,0,0,1613
3077,438,round_end,944.8,2,T_6da1ba9e,3,3,3,0,0,26.36,1613
3078,438,round_end,944.8,2,T_6da1ba9e,3,3,3,0,0,26.36,1613
3079,438,round_end,739.27,6,T_00483cb3,1,4,4,0,0,40,1614
3080,438,round_end,234.68,1,T_8c03018b,1,0,0,100,49.96,0,1615
3081,438,round_end,474.23,2,T_8c03018b,1,1,2,53.19,100,0,1615
3082,438,round_end,745.13,3,T_8c03018b,1,2,1,44.32,100,0,1615
3083,438,round_end,745.13,3,T_8c03018b,1,2,1,44.32,100,0,1615
3084,444,round_end,186.26,1,T_8c03018b,0,1,0,0,100,0,1616
3085,444,round_end,439.04,2,T_8c03018b,1,1,2,100,62.72,0,1616
3086,444,round_end,650.39,3,T_8c03018b,2,1,1,100,44,0,1616
3087,444,round_end,650.39,3,T_8c03018b,2,1,1,100,44,0,1616
3088,444,round_end,506.35,1,T_a02bf5e9,0,2,2,0,0,0,1617
3089,444,round_end,828.04,2,T_5568bd9d,3,3,3,0,0,158.15,1617
3090,444,round_end,828.04,2,T_5568bd9d,3,3,3,0,0,158.15,1617
3093,448,round_end,753.4,6,T_3ccf37a5,1,4,0,0,0,40,1622
3095,448,round_end,404.4,1,T_3ccf37a5,0,3,3,0,0,75.7,1627
3096,448,round_end,659.25,2,T_6f51c467,0,3,0,0,0,0,1627
3097,448,round_end,487.93,1,T_3ccf37a5,0,3,3,0,0,0,1628
3098,448,round_end,886.12,2,T_6f51c467,1,3,1,0,0,0,1628
3099,448,round_end,609.95,1,T_3ccf37a5,0,0,0,0,0,0,1629
3100,452,round_end,334.6,1,T_8c03018b,1,0,1,100,99.99,0,1633
3101,452,round_end,613.2,2,T_8c03018b,2,0,0,100,90.03,0,1633
3102,452,round_end,920.03,3,T_8c03018b,2,1,2,82.93,100,0,1633
3103,452,round_end,920.03,3,T_8c03018b,2,1,2,82.93,100,0,1633
3104,452,round_end,441.09,1,T_a02bf5e9,0,1,1,0,0,0,1634
3105,452,round_end,806.57,2,T_5568bd9d,3,3,3,0,0,114.42,1634
3106,452,round_end,806.57,2,T_5568bd9d,3,3,3,0,0,114.42,1634
3107,452,round_end,281.67,1,T_a02bf5e9,0,3,3,0,0,198.41,1635
3108,452,round_end,718.14,2,T_5568bd9d,3,3,3,0,0,43.51,1635
3109,452,round_end,718.14,2,T_5568bd9d,3,3,3,0,0,43.51,1635
3110,452,round_end,600.19,1,T_a02bf5e9,0,0,0,0,0,0,1636
3111,453,round_end,263.71,1,T_8c03018b,1,0,2,100,48.23,0,1637
3112,453,round_end,498.61,2,T_8c03018b,2,0,1,100,48,0,1637
3113,453,round_end,746.63,3,T_8c03018b,3,0,0,100,57.83,0,1637
3114,453,round_end,240.04,1,T_a02bf5e9,0,0,0,0,0,0,1638
3115,453,round_end,650.44,2,T_5568bd9d,3,3,3,0,0,69.74,1638
3116,453,round_end,650.44,2,T_5568bd9d,3,3,3,0,0,69.74,1638
3117,453,round_end,833.22,6,T_a02bf5e9,2,3,1,0,0,40,1639
3118,453,round_end,264.59,1,T_a02bf5e9,0,0,0,0,0,0,1640
3119,453,round_end,567.48,2,T_5568bd9d,3,3,3,0,0,177.18,1640
3120,453,round_end,567.48,2,T_5568bd9d,3,3,3,0,0,177.18,1640
3121,453,round_end,654.06,1,T_a02bf5e9,0,0,0,0,0,0,1641
3122,453,round_end,160.98,1,T_8c03018b,1,0,0,100,0,0,1642
3123,453,round_end,434.81,2,T_8c03018b,1,1,1,70,100,0,1642
3124,453,round_end,612.42,3,T_8c03018b,2,1,2,100,19.27,0,1642
3125,453,round_end,612.42,3,T_8c03018b,2,1,2,100,19.27,0,1642
3126,453,round_end,240.04,1,T_a02bf5e9,0,0,0,0,0,0,1643
3127,453,round_end,725.12,2,T_5568bd9d,2,3,2,0,0,0,1643
3128,452,round_end,858.36,6,T_a02bf5e9,2,3,2,0,0,40,1644
3137,454,round_end,608.24,1,T_a02bf5e9,0,0,0,0,0,0,1648
3138,454,round_end,977.48,6,T_a02bf5e9,3,2,0,0,0,40,1649
3139,454,round_end,186.16,1,T_8c03018b,1,0,1,100,6.27,0,1650
3140,454,round_end,472.69,2,T_8c03018b,1,1,2,85.17,100,0,1650
3141,454,round_end,655.32,3,T_8c03018b,1,2,0,0,100,0,1650
3142,454,round_end,655.32,3,T_8c03018b,1,2,0,0,100,0,1650
3143,455,round_end,281.11,1,T_8c03018b,1,0,2,100,94.59,0,1651
3144,455,round_end,479.06,2,T_8c03018b,1,1,1,0,100,0,1651
3145,455,round_end,749.29,3,T_8c03018b,1,2,0,85.76,100,0,1651
3146,455,round_end,749.29,3,T_8c03018b,1,2,0,85.76,100,0,1651
3147,455,round_end,419.09,1,T_a02bf5e9,0,1,1,0,0,0,1652
3148,455,round_end,898.96,2,T_5568bd9d,2,3,2,0,0,0,1652
3149,455,round_end,495.92,1,T_a02bf5e9,0,3,3,0,0,0,1653
3150,455,round_end,773.85,2,T_5568bd9d,3,3,3,0,0,201.93,1653
3151,455,round_end,773.85,2,T_5568bd9d,3,3,3,0,0,201.93,1653
3152,455,round_end,805.96,6,T_a02bf5e9,1,4,1,0,0,40,1654
3153,455,round_end,695.54,1,T_a02bf5e9,0,0,0,0,0,0,1655
3154,454,round_end,622.62,1,T_a02bf5e9,0,0,0,0,0,0,1656
3158,456,round_end,501.76,1,T_a02bf5e9,0,2,2,0,0,0,1658
3159,456,round_end,1101.09,2,T_5568bd9d,3,3,3,0,0,0,1658
3160,456,round_end,979.72,6,T_a02bf5e9,3,2,1,0,0,40,1659
3163,456,round_end,617.52,1,T_a02bf5e9,0,0,0,0,0,0,1661
3164,456,round_end,199.93,1,T_8c03018b,0,1,1,27.15,100,0,1662
3165,456,round_end,486.73,2,T_8c03018b,0,2,2,99.99,100,0,1662
3166,456,round_end,766.05,3,T_8c03018b,1,2,0,100,99.99,0,1662
3167,456,round_end,766.05,3,T_8c03018b,1,2,0,100,99.99,0,1662
3171,458,round_end,251.56,1,T_a02bf5e9,0,0,0,0,0,0,1664
3172,458,round_end,536.76,2,T_5568bd9d,3,3,3,0,0,194.97,1664
3173,458,round_end,536.76,2,T_5568bd9d,3,3,3,0,0,194.97,1664
3174,458,round_end,415.37,1,T_a02bf5e9,0,1,1,0,0,0,1665
3175,458,round_end,709.93,2,T_5568bd9d,3,3,3,0,0,185.37,1665
3176,458,round_end,709.93,2,T_5568bd9d,3,3,3,0,0,185.37,1665
3177,458,round_end,855.94,6,T_a02bf5e9,3,2,3,0,0,40,1666
3178,458,round_end,256,1,T_a02bf5e9,0,0,0,0,0,0,1667
3179,458,round_end,575.55,2,T_5568bd9d,3,3,3,0,0,160.52,1667
3180,458,round_end,575.55,2,T_5568bd9d,3,3,3,0,0,160.52,1667
3181,458,round_end,626.39,1,T_a02bf5e9,0,0,0,0,0,0,1673
3182,459,round_end,211.04,1,T_8c03018b,0,1,1,37.29,100,0,1674
3183,459,round_end,447.91,2,T_8c03018b,0,2,2,35.6,100,0,1674
3184,459,round_end,642.28,3,T_8c03018b,0,3,0,30.96,100,0,1674
3185,459,round_end,492.75,1,T_a02bf5e9,0,2,2,0,0,0,1675
3186,459,round_end,826.05,2,T_5568bd9d,3,3,3,0,0,146.55,1675
3187,459,round_end,826.05,2,T_5568bd9d,3,3,3,0,0,146.55,1675
3191,459,round_end,913.42,6,T_a02bf5e9,1,4,2,0,0,40,1678
3195,459,round_end,708.01,1,T_a02bf5e9,0,0,0,0,0,0,1680
3198,460,round_end,221.41,1,T_8c03018b,1,0,1,100,26.97,0,1682
3199,460,round_end,431.4,2,T_8c03018b,2,0,2,100,43.33,0,1682
3200,460,round_end,607.62,3,T_8c03018b,3,0,0,100,9.53,0,1682
3201,460,round_end,512.13,1,T_a02bf5e9,0,2,2,0,0,0,1683
3202,460,round_end,762.17,2,T_5568bd9d,0,3,0,0,0,0,1683
3203,460,round_end,450.55,1,T_a02bf5e9,0,3,3,0,0,29.69,1684
3204,460,round_end,942.71,2,T_5568bd9d,2,3,2,0,0,0,1684
3205,460,round_end,683.11,1,T_a02bf5e9,0,0,0,0,0,0,1685
3206,460,round_end,892.56,6,T_a02bf5e9,3,2,4,0,0,40,1686
3207,465,round_end,371.64,1,T_8c03018b,1,0,1,100,99.99,0,1691
3208,465,round_end,553.5,2,T_8c03018b,1,1,2,0,100,0,1691
3209,465,round_end,873.55,3,T_8c03018b,1,2,0,99.99,100,0,1691
3210,465,round_end,873.55,3,T_8c03018b,1,2,0,99.99,100,0,1691
3211,465,round_end,332.92,1,T_a02bf5e9,0,3,3,0,0,147.19,1692
3212,465,round_end,812.91,2,T_f5419237,2,3,2,0,0,0,1692
3213,465,round_end,425.75,1,T_a02bf5e9,0,3,3,0,0,54.43,1693
3214,465,round_end,948.14,2,T_f5419237,2,3,2,0,0,0,1693
3215,465,round_end,698.56,6,T_a02bf5e9,4,1,1,0,0,40,1694
3216,466,round_end,236.36,1,T_8c03018b,1,0,2,100,36.69,0,1695
3217,466,round_end,481.51,2,T_8c03018b,2,0,0,100,65.69,0,1695
3218,466,round_end,794.72,3,T_8c03018b,3,0,1,100,99.99,0,1695
3219,466,round_end,240.04,1,T_a02bf5e9,0,0,0,0,0,0,1696
3220,466,round_end,541.86,2,T_5568bd9d,0,3,0,0,0,0,1696
3221,466,round_end,668.98,6,T_a02bf5e9,1,4,1,0,0,40,1697
3222,466,round_end,395.11,1,T_a02bf5e9,0,1,1,0,0,0,1698
3223,466,round_end,920.99,2,T_5568bd9d,3,3,3,0,0,0,1698
3224,466,round_end,920.99,2,T_5568bd9d,3,3,3,0,0,0,1698
3225,466,round_end,605.22,1,T_a02bf5e9,0,0,0,0,0,0,1699
3226,466,round_end,235.17,1,T_8c03018b,0,1,1,50.43,100,0,1700
3227,466,round_end,403.01,2,T_8c03018b,0,2,0,0,100,0,1700
3228,466,round_end,634.52,3,T_8c03018b,0,3,2,47.71,100,0,1700
3229,468,round_end,218.19,1,T_8c03018b,0,1,0,36.4,100,0,1701
3230,468,round_end,483.28,2,T_8c03018b,0,2,1,85.2,100,0,1701
3231,468,round_end,743.75,3,T_8c03018b,0,3,2,65.67,100,0,1701
3232,467,round_end,218.19,1,T_8c03018b,0,1,0,36.4,100,0,1702
3233,467,round_end,483.28,2,T_8c03018b,0,2,1,85.2,100,0,1702
3234,467,round_end,743.75,3,T_8c03018b,0,3,2,65.67,100,0,1702
3235,467,round_end,504.12,1,T_a02bf5e9,0,3,3,0,0,0,1703
3236,467,round_end,893.91,2,T_5568bd9d,1,3,1,0,0,0,1703
3237,469,round_end,204.39,1,T_8c03018b,0,1,1,0,100,0,1704
3238,469,round_end,506.13,2,T_8c03018b,0,2,0,93.83,100,0,1704
3239,469,round_end,711.48,3,T_8c03018b,0,3,2,24.41,100,0,1704
3245,469,round_end,294.88,1,T_a02bf5e9,0,3,3,0,0,185.19,1707
3246,469,round_end,813.59,2,T_5568bd9d,3,3,3,0,0,0,1707
3247,469,round_end,813.59,2,T_5568bd9d,3,3,3,0,0,0,1707
3248,470,round_end,324.2,1,T_a02bf5e9,0,3,3,0,0,155.9,1708
3249,470,round_end,756.26,2,T_5568bd9d,1,3,1,0,0,0,1708
3250,470,round_end,496.96,1,T_a02bf5e9,0,2,2,0,0,0,1709
3251,470,round_end,981.7,2,T_5568bd9d,2,3,2,0,0,0,1709
3252,469,round_end,674.55,1,T_a02bf5e9,0,0,0,0,0,0,1710
3256,465,round_end,496.41,1,T_a02bf5e9,0,0,0,0,0,103.82,1713
3257,469,round_end,246.97,1,T_8c03018b,1,0,1,100,50.13,0,1716
3258,469,round_end,457.38,2,T_8c03018b,2,0,0,100,29.2,0,1716
3259,469,round_end,721.48,3,T_8c03018b,2,1,2,89.05,100,0,1716
3260,469,round_end,721.48,3,T_8c03018b,2,1,2,89.05,100,0,1716
3261,470,round_end,654.9,1,T_a02bf5e9,0,0,0,0,0,0,1717
3262,470,round_end,703.19,5,T_a02bf5e9,0,5,3,75.72,100,0,1718
3267,471,round_end,390.15,1,T_a02bf5e9,0,1,1,0,0,0,1720
3268,471,round_end,812.61,2,T_f5419237,3,3,3,0,0,57.38,1720
3269,471,round_end,812.61,2,T_f5419237,3,3,3,0,0,57.38,1720
3270,471,round_end,883.62,6,T_a02bf5e9,3,2,1,0,0,40,1721
3271,471,round_end,511.9,1,T_a02bf5e9,0,3,3,0,0,0,1722
3272,471,round_end,1011.96,2,T_f5419237,3,3,3,0,0,0,1722
3273,471,round_end,679.29,1,T_a02bf5e9,0,0,0,0,0,0,1723
3274,471,round_end,260.54,1,T_8c03018b,1,0,2,100,67.75,0,1724
3275,471,round_end,443.1,2,T_8c03018b,2,0,1,100,0,0,1724
3276,471,round_end,597.75,3,T_8c03018b,3,0,0,100,0,0,1724
3277,472,round_end,224.08,1,T_8c03018b,0,1,0,34.97,100,0,1725
3278,472,round_end,542.26,2,T_8c03018b,0,2,1,98.84,100,0,1725
3279,472,round_end,815.75,3,T_8c03018b,1,2,2,100,63.33,0,1725
3280,472,round_end,815.75,3,T_8c03018b,1,2,2,100,63.33,0,1725
3287,472,round_end,1026.7,6,T_a02bf5e9,1,4,2,0,0,40,1730
3288,472,round_end,496.17,1,T_a02bf5e9,0,3,3,0,0,0,1731
3289,472,round_end,892.21,2,T_5568bd9d,1,3,1,0,0,0,1731
3290,474,round_end,474.64,1,T_112451a5,0,3,3,0,0,47.51,1733
3291,474,round_end,969.85,2,T_6f51c467,3,3,3,0,0,0,1733
3292,474,round_end,619.5,1,T_112451a5,0,0,0,0,0,0,1734
3293,477,round_end,240.3,1,T_8c03018b,0,1,0,67.59,100,0,1736
3294,477,round_end,508.76,2,T_8c03018b,1,1,1,100,80.57,0,1736
3295,477,round_end,760.79,3,T_8c03018b,1,2,2,77.2,100,0,1736
3296,477,round_end,760.79,3,T_8c03018b,1,2,2,77.2,100,0,1736
3297,477,round_end,373.11,1,T_a02bf5e9,0,3,3,0,0,107.02,1737
3298,477,round_end,619.26,2,T_5568bd9d,0,3,0,0,0,0,1737
3307,478,round_end,480.22,1,T_a02bf5e9,0,2,2,0,0,0,1741
3308,478,round_end,965.01,2,T_5568bd9d,2,3,2,0,0,0,1741
3322,480,round_end,302.02,1,T_8c03018b,0,1,1,92.23,100,0,1748
3323,480,round_end,612.85,2,T_8c03018b,1,1,0,100,99.99,0,1748
3324,480,round_end,896.39,3,T_8c03018b,2,1,2,100,80.56,0,1748
3325,480,round_end,896.39,3,T_8c03018b,2,1,2,100,80.56,0,1748
3332,480,round_end,320.3,1,T_8c03018b,0,1,1,85.05,100,0,1752
3333,480,round_end,552.94,2,T_8c03018b,0,2,0,47.95,100,0,1752
3334,480,round_end,772.46,3,T_8c03018b,1,2,2,100,48.52,0,1752
3335,480,round_end,772.46,3,T_8c03018b,1,2,2,100,48.52,0,1752
3336,480,round_end,624.19,1,T_a02bf5e9,0,0,0,0,0,0,1753
3337,481,round_end,173.08,1,T_8c03018b,1,0,1,100,0,0,1754
3338,481,round_end,470,2,T_8c03018b,2,0,0,100,94.72,0,1754
3339,481,round_end,646.05,3,T_8c03018b,3,0,2,100,0,0,1754
3340,481,round_end,420.54,1,T_a02bf5e9,0,1,1,0,0,0,1755
3341,481,round_end,938.98,2,T_5568bd9d,2,3,2,0,0,0,1755
3342,481,round_end,861.01,6,T_a02bf5e9,3,2,4,0,0,40,1757
3343,481,round_end,621.01,1,T_a02bf5e9,0,0,0,0,0,0,1758
3344,481,round_end,331.48,1,T_8c03018b,1,0,1,100,99.99,0,1759
3345,481,round_end,643.48,2,T_8c03018b,2,0,2,100,99.99,0,1759
3346,481,round_end,823.14,3,T_8c03018b,2,1,0,0,100,0,1759
3347,481,round_end,823.14,3,T_8c03018b,2,1,0,0,100,0,1759
3348,482,round_end,236.85,1,T_8c03018b,1,0,1,100,57.31,0,1760
3349,482,round_end,509.05,2,T_8c03018b,2,0,0,100,92.05,0,1760
3350,482,round_end,758.93,3,T_8c03018b,2,1,2,46.68,100,0,1760
3351,482,round_end,758.93,3,T_8c03018b,2,1,2,46.68,100,0,1760
3352,481,round_end,407.92,1,T_a02bf5e9,0,1,1,0,0,0,1763
3353,481,round_end,805.69,2,T_5568bd9d,3,3,3,0,0,82.06,1763
3354,481,round_end,805.69,2,T_5568bd9d,3,3,3,0,0,82.06,1763
3367,482,round_end,420.86,1,T_a02bf5e9,0,1,1,0,0,0,1771
3368,482,round_end,810.17,2,T_5568bd9d,3,3,3,0,0,90.6,1771
3369,482,round_end,810.17,2,T_5568bd9d,3,3,3,0,0,90.6,1771
3370,482,round_end,506.6,1,T_a02bf5e9,0,3,3,0,0,0,1772
3371,482,round_end,837.86,2,T_5568bd9d,3,3,3,0,0,148.57,1772
3372,482,round_end,837.86,2,T_5568bd9d,3,3,3,0,0,148.57,1772
3373,482,round_end,637.87,1,T_a02bf5e9,0,0,0,0,0,0,1773
3374,482,round_end,735.59,6,T_a02bf5e9,2,3,2,0,0,40,1774
3375,482,round_end,171.42,1,T_8c03018b,1,0,0,100,0,0,1775
3376,482,round_end,355.49,2,T_8c03018b,1,1,1,0,100,0,1775
3377,482,round_end,586.95,3,T_8c03018b,2,1,2,100,60.32,0,1775
3378,482,round_end,586.95,3,T_8c03018b,2,1,2,100,60.32,0,1775
3385,487,round_end,211.53,1,T_8c03018b,1,0,2,100,21.65,0,1780
3386,487,round_end,508.71,2,T_8c03018b,1,1,0,92.16,100,0,1780
3387,487,round_end,747.45,3,T_8c03018b,2,1,1,100,59.32,0,1780
3388,487,round_end,747.45,3,T_8c03018b,2,1,1,100,59.32,0,1780
3393,487,round_end,880.7,6,T_a02bf5e9,2,3,0,0,0,40,1784
3412,490,round_end,287.49,1,T_8c03018b,0,1,0,99.99,100,0,1793
3413,490,round_end,456.82,2,T_8c03018b,1,1,2,100,0,0,1793
3414,490,round_end,717.35,3,T_8c03018b,2,1,1,100,86.43,0,1793
3415,490,round_end,717.35,3,T_8c03018b,2,1,1,100,86.43,0,1793
3416,490,round_end,497.31,1,T_a02bf5e9,0,2,2,0,0,0,1794
3417,490,round_end,787.41,2,T_5568bd9d,0,3,0,0,0,0,1794
3418,490,round_end,828.92,6,T_a02bf5e9,1,4,0,0,0,40,1795
3419,490,round_end,346.2,1,T_a02bf5e9,0,3,3,0,0,133.9,1796
3420,490,round_end,346.2,1,T_a02bf5e9,0,3,3,0,0,133.9,1797
3421,490,round_end,761.41,2,T_5568bd9d,1,3,1,0,0,0,1797
3422,490,round_end,618.92,1,T_a02bf5e9,0,0,0,0,0,0,1798
3423,490,round_end,304.13,1,T_8c03018b,1,0,2,100,94.84,0,1799
3424,490,round_end,520.96,2,T_8c03018b,2,0,0,100,34.99,0,1799
3425,490,round_end,683.96,3,T_8c03018b,3,0,1,100,0,0,1799
3426,488,round_end,536.56,1,T_a02bf5e9,0,2,2,0,0,0,1801
3427,488,round_end,1028.13,2,T_5568bd9d,3,3,3,0,0,0,1801
3428,488,round_end,1028.13,2,T_5568bd9d,3,3,3,0,0,0,1801
3429,488,round_end,390.15,1,T_a02bf5e9,0,1,1,0,0,0,1802
3430,488,round_end,761.76,2,T_5568bd9d,3,3,3,0,0,108.31,1802
3431,488,round_end,761.76,2,T_5568bd9d,3,3,3,0,0,108.31,1802
3432,488,round_end,270.59,1,T_a02bf5e9,0,0,0,0,0,0,1803
3433,488,round_end,569.37,2,T_5568bd9d,3,3,3,0,0,181.38,1803
3434,488,round_end,569.37,2,T_5568bd9d,3,3,3,0,0,181.38,1803
3440,491,round_end,280.94,1,T_8c03018b,1,0,0,100,63.49,0,1811
3441,491,round_end,461.88,2,T_8c03018b,1,1,2,8.51,100,0,1811
3442,491,round_end,665.45,3,T_8c03018b,1,2,1,33.17,100,0,1811
3443,491,round_end,665.45,3,T_8c03018b,1,2,1,33.17,100,0,1811
3444,491,round_end,480.22,1,T_a02bf5e9,0,2,2,0,0,0,1812
3445,491,round_end,725.54,2,T_5568bd9d,0,3,0,0,0,0,1812
3446,491,round_end,427.77,1,T_a02bf5e9,0,3,3,0,0,52.39,1815
3447,491,round_end,924.06,2,T_5568bd9d,2,3,2,0,0,0,1815
3448,494,round_end,263.45,1,T_8c03018b,1,0,1,100,76.44,0,1818
3449,494,round_end,553.58,2,T_8c03018b,2,0,2,100,98.51,0,1818
3450,494,round_end,827.38,3,T_8c03018b,3,0,0,100,56.36,0,1818
3451,494,round_end,438.99,1,T_2f7c4a6e,0,1,1,0,0,0,1819
3452,494,round_end,756.37,2,T_967fa57b,3,3,3,0,0,162.57,1819
3453,494,round_end,756.37,2,T_967fa57b,3,3,3,0,0,162.57,1819
3454,494,round_end,553.62,1,T_2f7c4a6e,0,2,2,0,0,0,1820
3455,494,round_end,914.51,2,T_967fa57b,3,3,3,0,0,118.92,1820
3456,494,round_end,914.51,2,T_967fa57b,3,3,3,0,0,118.92,1820
3457,494,round_end,613.81,1,T_2f7c4a6e,0,0,0,0,0,0,1821
3458,494,round_end,715.47,6,T_2f7c4a6e,4,1,1,0,0,40,1822
3459,494,round_end,186.47,1,T_8c03018b,1,0,0,100,0,0,1823
3460,494,round_end,420.5,2,T_8c03018b,2,0,2,100,46.89,0,1823
3461,494,round_end,583.92,3,T_8c03018b,3,0,1,100,0,0,1823
3462,494,round_end,229.79,1,T_8c03018b,1,0,2,100,38.28,0,1825
3463,494,round_end,539.07,2,T_8c03018b,2,0,1,100,99.99,0,1825
3464,494,round_end,844.26,3,T_8c03018b,3,0,0,100,92.62,0,1825
3465,495,round_end,280.79,1,T_8c03018b,1,0,1,100,83.24,0,1826
3466,495,round_end,503.01,2,T_8c03018b,2,0,0,100,54.6,0,1826
3467,495,round_end,771.76,3,T_8c03018b,2,1,2,84.52,100,0,1826
3468,495,round_end,771.76,3,T_8c03018b,2,1,2,84.52,100,0,1826
3469,495,round_end,408.21,1,T_b7e00eb0,0,1,1,0,0,0,1827
3470,495,round_end,995.33,2,T_b92f091c,2,3,2,0,0,0,1827
3471,496,round_end,300.13,1,T_8c03018b,0,1,2,93.34,100,0,1828
3472,496,round_end,646.19,2,T_8c03018b,0,2,1,99.99,100,0,1828
3473,496,round_end,808.65,3,T_8c03018b,0,3,0,0,100,0,1828
3474,496,round_end,400.05,1,T_a02bf5e9,0,1,1,0,0,0,1829
3475,496,round_end,907.3,2,T_5568bd9d,3,3,3,0,0,0,1829
3476,496,round_end,907.3,2,T_5568bd9d,3,3,3,0,0,0,1829
3477,496,round_end,855.97,6,T_a02bf5e9,1,4,1,0,0,40,1830
3478,496,round_end,267.1,1,T_a02bf5e9,0,0,0,0,0,0,1831
3479,496,round_end,672.67,2,T_5568bd9d,3,3,3,0,0,74.44,1831
3480,496,round_end,672.67,2,T_5568bd9d,3,3,3,0,0,74.44,1831
3481,496,round_end,478.88,1,T_a02bf5e9,0,0,0,0,0,121.3,1832
3482,496,round_end,190.13,1,T_8c03018b,1,0,1,100,0,0,1833
3483,496,round_end,382.36,2,T_8c03018b,2,0,2,100,11.53,0,1833
3484,496,round_end,720.01,3,T_8c03018b,3,0,0,100,99.99,0,1833
3488,495,round_end,862.32,6,T_b7e00eb0,1,4,0,0,0,40,1836
3489,501,round_end,173.87,1,T_8c03018b,1,0,1,100,0,0,1837
3490,501,round_end,342.04,2,T_8c03018b,1,1,2,0,100,0,1837
3491,501,round_end,640.78,3,T_8c03018b,1,2,0,99.99,100,0,1837
3492,501,round_end,640.78,3,T_8c03018b,1,2,0,99.99,100,0,1837
3493,501,round_end,357.58,1,T_19b74e55,0,3,3,0,0,122.55,1838
3494,501,round_end,612.41,2,T_967fa57b,0,3,0,0,0,0,1838
3495,501,round_end,240.04,1,T_19b74e55,0,0,0,0,0,0,1839
3496,501,round_end,641.17,2,T_967fa57b,1,3,1,0,0,0,1839
3497,501,round_end,484.27,1,T_19b74e55,0,0,0,0,0,116.01,1840
3498,501,round_end,764.07,6,T_19b74e55,1,4,2,0,0,39.99,1841
3499,501,round_end,299.12,1,T_8c03018b,0,1,1,99.99,100,0,1842
3500,501,round_end,600.5,2,T_8c03018b,1,1,0,100,90.69,0,1842
3501,501,round_end,776.15,3,T_8c03018b,2,1,2,100,0,0,1842
3502,501,round_end,776.15,3,T_8c03018b,2,1,2,100,0,0,1842
3503,501,round_end,338.26,1,T_19b74e55,0,0,0,0,0,261.86,1843
3517,503,round_end,480.18,1,T_a02bf5e9,0,2,2,0,0,0,1850
3518,503,round_end,975.73,2,T_f5419237,3,3,3,0,0,0,1850
3519,503,round_end,975.73,2,T_f5419237,3,3,3,0,0,0,1850
3520,503,round_end,908.53,6,T_a02bf5e9,2,3,2,0,0,40,1851
3524,504,round_end,513.72,1,T_a02bf5e9,0,2,2,0,0,0,1853
3525,504,round_end,771.03,2,T_5568bd9d,0,3,0,0,0,0,1853
3526,504,round_end,497.06,1,T_a02bf5e9,0,2,2,0,0,0,1854
3527,504,round_end,767.67,2,T_5568bd9d,0,3,0,0,0,0,1854
3532,503,round_end,509.78,1,T_a02bf5e9,0,2,2,0,0,0,1858
3533,503,round_end,1060.69,2,T_f5419237,2,3,2,0,0,0,1858
3534,505,round_end,173.52,1,T_8c03018b,0,1,0,0,100,0,1859
3535,505,round_end,478.61,2,T_8c03018b,0,2,1,99.99,100,0,1859
3536,505,round_end,773.95,3,T_8c03018b,0,3,2,99.99,100,0,1859
3537,505,round_end,790.65,6,T_a02bf5e9,4,1,0,0,0,40,1860
3538,505,round_end,644.72,1,T_a02bf5e9,0,0,0,0,0,0,1861
3539,505,round_end,336.15,1,T_8c03018b,0,1,1,99.99,100,0,1864
3540,505,round_end,539.73,2,T_8c03018b,0,2,0,22.15,100,0,1864
3541,505,round_end,697.65,3,T_8c03018b,0,3,2,0,100,0,1864
3542,506,round_end,271.35,1,T_8c03018b,1,0,2,100,94.12,0,1865
3543,506,round_end,565.55,2,T_8c03018b,2,0,0,100,97.59,0,1865
3544,506,round_end,721.99,3,T_8c03018b,2,1,1,0,100,0,1865
3545,506,round_end,721.99,3,T_8c03018b,2,1,1,0,100,0,1865
3556,507,round_end,835.92,5,T_a02bf5e9,5,0,1,100,91.98,0,1870
3557,507,round_end,319.64,1,T_a02bf5e9,0,3,3,0,0,160.47,1871
3558,507,round_end,718.29,2,T_5568bd9d,1,3,1,0,0,0,1871
3559,507,round_end,678.3,1,T_a02bf5e9,0,0,0,0,0,0,1872
3576,507,round_end,166.55,1,T_8c03018b,1,0,1,100,0,0,1879
3577,507,round_end,495.05,2,T_8c03018b,2,0,2,100,99.99,0,1879
3578,507,round_end,735.88,3,T_8c03018b,3,0,0,100,43.97,0,1879
3579,505,round_end,247.99,1,T_a02bf5e9,0,3,3,0,0,232.06,1881
3580,505,round_end,752.49,2,T_f5419237,2,3,2,0,0,0,1881
3581,509,round_end,289.89,1,T_8c03018b,0,1,2,98.34,100,0,1882
3582,509,round_end,601.73,2,T_8c03018b,0,2,1,97.62,100,0,1882
3583,509,round_end,794.04,3,T_8c03018b,0,3,0,26.84,100,0,1882
3588,509,round_end,779.76,6,T_a02bf5e9,1,4,4,0,0,40,1885
3617,514,round_end,797.86,6,T_a02bf5e9,3,2,4,0,0,40,1901
3620,514,round_end,586.89,1,T_a02bf5e9,0,0,0,0,0,13.35,1903
3623,515,round_end,211.2,1,T_8c03018b,0,1,1,27.29,100,0,1905
3624,515,round_end,413.07,2,T_8c03018b,1,1,2,100,0,0,1905
3625,515,round_end,659.23,3,T_8c03018b,1,2,0,69.71,100,0,1905
3626,515,round_end,659.23,3,T_8c03018b,1,2,0,69.71,100,0,1905
3629,515,round_end,916.24,6,T_ff796947,3,2,2,0,0,40,1907
3633,515,round_end,421.17,1,T_ff796947,0,1,1,0,0,0,1910
3634,515,round_end,810.98,2,T_9c178995,1,3,1,0,0,0,1910
3635,515,round_end,273.27,1,T_8c03018b,0,1,1,84.76,100,0,1911
3636,515,round_end,487.06,2,T_8c03018b,0,2,2,27.89,100,0,1911
3637,515,round_end,789.87,3,T_8c03018b,1,2,0,100,99.99,0,1911
3638,515,round_end,789.87,3,T_8c03018b,1,2,0,100,99.99,0,1911
3639,516,round_end,233.56,1,T_8c03018b,1,0,2,100,45.31,0,1912
3640,516,round_end,532.49,2,T_8c03018b,1,1,1,90.02,100,0,1912
3641,516,round_end,779.67,3,T_8c03018b,2,1,0,100,51.87,0,1912
3642,516,round_end,779.67,3,T_8c03018b,2,1,0,100,51.87,0,1912
3649,516,round_end,344.78,1,T_8c03018b,1,0,2,100,99.99,0,1917
3650,516,round_end,657.8,2,T_8c03018b,2,0,0,100,99.99,0,1917
3651,516,round_end,834.35,3,T_8c03018b,2,1,1,0,100,0,1917
3652,516,round_end,834.35,3,T_8c03018b,2,1,1,0,100,0,1917
3653,516,round_end,529.19,1,T_a02bf5e9,0,2,2,0,0,0,1918
3654,516,round_end,856.05,2,T_5568bd9d,3,3,3,0,0,152.97,1918
3655,516,round_end,856.05,2,T_5568bd9d,3,3,3,0,0,152.97,1918
3656,517,round_end,290.37,1,T_8c03018b,1,0,2,100,79.23,0,1919
3657,517,round_end,601.17,2,T_8c03018b,2,0,1,100,99.99,0,1919
3658,517,round_end,784.05,3,T_8c03018b,2,1,0,0,100,0,1919
3659,517,round_end,784.05,3,T_8c03018b,2,1,0,0,100,0,1919
3660,517,round_end,309.21,1,T_a02bf5e9,0,3,3,0,0,170.89,1920
3661,517,round_end,866.08,2,T_5568bd9d,3,3,3,0,0,0,1920
3662,517,round_end,639.39,5,T_a02bf5e9,5,0,3,100,0,0,1921
3663,517,round_end,261.74,1,T_a02bf5e9,0,3,3,0,0,218.31,1922
3664,517,round_end,652.38,2,T_5568bd9d,3,3,3,0,0,89.33,1922
3693,519,round_end,638.95,1,T_a02bf5e9,0,0,0,0,0,0,1936
3706,522,round_end,868.08,6,T_a02bf5e9,3,2,1,0,0,40,1944
3707,522,round_end,240.04,1,T_a02bf5e9,0,0,0,0,0,0,1945
3708,522,round_end,471.1,2,T_5568bd9d,3,3,3,0,0,249.09,1945
3709,522,round_end,471.1,2,T_5568bd9d,3,3,3,0,0,249.09,1945
3710,522,round_end,614.79,1,T_a02bf5e9,0,0,0,0,0,0,1947
3717,524,round_end,298.95,1,T_8c03018b,0,1,1,97.78,100,0,1951
3718,524,round_end,500.95,2,T_8c03018b,0,2,0,35.53,100,0,1951
3719,524,round_end,807.86,3,T_8c03018b,1,2,2,100,93.74,0,1951
3720,524,round_end,807.86,3,T_8c03018b,1,2,2,100,93.74,0,1951
3737,528,round_end,843.49,6,T_a02bf5e9,3,2,2,0,0,40,1964
3738,528,round_end,500.23,1,T_a02bf5e9,0,3,3,0,0,0,1965
3739,528,round_end,979.89,2,T_5568bd9d,3,3,3,0,0,0.09,1965
3741,528,round_end,320.03,1,T_8c03018b,0,1,0,99.99,100,0,1967
3742,528,round_end,504.17,2,T_8c03018b,0,2,2,0,100,0,1967
3743,528,round_end,794.07,3,T_8c03018b,0,3,1,99.99,100,0,1967
3757,531,round_end,210.78,1,T_8c03018b,1,0,1,100,47.23,0,1978
3758,531,round_end,406.02,2,T_8c03018b,2,0,0,100,29.39,0,1978
3759,531,round_end,657.36,3,T_8c03018b,3,0,2,100,77.87,0,1978
3665,517,round_end,629.21,1,T_a02bf5e9,0,0,0,0,0,0,1923
3670,518,round_end,278.26,1,T_8c03018b,1,0,0,100,81.8,0,1925
3671,518,round_end,529.3,2,T_8c03018b,1,1,2,60.41,100,0,1925
3672,518,round_end,714.22,3,T_8c03018b,2,1,1,100,0,0,1925
3673,518,round_end,714.22,3,T_8c03018b,2,1,1,100,0,0,1925
3698,519,round_end,492.84,1,T_a02bf5e9,0,2,2,0,0,0,1939
3699,519,round_end,932.38,2,T_5568bd9d,1,3,1,0,0,0,1939
3723,524,round_end,897.59,6,T_a02bf5e9,4,1,0,0,0,40,1956
3724,524,round_end,439.28,1,T_a02bf5e9,0,3,3,0,0,40.86,1957
3725,524,round_end,954.58,2,T_5568bd9d,3,3,3,0,0,0,1957
3727,524,round_end,308.16,1,T_8c03018b,1,0,1,100,99.99,0,1959
3728,524,round_end,605.41,2,T_8c03018b,2,0,2,100,92.39,0,1959
3729,524,round_end,798.03,3,T_8c03018b,2,1,0,28.04,100,0,1959
3730,524,round_end,798.03,3,T_8c03018b,2,1,0,28.04,100,0,1959
3735,528,round_end,416.12,1,T_a02bf5e9,0,3,3,0,0,64.06,1963
3736,528,round_end,681.81,2,T_5568bd9d,0,3,0,0,0,0,1963
3740,528,round_end,301.48,1,T_a02bf5e9,0,0,0,0,0,298.57,1966
3674,518,round_end,331.74,1,T_a02bf5e9,0,3,3,0,0,148.38,1926
3675,518,round_end,811.68,2,T_5568bd9d,2,3,2,0,0,0,1926
3676,518,round_end,979.17,6,T_a02bf5e9,3,2,0,0,0,40,1927
3684,519,round_end,167.08,1,T_8c03018b,0,1,0,0,100,0,1931
3685,519,round_end,388.71,2,T_8c03018b,1,1,1,100,32.85,0,1931
3686,519,round_end,648.4,3,T_8c03018b,1,2,2,80.15,100,0,1931
3687,519,round_end,648.4,3,T_8c03018b,1,2,2,80.15,100,0,1931
3714,522,round_end,251.8,1,T_a02bf5e9,0,0,0,0,0,0,1949
3715,522,round_end,677.43,2,T_5568bd9d,3,3,3,0,0,54.46,1949
3716,522,round_end,677.43,2,T_5568bd9d,3,3,3,0,0,54.46,1949
3726,524,round_end,633.25,1,T_a02bf5e9,0,0,0,0,0,0,1958
3731,528,round_end,272.11,1,T_8c03018b,1,0,2,100,89.46,0,1961
3732,528,round_end,613.49,2,T_8c03018b,1,1,1,99.99,100,0,1961
3733,528,round_end,934.64,3,T_8c03018b,2,1,0,100,99.99,0,1961
3734,528,round_end,934.64,3,T_8c03018b,2,1,0,100,99.99,0,1961
3680,518,round_end,306.2,1,T_8c03018b,1,0,2,100,99.99,0,1930
3681,518,round_end,596.71,2,T_8c03018b,1,1,0,90.04,100,0,1930
3682,518,round_end,812.21,3,T_8c03018b,2,1,1,100,22.49,0,1930
3683,518,round_end,812.21,3,T_8c03018b,2,1,1,100,22.49,0,1930
3700,522,round_end,223.82,1,T_8c03018b,1,0,2,100,47.07,0,1942
3701,522,round_end,524.65,2,T_8c03018b,1,1,1,93.46,100,0,1942
3702,522,round_end,762.48,3,T_8c03018b,2,1,0,100,47.85,0,1942
3703,522,round_end,762.48,3,T_8c03018b,2,1,0,100,47.85,0,1942
3704,522,round_end,266.7,1,T_a02bf5e9,0,0,0,0,0,0,1943
3705,522,round_end,685.08,2,T_5568bd9d,1,3,1,0,0,0,1943
3721,524,round_end,394.37,1,T_a02bf5e9,0,3,3,0,0,85.77,1955
3722,524,round_end,943.34,2,T_5568bd9d,2,3,2,0,0,0,1955
3744,528,round_end,485.44,1,T_a02bf5e9,0,2,2,0,0,0,1968
3745,528,round_end,987.53,2,T_5568bd9d,2,3,2,0,0,0,1968
3746,531,round_end,309.39,1,T_8c03018b,0,1,0,99.99,100,0,1971
3747,531,round_end,647.47,2,T_8c03018b,1,1,1,100,99.99,0,1971
3748,531,round_end,958.15,3,T_8c03018b,1,2,2,99.99,100,0,1971
3749,531,round_end,958.15,3,T_8c03018b,1,2,2,99.99,100,0,1971
3756,531,round_end,621.28,1,T_a02bf5e9,0,0,0,0,0,0,1977
3769,533,round_end,249.29,1,T_8c03018b,0,1,2,45.73,100,0,1982
3770,533,round_end,517.46,2,T_8c03018b,0,2,0,64.65,100,0,1982
3771,533,round_end,801.77,3,T_8c03018b,0,3,1,99.99,100,0,1982
3780,534,round_end,241.37,1,T_8c03018b,1,0,0,100,0,0,1987
3781,534,round_end,439.22,2,T_8c03018b,2,0,2,100,12.84,0,1987
3782,534,round_end,614.91,3,T_8c03018b,3,0,1,100,0,0,1987
3783,534,round_end,500.32,1,T_27954ae0,0,3,3,0,0,15.41,1989
3784,534,round_end,1051.05,2,T_f638bd92,2,3,2,0,0,0,1989
3789,534,round_end,605.2,1,T_27954ae0,0,0,0,0,0,0,1992
3790,535,round_end,500.32,1,T_27954ae0,0,3,3,0,0,15.41,1993
3791,535,round_end,1051.05,2,T_f638bd92,2,3,2,0,0,0,1993
3792,535,round_end,605.2,1,T_27954ae0,0,0,0,0,0,0,1994
3793,535,round_end,449.13,1,T_27954ae0,0,1,1,0,0,0,1995
3794,535,round_end,773.92,2,T_f638bd92,3,3,3,0,0,155.07,1995
3795,535,round_end,773.92,2,T_f638bd92,3,3,3,0,0,155.07,1995
3796,535,round_end,849.51,5,T_27954ae0,5,0,1,100,0,0,1996
3797,535,round_end,241.37,1,T_8c03018b,1,0,0,100,0,0,1997
3798,535,round_end,439.22,2,T_8c03018b,2,0,2,100,12.84,0,1997
3799,535,round_end,614.91,3,T_8c03018b,3,0,1,100,0,0,1997
3800,536,round_end,356.54,1,T_8c03018b,1,0,1,100,99.99,0,1998
3801,536,round_end,568.5,2,T_8c03018b,1,1,0,32.19,100,0,1998
3802,536,round_end,861.65,3,T_8c03018b,1,2,2,99.99,100,0,1998
3803,536,round_end,861.65,3,T_8c03018b,1,2,2,99.99,100,0,1998
3804,536,round_end,245.19,1,T_a02bf5e9,0,0,0,0,0,0,1999
3805,536,round_end,518.93,2,T_5568bd9d,0,3,0,0,0,0,1999
3806,536,round_end,413.13,1,T_a02bf5e9,0,3,3,0,0,67,2000
3807,536,round_end,907.14,2,T_5568bd9d,2,3,2,0,0,0,2000
3822,537,round_end,491.21,1,T_a02bf5e9,0,3,3,0,0,1.22,2007
3823,537,round_end,900.27,2,T_5568bd9d,1,3,1,0,0,0,2007
3825,537,round_end,924.06,6,T_a02bf5e9,4,1,0,0,0,40,2009
3826,538,round_end,278.73,1,T_8c03018b,1,0,0,100,96.85,0,2010
3827,538,round_end,546.31,2,T_8c03018b,2,0,1,100,83.97,0,2010
3828,538,round_end,843.55,3,T_8c03018b,2,1,2,90.68,100,0,2010
3829,538,round_end,843.55,3,T_8c03018b,2,1,2,90.68,100,0,2010
3830,538,round_end,499,1,T_798ede5f,0,3,3,0,0,0,2011
3831,538,round_end,1004.41,2,T_55d8644d,3,3,3,0,0,0,2011
3832,538,round_end,1004.41,2,T_55d8644d,3,3,3,0,0,0,2011
3833,538,round_end,863.21,6,T_798ede5f,2,3,3,0,0,39.99,2012
3834,538,round_end,421.23,1,T_798ede5f,0,1,1,0,0,0,2013
3835,538,round_end,908.8,2,T_55d8644d,3,3,3,0,0,0,2013
3836,538,round_end,908.8,2,T_55d8644d,3,3,3,0,0,0,2013
3837,538,round_end,668.24,1,T_798ede5f,0,0,0,0,0,0,2014
3838,538,round_end,328.58,1,T_8c03018b,0,1,1,99.99,100,0,2015
3839,538,round_end,594.81,2,T_8c03018b,0,2,0,75.33,100,0,2015
3840,538,round_end,945.4,3,T_8c03018b,1,2,2,100,99.99,0,2015
3841,538,round_end,945.4,3,T_8c03018b,1,2,2,100,99.99,0,2015
3842,539,round_end,167.91,1,T_8c03018b,0,1,0,0,100,0,2016
3843,539,round_end,323.78,2,T_8c03018b,1,1,1,100,0,0,2016
3844,539,round_end,587.21,3,T_8c03018b,2,1,2,100,65.6,0,2016
3845,539,round_end,587.21,3,T_8c03018b,2,1,2,100,65.6,0,2016
3846,539,round_end,503.46,1,T_a02bf5e9,0,3,3,0,0,14.39,2017
3847,539,round_end,989.32,2,T_4408f908,3,3,3,0,0,0,2017
3848,539,round_end,989.32,2,T_4408f908,3,3,3,0,0,0,2017
3849,539,round_end,262.38,1,T_a02bf5e9,0,0,0,0,0,0,2018
3850,539,round_end,568.35,2,T_4408f908,3,3,3,0,0,174.2,2018
3851,539,round_end,568.35,2,T_4408f908,3,3,3,0,0,174.2,2018
3873,542,round_end,390.13,1,T_a02bf5e9,0,1,1,0,0,0,2028
3874,542,round_end,635.04,2,T_5568bd9d,0,3,0,0,0,0,2028
3880,542,round_end,519.33,1,T_a02bf5e9,0,2,2,0,0,0,2031
3881,542,round_end,1063.06,2,T_5568bd9d,2,3,2,0,0,0,2031
3882,542,round_end,239.88,1,T_8c03018b,0,1,1,51.47,100,0,2032
3883,542,round_end,530.9,2,T_8c03018b,0,2,0,95.55,100,0,2032
3884,542,round_end,747.85,3,T_8c03018b,1,2,2,100,24.45,0,2032
3885,542,round_end,747.85,3,T_8c03018b,1,2,2,100,24.45,0,2032
3886,542,round_end,870.35,6,T_a02bf5e9,2,3,4,0,0,40,2033
3887,543,round_end,219.47,1,T_8c03018b,1,0,2,100,43.37,0,2034
3888,543,round_end,469.37,2,T_8c03018b,2,0,0,100,57.35,0,2034
3889,543,round_end,766.69,3,T_8c03018b,3,0,1,100,99.99,0,2034
3890,543,round_end,418.94,1,T_a02bf5e9,0,1,1,0,0,0,2035
3891,543,round_end,867.19,2,T_5568bd9d,3,3,3,0,0,31.54,2035
3892,543,round_end,867.19,2,T_5568bd9d,3,3,3,0,0,31.54,2035
3893,543,round_end,390.17,1,T_a02bf5e9,0,1,1,0,0,0,2036
3912,544,round_end,266.97,1,T_8c03018b,0,1,1,73.44,100,0,2042
3913,544,round_end,528.29,2,T_8c03018b,1,1,2,100,78.8,0,2042
3914,544,round_end,822.91,3,T_8c03018b,1,2,0,53.84,100,0,2042
3915,544,round_end,822.91,3,T_8c03018b,1,2,0,53.84,100,0,2042
3916,544,round_end,395.15,1,T_a02bf5e9,0,1,1,0,0,0,2043
3917,544,round_end,898.29,2,T_5568bd9d,3,3,3,0,0,0,2043
3918,544,round_end,898.29,2,T_5568bd9d,3,3,3,0,0,0,2043
3919,544,round_end,995.99,6,T_a02bf5e9,2,3,0,0,0,40,2044
3920,544,round_end,625.55,1,T_a02bf5e9,0,0,0,0,0,0,2045
3921,544,round_end,200.34,1,T_8c03018b,0,1,2,35.03,100,0,2046
3922,544,round_end,441.24,2,T_8c03018b,1,1,1,100,54.65,0,2046
3923,544,round_end,702.55,3,T_8c03018b,1,2,0,78.68,100,0,2046
3924,544,round_end,702.55,3,T_8c03018b,1,2,0,78.68,100,0,2046
3925,545,round_end,697.52,1,T_a02bf5e9,0,0,0,0,0,0,2047
3926,545,round_end,551.46,1,T_a02bf5e9,0,3,3,0,0,0,2048
3927,545,round_end,1046,2,T_5568bd9d,2,3,2,0,0,0,2048
3928,545,round_end,1014.64,5,T_a02bf5e9,0,5,1,99.99,100,0,2049
3929,545,round_end,432.66,1,T_a02bf5e9,0,3,3,0,0,47.53,2050
3930,545,round_end,964.11,2,T_5568bd9d,2,3,2,0,0,0,2050
3931,545,round_end,196.87,1,T_8c03018b,0,1,0,14.12,100,0,2051
3932,545,round_end,500.57,2,T_8c03018b,0,2,1,99.99,100,0,2051
3933,545,round_end,803.69,3,T_8c03018b,1,2,2,100,99.99,0,2051
3934,545,round_end,803.69,3,T_8c03018b,1,2,2,100,99.99,0,2051
3935,547,round_end,209.74,1,T_8c03018b,0,1,2,25.09,100,0,2052
3936,547,round_end,583.33,2,T_8c03018b,1,1,0,100,98.02,0,2052
3937,547,round_end,913.1,3,T_8c03018b,1,2,1,99.99,100,0,2052
3938,547,round_end,913.1,3,T_8c03018b,1,2,1,99.99,100,0,2052
3939,547,round_end,240.04,1,T_a02bf5e9,0,0,0,0,0,0,2053
3940,547,round_end,684.28,2,T_5568bd9d,3,3,3,0,0,35.92,2053
3941,547,round_end,684.28,2,T_5568bd9d,3,3,3,0,0,35.92,2053
3942,547,round_end,824.82,6,T_a02bf5e9,3,2,0,0,0,40,2054
3943,547,round_end,502.02,1,T_a02bf5e9,0,2,2,0,0,0,2055
3944,547,round_end,790.36,2,T_5568bd9d,3,3,3,0,0,191.51,2055
3945,547,round_end,790.36,2,T_5568bd9d,3,3,3,0,0,191.51,2055
3946,547,round_end,650.19,1,T_a02bf5e9,0,0,0,0,0,0,2056
3947,548,round_end,239.43,1,T_8c03018b,1,0,1,100,52.88,0,2057
3948,548,round_end,508,2,T_8c03018b,1,1,0,52.44,100,0,2057
3949,548,round_end,833.33,3,T_8c03018b,2,1,2,100,99.99,0,2057
3950,548,round_end,833.33,3,T_8c03018b,2,1,2,100,99.99,0,2057
3951,548,round_end,418.85,1,T_a02bf5e9,0,3,3,0,0,61.34,2058
3952,548,round_end,689.71,2,T_5568bd9d,0,3,0,0,0,0,2058
3953,548,round_end,363.76,1,T_a02bf5e9,0,3,3,0,0,116.38,2059
3954,548,round_end,889.69,2,T_5568bd9d,2,3,2,0,0,0,2059
3955,548,round_end,600.2,1,T_a02bf5e9,0,0,0,0,0,0,2060
3956,548,round_end,744.07,6,T_a02bf5e9,3,2,3,0,0,40,2061
3957,548,round_end,176.72,1,T_8c03018b,0,1,2,0,100,0,2062
3958,548,round_end,475.11,2,T_8c03018b,0,2,0,99.99,100,0,2062
3959,548,round_end,685.12,3,T_8c03018b,1,2,1,100,36.45,0,2062
3960,548,round_end,685.12,3,T_8c03018b,1,2,1,100,36.45,0,2062
3961,548,round_end,640.46,1,T_a02bf5e9,0,0,0,0,0,0,2063
3962,547,round_end,231.84,1,T_8c03018b,0,1,2,30.24,100,0,2064
3963,547,round_end,450.38,2,T_8c03018b,1,1,0,100,39.12,0,2064
3964,547,round_end,732.35,3,T_8c03018b,1,2,1,72.17,100,0,2064
3965,547,round_end,732.35,3,T_8c03018b,1,2,1,72.17,100,0,2064
3966,549,round_end,275.43,1,T_8c03018b,1,0,1,100,79.43,0,2065
3967,549,round_end,598.11,2,T_8c03018b,2,0,0,100,96.03,0,2065
3968,549,round_end,899.53,3,T_8c03018b,3,0,2,100,84.16,0,2065
3969,549,round_end,417.52,1,T_a02bf5e9,0,1,1,0,0,0,2066
3970,549,round_end,974.13,2,T_5568bd9d,2,3,2,0,0,0,2066
3971,549,round_end,939.94,6,T_a02bf5e9,3,2,3,0,0,40,2067
3972,549,round_end,531.62,1,T_a02bf5e9,0,2,2,0,0,0,2068
3973,549,round_end,921.41,2,T_5568bd9d,1,3,1,0,0,0,2068
3974,549,round_end,600.13,1,T_a02bf5e9,0,0,0,0,0,0,2069
3981,551,round_end,501.45,1,T_a02bf5e9,0,2,2,0,0,0,2072
3982,551,round_end,911.5,2,T_5568bd9d,1,3,1,0,0,0,2072
3983,551,round_end,630.36,1,T_a02bf5e9,0,0,0,0,0,0,2073
3984,551,round_end,1108.45,6,T_a02bf5e9,2,3,3,0,0,40,2074
3985,551,round_end,193.64,1,T_8c03018b,0,1,1,32.19,100,0,2075
3986,551,round_end,366.49,2,T_8c03018b,1,1,0,100,11.49,0,2075
3987,551,round_end,605.13,3,T_8c03018b,2,1,2,100,50.4,0,2075
3988,551,round_end,605.13,3,T_8c03018b,2,1,2,100,50.4,0,2075
3992,553,round_end,0,1,T_64eed5e7,0,0,0,0,0,0,2077
3994,554,round_end,244.22,1,T_8c03018b,0,1,0,48.73,100,0,2079
3997,554,round_end,491.54,1,T_a02bf5e9,0,3,3,0,0,0,2081
3998,554,round_end,957.14,2,T_5568bd9d,3,3,3,0,0,14.19,2081
4006,556,round_end,185.06,1,T_8c03018b,0,1,2,0,100,0,2087
4007,556,round_end,354.38,2,T_8c03018b,0,2,0,0,100,0,2087
4008,556,round_end,633.18,3,T_8c03018b,0,3,1,83.63,100,0,2087
4009,556,round_end,368.06,1,T_8f736da5,0,3,3,0,0,112.06,2088
4010,556,round_end,910.54,2,T_a3408080,3,3,3,0,0,0,2088
4011,556,round_end,910.54,2,T_a3408080,3,3,3,0,0,0,2088
4012,556,round_end,638.41,1,T_8f736da5,0,0,0,0,0,0,2089
4016,556,round_end,824.42,6,T_8f736da5,3,2,1,0,0,40,2091
4042,564,round_end,455.51,1,T_bfd8a0de,0,1,1,0,0,0,2106
4043,564,round_end,776.29,2,T_e50ebbc3,3,3,3,0,0,159.06,2106
4044,564,round_end,776.29,2,T_e50ebbc3,3,3,3,0,0,159.06,2106
4048,565,round_end,247.27,1,T_8c03018b,1,0,0,100,32.57,0,2108
4049,565,round_end,454.64,2,T_8c03018b,2,0,1,100,44.01,0,2108
4050,565,round_end,772.72,3,T_8c03018b,2,1,2,99.99,100,0,2108
4051,565,round_end,772.72,3,T_8c03018b,2,1,2,99.99,100,0,2108
4058,565,round_end,476.29,1,T_b61ee4a9,0,3,3,0,0,3.88,2112
4059,565,round_end,819.3,2,T_122ad7b6,3,3,3,0,0,136.82,2112
4069,566,round_end,265.9,1,T_a02bf5e9,0,0,0,0,0,0,2117
4070,566,round_end,670.59,2,T_5568bd9d,1,3,1,0,0,0,2117
4074,566,round_end,610.98,1,T_a02bf5e9,0,0,0,0,0,0,2119
4075,566,round_end,809.32,6,T_a02bf5e9,3,2,2,0,0,40,2120
4076,566,round_end,343.6,1,T_8c03018b,1,0,1,100,84.29,0,2121
4077,566,round_end,618.87,2,T_8c03018b,1,1,2,93.62,100,0,2121
4078,566,round_end,923.89,3,T_8c03018b,1,2,0,97.47,100,0,2121
4079,566,round_end,923.89,3,T_8c03018b,1,2,0,97.47,100,0,2121
4084,567,round_end,265.9,1,T_a02bf5e9,0,0,0,0,0,0,2123
4085,567,round_end,670.59,2,T_5568bd9d,1,3,1,0,0,0,2123
4090,567,round_end,809.32,6,T_a02bf5e9,3,2,2,0,0,40,2126
4080,567,round_end,306.18,1,T_8c03018b,1,0,0,100,99.99,0,2122
4081,567,round_end,564.71,2,T_8c03018b,2,0,2,100,74.8,0,2122
4082,567,round_end,862.72,3,T_8c03018b,2,1,1,79.97,100,0,2122
4083,567,round_end,862.72,3,T_8c03018b,2,1,1,79.97,100,0,2122
4086,567,round_end,390.14,1,T_a02bf5e9,0,1,1,0,0,0,2124
4087,567,round_end,773.55,2,T_5568bd9d,3,3,3,0,0,96.44,2124
4088,567,round_end,773.55,2,T_5568bd9d,3,3,3,0,0,96.44,2124
4089,567,round_end,610.98,1,T_a02bf5e9,0,0,0,0,0,0,2125
4091,567,round_end,343.6,1,T_8c03018b,1,0,1,100,84.29,0,2127
4092,567,round_end,618.87,2,T_8c03018b,1,1,2,93.62,100,0,2127
4093,567,round_end,923.89,3,T_8c03018b,1,2,0,97.47,100,0,2127
4094,567,round_end,923.89,3,T_8c03018b,1,2,0,97.47,100,0,2127
4095,568,round_end,480.19,1,T_a02bf5e9,0,2,2,0,0,0,2128
4096,568,round_end,971.6,2,T_5568bd9d,2,3,2,0,0,0,2128
4097,568,round_end,287.57,1,T_a02bf5e9,0,0,0,0,0,0,2129
4098,568,round_end,345.24,2,T_5568bd9d,1,0,0,0,0,182.38,2129
4099,568,round_end,287.29,1,T_8c03018b,1,0,1,100,87.07,0,2131
4100,568,round_end,517.75,2,T_8c03018b,1,1,2,46.97,100,0,2131
4101,568,round_end,682.7,3,T_8c03018b,2,1,0,100,0,0,2131
4102,568,round_end,428,1,T_a02bf5e9,0,3,3,0,0,52.18,2136
4103,568,round_end,733.25,2,T_5568bd9d,3,3,3,0,0,174.61,2136
4104,568,round_end,793.22,3,T_a02bf5e9,3,3,0,0,0,0,2136
4105,568,round_end,900.95,4,T_5568bd9d,4,3,0,0,0,74.64,2136
4106,568,round_end,208.04,1,T_8c03018b,1,0,2,100,27.93,0,2139
4107,568,round_end,456.12,2,T_8c03018b,2,0,0,100,43.4,0,2139
4108,568,round_end,667.66,3,T_8c03018b,3,0,1,100,37.77,0,2139
4109,570,round_end,257.42,1,T_8c03018b,0,1,2,37.83,100,0,2140
4110,570,round_end,594,2,T_8c03018b,0,2,1,99.99,100,0,2140
4111,570,round_end,935.62,3,T_8c03018b,1,2,0,100,99.99,0,2140
4112,570,round_end,935.62,3,T_8c03018b,1,2,0,100,99.99,0,2140
4113,570,round_end,240.04,1,T_a02bf5e9,0,0,0,0,0,0,2141
4114,570,round_end,689.37,2,T_5568bd9d,1,3,1,0,0,0,2141
4115,570,round_end,324.23,1,T_a02bf5e9,0,3,3,0,0,155.88,2142
4116,570,round_end,833.45,2,T_5568bd9d,2,3,2,0,0,0,2142
4117,570,round_end,616.07,1,T_a02bf5e9,0,0,0,0,0,0,2143
4118,570,round_end,820.6,6,T_a02bf5e9,2,3,4,0,0,40,2144
4119,571,round_end,233.35,1,T_8c03018b,1,0,1,100,43.08,0,2145
4120,571,round_end,487.53,2,T_8c03018b,1,1,0,43.15,100,0,2145
4121,571,round_end,658.11,3,T_8c03018b,2,1,2,100,0,0,2145
4122,571,round_end,658.11,3,T_8c03018b,2,1,2,100,0,0,2145
4123,571,round_end,444.71,1,T_468d0ba3,0,1,1,0,0,0,2146
4124,571,round_end,941.75,2,T_a3408080,2,3,2,0,0,0,2146
4125,571,round_end,631.91,1,T_468d0ba3,0,0,0,0,0,0,2147
4126,571,round_end,480.2,1,T_468d0ba3,0,2,2,0,0,0,2148
4127,571,round_end,1048.15,2,T_a3408080,3,3,3,0,0,0,2148
4128,571,round_end,1048.15,2,T_a3408080,3,3,3,0,0,0,2148
4129,571,round_end,688.61,5,T_468d0ba3,5,0,3,100,0,0,2149
4141,574,round_end,323.04,1,T_8c03018b,0,1,1,99.99,100,0,2156
4142,574,round_end,566.98,2,T_8c03018b,0,2,0,67.43,100,0,2156
4143,574,round_end,816.94,3,T_8c03018b,0,3,2,63.35,100,0,2156
4146,574,round_end,800.84,6,T_a02bf5e9,2,3,0,0,0,40,2158
4148,574,round_end,248.7,1,T_a02bf5e9,0,3,3,0,0,231.35,2161
4149,574,round_end,687.54,2,T_5568bd9d,1,3,1,0,0,0,2161
4150,574,round_end,245.53,1,T_8c03018b,1,0,0,100,69.72,0,2162
4151,574,round_end,568.77,2,T_8c03018b,2,0,2,100,99.99,0,2162
4152,574,round_end,726.98,3,T_8c03018b,3,0,1,100,0,0,2162
4157,575,round_end,290.44,1,T_8c03018b,0,1,2,94.44,100,0,2164
4158,575,round_end,630.87,2,T_8c03018b,1,1,0,100,99.99,0,2164
4159,575,round_end,950.96,3,T_8c03018b,2,1,1,100,99.99,0,2164
4160,575,round_end,950.96,3,T_8c03018b,2,1,1,100,99.99,0,2164
4161,575,round_end,854.06,6,T_74715018,1,4,2,0,0,40,2165
4162,575,round_end,610.37,1,T_74715018,0,0,0,0,0,0,2166
4172,576,round_end,504.69,1,T_c911d9a8,0,2,2,0,0,0,2172
4173,576,round_end,770.65,2,T_6693c46d,0,3,0,0,0,0,2172
4174,576,round_end,171.03,1,T_8c03018b,1,0,1,100,11.85,0,2173
4175,576,round_end,491.72,2,T_8c03018b,2,0,2,100,99.99,0,2173
4176,576,round_end,735.75,3,T_8c03018b,3,0,0,100,60.51,0,2173
4177,577,round_end,213.21,1,T_8c03018b,1,0,2,100,0,0,2174
4178,577,round_end,389.76,2,T_8c03018b,2,0,0,100,0,0,2174
4179,577,round_end,684.63,3,T_8c03018b,3,0,1,100,95.12,0,2174
4180,577,round_end,428.06,1,T_9132db8b,0,1,1,0,0,0,2175
4181,577,round_end,826.26,2,T_afa0a505,3,3,3,0,0,81.69,2175
4182,577,round_end,826.26,2,T_afa0a505,3,3,3,0,0,81.69,2175
4183,577,round_end,791.3,6,T_9132db8b,3,2,1,0,0,40,2176
4184,577,round_end,252.91,1,T_9132db8b,0,0,0,0,0,0,2177
4185,577,round_end,527.44,2,T_afa0a505,3,3,3,0,0,205.56,2177
4186,577,round_end,527.44,2,T_afa0a505,3,3,3,0,0,205.56,2177
4187,577,round_end,635.19,1,T_9132db8b,0,0,0,0,0,0,2178
4188,577,round_end,203.53,1,T_8c03018b,0,1,2,35.07,100,0,2179
4189,577,round_end,488.91,2,T_8c03018b,0,2,1,96.38,100,0,2179
4190,577,round_end,745.95,3,T_8c03018b,0,3,0,71.2,100,0,2179
4191,578,round_end,324.08,1,T_8c03018b,1,0,0,100,76.95,0,2180
4192,578,round_end,489.07,2,T_8c03018b,2,0,1,100,0,0,2180
4193,578,round_end,706.36,3,T_8c03018b,3,0,2,100,21.01,0,2180
4194,578,round_end,410.66,1,T_a02bf5e9,0,3,3,0,0,69.48,2181
4195,578,round_end,677.3,2,T_5568bd9d,0,3,0,0,0,0,2181
4196,578,round_end,485.22,1,T_a02bf5e9,0,2,2,0,0,0,2182
4197,578,round_end,738.45,2,T_5568bd9d,0,3,0,0,0,0,2182
4198,578,round_end,679.33,1,T_a02bf5e9,0,0,0,0,0,0,2183
4199,578,round_end,977.95,6,T_a02bf5e9,3,2,1,0,0,40,2184
4200,578,round_end,275.29,1,T_8c03018b,1,0,1,100,99.99,0,2185
4201,578,round_end,587.89,2,T_8c03018b,2,0,2,100,99.99,0,2185
4202,578,round_end,901.68,3,T_8c03018b,2,1,0,99.99,100,0,2185
4203,578,round_end,901.68,3,T_8c03018b,2,1,0,99.99,100,0,2185
4204,580,round_end,299.65,1,T_8c03018b,0,1,2,99.99,100,0,2186
4205,580,round_end,561.22,2,T_8c03018b,0,2,0,59.23,100,0,2186
4206,580,round_end,867.18,3,T_8c03018b,1,2,1,100,99.99,0,2186
4207,580,round_end,867.18,3,T_8c03018b,1,2,1,100,99.99,0,2186
4208,580,round_end,405.02,1,T_a02bf5e9,0,1,1,0,0,0,2187
4209,580,round_end,751.98,2,T_5568bd9d,3,3,3,0,0,132.9,2187
4210,580,round_end,751.98,2,T_5568bd9d,3,3,3,0,0,132.9,2187
4211,580,round_end,418.23,1,T_a02bf5e9,0,1,1,0,0,0,2188
4212,580,round_end,755.47,2,T_5568bd9d,3,3,3,0,0,142.7,2188
4213,580,round_end,755.47,2,T_5568bd9d,3,3,3,0,0,142.7,2188
4214,580,round_end,824.51,6,T_a02bf5e9,2,3,4,0,0,40,2189
4215,580,round_end,645.01,1,T_a02bf5e9,0,0,0,0,0,0,2190
4216,580,round_end,345.76,1,T_8c03018b,1,0,1,100,99.99,0,2191
4217,580,round_end,605.51,2,T_8c03018b,2,0,2,100,79.91,0,2191
4218,580,round_end,904.72,3,T_8c03018b,2,1,0,99.99,100,0,2191
4219,580,round_end,904.72,3,T_8c03018b,2,1,0,99.99,100,0,2191
4220,581,round_end,207.02,1,T_8c03018b,1,0,2,100,0,0,2192
4221,581,round_end,395.94,2,T_8c03018b,2,0,0,100,16.75,0,2192
4222,581,round_end,700.03,3,T_8c03018b,3,0,1,100,99.99,0,2192
4223,581,round_end,240.04,1,T_3e0bb6bb,0,0,0,0,0,0,2193
4224,581,round_end,622.24,2,T_e850f535,3,3,3,0,0,97.88,2193
4225,581,round_end,622.24,2,T_e850f535,3,3,3,0,0,97.88,2193
4226,581,round_end,832.12,6,T_3e0bb6bb,3,2,2,0,0,40,2194
4227,581,round_end,327.29,1,T_3e0bb6bb,0,0,0,0,0,0,2195
4228,581,round_end,681.81,2,T_e850f535,3,3,3,0,0,125.53,2195
4229,581,round_end,681.81,2,T_e850f535,3,3,3,0,0,125.53,2195
4230,581,round_end,540.28,1,T_3e0bb6bb,0,0,0,0,0,59.94,2196
4231,582,round_end,395.54,1,T_8c03018b,1,0,0,100,99.99,0,2197
4232,582,round_end,633.53,2,T_8c03018b,2,0,2,100,30.61,0,2197
4233,582,round_end,917.87,3,T_8c03018b,3,0,1,100,71,0,2197
4234,582,round_end,410.15,1,T_a02bf5e9,0,3,3,0,0,70.02,2198
4235,582,round_end,672.93,2,T_5568bd9d,3,3,3,0,0,217.16,2198
4236,582,round_end,672.93,2,T_5568bd9d,3,3,3,0,0,217.16,2198
4237,582,round_end,251.85,1,T_a02bf5e9,0,0,0,0,0,0,2199
4238,582,round_end,541.64,2,T_5568bd9d,3,3,3,0,0,190.39,2199
4239,582,round_end,541.64,2,T_5568bd9d,3,3,3,0,0,190.39,2199
4240,582,round_end,635.47,1,T_a02bf5e9,0,0,0,0,0,0,2200
4241,582,round_end,1050.26,6,T_a02bf5e9,4,1,4,0,0,39.99,2201
4269,533,round_end,434.15,1,T_6f1da461,0,3,3,0,0,46.06,2241
4270,533,round_end,938.92,2,T_7626c8fd,2,3,2,0,0,0,2241
4271,533,round_end,836.82,6,T_6f1da461,3,2,2,0,0,39.99,2242
4273,533,round_end,400.81,1,T_6f1da461,0,1,1,0,0,0,2244
4274,533,round_end,663.06,2,T_7626c8fd,0,3,0,0,0,0,2244
4275,533,round_end,336.93,1,T_8c03018b,1,0,1,100,99.99,0,2245
4276,533,round_end,507.63,2,T_8c03018b,1,1,2,0,100,0,2245
4277,533,round_end,754.36,3,T_8c03018b,2,1,0,100,58.27,0,2245
4278,533,round_end,754.36,3,T_8c03018b,2,1,0,100,58.27,0,2245
4288,608,round_end,336.93,1,T_8c03018b,1,0,1,100,99.99,0,2250
4289,608,round_end,507.63,2,T_8c03018b,1,1,2,0,100,0,2250
4290,608,round_end,754.36,3,T_8c03018b,2,1,0,100,58.27,0,2250
4291,608,round_end,754.36,3,T_8c03018b,2,1,0,100,58.27,0,2250
4292,608,round_end,836.82,6,T_6f1da461,3,2,2,0,0,39.99,2251
4293,608,round_end,400.81,1,T_6f1da461,0,1,1,0,0,0,2252
4294,608,round_end,663.06,2,T_7626c8fd,0,3,0,0,0,0,2252
4295,608,round_end,434.15,1,T_6f1da461,0,3,3,0,0,46.06,2253
4296,608,round_end,938.92,2,T_7626c8fd,2,3,2,0,0,0,2253
4297,608,round_end,191.75,1,T_8c03018b,0,1,1,27.99,100,0,2254
4298,608,round_end,369.45,2,T_8c03018b,0,2,0,0,100,0,2254
4299,608,round_end,561.9,3,T_8c03018b,1,2,2,100,21.43,0,2254
4300,608,round_end,561.9,3,T_8c03018b,1,2,2,100,21.43,0,2254
4301,608,round_end,663.35,1,T_6f1da461,0,0,0,0,0,0,2255
4302,609,round_end,195.09,1,T_8c03018b,1,0,2,100,26.73,0,2256
4303,609,round_end,459.97,2,T_8c03018b,1,1,1,85.88,100,0,2256
4304,609,round_end,713.84,3,T_8c03018b,1,2,0,73.79,100,0,2256
4305,609,round_end,713.84,3,T_8c03018b,1,2,0,73.79,100,0,2256
4306,609,round_end,406.06,1,T_a02bf5e9,0,1,1,0,0,0,2257
4307,609,round_end,915.64,2,T_5568bd9d,2,3,2,0,0,0,2257
4308,609,round_end,411.94,1,T_a02bf5e9,0,3,3,0,0,68.22,2258
4309,609,round_end,817.7,2,T_5568bd9d,1,3,1,0,0,0,2258
4310,609,round_end,629.07,1,T_a02bf5e9,0,0,0,0,0,0,2259
4311,609,round_end,513.95,1,T_a02bf5e9,0,2,2,0,0,0,2260
4312,609,round_end,1057.84,2,T_5568bd9d,3,3,3,0,0,0,2260
4313,609,round_end,1057.84,2,T_5568bd9d,3,3,3,0,0,0,2260
4314,609,round_end,806.81,6,T_a02bf5e9,4,1,2,0,0,40,2261
4315,610,round_end,191.68,1,T_8c03018b,1,0,2,100,0,0,2262
4316,610,round_end,511.1,2,T_8c03018b,2,0,0,100,71.35,0,2262
4317,610,round_end,750.11,3,T_8c03018b,3,0,1,100,49.91,0,2262
4321,610,round_end,824.57,5,T_263e449b,5,0,1,100,93.1,0,2264
4332,613,round_end,254.44,1,T_a02bf5e9,0,0,0,0,0,0,2272
4333,613,round_end,734.41,2,T_5568bd9d,2,3,2,0,0,0,2272
4334,613,round_end,642.88,1,T_a02bf5e9,0,0,0,0,0,0,2273
4339,613,round_end,209.02,1,T_8c03018b,0,1,2,23.43,100,0,2275
4340,613,round_end,385.21,2,T_8c03018b,0,2,1,0,100,0,2275
4341,613,round_end,800.09,3,T_8c03018b,1,2,0,100,99.99,0,2275
4342,613,round_end,800.09,3,T_8c03018b,1,2,0,100,99.99,0,2275
4335,613,round_end,344.25,1,T_8c03018b,1,0,1,100,99.99,0,2274
4336,613,round_end,667.87,2,T_8c03018b,1,1,2,99.99,100,0,2274
4337,613,round_end,868.54,3,T_8c03018b,2,1,0,100,0,0,2274
4338,613,round_end,868.54,3,T_8c03018b,2,1,0,100,0,0,2274
4343,613,round_end,252.78,1,T_a02bf5e9,0,0,0,0,0,0,2276
4344,613,round_end,757.22,2,T_5568bd9d,2,3,2,0,0,0,2276
4345,615,round_end,312.17,1,T_8c03018b,0,1,0,99.99,100,0,2277
4346,615,round_end,621.15,2,T_8c03018b,0,2,1,93.83,100,0,2277
4347,615,round_end,839.57,3,T_8c03018b,1,2,2,100,45.55,0,2277
4348,615,round_end,839.57,3,T_8c03018b,1,2,2,100,45.55,0,2277
4349,615,round_end,432.76,1,T_a02bf5e9,0,3,3,0,0,47.45,2278
4350,615,round_end,855.81,2,T_5568bd9d,1,3,1,0,0,0,2278
4351,615,round_end,436.94,1,T_a02bf5e9,0,1,1,0,0,0,2279
4352,615,round_end,702.64,2,T_5568bd9d,0,3,0,0,0,0,2279
4353,615,round_end,617.39,1,T_a02bf5e9,0,0,0,0,0,0,2280
4354,615,round_end,911.6,6,T_a02bf5e9,2,3,0,0,0,40,2281
4355,615,round_end,333.94,1,T_8c03018b,1,0,2,100,99.99,0,2282
4356,615,round_end,663.16,2,T_8c03018b,1,1,0,99.99,100,0,2282
4357,615,round_end,945.71,3,T_8c03018b,1,2,1,93.02,100,0,2282
4358,615,round_end,945.71,3,T_8c03018b,1,2,1,93.02,100,0,2282
4359,616,round_end,297.38,1,T_8c03018b,0,1,0,88.93,100,0,2283
4360,616,round_end,544.03,2,T_8c03018b,1,1,2,100,75.24,0,2283
4361,616,round_end,724.16,3,T_8c03018b,2,1,1,100,0,0,2283
4362,616,round_end,486.93,1,T_a02bf5e9,0,2,2,0,0,0,2284
4363,616,round_end,875.25,2,T_5568bd9d,3,3,3,0,0,91.51,2284
4364,616,round_end,875.25,2,T_5568bd9d,3,3,3,0,0,91.51,2284
4380,617,round_end,265.12,1,T_a02bf5e9,0,0,0,0,0,0,2291
4381,617,round_end,730.44,2,T_5568bd9d,3,3,3,0,0,14.6,2291
4382,617,round_end,730.44,2,T_5568bd9d,3,3,3,0,0,14.6,2291
4383,617,round_end,624.79,1,T_a02bf5e9,0,0,0,0,0,0,2292
4384,617,round_end,701.82,5,T_a02bf5e9,5,0,1,100,63.4,0,2293
4385,617,round_end,192.21,1,T_8c03018b,1,0,2,100,0,0,2294
4386,617,round_end,399.19,2,T_8c03018b,2,0,0,100,19.71,0,2294
4387,617,round_end,757.85,3,T_8c03018b,3,0,1,100,99.99,0,2294
4408,619,round_end,319.44,1,T_8c03018b,0,1,1,99.99,100,0,2302
4409,619,round_end,478.57,2,T_8c03018b,1,1,0,100,0,0,2302
4410,619,round_end,664.86,3,T_8c03018b,2,1,2,100,0,0,2302
4411,619,round_end,664.86,3,T_8c03018b,2,1,2,100,0,0,2302
4412,619,round_end,397,1,T_e5823043,0,1,1,0,0,0,2303
4413,619,round_end,839.12,2,T_38191f4e,3,3,3,0,0,37.74,2303
4414,619,round_end,839.12,2,T_38191f4e,3,3,3,0,0,37.74,2303
4415,619,round_end,268.02,1,T_e5823043,0,0,0,0,0,332.04,2304
4416,619,round_end,268.02,1,T_e5823043,0,0,0,0,0,332.04,2305
4417,619,round_end,794.81,6,T_e5823043,4,1,4,0,0,40,2306
4418,619,round_end,546.97,1,T_e5823043,0,3,3,0,0,0,2307
4419,619,round_end,957.72,2,T_38191f4e,3,3,3,0,0,69.03,2307
4420,619,round_end,957.72,2,T_38191f4e,3,3,3,0,0,69.03,2307
4421,619,round_end,286.36,1,T_8c03018b,0,1,2,80.48,100,0,2308
4422,619,round_end,600.65,2,T_8c03018b,0,2,0,99.99,100,0,2308
4423,619,round_end,906.9,3,T_8c03018b,1,2,1,100,89.84,0,2308
4424,619,round_end,906.9,3,T_8c03018b,1,2,1,100,89.84,0,2308
4425,619,round_end,610.58,1,T_e5823043,0,0,0,0,0,0,2309
4426,620,round_end,197.59,1,T_8c03018b,1,0,1,100,10.97,0,2310
4427,620,round_end,466.03,2,T_8c03018b,2,0,2,100,92.73,0,2310
4428,620,round_end,697.9,3,T_8c03018b,3,0,0,100,46.15,0,2310
4429,621,round_end,206.41,1,T_8c03018b,1,0,1,100,0,0,2312
4430,621,round_end,429.82,2,T_8c03018b,2,0,2,100,49.87,0,2312
4431,621,round_end,651.7,3,T_8c03018b,3,0,0,100,38.61,0,2312
4432,621,round_end,250.51,1,T_342d2e4b,0,0,0,0,0,0,2313
4433,621,round_end,593.42,2,T_0cac1da9,3,3,3,0,0,137.18,2313
4434,621,round_end,593.42,2,T_0cac1da9,3,3,3,0,0,137.18,2313
4435,621,round_end,473.87,1,T_342d2e4b,0,0,0,0,0,126.36,2316
4439,621,round_end,508.3,1,T_342d2e4b,0,2,2,0,0,0,2317
4440,621,round_end,992.97,2,T_0cac1da9,3,3,3,0,0,0,2317
4441,621,round_end,992.97,2,T_0cac1da9,3,3,3,0,0,0,2317
4442,621,round_end,181.65,1,T_342d2e4b,0,0,0,0,0,418.38,2318
4443,621,round_end,675.35,1,T_342d2e4b,0,0,0,0,0,0,2320
4447,622,round_end,537.02,1,T_f65c9ba1,0,3,3,0,0,0,2322
4448,622,round_end,851.69,2,T_0cac1da9,3,3,3,0,0,165.16,2322
4449,622,round_end,851.69,2,T_0cac1da9,3,3,3,0,0,165.16,2322
4450,622,round_end,711.91,6,T_f65c9ba1,3,2,2,0,0,40,2323
4451,622,round_end,605.21,1,T_f65c9ba1,0,0,0,0,0,0,2324
4452,622,round_end,390.21,1,T_f65c9ba1,0,1,1,0,0,0,2325
4453,622,round_end,657.6,2,T_0cac1da9,3,3,3,0,0,212.62,2325
4454,622,round_end,657.6,2,T_0cac1da9,3,3,3,0,0,212.62,2325
4455,622,round_end,381.28,1,T_f65c9ba1,0,0,0,0,0,218.82,2326
4456,622,round_end,240.04,1,T_f65c9ba1,0,0,0,0,0,0,2327
4457,622,round_end,672.21,2,T_0cac1da9,1,3,1,0,0,0,2327
4458,620,round_end,487.81,1,T_a02bf5e9,0,2,2,0,0,0,2328
4459,620,round_end,1009.39,2,T_5568bd9d,3,3,3,0,0,0,2328
4460,620,round_end,1009.39,2,T_5568bd9d,3,3,3,0,0,0,2328
4461,620,round_end,513.75,1,T_a02bf5e9,0,2,2,0,0,0,2329
4462,620,round_end,946.78,2,T_5568bd9d,3,3,3,0,0,46.74,2329
4463,620,round_end,946.78,2,T_5568bd9d,3,3,3,0,0,46.74,2329
4464,620,round_end,733.32,1,T_a02bf5e9,0,0,0,0,0,0,2330
4465,620,round_end,828.89,6,T_a02bf5e9,4,1,4,0,0,40,2331
4466,623,round_end,290.34,1,T_8c03018b,0,1,2,40.57,100,0,2332
4467,623,round_end,470.41,2,T_8c03018b,0,2,0,0,100,0,2332
4468,623,round_end,651.83,3,T_8c03018b,0,3,1,0,100,0,2332
4469,623,round_end,245.66,1,T_a02bf5e9,0,0,0,0,0,0,2333
4470,623,round_end,441.58,2,T_5568bd9d,3,3,3,0,0,284.2,2333
4471,623,round_end,441.58,2,T_5568bd9d,3,3,3,0,0,284.2,2333
4472,623,round_end,393.16,1,T_a02bf5e9,0,0,0,0,0,206.98,2334
4473,623,round_end,395.36,1,T_a02bf5e9,0,3,3,0,0,84.79,2335
4474,623,round_end,640.72,2,T_5568bd9d,0,3,0,0,0,0,2335
4475,623,round_end,851.81,6,T_a02bf5e9,4,1,0,0,0,40,2336
4476,623,round_end,435.72,1,T_a02bf5e9,0,0,0,0,0,164.47,2337
4547,629,round_end,289.1,1,T_8c03018b,1,0,2,100,67.97,0,2377
4548,629,round_end,566.16,2,T_8c03018b,1,1,1,57.49,100,0,2377
4549,629,round_end,940.69,3,T_8c03018b,2,1,0,100,99.99,0,2377
4550,629,round_end,468.75,1,T_a02bf5e9,0,1,1,0,0,0,2378
4551,629,round_end,890.12,2,T_5568bd9d,3,3,3,0,0,58.47,2378
4552,629,round_end,890.12,2,T_5568bd9d,3,3,3,0,0,58.47,2378
4553,629,round_end,801.77,6,T_a02bf5e9,2,3,2,0,0,40,2379
4554,629,round_end,247.45,1,T_a02bf5e9,0,0,0,0,0,0,2380
4555,629,round_end,614.58,2,T_5568bd9d,3,3,3,0,0,112.87,2380
4556,629,round_end,614.58,2,T_5568bd9d,3,3,3,0,0,112.87,2380
4557,629,round_end,677.58,1,T_a02bf5e9,0,0,0,0,0,0,2381
4568,632,round_end,257,1,T_8c03018b,0,1,1,40.16,100,0,2389
4569,632,round_end,551.17,2,T_8c03018b,0,2,2,81.19,100,0,2389
4570,632,round_end,797.44,3,T_8c03018b,0,3,0,49.8,100,0,2389
4571,632,round_end,266.91,1,T_3a99a4eb,0,3,3,0,0,213.14,2390
4572,632,round_end,532.5,2,T_b92f091c,0,3,0,0,0,0,2390
4573,632,round_end,517.29,1,T_3a99a4eb,0,2,2,0,0,0,2391
4574,632,round_end,737.06,2,T_b92f091c,3,3,3,0,0,260.12,2391
4575,632,round_end,737.06,2,T_b92f091c,3,3,3,0,0,260.12,2391
4577,632,round_end,796.42,6,T_3a99a4eb,2,3,1,0,0,40,2393
4576,632,round_end,600.17,1,T_3a99a4eb,0,0,0,0,0,0,2392
4578,632,round_end,278.89,1,T_8c03018b,0,1,0,98.04,100,0,2394
4579,632,round_end,468.74,2,T_8c03018b,0,2,2,0,100,0,2394
4580,632,round_end,648.43,3,T_8c03018b,1,2,1,100,0,0,2394
4581,632,round_end,648.43,3,T_8c03018b,1,2,1,100,0,0,2394
4582,632,round_end,352.14,1,T_3a99a4eb,0,0,0,0,0,247.99,2395
4585,641,round_end,318.8,1,T_8c03018b,1,0,0,100,99.99,0,2401
4586,641,round_end,547.54,2,T_8c03018b,1,1,1,48.64,100,0,2401
4587,641,round_end,756.79,3,T_8c03018b,2,1,2,100,19.44,0,2401
4588,641,round_end,756.79,3,T_8c03018b,2,1,2,100,19.44,0,2401
4589,641,round_end,708.23,6,T_b5608b55,4,1,0,0,0,40,2403
4590,641,round_end,195.08,1,T_b5608b55,0,0,0,0,0,404.95,2405
4596,642,round_end,309.17,1,T_8c03018b,1,0,1,100,99.99,0,2410
4597,642,round_end,467.3,2,T_8c03018b,2,0,2,100,0,0,2410
4598,642,round_end,635.43,3,T_8c03018b,3,0,0,100,9.85,0,2410
4599,642,round_end,494.87,1,T_a55c988b,0,2,2,0,0,0,2411
4600,642,round_end,979.87,2,T_0cac1da9,2,3,2,0,0,0,2411
4601,642,round_end,751.58,5,T_a55c988b,5,0,4,100,49.14,0,2412
4602,642,round_end,656.77,1,T_a55c988b,0,0,0,0,0,0,2413
4606,642,round_end,282.95,1,T_8c03018b,1,0,0,100,87.24,0,2415
4607,642,round_end,455.81,2,T_8c03018b,2,0,2,100,0,0,2415
4608,642,round_end,613.71,3,T_8c03018b,3,0,1,100,0,0,2415
4609,642,round_end,589.71,1,T_a55c988b,0,0,0,0,0,10.5,2416
4618,644,round_end,339.2,1,T_8c03018b,0,1,1,90.05,100,0,2421
4619,644,round_end,535.05,2,T_8c03018b,0,2,0,24.2,100,0,2421
4620,644,round_end,722.77,3,T_8c03018b,0,3,2,0,100,0,2421
4621,644,round_end,464.95,1,T_a02bf5e9,0,3,3,0,0,15.22,2422
4622,644,round_end,725.42,2,T_5568bd9d,0,3,0,0,0,0,2422
4623,644,round_end,739.31,6,T_a02bf5e9,1,4,1,0,0,40,2423
4624,644,round_end,312.08,1,T_a02bf5e9,0,3,3,0,0,167.99,2424
4625,644,round_end,560.65,2,T_5568bd9d,0,3,0,0,0,0,2424
4626,644,round_end,641.51,1,T_a02bf5e9,0,0,0,0,0,0,2425
4627,644,round_end,209.47,1,T_8c03018b,0,1,0,29.41,100,0,2426
4628,644,round_end,421.69,2,T_8c03018b,1,1,2,100,11.97,0,2426
4629,644,round_end,718.31,3,T_8c03018b,1,2,1,99.99,100,0,2426
4630,644,round_end,718.31,3,T_8c03018b,1,2,1,99.99,100,0,2426
4631,644,round_end,312.31,1,T_a02bf5e9,0,3,3,0,0,167.79,2427
4632,644,round_end,312.31,1,T_a02bf5e9,0,3,3,0,0,167.79,2428
4633,644,round_end,864.26,2,T_5568bd9d,2,3,2,0,0,0,2428
4634,645,round_end,306.75,1,T_8c03018b,0,1,2,99.99,100,0,2429
4635,645,round_end,568.85,2,T_8c03018b,1,1,0,100,83.57,0,2429
4636,645,round_end,879.29,3,T_8c03018b,2,1,1,100,77.99,0,2429
4637,645,round_end,879.29,3,T_8c03018b,2,1,1,100,77.99,0,2429
4638,645,round_end,631.41,1,T_a02bf5e9,0,0,0,0,0,0,2430
4639,645,round_end,269.44,1,T_a02bf5e9,0,0,0,0,0,0,2431
4640,645,round_end,567.09,2,T_5568bd9d,3,3,3,0,0,182.5,2431
4641,645,round_end,567.09,2,T_5568bd9d,3,3,3,0,0,182.5,2431
4642,645,round_end,240.04,1,T_a02bf5e9,0,0,0,0,0,0,2432
4643,645,round_end,574.8,2,T_5568bd9d,3,3,3,0,0,145.37,2432
4644,645,round_end,574.8,2,T_5568bd9d,3,3,3,0,0,145.37,2432
4645,645,round_end,660.38,5,T_a02bf5e9,5,0,1,100,52.27,0,2433
4660,646,round_end,771.24,6,T_c9767fa7,4,1,3,0,0,40,2440
4661,650,round_end,211.64,1,T_8c03018b,0,1,1,36.63,100,0,2444
4662,650,round_end,403.54,2,T_8c03018b,0,2,2,0,100,0,2444
4663,650,round_end,704.03,3,T_8c03018b,0,3,0,99.99,100,0,2444
4664,651,round_end,434.15,1,T_6f1da461,0,3,3,0,0,46.06,2445
4665,651,round_end,938.92,2,T_0c568a57,2,3,2,0,0,0,2445
4666,650,round_end,305.73,1,T_a02bf5e9,0,3,3,0,0,174.36,2446
4667,650,round_end,550.83,2,T_5568bd9d,0,3,0,0,0,0,2446
4668,650,round_end,814.68,6,T_a02bf5e9,2,3,4,0,0,40,2447
4669,650,round_end,358.27,1,T_a02bf5e9,0,3,3,0,0,121.9,2448
4670,650,round_end,748.24,2,T_5568bd9d,1,3,1,0,0,0,2448
4679,652,round_end,465.85,1,T_a02bf5e9,0,3,3,0,0,14.34,2451
4680,652,round_end,719.49,2,T_5568bd9d,0,3,0,0,0,0,2451
4684,652,round_end,636.27,1,T_a02bf5e9,0,0,0,0,0,0,2454
4685,650,round_end,600.2,1,T_a02bf5e9,0,0,0,0,0,0,2455
4686,650,round_end,263,1,T_8c03018b,0,1,0,83.39,100,0,2456
4687,650,round_end,588.37,2,T_8c03018b,1,1,1,100,99.99,0,2456
4688,650,round_end,796.56,3,T_8c03018b,1,2,2,36.13,100,0,2456
4689,650,round_end,796.56,3,T_8c03018b,1,2,2,36.13,100,0,2456
4693,654,round_end,424.58,1,T_a55c988b,0,1,1,0,0,0,2458
4694,654,round_end,728.75,2,T_0cac1da9,3,3,3,0,0,175.72,2458
4695,654,round_end,728.75,2,T_0cac1da9,3,3,3,0,0,175.72,2458
4696,654,round_end,671.03,1,T_a55c988b,0,0,0,0,0,0,2460
4697,654,round_end,240.04,1,T_a55c988b,0,0,0,0,0,0,2461
4698,654,round_end,549.36,2,T_0cac1da9,3,3,3,0,0,170.86,2461
4699,654,round_end,549.36,2,T_0cac1da9,3,3,3,0,0,170.86,2461
4700,654,round_end,159.3,1,T_8c03018b,1,0,1,100,0,0,2462
4701,654,round_end,364.67,2,T_8c03018b,2,0,0,100,10.47,0,2462
4702,654,round_end,520.28,3,T_8c03018b,3,0,2,100,0,0,2462
4703,654,round_end,410.99,1,T_a55c988b,0,0,0,0,0,189.18,2463
4704,654,round_end,784.61,5,T_a55c988b,5,0,1,100,0,0,2465
4705,655,round_end,167.03,1,T_8c03018b,1,0,2,100,0,0,2466
4706,655,round_end,375.41,2,T_8c03018b,2,0,0,100,35.89,0,2466
4707,655,round_end,544.85,3,T_8c03018b,3,0,1,100,0,0,2466
4708,655,round_end,240.04,1,T_8c6b6c44,0,0,0,0,0,0,2467
4709,655,round_end,707.86,2,T_0cac1da9,3,3,3,0,0,12.3,2467
4710,655,round_end,707.86,2,T_0cac1da9,3,3,3,0,0,12.3,2467
4711,655,round_end,699.73,5,T_8c6b6c44,5,0,1,100,0,0,2468
4712,655,round_end,656.16,1,T_8c6b6c44,0,0,0,0,0,0,2469
4713,655,round_end,240.04,1,T_8c6b6c44,0,0,0,0,0,0,2470
4714,655,round_end,670.15,2,T_0cac1da9,3,3,3,0,0,50.03,2470
4715,655,round_end,670.15,2,T_0cac1da9,3,3,3,0,0,50.03,2470
4716,656,round_end,286.02,1,T_8c03018b,0,1,1,99.99,100,0,2471
4717,656,round_end,444.57,2,T_8c03018b,1,1,2,100,0,0,2471
4718,656,round_end,608.41,3,T_8c03018b,2,1,0,100,0,0,2471
4719,656,round_end,608.41,3,T_8c03018b,2,1,0,100,0,0,2471
4720,656,round_end,245.87,1,T_014a95e2,0,0,0,0,0,0,2472
4721,656,round_end,489.03,2,T_0cac1da9,3,3,3,0,0,237.02,2472
4722,656,round_end,489.03,2,T_0cac1da9,3,3,3,0,0,237.02,2472
4723,656,round_end,685.29,5,T_014a95e2,5,0,3,100,99.99,0,2473
4724,656,round_end,408.57,1,T_014a95e2,0,0,0,0,0,191.5,2474
4725,656,round_end,646.84,1,T_014a95e2,0,2,2,0,0,0,2475
4726,656,round_end,1008.94,2,T_0cac1da9,3,3,3,0,0,117.7,2475
4727,656,round_end,1008.94,2,T_0cac1da9,3,3,3,0,0,117.7,2475
4732,658,round_end,318.74,1,T_8c03018b,0,1,2,99.99,100,0,2478
4733,658,round_end,508.25,2,T_8c03018b,0,2,1,0,100,0,2478
4734,658,round_end,715.55,3,T_8c03018b,0,3,0,30.35,100,0,2478
4750,659,round_end,211.5,1,T_8c03018b,0,1,0,38.57,100,0,2489
4751,659,round_end,463.46,2,T_8c03018b,0,2,2,52.76,100,0,2489
4752,659,round_end,649.75,3,T_8c03018b,0,3,1,0,100,0,2489
4753,658,round_end,286.64,1,T_a02bf5e9,0,3,3,0,0,193.43,2490
4754,658,round_end,526.78,2,T_5568bd9d,0,3,0,0,0,0,2490
4759,660,round_end,480.22,1,T_a02bf5e9,0,2,2,0,0,0,2492
4760,660,round_end,987.7,2,T_5568bd9d,3,3,3,0,0,0,2492
4761,660,round_end,987.7,2,T_5568bd9d,3,3,3,0,0,0,2492
4762,660,round_end,411.35,1,T_a02bf5e9,0,3,3,0,0,68.81,2493
4763,660,round_end,897.97,2,T_5568bd9d,2,3,2,0,0,0,2493
4764,660,round_end,829.62,6,T_a02bf5e9,3,2,1,0,0,40,2494
4766,658,round_end,238.44,1,T_8c03018b,1,0,1,100,42,0,2496
4767,658,round_end,449.92,2,T_8c03018b,1,1,2,44.33,100,0,2496
4768,658,round_end,619.46,3,T_8c03018b,1,2,0,12.15,100,0,2496
4769,658,round_end,619.46,3,T_8c03018b,1,2,0,12.15,100,0,2496
4770,658,round_end,280.2,1,T_a02bf5e9,0,3,3,0,0,199.88,2497
4771,658,round_end,694.61,2,T_5568bd9d,3,3,3,0,0,65.61,2497
4772,661,round_end,245.48,1,T_8c03018b,1,0,0,100,75.44,0,2498
4773,661,round_end,544,2,T_8c03018b,2,0,2,100,97.02,0,2498
4774,661,round_end,848.73,3,T_8c03018b,3,0,1,100,99.99,0,2498
4775,661,round_end,529.68,1,T_a02bf5e9,0,2,2,0,0,0,2499
4776,661,round_end,1022.88,2,T_5568bd9d,3,3,3,0,0,0,2499
4777,661,round_end,1022.88,2,T_5568bd9d,3,3,3,0,0,0,2499
4778,661,round_end,834.15,6,T_a02bf5e9,4,1,4,0,0,39.99,2500
4779,661,round_end,401.25,1,T_a02bf5e9,0,1,1,0,0,0,2501
4780,661,round_end,799.52,2,T_5568bd9d,3,3,3,0,0,81.56,2501
4781,661,round_end,799.52,2,T_5568bd9d,3,3,3,0,0,81.56,2501
4782,661,round_end,636.03,1,T_a02bf5e9,0,0,0,0,0,0,2502
4783,661,round_end,185.94,1,T_8c03018b,1,0,2,100,0,0,2503
4784,661,round_end,439.94,2,T_8c03018b,2,0,0,100,62.76,0,2503
4785,661,round_end,771.94,3,T_8c03018b,2,1,1,70.97,100,0,2503
4786,661,round_end,771.94,3,T_8c03018b,2,1,1,70.97,100,0,2503
4787,662,round_end,204.5,1,T_8c03018b,0,1,2,35.72,100,0,2504
4788,662,round_end,389.87,2,T_8c03018b,0,2,1,0,100,0,2504
4789,662,round_end,575.39,3,T_8c03018b,0,3,0,0,100,0,2504
4790,662,round_end,485.56,1,T_78db9784,0,2,2,0,0,0,2505
4791,662,round_end,889.36,2,T_67de56b5,1,3,1,0,0,0,2505
4795,662,round_end,622.27,1,T_78db9784,0,0,0,0,0,0,2507
4796,662,round_end,968.56,6,T_78db9784,1,4,0,0,0,40,2508
4806,664,round_end,552.33,1,T_c4f376eb,0,2,2,0,0,0,2516
4807,664,round_end,1025.19,2,T_a3408080,3,3,3,0,0,6.89,2516
4808,664,round_end,1025.19,2,T_a3408080,3,3,3,0,0,6.89,2516
4809,664,round_end,686.76,1,T_c4f376eb,0,0,0,0,0,0,2517
4810,664,round_end,764.22,6,T_c4f376eb,1,4,2,0,0,40,2518
4811,664,round_end,541.87,1,T_c4f376eb,0,2,2,0,0,0,2519
4812,664,round_end,962.62,2,T_a3408080,3,3,3,0,0,59.03,2519
4813,664,round_end,962.62,2,T_a3408080,3,3,3,0,0,59.03,2519
4828,666,round_end,416.16,1,T_a02bf5e9,0,1,1,0,0,0,2528
4829,666,round_end,752.39,2,T_5568bd9d,3,3,3,0,0,143.72,2528
4830,666,round_end,752.39,2,T_5568bd9d,3,3,3,0,0,143.72,2528
4831,666,round_end,424.39,1,T_a02bf5e9,0,1,1,0,0,0,2529
4832,666,round_end,659.35,2,T_5568bd9d,3,3,3,0,0,244.99,2529
4833,666,round_end,659.35,2,T_5568bd9d,3,3,3,0,0,244.99,2529
4834,666,round_end,490.56,1,T_a02bf5e9,0,0,0,0,0,109.64,2530
4835,666,round_end,777.42,5,T_a02bf5e9,5,0,4,100,0,0,2531
4836,666,round_end,209.58,1,T_8c03018b,1,0,0,100,39.95,0,2532
4837,666,round_end,409.79,2,T_8c03018b,2,0,1,100,28.03,0,2532
4838,666,round_end,719.6,3,T_8c03018b,2,1,2,99.99,100,0,2532
4839,667,round_end,256,1,T_8c03018b,1,0,1,100,72.29,0,2533
4840,667,round_end,458.35,2,T_8c03018b,2,0,0,100,38.88,0,2533
4841,667,round_end,627.98,3,T_8c03018b,3,0,2,100,0,0,2533
4842,667,round_end,416.75,1,T_a02bf5e9,0,1,1,0,0,0,2534
4843,667,round_end,796.2,2,T_5568bd9d,3,3,3,0,0,100.47,2534
4844,667,round_end,796.2,2,T_5568bd9d,3,3,3,0,0,100.47,2534
4861,669,round_end,807.07,6,T_a02bf5e9,4,1,3,0,0,40,2543
4865,670,round_end,260.51,1,T_8c03018b,1,0,0,100,54.47,0,2545
4866,670,round_end,418.35,2,T_8c03018b,2,0,1,100,0,0,2545
4867,670,round_end,631.38,3,T_8c03018b,2,1,2,32.79,100,0,2545
4868,670,round_end,631.38,3,T_8c03018b,2,1,2,32.79,100,0,2545
4873,671,round_end,488.27,1,T_e9f0147c,0,3,3,0,0,0,2547
4874,671,round_end,974.39,2,T_8a528a6a,2,3,2,0,0,0,2547
4875,671,round_end,606.96,1,T_e9f0147c,0,0,0,0,0,0,2548
4876,671,round_end,368.21,1,T_e9f0147c,0,3,3,0,0,111.91,2549
4877,671,round_end,704.62,2,T_8a528a6a,3,3,3,0,0,143.54,2549
4883,672,round_end,245.05,1,T_a02bf5e9,0,0,0,0,0,0,2552
4884,672,round_end,736.09,2,T_5568bd9d,3,3,3,0,0,0,2552
4885,672,round_end,736.09,2,T_5568bd9d,3,3,3,0,0,0,2552
4886,672,round_end,259.48,1,T_8c03018b,1,0,1,100,34.92,0,2553
4887,672,round_end,539.88,2,T_8c03018b,2,0,0,100,62.16,0,2553
4888,672,round_end,734.59,3,T_8c03018b,2,1,2,17.28,100,0,2553
4889,672,round_end,734.59,3,T_8c03018b,2,1,2,17.28,100,0,2553
4890,672,round_end,195.73,1,T_8c03018b,1,0,2,100,20.28,0,2554
4891,672,round_end,517.41,2,T_8c03018b,2,0,1,100,99.99,0,2554
4892,672,round_end,818.76,3,T_8c03018b,3,0,0,100,99.99,0,2554
4893,672,round_end,316.53,1,T_a02bf5e9,0,0,0,0,0,283.54,2555
4894,672,round_end,528.24,1,T_a02bf5e9,0,2,2,0,0,0,2556
4895,672,round_end,996.4,2,T_5568bd9d,3,3,3,0,0,11.59,2556
4896,672,round_end,996.4,2,T_5568bd9d,3,3,3,0,0,11.59,2556
4897,672,round_end,404.28,1,T_a02bf5e9,0,1,1,0,0,0,2557
4898,672,round_end,909.86,2,T_5568bd9d,3,3,3,0,0,0,2557
4899,672,round_end,909.86,2,T_5568bd9d,3,3,3,0,0,0,2557
4908,672,round_end,431.91,1,T_a02bf5e9,0,3,3,0,0,48.31,2563
4909,672,round_end,888.25,2,T_5568bd9d,3,3,3,0,0,23.53,2563
4910,672,round_end,888.25,2,T_5568bd9d,3,3,3,0,0,23.53,2563
4911,672,round_end,948.98,6,T_a02bf5e9,4,1,2,0,0,40,2564
4912,672,round_end,417.82,1,T_a02bf5e9,0,1,1,0,0,0,2565
4913,672,round_end,888.38,2,T_5568bd9d,3,3,3,0,0,13.14,2565
4914,672,round_end,888.38,2,T_5568bd9d,3,3,3,0,0,13.14,2565
4915,672,round_end,211.23,1,T_8c03018b,0,1,2,38.24,100,0,2566
4916,672,round_end,405.73,2,T_8c03018b,0,2,0,15.37,100,0,2566
4917,672,round_end,718.72,3,T_8c03018b,1,2,1,100,98.98,0,2566
4918,672,round_end,718.72,3,T_8c03018b,1,2,1,100,98.98,0,2566
4919,672,round_end,352.55,1,T_a02bf5e9,0,3,3,0,0,127.56,2567
4920,672,round_end,597.55,2,T_5568bd9d,0,3,0,0,0,0,2567
4921,672,round_end,643.74,1,T_a02bf5e9,0,0,0,0,0,0,2568
4922,672,round_end,435.62,1,T_a02bf5e9,0,3,3,0,0,44.47,2569
4923,672,round_end,885.23,2,T_5568bd9d,1,3,1,0,0,0,2569
4924,672,round_end,740.24,6,T_a02bf5e9,1,4,3,0,0,40,2570
4925,672,round_end,227.63,1,T_8c03018b,0,1,1,36.43,100,0,2571
4926,672,round_end,446.73,2,T_8c03018b,0,2,2,11.92,100,0,2571
4927,672,round_end,691.99,3,T_8c03018b,0,3,0,71.72,100,0,2571
4928,672,round_end,260.7,1,T_a02bf5e9,0,0,0,0,0,0,2572
4929,672,round_end,650.78,2,T_5568bd9d,1,3,1,0,0,0,2572
4930,672,round_end,890.67,6,T_a02bf5e9,1,4,4,0,0,40,2573
4931,672,round_end,395.65,1,T_a02bf5e9,0,1,1,0,0,0,2574
4932,672,round_end,889.57,2,T_5568bd9d,2,3,2,0,0,0,2574
4933,672,round_end,600.16,1,T_a02bf5e9,0,0,0,0,0,0,2575
4934,672,round_end,257.87,1,T_8c03018b,1,0,0,100,73.91,0,2576
4935,672,round_end,517.53,2,T_8c03018b,1,1,2,72.84,100,0,2576
4936,672,round_end,835.56,3,T_8c03018b,1,2,1,99.99,100,0,2576
4937,672,round_end,835.56,3,T_8c03018b,1,2,1,99.99,100,0,2576
4938,672,round_end,480.23,1,T_a02bf5e9,0,2,2,0,0,0,2577
4939,672,round_end,870.07,2,T_5568bd9d,1,3,1,0,0,0,2577
4940,672,round_end,614,1,T_a02bf5e9,0,0,0,0,0,0,2578
4941,672,round_end,310.5,1,T_a02bf5e9,0,3,3,0,0,169.61,2579
4942,672,round_end,809.05,2,T_5568bd9d,2,3,2,0,0,0,2579
4943,672,round_end,911.05,6,T_a02bf5e9,2,3,0,0,0,40,2580
4944,672,round_end,272.03,1,T_8c03018b,0,1,2,81.8,100,0,2581
4945,672,round_end,565.35,2,T_8c03018b,0,2,0,99.99,100,0,2581
4946,672,round_end,789.6,3,T_8c03018b,0,3,1,58.16,100,0,2581
4947,672,round_end,268.06,1,T_a02bf5e9,0,0,0,0,0,0,2582
4948,672,round_end,508.19,2,T_5568bd9d,0,3,0,0,0,0,2582
4953,672,round_end,182.51,1,T_8c03018b,0,1,0,0,100,0,2586
4954,672,round_end,355.07,2,T_8c03018b,0,2,1,0,100,0,2586
4955,672,round_end,562.67,3,T_8c03018b,0,3,2,38.2,100,0,2586
4958,672,round_end,405.75,1,T_a02bf5e9,0,0,0,0,0,194.42,2588
4956,672,round_end,291.84,1,T_a02bf5e9,0,3,3,0,0,188.25,2587
4957,672,round_end,681.86,2,T_5568bd9d,1,3,1,0,0,0,2587
4959,672,round_end,213.37,1,T_a02bf5e9,0,0,0,0,0,386.66,2589
4963,675,round_end,435.25,1,T_a02bf5e9,0,3,3,0,0,44.92,2593
4964,675,round_end,956.23,2,T_5568bd9d,3,3,3,0,0,0,2593
4965,675,round_end,956.23,2,T_5568bd9d,3,3,3,0,0,0,2593
4966,675,round_end,673.04,1,T_a02bf5e9,0,0,0,0,0,0,2594
4967,680,round_end,286.01,1,T_8c03018b,0,1,2,77.88,100,0,2599
4968,680,round_end,599.92,2,T_8c03018b,1,1,0,100,99.99,0,2599
4969,680,round_end,794.02,3,T_8c03018b,2,1,1,100,10.73,0,2599
4970,680,round_end,794.02,3,T_8c03018b,2,1,1,100,10.73,0,2599
4971,680,round_end,396.72,1,T_a02bf5e9,0,3,3,0,0,83.4,2600
4972,680,round_end,920.69,2,T_5568bd9d,2,3,2,0,0,0,2600
4973,675,round_end,309.19,1,T_a02bf5e9,0,3,3,0,0,170.91,2602
4974,675,round_end,699.1,2,T_5568bd9d,1,3,1,0,0,0,2602
4975,680,round_end,627.12,1,T_a02bf5e9,0,0,0,0,0,0,2603
4978,675,round_end,782.4,5,T_a02bf5e9,0,5,2,99.99,100,0,2605
4981,680,round_end,850.77,6,T_a02bf5e9,1,4,3,0,0,40,2609
4982,680,round_end,303.73,1,T_8c03018b,0,1,1,92.34,100,0,2610
4983,680,round_end,584.29,2,T_8c03018b,0,2,0,70.04,100,0,2610
4984,680,round_end,813.67,3,T_8c03018b,0,3,2,51.84,100,0,2610
4985,681,round_end,251.52,1,T_8c03018b,1,0,2,100,73.59,0,2611
4986,681,round_end,471.51,2,T_8c03018b,2,0,0,100,48.49,0,2611
4987,681,round_end,680.28,3,T_8c03018b,3,0,1,100,16.51,0,2611
4988,681,round_end,352.18,1,T_a02bf5e9,0,3,3,0,0,127.98,2612
4989,681,round_end,931.89,2,T_5568bd9d,3,3,3,0,0,0,2612
4990,681,round_end,931.89,2,T_5568bd9d,3,3,3,0,0,0,2612
4991,681,round_end,570.28,1,T_a02bf5e9,0,2,2,0,0,0,2613
4992,681,round_end,851.67,2,T_5568bd9d,3,3,3,0,0,198.46,2613
4993,681,round_end,851.67,2,T_5568bd9d,3,3,3,0,0,198.46,2613
4994,681,round_end,417.7,1,T_a02bf5e9,0,0,0,0,0,182.5,2614
4995,681,round_end,815.4,5,T_a02bf5e9,5,0,2,100,99.99,0,2616
4996,681,round_end,231.33,1,T_8c03018b,0,1,2,50.33,100,0,2617
4997,681,round_end,485.28,2,T_8c03018b,1,1,0,100,63.12,0,2617
4998,681,round_end,699.23,3,T_8c03018b,1,2,1,27.53,100,0,2617
4999,681,round_end,699.23,3,T_8c03018b,1,2,1,27.53,100,0,2617
5000,682,round_end,251.26,1,T_8c03018b,1,0,0,100,45.33,0,2618
5001,682,round_end,411.56,2,T_8c03018b,2,0,2,100,0,0,2618
5002,682,round_end,658.68,3,T_8c03018b,3,0,1,100,69.67,0,2618
5007,682,round_end,240.04,1,T_b5684955,0,0,0,0,0,0,2620
5008,682,round_end,728.65,2,T_f89d2836,3,3,3,0,0,0,2620
5009,682,round_end,728.65,2,T_f89d2836,3,3,3,0,0,0,2620
5010,683,round_end,240.04,1,T_a02bf5e9,0,0,0,0,0,0,2621
5011,683,round_end,538.87,2,T_5568bd9d,3,3,3,0,0,181.32,2621
5012,683,round_end,538.87,2,T_5568bd9d,3,3,3,0,0,181.32,2621
5013,682,round_end,745.1,5,T_b5684955,5,0,4,100,10.38,0,2622
5014,682,round_end,353.3,1,T_b5684955,0,0,0,0,0,246.81,2623
5015,683,round_end,654.01,1,T_a02bf5e9,0,0,0,0,0,0,2624
5016,683,round_end,413.55,1,T_a02bf5e9,0,1,1,0,0,0,2625
5017,683,round_end,828.4,2,T_5568bd9d,3,3,3,0,0,64.97,2625
5018,683,round_end,828.4,2,T_5568bd9d,3,3,3,0,0,64.97,2625
5025,684,round_end,282.34,1,T_8c03018b,1,0,2,100,82.57,0,2630
5026,684,round_end,520.77,2,T_8c03018b,1,1,0,47.77,100,0,2630
5027,684,round_end,707.26,3,T_8c03018b,2,1,1,100,0,0,2630
5028,684,round_end,707.26,3,T_8c03018b,2,1,1,100,0,0,2630
5029,684,round_end,240.04,1,T_22df3bb6,0,0,0,0,0,0,2631
5030,684,round_end,713.4,2,T_0cac1da9,3,3,3,0,0,6.68,2631
5031,684,round_end,713.4,2,T_0cac1da9,3,3,3,0,0,6.68,2631
5032,684,round_end,768.66,5,T_22df3bb6,5,0,4,100,79.08,0,2632
5033,684,round_end,182.43,1,T_22df3bb6,0,0,0,0,0,417.59,2633
5034,684,round_end,263.76,1,T_22df3bb6,0,0,0,0,0,0,2634
5035,684,round_end,625.87,2,T_0cac1da9,3,3,3,0,0,118.04,2634
5036,684,round_end,625.87,2,T_0cac1da9,3,3,3,0,0,118.04,2634
5037,684,round_end,440.28,1,T_22df3bb6,0,0,0,0,0,159.9,2635
5038,684,round_end,318.4,1,T_8c03018b,0,1,2,99.99,100,0,2637
5039,684,round_end,570.42,2,T_8c03018b,0,2,0,40.39,100,0,2637
5040,684,round_end,745.13,3,T_8c03018b,1,2,1,100,0,0,2637
5041,684,round_end,745.13,3,T_8c03018b,1,2,1,100,0,0,2637
5042,685,round_end,231.11,1,T_8c03018b,1,0,1,100,39.89,0,2642
5043,685,round_end,494.09,2,T_8c03018b,2,0,2,100,54.13,0,2642
5044,685,round_end,660.63,3,T_8c03018b,3,0,0,100,0,0,2642
5045,685,round_end,261.02,1,T_fffd4f85,0,0,0,0,0,0,2643
5046,685,round_end,586.19,2,T_f89d2836,3,3,3,0,0,154.92,2643
5047,685,round_end,586.19,2,T_f89d2836,3,3,3,0,0,154.92,2643
5048,685,round_end,390.14,1,T_fffd4f85,0,1,1,0,0,0,2644
5049,685,round_end,800.26,2,T_f89d2836,3,3,3,0,0,69.8,2644
5050,685,round_end,800.26,2,T_f89d2836,3,3,3,0,0,69.8,2644
5051,685,round_end,656.9,5,T_fffd4f85,5,0,2,100,0,0,2645
5052,685,round_end,347.55,1,T_fffd4f85,0,0,0,0,0,252.57,2646
5053,685,round_end,155.67,1,T_8c03018b,1,0,0,100,0,0,2647
5054,685,round_end,507.67,2,T_8c03018b,2,0,1,100,99.99,0,2647
5055,685,round_end,829.5,3,T_8c03018b,3,0,2,100,99.99,0,2647
5056,689,round_end,305.25,1,T_8c03018b,1,0,0,100,77.85,0,2651
5057,689,round_end,609.3,2,T_8c03018b,1,1,1,99.99,100,0,2651
5058,689,round_end,801.87,3,T_8c03018b,1,2,2,5.56,100,0,2651
5059,689,round_end,801.87,3,T_8c03018b,1,2,2,5.56,100,0,2651
5062,689,round_end,308.03,1,T_12550726,0,0,0,0,0,292.06,2653
5073,690,round_end,433.87,1,T_a02bf5e9,0,3,3,0,0,46.28,2658
5074,690,round_end,859.27,2,T_5568bd9d,1,3,1,0,0,0,2658
5075,690,round_end,506.43,1,T_a02bf5e9,0,2,2,0,0,0,2659
5076,690,round_end,754.25,2,T_5568bd9d,0,3,0,0,0,0,2659
5077,690,round_end,165.85,1,T_a02bf5e9,0,0,0,0,0,434.17,2660
5078,690,round_end,710.3,6,T_a02bf5e9,1,4,4,0,0,40,2661
5079,690,round_end,223.92,1,T_8c03018b,1,0,1,100,45.25,0,2662
5080,690,round_end,503.72,2,T_8c03018b,1,1,2,94.63,100,0,2662
5081,690,round_end,771.35,3,T_8c03018b,2,1,0,100,22.57,0,2662
5082,690,round_end,771.35,3,T_8c03018b,2,1,0,100,22.57,0,2662
5083,689,round_end,433.59,1,T_12550726,0,3,3,0,0,46.6,2664
5084,689,round_end,907.1,2,T_7e239be7,3,3,3,0,0,6.3,2664
5085,689,round_end,907.1,2,T_7e239be7,3,3,3,0,0,6.3,2664
5086,691,round_end,260.68,1,T_8c03018b,0,1,2,81.68,100,0,2665
5087,691,round_end,435.14,2,T_8c03018b,1,1,1,100,0,0,2665
5088,691,round_end,726.08,3,T_8c03018b,1,2,0,99.99,100,0,2665
5089,691,round_end,726.08,3,T_8c03018b,1,2,0,99.99,100,0,2665
5093,691,round_end,264.43,1,T_a02bf5e9,0,0,0,0,0,0,2667
5094,691,round_end,614.37,2,T_5568bd9d,3,3,3,0,0,130.09,2667
5095,691,round_end,614.37,2,T_5568bd9d,3,3,3,0,0,130.09,2667
5096,691,round_end,626.61,1,T_a02bf5e9,0,0,0,0,0,0,2668
5097,691,round_end,865.85,6,T_a02bf5e9,1,4,0,0,0,40,2669
5098,691,round_end,307.6,1,T_8c03018b,1,0,2,100,99.99,0,2670
5099,691,round_end,615.52,2,T_8c03018b,1,1,0,99.99,100,0,2670
5100,691,round_end,933.12,3,T_8c03018b,2,1,1,100,90.97,0,2670
5101,691,round_end,933.12,3,T_8c03018b,2,1,1,100,90.97,0,2670
5102,692,round_end,0,1,T_a02bf5e9,0,3,3,0,0,230.24,2671
5103,692,round_end,0,2,T_5568bd9d,3,3,3,0,0,0,2671
5104,692,round_end,0,1,T_face9805,0,1,1,0,0,0,2672
5105,692,round_end,240.04,1,T_a02bf5e9,0,0,0,0,0,0,2673
5106,692,round_end,461.19,2,T_5568bd9d,3,3,3,0,0,258.96,2673
5107,692,round_end,461.19,2,T_5568bd9d,3,3,3,0,0,258.96,2673
5108,693,round_end,626.3,1,T_b44d806b,0,0,0,0,0,0,2674
5109,693,round_end,803.14,6,T_b44d806b,2,3,1,0,0,40,2675
5110,693,round_end,241.21,1,T_8c03018b,0,1,1,43.28,100,0,2676
5111,693,round_end,501.38,2,T_8c03018b,0,2,2,74.29,100,0,2676
5112,693,round_end,778.27,3,T_8c03018b,0,3,0,77.84,100,0,2676
5113,693,round_end,507.76,1,T_b44d806b,0,2,2,0,0,0,2677
5114,693,round_end,1009.21,2,T_a3408080,2,3,2,0,0,0,2677
5115,693,round_end,255.45,1,T_b44d806b,0,3,3,0,0,224.6,2678
5116,693,round_end,747.48,2,T_a3408080,3,3,3,0,0,0,2678
5117,693,round_end,747.48,2,T_a3408080,3,3,3,0,0,0,2678
5118,694,round_end,202.76,1,T_8c03018b,0,1,1,39.55,100,0,2679
5119,694,round_end,385.18,2,T_8c03018b,1,1,2,100,0,0,2679
5120,694,round_end,641.51,3,T_8c03018b,2,1,0,100,57.47,0,2679
5121,694,round_end,641.51,3,T_8c03018b,2,1,0,100,57.47,0,2679
5125,694,round_end,390.14,1,T_a02bf5e9,0,1,1,0,0,0,2681
5126,694,round_end,792.8,2,T_5568bd9d,3,3,3,0,0,77.18,2681
5127,694,round_end,792.8,2,T_5568bd9d,3,3,3,0,0,77.18,2681
5128,694,round_end,633.95,1,T_a02bf5e9,0,0,0,0,0,0,2682
5129,694,round_end,430.95,1,T_a02bf5e9,0,3,3,0,0,49.22,2683
5130,694,round_end,867.88,2,T_5568bd9d,1,3,1,0,0,0,2683
5131,694,round_end,941.95,6,T_a02bf5e9,4,1,1,0,0,40,2684
5132,694,round_end,636.84,1,T_a02bf5e9,0,0,0,0,0,0,2685
5133,694,round_end,299.13,1,T_8c03018b,0,1,0,82.4,100,0,2686
5134,694,round_end,634.78,2,T_8c03018b,0,2,2,99.99,100,0,2686
5135,694,round_end,843.66,3,T_8c03018b,0,3,1,41.96,100,0,2686
5136,695,round_end,225.94,1,T_8c03018b,1,0,2,100,41.53,0,2687
5137,695,round_end,461.77,2,T_8c03018b,2,0,0,100,45.81,0,2687
5138,695,round_end,662.46,3,T_8c03018b,3,0,1,100,37.48,0,2687
5139,695,round_end,240.04,1,T_679440c9,0,0,0,0,0,0,2688
5140,695,round_end,720.12,2,T_f89d2836,2,3,2,0,0,0,2688
5141,695,round_end,912.13,6,T_679440c9,4,1,3,0,0,40,2689
5142,695,round_end,613.83,1,T_679440c9,0,0,0,0,0,0,2690
5143,695,round_end,240.04,1,T_679440c9,0,0,0,0,0,0,2692
5144,695,round_end,705.99,2,T_f89d2836,3,3,3,0,0,14.12,2692
5145,695,round_end,705.99,2,T_f89d2836,3,3,3,0,0,14.12,2692
5146,696,round_end,291.32,1,T_8c03018b,1,0,1,100,82.75,0,2693
5147,696,round_end,496.23,2,T_8c03018b,1,1,2,30.84,100,0,2693
5148,696,round_end,802.4,3,T_8c03018b,2,1,0,100,99.99,0,2693
5149,696,round_end,802.4,3,T_8c03018b,2,1,0,100,99.99,0,2693
5150,696,round_end,485.2,1,T_a02bf5e9,0,2,2,0,0,0,2694
5151,696,round_end,844.9,2,T_5568bd9d,3,3,3,0,0,120.12,2694
5152,696,round_end,844.9,2,T_5568bd9d,3,3,3,0,0,120.12,2694
5153,696,round_end,416.4,1,T_a02bf5e9,0,3,3,0,0,67.36,2695
5154,696,round_end,851.48,2,T_5568bd9d,3,3,3,0,0,44.79,2695
5155,696,round_end,815.16,5,T_a02bf5e9,5,0,4,100,0,0,2696
5156,696,round_end,600.13,1,T_a02bf5e9,0,0,0,0,0,0,2697
5157,696,round_end,233.88,1,T_8c03018b,1,0,0,100,63.11,0,2698
5158,696,round_end,440.23,2,T_8c03018b,2,0,1,100,31.08,0,2698
5159,696,round_end,760.99,3,T_8c03018b,3,0,2,100,99.99,0,2698
5160,697,round_end,313.94,1,T_8c03018b,1,0,1,100,99.99,0,2699
5161,697,round_end,492.17,2,T_8c03018b,2,0,2,100,14.08,0,2699
5162,697,round_end,792.9,3,T_8c03018b,3,0,0,100,98.22,0,2699
5169,697,round_end,245.05,1,T_a02bf5e9,0,0,0,0,0,0,2702
5170,697,round_end,744.09,2,T_5568bd9d,2,3,2,0,0,0,2702
5171,697,round_end,600.18,1,T_a02bf5e9,0,0,0,0,0,0,2707
5179,699,round_end,251.93,1,T_8c03018b,0,1,0,71.35,100,0,2711
5180,699,round_end,571.75,2,T_8c03018b,0,2,1,98.38,100,0,2711
5181,699,round_end,894.34,3,T_8c03018b,0,3,2,99.99,100,0,2711
5182,699,round_end,401.97,1,T_ee8210ee,0,1,1,0,0,0,2712
5183,699,round_end,907.29,2,T_8a528a6a,2,3,2,0,0,0,2712
5184,699,round_end,572.06,1,T_ee8210ee,0,0,0,0,0,28.18,2713
5185,699,round_end,480.22,1,T_ee8210ee,0,2,2,0,0,0,2714
5186,699,round_end,734.08,2,T_8a528a6a,0,3,0,0,0,0,2714
5187,699,round_end,673.04,6,T_ee8210ee,1,4,0,0,0,40,2715
5188,702,round_end,178.33,1,T_8c03018b,0,1,2,0,100,0,2716
5189,702,round_end,417.3,2,T_8c03018b,1,1,0,100,49.59,0,2716
5190,702,round_end,602.17,3,T_8c03018b,1,2,1,0,100,0,2716
5191,702,round_end,602.17,3,T_8c03018b,1,2,1,0,100,0,2716
5192,702,round_end,429.48,1,T_ec64cb45,0,1,1,0,0,0,2717
5193,702,round_end,861.16,2,T_a3408080,3,3,3,0,0,48.14,2717
5194,702,round_end,861.16,2,T_a3408080,3,3,3,0,0,48.14,2717
5195,702,round_end,605.32,1,T_ec64cb45,0,0,0,0,0,0,2718
5196,702,round_end,420.11,1,T_ec64cb45,0,1,1,0,0,0,2719
5197,702,round_end,663.77,2,T_a3408080,3,3,3,0,0,236.33,2719
5198,702,round_end,663.77,2,T_a3408080,3,3,3,0,0,236.33,2719
5199,702,round_end,895.41,6,T_ec64cb45,4,1,2,0,0,40,2720
5200,702,round_end,197.16,1,T_8c03018b,1,0,2,100,0,0,2721
5201,702,round_end,360.4,2,T_8c03018b,2,0,0,100,0,0,2721
5202,702,round_end,540.29,3,T_8c03018b,3,0,1,100,0,0,2721
5203,703,round_end,270.24,1,T_8c03018b,0,1,2,82.93,100,0,2722
5204,703,round_end,579.98,2,T_8c03018b,1,1,1,100,99.99,0,2722
5205,703,round_end,863.71,3,T_8c03018b,2,1,0,100,66.08,0,2722
5206,703,round_end,863.71,3,T_8c03018b,2,1,0,100,66.08,0,2722
5207,703,round_end,257.44,1,T_12550726,0,3,3,0,0,222.62,2723
5208,703,round_end,662.34,2,T_7e239be7,1,3,1,0,0,0,2723
5209,703,round_end,390.03,1,T_12550726,0,0,0,0,0,210.12,2724
5210,703,round_end,433.41,1,T_12550726,0,3,3,0,0,46.76,2725
5211,703,round_end,698.72,2,T_7e239be7,0,3,0,0,0,0,2725
5212,703,round_end,805.79,5,T_12550726,0,5,1,21.83,100,0,2726
5213,703,round_end,209.66,1,T_8c03018b,0,1,2,22.87,100,0,2727
5214,703,round_end,523.71,2,T_8c03018b,0,2,0,99.99,100,0,2727
5215,703,round_end,711.29,3,T_8c03018b,0,3,1,0,100,0,2727
5216,704,round_end,179.65,1,T_8c03018b,1,0,0,100,0,0,2728
5217,704,round_end,434.47,2,T_8c03018b,1,1,2,68.73,100,0,2728
5218,704,round_end,677.3,3,T_8c03018b,2,1,1,100,65.37,0,2728
5219,704,round_end,677.3,3,T_8c03018b,2,1,1,100,65.37,0,2728
5220,704,round_end,485.47,1,T_a02bf5e9,0,2,2,0,0,0,2729
5221,704,round_end,734.64,2,T_5568bd9d,0,3,0,0,0,0,2729
5222,704,round_end,635.75,5,T_a02bf5e9,0,5,2,33.48,100,0,2730
5227,704,round_end,239.72,1,T_8c03018b,1,0,2,100,67.27,0,2734
5228,704,round_end,476.75,2,T_8c03018b,2,0,0,100,49.36,0,2734
5229,704,round_end,732.6,3,T_8c03018b,3,0,1,100,76.56,0,2734
5230,704,round_end,261.93,1,T_a02bf5e9,0,3,3,0,0,218.12,2735
5231,704,round_end,502.09,2,T_5568bd9d,0,3,0,0,0,0,2735
5232,705,round_end,255.52,1,T_8c03018b,1,0,2,100,59.37,0,2736
5233,705,round_end,550.73,2,T_8c03018b,2,0,0,100,94.83,0,2736
5234,705,round_end,762.86,3,T_8c03018b,3,0,1,100,20.47,0,2736
5241,705,round_end,887.88,6,T_a02bf5e9,4,1,3,0,0,40,2741
5250,707,round_end,531.98,1,T_360e64d5,0,2,2,0,0,0,2744
5251,707,round_end,1026.12,2,T_f89d2836,2,3,2,0,0,0,2744
5252,707,round_end,273.43,1,T_360e64d5,0,0,0,0,0,0,2745
5253,707,round_end,769.66,2,T_f89d2836,2,3,2,0,0,0,2745
5255,707,round_end,663.69,1,T_360e64d5,0,0,0,0,0,0,2747
5256,708,round_end,197.78,1,T_8c03018b,1,0,2,100,13.52,0,2748
5257,708,round_end,409.04,2,T_8c03018b,1,1,0,38.25,100,0,2748
5258,708,round_end,664.3,3,T_8c03018b,2,1,1,100,84.01,0,2748
5259,708,round_end,664.3,3,T_8c03018b,2,1,1,100,84.01,0,2748
5264,708,round_end,480.2,1,T_c65064ab,0,2,2,0,0,0,2751
5265,708,round_end,819.86,2,T_a3408080,3,3,3,0,0,140.2,2751
5266,708,round_end,819.86,2,T_a3408080,3,3,3,0,0,140.2,2751
5267,708,round_end,866.21,6,T_c65064ab,2,3,4,0,0,40,2752
5268,709,round_end,295.87,1,T_8c03018b,0,1,2,89.64,100,0,2753
5269,709,round_end,533.45,2,T_8c03018b,1,1,0,100,44.75,0,2753
5270,709,round_end,845.3,3,T_8c03018b,2,1,1,100,99.99,0,2753
5271,709,round_end,845.3,3,T_8c03018b,2,1,1,100,99.99,0,2753
5272,709,round_end,369.44,1,T_1eca8812,0,3,3,0,0,110.7,2754
5273,709,round_end,625.88,2,T_a3408080,0,3,0,0,0,0,2754
5277,709,round_end,600.24,1,T_1eca8812,0,0,0,0,0,0,2758
5278,709,round_end,940.43,6,T_1eca8812,2,3,0,0,0,40,2759
5279,692,round_end,310.85,1,T_8c03018b,1,0,2,100,87.75,0,2760
5280,692,round_end,652.79,2,T_8c03018b,2,0,1,100,99.99,0,2760
5281,692,round_end,846.63,3,T_8c03018b,2,1,0,9.49,100,0,2760
5282,692,round_end,846.63,3,T_8c03018b,2,1,0,9.49,100,0,2760
5283,710,round_end,310.85,1,T_8c03018b,1,0,2,100,87.75,0,2761
5284,710,round_end,652.79,2,T_8c03018b,2,0,1,100,99.99,0,2761
5285,710,round_end,846.63,3,T_8c03018b,2,1,0,9.49,100,0,2761
5286,710,round_end,846.63,3,T_8c03018b,2,1,0,9.49,100,0,2761
5287,710,round_end,416.66,1,T_a02bf5e9,0,1,1,0,0,0,2762
5288,710,round_end,725.98,2,T_5568bd9d,3,3,3,0,0,170.62,2762
5289,710,round_end,725.98,2,T_5568bd9d,3,3,3,0,0,170.62,2762
5290,710,round_end,416.66,1,T_a02bf5e9,0,1,1,0,0,0,2765
5291,710,round_end,725.98,2,T_5568bd9d,3,3,3,0,0,170.62,2765
5292,710,round_end,725.98,2,T_5568bd9d,3,3,3,0,0,170.62,2765
5293,715,round_end,223.63,1,T_8c03018b,1,0,1,100,50.09,0,2767
5294,715,round_end,534.21,2,T_8c03018b,2,0,2,100,93.39,0,2767
5295,715,round_end,806.73,3,T_8c03018b,2,1,0,95.55,100,0,2767
5296,715,round_end,806.73,3,T_8c03018b,2,1,0,95.55,100,0,2767
5297,715,round_end,497.72,1,T_a02bf5e9,0,2,2,0,0,0,2768
5298,715,round_end,942.09,2,T_5568bd9d,3,3,3,0,0,35.42,2768
5299,715,round_end,942.09,2,T_5568bd9d,3,3,3,0,0,35.42,2768
5300,715,round_end,511.55,1,T_a02bf5e9,0,2,2,0,0,0,2769
5301,715,round_end,1023.07,2,T_5568bd9d,2,3,2,0,0,0,2769
5304,715,round_end,169.71,1,T_8c03018b,1,0,2,100,0,0,2772
5305,715,round_end,369.84,2,T_8c03018b,2,0,1,100,17.55,0,2772
5306,715,round_end,677.59,3,T_8c03018b,3,0,0,100,92.11,0,2772
5307,716,round_end,662.28,1,T_6cd725de,0,0,0,0,0,0,2773
5308,716,round_end,249.51,1,T_6cd725de,0,0,0,0,0,0,2774
5309,716,round_end,665.22,2,T_a3408080,3,3,3,0,0,64.42,2774
5310,716,round_end,665.22,2,T_a3408080,3,3,3,0,0,64.42,2774
5311,716,round_end,825.84,6,T_6cd725de,3,2,4,0,0,40,2775
5312,716,round_end,625.7,1,T_6cd725de,0,0,0,0,0,0,2776
5313,716,round_end,270.4,1,T_8c03018b,1,0,0,100,82.6,0,2777
5314,716,round_end,544.7,2,T_8c03018b,1,1,2,96.35,100,0,2777
5315,716,round_end,817.19,3,T_8c03018b,2,1,1,100,64.11,0,2777
5316,716,round_end,817.19,3,T_8c03018b,2,1,1,100,64.11,0,2777
5319,717,round_end,390.15,1,T_b5271e8c,0,1,1,0,0,0,2779
5320,717,round_end,837.52,2,T_f89d2836,3,3,3,0,0,36.83,2779
5321,717,round_end,837.52,2,T_f89d2836,3,3,3,0,0,36.83,2779
5332,718,round_end,431.24,1,T_a02bf5e9,0,1,1,0,0,0,2784
5333,718,round_end,867.17,2,T_8a528a6a,3,3,3,0,0,43.86,2784
5334,718,round_end,867.17,2,T_8a528a6a,3,3,3,0,0,43.86,2784
5335,718,round_end,340.08,1,T_a02bf5e9,0,0,0,0,0,260.01,2785
5336,718,round_end,240.04,1,T_a02bf5e9,0,0,0,0,0,0,2786
5337,718,round_end,528.84,2,T_8a528a6a,3,3,3,0,0,191.43,2786
5338,718,round_end,528.84,2,T_8a528a6a,3,3,3,0,0,191.43,2786
5339,717,round_end,618.65,1,T_b5271e8c,0,0,0,0,0,0,2787
5340,717,round_end,750.81,6,T_b5271e8c,3,2,4,0,0,40,2788
5341,719,round_end,157.93,1,T_8c03018b,0,1,2,0,100,0,2789
5342,719,round_end,339.33,2,T_8c03018b,0,2,0,0,100,0,2789
5343,719,round_end,669.61,3,T_8c03018b,0,3,1,99.99,100,0,2789
5349,719,round_end,624.5,1,T_2032c8d0,0,0,0,0,0,0,2793
5350,719,round_end,184.48,1,T_8c03018b,0,1,1,0,100,0,2794
5351,719,round_end,459.92,2,T_8c03018b,0,2,2,89.68,100,0,2794
5352,719,round_end,663,3,T_8c03018b,1,2,0,100,37.81,0,2794
5353,719,round_end,663,3,T_8c03018b,1,2,0,100,37.81,0,2794
5354,717,round_end,354.5,1,T_8c03018b,1,0,0,100,99.99,0,2795
5355,717,round_end,553.53,2,T_8c03018b,2,0,1,100,11.2,0,2795
5356,717,round_end,869.23,3,T_8c03018b,3,0,2,100,91.36,0,2795
5357,720,round_end,198.07,1,T_8c03018b,1,0,1,100,10.16,0,2796
5358,720,round_end,443.59,2,T_8c03018b,1,1,2,47.43,100,0,2796
5359,720,round_end,624.74,3,T_8c03018b,1,2,0,0,100,0,2796
5360,720,round_end,624.74,3,T_8c03018b,1,2,0,0,100,0,2796
5361,720,round_end,439.42,1,T_5ac5c499,0,3,3,0,0,40.78,2797
5362,720,round_end,922.22,2,T_8ce1db6a,2,3,2,0,0,0,2797
5363,720,round_end,742.66,6,T_5ac5c499,1,4,2,0,0,40,2798
5364,720,round_end,480.18,1,T_5ac5c499,0,2,2,0,0,0,2799
5365,720,round_end,981.83,2,T_8ce1db6a,2,3,2,0,0,0,2799
5366,720,round_end,220.01,1,T_5ac5c499,0,0,0,0,0,380.02,2800
5367,720,round_end,506.81,1,T_5ac5c499,0,2,2,0,0,0,2801
5368,720,round_end,1015.14,2,T_8ce1db6a,2,3,2,0,0,0,2801
5369,721,round_end,308.42,1,T_8c03018b,0,1,2,99.99,100,0,2802
5370,721,round_end,495.11,2,T_8c03018b,0,2,0,0,100,0,2802
5371,721,round_end,788.33,3,T_8c03018b,1,2,1,100,99.99,0,2802
5372,721,round_end,788.33,3,T_8c03018b,1,2,1,100,99.99,0,2802
5376,726,round_end,217.21,1,T_8c03018b,0,1,2,28.53,100,0,2807
5377,726,round_end,414.95,2,T_8c03018b,0,2,0,8.32,100,0,2807
5378,726,round_end,618.92,3,T_8c03018b,1,2,1,100,39.53,0,2807
5379,726,round_end,618.92,3,T_8c03018b,1,2,1,100,39.53,0,2807
5381,721,round_end,496.78,1,T_996a74bf,0,2,2,0,0,0,2809
5382,721,round_end,989.83,2,T_0cac1da9,2,3,2,0,0,0,2809
5383,721,round_end,853.08,5,T_996a74bf,5,0,2,100,0,0,2810
5384,721,round_end,605.89,1,T_996a74bf,0,0,0,0,0,0,2811
5385,721,round_end,492.56,1,T_996a74bf,0,2,2,0,0,0,2812
5386,721,round_end,938.75,2,T_0cac1da9,3,3,3,0,0,42.29,2812
5387,721,round_end,938.75,2,T_0cac1da9,3,3,3,0,0,42.29,2812
5388,725,round_end,228.07,1,T_8c03018b,1,0,2,100,57.68,0,2813
5389,725,round_end,472.41,2,T_8c03018b,1,1,0,58.85,100,0,2813
5390,725,round_end,790.94,3,T_8c03018b,1,2,1,99.99,100,0,2813
5391,725,round_end,790.94,3,T_8c03018b,1,2,1,99.99,100,0,2813
5392,725,round_end,260.34,1,T_9152bdb5,0,3,3,0,0,219.72,2814
5393,725,round_end,583.77,2,T_0cac1da9,3,3,3,0,0,156.65,2814
5394,725,round_end,583.77,2,T_0cac1da9,3,3,3,0,0,156.65,2814
5395,725,round_end,833.95,6,T_9152bdb5,3,2,2,0,0,40,2815
5396,725,round_end,646.47,1,T_9152bdb5,0,0,0,0,0,0,2816
5397,725,round_end,449.14,1,T_9152bdb5,0,3,3,0,0,31.08,2817
5398,725,round_end,974.38,2,T_0cac1da9,2,3,2,0,0,0,2817
5399,725,round_end,362.66,1,T_8c03018b,0,1,1,94.03,100,0,2818
5400,725,round_end,643.5,2,T_8c03018b,1,1,2,100,99.99,0,2818
5401,725,round_end,856.44,3,T_8c03018b,1,2,0,24.69,100,0,2818
5402,725,round_end,856.44,3,T_8c03018b,1,2,0,24.69,100,0,2818
5403,726,round_end,514.66,1,T_0cac1da9,0,2,2,0,0,0,2819
5404,726,round_end,928.47,2,T_e05d462f,1,3,1,0,0,0,2819
5405,726,round_end,803.43,6,T_0cac1da9,1,4,0,0,0,40,2820
5406,726,round_end,432.06,1,T_0cac1da9,0,3,3,0,0,48.14,2821
5407,726,round_end,884.62,2,T_e05d462f,3,3,3,0,0,27.29,2821
5408,726,round_end,884.62,2,T_e05d462f,3,3,3,0,0,27.29,2821
5414,727,round_end,253.9,1,T_8c03018b,1,0,2,100,67.28,0,2824
5415,727,round_end,564.34,2,T_8c03018b,1,1,1,99.99,100,0,2824
5416,727,round_end,779.8,3,T_8c03018b,1,2,0,27.84,100,0,2824
5417,727,round_end,779.8,3,T_8c03018b,1,2,0,27.84,100,0,2824
5418,727,round_end,271.71,1,T_fb7a2f35,0,0,0,0,0,0,2825
5419,727,round_end,787.76,2,T_0cac1da9,3,3,3,0,0,0,2825
5420,727,round_end,787.76,2,T_0cac1da9,3,3,3,0,0,0,2825
5421,727,round_end,813.08,5,T_fb7a2f35,5,0,2,100,0,0,2826
5422,727,round_end,628.2,1,T_fb7a2f35,0,0,0,0,0,0,2827
5423,727,round_end,262.33,1,T_fb7a2f35,0,0,0,0,0,0,2828
5424,727,round_end,778.01,2,T_0cac1da9,3,3,3,0,0,0,2828
5425,727,round_end,778.01,2,T_0cac1da9,3,3,3,0,0,0,2828
5426,727,round_end,215.93,1,T_8c03018b,0,1,2,51.27,100,0,2829
5427,727,round_end,488.35,2,T_8c03018b,1,1,1,100,87.3,0,2829
5428,727,round_end,784.65,3,T_8c03018b,2,1,0,100,99.99,0,2829
5429,727,round_end,784.65,3,T_8c03018b,2,1,0,100,99.99,0,2829
5430,728,round_end,286.28,1,T_8c03018b,1,0,2,100,91.32,0,2830
5431,728,round_end,619.22,2,T_8c03018b,2,0,0,100,99.99,0,2830
5432,728,round_end,934.07,3,T_8c03018b,3,0,1,100,99.99,0,2830
5433,728,round_end,480.2,1,T_45d24cb5,0,2,2,0,0,0,2831
5434,728,round_end,898.93,2,T_0cac1da9,3,3,3,0,0,61.06,2831
5435,728,round_end,898.93,2,T_0cac1da9,3,3,3,0,0,61.06,2831
5444,729,round_end,240.04,1,T_3bb510e2,0,0,0,0,0,0,2836
5445,729,round_end,560.37,2,T_0cac1da9,3,3,3,0,0,159.82,2836
5446,729,round_end,560.37,2,T_0cac1da9,3,3,3,0,0,159.82,2836
5436,728,round_end,878.09,6,T_45d24cb5,2,3,4,0,0,40,2832
5440,729,round_end,332.95,1,T_8c03018b,1,0,0,100,99.99,0,2835
5441,729,round_end,504.45,2,T_8c03018b,2,0,2,100,0,0,2835
5442,729,round_end,806.13,3,T_8c03018b,2,1,1,99.99,100,0,2835
5443,729,round_end,806.13,3,T_8c03018b,2,1,1,99.99,100,0,2835
5439,728,round_end,534.59,1,T_45d24cb5,0,0,0,0,0,65.66,2834
5448,729,round_end,369.42,1,T_3bb510e2,0,0,0,0,0,230.71,2838
5447,729,round_end,813.91,6,T_3bb510e2,3,2,3,0,0,40,2837
5449,729,round_end,413.52,1,T_3bb510e2,0,1,1,0,0,0,2839
5450,729,round_end,923.6,2,T_0cac1da9,2,3,2,0,0,0,2839
5451,730,round_end,239,1,T_8c03018b,1,0,0,100,15.44,0,2840
5452,730,round_end,406.1,2,T_8c03018b,2,0,1,100,0,0,2840
5453,730,round_end,676.78,3,T_8c03018b,3,0,2,100,92,0,2840
5454,730,round_end,411.08,1,T_979876f8,0,1,1,0,0,0,2841
5455,730,round_end,733.67,2,T_a3408080,3,3,3,0,0,157.35,2841
5456,730,round_end,733.67,2,T_a3408080,3,3,3,0,0,157.35,2841
5457,730,round_end,600.24,1,T_979876f8,0,0,0,0,0,0,2843
5458,730,round_end,339.6,1,T_979876f8,0,3,3,0,0,140.5,2844
5459,730,round_end,616.42,2,T_a3408080,0,3,0,0,0,0,2844
5470,732,round_end,490.23,1,T_3d8065a6,0,2,2,0,0,0,2849
5471,732,round_end,736.29,2,T_f89d2836,3,3,3,0,0,233.81,2849
5472,732,round_end,736.29,2,T_f89d2836,3,3,3,0,0,233.81,2849
5477,732,round_end,306.36,1,T_8c03018b,1,0,2,100,99.99,0,2853
5478,732,round_end,612.32,2,T_8c03018b,1,1,1,99.99,100,0,2853
5479,732,round_end,902.8,3,T_8c03018b,2,1,0,100,99.99,0,2853
5480,733,round_end,196.87,1,T_8c03018b,0,1,2,17.51,100,0,2854
5481,733,round_end,379.93,2,T_8c03018b,1,1,0,100,21.21,0,2854
5482,733,round_end,573.7,3,T_8c03018b,2,1,1,100,6.13,0,2854
5483,733,round_end,301.71,1,T_2b55949b,0,3,3,0,0,178.38,2855
5484,733,round_end,814.71,2,T_f89d2836,2,3,2,0,0,0,2855
5485,733,round_end,229.47,1,T_8c03018b,0,1,1,49.07,100,0,2856
5486,733,round_end,434.28,2,T_8c03018b,0,2,2,30.83,100,0,2856
5487,733,round_end,714.77,3,T_8c03018b,0,3,0,86.2,100,0,2856
5488,733,round_end,242.06,1,T_2b55949b,0,3,3,0,0,237.99,2858
5489,733,round_end,734.33,2,T_f89d2836,2,3,2,0,0,0,2858
5490,733,round_end,628.5,1,T_2b55949b,0,0,0,0,0,0,2860
5491,734,round_end,208.46,1,T_8c03018b,0,1,1,0,100,0,2862
5492,734,round_end,427.68,2,T_8c03018b,0,2,2,36.84,100,0,2862
5493,734,round_end,670.75,3,T_8c03018b,0,3,0,71.12,100,0,2862
5494,734,round_end,376.3,1,T_a02bf5e9,0,3,3,0,0,103.78,2863
5495,734,round_end,863.87,2,T_5568bd9d,2,3,2,0,0,0,2863
5496,734,round_end,623.63,1,T_a02bf5e9,0,0,0,0,0,0,2865
5497,734,round_end,691.96,6,T_a02bf5e9,3,2,3,0,0,40,2866
5498,734,round_end,501.3,1,T_a02bf5e9,0,3,3,0,0,0,2867
5499,734,round_end,1052.21,2,T_5568bd9d,2,3,2,0,0,0,2867
5500,734,round_end,642.48,1,T_a02bf5e9,0,0,0,0,0,0,2868
5501,734,round_end,266.54,1,T_a02bf5e9,0,0,0,0,0,0,2869
5502,734,round_end,519.96,2,T_5568bd9d,0,3,0,0,0,0,2869
5503,735,round_end,246.59,1,T_8c03018b,0,1,0,38.57,100,0,2870
5504,735,round_end,557.57,2,T_8c03018b,0,2,2,84.93,100,0,2870
5505,735,round_end,769.26,3,T_8c03018b,1,2,1,100,34.35,0,2870
5506,735,round_end,769.26,3,T_8c03018b,1,2,1,100,34.35,0,2870
5507,735,round_end,521.36,1,T_a02bf5e9,0,2,2,0,0,0,2871
5508,735,round_end,788.58,2,T_8a528a6a,0,3,0,0,0,0,2871
5509,735,round_end,846.88,6,T_a02bf5e9,2,3,2,0,0,39.99,2872
5510,735,round_end,480.17,1,T_a02bf5e9,0,2,2,0,0,0,2873
5511,735,round_end,968.73,2,T_8a528a6a,2,3,2,0,0,0,2873
5512,735,round_end,614.94,1,T_a02bf5e9,0,0,0,0,0,0,2874
5521,746,round_end,170.67,1,T_8c03018b,1,0,1,100,0,0,2887
5522,746,round_end,401.19,2,T_8c03018b,2,0,2,100,23.08,0,2887
5523,746,round_end,670.18,3,T_8c03018b,2,1,0,89.27,100,0,2887
5524,746,round_end,670.18,3,T_8c03018b,2,1,0,89.27,100,0,2887
5525,746,round_end,256.62,1,T_6da1ba9e,0,0,0,0,0,0,2888
5526,746,round_end,526,2,T_0cac1da9,3,3,3,0,0,210.74,2888
5527,746,round_end,526,2,T_0cac1da9,3,3,3,0,0,210.74,2888
5528,746,round_end,744.08,5,T_6da1ba9e,5,0,2,100,0,0,2889
5529,746,round_end,629.93,1,T_6da1ba9e,0,0,0,0,0,0,2890
5530,746,round_end,336.26,1,T_6da1ba9e,0,3,3,0,0,143.82,2891
5531,746,round_end,819.79,2,T_0cac1da9,3,3,3,0,0,0,2891
5532,746,round_end,819.79,2,T_0cac1da9,3,3,3,0,0,0,2891
5533,746,round_end,192.48,1,T_8c03018b,1,0,2,100,28.72,0,2892
5534,746,round_end,384.58,2,T_8c03018b,2,0,1,100,0,0,2892
5535,746,round_end,547.58,3,T_8c03018b,3,0,0,100,0,0,2892
5536,745,round_end,205.88,1,T_8c03018b,1,0,2,100,40.83,0,2894
5537,745,round_end,481.67,2,T_8c03018b,1,1,1,88.55,100,0,2894
5538,745,round_end,779.5,3,T_8c03018b,2,1,0,100,85.6,0,2894
5539,745,round_end,779.5,3,T_8c03018b,2,1,0,100,85.6,0,2894
5540,745,round_end,908.08,6,T_5041b9bd,2,3,0,0,0,40,2895
5541,745,round_end,391.08,1,T_5041b9bd,0,3,3,0,0,89.06,2896
5542,745,round_end,875.89,2,T_8a528a6a,2,3,2,0,0,0,2896
5543,745,round_end,606.24,1,T_5041b9bd,0,0,0,0,0,0,2897
5544,745,round_end,205.88,1,T_8c03018b,1,0,2,100,40.83,0,2898
5545,745,round_end,481.67,2,T_8c03018b,1,1,1,88.55,100,0,2898
5546,745,round_end,779.5,3,T_8c03018b,2,1,0,100,85.6,0,2898
5547,745,round_end,779.5,3,T_8c03018b,2,1,0,100,85.6,0,2898
5555,753,round_end,218.96,1,T_8c03018b,0,1,1,19.29,100,0,2909
5556,753,round_end,509.71,2,T_8c03018b,0,2,0,99.99,100,0,2909
5557,753,round_end,676.64,3,T_8c03018b,0,3,2,0,100,0,2909
5558,753,round_end,641.14,1,T_a02bf5e9,0,0,0,0,0,0,2910
5559,753,round_end,680.49,5,T_a02bf5e9,0,5,2,0,100,0,2911
5564,753,round_end,188.5,1,T_8c03018b,0,1,1,0,100,0,2914
5565,753,round_end,346.12,2,T_8c03018b,0,2,0,0,100,0,2914
5566,753,round_end,629.1,3,T_8c03018b,0,3,2,77.6,100,0,2914
5570,753,round_end,248.49,1,T_a02bf5e9,0,3,3,0,0,231.56,2916
5571,753,round_end,668.31,2,T_5568bd9d,1,3,1,0,0,0,2916
5572,753,round_end,487.45,1,T_a02bf5e9,0,2,2,0,0,0,2917
5573,753,round_end,914.28,2,T_5568bd9d,1,3,1,0,0,0,2917
5574,753,round_end,765.51,5,T_a02bf5e9,0,5,2,62.83,100,0,2918
5575,753,round_end,196.47,1,T_8c03018b,0,1,2,32.79,100,0,2919
5576,753,round_end,386.6,2,T_8c03018b,0,2,0,12.41,100,0,2919
5577,753,round_end,665.95,3,T_8c03018b,0,3,1,82.44,100,0,2919
5578,753,round_end,380.03,1,T_a02bf5e9,0,3,3,0,0,100.13,2920
5579,753,round_end,778.49,2,T_5568bd9d,1,3,1,0,0,0,2920
5580,753,round_end,189.39,1,T_8c03018b,0,1,0,23.15,100,0,2921
5581,753,round_end,373.64,2,T_8c03018b,0,2,1,0,100,0,2921
5582,753,round_end,632.13,3,T_8c03018b,0,3,2,78.11,100,0,2921
5583,754,round_end,217.17,1,T_8c03018b,0,1,2,41.16,100,0,2922
5584,754,round_end,502.95,2,T_8c03018b,0,2,1,99.99,100,0,2922
5585,754,round_end,788.14,3,T_8c03018b,1,2,0,100,87.28,0,2922
5586,754,round_end,788.14,3,T_8c03018b,1,2,0,100,87.28,0,2922
5587,754,round_end,539.92,1,T_a02bf5e9,0,2,2,0,0,0,2923
5588,754,round_end,982.78,2,T_5568bd9d,3,3,3,0,0,36.9,2923
5589,754,round_end,982.78,2,T_5568bd9d,3,3,3,0,0,36.9,2923
5590,754,round_end,522.95,1,T_a02bf5e9,0,3,3,0,0,0,2924
5591,754,round_end,1046.39,2,T_5568bd9d,3,3,3,0,0,0,2924
5592,754,round_end,1046.39,2,T_5568bd9d,3,3,3,0,0,0,2924
5593,754,round_end,1044.12,6,T_a02bf5e9,3,2,3,0,0,40,2925
5594,754,round_end,699.55,1,T_a02bf5e9,0,0,0,0,0,0,2926
5595,755,round_end,335.36,1,T_8c03018b,1,0,1,100,99.99,0,2927
5596,755,round_end,629.99,2,T_8c03018b,1,1,2,99.99,100,0,2927
5597,755,round_end,786.05,3,T_8c03018b,1,2,0,0,100,0,2927
5598,755,round_end,786.05,3,T_8c03018b,1,2,0,0,100,0,2927
5599,755,round_end,418.48,1,T_3d8065a6,0,1,1,0,0,0,2928
5600,755,round_end,927.78,2,T_f89d2836,2,3,2,0,0,0,2928
5601,755,round_end,605.88,1,T_3d8065a6,0,0,0,0,0,0,2929
5602,755,round_end,506.05,1,T_3d8065a6,0,2,2,0,0,0,2930
5603,755,round_end,777.07,2,T_f89d2836,0,3,0,0,0,0,2930
5604,755,round_end,805.39,6,T_3d8065a6,2,3,4,0,0,40,2931
5605,736,round_end,498.58,1,T_a02bf5e9,0,3,3,0,0,0,2932
5606,736,round_end,1026.32,2,T_5568bd9d,2,3,2,0,0,0,2932
5607,736,round_end,264.62,1,T_8c03018b,0,1,0,69.08,100,0,2933
5608,736,round_end,573.5,2,T_8c03018b,1,1,2,100,99.99,0,2933
5609,736,round_end,893.89,3,T_8c03018b,1,2,1,75.19,100,0,2933
5610,736,round_end,893.89,3,T_8c03018b,1,2,1,75.19,100,0,2933
5611,736,round_end,300,1,T_a02bf5e9,0,3,3,0,0,180.07,2934
5612,736,round_end,808.85,2,T_5568bd9d,2,3,2,0,0,0,2934
5613,736,round_end,351.48,1,T_a02bf5e9,0,0,0,0,0,248.63,2935
5614,736,round_end,783.31,6,T_a02bf5e9,1,4,1,0,0,40,2936
5615,736,round_end,670.3,1,T_a02bf5e9,0,0,0,0,0,0,2937
5616,756,round_end,247.35,1,T_8c03018b,0,1,2,68.05,100,0,2938
5617,756,round_end,470.24,2,T_8c03018b,1,1,0,100,33.71,0,2938
5618,756,round_end,680.63,3,T_8c03018b,2,1,1,100,29.31,0,2938
5619,756,round_end,680.63,3,T_8c03018b,2,1,1,100,29.31,0,2939
5620,756,round_end,482.84,1,T_2b55949b,0,3,3,0,0,7.23,2939
5621,756,round_end,674.62,2,T_f89d2836,3,3,3,0,0,288.14,2939
5622,756,round_end,496.01,1,T_2b55949b,0,2,2,0,0,0,2940
5623,756,round_end,991.5,2,T_f89d2836,3,3,3,0,0,0,2940
5624,756,round_end,991.5,2,T_f89d2836,3,3,3,0,0,0,2940
5625,756,round_end,621.3,1,T_2b55949b,0,0,0,0,0,0,2941
5626,756,round_end,919.19,6,T_2b55949b,3,2,1,0,0,40,2942
5627,757,round_end,301.2,1,T_8c03018b,1,0,0,100,97.5,0,2943
5628,757,round_end,514.21,2,T_8c03018b,2,0,1,100,41.17,0,2943
5629,757,round_end,739.98,3,T_8c03018b,3,0,2,100,49.41,0,2943
5630,757,round_end,345.3,1,T_d209c6a4,0,3,3,0,0,134.8,2946
5631,757,round_end,735.14,2,T_f89d2836,1,3,1,0,0,0,2946
5632,757,round_end,367.34,1,T_d209c6a4,0,0,0,0,0,232.79,2947
5633,757,round_end,400.63,1,T_d209c6a4,0,3,3,0,0,79.53,2948
5634,757,round_end,806.19,2,T_f89d2836,1,3,1,0,0,0,2948
5635,757,round_end,860.19,6,T_d209c6a4,1,4,1,0,0,40,2949
5636,759,round_end,241.82,1,T_8c03018b,0,1,2,65.23,100,0,2950
5637,759,round_end,504.86,2,T_8c03018b,0,2,0,90.9,100,0,2950
5638,759,round_end,663.8,3,T_8c03018b,0,3,1,0,100,0,2950
5639,759,round_end,445.87,1,T_16309e18,0,1,1,0,0,0,2951
5640,759,round_end,726.09,2,T_7515d286,0,3,0,0,0,0,2951
5653,761,round_end,390.12,1,T_a02bf5e9,0,1,1,0,0,0,2959
5654,761,round_end,879.1,2,T_5568bd9d,3,3,3,0,0,0,2959
5655,761,round_end,879.1,2,T_5568bd9d,3,3,3,0,0,0,2959
5656,761,round_end,480.22,1,T_a02bf5e9,0,2,2,0,0,0,2960
5657,761,round_end,901.65,2,T_5568bd9d,3,3,3,0,0,58.36,2960
5658,761,round_end,901.65,2,T_5568bd9d,3,3,3,0,0,58.36,2960
5659,761,round_end,658.24,1,T_a02bf5e9,0,0,0,0,0,0,2961
5660,761,round_end,802.31,6,T_a02bf5e9,4,1,0,0,0,40,2962
5661,761,round_end,310.54,1,T_8c03018b,0,1,1,99.99,100,0,2963
5662,761,round_end,573.13,2,T_8c03018b,1,1,2,100,77.44,0,2963
5663,761,round_end,858.25,3,T_8c03018b,2,1,0,100,90.13,0,2963
5664,761,round_end,858.25,3,T_8c03018b,2,1,0,100,90.13,0,2963
5665,763,round_end,209.51,1,T_8c03018b,0,1,0,0,100,0,2965
5666,763,round_end,398.79,2,T_8c03018b,1,1,2,100,7.88,0,2965
5667,763,round_end,640.62,3,T_8c03018b,2,1,1,100,47.11,0,2965
5668,763,round_end,526.62,1,T_2f40a4c4,0,3,3,0,0,0,2966
5669,763,round_end,816,2,T_f89d2836,3,3,3,0,0,190.47,2966
5670,763,round_end,502.89,1,T_2f40a4c4,0,3,3,0,0,0,2967
5671,763,round_end,1013.01,2,T_f89d2836,2,3,2,0,0,0,2967
5672,763,round_end,605.2,1,T_2f40a4c4,0,0,0,0,0,0,2968
5673,763,round_end,843.44,6,T_2f40a4c4,3,2,0,0,0,40,2969
5674,764,round_end,277,1,T_8c03018b,0,1,0,68.17,100,0,2970
5675,764,round_end,620.84,2,T_8c03018b,0,2,2,99.99,100,0,2970
5676,764,round_end,862.45,3,T_8c03018b,0,3,1,52.15,100,0,2970
5677,764,round_end,423.99,1,T_a02bf5e9,0,1,1,0,0,0,2971
5678,764,round_end,822.85,2,T_5568bd9d,3,3,3,0,0,80.97,2971
5679,764,round_end,822.85,2,T_5568bd9d,3,3,3,0,0,80.97,2971
5682,764,round_end,605.15,1,T_a02bf5e9,0,0,0,0,0,0,2973
5683,764,round_end,944.59,6,T_a02bf5e9,1,4,1,0,0,40,2974
5684,767,round_end,287.17,1,T_8c03018b,1,0,2,100,92.86,0,2977
5685,767,round_end,600.38,2,T_8c03018b,1,1,1,99.99,100,0,2977
5686,767,round_end,902.66,3,T_8c03018b,1,2,0,99.99,100,0,2977
5687,767,round_end,902.66,3,T_8c03018b,1,2,0,99.99,100,0,2977
5688,767,round_end,494.47,1,T_a02bf5e9,0,2,2,0,0,0,2978
5689,767,round_end,972.29,2,T_5568bd9d,3,3,3,0,0,17.62,2978
5690,767,round_end,972.29,2,T_5568bd9d,3,3,3,0,0,17.62,2978
5691,767,round_end,537.95,1,T_a02bf5e9,0,2,2,0,0,0,2979
5692,767,round_end,782.82,2,T_5568bd9d,0,3,0,0,0,0,2979
5693,767,round_end,817.52,6,T_a02bf5e9,2,3,1,0,0,40,2980
5694,767,round_end,539.61,1,T_a02bf5e9,0,0,0,0,0,60.6,2981
5695,768,round_end,337.81,1,T_8c03018b,0,1,0,99.99,100,0,2982
5696,768,round_end,518.07,2,T_8c03018b,0,2,1,0,100,0,2982
5697,768,round_end,842.48,3,T_8c03018b,0,3,2,99.99,100,0,2982
5698,768,round_end,524.22,1,T_a02bf5e9,0,3,3,0,0,0,2983
5699,768,round_end,1086.84,2,T_5568bd9d,3,3,3,0,0,0,2983
5700,768,round_end,1086.84,2,T_5568bd9d,3,3,3,0,0,0,2983
5701,768,round_end,380.59,1,T_a02bf5e9,0,3,3,0,0,99.53,2984
5702,768,round_end,784.12,2,T_5568bd9d,1,3,1,0,0,0,2984
5703,768,round_end,783.56,6,T_a02bf5e9,1,4,3,0,0,40,2985
5704,768,round_end,403.71,1,T_a02bf5e9,0,0,0,0,0,196.45,2986
5705,769,round_end,254.62,1,T_8c03018b,1,0,0,100,83.19,0,2987
5706,769,round_end,586.38,2,T_8c03018b,1,1,1,99.99,100,0,2987
5707,769,round_end,886.83,3,T_8c03018b,2,1,2,100,85.55,0,2987
5708,769,round_end,886.83,3,T_8c03018b,2,1,2,100,85.55,0,2987
5709,769,round_end,517.89,1,T_a02bf5e9,0,3,3,0,0,0,2988
5710,769,round_end,837.46,2,T_5568bd9d,3,3,3,0,0,160.27,2988
5711,769,round_end,837.46,2,T_5568bd9d,3,3,3,0,0,160.27,2988
5712,769,round_end,246.78,1,T_a02bf5e9,0,0,0,0,0,0,2989
5713,769,round_end,665.55,2,T_5568bd9d,1,3,1,0,0,0,2989
5714,769,round_end,655.91,1,T_a02bf5e9,0,0,0,0,0,0,2990
5715,769,round_end,877.89,6,T_a02bf5e9,1,4,2,0,0,40,2993
5716,769,round_end,250.59,1,T_8c03018b,0,1,2,51.29,100,0,2994
5717,769,round_end,417.67,2,T_8c03018b,1,1,0,100,8,0,2994
5718,769,round_end,664.16,3,T_8c03018b,2,1,1,100,67.29,0,2994
5719,769,round_end,664.16,3,T_8c03018b,2,1,1,100,67.29,0,2994
5720,770,round_end,298.55,1,T_8c03018b,0,1,1,98.67,100,0,2995
5721,770,round_end,611.01,2,T_8c03018b,0,2,2,99.99,100,0,2995
5722,770,round_end,835.83,3,T_8c03018b,1,2,0,100,39.85,0,2995
5723,770,round_end,338.06,1,T_a02bf5e9,0,3,3,0,0,142.06,2996
5724,770,round_end,736.01,2,T_5568bd9d,3,3,3,0,0,82.04,2996
5725,770,round_end,911.54,6,T_a02bf5e9,1,4,4,0,0,39.99,2999
5726,770,round_end,486.84,1,T_a02bf5e9,0,2,2,0,0,0,3000
5727,770,round_end,966.58,2,T_5568bd9d,2,3,2,0,0,0,3000
5728,770,round_end,629.77,1,T_a02bf5e9,0,0,0,0,0,0,3001
5729,770,round_end,273.75,1,T_8c03018b,0,1,2,80.84,100,0,3002
5730,770,round_end,458.8,2,T_8c03018b,1,1,0,100,11.65,0,3002
5731,770,round_end,615.33,3,T_8c03018b,1,2,1,0,100,0,3002
5732,770,round_end,615.33,3,T_8c03018b,1,2,1,0,100,0,3002
5733,770,round_end,549.85,1,T_a02bf5e9,0,3,3,0,0,3.18,3003
5734,770,round_end,951.17,2,T_5568bd9d,1,3,1,0,0,0,3003
5751,772,round_end,337.6,1,T_a02bf5e9,0,3,3,0,0,142.5,3010
5752,772,round_end,602.63,2,T_5568bd9d,0,3,0,0,0,0,3010
5756,772,round_end,625.72,1,T_a02bf5e9,0,0,0,0,0,0,3012
5757,772,round_end,877.21,6,T_a02bf5e9,3,2,2,0,0,40,3013
5759,772,round_end,763.37,5,T_a02bf5e9,0,5,3,0,100,0,3015
5760,775,round_end,240.04,1,T_a02bf5e9,0,0,0,0,0,0,3016
5761,775,round_end,238.01,1,T_8c03018b,0,1,0,60.39,100,0,3017
5762,775,round_end,467.24,2,T_8c03018b,1,1,2,100,30.05,0,3017
5763,775,round_end,766.72,3,T_8c03018b,1,2,1,99.99,100,0,3017
5764,775,round_end,766.72,3,T_8c03018b,1,2,1,99.99,100,0,3017
5765,775,round_end,374.68,1,T_a02bf5e9,0,3,3,0,0,105.45,3018
5766,775,round_end,854.55,2,T_5568bd9d,2,3,2,0,0,0,3018
5767,775,round_end,437.32,1,T_a02bf5e9,0,3,3,0,0,42.89,3019
5768,775,round_end,706.73,2,T_5568bd9d,0,3,0,0,0,0,3019
5769,775,round_end,837.85,5,T_a02bf5e9,5,0,4,100,99.99,0,3020
5770,775,round_end,340.64,1,T_a02bf5e9,0,0,0,0,0,259.46,3021
5771,776,round_end,306.09,1,T_8c03018b,0,1,2,95.91,100,0,3022
5772,776,round_end,588.11,2,T_8c03018b,0,2,0,95.35,100,0,3022
5773,776,round_end,774.07,3,T_8c03018b,0,3,1,0,100,0,3022
5774,776,round_end,545.24,1,T_a02bf5e9,0,2,2,0,0,0,3024
5775,776,round_end,915.77,2,T_5568bd9d,3,3,3,0,0,109.27,3024
5776,776,round_end,915.77,2,T_5568bd9d,3,3,3,0,0,109.27,3024
5779,776,round_end,656.94,1,T_a02bf5e9,0,0,0,0,0,0,3026
5798,779,round_end,267.72,1,T_a02bf5e9,0,0,0,0,0,0,3038
5799,779,round_end,689.77,2,T_5568bd9d,3,3,3,0,0,58.04,3038
5800,779,round_end,689.77,2,T_5568bd9d,3,3,3,0,0,58.04,3038
5801,779,round_end,703.18,6,T_a02bf5e9,1,4,3,0,0,40,3039
5802,779,round_end,254.12,1,T_a02bf5e9,0,3,3,0,0,225.93,3040
5803,779,round_end,644.06,2,T_5568bd9d,1,3,1,0,0,0,3040
5804,779,round_end,600.11,1,T_a02bf5e9,0,0,0,0,0,0,3041
5805,780,round_end,328.15,1,T_8c03018b,1,0,1,100,99.99,0,3042
5806,780,round_end,618.28,2,T_8c03018b,1,1,0,95.35,100,0,3042
5807,780,round_end,914.77,3,T_8c03018b,2,1,2,100,99.99,0,3042
5808,780,round_end,914.77,3,T_8c03018b,2,1,2,100,99.99,0,3042
5809,780,round_end,396.15,1,T_3d8065a6,0,3,3,0,0,84.01,3043
5810,780,round_end,684.05,2,T_f89d2836,0,3,0,0,0,0,3043
5812,780,round_end,434.2,1,T_3d8065a6,0,3,3,0,0,45.98,3045
5813,780,round_end,846.75,2,T_f89d2836,3,3,3,0,0,67.26,3045
5814,781,round_end,263.58,1,T_8c03018b,1,0,0,100,58.93,0,3046
5815,781,round_end,440.57,2,T_8c03018b,2,0,1,100,0,0,3046
5816,781,round_end,762.38,3,T_8c03018b,2,1,2,99.99,100,0,3046
5817,781,round_end,762.38,3,T_8c03018b,2,1,2,99.99,100,0,3046
5818,781,round_end,436.23,1,T_a02bf5e9,0,1,1,0,0,0,3047
5819,781,round_end,919.38,2,T_5568bd9d,3,3,3,0,0,0,3047
5820,781,round_end,919.38,2,T_5568bd9d,3,3,3,0,0,0,3047
5821,781,round_end,502.75,1,T_a02bf5e9,0,2,2,0,0,0,3048
5822,781,round_end,901.72,2,T_5568bd9d,1,3,1,0,0,0,3048
5823,781,round_end,600.18,1,T_a02bf5e9,0,0,0,0,0,0,3049
5824,781,round_end,802.34,6,T_a02bf5e9,1,4,3,0,0,40,3050
5838,783,round_end,245.96,1,T_8c03018b,1,0,2,100,57.32,0,3057
5839,783,round_end,446.28,2,T_8c03018b,2,0,0,100,21.53,0,3057
5840,783,round_end,692.16,3,T_8c03018b,2,1,1,63.31,100,0,3057
5841,783,round_end,692.16,3,T_8c03018b,2,1,1,63.31,100,0,3057
5842,783,round_end,493,1,T_a02bf5e9,0,2,2,0,0,0,3058
5843,783,round_end,986.16,2,T_5568bd9d,3,3,3,0,0,0,3058
5844,783,round_end,986.16,2,T_5568bd9d,3,3,3,0,0,0,3058
5845,783,round_end,365.82,1,T_a02bf5e9,0,0,0,0,0,234.3,3060
5846,783,round_end,856.59,6,T_a02bf5e9,3,2,2,0,0,39.99,3061
5847,783,round_end,240.04,1,T_a02bf5e9,0,0,0,0,0,0,3062
5848,783,round_end,666.05,2,T_5568bd9d,1,3,1,0,0,0,3062
5849,784,round_end,278.1,1,T_8c03018b,1,0,2,100,80.37,0,3063
5850,784,round_end,588.27,2,T_8c03018b,1,1,0,98.02,100,0,3063
5851,784,round_end,884.51,3,T_8c03018b,1,2,1,99.99,100,0,3063
5852,784,round_end,884.51,3,T_8c03018b,1,2,1,99.99,100,0,3063
5853,784,round_end,240.04,1,T_3d8065a6,0,0,0,0,0,0,3064
5854,784,round_end,731.29,2,T_f89d2836,3,3,3,0,0,0,3064
5855,784,round_end,731.29,2,T_f89d2836,3,3,3,0,0,0,3064
5856,784,round_end,921.49,6,T_3d8065a6,4,1,1,0,0,40,3065
5857,784,round_end,416.35,1,T_3d8065a6,0,1,1,0,0,0,3066
5858,784,round_end,733.47,2,T_f89d2836,3,3,3,0,0,162.76,3066
5859,784,round_end,733.47,2,T_f89d2836,3,3,3,0,0,162.76,3066
5860,784,round_end,620.67,1,T_3d8065a6,0,0,0,0,0,0,3067
5861,785,round_end,319.06,1,T_8c03018b,1,0,0,100,99.99,0,3068
5862,785,round_end,580.31,2,T_8c03018b,1,1,1,75.71,100,0,3068
5863,785,round_end,755.38,3,T_8c03018b,1,2,2,8.91,100,0,3068
5864,785,round_end,755.38,3,T_8c03018b,1,2,2,8.91,100,0,3068
5865,785,round_end,413.06,1,T_e731d6dd,0,1,1,0,0,0,3069
5866,785,round_end,802.58,2,T_f89d2836,3,3,3,0,0,90.39,3069
5867,785,round_end,802.58,2,T_f89d2836,3,3,3,0,0,90.39,3069
5868,785,round_end,485.17,1,T_e731d6dd,0,2,2,0,0,0,3070
5869,785,round_end,899.79,2,T_f89d2836,1,3,1,0,0,0,3070
5870,785,round_end,726.49,6,T_e731d6dd,2,3,0,0,0,40,3071
5875,786,round_end,304.92,1,T_8c03018b,0,1,2,84.83,100,0,3074
5876,786,round_end,522.65,2,T_8c03018b,0,2,1,0,100,0,3074
5877,786,round_end,897.76,3,T_8c03018b,1,2,0,100,99.99,0,3074
5878,786,round_end,897.76,3,T_8c03018b,1,2,0,100,99.99,0,3074
5879,786,round_end,396.25,1,T_a02bf5e9,0,1,1,0,0,0,3075
5880,786,round_end,790.75,2,T_5568bd9d,3,3,3,0,0,85.45,3075
5881,786,round_end,790.75,2,T_5568bd9d,3,3,3,0,0,85.45,3075
5882,786,round_end,959.85,6,T_a02bf5e9,4,1,4,0,0,40,3076
5883,786,round_end,245.87,1,T_a02bf5e9,0,0,0,0,0,0,3077
5884,786,round_end,658.94,2,T_5568bd9d,3,3,3,0,0,66.97,3077
5885,786,round_end,658.94,2,T_5568bd9d,3,3,3,0,0,66.97,3077
5886,786,round_end,644.17,1,T_a02bf5e9,0,0,0,0,0,0,3078
5887,786,round_end,212.67,1,T_8c03018b,1,0,1,100,18.07,0,3079
5888,786,round_end,587.06,2,T_8c03018b,2,0,0,100,90.38,0,3079
5889,786,round_end,746.2,3,T_8c03018b,3,0,2,100,0,0,3079
5890,785,round_end,615.02,1,T_e731d6dd,0,0,0,0,0,0,3080
5891,785,round_end,295.06,1,T_8c03018b,1,0,0,100,99.99,0,3081
5892,785,round_end,610.51,2,T_8c03018b,1,1,1,99.99,100,0,3081
5893,785,round_end,944.6,3,T_8c03018b,1,2,2,96.71,100,0,3081
5894,785,round_end,944.6,3,T_8c03018b,1,2,2,96.71,100,0,3081
5895,787,round_end,257.69,1,T_8c03018b,1,0,2,100,80.27,0,3082
5896,787,round_end,434.29,2,T_8c03018b,1,1,1,0,100,0,3082
5897,787,round_end,614.05,3,T_8c03018b,1,2,0,9.01,100,0,3082
5898,787,round_end,614.05,3,T_8c03018b,1,2,0,9.01,100,0,3082
5899,789,round_end,485.23,1,T_a02bf5e9,0,2,2,0,0,0,3084
5900,789,round_end,816.73,2,T_5568bd9d,3,3,3,0,0,148.36,3084
5901,789,round_end,816.73,2,T_5568bd9d,3,3,3,0,0,148.36,3084
5902,789,round_end,227.23,1,T_8c03018b,1,0,0,100,45.31,0,3085
5903,789,round_end,383.02,2,T_8c03018b,1,1,1,0,100,0,3085
5904,789,round_end,642.24,3,T_8c03018b,2,1,2,100,76.19,0,3085
5905,789,round_end,642.24,3,T_8c03018b,2,1,2,100,76.19,0,3085
5906,789,round_end,782.07,6,T_a02bf5e9,4,1,3,0,0,40,3086
5907,789,round_end,456.48,1,T_a02bf5e9,0,3,3,0,0,23.74,3087
5908,789,round_end,722.47,2,T_5568bd9d,0,3,0,0,0,0,3087
5909,789,round_end,603.22,1,T_a02bf5e9,0,0,0,0,0,0,3088
5910,789,round_end,206.81,1,T_8c03018b,0,1,2,27.8,100,0,3089
5911,789,round_end,471.75,2,T_8c03018b,0,2,0,83.55,100,0,3089
5912,789,round_end,708.16,3,T_8c03018b,1,2,1,100,55.92,0,3089
5913,789,round_end,708.16,3,T_8c03018b,1,2,1,100,55.92,0,3089
5914,790,round_end,186.9,1,T_8c03018b,0,1,2,0,100,0,3090
5915,790,round_end,495.69,2,T_8c03018b,0,2,0,99.99,100,0,3090
5916,790,round_end,827.69,3,T_8c03018b,0,3,1,99.99,100,0,3090
5917,790,round_end,366.28,1,T_bbd123ed,0,3,3,0,0,113.8,3091
5918,790,round_end,756.11,2,T_f89d2836,1,3,1,0,0,0,3091
5919,790,round_end,624.44,1,T_bbd123ed,0,0,0,0,0,0,3092
5931,791,round_end,390.18,1,T_13c50314,0,1,1,0,0,0,3097
5932,791,round_end,685.71,2,T_f89d2836,3,3,3,0,0,184.37,3097
5933,791,round_end,685.71,2,T_f89d2836,3,3,3,0,0,184.37,3097
5934,791,round_end,600.22,1,T_13c50314,0,0,0,0,0,0,3098
5935,791,round_end,240.04,1,T_13c50314,0,0,0,0,0,0,3099
5936,791,round_end,505.98,2,T_f89d2836,3,3,3,0,0,214.3,3099
5937,791,round_end,505.98,2,T_f89d2836,3,3,3,0,0,214.3,3099
5938,791,round_end,803.95,6,T_13c50314,4,1,1,0,0,40,3100
5939,792,round_end,208.43,1,T_8c03018b,1,0,0,100,32.15,0,3101
5940,792,round_end,515.65,2,T_8c03018b,2,0,2,100,99.99,0,3101
5941,792,round_end,785.29,3,T_8c03018b,3,0,1,100,73.73,0,3101
5942,792,round_end,404.82,1,T_88fa9b2f,0,1,1,0,0,0,3102
5943,792,round_end,707.4,2,T_f89d2836,3,3,3,0,0,177.34,3102
5944,792,round_end,707.4,2,T_f89d2836,3,3,3,0,0,177.34,3102
5945,792,round_end,646.6,1,T_88fa9b2f,0,0,0,0,0,0,3103
5946,792,round_end,518.76,1,T_88fa9b2f,0,3,3,0,0,0,3104
5947,792,round_end,1016.26,2,T_f89d2836,2,3,2,0,0,0,3104
5948,792,round_end,808.73,6,T_88fa9b2f,4,1,3,0,0,40,3105
5949,793,round_end,162.95,1,T_8c03018b,0,1,0,0,100,0,3106
5950,793,round_end,431.03,2,T_8c03018b,0,2,2,84.21,100,0,3106
5951,793,round_end,768.51,3,T_8c03018b,0,3,1,99.99,100,0,3106
5953,793,round_end,600.19,1,T_a02bf5e9,0,0,0,0,0,0,3108
5957,793,round_end,265.69,1,T_a02bf5e9,0,0,0,0,0,0,3110
5958,793,round_end,759.84,2,T_5568bd9d,2,3,2,0,0,0,3110
5959,793,round_end,180.46,1,T_8c03018b,1,0,2,100,0,0,3111
5960,793,round_end,438.06,2,T_8c03018b,2,0,0,100,39.01,0,3111
5961,793,round_end,761.31,3,T_8c03018b,2,1,1,99.99,100,0,3111
5962,793,round_end,761.31,3,T_8c03018b,2,1,1,99.99,100,0,3111
5963,794,round_end,195.85,1,T_8c03018b,1,0,0,100,33.55,0,3112
5964,794,round_end,366.04,2,T_8c03018b,2,0,2,100,0,0,3112
5965,794,round_end,654.25,3,T_8c03018b,3,0,1,100,99.99,0,3112
5966,794,round_end,425.46,1,T_74aef977,0,1,1,0,0,0,3113
5967,794,round_end,737.13,2,T_f89d2836,3,3,3,0,0,168.23,3113
5968,794,round_end,737.13,2,T_f89d2836,3,3,3,0,0,168.23,3113
5969,794,round_end,240.04,1,T_74aef977,0,0,0,0,0,0,3114
5970,794,round_end,743.92,2,T_f89d2836,2,3,2,0,0,0,3114
5972,794,round_end,620.79,5,T_74aef977,5,0,3,100,22.4,0,3116
5973,794,round_end,245.4,1,T_74aef977,0,0,0,0,0,0,3117
5974,794,round_end,550.41,2,T_f89d2836,3,3,3,0,0,175.22,3117
5975,794,round_end,550.41,2,T_f89d2836,3,3,3,0,0,175.22,3117
5976,795,round_end,639.77,1,T_a02bf5e9,0,0,0,0,0,0,3118
5977,795,round_end,807.93,5,T_a02bf5e9,5,0,4,100,62.12,0,3119
5978,795,round_end,536.48,1,T_a02bf5e9,0,2,2,0,0,0,3120
5979,795,round_end,1024.05,2,T_5568bd9d,2,3,2,0,0,0,3120
5980,795,round_end,480.18,1,T_a02bf5e9,0,2,2,0,0,0,3121
5981,795,round_end,815.53,2,T_5568bd9d,3,3,3,0,0,144.47,3121
5982,795,round_end,815.53,2,T_5568bd9d,3,3,3,0,0,144.47,3121
5983,795,round_end,158.95,1,T_8c03018b,1,0,0,100,0,0,3122
5984,795,round_end,404.49,2,T_8c03018b,2,0,2,100,72.32,0,3122
5985,795,round_end,628.2,3,T_8c03018b,3,0,1,100,16.41,0,3122
5999,228,round_end,103.79,1,T_a02bf5e9,0,0,0,0,0,496.21,3128
6000,228,round_end,91.05,1,T_a02bf5e9,0,0,0,0,0,388.95,3129
6001,228,round_end,91.05,1,T_a02bf5e9,0,0,0,0,0,388.95,3130
6002,228,round_end,78.7,1,T_a02bf5e9,0,0,0,0,0,521.3,3131
6003,228,round_end,224.88,1,T_a02bf5e9,0,0,0,0,0,375.15,3132
6004,776,round_end,886.99,6,T_a02bf5e9,3,2,4,0,0,40,3133
6005,797,round_end,228.67,1,T_8c03018b,0,1,1,59.01,100,0,3134
6006,797,round_end,444.53,2,T_8c03018b,0,2,0,39.25,100,0,3134
6007,797,round_end,725.48,3,T_8c03018b,0,3,2,88.24,100,0,3134
6008,797,round_end,298.64,1,T_a02bf5e9,0,0,0,0,0,0,3135
6009,797,round_end,701.19,2,T_5568bd9d,3,3,3,0,0,77.56,3135
6010,797,round_end,701.19,2,T_5568bd9d,3,3,3,0,0,77.56,3135
6011,797,round_end,515.11,1,T_a02bf5e9,0,2,2,0,0,0,3136
6012,797,round_end,1009.64,2,T_5568bd9d,2,3,2,0,0,0,3136
6013,797,round_end,620.71,1,T_a02bf5e9,0,0,0,0,0,0,3137
6014,797,round_end,767.5,6,T_a02bf5e9,3,2,2,0,0,40,3139
6015,797,round_end,182.99,1,T_8c03018b,0,1,1,0,100,0,3140
6016,797,round_end,466.97,2,T_8c03018b,1,1,2,100,84.63,0,3140
6017,797,round_end,662.83,3,T_8c03018b,2,1,0,100,7.51,0,3140
6018,797,round_end,662.83,3,T_8c03018b,2,1,0,100,7.51,0,3140
6019,798,round_end,334.89,1,T_8c03018b,0,1,0,97.62,100,0,3141
6020,798,round_end,615.88,2,T_8c03018b,1,1,2,100,99.99,0,3141
6021,798,round_end,924.97,3,T_8c03018b,2,1,1,100,99.99,0,3141
6022,798,round_end,924.97,3,T_8c03018b,2,1,1,100,99.99,0,3141
6043,800,round_end,785.15,6,T_6972b587,3,2,1,0,0,40,3150
6044,800,round_end,616.77,1,T_6972b587,0,0,0,0,0,0,3151
6045,800,round_end,398.83,1,T_6972b587,0,3,3,0,0,81.34,3152
6046,800,round_end,672.06,2,T_0cac1da9,0,3,0,0,0,0,3152
6047,800,round_end,271.96,1,T_8c03018b,0,1,2,57.44,100,0,3153
6048,800,round_end,602.44,2,T_8c03018b,1,1,1,100,99.99,0,3153
6049,800,round_end,774.93,3,T_8c03018b,1,2,0,0,100,0,3153
6050,800,round_end,774.93,3,T_8c03018b,1,2,0,0,100,0,3153
6062,801,round_end,656.99,1,T_60499986,0,0,0,0,0,0,3160
6063,801,round_end,294.2,1,T_8c03018b,0,1,2,99.99,100,0,3161
6064,801,round_end,593.2,2,T_8c03018b,1,1,1,100,98.24,0,3161
6065,801,round_end,780.65,3,T_8c03018b,2,1,0,100,0,0,3161
6066,801,round_end,780.65,3,T_8c03018b,2,1,0,100,0,0,3161
6067,806,round_end,248.15,1,T_8c03018b,1,0,2,100,56.69,0,3165
6068,806,round_end,524.48,2,T_8c03018b,1,1,0,78.53,100,0,3165
6069,806,round_end,683.13,3,T_8c03018b,2,1,1,100,0,0,3165
6070,806,round_end,683.13,3,T_8c03018b,2,1,1,100,0,0,3165
6071,806,round_end,430.07,1,T_aefb449f,0,1,1,0,0,0,3166
6072,806,round_end,878.31,2,T_41345007,3,3,3,0,0,31.54,3166
6073,806,round_end,878.31,2,T_41345007,3,3,3,0,0,31.54,3166
6074,806,round_end,734.03,6,T_aefb449f,3,2,3,0,0,40,3167
6076,806,round_end,305.97,1,T_aefb449f,0,3,3,0,0,174.12,3169
6077,806,round_end,646.74,2,T_41345007,3,3,3,0,0,139.32,3169
6078,806,round_end,646.74,2,T_41345007,3,3,3,0,0,139.32,3169
6079,806,round_end,294.72,1,T_8c03018b,1,0,1,100,86.08,0,3170
6080,806,round_end,555.8,2,T_8c03018b,1,1,2,85.96,100,0,3170
6081,806,round_end,713.54,3,T_8c03018b,2,1,0,100,0,0,3170
6082,806,round_end,713.54,3,T_8c03018b,2,1,0,100,0,0,3170
6083,806,round_end,229.91,1,T_aefb449f,0,3,3,0,0,250.14,3171
6084,806,round_end,639.94,2,T_41345007,1,3,1,0,0,0,3171
6085,807,round_end,285.96,1,T_8c03018b,0,1,0,99.99,100,0,3172
6086,807,round_end,555.34,2,T_8c03018b,1,1,2,100,91.19,0,3172
6087,807,round_end,973.44,3,T_8c03018b,1,2,1,99.99,100,0,3172
6088,807,round_end,973.44,3,T_8c03018b,1,2,1,99.99,100,0,3172
6089,807,round_end,240.04,1,T_d0d58b2d,0,0,0,0,0,0,3173
6090,807,round_end,527.01,2,T_0cac1da9,3,3,3,0,0,193.14,3173
6091,807,round_end,527.01,2,T_0cac1da9,3,3,3,0,0,193.14,3173
6092,807,round_end,805.4,6,T_d0d58b2d,4,1,4,0,0,40,3174
6093,807,round_end,673.88,1,T_d0d58b2d,0,0,0,0,0,0,3175
6097,807,round_end,213.13,1,T_8c03018b,1,0,0,100,45.91,0,3177
6098,807,round_end,404.9,2,T_8c03018b,2,0,2,100,27.19,0,3177
6099,807,round_end,612.01,3,T_8c03018b,3,0,1,100,34.25,0,3177
6100,808,round_end,301.37,1,T_8c03018b,0,1,1,99.99,100,0,3178
6101,808,round_end,506.7,2,T_8c03018b,1,1,0,100,0,0,3178
6102,808,round_end,718.41,3,T_8c03018b,1,2,2,35.23,100,0,3178
6103,808,round_end,718.41,3,T_8c03018b,1,2,2,35.23,100,0,3178
6111,808,round_end,730.21,6,T_7e4eb8f8,3,2,2,0,0,40,3181
6112,808,round_end,629.85,1,T_7e4eb8f8,0,0,0,0,0,0,3182
6116,808,round_end,279.78,1,T_8c03018b,0,1,2,79.71,100,0,3184
6117,808,round_end,438.7,2,T_8c03018b,1,1,1,100,0,0,3184
6118,808,round_end,729.09,3,T_8c03018b,1,2,0,66.33,100,0,3184
6119,808,round_end,729.09,3,T_8c03018b,1,2,0,66.33,100,0,3184
6120,809,round_end,180.24,1,T_8c03018b,1,0,1,100,0,0,3185
6121,809,round_end,442.58,2,T_8c03018b,1,1,2,90.27,100,0,3185
6122,809,round_end,654.52,3,T_8c03018b,2,1,0,100,35.35,0,3185
6123,809,round_end,654.52,3,T_8c03018b,2,1,0,100,35.35,0,3185
6124,809,round_end,503.01,1,T_118b16fa,0,2,2,0,0,0,3186
6125,809,round_end,915.62,2,T_0cac1da9,3,3,3,0,0,67.18,3186
6126,809,round_end,915.62,2,T_0cac1da9,3,3,3,0,0,67.18,3186
6127,809,round_end,741.14,6,T_118b16fa,3,2,4,0,0,40,3187
6128,809,round_end,677.86,1,T_118b16fa,0,0,0,0,0,0,3188
6129,809,round_end,310.66,1,T_118b16fa,0,0,0,0,0,0,3189
6130,809,round_end,580.55,2,T_0cac1da9,3,3,3,0,0,210.27,3189
6131,809,round_end,580.55,2,T_0cac1da9,3,3,3,0,0,210.27,3189
6132,809,round_end,178.03,1,T_8c03018b,1,0,0,100,0,0,3190
6133,809,round_end,448.9,2,T_8c03018b,1,1,1,80.45,100,0,3190
6134,809,round_end,721.3,3,T_8c03018b,2,1,2,100,80.89,0,3190
6135,809,round_end,721.3,3,T_8c03018b,2,1,2,100,80.89,0,3190
6136,810,round_end,434.15,1,T_6f1da461,0,3,3,0,0,46.06,3191
6137,810,round_end,938.92,2,T_0c568a57,2,3,2,0,0,0,3191
6138,810,round_end,434.15,1,T_6f1da461,0,3,3,0,0,46.06,3192
6139,810,round_end,938.92,2,T_0c568a57,2,3,2,0,0,0,3192
6140,810,round_end,434.15,1,T_6f1da461,0,3,3,0,0,46.06,3193
6141,810,round_end,938.92,2,T_0c568a57,2,3,2,0,0,0,3193
6142,810,round_end,434.15,1,T_6f1da461,0,3,3,0,0,46.06,3195
6143,810,round_end,938.92,2,T_0c568a57,2,3,2,0,0,0,3195
6144,810,round_end,434.15,1,T_6f1da461,0,3,3,0,0,46.06,3197
6145,810,round_end,938.92,2,T_0c568a57,2,3,2,0,0,0,3197
6146,812,round_end,430.29,1,T_a02bf5e9,0,1,1,0,0,0,3198
6147,812,round_end,920.47,2,T_5568bd9d,2,3,2,0,0,0,3198
6150,811,round_end,600.19,1,T_a02bf5e9,0,0,0,0,0,0,3200
6151,811,round_end,495.77,1,T_a02bf5e9,0,2,2,0,0,0,3201
6152,811,round_end,992.74,2,T_5568bd9d,2,3,2,0,0,0,3201
6153,811,round_end,785.66,5,T_a02bf5e9,5,0,2,100,0,0,3202
6154,811,round_end,512.35,1,T_a02bf5e9,0,2,2,0,0,0,3203
6155,811,round_end,1039.04,2,T_5568bd9d,3,3,3,0,0,0,3203
6156,811,round_end,1039.04,2,T_5568bd9d,3,3,3,0,0,0,3203
6157,811,round_end,328.06,1,T_8c03018b,1,0,0,100,99.99,0,3204
6158,811,round_end,693.63,2,T_8c03018b,2,0,2,100,99.99,0,3204
6159,811,round_end,987.11,3,T_8c03018b,3,0,1,100,96.64,0,3204
6160,813,round_end,237.54,1,T_8c03018b,1,0,1,100,41.01,0,3205
6161,813,round_end,493.45,2,T_8c03018b,1,1,0,56.56,100,0,3205
6162,813,round_end,799.89,3,T_8c03018b,1,2,2,99.99,100,0,3205
6163,813,round_end,799.89,3,T_8c03018b,1,2,2,99.99,100,0,3205
6164,813,round_end,480.22,1,T_a02bf5e9,0,2,2,0,0,0,3206
6165,813,round_end,967.11,2,T_5568bd9d,2,3,2,0,0,0,3206
6166,813,round_end,440.98,1,T_a02bf5e9,0,3,3,0,0,39.16,3207
6167,813,round_end,960.83,2,T_5568bd9d,2,3,2,0,0,0,3207
6168,813,round_end,670.23,1,T_a02bf5e9,0,0,0,0,0,0,3208
6169,813,round_end,824.83,6,T_a02bf5e9,4,1,4,0,0,40,3209
6170,813,round_end,221.01,1,T_8c03018b,1,0,2,100,47.16,0,3210
6171,813,round_end,498.69,2,T_8c03018b,2,0,1,100,62.29,0,3210
6172,813,round_end,711.97,3,T_8c03018b,3,0,0,100,20.71,0,3210
6173,815,round_end,215.6,1,T_8c03018b,1,0,2,100,26.52,0,3211
6174,815,round_end,388.35,2,T_8c03018b,2,0,1,100,10.2,0,3211
6175,815,round_end,585.16,3,T_8c03018b,3,0,0,100,0,0,3211
6179,815,round_end,480.22,1,T_a02bf5e9,0,2,2,0,0,0,3213
6180,815,round_end,978.36,2,T_5568bd9d,2,3,2,0,0,0,3213
6181,815,round_end,714.23,5,T_a02bf5e9,0,5,3,53.55,100,0,3214
6182,815,round_end,665.78,1,T_a02bf5e9,0,0,0,0,0,0,3215
6183,815,round_end,338.97,1,T_8c03018b,1,0,0,100,90.79,0,3216
6184,815,round_end,500.84,2,T_8c03018b,2,0,2,100,0,0,3216
6185,815,round_end,717.23,3,T_8c03018b,2,1,1,0,100,0,3216
6186,815,round_end,717.23,3,T_8c03018b,2,1,1,0,100,0,3216
6187,816,round_end,169.02,1,T_8c03018b,0,1,1,0,100,0,3217
6188,816,round_end,448.73,2,T_8c03018b,0,2,0,88.46,100,0,3217
6189,816,round_end,780.85,3,T_8c03018b,1,2,2,100,94.44,0,3217
6190,816,round_end,780.85,3,T_8c03018b,1,2,2,100,94.44,0,3217
6191,816,round_end,416.26,1,T_f6bda5c7,0,1,1,0,0,0,3218
6192,816,round_end,963.97,2,T_f89d2836,3,3,3,0,0,0,3218
6193,816,round_end,625.4,1,T_f6bda5c7,0,0,0,0,0,0,3219
6194,816,round_end,466.76,1,T_f6bda5c7,0,3,3,0,0,13.45,3220
6195,816,round_end,951.69,2,T_f89d2836,2,3,2,0,0,0,3220
6196,816,round_end,893.72,6,T_f6bda5c7,3,2,0,0,0,40,3221
6197,817,round_end,311.68,1,T_8c03018b,1,0,2,100,99.99,0,3222
6198,817,round_end,557.64,2,T_8c03018b,1,1,0,70.81,100,0,3222
6199,817,round_end,865.22,3,T_8c03018b,2,1,1,100,98.62,0,3222
6200,817,round_end,865.22,3,T_8c03018b,2,1,1,100,98.62,0,3222
6201,817,round_end,490.58,1,T_670ede79,0,2,2,0,0,0,3223
6202,817,round_end,730.47,2,T_f89d2836,0,3,0,0,0,0,3223
6203,817,round_end,600.14,1,T_670ede79,0,0,0,0,0,0,3224
6207,817,round_end,316.3,1,T_8c03018b,0,1,0,99.99,100,0,3229
6208,817,round_end,635.6,2,T_8c03018b,0,2,1,99.99,100,0,3229
6209,817,round_end,826.46,3,T_8c03018b,1,2,2,100,13.35,0,3229
6210,817,round_end,826.46,3,T_8c03018b,1,2,2,100,13.35,0,3229
6211,818,round_end,311.4,1,T_8c03018b,1,0,2,100,99.99,0,3230
6212,818,round_end,645.66,2,T_8c03018b,2,0,0,100,99.99,0,3230
6213,818,round_end,953.25,3,T_8c03018b,3,0,1,100,99.99,0,3230
6214,818,round_end,414.61,1,T_a02bf5e9,0,3,3,0,0,65.56,3231
6215,818,round_end,909.59,2,T_5568bd9d,3,3,3,0,0,0,3231
6216,818,round_end,909.59,2,T_5568bd9d,3,3,3,0,0,0,3231
6217,818,round_end,486.51,1,T_a02bf5e9,0,2,2,0,0,0,3232
6218,818,round_end,982.95,2,T_5568bd9d,2,3,2,0,0,0,3232
6219,818,round_end,631.4,1,T_a02bf5e9,0,0,0,0,0,0,3233
6220,818,round_end,847.07,6,T_a02bf5e9,3,2,3,0,0,40,3234
6221,818,round_end,294.52,1,T_8c03018b,0,1,1,98.96,100,0,3238
6222,818,round_end,606.15,2,T_8c03018b,0,2,2,99.99,100,0,3238
6223,818,round_end,844.69,3,T_8c03018b,1,2,0,100,64.93,0,3238
6224,818,round_end,844.69,3,T_8c03018b,1,2,0,100,64.93,0,3238
6230,819,round_end,229.14,1,T_8c03018b,1,0,1,100,42.83,0,3241
6231,819,round_end,427.92,2,T_8c03018b,2,0,0,100,0,0,3241
6232,819,round_end,660.57,3,T_8c03018b,3,0,2,100,51.15,0,3241
6233,819,round_end,526.61,1,T_a02bf5e9,0,2,2,0,0,0,3242
6234,819,round_end,810.51,2,T_5568bd9d,0,3,0,0,0,0,3242
6235,819,round_end,390.21,1,T_a02bf5e9,0,1,1,0,0,0,3243
6236,819,round_end,806.83,2,T_5568bd9d,1,3,1,0,0,0,3243
6237,819,round_end,623.38,1,T_a02bf5e9,0,0,0,0,0,0,3244
6238,819,round_end,1075.63,6,T_a02bf5e9,2,3,4,0,0,40,3245
6251,820,round_end,431.82,1,T_a02bf5e9,0,3,3,0,0,48.39,3249
6252,820,round_end,676.8,2,T_5568bd9d,0,3,0,0,0,0,3249
6253,820,round_end,255.97,1,T_a02bf5e9,0,0,0,0,0,0,3250
6254,820,round_end,688.22,2,T_5568bd9d,1,3,1,0,0,0,3250
6255,820,round_end,781.55,6,T_a02bf5e9,1,4,1,0,0,40,3251
6256,820,round_end,488.47,1,T_a02bf5e9,0,0,0,0,0,111.74,3252
6257,820,round_end,636.3,1,T_a02bf5e9,0,0,1,4,5,0,3253
6258,821,round_end,238.45,1,T_8c03018b,0,1,1,33.77,100,0,3254
6259,821,round_end,462.36,2,T_8c03018b,0,2,2,31.77,100,0,3254
6260,821,round_end,676.22,3,T_8c03018b,0,3,0,39.99,100,0,3254
6261,822,round_end,169.64,1,T_8c03018b,1,0,2,100,9.69,0,3257
6262,822,round_end,428.65,2,T_8c03018b,2,0,0,100,79.17,0,3257
6263,822,round_end,714.92,3,T_8c03018b,3,0,1,100,92.52,0,3257
6266,822,round_end,495.9,1,T_a02bf5e9,0,3,3,0,0,0,3259
6267,822,round_end,907.11,2,T_5568bd9d,3,3,3,0,0,68.58,3259
6268,822,round_end,907.11,2,T_5568bd9d,3,3,3,0,0,68.58,3259
6269,822,round_end,250.84,1,T_a02bf5e9,0,3,3,0,0,229.21,3260
6270,822,round_end,654.08,2,T_5568bd9d,1,3,1,0,0,0,3260
6271,822,round_end,438.14,1,T_a02bf5e9,0,0,0,0,0,162.07,3261
6272,822,round_end,816.86,6,T_a02bf5e9,4,1,0,0,0,40,3262
6273,822,round_end,454.68,1,T_a02bf5e9,0,0,1,4,5,0,3263
6274,823,round_end,321.89,1,T_8c03018b,0,1,1,99.99,100,0,3264
6275,823,round_end,540.46,2,T_8c03018b,1,1,2,100,31.8,0,3264
6276,823,round_end,755.26,3,T_8c03018b,2,1,0,100,29.28,0,3264
6277,823,round_end,755.26,3,T_8c03018b,2,1,0,100,29.28,0,3264
6278,823,round_end,512.64,1,T_df89caee,0,2,2,0,0,0,3265
6279,823,round_end,1014.27,2,T_f89d2836,3,3,3,0,0,0,3265
6280,823,round_end,551.61,1,T_df89caee,0,0,0,0,0,48.58,3266
6281,823,round_end,846.82,6,T_df89caee,1,4,2,0,0,40,3267
6282,823,round_end,496.82,1,T_df89caee,0,2,2,0,0,0,3268
6283,823,round_end,976.58,2,T_f89d2836,2,3,2,0,0,0,3268
6284,824,round_end,223.63,1,T_8c03018b,1,0,0,100,13.36,0,3269
6285,824,round_end,433.84,2,T_8c03018b,2,0,1,100,19.21,0,3269
6286,824,round_end,647.17,3,T_8c03018b,3,0,2,100,31.19,0,3269
6287,824,round_end,279.44,1,T_0870238b,0,0,0,0,0,0,3270
6288,824,round_end,644.75,2,T_ce85a3e2,3,3,3,0,0,114.79,3270
6289,824,round_end,644.75,2,T_ce85a3e2,3,3,3,0,0,114.79,3270
6290,824,round_end,851.97,6,T_0870238b,3,2,2,0,0,40,3271
6291,824,round_end,410.9,1,T_0870238b,0,1,1,0,0,0,3272
6292,824,round_end,777.42,2,T_ce85a3e2,3,3,3,0,0,113.32,3272
6293,824,round_end,777.42,2,T_ce85a3e2,3,3,3,0,0,113.32,3272
6294,824,round_end,711.57,1,T_0870238b,0,0,0,0,0,0,3273
6295,824,round_end,474.66,1,T_0870238b,0,0,4,5,3,0,3274
6296,825,round_end,260.72,1,T_8c03018b,1,0,2,100,87.41,0,3275
6297,825,round_end,430.16,2,T_8c03018b,1,1,1,0,100,0,3275
6298,825,round_end,726.23,3,T_8c03018b,2,1,0,100,94.84,0,3275
6299,825,round_end,726.23,3,T_8c03018b,2,1,0,100,94.84,0,3275
6300,825,round_end,270.14,1,T_3eeab546,0,0,0,0,0,0,3276
6301,825,round_end,672.33,2,T_5a16ee7f,3,3,3,0,0,77.81,3276
6302,825,round_end,672.33,2,T_5a16ee7f,3,3,3,0,0,77.81,3276
6303,825,round_end,917.6,6,T_3eeab546,1,4,3,0,0,40,3277
6304,825,round_end,318.71,1,T_3eeab546,0,3,3,0,0,161.38,3278
6305,825,round_end,784.57,2,T_5a16ee7f,3,3,3,0,0,14.06,3278
6311,826,round_end,523.71,1,T_a02bf5e9,0,2,2,0,0,0,3283
6312,826,round_end,1023.35,2,T_5568bd9d,2,3,2,0,0,0,3283
6313,826,round_end,418.2,1,T_a02bf5e9,0,3,3,0,0,61.96,3284
6314,826,round_end,937.65,2,T_5568bd9d,2,3,2,0,0,0,3284
6315,826,round_end,451.53,1,T_a02bf5e9,0,0,0,0,0,148.65,3286
6316,826,round_end,936.57,6,T_a02bf5e9,2,3,4,0,0,40,3287
6317,826,round_end,329.14,1,T_8c03018b,0,1,2,99.99,100,0,3288
6318,826,round_end,495.32,2,T_8c03018b,1,1,0,100,0,0,3288
6319,826,round_end,824.73,3,T_8c03018b,2,1,1,100,99.99,0,3288
6320,826,round_end,824.73,3,T_8c03018b,2,1,1,100,99.99,0,3288
6332,828,round_end,274.93,1,T_a02bf5e9,0,3,3,0,0,205.14,3296
6333,828,round_end,796.52,2,T_5568bd9d,2,3,2,0,0,0,3296
6334,828,round_end,268.04,1,T_8c03018b,0,1,0,62.83,100,0,3298
6335,828,round_end,440.78,2,T_8c03018b,0,2,1,0,100,0,3298
6336,828,round_end,604.53,3,T_8c03018b,0,3,2,0,100,0,3298
6337,828,round_end,464.95,1,T_a02bf5e9,0,3,3,0,0,15.22,3300
6338,828,round_end,1050.05,2,T_5568bd9d,3,3,3,0,0,0,3300
6339,828,round_end,1050.05,2,T_5568bd9d,3,3,3,0,0,0,3300
6340,828,round_end,345.48,1,T_8c03018b,0,1,1,99.99,100,0,3302
6341,828,round_end,588.3,2,T_8c03018b,1,1,2,100,40.91,0,3302
6342,828,round_end,838.16,3,T_8c03018b,2,1,0,100,60.48,0,3302
6343,828,round_end,838.16,3,T_8c03018b,2,1,0,100,60.48,0,3302
6344,828,round_end,494.37,1,T_a02bf5e9,0,3,3,0,0,0,3303
6345,828,round_end,755.76,2,T_5568bd9d,0,3,0,0,0,0,3303
6352,830,round_end,320.85,1,T_8c03018b,1,0,0,100,99.99,0,3306
6353,830,round_end,668.45,2,T_8c03018b,2,0,1,100,99.99,0,3306
6354,830,round_end,974.77,3,T_8c03018b,3,0,2,100,99.99,0,3306
6358,830,round_end,780.64,6,T_a02bf5e9,2,3,1,0,0,40,3309
6359,830,round_end,240.04,1,T_a02bf5e9,0,0,0,0,0,0,3310
6360,830,round_end,639.96,2,T_5568bd9d,3,3,3,0,0,80.15,3310
6361,830,round_end,639.96,2,T_5568bd9d,3,3,3,0,0,80.15,3310
6362,830,round_end,694.82,1,T_a02bf5e9,0,0,0,0,0,0,3311
6364,831,round_end,618.17,1,T_a02bf5e9,0,0,3,5,4,0,3315
6365,831,round_end,620.3,1,T_a02bf5e9,0,0,0,0,0,0,3316
6366,831,round_end,843.34,6,T_a02bf5e9,3,2,3,0,0,40,3317
6367,831,round_end,413.36,1,T_a02bf5e9,0,1,1,0,0,0,3318
6368,831,round_end,825.6,2,T_5568bd9d,1,3,1,0,0,0,3318
6369,831,round_end,536.16,1,T_a02bf5e9,0,3,3,0,0,0,3319
6370,831,round_end,1105.07,2,T_5568bd9d,2,3,2,0,0,0,3319
6374,831,round_end,309.89,1,T_8c03018b,1,0,0,100,99.99,0,3321
6375,831,round_end,526.17,2,T_8c03018b,2,0,1,100,42.76,0,3321
6376,831,round_end,838.41,3,T_8c03018b,3,0,2,100,97.5,0,3321
6377,832,round_end,480.13,1,T_a02bf5e9,0,2,2,0,0,0,3322
6378,832,round_end,819.49,2,T_5568bd9d,3,3,3,0,0,140.47,3322
6379,832,round_end,819.49,2,T_5568bd9d,3,3,3,0,0,140.47,3322
6380,832,round_end,600.15,1,T_a02bf5e9,0,0,0,0,0,0,3323
6381,832,round_end,237.88,1,T_8c03018b,0,1,2,57.21,100,0,3324
6382,832,round_end,498.19,2,T_8c03018b,0,2,0,69.89,100,0,3324
6383,832,round_end,770.86,3,T_8c03018b,0,3,1,62.96,100,0,3324
6390,833,round_end,196.1,1,T_8c03018b,1,0,0,100,16.51,0,3328
6391,833,round_end,370.91,2,T_8c03018b,1,1,2,14.07,100,0,3328
6392,833,round_end,619.99,3,T_8c03018b,2,1,1,100,54,0,3328
6393,833,round_end,619.99,3,T_8c03018b,2,1,1,100,54,0,3328
6394,833,round_end,378.49,1,T_a02bf5e9,0,3,3,0,0,101.66,3329
6395,833,round_end,864.33,2,T_5568bd9d,3,3,3,0,0,0,3329
6396,833,round_end,864.33,2,T_5568bd9d,3,3,3,0,0,0,3329
6397,833,round_end,395.71,1,T_a02bf5e9,0,3,3,0,0,84.44,3330
6398,833,round_end,892.49,2,T_5568bd9d,3,3,3,0,0,0,3330
6399,833,round_end,892.49,2,T_5568bd9d,3,3,3,0,0,0,3330
6400,833,round_end,565.44,1,T_a02bf5e9,0,0,0,0,0,34.79,3331
6401,833,round_end,508.81,1,T_a02bf5e9,0,2,2,0,0,0,3333
6402,833,round_end,995.39,2,T_5568bd9d,3,3,3,0,0,0,3333
6403,833,round_end,995.39,2,T_5568bd9d,3,3,3,0,0,0,3333
6404,833,round_end,843.05,6,T_a02bf5e9,4,1,1,0,0,40,3334
6405,834,round_end,249.34,1,T_8c03018b,0,1,2,74.21,100,0,3335
6406,834,round_end,457.05,2,T_8c03018b,1,1,0,100,32.99,0,3335
6407,834,round_end,657.68,3,T_8c03018b,2,1,1,100,0,0,3335
6408,834,round_end,657.68,3,T_8c03018b,2,1,1,100,0,0,3335
6409,834,round_end,396.83,1,T_a02bf5e9,0,1,1,0,0,0,3336
6410,834,round_end,675.57,2,T_5568bd9d,3,3,3,0,0,201.19,3336
6411,834,round_end,675.57,2,T_5568bd9d,3,3,3,0,0,201.19,3336
6412,834,round_end,505.33,1,T_a02bf5e9,0,0,0,0,0,94.94,3337
6413,834,round_end,832.87,6,T_a02bf5e9,2,3,1,0,0,40,3338
6414,834,round_end,500.33,1,T_a02bf5e9,0,2,2,0,0,0,3339
6415,834,round_end,911.44,2,T_5568bd9d,1,3,1,0,0,0,3339
6416,834,round_end,388.73,1,T_8c03018b,1,0,1,100,99.99,0,3340
6417,834,round_end,630.39,2,T_8c03018b,1,1,0,45.96,100,0,3340
6418,834,round_end,870.1,3,T_8c03018b,2,1,2,100,24.08,0,3340
6419,834,round_end,870.1,3,T_8c03018b,2,1,2,100,24.08,0,3340
6420,835,round_end,191.3,1,T_8c03018b,1,0,0,100,0,0,3341
6421,835,round_end,483.47,2,T_8c03018b,1,1,2,71.89,100,0,3341
6422,835,round_end,798.86,3,T_8c03018b,1,2,1,99.99,100,0,3341
6423,835,round_end,798.86,3,T_8c03018b,1,2,1,99.99,100,0,3341
6424,835,round_end,245.05,1,T_a02bf5e9,0,0,0,0,0,0,3342
6425,835,round_end,745.81,2,T_5568bd9d,3,3,3,0,0,0,3342
6426,835,round_end,745.81,2,T_5568bd9d,3,3,3,0,0,0,3342
6427,835,round_end,526.51,1,T_a02bf5e9,0,3,3,0,0,0,3344
6428,835,round_end,1024.36,2,T_5568bd9d,2,3,2,0,0,0,3344
6429,835,round_end,320.06,1,T_a02bf5e9,0,0,0,0,0,280.02,3345
6430,835,round_end,946.14,6,T_a02bf5e9,2,3,1,0,0,40,3346
6431,835,round_end,201.14,1,T_8c03018b,0,1,2,23.96,100,0,3351
6432,835,round_end,571.11,2,T_8c03018b,0,2,0,99.99,100,0,3351
6433,835,round_end,787.16,3,T_8c03018b,1,2,1,100,0,0,3351
6434,835,round_end,787.16,3,T_8c03018b,1,2,1,100,0,0,3351
6435,836,round_end,470.58,1,T_a02bf5e9,0,3,3,0,0,9.64,3352
6436,836,round_end,888.02,2,T_5568bd9d,1,3,1,0,0,0,3352
6437,839,round_end,290.52,1,T_8c03018b,1,0,1,100,99.99,0,3353
6438,839,round_end,623.67,2,T_8c03018b,2,0,0,100,99.99,0,3353
6439,839,round_end,787.55,3,T_8c03018b,3,0,2,100,0,0,3353
6440,841,round_end,290.45,1,T_8c03018b,0,1,1,86.55,100,0,3354
6441,841,round_end,542.32,2,T_8c03018b,1,1,2,100,43.8,0,3354
6442,841,round_end,788.52,3,T_8c03018b,2,1,0,100,72.34,0,3354
6443,841,round_end,788.52,3,T_8c03018b,2,1,0,100,72.34,0,3354
6447,841,round_end,923.43,6,T_7c9ebfb0,2,3,0,0,0,40,3360
6448,841,round_end,485.2,1,T_7c9ebfb0,0,2,2,0,0,0,3361
6449,841,round_end,874.99,2,T_ce85a3e2,1,3,1,0,0,0,3361
6451,841,round_end,177.82,1,T_8c03018b,1,0,1,100,0,0,3364
6452,841,round_end,415.24,2,T_8c03018b,1,1,0,64.93,100,0,3364
6453,841,round_end,741.29,3,T_8c03018b,2,1,2,100,99.99,0,3364
6454,841,round_end,741.29,3,T_8c03018b,2,1,2,100,99.99,0,3364
6464,842,round_end,624.18,1,T_a02bf5e9,0,0,0,0,0,0,3368
6465,842,round_end,910.85,6,T_a02bf5e9,2,3,2,0,0,40,3369
6469,842,round_end,655.32,1,T_a02bf5e9,0,0,0,0,0,0,3371
6470,843,round_end,246.28,1,T_8c03018b,0,1,0,55.41,100,0,3372
6471,843,round_end,403.9,2,T_8c03018b,1,1,1,100,0,0,3372
6472,843,round_end,629.86,3,T_8c03018b,1,2,2,34,100,0,3372
6473,843,round_end,629.86,3,T_8c03018b,1,2,2,34,100,0,3372
6474,843,round_end,422.46,1,T_a02bf5e9,0,1,1,0,0,0,3373
6475,843,round_end,839.08,2,T_5568bd9d,1,3,1,0,0,0,3373
6476,843,round_end,263.12,1,T_a02bf5e9,0,0,0,0,0,0,3374
6477,843,round_end,721.19,2,T_5568bd9d,3,3,3,0,0,22,3374
6478,843,round_end,721.19,2,T_5568bd9d,3,3,3,0,0,22,3374
6479,843,round_end,992.16,6,T_a02bf5e9,2,3,3,0,0,40,3375
6480,843,round_end,705.73,1,T_a02bf5e9,0,0,0,0,0,0,3376
6481,843,round_end,274.33,1,T_a02bf5e9,0,0,0,0,0,0,3377
6482,843,round_end,649.47,2,T_5568bd9d,3,3,3,0,0,104.94,3377
6483,843,round_end,649.47,2,T_5568bd9d,3,3,3,0,0,104.94,3377
6484,844,round_end,277.54,1,T_8c03018b,1,0,0,100,75.83,0,3378
6485,844,round_end,544.65,2,T_8c03018b,2,0,2,100,69.69,0,3378
6486,844,round_end,734.31,3,T_8c03018b,3,0,1,100,16.77,0,3378
6487,844,round_end,421.27,1,T_a02bf5e9,0,1,1,0,0,0,3379
6488,844,round_end,777.04,2,T_5568bd9d,3,3,3,0,0,124.06,3379
6489,844,round_end,777.04,2,T_5568bd9d,3,3,3,0,0,124.06,3379
6490,844,round_end,607.35,1,T_a02bf5e9,0,0,0,0,0,0,3380
6491,844,round_end,416.48,1,T_a02bf5e9,0,1,1,0,0,0,3381
6492,844,round_end,915.55,2,T_5568bd9d,3,3,3,0,0,0,3381
6493,844,round_end,915.55,2,T_5568bd9d,3,3,3,0,0,0,3381
6494,844,round_end,886.41,6,T_a02bf5e9,4,1,4,0,0,40,3382
6499,845,round_end,161.22,1,T_8c03018b,0,1,2,0,100,0,3384
6500,845,round_end,498.23,2,T_8c03018b,0,2,0,99.99,100,0,3384
6501,845,round_end,759.21,3,T_8c03018b,0,3,1,77.01,100,0,3384
6502,845,round_end,390.17,1,T_a02bf5e9,0,1,1,0,0,0,3385
6503,845,round_end,971.9,2,T_5568bd9d,3,3,3,0,0,0,3385
6504,845,round_end,971.9,2,T_5568bd9d,3,3,3,0,0,0,3385
6505,845,round_end,981.86,6,T_a02bf5e9,1,4,0,0,0,40,3386
6506,845,round_end,490.75,1,T_a02bf5e9,0,2,2,0,0,0,3387
6507,845,round_end,814.3,2,T_5568bd9d,3,3,3,0,0,156.29,3387
6508,845,round_end,814.3,2,T_5568bd9d,3,3,3,0,0,156.29,3387
6509,845,round_end,240.76,1,T_8c03018b,0,1,2,48.35,100,0,3390
6510,845,round_end,466.68,2,T_8c03018b,1,1,0,100,0,0,3390
6511,845,round_end,645.85,3,T_8c03018b,2,1,1,100,0,0,3390
6512,845,round_end,645.85,3,T_8c03018b,2,1,1,100,0,0,3390
6513,533,round_end,652.65,1,T_a02bf5e9,0,0,0,0,0,0,3391
6514,533,round_end,652.65,1,T_a02bf5e9,0,0,0,0,0,0,3392
6515,845,round_end,652.65,1,T_a02bf5e9,0,0,0,0,0,0,3393
6516,846,round_end,385.82,1,T_a02bf5e9,0,0,1,4,5,0,3394
6517,847,round_end,312.94,1,T_8c03018b,0,1,1,99.99,100,0,3395
6518,847,round_end,545.83,2,T_8c03018b,1,1,2,100,46.83,0,3395
6519,847,round_end,839.21,3,T_8c03018b,1,2,0,91.78,100,0,3395
6520,847,round_end,839.21,3,T_8c03018b,1,2,0,91.78,100,0,3395
6521,847,round_end,720.59,5,T_574fdbc7,5,0,1,100,61.9,0,3396
6522,847,round_end,431.31,1,T_574fdbc7,0,1,1,0,0,0,3397
6523,847,round_end,749.25,2,T_5e7e44ee,3,3,3,0,0,161.94,3397
6524,847,round_end,749.25,2,T_5e7e44ee,3,3,3,0,0,161.94,3397
6525,847,round_end,246.81,1,T_574fdbc7,0,0,0,0,0,0,3398
6526,847,round_end,602.67,2,T_5e7e44ee,3,3,3,0,0,124.23,3398
6527,847,round_end,602.67,2,T_5e7e44ee,3,3,3,0,0,124.23,3398
6528,847,round_end,600.2,1,T_574fdbc7,0,0,0,0,0,0,3399
6529,847,round_end,395.23,1,T_574fdbc7,0,1,1,0,0,0,3400
6530,847,round_end,755.41,2,T_5e7e44ee,3,3,3,0,0,119.78,3400
6531,847,round_end,755.41,2,T_5e7e44ee,3,3,3,0,0,119.78,3400
6532,847,round_end,198.29,1,T_8c03018b,1,0,0,100,35.83,0,3401
6533,847,round_end,404.97,2,T_8c03018b,2,0,1,100,13.51,0,3401
6534,847,round_end,561.41,3,T_8c03018b,3,0,2,100,0,0,3401
6535,848,round_end,203.34,1,T_8c03018b,1,0,0,100,24.17,0,3402
6536,848,round_end,468.25,2,T_8c03018b,1,1,1,61.03,100,0,3402
6537,848,round_end,710.3,3,T_8c03018b,1,2,2,41.36,100,0,3402
6538,848,round_end,710.3,3,T_8c03018b,1,2,2,41.36,100,0,3402
6539,848,round_end,493.57,1,T_a02bf5e9,0,2,2,0,0,0,3403
6540,848,round_end,883.38,2,T_5568bd9d,1,3,1,0,0,0,3403
6541,848,round_end,716.02,5,T_a02bf5e9,5,0,2,100,99.99,0,3404
6542,848,round_end,248.73,1,T_a02bf5e9,0,0,0,0,0,0,3405
6543,848,round_end,203.34,1,T_8c03018b,1,0,0,100,24.17,0,3406
6544,848,round_end,468.25,2,T_8c03018b,1,1,1,61.03,100,0,3406
6545,848,round_end,710.3,3,T_8c03018b,1,2,2,41.36,100,0,3406
6546,848,round_end,710.3,3,T_8c03018b,1,2,2,41.36,100,0,3406
6547,848,round_end,299.47,1,T_a02bf5e9,0,0,0,0,0,300.6,3407
6548,848,round_end,437.09,1,T_a02bf5e9,0,3,3,0,0,43.1,3408
6549,848,round_end,1003.05,2,T_5568bd9d,3,3,3,0,0,0,3408
6550,849,round_end,166.6,1,T_8c03018b,1,0,1,100,0,0,3409
6551,849,round_end,322.29,2,T_8c03018b,2,0,0,100,0,0,3409
6552,849,round_end,480.94,3,T_8c03018b,3,0,2,100,0,0,3409
6553,849,round_end,536.43,1,T_a02bf5e9,0,2,2,0,0,0,3410
6554,849,round_end,1089.18,2,T_5568bd9d,3,3,3,0,0,0,3410
6555,849,round_end,1089.18,2,T_5568bd9d,3,3,3,0,0,0,3410
6556,849,round_end,714.02,6,T_a02bf5e9,3,2,0,0,0,40,3411
6557,849,round_end,258.97,1,T_a02bf5e9,0,0,0,0,0,0,3412
6558,849,round_end,667.13,2,T_5568bd9d,3,3,3,0,0,71.86,3412
6559,849,round_end,667.13,2,T_5568bd9d,3,3,3,0,0,71.86,3412
6560,849,round_end,214.68,1,T_a02bf5e9,0,0,0,0,0,385.35,3413
6561,849,round_end,237.21,1,T_8c03018b,1,0,2,100,65.5,0,3414
6562,849,round_end,525.37,2,T_8c03018b,1,1,1,77.27,100,0,3414
6563,849,round_end,813.87,3,T_8c03018b,1,2,0,96.85,100,0,3414
6564,849,round_end,813.87,3,T_8c03018b,1,2,0,96.85,100,0,3414
6572,850,round_end,395.2,1,T_a02bf5e9,0,1,1,0,0,0,3417
6573,850,round_end,685.68,2,T_5568bd9d,3,3,3,0,0,189.46,3417
6574,850,round_end,685.68,2,T_5568bd9d,3,3,3,0,0,189.46,3417
6575,850,round_end,447.88,1,T_a02bf5e9,0,1,1,0,0,0,3419
6576,850,round_end,709.86,2,T_5568bd9d,0,3,0,0,0,0,3419
6577,850,round_end,290.9,1,T_8c03018b,1,0,0,100,70.45,0,3420
6578,850,round_end,600.55,2,T_8c03018b,1,1,2,99.99,100,0,3420
6579,850,round_end,831.3,3,T_8c03018b,2,1,1,100,50.09,0,3420
6580,850,round_end,831.3,3,T_8c03018b,2,1,1,100,50.09,0,3420
6581,851,round_end,215.23,1,T_8c03018b,1,0,2,100,26.99,0,3422
6582,851,round_end,457.31,2,T_8c03018b,2,0,1,100,41.2,0,3422
6583,851,round_end,724.16,3,T_8c03018b,3,0,0,100,74.76,0,3422
6584,851,round_end,414.31,1,T_a02bf5e9,0,1,1,0,0,0,3423
6585,851,round_end,906.39,2,T_5568bd9d,2,3,2,0,0,0,3423
6586,851,round_end,676.94,1,T_a02bf5e9,0,0,0,0,0,0,3424
6587,851,round_end,815.21,6,T_a02bf5e9,2,3,3,0,0,40,3425
6588,851,round_end,493.3,1,T_a02bf5e9,0,2,2,0,0,0,3426
6589,851,round_end,1003.19,2,T_5568bd9d,3,3,3,0,0,0,3426
6590,851,round_end,1003.19,2,T_5568bd9d,3,3,3,0,0,0,3426
6591,851,round_end,633.38,1,T_a02bf5e9,0,0,3,5,4,0,3427
6592,852,round_end,279.97,1,T_8c03018b,1,0,1,100,99.99,0,3428
6593,852,round_end,458.35,2,T_8c03018b,2,0,2,100,0,0,3428
6594,852,round_end,712.03,3,T_8c03018b,3,0,0,100,55.81,0,3428
6595,852,round_end,396.36,1,T_b56b2566,0,1,1,0,0,0,3429
6596,852,round_end,774.35,2,T_af393e70,3,3,3,0,0,101.86,3429
6597,852,round_end,774.35,2,T_af393e70,3,3,3,0,0,101.86,3429
6598,852,round_end,781.65,6,T_b56b2566,4,1,2,0,0,40,3430
6599,852,round_end,480.2,1,T_b56b2566,0,2,2,0,0,0,3431
6600,852,round_end,873.33,2,T_af393e70,3,3,3,0,0,86.7,3431
6601,852,round_end,873.33,2,T_af393e70,3,3,3,0,0,86.7,3431
6602,852,round_end,340.09,1,T_b56b2566,0,0,0,0,0,259.99,3432
6603,852,round_end,204.04,1,T_8c03018b,1,0,2,100,13.56,0,3433
6604,852,round_end,400.73,2,T_8c03018b,2,0,0,100,27.2,0,3433
6605,852,round_end,767.34,3,T_8c03018b,3,0,1,100,99.99,0,3433
6606,853,round_end,158.07,1,T_8c03018b,1,0,2,100,0,0,3434
6607,853,round_end,349.32,2,T_8c03018b,2,0,0,100,19.59,0,3434
6608,853,round_end,651.93,3,T_8c03018b,3,0,1,100,99.99,0,3434
6609,853,round_end,522.17,1,T_a02bf5e9,0,2,2,0,0,0,3435
6610,853,round_end,1001.9,2,T_5568bd9d,2,3,2,0,0,0,3435
6612,853,round_end,414.59,1,T_a02bf5e9,0,3,3,0,0,65.63,3437
6613,853,round_end,867.14,2,T_5568bd9d,3,3,3,0,0,39.25,3437
6614,853,round_end,867.14,2,T_5568bd9d,3,3,3,0,0,39.25,3437
6615,853,round_end,621,1,T_a02bf5e9,0,0,0,0,0,0,3438
6616,853,round_end,438.08,1,T_a02bf5e9,0,1,1,0,0,0,3439
6617,853,round_end,807.4,2,T_5568bd9d,3,3,3,0,0,110.58,3439
6618,853,round_end,807.4,2,T_5568bd9d,3,3,3,0,0,110.58,3439
6619,854,round_end,407.45,1,T_a02bf5e9,0,1,1,0,0,0,3440
6620,854,round_end,903.19,2,T_5568bd9d,2,3,2,0,0,0,3440
6621,854,round_end,320.61,1,T_a02bf5e9,0,3,3,0,0,159.5,3441
6622,854,round_end,666.83,2,T_5568bd9d,3,3,3,0,0,133.83,3441
6623,854,round_end,286.97,1,T_8c03018b,1,0,1,100,99.99,0,3442
6624,854,round_end,502.39,2,T_8c03018b,1,1,0,37.41,100,0,3442
6625,854,round_end,712.38,3,T_8c03018b,1,2,2,40.07,100,0,3442
6626,854,round_end,712.38,3,T_8c03018b,1,2,2,40.07,100,0,3442
6627,854,round_end,648.04,1,T_a02bf5e9,0,0,0,0,0,0,3443
6628,854,round_end,803.58,6,T_a02bf5e9,1,4,2,0,0,40,3444
6629,854,round_end,267.13,1,T_8c03018b,1,0,0,100,49.6,0,3445
6630,854,round_end,481.7,2,T_8c03018b,2,0,2,100,32.61,0,3445
6631,855,round_end,245.69,1,T_8c03018b,0,1,0,48.12,100,0,3446
6632,855,round_end,430.39,2,T_8c03018b,0,2,1,22.92,100,0,3446
6633,855,round_end,676.46,3,T_8c03018b,0,3,2,62.87,100,0,3446
6634,855,round_end,456.74,1,T_a02bf5e9,0,3,3,0,0,23.42,3447
6635,855,round_end,892.43,2,T_5568bd9d,1,3,1,0,0,0,3447
6636,855,round_end,513.19,1,T_a02bf5e9,0,2,2,0,0,0,3448
6637,855,round_end,913.2,2,T_5568bd9d,1,3,1,0,0,0,3448
6638,855,round_end,417.13,1,T_a02bf5e9,0,1,1,0,0,0,3449
6639,855,round_end,944.9,2,T_5568bd9d,2,3,2,0,0,0,3449
6640,855,round_end,545.24,1,T_a02bf5e9,0,0,1,4,5,0,3450
6641,856,round_end,229.63,1,T_8c03018b,0,1,2,37.33,100,0,3451
6642,856,round_end,558.86,2,T_8c03018b,1,1,1,100,99.99,0,3451
6643,856,round_end,835.06,3,T_8c03018b,2,1,0,100,55.76,0,3451
6644,856,round_end,443.93,1,T_1bd88229,0,3,3,0,0,36.26,3452
6645,856,round_end,1051.38,2,T_ce85a3e2,2,3,2,0,0,0,3452
6646,856,round_end,890.89,6,T_1bd88229,4,1,4,0,0,40,3453
6647,856,round_end,278.59,1,T_1bd88229,0,3,3,0,0,201.48,3454
6648,856,round_end,696.5,2,T_ce85a3e2,1,3,1,0,0,0,3454
6649,856,round_end,622.47,1,T_1bd88229,0,0,0,0,0,0,3455
6650,856,round_end,490.93,1,T_1bd88229,0,3,3,0,0,0,3456
6651,856,round_end,1007.45,2,T_ce85a3e2,2,3,2,0,0,0,3456
6652,857,round_end,323.53,1,T_8c03018b,1,0,0,100,99.99,0,3457
6653,857,round_end,544.17,2,T_8c03018b,2,0,2,100,37.29,0,3457
6654,857,round_end,781.08,3,T_8c03018b,3,0,1,100,27.87,0,3457
6655,857,round_end,418.67,1,T_6364b37a,0,3,3,0,0,61.49,3460
6656,857,round_end,673.81,2,T_9c351c5b,0,3,0,0,0,0,3460
6657,858,round_end,315.93,1,T_8c03018b,1,0,2,100,99.99,0,3463
6658,858,round_end,548.05,2,T_8c03018b,1,1,1,35.23,100,0,3463
6659,858,round_end,844.39,3,T_8c03018b,1,2,0,99.99,100,0,3463
6660,858,round_end,844.39,3,T_8c03018b,1,2,0,99.99,100,0,3463
6661,858,round_end,425.57,1,T_a02bf5e9,0,3,3,0,0,54.63,3464
6662,858,round_end,930.81,2,T_5568bd9d,3,3,3,0,0,0,3464
6663,858,round_end,783.41,6,T_a02bf5e9,3,2,3,0,0,40,3465
6664,858,round_end,245.03,1,T_a02bf5e9,0,0,0,0,0,0,3466
6665,858,round_end,583.09,2,T_5568bd9d,3,3,3,0,0,142.06,3466
6666,858,round_end,583.09,2,T_5568bd9d,3,3,3,0,0,142.06,3466
6667,858,round_end,629.71,1,T_a02bf5e9,0,0,0,0,0,0,3467
6670,859,round_end,348.42,1,T_a02bf5e9,0,3,3,0,0,131.69,3469
6671,859,round_end,738.37,2,T_5568bd9d,1,3,1,0,0,0,3469
6672,859,round_end,604.03,1,T_a02bf5e9,0,0,0,0,0,0,3470
6673,859,round_end,777.15,6,T_a02bf5e9,1,4,3,0,0,40,3471
6677,860,round_end,221.87,1,T_8c03018b,1,0,1,100,37.91,0,3473
6678,860,round_end,552.98,2,T_8c03018b,1,1,2,99.99,100,0,3473
6679,860,round_end,758.26,3,T_8c03018b,2,1,0,100,25.63,0,3473
6680,860,round_end,758.26,3,T_8c03018b,2,1,0,100,25.63,0,3473
6683,860,round_end,1018.03,6,T_a02bf5e9,3,2,4,0,0,40,3476
6684,860,round_end,248.54,1,T_a02bf5e9,0,0,0,0,0,0,3477
6685,860,round_end,745.79,2,T_5568bd9d,2,3,2,0,0,0,3477
6686,863,round_end,361.92,1,T_da38c0e7,0,3,3,0,0,118.22,3480
6687,863,round_end,601.98,2,T_801994be,0,3,0,0,0,0,3480
6688,863,round_end,635.71,1,T_da38c0e7,0,0,0,0,0,0,3481
6689,864,round_end,390.12,1,T_a02bf5e9,0,1,1,0,0,0,3483
6690,864,round_end,917.54,2,T_5568bd9d,3,3,3,0,0,0,3483
6691,864,round_end,917.54,2,T_5568bd9d,3,3,3,0,0,0,3483
6692,864,round_end,915.92,5,T_a02bf5e9,5,0,4,100,95.02,0,3484
6693,864,round_end,240.04,1,T_a02bf5e9,0,0,0,0,0,0,3485
6694,864,round_end,659.53,2,T_5568bd9d,1,3,1,0,0,0,3485
6695,864,round_end,501.74,1,T_a02bf5e9,0,0,0,0,0,98.5,3486
6696,864,round_end,218.69,1,T_8c03018b,1,0,1,100,35.16,0,3487
6697,864,round_end,389.86,2,T_8c03018b,2,0,2,100,0,0,3487
6698,864,round_end,592.02,3,T_8c03018b,3,0,0,100,13.51,0,3487
6699,863,round_end,247.93,1,T_8c03018b,1,0,2,100,57.53,0,3488
6700,863,round_end,426.43,2,T_8c03018b,2,0,0,100,0,0,3488
6701,863,round_end,641.39,3,T_8c03018b,3,0,1,100,24.03,0,3488
6702,863,round_end,485.29,1,T_da38c0e7,0,3,3,0,0,0,3489
6703,863,round_end,849.28,2,T_801994be,3,3,3,0,0,115.82,3489
6704,863,round_end,849.28,2,T_801994be,3,3,3,0,0,115.82,3489
6705,863,round_end,889.18,6,T_da38c0e7,3,2,4,0,0,40,3490
6706,868,round_end,567.25,1,T_a02bf5e9,0,2,2,0,0,0,3492
6707,868,round_end,967.87,2,T_5568bd9d,3,2,2,0,0,79.16,3492
6708,868,round_end,358.53,1,T_a02bf5e9,0,3,3,0,0,121.58,3494
6709,868,round_end,706.17,2,T_5568bd9d,3,3,3,0,0,132.25,3494
6710,869,round_end,238.55,1,T_8c03018b,1,0,1,100,50.37,0,3495
6711,869,round_end,474.15,2,T_8c03018b,1,1,2,40.45,100,0,3495
6712,869,round_end,783.5,3,T_8c03018b,1,2,0,99.99,100,0,3495
6713,869,round_end,783.5,3,T_8c03018b,1,2,0,99.99,100,0,3495
6714,869,round_end,519.21,1,T_a02bf5e9,0,2,2,0,0,0,3496
6715,869,round_end,781.53,2,T_5568bd9d,0,3,0,0,0,0,3496
6716,869,round_end,240.04,1,T_a02bf5e9,0,0,0,0,0,0,3497
6717,869,round_end,720.13,2,T_5568bd9d,2,3,2,0,0,0,3497
6718,869,round_end,579.26,1,T_a02bf5e9,0,0,0,0,0,20.94,3498
6719,869,round_end,241.77,1,T_a02bf5e9,0,3,3,0,0,238.28,3500
6720,869,round_end,655.06,2,T_5568bd9d,3,3,3,0,0,66.62,3500
6721,869,round_end,862.97,6,T_a02bf5e9,2,3,2,0,0,40,3502
6722,870,round_end,263.28,1,T_d0288b63,0,0,0,0,0,336.78,3503
6723,870,round_end,532.52,1,T_d0288b63,0,3,3,0,0,0,3504
6724,870,round_end,902.78,2,T_e8cd1791,3,3,3,0,0,109.54,3504
6725,870,round_end,902.78,2,T_e8cd1791,3,3,3,0,0,109.54,3504
6726,870,round_end,833.42,6,T_d0288b63,3,2,4,0,0,40,3505
6727,870,round_end,203.32,1,T_8c03018b,1,0,0,100,39.41,0,3506
6728,870,round_end,488.73,2,T_8c03018b,1,1,2,93.5,100,0,3506
6729,870,round_end,804.92,3,T_8c03018b,1,2,1,99.99,100,0,3506
6730,870,round_end,804.92,3,T_8c03018b,1,2,1,99.99,100,0,3506
6734,871,round_end,268.68,1,T_8c03018b,0,1,2,85.67,100,0,3508
6735,871,round_end,557.45,2,T_8c03018b,1,1,0,100,94.07,0,3508
6736,871,round_end,818.81,3,T_8c03018b,2,1,1,100,64.71,0,3508
6737,871,round_end,818.81,3,T_8c03018b,2,1,1,100,64.71,0,3508
6738,871,round_end,419.24,1,T_a02bf5e9,0,3,3,0,0,60.94,3509
6739,871,round_end,756.55,2,T_5568bd9d,3,3,3,0,0,142.63,3509
6740,871,round_end,882.21,6,T_a02bf5e9,1,4,2,0,0,40,3510
6741,871,round_end,309.94,1,T_a02bf5e9,0,3,3,0,0,170.15,3511
6742,871,round_end,709.86,2,T_5568bd9d,3,3,3,0,0,80.02,3511
6743,871,round_end,623.8,1,T_a02bf5e9,0,0,0,0,0,0,3512
6744,871,round_end,426.38,1,T_a02bf5e9,0,0,0,3,5,0,3514
6745,872,round_end,613.14,1,T_a02bf5e9,0,0,0,0,0,0,3515
6746,872,round_end,1014.4,6,T_a02bf5e9,2,3,0,0,0,40,3516
6747,872,round_end,507.87,1,T_a02bf5e9,0,2,2,0,0,0,3517
6748,872,round_end,959.48,2,T_5568bd9d,3,3,3,0,0,28.15,3517
6749,872,round_end,959.48,2,T_5568bd9d,3,3,3,0,0,28.15,3517
6750,873,round_end,225.79,1,T_a02bf5e9,0,0,0,0,0,374.25,3520
6751,874,round_end,265.99,1,T_8c03018b,0,1,1,55.23,100,0,3521
6752,874,round_end,553.03,2,T_8c03018b,0,2,2,90.03,100,0,3521
6753,874,round_end,850.33,3,T_8c03018b,0,3,0,93.07,100,0,3521
6754,874,round_end,444.37,1,T_a02bf5e9,0,3,3,0,0,35.81,3522
6755,874,round_end,715.87,2,T_5568bd9d,0,3,0,0,0,0,3522
6756,874,round_end,627.47,1,T_a02bf5e9,0,0,0,0,0,0,3523
6757,874,round_end,435.25,1,T_a02bf5e9,0,1,1,0,0,0,3524
6758,874,round_end,724.78,2,T_5568bd9d,0,3,0,0,0,0,3524
6759,874,round_end,760.89,6,T_a02bf5e9,2,3,2,0,0,40,3525
6760,874,round_end,534.09,1,T_a02bf5e9,0,2,2,0,0,0,3526
6761,874,round_end,929.93,2,T_5568bd9d,1,3,1,0,0,0,3526
6762,875,round_end,248.89,1,T_8c03018b,1,0,1,100,64.88,0,3527
6763,875,round_end,428.03,2,T_8c03018b,2,0,0,100,8.17,0,3527
6764,875,round_end,633.32,3,T_8c03018b,3,0,2,100,31.83,0,3527
6765,875,round_end,459.21,1,T_a02bf5e9,0,1,1,0,0,0,3528
6766,875,round_end,963.08,2,T_5568bd9d,3,3,3,0,0,0,3528
6767,875,round_end,963.08,2,T_5568bd9d,3,3,3,0,0,0,3528
6769,875,round_end,412.45,1,T_a02bf5e9,0,1,1,0,0,0,3530
6770,875,round_end,922.4,2,T_5568bd9d,2,3,2,0,0,0,3530
6771,875,round_end,709.66,6,T_a02bf5e9,4,1,2,0,0,40,3531
6772,876,round_end,287.46,1,T_8c03018b,1,0,2,100,91.7,0,3532
6773,876,round_end,548.53,2,T_8c03018b,2,0,1,100,78.37,0,3532
6774,876,round_end,751.57,3,T_8c03018b,3,0,0,100,0,0,3532
6775,876,round_end,240.04,1,T_a02bf5e9,0,0,0,0,0,0,3533
6776,876,round_end,766.17,2,T_5568bd9d,2,3,2,0,0,0,3533
6777,876,round_end,582.43,1,T_a02bf5e9,0,0,0,0,0,17.76,3534
6778,876,round_end,809.73,6,T_a02bf5e9,3,2,3,0,0,40,3535
6779,876,round_end,463.62,1,T_a02bf5e9,0,3,3,0,0,16.52,3536
6780,876,round_end,949.36,2,T_5568bd9d,2,3,2,0,0,0,3536
6781,876,round_end,331.08,1,T_a02bf5e9,0,0,0,1,5,0,3538
6782,877,round_end,677.27,1,T_7ff3844e,0,0,0,0,0,0,3539
6783,877,round_end,923.78,6,T_7ff3844e,3,2,2,0,0,40,3540
6784,877,round_end,206.62,1,T_8c03018b,1,0,0,100,41.36,0,3541
6785,877,round_end,543.04,2,T_8c03018b,2,0,2,100,99.99,0,3541
6786,877,round_end,852.05,3,T_8c03018b,3,0,1,100,99.99,0,3541
6787,877,round_end,247.08,1,T_8c03018b,1,0,2,100,57.21,0,3543
6788,877,round_end,592.83,2,T_8c03018b,2,0,0,100,99.99,0,3543
6789,877,round_end,780.95,3,T_8c03018b,2,1,1,0,100,0,3543
6790,877,round_end,780.95,3,T_8c03018b,2,1,1,0,100,0,3543
6791,877,round_end,354.79,1,T_7ff3844e,0,3,3,0,0,125.34,3544
6792,877,round_end,757.37,2,T_78479f5d,1,3,1,0,0,0,3544
6793,877,round_end,298.02,1,T_7ff3844e,0,3,3,0,0,182.07,3545
6794,877,round_end,543.18,2,T_78479f5d,0,3,0,0,0,0,3545
6801,884,round_end,508.95,1,T_6877e283,0,0,4,5,3,0,3549
6802,884,round_end,388.72,1,T_6877e283,0,3,3,0,0,91.45,3550
6803,884,round_end,628.73,2,T_a0d3c623,0,3,0,0,0,0,3550
6804,884,round_end,255.57,1,T_6877e283,0,0,0,0,0,0,3551
6805,884,round_end,780.97,2,T_a0d3c623,2,3,2,0,0,0,3551
6806,884,round_end,895.03,6,T_6877e283,3,2,2,0,0,40,3552
6807,884,round_end,600.15,1,T_6877e283,0,0,0,0,0,0,3553
6808,884,round_end,231.81,1,T_8c03018b,0,1,1,55.68,100,0,3554
6809,884,round_end,453.41,2,T_8c03018b,0,2,0,49.73,100,0,3554
6810,884,round_end,726.5,3,T_8c03018b,0,3,2,97.07,100,0,3554
6814,887,round_end,632.44,1,T_c70bb4ee,0,0,0,0,0,0,3556
6815,887,round_end,719.46,6,T_c70bb4ee,1,4,3,0,0,40,3557
6816,887,round_end,169.13,1,T_8c03018b,0,1,0,0,100,0,3559
6817,887,round_end,481.58,2,T_8c03018b,0,2,1,99.99,100,0,3559
6818,887,round_end,757.9,3,T_8c03018b,1,2,2,100,82.23,0,3559
6819,887,round_end,757.9,3,T_8c03018b,1,2,2,100,82.23,0,3559
6820,887,round_end,447.54,1,T_c70bb4ee,0,3,3,0,0,32.65,3560
6821,887,round_end,704.36,2,T_78479f5d,0,3,0,0,0,0,3560
6822,888,round_end,275.87,1,T_8c03018b,1,0,0,100,65.73,0,3561
6823,888,round_end,568.82,2,T_8c03018b,1,1,2,74.83,100,0,3561
6824,888,round_end,899.11,3,T_8c03018b,1,2,1,93.45,100,0,3561
6825,888,round_end,899.11,3,T_8c03018b,1,2,1,93.45,100,0,3561
6826,888,round_end,511,1,T_6877e283,0,0,1,4,5,0,3562
6827,888,round_end,475.56,1,T_6877e283,0,3,3,0,0,7.36,3563
6828,888,round_end,865.36,2,T_8329997e,1,3,1,0,0,0,3563
6829,888,round_end,667.94,6,T_6877e283,3,2,2,0,0,40,3564
6830,888,round_end,443.13,1,T_6877e283,0,1,1,0,0,0,3565
6831,888,round_end,876.32,2,T_8329997e,1,3,1,0,0,0,3565
6832,888,round_end,632.86,1,T_6877e283,0,0,0,0,0,0,3566
6833,889,round_end,298.47,1,T_8c03018b,1,0,2,100,99.99,0,3567
6834,889,round_end,563.22,2,T_8c03018b,2,0,0,100,53.27,0,3567
6835,889,round_end,787.61,3,T_8c03018b,2,1,1,37.79,100,0,3567
6836,889,round_end,787.61,3,T_8c03018b,2,1,1,37.79,100,0,3567
6837,889,round_end,519.68,1,T_c8da5f89,0,0,1,4,5,0,3568
6838,889,round_end,352.38,1,T_c8da5f89,0,3,3,0,0,127.75,3569
6839,889,round_end,847.69,2,T_5192cb01,2,3,2,0,0,0,3569
6840,889,round_end,284.27,1,T_c8da5f89,0,3,3,0,0,195.8,3570
6841,889,round_end,818.03,2,T_5192cb01,2,3,2,0,0,0,3570
6844,533,round_end,255.57,1,T_6877e283,0,0,0,0,0,0,3572
6845,533,round_end,780.97,2,T_a0d3c623,2,3,2,0,0,0,3572
6846,533,round_end,255.57,1,T_6877e283,0,0,0,0,0,0,3573
6847,533,round_end,780.97,2,T_a0d3c623,2,3,2,0,0,0,3573
6848,533,round_end,255.57,1,T_6877e283,0,0,0,0,0,0,3574
6849,533,round_end,780.97,2,T_a0d3c623,2,3,2,0,0,0,3574
6850,891,round_end,295.33,1,T_8c03018b,1,0,0,100,99.99,0,3575
6851,891,round_end,565.52,2,T_8c03018b,1,1,2,78.43,100,0,3575
6852,891,round_end,772.32,3,T_8c03018b,1,2,1,0,100,0,3575
6853,891,round_end,772.32,3,T_8c03018b,1,2,1,0,100,0,3575
6854,891,round_end,485.17,1,T_a02bf5e9,0,2,2,0,0,0,3576
6855,891,round_end,805.63,2,T_5568bd9d,3,3,3,0,0,159.39,3576
6856,891,round_end,805.63,2,T_5568bd9d,3,3,3,0,0,159.39,3576
6857,891,round_end,696.53,1,T_a02bf5e9,0,0,0,0,0,0,3577
6858,891,round_end,700.59,6,T_a02bf5e9,4,1,0,0,0,39.99,3578
6859,891,round_end,356.18,1,T_a02bf5e9,0,3,3,0,0,123.94,3579
6860,891,round_end,623.77,2,T_5568bd9d,3,3,3,0,0,212.47,3579
6862,891,round_end,611.12,1,T_a02bf5e9,0,0,0,0,0,0,3581
6863,892,round_end,154,1,T_8c03018b,0,1,0,0,100,0,3582
6864,892,round_end,364.54,2,T_8c03018b,0,2,2,44.19,100,0,3582
6865,892,round_end,547.57,3,T_8c03018b,0,3,1,21.03,100,0,3582
6866,892,round_end,239.73,1,T_a02bf5e9,0,3,3,0,0,240.31,3583
6867,892,round_end,497.68,2,T_5568bd9d,0,3,0,0,0,0,3583
6868,892,round_end,660.52,5,T_a02bf5e9,0,5,3,0,100,0,3584
6871,892,round_end,168.46,1,T_a02bf5e9,0,0,0,0,0,431.56,3586
6872,892,round_end,176.8,1,T_8c03018b,0,1,0,8.07,100,0,3587
6873,892,round_end,445.16,2,T_8c03018b,0,2,2,56.24,100,0,3587
6874,892,round_end,600.43,3,T_8c03018b,0,3,1,0,100,0,3587
6875,894,round_end,437.14,1,T_a02bf5e9,0,3,3,0,0,43.03,3588
6876,894,round_end,940.12,2,T_5568bd9d,3,3,3,0,0,0,3588
6877,894,round_end,940.12,2,T_5568bd9d,3,3,3,0,0,0,3588
6878,894,round_end,625.1,1,T_a02bf5e9,0,0,0,0,0,0,3589
6879,894,round_end,330.3,1,T_8c03018b,1,0,0,100,99.99,0,3590
6880,894,round_end,557.47,2,T_8c03018b,1,1,2,42.29,100,0,3590
6881,894,round_end,757.15,3,T_8c03018b,1,2,1,0,100,0,3590
6882,894,round_end,757.15,3,T_8c03018b,1,2,1,0,100,0,3590
6883,905,round_end,262.19,1,T_a4c36554,0,0,0,0,0,0,3593
6884,905,round_end,553.26,2,T_1e08f45a,3,3,3,0,0,189.14,3593
6885,905,round_end,553.26,2,T_1e08f45a,3,3,3,0,0,189.14,3593
6886,905,round_end,715.23,5,T_a4c36554,5,0,2,100,99.99,0,3594
6887,905,round_end,621.73,1,T_a4c36554,0,0,0,0,0,0,3595
6888,905,round_end,231.25,1,T_8c03018b,1,0,0,100,58.03,0,3597
6889,905,round_end,499.88,2,T_8c03018b,2,0,1,100,71.51,0,3597
6890,905,round_end,658.02,3,T_8c03018b,3,0,2,100,0,0,3597
6891,905,round_end,240.04,1,T_a4c36554,0,0,0,0,0,0,3598
6892,905,round_end,510.43,2,T_1e08f45a,3,3,3,0,0,209.75,3598
6893,905,round_end,510.43,2,T_1e08f45a,3,3,3,0,0,209.75,3598
6894,906,round_end,480.16,1,T_6da1ba9e,0,2,2,0,0,0,3599
6895,906,round_end,887.13,2,T_1e08f45a,3,3,3,0,0,72.82,3599
6896,906,round_end,887.13,2,T_1e08f45a,3,3,3,0,0,72.82,3599
6897,906,round_end,644.57,1,T_6da1ba9e,0,0,0,0,0,0,3600
6898,906,round_end,765.91,6,T_6da1ba9e,4,1,1,0,0,40,3601
6899,906,round_end,248.11,1,T_8c03018b,1,0,1,100,71.87,0,3602
6900,906,round_end,479.31,2,T_8c03018b,1,1,2,34.75,100,0,3602
6901,906,round_end,687.62,3,T_8c03018b,2,1,0,100,32.88,0,3602
6902,906,round_end,687.62,3,T_8c03018b,2,1,0,100,32.88,0,3602
6903,906,round_end,240.04,1,T_6da1ba9e,0,0,0,0,0,0,3603
6904,906,round_end,823.95,2,T_1e08f45a,2,3,2,0,0,0,3603
6905,907,round_end,645.77,1,T_a02bf5e9,0,0,0,0,0,0,3604
6906,907,round_end,631.44,1,T_a02bf5e9,0,0,0,0,0,0,3605
6907,907,round_end,204.15,1,T_8c03018b,1,0,0,100,24.2,0,3606
6908,907,round_end,421.63,2,T_8c03018b,2,0,1,100,46.68,0,3606
6909,907,round_end,705.95,3,T_8c03018b,2,1,2,97.34,100,0,3606
6910,907,round_end,705.95,3,T_8c03018b,2,1,2,97.34,100,0,3606
6913,907,round_end,247.58,1,T_8c03018b,0,1,2,62.11,100,0,3608
6914,907,round_end,535.17,2,T_8c03018b,0,2,0,99.99,100,0,3608
6915,907,round_end,882.4,3,T_8c03018b,0,3,1,99.99,100,0,3608
6916,908,round_end,154.45,1,T_8c03018b,0,1,1,0,100,0,3609
6917,908,round_end,405.52,2,T_8c03018b,0,2,0,58.07,100,0,3609
6918,908,round_end,735.39,3,T_8c03018b,1,2,2,100,99.99,0,3609
6919,908,round_end,735.39,3,T_8c03018b,1,2,2,100,99.99,0,3609
6920,908,round_end,351.58,1,T_d9063442,0,3,3,0,0,128.5,3610
6921,908,round_end,769.6,2,T_553ef4f1,1,3,1,0,0,0,3610
6922,908,round_end,800.84,6,T_d9063442,2,3,4,0,0,40,3611
6923,908,round_end,292.51,1,T_d9063442,0,3,3,0,0,187.56,3612
6924,908,round_end,543.45,2,T_553ef4f1,0,3,0,0,0,0,3612
6925,908,round_end,682.97,1,T_d9063442,0,0,0,0,0,0,3613
6926,909,round_end,240.28,1,T_8c03018b,1,0,1,100,41.99,0,3614
6927,909,round_end,401.31,2,T_8c03018b,1,1,0,0,100,0,3614
6928,909,round_end,643.16,3,T_8c03018b,1,2,2,54.31,100,0,3614
6929,909,round_end,643.16,3,T_8c03018b,1,2,2,54.31,100,0,3614
6930,909,round_end,400.66,1,T_a02bf5e9,0,1,1,0,0,0,3615
6931,909,round_end,880.43,2,T_5568bd9d,2,3,2,0,0,0,3615
6932,909,round_end,488.68,1,T_a02bf5e9,0,0,0,0,0,111.54,3616
6933,909,round_end,265.58,1,T_a02bf5e9,0,0,0,0,0,0,3617
6934,909,round_end,666.35,2,T_5568bd9d,3,3,3,0,0,83.62,3617
6935,909,round_end,666.35,2,T_5568bd9d,3,3,3,0,0,83.62,3617
6936,909,round_end,840.51,6,T_a02bf5e9,1,4,2,0,0,40,3618
6937,909,round_end,413.3,1,T_a02bf5e9,0,0,0,2,5,0,3619
6938,909,round_end,195.4,1,T_8c03018b,0,1,1,16.55,100,0,3620
6939,909,round_end,417.19,2,T_8c03018b,0,2,2,46.85,100,0,3620
6940,909,round_end,660.52,3,T_8c03018b,0,3,0,54.16,100,0,3620
6941,913,round_end,491.08,1,T_47153176,0,2,2,0,0,0,3622
6942,913,round_end,797.17,2,T_1e08f45a,3,3,3,0,0,173.75,3622
6943,913,round_end,797.17,2,T_1e08f45a,3,3,3,0,0,173.75,3622
6944,913,round_end,517.52,1,T_47153176,0,0,0,0,0,82.73,3623
6945,913,round_end,822.48,5,T_47153176,5,0,1,100,0,0,3624
6946,913,round_end,240.04,1,T_47153176,0,0,0,0,0,0,3626
6947,913,round_end,770.48,2,T_1e08f45a,3,3,3,0,0,0,3626
6948,913,round_end,770.48,2,T_1e08f45a,3,3,3,0,0,0,3626
6949,913,round_end,193.35,1,T_8c03018b,1,0,1,100,18.21,0,3627
6950,913,round_end,452.25,2,T_8c03018b,1,1,2,70.69,100,0,3627
6951,913,round_end,610.59,3,T_8c03018b,2,1,0,100,0,0,3627
6952,913,round_end,610.59,3,T_8c03018b,2,1,0,100,0,0,3627
6953,913,round_end,178.97,1,T_8c03018b,1,0,1,100,0,0,3628
6954,913,round_end,384.64,2,T_8c03018b,2,0,2,100,30.07,0,3628
6955,913,round_end,601.37,3,T_8c03018b,2,1,0,44.73,100,0,3628
6956,913,round_end,601.37,3,T_8c03018b,2,1,0,44.73,100,0,3628
6957,914,round_end,169.1,1,T_8c03018b,1,0,0,100,0,0,3629
6958,914,round_end,408.56,2,T_8c03018b,1,1,1,54.39,100,0,3629
6959,914,round_end,627,3,T_8c03018b,2,1,2,100,33.17,0,3629
6960,914,round_end,627,3,T_8c03018b,2,1,2,100,33.17,0,3629
6961,914,round_end,417.65,1,T_75f50b54,0,3,3,0,0,62.54,3630
6962,914,round_end,897.41,2,T_f62e24fe,2,3,2,0,0,0,3630
6972,918,round_end,514.58,1,T_a02bf5e9,0,2,2,0,0,0,3635
6973,918,round_end,1012.16,2,T_5568bd9d,2,3,2,0,0,0,3635
6974,918,round_end,299.66,1,T_8c03018b,0,1,2,96.82,100,0,3636
6975,918,round_end,459.25,2,T_8c03018b,0,2,1,0,100,0,3636
6976,918,round_end,709.57,3,T_8c03018b,0,3,0,45.03,100,0,3636
6977,919,round_end,168.39,1,T_8c03018b,0,1,0,0,100,0,3637
6978,919,round_end,444.87,2,T_8c03018b,0,2,2,81.83,100,0,3637
6979,919,round_end,612.53,3,T_8c03018b,0,3,1,0,100,0,3637
6980,919,round_end,383.45,1,T_b8c7971d,0,3,3,0,0,96.68,3638
6981,919,round_end,912.46,2,T_553ef4f1,2,3,2,0,0,0,3638
6982,919,round_end,817.59,5,T_b8c7971d,0,5,4,0,100,0,3639
6983,919,round_end,248.17,1,T_b8c7971d,0,0,0,0,0,0,3640
6984,919,round_end,727.03,2,T_553ef4f1,3,3,3,0,0,1.09,3640
6985,919,round_end,727.03,2,T_553ef4f1,3,3,3,0,0,1.09,3640
6986,919,round_end,616.23,1,T_b8c7971d,0,0,0,0,0,0,3641
6989,920,round_end,236.52,1,T_2649596f,0,3,3,0,0,243.52,3644
6990,920,round_end,500.56,2,T_68c6a1f8,0,3,0,0,0,0,3644
6992,920,round_end,611.45,1,T_9a31ae66,0,0,0,0,0,0,3647
6993,920,round_end,464,1,T_9a31ae66,0,3,3,0,0,16.16,3648
6994,920,round_end,887.49,2,T_e7ab2fad,3,3,3,0,0,56.29,3648
6995,920,round_end,963.19,3,T_9a31ae66,3,3,0,0,0,0,3648
6996,920,round_end,1058.66,4,T_e7ab2fad,4,3,0,0,0,4.59,3648
6997,920,round_end,184.54,1,T_8c03018b,1,0,2,100,24.71,0,3649
6998,920,round_end,371.99,2,T_8c03018b,2,0,0,100,0,0,3649
6999,920,round_end,416.26,1,T_a02bf5e9,0,1,1,0,0,0,3650
7000,920,round_end,547.16,2,T_5568bd9d,2,1,1,0,0,259.15,3650
7001,920,round_end,416.26,1,T_a02bf5e9,0,1,1,0,0,0,3651
7002,920,round_end,547.16,2,T_5568bd9d,2,1,1,0,0,259.15,3651
7003,920,round_end,184.54,1,T_8c03018b,1,0,2,100,24.71,0,3652
7004,920,round_end,371.99,2,T_8c03018b,2,0,0,100,0,0,3652
7005,920,round_end,611.45,1,T_9a31ae66,0,0,0,0,0,0,3653
7006,920,round_end,652.56,1,T_9a31ae66,0,0,0,0,0,0,3654
7007,920,round_end,525.71,1,T_2649596f,0,0,1,4,5,0,3655
7008,921,round_end,72.03,1,T_a02bf5e9,0,0,0,0,0,0,3656
7011,934,round_end,416.26,1,T_a02bf5e9,0,1,1,0,0,0,3661
7012,934,round_end,547.16,2,T_5568bd9d,2,1,1,0,0,259.15,3661
7013,934,round_end,184.54,1,T_8c03018b,1,0,2,100,24.71,0,3662
7014,934,round_end,371.99,2,T_8c03018b,2,0,0,100,0,0,3662
7015,934,round_end,611.45,1,T_9a31ae66,0,0,0,0,0,0,3663
7016,939,round_end,611.45,1,T_9a31ae66,0,0,0,0,0,0,3664
7017,939,round_end,652.56,1,T_9a31ae66,0,0,0,0,0,0,3666
7018,938,round_end,525.71,1,T_2649596f,0,0,1,4,5,0,3667
7019,938,round_end,525.71,1,T_2649596f,0,0,1,4,5,0,3668
7020,938,round_end,405.68,1,T_2649596f,0,0,4,5,3,0,3669
7021,938,round_end,587.23,1,T_2649596f,0,0,0,0,0,12.94,3670
7022,938,round_end,587.23,1,T_2649596f,0,0,0,0,0,12.94,3671
7023,938,round_end,405.68,1,T_2649596f,0,0,4,5,3,0,3672
6964,914,round_end,820.55,6,T_75f50b54,3,2,2,0,0,40,
6965,914,round_end,184.62,1,T_8c03018b,1,0,1,100,0,0,
6969,914,round_end,403.82,1,T_75f50b54,0,1,1,0,0,0,
6970,914,round_end,894.28,2,T_f62e24fe,3,3,3,0,0,0,
6971,914,round_end,894.28,2,T_f62e24fe,3,3,3,0,0,0,
6988,920,round_end,405.68,1,T_2649596f,0,0,4,5,3,0,
6991,920,round_end,652.56,1,T_9a31ae66,0,0,0,0,0,0,
6987,920,round_end,587.23,1,T_2649596f,0,0,0,0,0,12.94,
7024,533,round_end,420.86,1,T_a02bf5e9,0,1,1,0,0,0,3673
7025,533,round_end,810.17,2,T_5568bd9d,3,3,3,0,0,90.6,3673
7026,533,round_end,810.17,2,T_5568bd9d,3,3,3,0,0,90.6,3673
7027,938,round_end,587.23,1,T_2649596f,0,0,0,0,0,12.94,3674
7028,938,round_end,405.68,1,T_2649596f,0,0,4,5,3,0,3675
7029,938,round_end,236.52,1,T_2649596f,0,3,3,0,0,243.52,3676
7030,938,round_end,500.56,2,T_68c6a1f8,0,3,0,0,0,0,3676
7031,938,round_end,525.71,1,T_2649596f,0,0,1,4,5,0,3677
7032,533,round_end,217.55,1,T_8c03018b,1,0,1,100,21.25,0,3678
7033,533,round_end,413.72,2,T_8c03018b,2,0,2,100,11.87,0,3678
7034,533,round_end,598.41,3,T_8c03018b,3,0,0,100,19.35,0,3678
7035,940,round_end,263.85,1,T_8c03018b,0,1,0,69.36,100,0,3679
7036,940,round_end,514.61,2,T_8c03018b,0,2,2,50.45,100,0,3679
7037,940,round_end,862.42,3,T_8c03018b,0,3,1,97.94,100,0,3679
7038,940,round_end,545.83,1,T_09108de9,0,3,3,0,0,0,3680
7039,940,round_end,1064,2,T_553ef4f1,2,3,2,0,0,0,3680
7040,940,round_end,1005.84,5,T_09108de9,0,5,3,34.76,100,0,3681
7041,940,round_end,485.23,1,T_09108de9,0,2,2,0,0,0,3682
7042,940,round_end,983.42,2,T_553ef4f1,2,3,2,0,0,0,3682
7043,941,round_end,399.14,1,T_a02bf5e9,0,1,1,0,0,0,3683
7044,941,round_end,661.09,2,T_5568bd9d,3,3,3,0,0,217.95,3683
7045,941,round_end,661.09,2,T_5568bd9d,3,3,3,0,0,217.95,3683
7046,942,round_end,245.34,1,T_8c03018b,0,1,2,60.24,100,0,3684
7047,942,round_end,565.44,2,T_8c03018b,1,1,1,100,99.99,0,3684
7048,942,round_end,777.42,3,T_8c03018b,2,1,0,100,29.15,0,3684
7049,942,round_end,777.42,3,T_8c03018b,2,1,0,100,29.15,0,3684
7052,942,round_end,957.7,6,T_674c7502,2,3,4,0,0,40,3686
7054,942,round_end,390.17,1,T_674c7502,0,1,1,0,0,0,3688
7055,942,round_end,636.29,2,T_553ef4f1,3,3,3,0,0,233.84,3688
7056,942,round_end,636.29,2,T_553ef4f1,3,3,3,0,0,233.84,3688
7057,943,round_end,399.14,1,T_a02bf5e9,0,1,1,0,0,0,3689
7058,943,round_end,661.09,2,T_5568bd9d,3,3,3,0,0,217.95,3689
7059,943,round_end,661.09,2,T_5568bd9d,3,3,3,0,0,217.95,3689
7060,943,round_end,407.95,1,T_667a1c7e,0,0,0,0,0,192.19,3690
7061,943,round_end,240.04,1,T_667a1c7e,0,0,0,0,0,0,3691
7062,943,round_end,488.18,2,T_5a16ee7f,3,3,3,0,0,232.08,3691
7063,943,round_end,488.18,2,T_5a16ee7f,3,3,3,0,0,232.08,3691
7064,943,round_end,268.81,1,T_8c03018b,1,0,1,100,72.53,0,3692
7065,943,round_end,482.93,2,T_8c03018b,2,0,0,100,43.03,0,3692
7066,943,round_end,741.89,3,T_8c03018b,3,0,2,100,65.39,0,3692
7067,944,round_end,432.32,1,T_a02bf5e9,0,1,1,0,0,0,3693
7068,944,round_end,692.9,2,T_5568bd9d,2,1,1,0,0,129.38,3693
7069,945,round_end,489.05,1,T_a02bf5e9,0,3,3,0,0,0,3694
7070,945,round_end,1024.29,2,T_5568bd9d,3,3,3,0,0,0,3694
7071,945,round_end,1115.49,3,T_a02bf5e9,3,3,0,0,0,0,3694
7072,945,round_end,1222.3,4,T_5568bd9d,4,3,0,0,0,0,3694
7073,946,round_end,1202.29,7,T_a02bf5e9,2,5,0,99.99,100,0,3695
7074,947,round_end,432.32,1,T_a02bf5e9,0,1,1,0,0,0,3696
7075,947,round_end,692.9,2,T_5568bd9d,2,1,1,0,0,129.38,3696
7076,948,round_end,432.32,1,T_a02bf5e9,0,1,1,0,0,0,3697
7077,948,round_end,692.9,2,T_5568bd9d,2,1,1,0,0,129.38,3697
7078,949,round_end,432.32,1,T_a02bf5e9,0,1,1,0,0,0,3698
7079,949,round_end,692.9,2,T_5568bd9d,2,1,1,0,0,129.38,3698
7080,950,round_end,511.97,1,T_a02bf5e9,0,3,3,0,0,0,3699
7081,950,round_end,1006.23,2,T_5568bd9d,2,3,2,0,0,0,3699
7082,950,round_end,648.66,1,T_a02bf5e9,0,0,0,0,0,0,3700
7083,950,round_end,248.03,1,T_a02bf5e9,0,0,0,0,0,0,3701
7084,950,round_end,509.48,2,T_5568bd9d,1,0,0,0,0,0,3701
7085,950,round_end,410.37,1,T_a02bf5e9,0,0,0,3,5,0,3702
7086,951,round_end,222.48,1,T_8c03018b,1,0,2,100,44.43,0,3703
7087,951,round_end,505.11,2,T_8c03018b,2,0,1,100,99.99,0,3703
7088,951,round_end,739.32,3,T_8c03018b,3,0,0,100,52.28,0,3703
7089,951,round_end,407.64,1,T_a02bf5e9,0,1,1,0,0,0,3704
7090,951,round_end,653.33,2,T_5568bd9d,3,3,3,0,0,234.32,3704
7091,951,round_end,653.33,2,T_5568bd9d,3,3,3,0,0,234.32,3704
7092,951,round_end,970.81,6,T_a02bf5e9,2,3,2,0,0,40,3705
7093,951,round_end,264.58,1,T_a02bf5e9,0,3,3,0,0,215.48,3706
7094,951,round_end,774.83,2,T_5568bd9d,2,3,2,0,0,0,3706
7095,951,round_end,315.27,1,T_a02bf5e9,0,0,0,0,0,284.82,3707
7096,951,round_end,250.25,1,T_8c03018b,1,0,1,100,39.77,0,3708
7097,951,round_end,547.07,2,T_8c03018b,2,0,2,100,99.99,0,3708
7053,942,round_end,621.21,1,T_674c7502,0,0,0,0,0,0,
7098,951,round_end,250.25,1,T_8c03018b,1,0,1,100,39.77,0,3709
7099,951,round_end,547.07,2,T_8c03018b,2,0,2,100,99.99,0,3709
7100,951,round_end,798.89,3,T_8c03018b,2,1,0,56.6,100,0,3709
7101,951,round_end,798.89,3,T_8c03018b,2,1,0,56.6,100,0,3709
7102,950,round_end,329.07,1,T_a02bf5e9,0,3,3,0,0,151.03,3710
7103,950,round_end,739.37,2,T_5568bd9d,1,3,1,0,0,0,3710
7104,954,round_end,254.96,1,T_2649596f,0,0,0,0,0,0,3711
7105,954,round_end,329.34,2,T_9a31ae66,1,0,0,0,0,165.66,3711
7107,954,round_end,226.71,1,T_8c03018b,1,0,0,100,41.4,0,3713
7108,954,round_end,482.2,2,T_8c03018b,2,0,2,100,44.29,0,3713
7109,954,round_end,391.72,1,T_68c6a1f8,0,1,1,0,0,0,3714
7110,954,round_end,540.35,2,T_e7ab2fad,2,1,1,0,0,241.38,3714
7111,954,round_end,450.44,1,T_2649596f,0,1,1,0,0,0,3715
7112,954,round_end,565.5,2,T_9a31ae66,2,1,1,0,0,274.98,3715
7113,954,round_end,325.81,1,T_68c6a1f8,0,3,3,0,0,154.3,3716
7114,954,round_end,812,2,T_aa9f4ebe,2,3,2,0,0,0,3716
7115,954,round_end,351.97,1,T_2649596f,0,3,3,0,0,128.11,3717
7116,954,round_end,709.15,2,T_9a31ae66,3,3,3,0,0,122.75,3717
7117,954,round_end,925.5,3,T_9a31ae66,5,3,2,0,0,0,3717
7118,954,round_end,1165.51,4,T_2649596f,5,4,1,0,0,0,3717
7119,954,round_end,475.3,1,T_68c6a1f8,0,3,3,0,0,19.52,3718
7120,954,round_end,871.87,2,T_aa9f4ebe,1,3,1,0,0,0,3718
7121,954,round_end,450.44,1,T_2649596f,0,1,1,0,0,0,3719
7122,954,round_end,565.5,2,T_9a31ae66,2,1,1,0,0,274.98,3719
7123,955,round_end,331.61,1,T_a02bf5e9,0,3,3,0,0,148.48,3720
7124,955,round_end,793.28,2,T_5568bd9d,3,3,3,0,0,18.19,3720
7125,955,round_end,245.05,1,T_a02bf5e9,0,0,0,0,0,0,3721
7126,955,round_end,670.37,2,T_5568bd9d,3,3,3,0,0,54.75,3721
7127,955,round_end,670.37,2,T_5568bd9d,3,3,3,0,0,54.75,3721
7128,955,round_end,600.15,1,T_a02bf5e9,0,0,0,0,0,0,3722
7129,955,round_end,664.63,1,T_a02bf5e9,0,0,1,4,5,0,3723
7130,956,round_end,241.35,1,T_8c03018b,0,1,1,41.31,100,0,3724
7131,956,round_end,514.8,2,T_8c03018b,1,1,2,100,91.8,0,3724
7132,956,round_end,804.25,3,T_8c03018b,1,2,0,90.61,100,0,3724
7133,956,round_end,804.25,3,T_8c03018b,1,2,0,90.61,100,0,3724
7134,956,round_end,287.56,1,T_a02bf5e9,0,3,3,0,0,192.52,3725
7135,956,round_end,548.62,2,T_5568bd9d,0,3,0,0,0,0,3725
7136,956,round_end,479.58,1,T_a02bf5e9,0,3,3,0,0,0.61,3726
7137,956,round_end,967.87,2,T_5568bd9d,2,3,2,0,0,0,3726
7138,956,round_end,672.53,1,T_a02bf5e9,0,0,0,0,0,0,3727
7139,956,round_end,835.27,5,T_a02bf5e9,5,0,3,100,99.99,0,3728
7140,956,round_end,176.83,1,T_a02bf5e9,0,0,-1,0,5,0,3729
7149,958,round_end,423.2,1,T_a02bf5e9,0,1,1,0,0,0,3733
7150,958,round_end,919.04,2,T_5568bd9d,2,3,2,0,0,0,3733
7151,958,round_end,927.19,6,T_a02bf5e9,1,4,4,0,0,40,3734
7152,959,round_end,211.72,1,T_8c03018b,1,0,2,100,44,0,3735
7153,959,round_end,481.95,2,T_8c03018b,1,1,0,76.01,100,0,3735
7154,959,round_end,713.31,3,T_8c03018b,2,1,1,100,29.27,0,3735
7155,959,round_end,713.31,3,T_8c03018b,2,1,1,100,29.27,0,3735
7156,959,round_end,161.74,1,T_a02bf5e9,0,0,0,0,0,438.27,3736
7157,533,round_end,309.39,1,T_8c03018b,0,1,0,99.99,100,0,3737
7158,533,round_end,647.47,2,T_8c03018b,1,1,1,100,99.99,0,3737
7159,533,round_end,958.15,3,T_8c03018b,1,2,2,99.99,100,0,3737
7160,533,round_end,958.15,3,T_8c03018b,1,2,2,99.99,100,0,3737
7168,960,round_end,163.59,1,T_8c03018b,0,1,2,0,100,0,3741
7169,960,round_end,449.37,2,T_8c03018b,1,1,0,100,99.99,0,3741
7170,960,round_end,655.21,3,T_8c03018b,2,1,1,100,19.76,0,3741
7171,960,round_end,655.21,3,T_8c03018b,2,1,1,100,19.76,0,3741
7172,960,round_end,420.61,1,T_a02bf5e9,0,1,1,0,0,0,3742
7173,960,round_end,950.43,2,T_5568bd9d,2,3,2,0,0,0,3742
7142,958,round_end,214.6,1,T_8c03018b,0,1,2,0,100,0,
7146,958,round_end,500.39,1,T_a02bf5e9,0,2,2,0,0,0,
7147,958,round_end,1011.24,2,T_5568bd9d,3,3,3,0,0,0,
7148,958,round_end,1011.24,2,T_5568bd9d,3,3,3,0,0,0,
7161,533,round_end,245.05,1,T_a02bf5e9,0,0,0,0,0,0,
7162,533,round_end,508.88,2,T_5568bd9d,0,3,0,0,0,0,
7165,959,round_end,156.6,1,T_8c03018b,1,0,1,100,0,0,
7166,959,round_end,328.05,2,T_8c03018b,2,0,2,100,0,0,
7167,959,round_end,492.04,3,T_8c03018b,3,0,0,100,0,0,
7163,533,round_end,245.05,1,T_a02bf5e9,0,0,0,0,0,0,
7164,533,round_end,508.88,2,T_5568bd9d,0,3,0,0,0,0,
7174,960,round_end,848.47,6,T_a02bf5e9,3,2,2,0,0,40,3743
7175,960,round_end,514.94,1,T_a02bf5e9,0,2,2,0,0,0,3744
7176,960,round_end,1026.89,2,T_5568bd9d,2,3,2,0,0,0,3744
7177,960,round_end,681.55,1,T_a02bf5e9,0,0,0,0,0,0,3745
7178,960,round_end,302.93,1,T_8c03018b,1,0,0,100,99.99,0,3746
7179,960,round_end,596.6,2,T_8c03018b,1,1,2,91.89,100,0,3746
7180,960,round_end,936.04,3,T_8c03018b,2,1,1,100,99.99,0,3746
7181,960,round_end,936.04,3,T_8c03018b,2,1,1,100,99.99,0,3746
7182,961,round_end,331.61,1,T_a02bf5e9,0,3,3,0,0,148.48,3747
7183,961,round_end,793.28,2,T_5568bd9d,3,3,3,0,0,18.19,3747
7184,961,round_end,245.05,1,T_a02bf5e9,0,0,0,0,0,0,3748
7185,961,round_end,670.37,2,T_5568bd9d,3,3,3,0,0,54.75,3748
7186,961,round_end,670.37,2,T_5568bd9d,3,3,3,0,0,54.75,3748
7187,961,round_end,600.15,1,T_a02bf5e9,0,0,0,0,0,0,3749
7188,961,round_end,664.63,1,T_a02bf5e9,0,0,1,4,5,0,3750
7189,962,round_end,399.02,1,T_a02bf5e9,0,3,3,0,0,81.15,3751
7190,962,round_end,853.8,2,T_5568bd9d,3,3,3,0,0,25.06,3751
7191,962,round_end,841.86,6,T_a02bf5e9,4,1,2,0,0,40,3752
7195,963,round_end,278.81,1,T_8c03018b,0,1,1,94.42,100,0,3754
7196,963,round_end,509.34,2,T_8c03018b,0,2,2,38.41,100,0,3754
7197,963,round_end,717.92,3,T_8c03018b,1,2,0,100,28.93,0,3754
7198,963,round_end,717.92,3,T_8c03018b,1,2,0,100,28.93,0,3754
7199,963,round_end,438.01,1,T_a02bf5e9,0,3,3,0,0,42.1,3755
7200,963,round_end,698.45,2,T_5568bd9d,0,3,0,0,0,0,3755
7201,963,round_end,232.34,1,T_a02bf5e9,0,3,3,0,0,247.7,3756
7202,963,round_end,773.53,2,T_5568bd9d,2,3,2,0,0,0,3756
7203,963,round_end,651.62,1,T_a02bf5e9,0,0,0,0,0,0,3757
7204,963,round_end,500.44,1,T_a02bf5e9,0,0,1,4,5,0,3758
7205,963,round_end,714.87,5,T_a02bf5e9,0,5,4,0,100,0,3759
7206,964,round_end,390.13,1,T_a02bf5e9,0,1,1,0,0,0,3760
7207,964,round_end,673.97,2,T_5568bd9d,3,3,3,0,0,196.07,3760
7208,964,round_end,673.97,2,T_5568bd9d,3,3,3,0,0,196.07,3760
7209,964,round_end,684.74,1,T_a02bf5e9,0,0,0,0,0,0,3761
7210,964,round_end,859.85,6,T_a02bf5e9,2,3,0,0,0,40,3762
7211,964,round_end,263.77,1,T_a02bf5e9,0,0,0,0,0,0,3763
7212,964,round_end,604.3,2,T_5568bd9d,3,3,3,0,0,139.58,3763
7213,964,round_end,604.3,2,T_5568bd9d,3,3,3,0,0,139.58,3763
7214,964,round_end,266.3,1,T_8c03018b,0,1,2,61.76,100,0,3764
7215,964,round_end,565.86,2,T_8c03018b,1,1,0,100,98.15,0,3764
7216,959,round_end,156.6,1,T_8c03018b,1,0,1,100,0,0,3765
7217,959,round_end,328.05,2,T_8c03018b,2,0,2,100,0,0,3765
7218,959,round_end,492.04,3,T_8c03018b,3,0,0,100,0,0,3765
7219,965,round_end,298.55,1,T_8c03018b,0,1,2,99.99,100,0,3766
7220,965,round_end,541.12,2,T_8c03018b,1,1,1,100,69.51,0,3766
7221,965,round_end,827.62,3,T_8c03018b,2,1,0,100,93.1,0,3766
7222,965,round_end,827.62,3,T_8c03018b,2,1,0,100,93.1,0,3766
7223,965,round_end,395.13,1,T_a02bf5e9,0,1,1,0,0,0,3767
7224,965,round_end,733.95,2,T_5568bd9d,3,3,3,0,0,141.07,3767
7225,965,round_end,733.95,2,T_5568bd9d,3,3,3,0,0,141.07,3767
7226,965,round_end,240.04,1,T_a02bf5e9,0,0,0,0,0,0,3768
7227,965,round_end,574.42,2,T_5568bd9d,3,3,3,0,0,145.79,3768
7228,965,round_end,574.42,2,T_5568bd9d,3,3,3,0,0,145.79,3768
7229,965,round_end,891.17,6,T_a02bf5e9,4,1,4,0,0,40,3769
7230,965,round_end,421.07,1,T_a02bf5e9,0,0,0,3,5,0,3770
7231,966,round_end,218.54,1,T_8c03018b,1,0,1,100,12.83,0,3771
7232,966,round_end,530.56,2,T_8c03018b,2,0,2,100,99.99,0,3771
7233,966,round_end,782.41,3,T_8c03018b,3,0,0,100,49.69,0,3771
7234,967,round_end,261.7,1,T_4d01c8f1,0,0,0,0,0,338.36,3772
7235,968,round_end,218.54,1,T_8c03018b,1,0,1,100,12.83,0,3773
7236,968,round_end,530.56,2,T_8c03018b,2,0,2,100,99.99,0,3773
7237,968,round_end,782.41,3,T_8c03018b,3,0,0,100,49.69,0,3773
7238,969,round_end,226.63,1,T_8c03018b,1,0,2,100,43.71,0,3774
7239,969,round_end,408.63,2,T_8c03018b,1,1,0,14.09,100,0,3774
7240,969,round_end,643.58,3,T_8c03018b,2,1,1,100,33.71,0,3774
7241,969,round_end,643.58,3,T_8c03018b,2,1,1,100,33.71,0,3774
7242,970,round_end,264.19,1,T_8c03018b,1,0,1,100,79.32,0,3775
7243,970,round_end,544.65,2,T_8c03018b,2,0,0,100,91.07,0,3775
7244,970,round_end,761.72,3,T_8c03018b,3,0,2,100,20.75,0,3775
7245,970,round_end,508.69,1,T_a02bf5e9,0,2,2,0,0,0,3776
7246,970,round_end,988.43,2,T_5568bd9d,2,3,2,0,0,0,3776
7247,970,round_end,858.82,5,T_a02bf5e9,5,0,2,100,58.58,0,3777
7248,970,round_end,359.59,1,T_a02bf5e9,0,3,3,0,0,120.53,3778
7249,970,round_end,845.29,2,T_5568bd9d,2,3,2,0,0,0,3778
7250,970,round_end,402.72,1,T_a02bf5e9,0,0,0,0,0,197.48,3779
7251,971,round_end,270.89,1,T_8c03018b,0,1,0,57.05,100,0,3780
7252,971,round_end,509.83,2,T_8c03018b,0,2,2,37.6,100,0,3780
7253,971,round_end,778.25,3,T_8c03018b,0,3,1,89.52,100,0,3780
7254,972,round_end,268.35,1,T_8c03018b,1,0,0,100,67.67,0,3781
7255,972,round_end,451.16,2,T_8c03018b,2,0,2,100,18.19,0,3781
7256,972,round_end,644.46,3,T_8c03018b,3,0,1,100,0,0,3781
7257,971,round_end,390.18,1,T_a02bf5e9,0,1,1,0,0,0,3782
7258,971,round_end,802.01,2,T_5568bd9d,1,3,1,0,0,0,3782
7259,972,round_end,600.14,1,T_f6707f5c,0,0,0,0,0,0,3783
7262,972,round_end,494.43,1,T_f6707f5c,0,2,2,0,0,0,3785
7263,972,round_end,994.52,2,T_1699ed97,3,3,3,0,0,0,3785
7264,972,round_end,994.52,2,T_1699ed97,3,3,3,0,0,0,3785
7265,972,round_end,494.43,1,T_f6707f5c,0,2,2,0,0,0,3786
7266,972,round_end,994.52,2,T_1699ed97,3,3,3,0,0,0,3786
7267,972,round_end,994.52,2,T_1699ed97,3,3,3,0,0,0,3786
7268,971,round_end,825.68,5,T_a02bf5e9,0,5,1,0,100,0,3787
7269,972,round_end,494.43,1,T_f6707f5c,0,2,2,0,0,0,3788
7270,972,round_end,994.52,2,T_1699ed97,3,3,3,0,0,0,3788
7271,972,round_end,994.52,2,T_1699ed97,3,3,3,0,0,0,3788
7272,972,round_end,509.09,1,T_f6707f5c,0,2,2,0,0,0,3789
7273,972,round_end,1056.77,2,T_1699ed97,2,3,2,0,0,0,3789
7274,972,round_end,494.43,1,T_f6707f5c,0,2,2,0,0,0,3790
7275,972,round_end,994.52,2,T_1699ed97,3,3,3,0,0,0,3790
7276,972,round_end,994.52,2,T_1699ed97,3,3,3,0,0,0,3790
7278,971,round_end,390.14,1,T_a02bf5e9,0,1,1,0,0,0,3792
7279,971,round_end,849.21,2,T_5568bd9d,3,3,3,0,0,20.72,3792
7280,971,round_end,849.21,2,T_5568bd9d,3,3,3,0,0,20.72,3792
7281,972,round_end,527.37,1,T_f6707f5c,0,2,2,0,0,0,3793
7282,972,round_end,1013.66,2,T_1699ed97,3,3,3,0,0,0,3793
7283,972,round_end,1013.66,2,T_1699ed97,3,3,3,0,0,0,3793
7284,972,round_end,494.43,1,T_f6707f5c,0,2,2,0,0,0,3794
7285,972,round_end,994.52,2,T_1699ed97,3,3,3,0,0,0,3794
7286,972,round_end,994.52,2,T_1699ed97,3,3,3,0,0,0,3794
7287,972,round_end,494.43,1,T_f6707f5c,0,2,2,0,0,0,3795
7288,972,round_end,994.52,2,T_1699ed97,3,3,3,0,0,0,3795
7289,972,round_end,994.52,2,T_1699ed97,3,3,3,0,0,0,3795
7290,972,round_end,494.43,1,T_f6707f5c,0,2,2,0,0,0,3796
7291,972,round_end,994.52,2,T_1699ed97,3,3,3,0,0,0,3796
7292,972,round_end,994.52,2,T_1699ed97,3,3,3,0,0,0,3796
7293,972,round_end,494.43,1,T_f6707f5c,0,2,2,0,0,0,3797
7294,972,round_end,994.52,2,T_1699ed97,3,3,3,0,0,0,3797
7295,972,round_end,994.52,2,T_1699ed97,3,3,3,0,0,0,3797
7296,972,round_end,494.43,1,T_f6707f5c,0,2,2,0,0,0,3798
7297,972,round_end,994.52,2,T_1699ed97,3,3,3,0,0,0,3798
7298,972,round_end,994.52,2,T_1699ed97,3,3,3,0,0,0,3798
7299,973,round_end,494.43,1,T_f6707f5c,0,2,2,0,0,0,3799
7300,973,round_end,994.52,2,T_1699ed97,3,3,3,0,0,0,3799
7301,973,round_end,994.52,2,T_1699ed97,3,3,3,0,0,0,3799
7302,974,round_end,494.43,1,T_f6707f5c,0,2,2,0,0,0,3800
7303,974,round_end,994.52,2,T_1699ed97,3,3,3,0,0,0,3800
7304,974,round_end,994.52,2,T_1699ed97,3,3,3,0,0,0,3800
7305,972,round_end,494.43,1,T_f6707f5c,0,2,2,0,0,0,3801
7306,972,round_end,994.52,2,T_1699ed97,3,3,3,0,0,0,3801
7307,972,round_end,994.52,2,T_1699ed97,3,3,3,0,0,0,3801
7308,975,round_end,159.3,1,T_8c03018b,0,1,1,0,100,0,3802
7309,975,round_end,398.48,2,T_8c03018b,1,1,2,100,43.95,0,3802
7310,975,round_end,681.13,3,T_8c03018b,1,2,0,79.21,100,0,3802
7311,975,round_end,681.13,3,T_8c03018b,1,2,0,79.21,100,0,3802
7312,975,round_end,424.34,1,T_8b7c3d9b,0,3,3,0,0,55.85,3803
7313,975,round_end,904.1,2,T_1699ed97,2,3,2,0,0,0,3803
7314,975,round_end,914.45,6,T_8b7c3d9b,3,2,1,0,0,40,3804
7315,975,round_end,279.38,1,T_8b7c3d9b,0,0,0,0,0,0,3805
7316,975,round_end,705.58,2,T_1699ed97,1,3,1,0,0,0,3805
7317,975,round_end,282.27,1,T_8b7c3d9b,0,0,0,0,0,317.81,3806
7277,971,round_end,298.62,1,T_a02bf5e9,0,0,0,0,0,301.46,
7318,975,round_end,585.1,1,T_8b7c3d9b,0,2,2,0,0,0,
7320,976,round_end,193.97,1,T_8c03018b,1,0,2,100,24.32,0,
7321,976,round_end,357.14,2,T_8c03018b,2,0,1,100,0,0,
7323,976,round_end,178.45,1,T_a02bf5e9,0,0,5,5,0,0,3809
7324,977,round_end,180.21,1,T_8c03018b,1,0,1,100,0,0,3810
7325,977,round_end,355.41,2,T_8c03018b,2,0,0,100,0,0,3810
7326,977,round_end,591.71,3,T_8c03018b,3,0,2,100,42.19,0,3810
7329,977,round_end,298.79,1,T_a02bf5e9,0,0,0,0,0,301.28,3813
7330,977,round_end,992.36,6,T_a02bf5e9,3,2,3,0,0,40,3814
7331,977,round_end,602.68,1,T_a02bf5e9,0,0,4,5,3,0,3815
7332,977,round_end,540.13,1,T_a02bf5e9,0,2,2,0,0,0,3816
7333,977,round_end,786.74,2,T_be7ae347,0,3,0,0,0,0,3816
7334,980,round_end,345.14,1,T_8c03018b,1,0,1,100,99.99,0,3817
7335,980,round_end,542.86,2,T_8c03018b,1,1,2,0,100,0,3817
7336,980,round_end,766.64,3,T_8c03018b,1,2,0,54.29,100,0,3817
7337,980,round_end,766.64,3,T_8c03018b,1,2,0,54.29,100,0,3817
7340,980,round_end,480.25,1,T_26e6dabd,0,2,2,0,0,0,3819
7341,980,round_end,1006.03,2,T_1699ed97,3,3,3,0,0,0,3819
7342,980,round_end,1006.03,2,T_1699ed97,3,3,3,0,0,0,3819
7343,981,round_end,207.34,1,T_8c03018b,0,1,2,12.15,100,0,3820
7344,981,round_end,488.25,2,T_8c03018b,1,1,1,100,78.59,0,3820
7345,981,round_end,706.44,3,T_8c03018b,1,2,0,46.55,100,0,3820
7346,981,round_end,706.44,3,T_8c03018b,1,2,0,46.55,100,0,3820
7347,981,round_end,385.75,1,T_db8cc624,0,3,3,0,0,94.38,3821
7348,981,round_end,646.42,2,T_bcf820e4,0,3,0,0,0,0,3821
7350,981,round_end,292.45,1,T_db8cc624,0,3,3,0,0,187.61,3823
7351,981,round_end,807.04,2,T_bcf820e4,2,3,2,0,0,0,3823
7352,981,round_end,600.19,1,T_db8cc624,0,0,0,0,0,0,3824
7353,980,round_end,768.95,6,T_26e6dabd,3,2,2,0,0,40,3825
7355,980,round_end,560.56,1,T_26e6dabd,0,0,1,4,5,0,3827
7359,982,round_end,392.64,1,T_04b64bac,0,3,3,0,0,87.53,3829
7360,982,round_end,888.32,2,T_3238eb96,3,3,3,0,0,0,3829
7364,982,round_end,448.64,1,T_04b64bac,0,0,0,0,0,151.53,3832
7365,982,round_end,390.19,1,T_04b64bac,0,1,1,0,0,0,3833
7366,982,round_end,700.86,2,T_3238eb96,3,3,3,0,0,169.3,3833
7367,982,round_end,700.86,2,T_3238eb96,3,3,3,0,0,169.3,3833
7368,982,round_end,482.67,1,T_04b64bac,0,2,2,0,0,0,3834
7369,982,round_end,752.75,2,T_3238eb96,3,3,3,0,0,209.78,3834
7370,982,round_end,752.75,2,T_3238eb96,3,3,3,0,0,209.78,3834
7373,984,round_end,165.34,1,T_8c03018b,1,0,0,100,0,0,3836
7374,984,round_end,433.72,2,T_8c03018b,2,0,2,100,66.73,0,3836
7375,984,round_end,751.69,3,T_8c03018b,3,0,1,100,99.99,0,3836
7376,984,round_end,250.54,1,T_00cb894d,0,0,0,0,0,0,3837
7377,984,round_end,733.81,2,T_3238eb96,3,3,3,0,0,0,3837
7378,984,round_end,733.81,2,T_3238eb96,3,3,3,0,0,0,3837
7381,984,round_end,615.09,1,T_00cb894d,0,0,0,0,0,0,3839
7382,984,round_end,779.18,5,T_00cb894d,5,0,2,100,99.99,0,3840
7383,984,round_end,292.82,1,T_8c03018b,0,1,2,97.52,100,0,3841
7384,984,round_end,571.68,2,T_8c03018b,1,1,0,100,89.67,0,3841
7385,984,round_end,796.07,3,T_8c03018b,2,1,1,100,46,0,3841
7386,984,round_end,796.07,3,T_8c03018b,2,1,1,100,46,0,3841
7387,984,round_end,250.54,1,T_00cb894d,0,0,0,0,0,0,3842
7388,984,round_end,733.81,2,T_3238eb96,3,3,3,0,0,0,3842
7389,984,round_end,733.81,2,T_3238eb96,3,3,3,0,0,0,3842
7390,984,round_end,250.54,1,T_00cb894d,0,0,0,0,0,0,3843
7391,984,round_end,733.81,2,T_3238eb96,3,3,3,0,0,0,3843
7392,984,round_end,733.81,2,T_3238eb96,3,3,3,0,0,0,3843
7396,985,round_end,303.89,1,T_8c03018b,0,1,0,89.36,100,0,3845
7338,980,round_end,495.1,1,T_26e6dabd,0,3,3,0,0,8.32,
7339,980,round_end,884.89,2,T_1699ed97,1,3,1,0,0,0,
7354,980,round_end,628.05,1,T_26e6dabd,0,0,0,0,0,0,
7356,982,round_end,163.75,1,T_8c03018b,1,0,0,100,0,0,
7357,982,round_end,402.31,2,T_8c03018b,2,0,1,100,46.16,0,
7371,982,round_end,480.22,1,T_04b64bac,0,2,2,0,0,0,
7372,982,round_end,959.98,2,T_3238eb96,2,3,2,0,0,0,
7363,982,round_end,819.25,6,T_04b64bac,4,1,0,0,0,40,
7379,984,round_end,344.9,1,T_00cb894d,0,3,3,0,0,135.24,
7380,984,round_end,878.04,2,T_3238eb96,3,3,3,0,0,0,
7393,984,round_end,250.54,1,T_00cb894d,0,0,0,0,0,0,
7394,984,round_end,733.81,2,T_3238eb96,3,3,3,0,0,0,
7349,981,round_end,778.35,6,T_db8cc624,1,4,1,0,0,40,
7397,985,round_end,469.42,2,T_8c03018b,0,2,1,0,100,0,3845
7398,985,round_end,730.84,3,T_8c03018b,1,2,2,100,74.51,0,3845
7399,985,round_end,730.84,3,T_8c03018b,1,2,2,100,74.51,0,3845
7400,985,round_end,185.86,1,T_a02bf5e9,0,0,5,5,0,0,3846
7401,985,round_end,452.29,1,T_a02bf5e9,0,3,3,0,0,27.94,3847
7402,985,round_end,937.12,2,T_5568bd9d,2,3,2,0,0,0,3847
7403,985,round_end,613.83,1,T_a02bf5e9,0,0,0,0,0,0,3848
7408,985,round_end,185.86,1,T_a02bf5e9,0,0,5,5,0,0,3851
7411,985,round_end,185.86,1,T_a02bf5e9,0,0,5,5,0,0,3853
7412,986,round_end,277.22,1,T_8c03018b,0,1,0,88.47,100,0,3854
7413,986,round_end,551.5,2,T_8c03018b,1,1,2,100,93.23,0,3854
7414,986,round_end,844.81,3,T_8c03018b,2,1,1,100,87,0,3854
7415,986,round_end,844.81,3,T_8c03018b,2,1,1,100,87,0,3854
7416,986,round_end,420.85,1,T_a02bf5e9,0,3,3,0,0,59.35,3855
7417,986,round_end,870.39,2,T_5568bd9d,3,3,3,0,0,30.35,3855
7418,986,round_end,397.93,1,T_a02bf5e9,0,1,1,0,0,0,3856
7419,986,round_end,719.47,2,T_5568bd9d,3,3,3,0,0,158.4,3856
7420,986,round_end,719.47,2,T_5568bd9d,3,3,3,0,0,158.4,3856
7421,986,round_end,397.46,1,T_a02bf5e9,0,1,1,0,0,0,3857
7422,986,round_end,795.2,2,T_5568bd9d,3,3,3,0,0,82.08,3857
7423,986,round_end,795.2,2,T_5568bd9d,3,3,3,0,0,82.08,3857
7425,986,round_end,320.48,1,T_a02bf5e9,0,0,0,0,0,279.61,3859
7426,986,round_end,246.62,1,T_a02bf5e9,0,0,4,5,1,0,3860
7427,987,round_end,172.49,1,T_8c03018b,0,1,0,6.88,100,0,3861
7428,987,round_end,366.85,2,T_8c03018b,1,1,1,100,21.81,0,3861
7429,987,round_end,647.85,3,T_8c03018b,1,2,2,77.56,100,0,3861
7430,987,round_end,647.85,3,T_8c03018b,1,2,2,77.56,100,0,3861
7431,988,round_end,337.46,1,T_a02bf5e9,0,3,3,0,0,142.64,3862
7432,988,round_end,742.48,2,T_1699ed97,1,3,1,0,0,0,3862
7433,988,round_end,340.12,1,T_a02bf5e9,0,3,3,0,0,140.02,3863
7434,988,round_end,827.68,2,T_1699ed97,2,3,2,0,0,0,3863
7435,988,round_end,727.64,5,T_a02bf5e9,0,5,3,0,100,0,3864
7436,988,round_end,558.17,1,T_a02bf5e9,0,0,0,0,0,42.1,3865
7437,988,round_end,436.34,1,T_a02bf5e9,0,0,4,5,4,0,3866
7438,990,round_end,162.78,1,T_8c03018b,1,0,0,100,0,0,3867
7439,990,round_end,358.52,2,T_8c03018b,2,0,2,100,0,0,3867
7440,990,round_end,591.96,3,T_8c03018b,3,0,1,100,56.93,0,3867
7460,990,round_end,411.14,1,T_dfd70c07,0,1,1,0,0,0,3876
7461,990,round_end,772.21,2,T_3238eb96,3,3,3,0,0,118.75,3876
7462,990,round_end,772.21,2,T_3238eb96,3,3,3,0,0,118.75,3876
7463,990,round_end,178.97,1,T_dfd70c07,0,0,5,5,0,0,3877
7464,990,round_end,272.58,1,T_dfd70c07,0,0,0,0,0,327.48,3878
7465,990,round_end,395.17,1,T_dfd70c07,0,1,1,0,0,0,3879
7466,990,round_end,785.1,2,T_3238eb96,1,3,1,0,0,0,3879
7467,990,round_end,240.04,1,T_dfd70c07,0,0,0,0,0,0,3880
7468,990,round_end,505.49,2,T_3238eb96,3,3,3,0,0,214.74,3880
7469,990,round_end,505.49,2,T_3238eb96,3,3,3,0,0,214.74,3880
7470,990,round_end,240.04,1,T_dfd70c07,0,0,0,0,0,0,3881
7471,990,round_end,514.9,2,T_3238eb96,3,3,3,0,0,205.33,3881
7472,990,round_end,514.9,2,T_3238eb96,3,3,3,0,0,205.33,3881
7476,991,round_end,348.06,1,T_8c03018b,1,0,0,100,99.99,0,3883
7477,991,round_end,592.41,2,T_8c03018b,1,1,2,71.28,100,0,3883
7478,991,round_end,856.95,3,T_8c03018b,1,2,1,61.83,100,0,3883
7479,991,round_end,856.95,3,T_8c03018b,1,2,1,61.83,100,0,3883
7480,991,round_end,410.02,1,T_a02bf5e9,0,1,1,0,0,0,3884
7481,991,round_end,739.33,2,T_5568bd9d,3,3,3,0,0,150.66,3884
7482,991,round_end,739.33,2,T_5568bd9d,3,3,3,0,0,150.66,3884
7483,991,round_end,794.68,5,T_a02bf5e9,5,0,2,100,84.37,0,3885
7484,991,round_end,390.14,1,T_a02bf5e9,0,1,1,0,0,0,3886
7485,991,round_end,880.72,2,T_5568bd9d,2,3,2,0,0,0,3886
7486,992,round_end,257.36,1,T_8c03018b,1,0,2,100,55.23,0,3887
7487,992,round_end,586.26,2,T_8c03018b,1,1,1,99.99,100,0,3887
7488,992,round_end,837.76,3,T_8c03018b,2,1,0,100,39.07,0,3887
7489,992,round_end,837.76,3,T_8c03018b,2,1,0,100,39.07,0,3887
7490,992,round_end,396.57,1,T_2b7aadcd,0,3,3,0,0,83.56,3888
7491,992,round_end,786.44,2,T_3238eb96,1,3,1,0,0,0,3888
7492,992,round_end,819,6,T_2b7aadcd,1,4,1,0,0,40,3889
7493,992,round_end,545.74,1,T_2b7aadcd,0,2,2,0,0,0,3890
7494,992,round_end,792.59,2,T_3238eb96,0,3,0,0,0,0,3890
7405,985,round_end,480.21,1,T_a02bf5e9,0,2,2,0,0,0,
7424,986,round_end,786.95,5,T_a02bf5e9,5,0,3,100,86.79,0,
7495,992,round_end,670.37,1,T_2b7aadcd,0,0,0,0,0,0,3891
7496,992,round_end,535.76,1,T_2b7aadcd,0,3,3,0,0,0,3892
7497,992,round_end,1036.77,2,T_3238eb96,2,3,2,0,0,0,3892
7498,996,round_end,498.77,1,T_a02bf5e9,0,2,2,0,0,0,3894
7499,996,round_end,852.57,2,T_5568bd9d,3,2,2,0,0,126.02,3894
7500,996,round_end,286.61,1,T_a02bf5e9,0,0,0,0,0,0,3895
7501,996,round_end,346.19,2,T_5568bd9d,1,0,0,0,0,180.39,3895
7502,997,round_end,199.33,1,T_8c03018b,0,1,0,33.97,100,0,3896
7503,997,round_end,362.75,2,T_8c03018b,0,2,1,0,100,0,3896
7508,998,round_end,822,5,T_2649596f,3,2,4,100,0,0,3899
7509,998,round_end,154.58,1,T_8c03018b,1,0,1,100,0,0,3900
7510,998,round_end,356.94,2,T_8c03018b,2,0,2,100,37,0,3900
7523,1001,round_end,286.62,1,T_8c03018b,0,1,1,79.71,100,0,3906
7524,1001,round_end,455.69,2,T_8c03018b,0,2,0,0,100,0,3906
7525,1001,round_end,670.98,3,T_8c03018b,0,3,2,25.2,100,0,3906
7526,1000,round_end,495.45,1,T_ef5236df,0,2,2,0,0,0,3907
7527,1000,round_end,916.98,2,T_05bd8a51,1,3,1,0,0,0,3907
7528,1002,round_end,341.09,1,T_899dd41d,0,3,3,0,0,139.01,3908
7529,1002,round_end,807.69,2,T_1699ed97,3,3,3,0,0,13.25,3908
7530,1000,round_end,250.92,1,T_ef5236df,0,3,3,0,0,229.13,3909
7531,1000,round_end,740.47,2,T_05bd8a51,2,3,2,0,0,0,3909
7532,1002,round_end,659.12,1,T_899dd41d,0,0,0,0,0,0,3910
7533,1000,round_end,203.88,1,T_ef5236df,0,0,0,0,0,396.15,3911
7534,1000,round_end,759.87,5,T_ef5236df,0,5,3,16.25,100,0,3912
7535,1000,round_end,759.87,5,T_ef5236df,0,5,3,16.25,100,0,3913
7536,1002,round_end,485.61,1,T_899dd41d,0,2,2,0,0,0,3914
7537,1002,round_end,886.2,2,T_1699ed97,1,3,1,0,0,0,3914
7538,1002,round_end,853.62,6,T_899dd41d,1,4,2,0,0,40,3915
7539,1002,round_end,286.62,1,T_8c03018b,0,1,1,79.71,100,0,3916
7540,1002,round_end,455.69,2,T_8c03018b,0,2,0,0,100,0,3916
7541,1002,round_end,670.98,3,T_8c03018b,0,3,2,25.2,100,0,3916
7542,1000,round_end,286.36,1,T_8c03018b,0,1,1,99.99,100,0,3917
7543,1000,round_end,594.22,2,T_8c03018b,0,2,0,99.99,100,0,3917
7544,1000,round_end,808.76,3,T_8c03018b,1,2,2,100,30.4,0,3917
7545,1000,round_end,808.76,3,T_8c03018b,1,2,2,100,30.4,0,3917
7546,1000,round_end,759.87,5,T_ef5236df,0,5,3,16.25,100,0,3918
7547,1000,round_end,759.87,5,T_ef5236df,0,5,3,16.25,100,0,3919
7548,1003,round_end,320.23,1,T_8c03018b,0,1,2,99.99,100,0,3920
7549,1003,round_end,611.23,2,T_8c03018b,0,2,1,99.99,100,0,3920
7550,1003,round_end,910.75,3,T_8c03018b,1,2,0,100,99.99,0,3920
7551,1003,round_end,910.75,3,T_8c03018b,1,2,0,100,99.99,0,3920
7552,1003,round_end,422.25,1,T_a02bf5e9,0,1,1,0,0,0,3921
7553,1003,round_end,662.16,2,T_1699ed97,0,3,0,0,0,0,3921
7554,1003,round_end,253.63,1,T_a02bf5e9,0,3,3,0,0,226.42,3922
7555,1003,round_end,748,2,T_1699ed97,2,3,2,0,0,0,3922
7556,1003,round_end,422.25,1,T_a02bf5e9,0,1,1,0,0,0,3923
7557,1003,round_end,662.16,2,T_1699ed97,0,3,0,0,0,0,3923
7559,1003,round_end,821.07,6,T_a02bf5e9,2,3,1,0,0,40,3925
7560,1003,round_end,450.52,1,T_a02bf5e9,0,0,1,4,5,0,3926
7561,1004,round_end,447.99,1,T_3238eb96,0,3,3,0,0,32.2,3927
7562,1004,round_end,876.93,2,T_0b3fafe7,1,3,1,0,0,0,3927
7563,1004,round_end,288.76,1,T_8c03018b,1,0,0,100,99.99,0,3928
7564,1004,round_end,583.64,2,T_8c03018b,2,0,1,100,99.99,0,3928
7565,1004,round_end,833.83,3,T_8c03018b,3,0,2,100,65.64,0,3928
7566,1004,round_end,875.17,6,T_3238eb96,3,2,2,0,0,40,3929
7567,1004,round_end,410.13,1,T_3238eb96,0,1,1,0,0,0,3930
7568,1004,round_end,853.59,2,T_0b3fafe7,3,3,3,0,0,36.41,3930
7506,997,round_end,388.48,1,T_68c6a1f8,0,3,3,0,0,91.64,
7507,997,round_end,638.7,2,T_aa9f4ebe,0,3,0,0,0,0,
7511,999,round_end,257.36,1,T_8c03018b,1,0,2,100,55.23,0,
7512,999,round_end,586.26,2,T_8c03018b,1,1,1,99.99,100,0,
7515,999,round_end,545.74,1,T_2b7aadcd,0,2,2,0,0,0,
7516,999,round_end,792.59,2,T_3238eb96,0,3,0,0,0,0,
7517,999,round_end,819,6,T_2b7aadcd,1,4,1,0,0,40,
7518,999,round_end,396.57,1,T_2b7aadcd,0,3,3,0,0,83.56,
7519,999,round_end,786.44,2,T_3238eb96,1,3,1,0,0,0,
7520,1000,round_end,340.6,1,T_8c03018b,0,1,1,99.99,100,0,
7521,1000,round_end,644.66,2,T_8c03018b,0,2,2,90.71,100,0,
7522,1000,round_end,810.16,3,T_8c03018b,0,3,0,0,100,0,
7558,1003,round_end,659.02,1,T_a02bf5e9,0,0,0,0,0,0,
7569,1004,round_end,853.59,2,T_0b3fafe7,3,3,3,0,0,36.41,3930
7570,1003,round_end,379.9,1,T_a02bf5e9,0,3,3,0,0,100.22,3931
7571,1003,round_end,951.46,2,T_1699ed97,3,3,3,0,0,0,3931
7572,1005,round_end,158.98,1,T_8c03018b,1,0,1,100,0,0,3932
7573,1005,round_end,325.89,2,T_8c03018b,2,0,0,100,0,0,3932
7574,1009,round_end,282.12,1,T_8c03018b,0,1,2,99.99,100,0,3933
7575,1009,round_end,534.63,2,T_8c03018b,0,2,1,41.56,100,0,3933
7576,1009,round_end,763.35,3,T_8c03018b,1,2,0,100,38.55,0,3933
7577,1009,round_end,763.35,3,T_8c03018b,1,2,0,100,38.55,0,3933
7578,1009,round_end,540.94,1,T_a02bf5e9,0,3,3,0,0,0,3934
7579,1009,round_end,976.29,2,T_1699ed97,3,3,3,0,0,44.42,3934
7580,1009,round_end,378.22,1,T_a02bf5e9,0,3,3,0,0,101.94,3935
7581,1009,round_end,791.67,2,T_1699ed97,3,3,3,0,0,66.5,3935
7582,1009,round_end,358.66,1,T_a02bf5e9,0,0,0,0,0,241.48,3936
7583,1009,round_end,788.32,6,T_a02bf5e9,1,4,4,0,0,40,3937
7584,1009,round_end,441.97,1,T_a02bf5e9,0,0,0,3,5,0,3938
7585,1010,round_end,162.79,1,T_8c03018b,1,0,2,100,0,0,3939
7586,1010,round_end,327.89,2,T_8c03018b,2,0,0,100,0,0,3939
7587,1010,round_end,485.8,3,T_8c03018b,3,0,1,100,0,0,3939
7591,1010,round_end,817.51,5,T_4994897b,5,0,4,100,0,0,3941
7592,1010,round_end,399.76,1,T_4994897b,0,1,1,0,0,0,3942
7593,1010,round_end,864.95,2,T_3238eb96,3,3,3,0,0,14.59,3942
7594,1010,round_end,864.95,2,T_3238eb96,3,3,3,0,0,14.59,3942
7595,1010,round_end,611.29,1,T_4994897b,0,0,0,0,0,0,3943
7596,1010,round_end,531.79,1,T_4994897b,0,0,0,3,5,0,3944
7597,1010,round_end,488.06,1,T_4994897b,0,2,2,0,0,0,3945
7598,1010,round_end,988.98,2,T_3238eb96,2,3,2,0,0,0,3945
7599,1011,round_end,435.21,1,T_a02bf5e9,0,1,1,0,0,0,3946
7600,1011,round_end,729.61,2,T_5568bd9d,3,3,3,0,0,185.56,3946
7601,1011,round_end,729.61,2,T_5568bd9d,3,3,3,0,0,185.56,3946
7602,1011,round_end,715.49,1,T_a02bf5e9,0,0,0,0,0,0,3947
7603,1011,round_end,779.28,6,T_a02bf5e9,2,3,4,0,0,40,3948
7604,1011,round_end,515.2,1,T_a02bf5e9,0,2,2,0,0,0,3949
7605,1011,round_end,904.99,2,T_5568bd9d,1,3,1,0,0,0,3949
7606,1011,round_end,197.06,1,T_8c03018b,0,1,1,0,100,0,3950
7607,1011,round_end,397.53,2,T_8c03018b,0,2,0,28.55,100,0,3950
7608,1011,round_end,681.34,3,T_8c03018b,0,3,2,87.38,100,0,3950
7609,1012,round_end,273.42,1,T_8c03018b,0,1,1,88.6,100,0,3951
7610,1012,round_end,431.93,2,T_8c03018b,1,1,2,100,0,0,3951
7611,1012,round_end,595.02,3,T_8c03018b,1,2,0,0,100,0,3951
7612,1012,round_end,595.02,3,T_8c03018b,1,2,0,0,100,0,3951
7613,1012,round_end,391.34,1,T_a02bf5e9,0,3,3,0,0,88.79,3952
7614,1012,round_end,871.17,2,T_5568bd9d,2,3,2,0,0,0,3952
7615,1012,round_end,781.27,5,T_a02bf5e9,0,5,3,62.28,100,0,3953
7616,1012,round_end,427.48,1,T_a02bf5e9,0,3,3,0,0,88.42,3954
7617,1012,round_end,721.23,2,T_5568bd9d,0,3,0,0,0,0,3954
7618,1012,round_end,628.62,1,T_a02bf5e9,0,0,0,0,0,0,3955
7619,1012,round_end,542.36,1,T_a02bf5e9,0,0,3,5,4,0,3956
7620,1013,round_end,279.53,1,T_8c03018b,1,0,1,100,93.88,0,3957
7621,1013,round_end,575.75,2,T_8c03018b,1,1,0,94.01,100,0,3957
7622,1013,round_end,872.67,3,T_8c03018b,2,1,2,100,99.99,0,3957
7623,1013,round_end,872.67,3,T_8c03018b,2,1,2,100,99.99,0,3957
7624,1013,round_end,504.93,1,T_a02bf5e9,0,2,2,0,0,0,3958
7625,1013,round_end,892.85,2,T_5568bd9d,3,3,3,0,0,91.86,3958
7626,1013,round_end,892.85,2,T_5568bd9d,3,3,3,0,0,91.86,3958
7627,1013,round_end,774.18,6,T_a02bf5e9,4,1,4,0,0,40,3959
7628,1013,round_end,505.37,1,T_a02bf5e9,0,2,2,0,0,0,3960
7629,1013,round_end,825.32,2,T_5568bd9d,3,3,3,0,0,159.88,3960
7630,1013,round_end,825.32,2,T_5568bd9d,3,3,3,0,0,159.88,3960
7631,1013,round_end,634.18,1,T_a02bf5e9,0,0,0,0,0,0,3961
7633,1013,round_end,237.78,1,T_8c03018b,1,0,0,100,48.21,0,3963
7634,1013,round_end,480.15,2,T_8c03018b,2,0,2,100,58.59,0,3963
7635,1013,round_end,772.68,3,T_8c03018b,3,0,1,100,99.99,0,3963
7640,1014,round_end,490.97,1,T_05e2eced,0,2,2,0,0,0,3965
7641,1014,round_end,764.95,2,T_2649596f,3,2,2,0,0,205.87,3965
7642,1014,round_end,668.94,1,T_05e2eced,0,0,0,0,0,0,3966
7643,1021,round_end,491.76,1,T_a02bf5e9,0,3,3,0,0,0,3967
7632,1013,round_end,330.5,1,T_a02bf5e9,0,0,4,5,2,0,
7636,1014,round_end,491.76,1,T_a02bf5e9,0,3,3,0,0,0,
7637,1014,round_end,751.56,2,T_5568bd9d,3,3,3,0,0,220.08,
7638,1014,round_end,841.34,3,T_a02bf5e9,3,3,0,0,0,0,
7644,1021,round_end,751.56,2,T_5568bd9d,3,3,3,0,0,220.08,3967
7645,1021,round_end,841.34,3,T_a02bf5e9,3,3,0,0,0,0,3967
7646,1021,round_end,1121.26,4,T_5568bd9d,3,4,0,0,0,0,3967
7647,1021,round_end,483.59,1,T_41f135cc,0,0,3,5,3,0,3968
7648,1021,round_end,606.2,4,T_41f135cc,1,3,3,65.78,100,0,3969
7649,1021,round_end,399.61,1,T_05e2eced,0,3,3,0,0,80.46,3970
7650,1021,round_end,789.53,2,T_04e16151,1,3,1,0,0,0,3970
7651,1022,round_end,337.46,1,T_a02bf5e9,0,3,3,0,0,142.65,3971
7652,1022,round_end,788.56,2,T_5568bd9d,3,3,3,0,0,28.83,3971
7653,1022,round_end,773.84,6,T_a02bf5e9,3,2,0,0,0,40,3972
7655,1022,round_end,491.81,1,T_a02bf5e9,0,2,2,0,0,0,3974
7656,1022,round_end,949.16,2,T_5568bd9d,3,3,3,0,0,22.43,3974
7657,1022,round_end,949.16,2,T_5568bd9d,3,3,3,0,0,22.43,3974
7658,1022,round_end,818.04,6,T_a02bf5e9,4,1,4,0,0,40,3975
7666,1023,round_end,281.63,1,T_a02bf5e9,0,3,3,0,0,198.43,3978
7667,1023,round_end,705.35,2,T_5568bd9d,1,3,1,0,0,0,3978
7668,1023,round_end,237.89,1,T_a02bf5e9,0,3,3,0,0,242.15,3979
7669,1023,round_end,682.04,2,T_5568bd9d,1,3,1,0,0,0,3979
7670,1023,round_end,184.59,1,T_a02bf5e9,0,0,0,0,0,415.43,3980
7671,1024,round_end,247.07,1,T_8c03018b,0,1,1,54.32,100,0,3981
7672,1024,round_end,406.13,2,T_8c03018b,0,2,2,0,100,0,3981
7673,1024,round_end,708.02,3,T_8c03018b,0,3,0,96.31,100,0,3981
7674,1024,round_end,512.93,1,T_a02bf5e9,0,3,3,0,0,0,3982
7675,1024,round_end,1021.45,2,T_5568bd9d,2,3,2,0,0,0,3982
7676,1024,round_end,291.73,1,T_a02bf5e9,0,3,3,0,0,188.34,3983
7677,1024,round_end,531.87,2,T_5568bd9d,0,3,0,0,0,0,3983
7678,1025,round_end,345.07,1,T_8c03018b,1,0,2,100,99.99,0,3984
7679,1025,round_end,510.14,2,T_8c03018b,1,1,0,0,100,0,3984
7680,1025,round_end,756.15,3,T_8c03018b,1,2,1,47.69,100,0,3984
7681,1025,round_end,756.15,3,T_8c03018b,1,2,1,47.69,100,0,3984
7684,1024,round_end,859.76,6,T_a02bf5e9,3,2,0,0,0,39.99,3986
7685,1024,round_end,543.35,1,T_a02bf5e9,0,0,0,0,0,56.84,3987
7686,1024,round_end,414.66,1,T_a02bf5e9,0,0,0,2,5,0,3988
7687,1025,round_end,384.08,1,T_3238eb96,0,3,3,0,0,96.1,3989
7688,1025,round_end,632.93,2,T_bcf820e4,0,3,0,0,0,0,3989
7689,1025,round_end,648.3,5,T_3238eb96,0,5,2,0,100,0,3990
7690,1025,round_end,407.17,1,T_3238eb96,0,3,3,0,0,72.98,3991
7691,1025,round_end,809.98,2,T_bcf820e4,1,3,1,0,0,0,3991
7693,1025,round_end,442.49,1,T_3238eb96,0,0,1,3,5,0,3993
7694,1026,round_end,420.97,1,T_a02bf5e9,0,3,3,0,0,59.2,3994
7695,1026,round_end,810.88,2,T_5568bd9d,1,3,1,0,0,0,3994
7705,1026,round_end,449.73,1,T_a02bf5e9,0,0,0,3,5,0,4000
7706,1028,round_end,180.05,1,T_8c03018b,1,0,2,100,0,0,4002
7707,1028,round_end,342.55,2,T_8c03018b,2,0,0,100,0,0,4002
7708,1028,round_end,636.4,3,T_8c03018b,2,1,1,99.99,100,0,4002
7709,1028,round_end,636.4,3,T_8c03018b,2,1,1,99.99,100,0,4002
7710,1028,round_end,600.14,1,T_00cb894d,0,0,0,0,0,0,4003
7711,1028,round_end,410.17,1,T_00cb894d,0,1,1,0,0,0,4004
7712,1028,round_end,679.02,2,T_3238eb96,3,3,3,0,0,211.14,4004
7713,1028,round_end,679.02,2,T_3238eb96,3,3,3,0,0,211.14,4004
7714,1028,round_end,761.2,6,T_00cb894d,3,2,3,0,0,40,4005
7715,1028,round_end,398.23,1,T_00cb894d,0,1,1,0,0,0,4006
7716,1028,round_end,886.1,2,T_3238eb96,3,3,3,0,0,0,4006
7717,1028,round_end,886.1,2,T_3238eb96,3,3,3,0,0,0,4006
7659,1022,round_end,271.05,1,T_8c03018b,0,1,2,75.77,100,0,
7663,1023,round_end,247.58,1,T_8c03018b,0,1,0,75.13,100,0,
7664,1023,round_end,525.81,2,T_8c03018b,0,2,1,81.4,100,0,
7665,1023,round_end,734.17,3,T_8c03018b,0,3,2,44.19,100,0,
7682,1025,round_end,384.08,1,T_3238eb96,0,3,3,0,0,96.1,
7683,1025,round_end,632.93,2,T_bcf820e4,0,3,0,0,0,0,
7692,1025,round_end,197.83,1,T_3238eb96,0,0,0,0,0,402.2,
7701,1026,round_end,302.8,1,T_8c03018b,1,0,1,100,99.99,0,
7702,1026,round_end,617.04,2,T_8c03018b,2,0,0,100,99.99,0,
7703,1026,round_end,856.9,3,T_8c03018b,3,0,2,100,56.44,0,
7696,1026,round_end,908.85,6,T_a02bf5e9,3,2,0,0,0,40,
7697,1026,round_end,504.6,1,T_a02bf5e9,0,2,2,0,0,0,
7698,1026,round_end,773.81,2,T_5568bd9d,3,3,3,0,0,210.64,
7699,1026,round_end,773.81,2,T_5568bd9d,3,3,3,0,0,210.64,
7704,1026,round_end,449.73,1,T_a02bf5e9,0,0,0,3,5,0,
7700,1026,round_end,335.97,1,T_a02bf5e9,0,0,0,0,0,264.14,
7718,1028,round_end,406.53,1,T_00cb894d,0,0,3,5,3,0,4007
7719,1029,round_end,413.94,1,T_a02bf5e9,0,1,1,0,0,0,4008
7720,1029,round_end,831.06,2,T_5568bd9d,3,3,3,0,0,62.78,4008
7721,1029,round_end,831.06,2,T_5568bd9d,3,3,3,0,0,62.78,4008
7722,1029,round_end,887.44,6,T_a02bf5e9,2,3,2,0,0,40,4009
7724,1029,round_end,652.13,1,T_a02bf5e9,0,0,0,0,0,0,4011
7728,1030,round_end,207.51,1,T_8c03018b,0,1,2,16.41,100,0,4013
7729,1030,round_end,430.24,2,T_8c03018b,0,2,1,27.12,100,0,4013
7730,1030,round_end,695.57,3,T_8c03018b,0,3,0,60.61,100,0,4013
7733,1030,round_end,480.21,1,T_a02bf5e9,0,2,2,0,0,0,4015
7734,1030,round_end,745.78,2,T_1699ed97,0,3,0,0,0,0,4015
7735,1030,round_end,615.04,1,T_a02bf5e9,0,0,0,0,0,0,4016
7738,1030,round_end,327.71,1,T_8c03018b,1,0,1,100,99.99,0,4019
7739,1030,round_end,489.05,2,T_8c03018b,1,1,2,0,100,0,4019
7740,1030,round_end,763.87,3,T_8c03018b,1,2,0,94.02,100,0,4019
7741,1030,round_end,763.87,3,T_8c03018b,1,2,0,94.02,100,0,4019
7736,1030,round_end,860.48,6,T_a02bf5e9,1,4,2,0,0,40,4017
7742,1031,round_end,194.42,1,T_8c03018b,0,1,0,0,100,0,4020
7743,1031,round_end,431.78,2,T_8c03018b,0,2,1,39.09,100,0,4020
7744,1031,round_end,601.29,3,T_8c03018b,0,3,2,0,100,0,4020
7745,1031,round_end,375.92,1,T_a02bf5e9,0,3,3,0,0,104.18,4021
7746,1031,round_end,615.84,2,T_1699ed97,0,3,0,0,0,0,4021
7747,1031,round_end,424.37,1,T_a02bf5e9,0,3,3,0,0,55.76,4022
7748,1031,round_end,852.63,2,T_1699ed97,1,3,1,0,0,0,4022
7759,1031,round_end,754.08,5,T_a02bf5e9,0,5,3,67.5,100,0,4029
7760,1031,round_end,635.19,1,T_a02bf5e9,0,0,0,0,0,0,4030
7761,1031,round_end,431.69,1,T_a02bf5e9,0,0,2,4,5,0,4031
7762,1031,round_end,309.23,1,T_8c03018b,1,0,2,100,99.99,0,4032
7763,1031,round_end,577.3,2,T_8c03018b,1,1,1,80.04,100,0,4032
7764,1031,round_end,909.05,3,T_8c03018b,2,1,0,100,99.99,0,4032
7765,1031,round_end,909.05,3,T_8c03018b,2,1,0,100,99.99,0,4032
7766,1034,round_end,138.06,1,T_a02bf5e9,0,0,0,0,0,461.94,4033
7767,1034,round_end,175.39,1,T_8c6b6c44,0,0,0,0,0,424.62,4034
7768,1035,round_end,175.39,1,T_8c6b6c44,0,0,0,0,0,424.62,4035
7769,1036,round_end,892.09,6,T_a02bf5e9,3,2,4,0,0,40,4036
7770,1037,round_end,892.09,6,T_a02bf5e9,3,2,4,0,0,40,4037
7771,1038,round_end,892.09,6,T_a02bf5e9,3,2,4,0,0,40,4038
7772,1039,round_end,892.09,6,T_a02bf5e9,3,2,4,0,0,40,4039
7773,1040,round_end,395.56,1,T_a02bf5e9,0,1,1,0,0,0,4040
7774,1040,round_end,776.62,2,T_5568bd9d,3,3,3,0,0,98.78,4040
7775,1040,round_end,776.62,2,T_5568bd9d,3,3,3,0,0,98.78,4040
7776,1041,round_end,395.56,1,T_a02bf5e9,0,1,1,0,0,0,4041
7777,1041,round_end,776.62,2,T_5568bd9d,3,3,3,0,0,98.78,4041
7778,1041,round_end,776.62,2,T_5568bd9d,3,3,3,0,0,98.78,4041
7779,1042,round_end,395.56,1,T_a02bf5e9,0,1,1,0,0,0,4042
7780,1042,round_end,776.62,2,T_5568bd9d,3,3,3,0,0,98.78,4042
7781,1042,round_end,776.62,2,T_5568bd9d,3,3,3,0,0,98.78,4042
7782,1042,round_end,640.03,1,T_a02bf5e9,0,0,0,0,0,0,4043
7783,1042,round_end,517.84,1,T_a02bf5e9,0,0,0,3,5,0,4044
7784,1049,round_end,239.65,1,T_8c03018b,0,1,2,66.83,100,0,4045
7785,1049,round_end,499.34,2,T_8c03018b,0,2,1,56.28,100,0,4045
7786,1049,round_end,708.25,3,T_8c03018b,0,3,0,31.3,100,0,4045
7787,1049,round_end,514.74,1,T_ffdf9583,0,2,2,0,0,0,4046
7788,1049,round_end,922.15,2,T_985fffee,1,3,1,0,0,0,4046
7789,1049,round_end,621.23,1,T_ffdf9583,0,0,0,0,0,0,4047
7790,1049,round_end,781.97,6,T_ffdf9583,1,4,3,0,0,40,4048
7794,1049,round_end,501.31,1,T_ffdf9583,0,2,2,0,0,0,4050
7795,1049,round_end,1009.2,2,T_985fffee,3,3,3,0,0,5.95,4050
7796,1049,round_end,1009.2,2,T_985fffee,3,3,3,0,0,5.95,4050
7797,1049,round_end,621.23,1,T_ffdf9583,0,0,0,0,0,0,4051
7798,1049,round_end,621.23,1,T_ffdf9583,0,0,0,0,0,0,4052
7799,1050,round_end,177.29,1,T_8c03018b,0,1,1,9.49,100,0,4053
7800,1050,round_end,406.27,2,T_8c03018b,0,2,2,60.27,100,0,4053
7801,1050,round_end,654.8,3,T_8c03018b,0,3,0,40.09,100,0,4053
7725,1029,round_end,480.21,1,T_a02bf5e9,0,2,2,0,0,0,
7731,1030,round_end,432.77,1,T_a02bf5e9,0,3,3,0,0,47.42,
7732,1030,round_end,751.27,2,T_1699ed97,3,3,3,0,0,161.4,
7737,1030,round_end,281.64,1,T_a02bf5e9,0,0,4,5,1,0,
7791,1049,round_end,403.95,1,T_ffdf9583,0,1,1,0,0,0,
7792,1049,round_end,724.87,2,T_985fffee,3,3,3,0,0,159.03,
7793,1049,round_end,724.87,2,T_985fffee,3,3,3,0,0,159.03,
7802,1050,round_end,405.77,1,T_bd77122f,0,3,3,0,0,74.36,4054
7803,1050,round_end,952.94,2,T_1699ed97,2,3,2,0,0,0,4054
7804,1050,round_end,329.65,1,T_bd77122f,0,3,3,0,0,150.47,4055
7805,1050,round_end,764.22,2,T_1699ed97,1,3,1,0,0,0,4055
7806,1050,round_end,669.59,1,T_bd77122f,0,0,0,0,0,0,4056
7807,1050,round_end,721.31,5,T_bd77122f,0,5,2,62.06,100,0,4057
7808,1050,round_end,243.05,1,T_bd77122f,0,0,0,1,5,0,4058
7809,1051,round_end,258.14,1,T_8c03018b,1,0,1,100,80.75,0,4059
7810,1051,round_end,418.17,2,T_8c03018b,2,0,2,100,0,0,4059
7811,1051,round_end,579.43,3,T_8c03018b,3,0,0,100,0,0,4059
7812,1051,round_end,480.25,1,T_a02bf5e9,0,2,2,0,0,0,4060
7813,1051,round_end,742.99,2,T_5568bd9d,3,3,3,0,0,217.18,4060
7814,1051,round_end,742.99,2,T_5568bd9d,3,3,3,0,0,217.18,4060
7815,1051,round_end,708.18,5,T_a02bf5e9,5,0,1,100,68.36,0,4061
7816,1051,round_end,517.16,1,T_a02bf5e9,0,2,2,0,0,0,4062
7817,1051,round_end,906.72,2,T_5568bd9d,3,3,3,0,0,90.23,4062
7818,1051,round_end,906.72,2,T_5568bd9d,3,3,3,0,0,90.23,4062
7819,1051,round_end,288.59,1,T_a02bf5e9,0,0,0,0,0,311.48,4063
7820,1051,round_end,385.61,1,T_a02bf5e9,0,0,0,3,5,0,4064
7821,1051,round_end,200.65,1,T_8c03018b,1,0,1,100,21.87,0,4065
7822,1051,round_end,475.26,2,T_8c03018b,2,0,0,100,72.73,0,4065
7823,1051,round_end,690.4,3,T_8c03018b,3,0,2,100,39.39,0,4065
7824,1052,round_end,157.14,1,T_8c03018b,1,0,0,100,0,0,4066
7825,1052,round_end,315.67,2,T_8c03018b,1,1,1,0,100,0,4066
7826,1052,round_end,490.38,3,T_8c03018b,2,1,2,100,0,0,4066
7827,1052,round_end,490.38,3,T_8c03018b,2,1,2,100,0,0,4066
7828,1052,round_end,257.58,1,T_bb3ff955,0,0,0,0,0,0,4067
7829,1052,round_end,558.94,2,T_3238eb96,3,3,3,0,0,178.82,4067
7830,1052,round_end,558.94,2,T_3238eb96,3,3,3,0,0,178.82,4067
7831,1052,round_end,416.97,1,T_bb3ff955,0,1,1,0,0,0,4068
7832,1052,round_end,950.49,2,T_3238eb96,3,3,3,0,0,8.86,4068
7833,1052,round_end,950.49,2,T_3238eb96,3,3,3,0,0,8.86,4068
7834,1052,round_end,969.74,6,T_bb3ff955,3,2,2,0,0,40,4069
7835,1052,round_end,407.71,1,T_bb3ff955,0,0,0,0,0,192.42,4070
7836,1052,round_end,542.32,1,T_bb3ff955,0,0,1,4,5,0,4071
7837,1052,round_end,403.88,1,T_bb3ff955,0,3,3,0,0,76.3,4072
7838,1052,round_end,643.79,2,T_3238eb96,0,3,0,0,0,0,4072
7843,1053,round_end,260.25,1,T_a02bf5e9,0,0,0,0,0,0,4074
7844,1053,round_end,795.78,2,T_5568bd9d,3,3,3,0,0,0,4074
7845,1053,round_end,795.78,2,T_5568bd9d,3,3,3,0,0,0,4074
7856,1055,round_end,256.05,1,T_8c03018b,0,1,2,39.89,100,0,4080
7857,1055,round_end,538.81,2,T_8c03018b,1,1,1,100,86.91,0,4080
7858,1055,round_end,808.5,3,T_8c03018b,2,1,0,100,79.56,0,4080
7859,1055,round_end,808.5,3,T_8c03018b,2,1,0,100,79.56,0,4080
7860,1056,round_end,251.61,1,T_a02bf5e9,0,0,0,0,0,0,4081
7861,1056,round_end,742.42,2,T_3238eb96,2,3,2,0,0,0,4081
7862,1056,round_end,390.18,1,T_a02bf5e9,0,1,1,0,0,0,4082
7863,1056,round_end,701.81,2,T_3238eb96,3,3,3,0,0,168.35,4082
7864,1056,round_end,701.81,2,T_3238eb96,3,3,3,0,0,168.35,4082
7865,1056,round_end,626.1,1,T_a02bf5e9,0,0,0,0,0,0,4083
7866,1056,round_end,878.86,6,T_a02bf5e9,4,1,3,0,0,40,4084
7867,1056,round_end,483.3,1,T_a02bf5e9,0,0,4,5,3,0,4085
7868,1056,round_end,569.54,1,T_a02bf5e9,0,0,0,0,0,30.66,4086
7869,1056,round_end,256.05,1,T_8c03018b,0,1,2,39.89,100,0,4087
7870,1056,round_end,538.81,2,T_8c03018b,1,1,1,100,86.91,0,4087
7871,1056,round_end,808.5,3,T_8c03018b,2,1,0,100,79.56,0,4087
7872,1056,round_end,808.5,3,T_8c03018b,2,1,0,100,79.56,0,4087
7873,1056,round_end,256.05,1,T_8c03018b,0,1,2,39.89,100,0,4088
7874,1056,round_end,538.81,2,T_8c03018b,1,1,1,100,86.91,0,4088
7875,1056,round_end,808.5,3,T_8c03018b,2,1,0,100,79.56,0,4088
7847,1053,round_end,499.9,1,T_a02bf5e9,0,2,2,0,0,0,
7848,1053,round_end,894.17,2,T_5568bd9d,3,3,3,0,0,85.52,
7849,1053,round_end,894.17,2,T_5568bd9d,3,3,3,0,0,85.52,
7846,1053,round_end,833.29,5,T_a02bf5e9,5,0,3,100,99.99,0,
7850,1053,round_end,370.67,1,T_a02bf5e9,0,0,0,0,0,229.46,
7851,1053,round_end,477.35,1,T_a02bf5e9,0,0,1,4,5,0,
7852,1054,round_end,256.05,1,T_8c03018b,0,1,2,39.89,100,0,
7853,1054,round_end,538.81,2,T_8c03018b,1,1,1,100,86.91,0,
7854,1054,round_end,808.5,3,T_8c03018b,2,1,0,100,79.56,0,
7876,1056,round_end,808.5,3,T_8c03018b,2,1,0,100,79.56,0,4088
7877,1056,round_end,256.05,1,T_8c03018b,0,1,2,39.89,100,0,4089
7878,1056,round_end,538.81,2,T_8c03018b,1,1,1,100,86.91,0,4089
7879,1056,round_end,808.5,3,T_8c03018b,2,1,0,100,79.56,0,4089
7880,1056,round_end,808.5,3,T_8c03018b,2,1,0,100,79.56,0,4089
7881,1056,round_end,256.05,1,T_8c03018b,0,1,2,39.89,100,0,4090
7882,1056,round_end,538.81,2,T_8c03018b,1,1,1,100,86.91,0,4090
7883,1056,round_end,808.5,3,T_8c03018b,2,1,0,100,79.56,0,4090
7884,1056,round_end,808.5,3,T_8c03018b,2,1,0,100,79.56,0,4090
7885,1056,round_end,256.05,1,T_8c03018b,0,1,2,39.89,100,0,4091
7886,1056,round_end,538.81,2,T_8c03018b,1,1,1,100,86.91,0,4091
7887,1056,round_end,808.5,3,T_8c03018b,2,1,0,100,79.56,0,4091
7888,1056,round_end,808.5,3,T_8c03018b,2,1,0,100,79.56,0,4091
7889,1057,round_end,317.64,1,T_8c03018b,1,0,0,100,99.99,0,4092
7890,1057,round_end,497.08,2,T_8c03018b,1,1,2,17.15,100,0,4092
7891,1057,round_end,775.17,3,T_8c03018b,2,1,1,100,86.56,0,4092
7892,1057,round_end,775.17,3,T_8c03018b,2,1,1,100,86.56,0,4092
7893,1057,round_end,577.6,1,T_a02bf5e9,0,2,2,0,0,0,4093
7894,1057,round_end,825.53,2,T_5568bd9d,0,3,0,0,0,0,4093
7895,1057,round_end,378.63,1,T_a02bf5e9,0,3,3,0,0,101.49,4094
7896,1057,round_end,624.85,2,T_5568bd9d,0,3,0,0,0,0,4094
7897,1057,round_end,671.22,1,T_a02bf5e9,0,0,0,0,0,0,4095
7898,1057,round_end,957.97,6,T_a02bf5e9,2,3,0,0,0,40,4096
7899,1057,round_end,159.11,1,T_8c03018b,0,1,1,0,100,0,4097
7900,1057,round_end,519.73,2,T_8c03018b,0,2,0,99.99,100,0,4097
7901,1057,round_end,701.52,3,T_8c03018b,0,3,2,0,100,0,4097
7902,1058,round_end,192.18,1,T_8c03018b,0,1,1,27.88,100,0,4098
7903,1058,round_end,411.26,2,T_8c03018b,1,1,0,100,34.03,0,4098
7904,1058,round_end,584.78,3,T_8c03018b,2,1,2,100,0,0,4098
7905,1058,round_end,584.78,3,T_8c03018b,2,1,2,100,0,0,4098
7906,1058,round_end,413.36,1,T_a02bf5e9,0,3,3,0,0,66.79,4099
7907,1058,round_end,808.18,2,T_1699ed97,1,3,1,0,0,0,4099
7908,1058,round_end,390.78,1,T_a02bf5e9,0,3,3,0,0,89.37,4100
7909,1058,round_end,909.2,2,T_1699ed97,2,3,2,0,0,0,4100
7910,1058,round_end,463.32,1,T_a02bf5e9,0,0,0,0,0,136.89,4101
7911,1058,round_end,826.86,6,T_a02bf5e9,4,1,2,0,0,40,4102
7913,1059,round_end,230.1,1,T_8c03018b,1,0,1,100,21.32,0,4104
7914,1059,round_end,420.21,2,T_8c03018b,1,1,2,0,100,0,4104
7915,1059,round_end,637.25,3,T_8c03018b,1,2,0,46.48,100,0,4104
7916,1059,round_end,637.25,3,T_8c03018b,1,2,0,46.48,100,0,4104
7917,1059,round_end,430.09,1,T_d26e7e80,0,3,3,0,0,50.04,4105
7918,1059,round_end,667.01,2,T_3238eb96,3,3,3,0,0,242.99,4105
7919,1059,round_end,422.15,1,T_d26e7e80,0,1,1,0,0,0,4106
7920,1059,round_end,812.05,2,T_3238eb96,1,3,1,0,0,0,4106
7921,1059,round_end,638.38,1,T_d26e7e80,0,0,0,0,0,0,4107
7922,1059,round_end,262.08,1,T_8c03018b,1,0,1,100,65.89,0,4108
7923,1059,round_end,416.49,2,T_8c03018b,1,1,0,0,100,0,4108
7924,1059,round_end,596.19,3,T_8c03018b,1,2,2,0,100,0,4108
7925,1059,round_end,596.19,3,T_8c03018b,1,2,2,0,100,0,4108
7928,1060,round_end,297.14,1,T_8c03018b,1,0,0,100,94.26,0,4111
7929,1060,round_end,609.4,2,T_8c03018b,2,0,2,100,94.82,0,4111
7930,1060,round_end,842.41,3,T_8c03018b,3,0,1,100,50.68,0,4111
7931,1060,round_end,426.12,1,T_a02bf5e9,0,3,3,0,0,54.06,4112
7932,1060,round_end,827.9,2,T_5568bd9d,3,3,3,0,0,78.1,4112
7933,1060,round_end,827.9,2,T_5568bd9d,3,3,3,0,0,78.1,4112
7935,1060,round_end,353.93,1,T_a02bf5e9,0,0,1,3,5,0,4114
7936,1060,round_end,401.97,1,T_a02bf5e9,0,1,1,0,0,0,4115
7937,1060,round_end,973.08,2,T_5568bd9d,2,3,2,0,0,0,4115
7938,1061,round_end,283.81,1,T_a02bf5e9,0,3,3,0,0,196.25,4116
7939,1061,round_end,764.66,2,T_5568bd9d,3,3,3,0,0,6.94,4116
7940,1061,round_end,894.21,3,T_5568bd9d,4,3,1,0,0,0,4116
7941,1061,round_end,1106.43,4,T_a02bf5e9,4,5,1,0,0,36.98,4116
7942,1061,round_end,423.68,1,T_68c6a1f8,0,3,3,0,0,56.46,4117
7943,1061,round_end,920.01,2,T_aa9f4ebe,3,3,3,0,0,0,4117
7944,1061,round_end,1044.36,3,T_aa9f4ebe,4,3,1,0,0,0,4117
7945,1061,round_end,1179.31,4,T_68c6a1f8,4,5,1,0,0,0,4117
7946,1061,round_end,423.68,1,T_68c6a1f8,0,3,3,0,0,56.46,4118
7947,1061,round_end,920.01,2,T_aa9f4ebe,3,3,3,0,0,0,4118
7948,1061,round_end,1044.36,3,T_aa9f4ebe,4,3,1,0,0,0,4118
7949,1061,round_end,1179.31,4,T_68c6a1f8,4,5,1,0,0,0,4118
7934,1060,round_end,745.86,5,T_a02bf5e9,0,5,2,0,100,0,
7927,1060,round_end,669.16,1,T_a02bf5e9,0,0,0,0,0,0,
7926,1059,round_end,797.5,5,T_d26e7e80,5,0,4,100,0,0,
7950,1061,round_end,423.68,1,T_68c6a1f8,0,3,3,0,0,56.46,4119
7951,1061,round_end,920.01,2,T_aa9f4ebe,3,3,3,0,0,0,4119
7952,1061,round_end,1044.36,3,T_aa9f4ebe,4,3,1,0,0,0,4119
7953,1061,round_end,1179.31,4,T_68c6a1f8,4,5,1,0,0,0,4119
7959,1062,round_end,356.15,1,T_5de6f547,0,0,0,0,0,243.98,4122
7960,1062,round_end,408.2,1,T_5de6f547,0,1,1,0,0,0,4123
7961,1062,round_end,907.51,2,T_3238eb96,3,3,3,0,0,0,4123
7962,1062,round_end,907.51,2,T_3238eb96,3,3,3,0,0,0,4123
7963,1062,round_end,772.39,6,T_5de6f547,4,1,2,0,0,40,4124
7964,1062,round_end,455.52,1,T_5de6f547,0,0,4,5,3,0,4125
7965,1062,round_end,321.69,1,T_8c03018b,0,1,0,99.99,100,0,4126
7966,1062,round_end,502.67,2,T_8c03018b,1,1,2,100,13.24,0,4126
7967,1062,round_end,728.85,3,T_8c03018b,2,1,1,100,47.13,0,4126
7968,1062,round_end,728.85,3,T_8c03018b,2,1,1,100,47.13,0,4126
7969,1064,round_end,220.01,1,T_8c03018b,0,1,2,38.47,100,0,4127
7970,1064,round_end,480.46,2,T_8c03018b,0,2,1,76.4,100,0,4127
7971,1064,round_end,671.16,3,T_8c03018b,0,3,0,0,100,0,4127
7972,1063,round_end,535.11,1,T_a02bf5e9,0,2,2,0,0,0,4128
7973,1063,round_end,951.59,2,T_1699ed97,1,3,1,0,0,0,4128
7977,1063,round_end,507.4,1,T_a02bf5e9,0,2,2,0,0,0,4130
7978,1063,round_end,1016.12,2,T_1699ed97,3,3,3,0,0,0,4130
7979,1063,round_end,1016.12,2,T_1699ed97,3,3,3,0,0,0,4130
7980,1063,round_end,752.6,6,T_a02bf5e9,3,2,3,0,0,40,4131
7981,1063,round_end,381.55,1,T_a02bf5e9,0,0,0,0,0,218.62,4132
7982,1065,round_end,291.51,1,T_8c03018b,1,0,0,100,99.99,0,4133
7983,1065,round_end,570.35,2,T_8c03018b,1,1,2,99.99,100,0,4133
7984,1065,round_end,779.37,3,T_8c03018b,2,1,1,100,39.16,0,4133
7985,1065,round_end,779.37,3,T_8c03018b,2,1,1,100,39.16,0,4133
7986,1065,round_end,512.77,1,T_a02bf5e9,0,2,2,0,0,0,4134
7987,1065,round_end,1010.3,2,T_1699ed97,2,3,2,0,0,0,4134
7988,1065,round_end,249.42,1,T_a02bf5e9,0,0,0,0,0,0,4135
7989,1065,round_end,749.63,2,T_1699ed97,2,3,2,0,0,0,4135
7990,1065,round_end,789.15,6,T_a02bf5e9,3,2,1,0,0,40,4136
7992,1068,round_end,232.05,1,T_8c03018b,1,0,1,100,38.24,0,4138
7993,1068,round_end,495.4,2,T_8c03018b,1,1,0,77.79,100,0,4138
7994,1068,round_end,817.35,3,T_8c03018b,1,2,2,99.99,100,0,4138
7995,1068,round_end,817.35,3,T_8c03018b,1,2,2,99.99,100,0,4138
7999,1068,round_end,591.71,1,T_3238eb96,0,0,0,0,0,8.52,4140
8003,1069,round_end,305.09,1,T_8c03018b,0,1,0,99.99,100,0,4143
8004,1069,round_end,511.97,2,T_8c03018b,0,2,2,36.17,100,0,4143
8005,1069,round_end,825.77,3,T_8c03018b,1,2,1,100,99.99,0,4143
8006,1069,round_end,825.77,3,T_8c03018b,1,2,1,100,99.99,0,4143
8007,1069,round_end,887.49,6,T_a02bf5e9,2,3,1,0,0,40,4144
8008,1069,round_end,508.54,1,T_a02bf5e9,0,2,2,0,0,0,4145
8009,1069,round_end,758.4,2,T_5568bd9d,0,3,0,0,0,0,4145
8010,1069,round_end,633.11,1,T_a02bf5e9,0,0,0,0,0,0,4146
8011,1069,round_end,480.18,1,T_a02bf5e9,0,2,2,0,0,0,4147
8012,1069,round_end,1006.67,2,T_5568bd9d,2,3,2,0,0,0,4147
8013,1069,round_end,904.63,6,T_a02bf5e9,4,1,0,0,0,40,4148
8014,1070,round_end,288.68,1,T_8c03018b,1,0,0,100,99.99,0,4149
8015,1070,round_end,451.19,2,T_8c03018b,1,1,1,0,100,0,4149
8016,1070,round_end,709.73,3,T_8c03018b,1,2,2,69.01,100,0,4149
8017,1070,round_end,709.73,3,T_8c03018b,1,2,2,69.01,100,0,4149
8018,1070,round_end,531.18,1,T_a02bf5e9,0,0,3,5,4,0,4150
8019,1070,round_end,405.66,1,T_a02bf5e9,0,1,1,0,0,0,4151
8020,1070,round_end,770.22,2,T_5568bd9d,3,3,3,0,0,115.26,4151
8021,1070,round_end,770.22,2,T_5568bd9d,3,3,3,0,0,115.26,4151
8022,1070,round_end,922.15,6,T_a02bf5e9,2,3,2,0,0,40,4152
8023,1070,round_end,612.1,1,T_a02bf5e9,0,0,0,0,0,0,4153
7954,1062,round_end,260.7,1,T_8c03018b,1,0,1,100,83.19,0,
7955,1062,round_end,510.72,2,T_8c03018b,2,0,2,100,69.81,0,
7974,1063,round_end,220.01,1,T_8c03018b,0,1,2,38.47,100,0,
7975,1063,round_end,480.46,2,T_8c03018b,0,2,1,76.4,100,0,
7976,1063,round_end,671.16,3,T_8c03018b,0,3,0,0,100,0,
7991,1065,round_end,655.24,1,T_a02bf5e9,0,0,0,0,0,0,
7996,1068,round_end,260.8,1,T_3238eb96,0,0,0,0,0,0,
7997,1068,round_end,750.46,2,T_5de6f547,3,3,3,0,0,0,
8000,1068,round_end,550.29,1,T_3238eb96,0,3,3,0,0,0,
8001,1068,round_end,940.07,2,T_5de6f547,1,3,1,0,0,0,
8002,1068,round_end,953.56,6,T_3238eb96,3,2,4,0,0,40,
8024,1071,round_end,605.25,1,T_42f78f05,0,0,0,0,0,0,4154
8025,1071,round_end,409.78,1,T_42f78f05,0,3,3,0,0,70.39,4155
8026,1071,round_end,841.44,2,T_626f467c,3,3,3,0,0,48.22,4155
8027,1071,round_end,713.63,1,T_42f78f05,0,0,3,5,3,0,4156
8028,1071,round_end,281.38,1,T_8c03018b,1,0,1,100,84.51,0,4157
8029,1071,round_end,503.99,2,T_8c03018b,1,1,0,52.67,100,0,4157
8030,1071,round_end,711.88,3,T_8c03018b,2,1,2,100,39.4,0,4157
8031,1071,round_end,711.88,3,T_8c03018b,2,1,2,100,39.4,0,4157
8032,1072,round_end,209.58,1,T_8c03018b,1,0,2,100,40.84,0,4158
8033,1072,round_end,466.08,2,T_8c03018b,2,0,1,100,72.53,0,4158
8034,1072,round_end,658.74,3,T_8c03018b,3,0,0,100,16.41,0,4158
8040,1072,round_end,335.76,1,T_8c03018b,1,0,0,100,99.99,0,4163
8041,1072,round_end,510.82,2,T_8c03018b,2,0,1,100,0,0,4163
8042,1072,round_end,775.23,3,T_8c03018b,3,0,2,100,61.12,0,4163
8043,1075,round_end,350.54,1,T_8c03018b,0,1,0,99.99,100,0,4164
8044,1075,round_end,666.53,2,T_8c03018b,0,2,1,99.99,100,0,4164
8045,1075,round_end,966.48,3,T_8c03018b,1,2,2,100,99.99,0,4164
8046,1075,round_end,966.48,3,T_8c03018b,1,2,2,100,99.99,0,4164
8047,1075,round_end,901.43,6,T_a02bf5e9,2,3,1,0,0,40,4165
8050,1075,round_end,605.22,1,T_a02bf5e9,0,0,0,0,0,0,4167
8051,1075,round_end,530.47,1,T_a02bf5e9,0,0,1,3,5,0,4168
8052,1075,round_end,283.45,1,T_a02bf5e9,0,0,0,0,0,0,4169
8053,1075,round_end,678.33,2,T_5568bd9d,1,3,1,0,0,0,4169
8057,1077,round_end,218.08,1,T_8c03018b,0,1,1,31.61,100,0,4171
8058,1077,round_end,388.78,2,T_8c03018b,0,2,0,0,100,0,4171
8059,1077,round_end,552.78,3,T_8c03018b,0,3,2,0,100,0,4171
8060,1077,round_end,208.99,1,T_3f7bae38,0,3,3,0,0,271.05,4172
8061,1077,round_end,574.19,2,T_41c8397f,3,3,3,0,0,115.01,4172
8065,1077,round_end,615.86,1,T_3f7bae38,0,0,0,0,0,0,4174
8066,1077,round_end,390.18,1,T_3f7bae38,0,1,1,0,0,0,4175
8067,1077,round_end,646.48,2,T_41c8397f,0,3,0,0,0,0,4175
8068,1077,round_end,747.28,6,T_3f7bae38,1,4,3,0,0,40,4176
8069,1077,round_end,405.57,1,T_3f7bae38,0,0,1,3,5,0,4177
8070,1079,round_end,189.39,1,T_8c03018b,1,0,0,100,20.95,0,4178
8071,1079,round_end,448.27,2,T_8c03018b,2,0,1,100,83.93,0,4178
8072,1079,round_end,656.19,3,T_8c03018b,3,0,2,100,11.12,0,4178
8074,1079,round_end,267.9,1,T_a02bf5e9,0,0,0,0,0,0,4180
8075,1079,round_end,592.96,2,T_5568bd9d,3,3,3,0,0,155.06,4180
8076,1079,round_end,592.96,2,T_5568bd9d,3,3,3,0,0,155.06,4180
8077,1079,round_end,485.98,1,T_a02bf5e9,0,0,4,5,3,0,4181
8078,1079,round_end,245.03,1,T_a02bf5e9,0,0,0,0,0,0,4182
8079,1079,round_end,685.61,2,T_5568bd9d,3,3,3,0,0,39.39,4182
8080,1079,round_end,685.61,2,T_5568bd9d,3,3,3,0,0,39.39,4182
8086,1080,round_end,462.19,1,T_a02bf5e9,0,3,3,0,0,18.02,4186
8087,1080,round_end,1032.27,2,T_1699ed97,2,3,2,0,0,0,4186
8088,1080,round_end,617.24,1,T_a02bf5e9,0,0,0,0,0,0,4187
8089,1080,round_end,480.24,1,T_a02bf5e9,0,2,2,0,0,0,4188
8090,1080,round_end,720.12,2,T_1699ed97,0,3,0,0,0,0,4188
8091,1080,round_end,837.06,6,T_a02bf5e9,1,4,4,0,0,40,4189
8092,1081,round_end,522.94,1,T_a02bf5e9,0,0,1,4,5,0,4190
8093,1082,round_end,176.54,1,T_8c03018b,1,0,2,100,0,0,4191
8094,1082,round_end,435.16,2,T_8c03018b,1,1,1,77.95,100,0,4191
8095,1082,round_end,646.43,3,T_8c03018b,2,1,0,100,40.56,0,4191
8096,1082,round_end,646.43,3,T_8c03018b,2,1,0,100,40.56,0,4191
8097,1082,round_end,411.43,1,T_a02bf5e9,0,1,1,0,0,0,4192
8098,1082,round_end,891.29,2,T_5568bd9d,2,3,2,0,0,0,4192
8099,1082,round_end,499.18,1,T_a02bf5e9,0,2,2,0,0,0,4193
8100,1082,round_end,805.82,2,T_5568bd9d,3,3,3,0,0,173.21,4193
8101,1082,round_end,805.82,2,T_5568bd9d,3,3,3,0,0,173.21,4193
8102,1082,round_end,771.19,6,T_a02bf5e9,4,1,3,0,0,40,4194
8103,1082,round_end,459.36,1,T_a02bf5e9,0,0,0,0,0,140.86,4195
8104,1082,round_end,185.65,1,T_8c03018b,1,0,1,100,0,0,4196
8035,1072,round_end,786.11,5,T_a02bf5e9,5,0,2,100,52.75,0,
8038,1072,round_end,632.99,1,T_a02bf5e9,0,0,0,0,0,0,
8039,1072,round_end,599.56,1,T_a02bf5e9,0,0,4,5,3,0,
8048,1075,round_end,245.05,1,T_a02bf5e9,0,0,0,0,0,0,
8049,1075,round_end,485.12,2,T_5568bd9d,0,3,0,0,0,0,
8073,1079,round_end,930.29,6,T_a02bf5e9,1,4,4,0,0,40,
8105,1082,round_end,382.28,2,T_8c03018b,2,0,0,100,22.31,0,4196
8106,1082,round_end,604.19,3,T_8c03018b,2,1,2,36.81,100,0,4196
8107,1082,round_end,604.19,3,T_8c03018b,2,1,2,36.81,100,0,4196
8109,1081,round_end,865.34,6,T_a02bf5e9,3,2,2,0,0,40,4198
8110,1081,round_end,495.5,1,T_a02bf5e9,0,3,3,0,0,0,4199
8111,1081,round_end,885.29,2,T_5568bd9d,1,3,1,0,0,0,4199
8112,1081,round_end,202.04,1,T_8c03018b,1,0,1,100,37.29,0,4200
8113,1081,round_end,464.08,2,T_8c03018b,2,0,2,100,70.44,0,4200
8114,1081,round_end,628.56,3,T_8c03018b,3,0,0,100,0,0,4200
8130,1084,round_end,156.24,1,T_8c03018b,1,0,1,100,0,0,4207
8131,1084,round_end,379.88,2,T_8c03018b,2,0,2,100,34.9,0,4207
8132,1084,round_end,683.87,3,T_8c03018b,2,1,0,99.99,100,0,4207
8133,1084,round_end,683.87,3,T_8c03018b,2,1,0,99.99,100,0,4207
8134,1084,round_end,411.29,1,T_70cf47d6,0,3,3,0,0,68.9,4208
8135,1084,round_end,647,2,T_1699ed97,3,3,3,0,0,244.23,4208
8136,1084,round_end,515.82,1,T_70cf47d6,0,2,2,0,0,0,4209
8137,1084,round_end,1088.51,2,T_1699ed97,2,3,2,0,0,0,4209
8138,1084,round_end,918.04,6,T_70cf47d6,1,4,2,0,0,40,4210
8139,1084,round_end,619.29,1,T_70cf47d6,0,0,0,0,0,0,4211
8140,1084,round_end,671.49,1,T_70cf47d6,0,0,3,5,4,0,4212
8141,1085,round_end,220.89,1,T_8c03018b,0,1,1,14.73,100,0,4213
8142,1085,round_end,501.51,2,T_8c03018b,1,1,0,100,99.99,0,4213
8143,1085,round_end,732.99,3,T_8c03018b,1,2,2,21.87,100,0,4213
8144,1085,round_end,732.99,3,T_8c03018b,1,2,2,21.87,100,0,4213
8149,1086,round_end,310.96,1,T_a02bf5e9,0,3,3,0,0,169.14,4215
8150,1086,round_end,808.07,2,T_5568bd9d,2,3,2,0,0,0,4215
8151,1086,round_end,712.61,5,T_a02bf5e9,0,5,1,60.68,100,0,4216
8152,1086,round_end,291.24,1,T_a02bf5e9,0,3,3,0,0,188.86,4217
8153,1086,round_end,721.93,2,T_5568bd9d,1,3,1,0,0,0,4217
8156,1086,round_end,261.84,1,T_8c03018b,0,1,0,82.59,100,0,4220
8157,1086,round_end,431.03,2,T_8c03018b,0,2,1,0,100,0,4220
8158,1086,round_end,687.99,3,T_8c03018b,1,2,2,100,54.48,0,4220
8159,1086,round_end,687.99,3,T_8c03018b,1,2,2,100,54.48,0,4220
8160,1087,round_end,249.18,1,T_3238eb96,0,0,0,0,0,0,4221
8161,1087,round_end,663.96,2,T_a3876e46,3,3,3,0,0,65.25,4221
8162,1087,round_end,663.96,2,T_a3876e46,3,3,3,0,0,65.25,4221
8171,1087,round_end,441.8,1,T_3238eb96,0,0,0,0,0,158.38,4225
8172,1087,round_end,390.14,1,T_3238eb96,0,1,1,0,0,0,4226
8173,1087,round_end,665.71,2,T_a3876e46,3,3,3,0,0,204.37,4226
8174,1087,round_end,665.71,2,T_a3876e46,3,3,3,0,0,204.37,4226
8175,1088,round_end,263.95,1,T_8c03018b,0,1,2,88.54,100,0,4227
8176,1088,round_end,513.42,2,T_8c03018b,0,2,1,63.05,100,0,4227
8177,1088,round_end,785.94,3,T_8c03018b,0,3,0,71.36,100,0,4227
8178,1088,round_end,391.69,1,T_a02bf5e9,0,3,3,0,0,88.44,4228
8179,1088,round_end,899.37,2,T_5568bd9d,2,3,2,0,0,0,4228
8180,1088,round_end,742.74,5,T_a02bf5e9,0,5,1,0,100,0,4229
8181,1088,round_end,742.74,5,T_a02bf5e9,0,5,1,0,100,0,4230
8182,1088,round_end,742.74,5,T_a02bf5e9,0,5,1,0,100,0,4231
8183,1088,round_end,742.74,5,T_a02bf5e9,0,5,1,0,100,0,4232
8186,1088,round_end,742.74,5,T_a02bf5e9,0,5,1,0,100,0,4234
8187,1088,round_end,742.74,5,T_a02bf5e9,0,5,1,0,100,0,4235
8188,1088,round_end,742.74,5,T_a02bf5e9,0,5,1,0,100,0,4236
8189,1088,round_end,742.74,5,T_a02bf5e9,0,5,1,0,100,0,4237
8190,1088,round_end,742.74,5,T_a02bf5e9,0,5,1,0,100,0,4238
8192,1088,round_end,526.09,1,T_a02bf5e9,0,0,4,5,3,0,4240
8193,1089,round_end,627.82,1,T_3238eb96,0,0,0,0,0,0,4241
8194,1089,round_end,162.52,1,T_8c03018b,0,1,1,0,100,0,4242
8195,1089,round_end,385.48,2,T_8c03018b,0,2,2,30.69,100,0,4242
8196,1089,round_end,539.43,3,T_8c03018b,0,3,0,0,100,0,4242
8197,1089,round_end,276.72,1,T_3238eb96,0,3,3,0,0,203.34,4243
8198,1089,round_end,516.65,2,T_70180e67,0,3,0,0,0,0,4243
8199,1089,round_end,276.72,1,T_3238eb96,0,3,3,0,0,203.34,4244
8200,1089,round_end,516.65,2,T_70180e67,0,3,0,0,0,0,4244
8201,1089,round_end,762.68,6,T_3238eb96,1,4,2,0,0,40,4245
8202,1089,round_end,259.8,1,T_3238eb96,0,0,0,1,5,0,4246
8205,1089,round_end,276.72,1,T_3238eb96,0,3,3,0,0,203.34,4248
8206,1089,round_end,516.65,2,T_70180e67,0,3,0,0,0,0,4248
8203,1089,round_end,294.45,1,T_3238eb96,0,3,3,0,0,185.62,4247
8204,1089,round_end,575.72,2,T_70180e67,0,3,0,0,0,0,4247
8207,1089,round_end,276.72,1,T_3238eb96,0,3,3,0,0,203.34,4249
8208,1089,round_end,516.65,2,T_70180e67,0,3,0,0,0,0,4249
8209,1089,round_end,276.72,1,T_3238eb96,0,3,3,0,0,203.34,4250
8210,1089,round_end,516.65,2,T_70180e67,0,3,0,0,0,0,4250
8211,1088,round_end,329.44,1,T_8c03018b,1,0,0,100,99.99,0,4251
8212,1088,round_end,649.74,2,T_8c03018b,1,1,1,98.42,100,0,4251
8213,1088,round_end,840.57,3,T_8c03018b,1,2,2,28.51,100,0,4251
8214,1088,round_end,840.57,3,T_8c03018b,1,2,2,28.51,100,0,4251
8215,1090,round_end,485.18,1,T_5c1e2096,0,2,2,0,0,0,4252
8216,1090,round_end,714.45,2,T_29e0905e,3,3,3,0,0,250.62,4252
8217,1090,round_end,714.45,2,T_29e0905e,3,3,3,0,0,250.62,4252
8218,1090,round_end,798.67,5,T_5c1e2096,5,0,1,100,0,0,4253
8222,1090,round_end,255.44,1,T_5c1e2096,0,0,0,0,0,344.62,4255
8226,1092,round_end,373.3,1,T_a02bf5e9,0,3,3,0,0,106.78,4257
8227,1092,round_end,613.34,2,T_5568bd9d,0,3,0,0,0,0,4257
8228,1092,round_end,831.79,5,T_a02bf5e9,5,0,4,100,68.64,0,4258
8229,1092,round_end,311.76,1,T_a02bf5e9,0,3,3,0,0,168.33,4259
8230,1092,round_end,838.13,2,T_5568bd9d,3,3,3,0,0,0,4259
8232,1093,round_end,614.67,1,T_42ed2469,0,0,0,0,0,0,4261
8233,1093,round_end,490.95,1,T_42ed2469,0,2,2,0,0,0,4262
8234,1093,round_end,748.08,2,T_3b33fda5,0,3,0,0,0,0,4262
8235,1093,round_end,288.93,1,T_8c03018b,1,0,0,100,94.06,0,4263
8236,1093,round_end,526.31,2,T_8c03018b,2,0,2,100,40.93,0,4263
8237,1094,round_end,244.33,1,T_8c03018b,0,1,2,44.56,100,0,4264
8238,1094,round_end,402.29,2,T_8c03018b,0,2,1,0,100,0,4264
8239,1094,round_end,650.02,3,T_8c03018b,0,3,0,67.12,100,0,4264
8240,1094,round_end,281.28,1,T_a02bf5e9,0,3,3,0,0,198.79,4265
8241,1094,round_end,706.52,2,T_5568bd9d,1,3,1,0,0,0,4265
8242,1094,round_end,849.97,6,T_a02bf5e9,1,4,2,0,0,40,4266
8243,1094,round_end,412.34,1,T_a02bf5e9,0,3,3,0,0,67.82,4267
8244,1094,round_end,802.21,2,T_5568bd9d,1,3,1,0,0,0,4267
8245,1094,round_end,401.17,1,T_a02bf5e9,0,0,0,0,0,198.98,4268
8246,1095,round_end,322.8,1,T_8c03018b,1,0,0,100,99.99,0,4269
8247,1095,round_end,619,2,T_8c03018b,2,0,2,100,99.99,0,4269
8248,1095,round_end,822.39,3,T_8c03018b,3,0,1,100,19.84,0,4269
8249,1095,round_end,321.08,1,T_8f3e6107,0,3,3,0,0,159.03,4270
8250,1095,round_end,750.66,2,T_0cac1da9,3,3,3,0,0,50.28,4270
8251,1095,round_end,750.66,2,T_0cac1da9,3,3,3,0,0,50.28,4270
8252,1095,round_end,836.53,6,T_8f3e6107,3,2,1,0,0,40,4271
8253,1095,round_end,303.63,1,T_8f3e6107,0,0,0,0,0,296.47,4272
8254,1095,round_end,500.27,1,T_8f3e6107,0,2,2,0,0,0,4273
8255,1095,round_end,919.61,2,T_0cac1da9,1,3,1,0,0,0,4273
8256,1095,round_end,579.31,1,T_8f3e6107,0,0,3,5,4,0,4274
8263,1096,round_end,236.04,1,T_8c03018b,1,0,0,100,57.91,0,4277
8264,1096,round_end,394.01,2,T_8c03018b,2,0,2,100,0,0,4277
8265,1096,round_end,702.09,3,T_8c03018b,3,0,1,100,99.99,0,4277
8269,1096,round_end,490.84,1,T_a02bf5e9,0,2,2,0,0,0,4279
8270,1096,round_end,885.64,2,T_5568bd9d,3,3,3,0,0,85,4279
8271,1096,round_end,885.64,2,T_5568bd9d,3,3,3,0,0,85,4279
8272,1096,round_end,490.84,1,T_a02bf5e9,0,2,2,0,0,0,4280
8273,1096,round_end,885.64,2,T_5568bd9d,3,3,3,0,0,85,4280
8274,1096,round_end,885.64,2,T_5568bd9d,3,3,3,0,0,85,4280
8275,1096,round_end,690,1,T_a02bf5e9,0,0,0,0,0,0,4281
8276,1096,round_end,792.13,6,T_a02bf5e9,4,1,4,0,0,40,4282
8277,1096,round_end,528.18,1,T_a02bf5e9,0,0,1,4,5,0,4283
8278,1096,round_end,252.4,1,T_a02bf5e9,0,0,0,0,0,0,4284
8279,1096,round_end,732.43,2,T_5568bd9d,2,3,2,0,0,0,4284
8280,1097,round_end,885.34,6,T_a02bf5e9,3,2,0,0,0,40,4285
8281,1097,round_end,460.48,1,T_a02bf5e9,0,3,3,0,0,19.7,4286
8282,1097,round_end,807,2,T_5568bd9d,3,3,3,0,0,133.32,4286
8283,1097,round_end,669.56,1,T_a02bf5e9,0,0,0,0,0,0,4287
8284,1097,round_end,283.38,1,T_8c03018b,0,1,0,86.87,100,0,4288
8285,1097,round_end,590.22,2,T_8c03018b,0,2,1,99.99,100,0,4288
8286,1097,round_end,745.46,3,T_8c03018b,1,2,2,100,0,0,4288
8287,1097,round_end,745.46,3,T_8c03018b,1,2,2,100,0,0,4288
8294,1098,round_end,254.99,1,T_478f548f,0,0,0,0,0,0,4291
8295,1098,round_end,675.83,2,T_8478c02e,1,3,1,0,0,0,4291
8296,1098,round_end,420.42,1,T_478f548f,0,3,3,0,0,59.71,4292
8297,1098,round_end,914.35,2,T_8478c02e,3,3,3,0,0,0,4292
8298,1098,round_end,254.99,1,T_478f548f,0,0,0,0,0,0,4293
8299,1098,round_end,675.83,2,T_8478c02e,1,3,1,0,0,0,4293
8300,1098,round_end,485.19,1,T_478f548f,0,2,2,0,0,0,4294
8301,1098,round_end,939.27,2,T_8478c02e,3,3,3,0,0,25.72,4294
8302,1098,round_end,939.27,2,T_8478c02e,3,3,3,0,0,25.72,4294
8303,1098,round_end,409.44,1,T_478f548f,0,3,3,0,0,70.74,4295
8304,1098,round_end,910.01,2,T_8478c02e,2,3,2,0,0,0,4295
8316,1099,round_end,643.68,1,T_a02bf5e9,0,0,0,0,0,0,4300
8321,1101,round_end,409.01,1,T_a34bd8eb,0,1,1,0,0,0,4303
8322,1101,round_end,790.48,2,T_41c8397f,3,3,3,0,0,98.36,4303
8323,1101,round_end,790.48,2,T_41c8397f,3,3,3,0,0,98.36,4303
8324,1101,round_end,712.96,1,T_a34bd8eb,0,0,0,0,0,0,4304
8325,1101,round_end,240.04,1,T_a34bd8eb,0,0,0,0,0,0,4305
8326,1101,round_end,783.79,2,T_41c8397f,3,3,3,0,0,0,4305
8327,1101,round_end,783.79,2,T_41c8397f,3,3,3,0,0,0,4305
8329,1101,round_end,950.15,6,T_a34bd8eb,3,2,1,0,0,40,4307
8332,1102,round_end,229.79,1,T_8c03018b,0,1,0,28.92,100,0,4310
8333,1102,round_end,463.71,2,T_8c03018b,0,2,2,37.72,100,0,4310
8334,1102,round_end,835.36,3,T_8c03018b,0,3,1,91.75,100,0,4310
8335,1102,round_end,341.3,1,T_ef2c9796,0,3,3,0,0,138.8,4311
8336,1102,round_end,841.17,2,T_1699ed97,2,3,2,0,0,0,4311
8337,1102,round_end,501.43,1,T_ef2c9796,0,2,2,0,0,0,4312
8338,1102,round_end,990.87,2,T_1699ed97,2,3,2,0,0,0,4312
8339,1102,round_end,675.72,6,T_ef2c9796,2,3,2,0,0,40,4313
8340,1102,round_end,626.75,1,T_ef2c9796,0,0,0,0,0,0,4314
8341,1103,round_end,178.62,1,T_8c03018b,1,0,2,100,0,0,4315
8342,1103,round_end,345.43,2,T_8c03018b,2,0,1,100,0,0,4315
8343,1103,round_end,582.73,3,T_8c03018b,3,0,0,100,41.07,0,4315
8344,1103,round_end,521.81,1,T_b5daed59,0,0,0,0,0,78.38,4316
8348,1103,round_end,632.71,1,T_b5daed59,0,0,3,5,4,0,4319
8352,1103,round_end,780.32,5,T_b5daed59,5,0,4,100,0,0,4321
8353,1103,round_end,553.43,1,T_b5daed59,0,3,3,0,0,0,4322
8354,1103,round_end,832.3,2,T_3238eb96,3,3,3,0,0,200.98,4322
8355,1103,round_end,632.71,1,T_b5daed59,0,0,3,5,4,0,4323
8356,1103,round_end,632.71,1,T_b5daed59,0,0,3,5,4,0,4324
8357,1104,round_end,210.25,1,T_8c03018b,0,1,2,42.07,100,0,4325
8358,1104,round_end,443.99,2,T_8c03018b,0,2,1,39.61,100,0,4325
8359,1104,round_end,771.88,3,T_8c03018b,0,3,0,99.99,100,0,4325
8360,1104,round_end,496.35,1,T_a02bf5e9,0,2,2,0,0,0,4326
8361,1104,round_end,736.22,2,T_1699ed97,0,3,0,0,0,0,4326
8364,1104,round_end,282.06,1,T_a02bf5e9,0,3,3,0,0,198,4329
8365,1104,round_end,694.07,2,T_1699ed97,1,3,1,0,0,0,4329
8366,1104,round_end,658.17,1,T_a02bf5e9,0,0,0,0,0,0,4330
8367,1104,round_end,822.23,5,T_a02bf5e9,0,5,1,0,100,0,4331
8368,1104,round_end,553.8,1,T_a02bf5e9,0,0,0,3,5,0,4332
8388,1106,round_end,215.12,1,T_8c03018b,1,0,1,100,34.11,0,4341
8389,1106,round_end,443.02,2,T_8c03018b,2,0,2,100,48,0,4341
8390,1106,round_end,739.73,3,T_8c03018b,3,0,0,100,99.99,0,4341
8395,1106,round_end,386.89,1,T_a02bf5e9,0,0,0,0,0,213.26,4344
8396,1106,round_end,871.44,6,T_a02bf5e9,3,2,0,0,0,40,4345
8397,1106,round_end,548.39,1,T_a02bf5e9,0,0,3,5,4,0,4346
8401,1108,round_end,211.16,1,T_8c03018b,0,1,0,43.04,100,0,4348
8402,1108,round_end,390.73,2,T_8c03018b,0,2,2,0,100,0,4348
8403,1108,round_end,585.23,3,T_8c03018b,0,3,1,7.79,100,0,4348
8404,1108,round_end,245.67,1,T_6ab14952,0,3,3,0,0,234.38,4349
8405,1108,round_end,635.76,2,T_3238eb96,1,3,1,0,0,0,4349
8406,1108,round_end,913.52,6,T_6ab14952,2,3,2,0,0,40,4350
8420,1110,round_end,355.2,1,T_a02bf5e9,0,0,0,0,0,244.94,4358
8425,1112,round_end,260.24,1,T_8c03018b,1,0,0,100,80.99,0,4360
8426,1112,round_end,489.06,2,T_8c03018b,2,0,1,100,59.81,0,4360
8427,1112,round_end,801.69,3,T_8c03018b,2,1,2,99.99,100,0,4360
8428,1112,round_end,801.69,3,T_8c03018b,2,1,2,99.99,100,0,4360
8432,1112,round_end,600.2,1,T_a02bf5e9,0,0,0,0,0,0,4362
8436,1112,round_end,941.37,6,T_a02bf5e9,4,1,0,0,0,39.99,4364
8437,1112,round_end,217.45,1,T_8c03018b,1,0,2,100,42.76,0,4365
8438,1112,round_end,465.97,2,T_8c03018b,2,0,1,100,54.2,0,4365
8439,1112,round_end,632.07,3,T_8c03018b,3,0,0,100,0,0,4365
8450,1113,round_end,512.1,1,T_a02bf5e9,0,2,2,0,0,0,4369
8451,1113,round_end,862.76,2,T_5568bd9d,3,3,3,0,0,129.16,4369
8452,1113,round_end,862.76,2,T_5568bd9d,3,3,3,0,0,129.16,4369
8453,1113,round_end,600.19,1,T_a02bf5e9,0,0,0,0,0,0,4370
8458,1114,round_end,910.63,6,T_a02bf5e9,4,1,0,0,0,40,4372
8459,1115,round_end,248.95,1,T_8c03018b,1,0,2,100,60.24,0,4373
8460,1115,round_end,506.24,2,T_8c03018b,1,1,1,57.2,100,0,4373
8461,1115,round_end,817.32,3,T_8c03018b,2,1,0,100,99.99,0,4373
8462,1115,round_end,817.32,3,T_8c03018b,2,1,0,100,99.99,0,4373
8463,1115,round_end,390.15,1,T_a02bf5e9,0,1,1,0,0,0,4374
8464,1115,round_end,906.34,2,T_1699ed97,2,3,2,0,0,0,4374
8470,1115,round_end,390.15,1,T_a02bf5e9,0,1,1,0,0,0,4378
8471,1115,round_end,906.34,2,T_1699ed97,2,3,2,0,0,0,4378
8472,1116,round_end,301.01,1,T_8c03018b,0,1,1,99.99,100,0,4379
8473,1116,round_end,512.62,2,T_8c03018b,0,2,0,38.17,100,0,4379
8474,1116,round_end,682.64,3,T_8c03018b,0,3,2,12.91,100,0,4379
8475,1116,round_end,360.69,1,T_a02bf5e9,0,3,3,0,0,119.42,4380
8476,1116,round_end,861.75,2,T_5568bd9d,2,3,2,0,0,0,4380
8477,1116,round_end,815.74,6,T_a02bf5e9,1,4,4,0,0,40,4381
8478,1116,round_end,354.52,1,T_a02bf5e9,0,3,3,0,0,125.61,4382
8479,1116,round_end,696.42,2,T_5568bd9d,3,3,3,0,0,138.07,4382
8481,1116,round_end,171.36,1,T_8c03018b,0,1,0,0,100,0,4384
8482,1116,round_end,411.31,2,T_8c03018b,1,1,2,100,54.19,0,4384
8483,1116,round_end,656.87,3,T_8c03018b,2,1,1,100,46.53,0,4384
8484,1116,round_end,656.87,3,T_8c03018b,2,1,1,100,46.53,0,4384
8485,1116,round_end,458.85,1,T_a02bf5e9,0,0,0,3,5,0,4385
8486,1117,round_end,176.7,1,T_8c03018b,0,1,2,0,100,0,4386
8487,1117,round_end,489.99,2,T_8c03018b,1,1,0,100,92.31,0,4386
8488,1117,round_end,731.82,3,T_8c03018b,2,1,1,100,47.63,0,4386
8489,1117,round_end,731.82,3,T_8c03018b,2,1,1,100,47.63,0,4386
8490,1118,round_end,269.9,1,T_a02bf5e9,0,0,0,0,0,0,4387
8491,1118,round_end,630.6,2,T_5568bd9d,3,3,3,0,0,119.34,4387
8492,1118,round_end,630.6,2,T_5568bd9d,3,3,3,0,0,119.34,4387
8496,1118,round_end,633.98,1,T_a02bf5e9,0,0,4,5,3,0,4391
8500,1120,round_end,504.64,1,T_a02bf5e9,0,2,2,0,0,0,4394
8501,1120,round_end,851.03,2,T_5568bd9d,3,3,3,0,0,133.43,4394
8502,1120,round_end,851.03,2,T_5568bd9d,3,3,3,0,0,133.43,4394
8506,1120,round_end,620.71,1,T_a02bf5e9,0,0,0,0,0,0,4396
8507,1120,round_end,774.73,6,T_a02bf5e9,2,3,1,0,0,40,4397
8508,1120,round_end,479.82,1,T_a02bf5e9,0,0,0,3,5,0,4398
8510,1120,round_end,201.54,1,T_8c03018b,1,0,1,100,0,0,4400
8511,1120,round_end,537.41,2,T_8c03018b,1,1,2,99.99,100,0,4400
8512,1120,round_end,841.91,3,T_8c03018b,1,2,0,99.99,100,0,4400
8513,1120,round_end,841.91,3,T_8c03018b,1,2,0,99.99,100,0,4400
8514,1121,round_end,778.09,5,T_a02bf5e9,5,0,2,100,85.69,0,4401
8515,1121,round_end,566.4,1,T_a02bf5e9,0,2,2,0,0,0,4402
8516,1121,round_end,974.57,2,T_5568bd9d,1,3,1,0,0,0,4402
8517,1121,round_end,316.03,1,T_8c03018b,0,1,1,99.99,100,0,4403
8518,1121,round_end,556.23,2,T_8c03018b,1,1,0,100,55.35,0,4403
8519,1121,round_end,719.85,3,T_8c03018b,2,1,2,100,0,0,4403
8520,1121,round_end,719.85,3,T_8c03018b,2,1,2,100,0,0,4403
8521,1121,round_end,498.17,1,T_a02bf5e9,0,3,3,0,0,13.33,4404
8522,1121,round_end,963.04,2,T_5568bd9d,3,3,3,0,0,14.89,4404
8523,1121,round_end,293.29,1,T_8c03018b,0,1,1,93.28,100,0,4405
8524,1121,round_end,502.99,2,T_8c03018b,0,2,0,44.19,100,0,4405
8525,1121,round_end,722.18,3,T_8c03018b,1,2,2,100,46.03,0,4405
8526,1121,round_end,722.18,3,T_8c03018b,1,2,2,100,46.03,0,4405
8531,1122,round_end,221.47,1,T_8c03018b,1,0,2,100,39.08,0,4407
8532,1122,round_end,465.74,2,T_8c03018b,2,0,0,100,70.43,0,4407
8533,1122,round_end,648.95,3,T_8c03018b,2,1,1,15.23,100,0,4407
8534,1122,round_end,648.95,3,T_8c03018b,2,1,1,15.23,100,0,4407
8535,1122,round_end,873.09,5,T_a02bf5e9,0,5,1,15.02,100,0,4408
8536,1122,round_end,494.27,1,T_a02bf5e9,0,3,3,0,0,0,4409
8537,1122,round_end,884.08,2,T_5568bd9d,1,3,1,0,0,0,4409
8547,1123,round_end,975.11,6,T_d0bc03db,1,4,2,0,0,40,4414
8548,1123,round_end,531.38,1,T_d0bc03db,0,3,3,0,0,0,4415
8549,1123,round_end,837.2,2,T_3238eb96,3,3,3,0,0,174.03,4415
8550,1123,round_end,492.06,1,T_d0bc03db,0,2,2,0,0,0,4416
8551,1123,round_end,890.97,2,T_3238eb96,3,3,3,0,0,80.9,4416
8552,1123,round_end,890.97,2,T_3238eb96,3,3,3,0,0,80.9,4416
8553,1123,round_end,600.16,1,T_d0bc03db,0,0,0,0,0,0,4417
8554,1123,round_end,625.87,1,T_d0bc03db,0,0,4,5,3,0,4418
8557,1124,round_end,190.98,1,T_8c03018b,0,1,0,18.92,100,0,4420
8558,1124,round_end,461.77,2,T_8c03018b,1,1,2,100,91.78,0,4420
8559,1124,round_end,762.21,3,T_8c03018b,1,2,1,99.99,100,0,4420
8560,1124,round_end,762.21,3,T_8c03018b,1,2,1,99.99,100,0,4420
8561,1124,round_end,519.25,1,T_a02bf5e9,0,3,3,0,0,0,4421
8562,1124,round_end,971.94,2,T_5568bd9d,3,3,3,0,0,27.06,4421
8568,1124,round_end,429.46,1,T_a02bf5e9,0,3,3,0,0,50.68,4425
8569,1124,round_end,984.94,2,T_5568bd9d,2,3,2,0,0,0,4425
8570,1124,round_end,589.62,1,T_a02bf5e9,0,0,0,3,5,0,4426
8571,1124,round_end,759.72,6,T_a02bf5e9,2,3,4,0,0,40,4427
8572,1124,round_end,429.46,1,T_a02bf5e9,0,3,3,0,0,50.68,4428
8573,1124,round_end,984.94,2,T_5568bd9d,2,3,2,0,0,0,4428
8574,1125,round_end,279.59,1,T_8c03018b,0,1,1,99.99,100,0,4429
8575,1125,round_end,467.14,2,T_8c03018b,0,2,2,12.11,100,0,4429
8576,1125,round_end,726.53,3,T_8c03018b,1,2,0,100,58.71,0,4429
8577,1125,round_end,726.53,3,T_8c03018b,1,2,0,100,58.71,0,4429
8580,1125,round_end,638.97,1,T_a02bf5e9,0,0,0,0,0,0,4431
8581,1125,round_end,415.62,1,T_a02bf5e9,0,1,1,0,0,0,4432
8582,1125,round_end,896.46,2,T_5568bd9d,3,3,3,0,0,0,4432
8583,1125,round_end,896.46,2,T_5568bd9d,3,3,3,0,0,0,4432
8584,1125,round_end,942.63,6,T_a02bf5e9,2,3,3,0,0,40,4433
8586,1125,round_end,286.81,1,T_8c03018b,0,1,2,90.19,100,0,4435
8587,1125,round_end,572.49,2,T_8c03018b,1,1,0,100,94.54,0,4435
8588,1125,round_end,759.17,3,T_8c03018b,2,1,1,100,14.15,0,4435
8589,1125,round_end,759.17,3,T_8c03018b,2,1,1,100,14.15,0,4435
8591,1127,round_end,137.82,1,T_a02bf5e9,0,0,5,5,0,0,4437
8592,1128,round_end,282.24,1,T_8c03018b,1,0,1,100,99.99,0,4438
8593,1128,round_end,476.03,2,T_8c03018b,2,0,0,100,31.2,0,4438
8594,1128,round_end,744.42,3,T_8c03018b,2,1,2,70.88,100,0,4438
8595,1128,round_end,744.42,3,T_8c03018b,2,1,2,70.88,100,0,4438
8596,1128,round_end,432.12,1,T_a02bf5e9,0,1,1,0,0,0,4439
8597,1128,round_end,691.07,2,T_5568bd9d,3,3,3,0,0,220.96,4439
8598,1128,round_end,691.07,2,T_5568bd9d,3,3,3,0,0,220.96,4439
8599,1128,round_end,529.28,1,T_a02bf5e9,0,0,0,0,0,70.97,4440
8600,1128,round_end,260.97,1,T_a02bf5e9,0,0,0,0,0,0,4441
8601,1128,round_end,698.79,2,T_5568bd9d,1,3,1,0,0,0,4441
8602,1128,round_end,788.37,6,T_a02bf5e9,4,1,4,0,0,40,4442
8603,1128,round_end,260.97,1,T_a02bf5e9,0,0,0,0,0,0,4443
8604,1128,round_end,698.79,2,T_5568bd9d,1,3,1,0,0,0,4443
8605,1128,round_end,260.97,1,T_a02bf5e9,0,0,0,0,0,0,4444
8606,1128,round_end,698.79,2,T_5568bd9d,1,3,1,0,0,0,4444
8607,1128,round_end,788.37,6,T_a02bf5e9,4,1,4,0,0,40,4445
8608,1128,round_end,650.24,1,T_a02bf5e9,0,0,0,0,0,0,4446
8609,1128,round_end,161.43,1,T_8c03018b,1,0,0,100,0,0,4447
8610,1128,round_end,369.03,2,T_8c03018b,2,0,2,100,39.92,0,4447
8611,1128,round_end,620.31,3,T_8c03018b,2,1,1,71.89,100,0,4447
8612,1128,round_end,620.31,3,T_8c03018b,2,1,1,71.89,100,0,4447
8613,1128,round_end,503.66,1,T_a02bf5e9,0,0,3,5,4,0,4448
8614,1129,round_end,253.71,1,T_8c03018b,1,0,1,100,64.69,0,4449
8615,1129,round_end,433.84,2,T_8c03018b,2,0,0,100,0,0,4449
8616,1129,round_end,757.6,3,T_8c03018b,3,0,2,100,99.99,0,4449
8619,1129,round_end,473.84,1,T_a02bf5e9,0,3,3,0,0,6.36,4451
8620,1129,round_end,904.73,2,T_5568bd9d,1,3,1,0,0,0,4451
8621,1129,round_end,649.99,1,T_a02bf5e9,0,0,0,0,0,0,4452
8622,1129,round_end,212.64,1,T_a02bf5e9,0,0,4,5,1,0,4453
8629,1130,round_end,495.69,1,T_a02bf5e9,0,3,3,0,0,0,4457
8630,1130,round_end,760.32,2,T_5568bd9d,0,3,0,0,0,0,4457
8633,1130,round_end,678.23,1,T_a02bf5e9,0,0,0,0,0,0,4459
8634,1130,round_end,562.41,1,T_a02bf5e9,0,0,1,4,5,0,4460
8635,1130,round_end,836.46,6,T_a02bf5e9,2,3,0,0,0,40,4461
8636,1131,round_end,164.5,1,T_8c03018b,1,0,0,100,0,0,4462
8637,1131,round_end,429.34,2,T_8c03018b,2,0,1,100,82.63,0,4462
8638,1131,round_end,595.25,3,T_8c03018b,3,0,2,100,0,0,4462
8639,1131,round_end,240.04,1,T_a02bf5e9,0,0,0,0,0,0,4463
8640,1131,round_end,623.86,2,T_5568bd9d,3,3,3,0,0,96.31,4463
8641,1131,round_end,623.86,2,T_5568bd9d,3,3,3,0,0,96.31,4463
8642,1131,round_end,501.39,1,T_a02bf5e9,0,0,0,0,0,98.86,4464
8643,1131,round_end,249.5,1,T_8c03018b,1,0,0,100,44.52,0,4465
8644,1131,round_end,515.84,2,T_8c03018b,2,0,1,100,89.59,0,4465
8645,1131,round_end,826.79,3,T_8c03018b,2,1,2,99.99,100,0,4465
8646,1131,round_end,826.79,3,T_8c03018b,2,1,2,99.99,100,0,4465
8647,1131,round_end,492.51,1,T_a02bf5e9,0,2,2,0,0,0,4466
8648,1131,round_end,945.7,2,T_5568bd9d,3,3,3,0,0,35.76,4466
8649,1131,round_end,945.7,2,T_5568bd9d,3,3,3,0,0,35.76,4466
8650,1131,round_end,385.76,1,T_a02bf5e9,0,0,0,0,0,214.42,4467
8651,1131,round_end,265.79,1,T_8c03018b,1,0,0,100,85.71,0,4468
8652,1131,round_end,423.88,2,T_8c03018b,2,0,1,100,0,0,4468
8653,1132,round_end,260.75,1,T_267fa7be,0,0,0,0,0,0,4469
8654,1132,round_end,723.49,2,T_3238eb96,3,3,3,0,0,17.19,4469
8655,1132,round_end,723.49,2,T_3238eb96,3,3,3,0,0,17.19,4469
8656,1132,round_end,157.21,1,T_8c03018b,1,0,1,100,0,0,4470
8657,1132,round_end,470.78,2,T_8c03018b,2,0,2,100,98.39,0,4470
8658,1132,round_end,645.47,3,T_8c03018b,3,0,0,100,0,0,4470
8659,1132,round_end,395.17,1,T_267fa7be,0,1,1,0,0,0,4471
8660,1132,round_end,760.2,2,T_3238eb96,3,3,3,0,0,114.94,4471
8661,1132,round_end,760.2,2,T_3238eb96,3,3,3,0,0,114.94,4471
8662,1132,round_end,959.52,6,T_267fa7be,3,2,3,0,0,40,4472
8663,1132,round_end,410.55,1,T_267fa7be,0,1,1,0,0,0,4473
8664,1132,round_end,748.29,2,T_3238eb96,3,3,3,0,0,142.22,4473
8665,1132,round_end,748.29,2,T_3238eb96,3,3,3,0,0,142.22,4473
8666,1133,round_end,527.73,1,T_a02bf5e9,0,2,2,0,0,0,4474
8667,1133,round_end,803.79,2,T_5568bd9d,3,3,3,0,0,203.8,4474
8668,1133,round_end,803.79,2,T_5568bd9d,3,3,3,0,0,203.8,4474
8669,1133,round_end,231.68,1,T_a02bf5e9,0,0,0,0,0,368.36,4475
8670,1134,round_end,195.19,1,T_8c03018b,1,0,1,100,18.04,0,4476
8671,1134,round_end,431.03,2,T_8c03018b,2,0,0,100,51.6,0,4476
8672,1134,round_end,767.53,3,T_8c03018b,2,1,2,99.99,100,0,4476
8673,1134,round_end,767.53,3,T_8c03018b,2,1,2,99.99,100,0,4476
8674,1135,round_end,195.19,1,T_8c03018b,1,0,1,100,18.04,0,4477
8675,1135,round_end,431.03,2,T_8c03018b,2,0,0,100,51.6,0,4477
8676,1135,round_end,767.53,3,T_8c03018b,2,1,2,99.99,100,0,4477
8677,1135,round_end,767.53,3,T_8c03018b,2,1,2,99.99,100,0,4477
8678,1136,round_end,195.19,1,T_8c03018b,1,0,1,100,18.04,0,4478
8679,1136,round_end,431.03,2,T_8c03018b,2,0,0,100,51.6,0,4478
8680,1136,round_end,767.53,3,T_8c03018b,2,1,2,99.99,100,0,4478
8681,1136,round_end,767.53,3,T_8c03018b,2,1,2,99.99,100,0,4478
8682,1137,round_end,195.19,1,T_8c03018b,1,0,1,100,18.04,0,4479
8683,1137,round_end,431.03,2,T_8c03018b,2,0,0,100,51.6,0,4479
8684,1137,round_end,767.53,3,T_8c03018b,2,1,2,99.99,100,0,4479
8685,1137,round_end,767.53,3,T_8c03018b,2,1,2,99.99,100,0,4479
8686,1137,round_end,506.34,1,T_a02bf5e9,0,3,3,0,0,0,4480
8687,1137,round_end,946.29,2,T_5568bd9d,3,3,3,0,0,39.82,4480
8688,1137,round_end,600.13,1,T_a02bf5e9,0,0,0,0,0,0,4481
8689,1138,round_end,414.22,1,T_478f548f,0,1,1,0,0,0,4482
8690,1138,round_end,951.07,2,T_8478c02e,2,3,2,0,0,0,4482
8691,1139,round_end,414.22,1,T_478f548f,0,1,1,0,0,0,4483
8692,1139,round_end,951.07,2,T_8478c02e,2,3,2,0,0,0,4483
8693,1140,round_end,414.22,1,T_478f548f,0,1,1,0,0,0,4484
8694,1140,round_end,951.07,2,T_8478c02e,2,3,2,0,0,0,4484
8698,1140,round_end,173.61,1,T_8c03018b,0,1,1,0,100,0,4486
8699,1140,round_end,347.49,2,T_8c03018b,0,2,0,9.32,100,0,4486
8700,1140,round_end,671.85,3,T_8c03018b,0,3,2,99.99,100,0,4486
8701,1140,round_end,787.25,6,T_478f548f,3,2,3,0,0,40,4487
8703,1140,round_end,407.54,1,T_478f548f,0,0,0,3,5,0,4489
8704,1148,round_end,948.45,6,T_a02bf5e9,3,2,1,0,0,40,4490
8705,1148,round_end,507.84,1,T_a02bf5e9,0,2,2,0,0,0,4491
8706,1148,round_end,856.1,2,T_5568bd9d,3,3,3,0,0,131.56,4491
8707,1148,round_end,856.1,2,T_5568bd9d,3,3,3,0,0,131.56,4491
8708,1148,round_end,400.15,1,T_a02bf5e9,0,0,0,0,0,200.01,4492
8709,1148,round_end,314.96,1,T_a02bf5e9,0,0,4,5,1,0,4493
8710,1148,round_end,267.27,1,T_8c03018b,1,0,2,100,78.33,0,4494
8711,1148,round_end,487.02,2,T_8c03018b,2,0,0,100,15.91,0,4494
8712,1148,round_end,640.94,3,T_8c03018b,3,0,1,100,0,0,4494
6963,914,round_end,603.9,1,T_75f50b54,0,0,0,0,0,0,
6966,914,round_end,516.82,2,T_8c03018b,2,0,0,100,99.99,0,
6967,914,round_end,775.94,3,T_8c03018b,2,1,2,84.82,100,0,
6968,914,round_end,775.94,3,T_8c03018b,2,1,2,84.82,100,0,
8717,1174,round_end,211.72,1,T_8c03018b,1,0,2,100,44,0,4496
8718,1174,round_end,481.95,2,T_8c03018b,1,1,0,76.01,100,0,4496
8719,1174,round_end,713.31,3,T_8c03018b,2,1,1,100,29.27,0,4496
8720,1174,round_end,713.31,3,T_8c03018b,2,1,1,100,29.27,0,4496
8721,533,round_end,176.27,1,T_8c03018b,0,1,0,0,100,0,4497
8722,533,round_end,491.86,2,T_8c03018b,1,1,2,100,99.99,0,4497
8723,533,round_end,801.75,3,T_8c03018b,1,2,1,99.99,100,0,4497
8724,533,round_end,801.75,3,T_8c03018b,1,2,1,99.99,100,0,4497
8725,1186,round_end,217.02,1,T_8c03018b,1,0,0,100,45.44,0,4498
8726,1186,round_end,393.45,2,T_8c03018b,1,1,2,0,100,0,4498
8727,1186,round_end,685.8,3,T_8c03018b,2,1,1,100,99.99,0,4498
8728,1186,round_end,685.8,3,T_8c03018b,2,1,1,100,99.99,0,4498
8729,1186,round_end,668.21,1,T_a02bf5e9,0,0,0,0,0,0,4499
8730,1186,round_end,572.21,1,T_a02bf5e9,0,0,4,5,3,0,4500
8731,1186,round_end,904.18,6,T_a02bf5e9,2,3,1,0,0,40,4501
8732,1186,round_end,217.02,1,T_8c03018b,1,0,0,100,45.44,0,4502
8733,1186,round_end,393.45,2,T_8c03018b,1,1,2,0,100,0,4502
8734,1186,round_end,685.8,3,T_8c03018b,2,1,1,100,99.99,0,4502
8735,1186,round_end,685.8,3,T_8c03018b,2,1,1,100,99.99,0,4502
8736,1186,round_end,904.18,6,T_a02bf5e9,2,3,1,0,0,40,4503
8737,1186,round_end,572.21,1,T_a02bf5e9,0,0,4,5,3,0,4504
8738,1186,round_end,668.21,1,T_a02bf5e9,0,0,0,0,0,0,4505
8739,1187,round_end,254.32,1,T_8c03018b,1,0,2,100,50.37,0,4506
8740,1187,round_end,535.65,2,T_8c03018b,2,0,1,100,99.99,0,4506
8741,1187,round_end,770.13,3,T_8c03018b,3,0,0,100,44.73,0,4506
8742,1187,round_end,429.78,1,T_a02bf5e9,0,1,1,0,0,0,4507
8743,1187,round_end,787.15,2,T_ce6d7d76,3,3,3,0,0,122.55,4507
8744,1187,round_end,787.15,2,T_ce6d7d76,3,3,3,0,0,122.55,4507
8745,1187,round_end,716.39,5,T_a02bf5e9,5,0,1,100,99.99,0,4508
8746,1187,round_end,607.35,1,T_a02bf5e9,0,0,0,0,0,0,4509
8761,1189,round_end,529.43,1,T_a02bf5e9,0,2,2,0,0,0,4515
8762,1189,round_end,1024.25,2,T_5568bd9d,2,3,2,0,0,0,4515
8763,1189,round_end,600.14,1,T_a02bf5e9,0,0,0,0,0,0,4516
8747,1187,round_end,328.81,1,T_a02bf5e9,0,3,3,0,0,151.29,4510
8748,1187,round_end,548.88,2,T_ce6d7d76,3,3,3,0,0,260.01,4510
8749,1187,round_end,212.4,1,T_8c03018b,1,0,2,100,39.68,0,4511
8750,1187,round_end,518.18,2,T_8c03018b,2,0,0,100,99.99,0,4511
8751,1187,round_end,713.85,3,T_8c03018b,3,0,1,100,23.57,0,4511
8752,1188,round_end,670.82,1,T_a02bf5e9,0,0,4,5,3,0,4512
8753,1188,round_end,193.89,1,T_8c03018b,0,1,2,18.81,100,0,4513
8754,1188,round_end,485.76,2,T_8c03018b,0,2,0,80.21,100,0,4513
8755,1188,round_end,710.22,3,T_8c03018b,1,2,1,100,53.43,0,4513
8756,1188,round_end,710.22,3,T_8c03018b,1,2,1,100,53.43,0,4513
8757,1188,round_end,249.91,1,T_8c03018b,0,1,1,50.04,100,0,4514
8758,1188,round_end,537.5,2,T_8c03018b,1,1,0,100,97.48,0,4514
8759,1188,round_end,805.38,3,T_8c03018b,1,2,2,62.19,100,0,4514
8760,1188,round_end,805.38,3,T_8c03018b,1,2,2,62.19,100,0,4514
8765,1189,round_end,395.14,1,T_a02bf5e9,0,1,1,0,0,0,4518
8766,1189,round_end,755.69,2,T_5568bd9d,3,3,3,0,0,119.4,4518
8767,1189,round_end,755.69,2,T_5568bd9d,3,3,3,0,0,119.4,4518
8764,1189,round_end,254.3,1,T_a02bf5e9,0,0,0,1,5,0,4517
8768,1189,round_end,311.28,1,T_8c03018b,1,0,0,100,99.99,0,4519
8769,1189,round_end,646.33,2,T_8c03018b,1,1,2,99.99,100,0,4519
8770,1189,round_end,921.52,3,T_8c03018b,2,1,1,100,96.67,0,4519
8771,1189,round_end,921.52,3,T_8c03018b,2,1,1,100,96.67,0,4519
8772,1189,round_end,789.43,5,T_a02bf5e9,0,5,1,93.1,100,0,4520
8773,1190,round_end,245.18,1,T_8c03018b,1,0,1,100,54.25,0,4521
8774,1190,round_end,463.32,2,T_8c03018b,2,0,0,100,0,0,4521
8775,1190,round_end,674.32,3,T_8c03018b,3,0,2,100,39.75,0,4521
8776,1191,round_end,245.18,1,T_8c03018b,1,0,1,100,54.25,0,4522
8777,1191,round_end,463.32,2,T_8c03018b,2,0,0,100,0,0,4522
8778,1191,round_end,674.32,3,T_8c03018b,3,0,2,100,39.75,0,4522
8779,1192,round_end,245.18,1,T_8c03018b,1,0,1,100,54.25,0,4523
8780,1192,round_end,463.32,2,T_8c03018b,2,0,0,100,0,0,4523
8781,1192,round_end,674.32,3,T_8c03018b,3,0,2,100,39.75,0,4523
8782,1193,round_end,245.18,1,T_8c03018b,1,0,1,100,54.25,0,4524
8783,1193,round_end,463.32,2,T_8c03018b,2,0,0,100,0,0,4524
8784,1193,round_end,674.32,3,T_8c03018b,3,0,2,100,39.75,0,4524
8790,1193,round_end,678.15,1,T_f9416cc2,0,0,0,0,0,0,4527
8796,1194,round_end,396.93,1,T_dbf13920,0,1,1,0,0,0,4530
8797,1194,round_end,814.42,2,T_1699ed97,1,3,1,0,0,0,4530
8798,1194,round_end,390.15,1,T_dbf13920,0,1,1,0,0,0,4531
8799,1194,round_end,682.83,2,T_1699ed97,3,3,3,0,0,187.28,4531
8800,1194,round_end,682.83,2,T_1699ed97,3,3,3,0,0,187.28,4531
8801,1194,round_end,772.29,6,T_dbf13920,1,4,3,0,0,40,4532
8802,1194,round_end,631.57,1,T_dbf13920,0,0,0,0,0,0,4533
8803,1195,round_end,176.27,1,T_8c03018b,0,1,0,0,100,0,4534
8804,1195,round_end,491.86,2,T_8c03018b,1,1,2,100,99.99,0,4534
8805,1195,round_end,801.75,3,T_8c03018b,1,2,1,99.99,100,0,4534
8806,1195,round_end,801.75,3,T_8c03018b,1,2,1,99.99,100,0,4534
8808,1195,round_end,658.06,1,T_a02bf5e9,0,0,0,0,0,0,4536
8809,1195,round_end,443.66,1,T_a02bf5e9,0,1,1,0,0,0,4537
8810,1195,round_end,962.34,2,T_5568bd9d,3,3,3,0,0,0,4537
8811,1195,round_end,962.34,2,T_5568bd9d,3,3,3,0,0,0,4537
8814,1195,round_end,417.53,1,T_a02bf5e9,0,3,3,0,0,62.6,4539
8815,1195,round_end,906.79,2,T_5568bd9d,2,3,2,0,0,0,4539
8816,1195,round_end,409.98,1,T_a02bf5e9,0,3,3,0,0,70.17,4540
8817,1195,round_end,801.03,2,T_5568bd9d,3,3,3,0,0,88.81,4540
8818,1196,round_end,265.98,1,T_0cbebe29,0,0,0,0,0,0,4541
8819,1196,round_end,534.42,2,T_f4443d5e,0,3,0,0,0,0,4541
8821,1196,round_end,716.69,6,T_0cbebe29,2,3,1,0,0,40,4543
8822,1196,round_end,254.65,1,T_0cbebe29,0,3,3,0,0,225.4,4544
8823,1196,round_end,666.91,2,T_f4443d5e,1,3,1,0,0,0,4544
8828,1196,round_end,621.55,1,T_0cbebe29,0,0,0,0,0,0,4547
7050,942,round_end,268.78,1,T_674c7502,0,0,0,0,0,0,
7051,942,round_end,783.74,2,T_553ef4f1,2,3,2,0,0,0,
8854,1207,round_end,376.3,1,T_8c03018b,1,0,0,100,99.99,0,4557
8855,1207,round_end,570.6,2,T_8c03018b,1,1,1,33.35,100,0,4557
8856,1207,round_end,801.33,3,T_8c03018b,1,2,2,39.05,100,0,4557
8857,1207,round_end,801.33,3,T_8c03018b,1,2,2,39.05,100,0,4557
8862,1209,round_end,376.3,1,T_8c03018b,1,0,0,100,99.99,0,4559
8863,1209,round_end,570.6,2,T_8c03018b,1,1,1,33.35,100,0,4559
8864,1209,round_end,801.33,3,T_8c03018b,1,2,2,39.05,100,0,4559
8865,1209,round_end,801.33,3,T_8c03018b,1,2,2,39.05,100,0,4559
8866,1210,round_end,672.77,1,T_a02bf5e9,0,0,0,0,0,0,4560
8867,1210,round_end,376.3,1,T_8c03018b,1,0,0,100,99.99,0,4561
8868,1210,round_end,570.6,2,T_8c03018b,1,1,1,33.35,100,0,4561
8869,1210,round_end,801.33,3,T_8c03018b,1,2,2,39.05,100,0,4561
8870,1210,round_end,801.33,3,T_8c03018b,1,2,2,39.05,100,0,4561
8871,1210,round_end,491.13,1,T_a02bf5e9,0,2,2,0,0,0,4562
8872,1210,round_end,853.63,2,T_5568bd9d,3,3,3,0,0,117.33,4562
8873,1210,round_end,853.63,2,T_5568bd9d,3,3,3,0,0,117.33,4562
8876,1210,round_end,745.28,5,T_a02bf5e9,0,5,3,0,100,0,4564
8877,1210,round_end,413.67,1,T_a02bf5e9,0,0,4,5,1,0,4565
8878,1210,round_end,376.3,1,T_8c03018b,1,0,0,100,99.99,0,4566
8879,1210,round_end,570.6,2,T_8c03018b,1,1,1,33.35,100,0,4566
8880,1210,round_end,801.33,3,T_8c03018b,1,2,2,39.05,100,0,4566
8881,1210,round_end,801.33,3,T_8c03018b,1,2,2,39.05,100,0,4566
8882,1211,round_end,501.76,1,T_a02bf5e9,0,2,2,0,0,0,4567
8883,1211,round_end,922.3,2,T_5568bd9d,3,3,3,0,0,59.24,4567
8884,1211,round_end,922.3,2,T_5568bd9d,3,3,3,0,0,59.24,4567
8885,1211,round_end,289.18,1,T_8c03018b,0,1,0,99.99,100,0,4568
8886,1211,round_end,492.28,2,T_8c03018b,1,1,2,100,36.71,0,4568
8887,1211,round_end,698.36,3,T_8c03018b,1,2,1,37.35,100,0,4568
8888,1211,round_end,698.36,3,T_8c03018b,1,2,1,37.35,100,0,4568
8890,1211,round_end,243.18,1,T_8c03018b,1,0,1,100,18.72,0,4570
8891,1211,round_end,472.75,2,T_8c03018b,1,1,0,42.71,100,0,4570
8892,1211,round_end,666.2,3,T_8c03018b,2,1,2,100,23.24,0,4570
8893,1211,round_end,666.2,3,T_8c03018b,2,1,2,100,23.24,0,4570
8897,1211,round_end,324.06,1,T_a02bf5e9,0,0,0,0,0,276.04,4572
8898,1211,round_end,322.26,1,T_8c03018b,1,0,2,100,79.4,0,4573
8899,1211,round_end,570.94,2,T_8c03018b,2,0,0,100,47.17,0,4573
8900,1211,round_end,899.78,3,T_8c03018b,3,0,1,100,99.99,0,4573
8901,1211,round_end,492.96,1,T_a02bf5e9,0,2,2,0,0,0,4574
8902,1211,round_end,992.68,2,T_5568bd9d,2,3,2,0,0,0,4574
8903,1212,round_end,160.18,1,T_8c03018b,0,1,0,0,100,0,4575
8904,1212,round_end,432.35,2,T_8c03018b,0,2,1,66.68,100,0,4575
8905,1212,round_end,638.92,3,T_8c03018b,0,3,2,34.03,100,0,4575
8906,1213,round_end,168.11,1,T_8c03018b,1,0,1,100,0,0,4576
8907,1213,round_end,395.08,2,T_8c03018b,2,0,0,100,43.17,0,4576
8908,1213,round_end,598.92,3,T_8c03018b,3,0,2,100,27.19,0,4576
8909,1214,round_end,168.11,1,T_8c03018b,1,0,1,100,0,0,4577
8910,1214,round_end,395.08,2,T_8c03018b,2,0,0,100,43.17,0,4577
8911,1214,round_end,598.92,3,T_8c03018b,3,0,2,100,27.19,0,4577
8912,1215,round_end,395.15,1,T_f58d45ac,0,1,1,0,0,0,4578
8913,1215,round_end,886.9,2,T_12aacf23,2,3,2,0,0,0,4578
8914,1215,round_end,615.01,1,T_f58d45ac,0,0,0,0,0,0,4579
8915,1215,round_end,168.11,1,T_8c03018b,1,0,1,100,0,0,4580
8916,1215,round_end,395.08,2,T_8c03018b,2,0,0,100,43.17,0,4580
8917,1215,round_end,598.92,3,T_8c03018b,3,0,2,100,27.19,0,4580
8918,1215,round_end,480.2,1,T_f58d45ac,0,2,2,0,0,0,4581
8919,1215,round_end,959.98,2,T_12aacf23,2,3,2,0,0,0,4581
8920,1215,round_end,307.37,1,T_8c03018b,0,1,0,99.99,100,0,4582
8921,1215,round_end,635.81,2,T_8c03018b,1,1,1,100,98.31,0,4582
8922,1215,round_end,926.62,3,T_8c03018b,1,2,2,98.52,100,0,4582
8923,1215,round_end,926.62,3,T_8c03018b,1,2,2,98.52,100,0,4582
8925,1216,round_end,300.67,1,T_8c03018b,1,0,2,100,99.99,0,4584
8926,1216,round_end,554.22,2,T_8c03018b,1,1,0,41.47,100,0,4584
8927,1216,round_end,736.07,3,T_8c03018b,2,1,1,100,0,0,4584
8928,1216,round_end,736.07,3,T_8c03018b,2,1,1,100,0,0,4584
8929,1216,round_end,506.35,1,T_3238eb96,0,2,2,0,0,0,4585
8930,1216,round_end,1024.77,2,T_fa455f51,2,3,2,0,0,0,4585
8931,1216,round_end,477.05,1,T_3238eb96,0,3,3,0,0,3.19,4586
8932,1216,round_end,801.42,2,T_fa455f51,3,3,3,0,0,155.5,4586
8933,1216,round_end,932.53,5,T_3238eb96,5,0,2,100,0,0,4587
8935,1216,round_end,562.72,1,T_3238eb96,0,0,1,4,5,0,4589
8936,1217,round_end,487.32,1,T_a02bf5e9,0,3,3,0,0,9.74,4590
8937,1217,round_end,967.07,2,T_5568bd9d,2,3,2,0,0,0,4590
8938,1218,round_end,414.94,1,T_a02bf5e9,0,3,3,0,0,65.19,4591
8939,1218,round_end,654.92,2,T_5568bd9d,0,3,0,0,0,0,4591
8940,1218,round_end,628.7,1,T_a02bf5e9,0,0,0,0,0,0,4592
8941,1218,round_end,879.48,6,T_a02bf5e9,1,4,3,0,0,40,4593
8942,1218,round_end,437.67,1,T_a02bf5e9,0,3,3,0,0,42.47,4594
8943,1218,round_end,863.98,2,T_5568bd9d,1,3,1,0,0,0,4594
8944,1218,round_end,274.7,1,T_8c03018b,1,0,1,100,68.55,0,4595
8945,1218,round_end,487.75,2,T_8c03018b,2,0,2,100,35.25,0,4595
8946,1218,round_end,813.19,3,T_8c03018b,3,0,0,100,99.99,0,4595
8949,1218,round_end,487.32,1,T_a02bf5e9,0,3,3,0,0,9.74,4597
8950,1218,round_end,967.07,2,T_5568bd9d,2,3,2,0,0,0,4597
8951,1219,round_end,278.29,1,T_8c03018b,1,0,2,100,99.99,0,4598
8952,1219,round_end,494.41,2,T_8c03018b,1,1,0,46,100,0,4598
8953,1219,round_end,693.08,3,T_8c03018b,2,1,1,100,0,0,4598
8954,1219,round_end,693.08,3,T_8c03018b,2,1,1,100,0,0,4598
8955,1219,round_end,413.12,1,T_a02bf5e9,0,1,1,0,0,0,4599
8956,1219,round_end,908.17,2,T_5568bd9d,3,3,3,0,0,0,4599
8957,1219,round_end,908.17,2,T_5568bd9d,3,3,3,0,0,0,4599
8958,1219,round_end,476.79,1,T_a02bf5e9,0,3,3,0,0,3.42,4600
8959,1219,round_end,827.8,2,T_5568bd9d,3,3,3,0,0,128.81,4600
8960,1219,round_end,827.8,2,T_5568bd9d,3,3,3,0,0,128.81,4600
8961,1220,round_end,538.99,1,T_a02bf5e9,0,0,0,0,0,61.22,4601
8962,1220,round_end,400.38,1,T_a02bf5e9,0,1,1,0,0,0,4602
8963,1220,round_end,876.23,2,T_5568bd9d,1,3,1,0,0,0,4602
8964,1220,round_end,262.92,1,T_a02bf5e9,0,0,0,0,0,0,4603
8965,1220,round_end,663.19,2,T_5568bd9d,3,3,3,0,0,79.65,4603
8966,1220,round_end,663.19,2,T_5568bd9d,3,3,3,0,0,79.65,4603
8967,1220,round_end,950.59,5,T_a02bf5e9,5,0,4,100,76.3,0,4604
8968,1220,round_end,213.45,1,T_8c03018b,1,0,2,100,12.71,0,4605
8969,1220,round_end,459.36,2,T_8c03018b,2,0,0,100,53.96,0,4605
8970,1220,round_end,705.03,3,T_8c03018b,3,0,1,100,61.12,0,4605
8971,1219,round_end,814.06,6,T_a02bf5e9,4,1,4,0,0,40,4606
8973,1219,round_end,702.29,1,T_a02bf5e9,0,0,1,4,5,0,4608
8974,1221,round_end,376.3,1,T_8c03018b,1,0,0,100,99.99,0,4609
8975,1221,round_end,570.6,2,T_8c03018b,1,1,1,33.35,100,0,4609
8976,1221,round_end,801.33,3,T_8c03018b,1,2,2,39.05,100,0,4609
8977,1221,round_end,801.33,3,T_8c03018b,1,2,2,39.05,100,0,4609
8978,1222,round_end,376.3,1,T_8c03018b,1,0,0,100,99.99,0,4610
8979,1222,round_end,570.6,2,T_8c03018b,1,1,1,33.35,100,0,4610
8980,1222,round_end,801.33,3,T_8c03018b,1,2,2,39.05,100,0,4610
8981,1222,round_end,801.33,3,T_8c03018b,1,2,2,39.05,100,0,4610
8982,1223,round_end,376.3,1,T_8c03018b,1,0,0,100,99.99,0,4611
8983,1223,round_end,570.6,2,T_8c03018b,1,1,1,33.35,100,0,4611
8984,1223,round_end,801.33,3,T_8c03018b,1,2,2,39.05,100,0,4611
8985,1223,round_end,801.33,3,T_8c03018b,1,2,2,39.05,100,0,4611
8990,1225,round_end,376.3,1,T_8c03018b,1,0,0,100,99.99,0,4613
8991,1225,round_end,570.6,2,T_8c03018b,1,1,1,33.35,100,0,4613
8992,1225,round_end,801.33,3,T_8c03018b,1,2,2,39.05,100,0,4613
8993,1225,round_end,801.33,3,T_8c03018b,1,2,2,39.05,100,0,4613
8994,1226,round_end,376.3,1,T_8c03018b,1,0,0,100,99.99,0,4614
8995,1226,round_end,570.6,2,T_8c03018b,1,1,1,33.35,100,0,4614
8996,1226,round_end,801.33,3,T_8c03018b,1,2,2,39.05,100,0,4614
8997,1226,round_end,801.33,3,T_8c03018b,1,2,2,39.05,100,0,4614
9014,1227,round_end,519.35,1,T_a02bf5e9,0,2,2,0,0,0,4622
9015,1227,round_end,759.22,2,T_5568bd9d,0,3,0,0,0,0,4622
9016,1227,round_end,626.66,1,T_a02bf5e9,0,0,0,0,0,0,4623
9017,1227,round_end,746.57,5,T_a02bf5e9,0,5,1,0,100,0,4624
9018,1227,round_end,536.46,1,T_a02bf5e9,0,0,3,5,4,0,4625
9019,1227,round_end,200.28,1,T_8c03018b,0,1,2,34.01,100,0,4626
9020,1227,round_end,478.89,2,T_8c03018b,1,1,1,100,86.84,0,4626
9021,1227,round_end,723.01,3,T_8c03018b,2,1,0,100,72.05,0,4626
9022,1227,round_end,723.01,3,T_8c03018b,2,1,0,100,72.05,0,4626
9031,1229,round_end,214.27,1,T_8c03018b,0,1,2,26.09,100,0,4630
9032,1229,round_end,510.8,2,T_8c03018b,0,2,1,92.87,100,0,4630
9033,1229,round_end,767.7,3,T_8c03018b,0,3,0,71,100,0,4630
9034,1230,round_end,214.27,1,T_8c03018b,0,1,2,26.09,100,0,4631
9035,1230,round_end,510.8,2,T_8c03018b,0,2,1,92.87,100,0,4631
9036,1230,round_end,767.7,3,T_8c03018b,0,3,0,71,100,0,4631
9037,1231,round_end,214.27,1,T_8c03018b,0,1,2,26.09,100,0,4632
9038,1231,round_end,510.8,2,T_8c03018b,0,2,1,92.87,100,0,4632
9039,1231,round_end,767.7,3,T_8c03018b,0,3,0,71,100,0,4632
9040,1231,round_end,189.91,1,T_a02bf5e9,0,0,0,0,0,410.12,4634
9041,1231,round_end,440.11,1,T_a02bf5e9,0,3,3,0,0,40.09,4635
9042,1231,round_end,1006.58,2,T_5568bd9d,2,3,2,0,0,0,4635
9043,1231,round_end,434.9,1,T_a02bf5e9,0,3,3,0,0,45.29,4636
9044,1231,round_end,706.67,2,T_5568bd9d,0,3,0,0,0,0,4636
9045,1233,round_end,697.71,1,T_a02bf5e9,0,0,0,0,0,0,4637
7106,954,round_end,423.9,1,T_68c6a1f8,0,0,4,5,3,0,
9046,1233,round_end,524.84,1,T_a02bf5e9,0,3,3,0,0,0,4638
9047,1233,round_end,944.13,2,T_5568bd9d,1,3,1,0,0,0,4638
9048,1233,round_end,797.95,6,T_a02bf5e9,2,3,0,0,0,40,4639
9049,1234,round_end,246.12,1,T_8c03018b,1,0,0,100,59.25,0,4640
9050,1234,round_end,530.21,2,T_8c03018b,2,0,2,100,74.55,0,4640
9051,1234,round_end,841.34,3,T_8c03018b,2,1,1,99.99,100,0,4640
9052,1234,round_end,841.34,3,T_8c03018b,2,1,1,99.99,100,0,4640
9053,1234,round_end,485.66,1,T_a02bf5e9,0,3,3,0,0,0,4641
9054,1234,round_end,898.32,2,T_5568bd9d,1,3,1,0,0,0,4641
9055,1234,round_end,477.24,1,T_a02bf5e9,0,3,3,0,0,2.94,4642
9056,1234,round_end,984.7,2,T_5568bd9d,2,3,2,0,0,0,4642
9057,1234,round_end,530.37,1,T_a02bf5e9,0,0,0,3,5,0,4643
9058,1234,round_end,956.18,6,T_a02bf5e9,3,2,0,0,0,40,4644
9059,1234,round_end,474,1,T_a02bf5e9,0,3,3,0,0,6.23,4645
9060,1234,round_end,876.24,2,T_5568bd9d,1,3,1,0,0,0,4645
9061,1234,round_end,642.23,1,T_a02bf5e9,0,0,0,0,0,0,4646
9062,1235,round_end,239.61,1,T_a02bf5e9,0,0,4,5,1,0,4647
9063,1235,round_end,600.17,1,T_a02bf5e9,0,0,0,0,0,0,4648
9064,1235,round_end,249.1,1,T_a02bf5e9,0,0,0,0,0,0,4649
9065,1235,round_end,735.38,2,T_5568bd9d,2,3,2,0,0,0,4649
9069,1235,round_end,166.12,1,T_8c03018b,0,1,2,0,100,0,4651
9070,1235,round_end,485.13,2,T_8c03018b,0,2,1,99.99,100,0,4651
9071,1235,round_end,780.8,3,T_8c03018b,1,2,0,100,98.35,0,4651
9072,1235,round_end,780.8,3,T_8c03018b,1,2,0,100,98.35,0,4651
9073,1235,round_end,452.36,1,T_a02bf5e9,0,3,3,0,0,27.8,4652
9074,1235,round_end,870.15,2,T_5568bd9d,1,3,1,0,0,0,4652
9075,1235,round_end,177.93,1,T_8c03018b,1,0,2,100,0,0,4653
9076,1235,round_end,351.45,2,T_8c03018b,2,0,0,100,0,0,4653
9077,1235,round_end,665.12,3,T_8c03018b,3,0,1,100,99.99,0,4653
9078,1235,round_end,778.87,6,T_a02bf5e9,3,2,0,0,0,40,4654
9079,1236,round_end,200.28,1,T_8c03018b,0,1,2,34.01,100,0,4655
9080,1236,round_end,478.89,2,T_8c03018b,1,1,1,100,86.84,0,4655
9081,1236,round_end,723.01,3,T_8c03018b,2,1,0,100,72.05,0,4655
9082,1236,round_end,723.01,3,T_8c03018b,2,1,0,100,72.05,0,4655
9083,1236,round_end,377.53,1,T_a02bf5e9,0,3,3,0,0,102.62,4656
9084,1236,round_end,767.45,2,T_5568bd9d,1,3,1,0,0,0,4656
9087,1236,round_end,630.61,1,T_a02bf5e9,0,0,0,0,0,0,4658
9088,1236,round_end,514.1,1,T_a02bf5e9,0,2,2,0,0,0,4659
9089,1236,round_end,901.5,2,T_5568bd9d,3,3,3,0,0,92.39,4659
9090,1236,round_end,901.5,2,T_5568bd9d,3,3,3,0,0,92.39,4659
9091,1236,round_end,240.04,1,T_a02bf5e9,0,0,0,0,0,0,4660
9092,1236,round_end,581.98,2,T_5568bd9d,3,3,3,0,0,138.22,4660
9093,1236,round_end,581.98,2,T_5568bd9d,3,3,3,0,0,138.22,4660
9094,1236,round_end,798.57,6,T_a02bf5e9,3,2,1,0,0,40,4661
9095,1237,round_end,198.55,1,T_8c03018b,1,0,2,100,26.69,0,4662
9096,1237,round_end,418.43,2,T_8c03018b,1,1,1,25.93,100,0,4662
9097,1237,round_end,680.14,3,T_8c03018b,1,2,0,86.45,100,0,4662
9098,1237,round_end,680.14,3,T_8c03018b,1,2,0,86.45,100,0,4662
9099,1237,round_end,250.68,1,T_a02bf5e9,0,0,0,0,0,0,4663
9100,1237,round_end,697.23,2,T_5568bd9d,3,3,3,0,0,33.56,4663
9101,1237,round_end,697.23,2,T_5568bd9d,3,3,3,0,0,33.56,4663
9102,1237,round_end,854.44,6,T_a02bf5e9,3,2,2,0,0,40,4664
9103,1237,round_end,507.11,1,T_a02bf5e9,0,3,3,0,0,0,4665
9104,1237,round_end,986.84,2,T_5568bd9d,2,3,2,0,0,0,4665
9105,1238,round_end,222.46,1,T_8c03018b,1,0,2,100,38.24,0,4666
9106,1238,round_end,433.42,2,T_8c03018b,2,0,1,100,37.8,0,4666
9107,1238,round_end,595.42,3,T_8c03018b,3,0,0,100,0,0,4666
9108,1238,round_end,480.13,1,T_a02bf5e9,0,2,2,0,0,0,4667
9109,1238,round_end,785.5,2,T_1699ed97,3,3,3,0,0,174.49,4667
9110,1238,round_end,785.5,2,T_1699ed97,3,3,3,0,0,174.49,4667
9111,1238,round_end,410.3,1,T_a02bf5e9,0,1,1,0,0,0,4668
9112,1238,round_end,778.08,2,T_1699ed97,3,3,3,0,0,112.16,4668
9113,1238,round_end,778.08,2,T_1699ed97,3,3,3,0,0,112.16,4668
9114,1238,round_end,332.29,1,T_a02bf5e9,0,0,0,0,0,267.82,4669
9115,1238,round_end,774.01,6,T_a02bf5e9,3,2,0,0,0,40,4670
9116,1238,round_end,534.71,1,T_a02bf5e9,0,0,4,5,2,0,4671
9117,1237,round_end,526.62,1,T_a02bf5e9,0,0,4,5,3,0,4672
9118,1239,round_end,273.55,1,T_8c03018b,0,1,0,72.73,100,0,4673
9119,1239,round_end,452.63,2,T_8c03018b,1,1,1,100,0,0,4673
9120,1239,round_end,719.05,3,T_8c03018b,1,2,2,78.79,100,0,4673
9121,1239,round_end,719.05,3,T_8c03018b,1,2,2,78.79,100,0,4673
9122,1239,round_end,380.62,1,T_b958fc84,0,3,3,0,0,99.51,4674
9123,1239,round_end,716.97,2,T_3238eb96,3,3,3,0,0,143.54,4674
9124,1239,round_end,583.93,1,T_b958fc84,0,0,0,0,0,16.28,4675
9128,1237,round_end,368.55,1,T_a02bf5e9,0,0,0,0,0,231.61,4678
9134,1240,round_end,543.07,1,T_a02bf5e9,0,0,0,0,0,57.16,4681
9135,1240,round_end,520.1,1,T_a02bf5e9,0,2,2,0,0,0,4682
9136,1240,round_end,1068.47,2,T_5568bd9d,2,3,2,0,0,0,4682
9137,1240,round_end,843.07,6,T_a02bf5e9,1,4,4,0,0,40,4683
9138,1240,round_end,347.29,1,T_a02bf5e9,0,0,0,1,5,0,4684
9139,1240,round_end,287.05,1,T_8c03018b,1,0,0,100,90.92,0,4685
9140,1240,round_end,632.72,2,T_8c03018b,1,1,1,99.99,100,0,4685
9141,1240,round_end,971.58,3,T_8c03018b,1,2,2,99.99,100,0,4685
9142,1240,round_end,971.58,3,T_8c03018b,1,2,2,99.99,100,0,4685
9143,1241,round_end,157.57,1,T_8c03018b,1,0,2,100,0,0,4686
9144,1241,round_end,411.96,2,T_8c03018b,2,0,1,100,79.19,0,4686
9145,1241,round_end,703.93,3,T_8c03018b,3,0,0,100,95.53,0,4686
9146,1241,round_end,262.8,1,T_e21dde7d,0,0,0,0,0,0,4687
9147,1241,round_end,532.87,2,T_29e0905e,3,3,3,0,0,210.14,4687
9148,1241,round_end,532.87,2,T_29e0905e,3,3,3,0,0,210.14,4687
9149,1241,round_end,240.04,1,T_e21dde7d,0,0,0,0,0,0,4688
9150,1241,round_end,754.72,2,T_29e0905e,3,3,3,0,0,0,4688
9151,1241,round_end,754.72,2,T_29e0905e,3,3,3,0,0,0,4688
9152,1241,round_end,600.11,1,T_e21dde7d,0,0,0,0,0,0,4689
9153,1241,round_end,767.92,5,T_e21dde7d,5,0,4,100,18.06,0,4690
9154,1241,round_end,499.25,1,T_e21dde7d,0,2,2,0,0,0,4691
9155,1241,round_end,850.13,2,T_29e0905e,3,3,3,0,0,128.95,4691
9156,1241,round_end,850.13,2,T_29e0905e,3,3,3,0,0,128.95,4691
9157,1243,round_end,190.16,1,T_a02bf5e9,0,0,5,5,0,0,4692
9158,1243,round_end,240.04,1,T_eb73c192,0,0,0,0,0,0,4693
9159,1243,round_end,277.22,2,T_c2f547c5,1,0,0,0,0,202.82,4693
9160,1243,round_end,432.85,1,T_eb73c192,0,3,3,0,0,47.26,4694
9161,1243,round_end,682.23,2,T_c2f547c5,0,3,0,0,0,0,4694
9162,1243,round_end,458.28,1,T_eb73c192,0,1,1,0,0,0,4695
9163,1243,round_end,742.84,2,T_c2f547c5,2,1,1,0,0,105.32,4695
9164,1243,round_end,645.22,1,T_eb73c192,0,0,0,0,0,0,4696
9167,1244,round_end,156.58,1,T_8c03018b,1,0,1,100,0,0,4698
9168,1244,round_end,444.44,2,T_8c03018b,2,0,2,100,83.63,0,4698
9169,1244,round_end,610.47,1,T_eb73c192,0,0,0,0,0,0,4699
9170,1244,round_end,420.76,1,T_eb73c192,0,1,1,0,0,0,4700
9171,1244,round_end,562.59,2,T_5b9402a1,2,1,1,0,0,248.14,4700
9172,1244,round_end,301.26,1,T_8c03018b,1,0,1,100,99.99,0,4701
9173,1244,round_end,557.35,2,T_8c03018b,2,0,0,100,79.39,0,4701
9174,1244,round_end,490.95,1,T_c2f547c5,0,2,2,0,0,0,4702
9175,1244,round_end,816.03,2,T_5b9402a1,3,2,2,0,0,154.75,4702
9176,1245,round_end,282.25,1,T_8c03018b,1,0,0,100,83.64,0,4703
9177,1245,round_end,596.44,2,T_8c03018b,2,0,1,100,98.63,0,4703
9178,1245,round_end,891.64,3,T_8c03018b,3,0,2,100,99.99,0,4703
9179,1245,round_end,513.38,1,T_a02bf5e9,0,2,2,0,0,0,4704
9180,1245,round_end,805.01,2,T_5568bd9d,3,3,3,0,0,188.22,4704
9181,1245,round_end,805.01,2,T_5568bd9d,3,3,3,0,0,188.22,4704
9182,1245,round_end,736.51,6,T_a02bf5e9,2,3,0,0,0,40,4705
9183,1245,round_end,497.87,1,T_a02bf5e9,0,2,2,0,0,0,4706
9184,1245,round_end,887.65,2,T_5568bd9d,1,3,1,0,0,0,4706
9185,1245,round_end,605.22,1,T_a02bf5e9,0,0,0,0,0,0,4707
9189,1246,round_end,317.27,1,T_8c03018b,1,0,1,100,99.99,0,4709
9190,1246,round_end,625.84,2,T_8c03018b,2,0,2,100,99.99,0,4709
9191,1246,round_end,807.87,3,T_8c03018b,3,0,0,100,9.43,0,4709
9192,1246,round_end,532.4,1,T_a02bf5e9,0,3,3,0,0,0,4710
9193,1246,round_end,1012.14,2,T_5568bd9d,2,3,2,0,0,0,4710
9194,1246,round_end,982.67,6,T_a02bf5e9,4,1,1,0,0,40,4711
9199,1247,round_end,259.45,1,T_a02bf5e9,0,3,3,0,0,220.59,4713
9200,1247,round_end,776.07,2,T_1699ed97,3,3,3,0,0,0,4713
9201,1247,round_end,985.46,6,T_a02bf5e9,1,4,1,0,0,40,4714
9202,1247,round_end,434.98,1,T_a02bf5e9,0,3,3,0,0,45.18,4715
9203,1247,round_end,840.03,2,T_1699ed97,3,3,3,0,0,74.76,4715
9204,1247,round_end,622.15,1,T_a02bf5e9,0,0,0,0,0,0,4716
9205,1247,round_end,398.86,1,T_a02bf5e9,0,1,1,0,0,0,4717
9206,1247,round_end,878.69,2,T_1699ed97,2,3,2,0,0,0,4717
9207,1246,round_end,704.36,1,T_a02bf5e9,0,0,0,0,0,0,4718
9208,1246,round_end,502.83,1,T_a02bf5e9,0,2,2,0,0,0,4719
9209,1246,round_end,892.62,2,T_5568bd9d,1,3,1,0,0,0,4719
9210,1248,round_end,202.86,1,T_8c03018b,0,1,1,30.27,100,0,4720
9211,1248,round_end,454.27,2,T_8c03018b,1,1,2,100,63.22,0,4720
9212,1248,round_end,645.59,3,T_8c03018b,2,1,0,100,16.37,0,4720
9213,1248,round_end,645.59,3,T_8c03018b,2,1,0,100,16.37,0,4720
9214,1248,round_end,395.13,1,T_a02bf5e9,0,1,1,0,0,0,4721
9215,1248,round_end,737.9,2,T_5568bd9d,3,3,3,0,0,137.13,4721
9216,1248,round_end,737.9,2,T_5568bd9d,3,3,3,0,0,137.13,4721
9217,1248,round_end,440.36,1,T_a02bf5e9,0,1,1,0,0,0,4722
9218,1248,round_end,799.82,2,T_5568bd9d,3,3,3,0,0,120.38,4722
9219,1248,round_end,799.82,2,T_5568bd9d,3,3,3,0,0,120.38,4722
9220,1248,round_end,254.92,1,T_a02bf5e9,0,0,0,0,0,0,4723
9221,1248,round_end,730.88,2,T_5568bd9d,3,3,3,0,0,4.07,4723
9222,1248,round_end,730.88,2,T_5568bd9d,3,3,3,0,0,4.07,4723
9223,1248,round_end,185.81,1,T_8c03018b,1,0,1,100,0,0,4724
9224,1248,round_end,349.76,2,T_8c03018b,2,0,2,100,0,0,4724
9225,1248,round_end,638.27,3,T_8c03018b,2,1,0,84.76,100,0,4724
9226,1248,round_end,638.27,3,T_8c03018b,2,1,0,84.76,100,0,4724
9227,1249,round_end,283.99,1,T_8c03018b,0,1,0,91.44,100,0,4725
9228,1249,round_end,550.71,2,T_8c03018b,0,2,1,40.57,100,0,4725
9229,1249,round_end,862.84,3,T_8c03018b,0,3,2,99.99,100,0,4725
9230,1249,round_end,424.12,1,T_a02bf5e9,0,1,1,0,0,0,4726
9231,1249,round_end,836.1,2,T_5568bd9d,3,3,3,0,0,67.83,4726
9232,1249,round_end,836.1,2,T_5568bd9d,3,3,3,0,0,67.83,4726
9233,1249,round_end,618.6,1,T_a02bf5e9,0,0,0,0,0,0,4727
9234,1249,round_end,868.73,6,T_a02bf5e9,4,1,0,0,0,40,4728
9235,1249,round_end,477.75,1,T_a02bf5e9,0,3,3,0,0,2.46,4729
9236,1249,round_end,981.64,2,T_5568bd9d,2,3,2,0,0,0,4729
9237,1250,round_end,326.6,1,T_8c03018b,1,0,0,100,99.99,0,4730
9238,1250,round_end,615.8,2,T_8c03018b,2,0,2,100,80.09,0,4730
9239,1250,round_end,794.26,3,T_8c03018b,2,1,1,0,100,0,4730
9240,1250,round_end,794.26,3,T_8c03018b,2,1,1,0,100,0,4730
9241,1250,round_end,614.16,1,T_a02bf5e9,0,0,0,0,0,0,4731
9242,1250,round_end,470.6,1,T_a02bf5e9,0,3,3,0,0,9.56,4732
9243,1250,round_end,1003.74,2,T_5568bd9d,2,3,2,0,0,0,4732
9244,1250,round_end,226.62,1,T_a02bf5e9,0,3,3,0,0,253.42,4733
9245,1250,round_end,599.05,2,T_5568bd9d,3,3,3,0,0,107.71,4733
9246,1250,round_end,270.68,1,T_8c03018b,0,1,0,94.22,100,0,4734
9247,1250,round_end,554.39,2,T_8c03018b,0,2,2,96.93,100,0,4734
9248,1250,round_end,733.55,3,T_8c03018b,1,2,1,100,0,0,4734
9249,1250,round_end,733.55,3,T_8c03018b,1,2,1,100,0,0,4734
7143,958,round_end,508.33,2,T_8c03018b,0,2,1,99.99,100,0,
7144,958,round_end,865.14,3,T_8c03018b,1,2,0,100,99.99,0,
7145,958,round_end,865.14,3,T_8c03018b,1,2,0,100,99.99,0,
9253,1253,round_end,585.93,6,T_a02bf5e9,3,2,3,0,0,40,4739
9254,1254,round_end,166.87,1,T_8c03018b,1,0,2,100,0,0,4740
9255,1254,round_end,346.58,2,T_8c03018b,2,0,0,100,17.99,0,4740
9256,1254,round_end,679.67,3,T_8c03018b,3,0,1,100,99.99,0,4740
9257,1254,round_end,796.89,6,T_a02bf5e9,1,4,1,0,0,40,4741
9258,1254,round_end,395.15,1,T_a02bf5e9,0,1,1,0,0,0,4742
9259,1254,round_end,730.01,2,T_5568bd9d,3,3,3,0,0,145.05,4742
9260,1254,round_end,730.01,2,T_5568bd9d,3,3,3,0,0,145.05,4742
9261,1254,round_end,600.21,1,T_a02bf5e9,0,0,0,0,0,0,4743
9262,1254,round_end,246.27,1,T_8c03018b,1,0,1,100,48.25,0,4744
9263,1254,round_end,505.98,2,T_8c03018b,2,0,2,100,62.46,0,4744
9264,1254,round_end,812.02,3,T_8c03018b,2,1,0,93.26,100,0,4744
9265,1254,round_end,812.02,3,T_8c03018b,2,1,0,93.26,100,0,4744
9266,1255,round_end,318.58,1,T_8c03018b,1,0,1,100,99.99,0,4745
9267,1255,round_end,532.48,2,T_8c03018b,2,0,0,100,33.99,0,4745
9268,1255,round_end,848.87,3,T_8c03018b,2,1,2,93.89,100,0,4745
9269,1255,round_end,848.87,3,T_8c03018b,2,1,2,93.89,100,0,4745
9270,1256,round_end,329.65,1,T_8c03018b,1,0,2,100,99.99,0,4746
9271,1256,round_end,494.26,2,T_8c03018b,2,0,0,100,0,0,4746
9272,1256,round_end,676.97,3,T_8c03018b,3,0,1,100,0,0,4746
9273,1256,round_end,417.24,1,T_7f8ba35f,0,3,3,0,0,62.93,4747
9274,1256,round_end,955.27,2,T_3238eb96,2,3,2,0,0,0,4747
9275,1256,round_end,627.59,1,T_7f8ba35f,0,0,0,0,0,0,4748
9276,1256,round_end,809.91,6,T_7f8ba35f,2,3,4,0,0,39.99,4749
9277,1255,round_end,324.31,1,T_a02bf5e9,0,3,3,0,0,155.78,4750
9278,1255,round_end,804.28,2,T_1699ed97,2,3,2,0,0,0,4750
9279,1255,round_end,896.06,6,T_a02bf5e9,2,3,4,0,0,40,4751
9280,1255,round_end,600.18,1,T_a02bf5e9,0,0,0,0,0,0,4752
9281,1256,round_end,412.64,1,T_7f8ba35f,0,3,3,0,0,67.48,4753
9282,1256,round_end,755.7,2,T_3238eb96,3,3,3,0,0,136.9,4753
9283,1257,round_end,156.23,1,T_8c03018b,0,1,1,0,100,0,4754
9284,1257,round_end,411.2,2,T_8c03018b,0,2,0,83.83,100,0,4754
9285,1257,round_end,670.79,3,T_8c03018b,0,3,2,49.49,100,0,4754
9286,1257,round_end,262.14,1,T_a02bf5e9,0,3,3,0,0,217.91,4755
9287,1257,round_end,756.82,2,T_5568bd9d,2,3,2,0,0,0,4755
9288,1257,round_end,366.88,1,T_a02bf5e9,0,3,3,0,0,113.24,4756
9289,1257,round_end,903.46,2,T_5568bd9d,3,3,3,0,0,0,4756
9290,1257,round_end,612.7,1,T_a02bf5e9,0,0,0,0,0,0,4757
9291,1257,round_end,390.18,1,T_a02bf5e9,0,1,1,0,0,0,4758
9292,1257,round_end,888.38,2,T_5568bd9d,3,3,3,0,0,0,4758
9293,1257,round_end,888.38,2,T_5568bd9d,3,3,3,0,0,0,4758
9294,1261,round_end,154.76,1,T_8c03018b,0,1,1,0,100,0,4759
9295,1261,round_end,421.95,2,T_8c03018b,0,2,0,82.08,100,0,4759
9296,1261,round_end,676.15,3,T_8c03018b,0,3,2,67.45,100,0,4759
9303,1261,round_end,263.12,1,T_6775d51a,0,0,0,0,0,0,4762
9304,1261,round_end,493.87,2,T_2bfdcb8b,3,3,3,0,0,249.42,4762
9305,1261,round_end,493.87,2,T_2bfdcb8b,3,3,3,0,0,249.42,4762
9310,1262,round_end,292.98,1,T_8c03018b,0,1,2,99.99,100,0,4764
9311,1262,round_end,463.29,2,T_8c03018b,1,1,1,100,0,0,4764
9312,1262,round_end,746.42,3,T_8c03018b,1,2,0,99.99,100,0,4764
9313,1262,round_end,746.42,3,T_8c03018b,1,2,0,99.99,100,0,4764
9314,1262,round_end,390.11,1,T_a02bf5e9,0,1,1,0,0,0,4765
9315,1262,round_end,899.87,2,T_5568bd9d,2,3,2,0,0,0,4765
9316,1262,round_end,516.6,1,T_a02bf5e9,0,3,3,0,0,1.57,4766
9317,1262,round_end,986.83,2,T_5568bd9d,3,3,3,0,0,38.58,4766
9318,1262,round_end,240.04,1,T_a02bf5e9,0,0,0,0,0,0,4767
9319,1262,round_end,739.81,2,T_5568bd9d,2,3,2,0,0,0,4767
9320,1262,round_end,678.21,1,T_a02bf5e9,0,0,0,0,0,0,4768
9321,1262,round_end,336.41,1,T_8c03018b,1,0,2,100,99.99,0,4769
9322,1262,round_end,622.15,2,T_8c03018b,2,0,0,100,58.45,0,4769
9323,1262,round_end,860.43,3,T_8c03018b,3,0,1,100,62.32,0,4769
9324,1263,round_end,159.89,1,T_8c03018b,1,0,0,100,0,0,4770
9325,1263,round_end,345.37,2,T_8c03018b,2,0,1,100,0,0,4770
9326,1263,round_end,500.88,3,T_8c03018b,3,0,2,100,0,0,4770
9327,1263,round_end,429.44,1,T_861b9363,0,3,3,0,0,50.78,4771
9328,1263,round_end,742.45,2,T_3238eb96,3,3,3,0,0,166.89,4771
9329,1263,round_end,600.17,1,T_861b9363,0,0,0,0,0,0,4772
9330,1263,round_end,865.04,5,T_861b9363,5,0,2,100,77.78,0,4773
9331,1264,round_end,254.35,1,T_8c03018b,1,0,1,100,53.4,0,4774
9332,1264,round_end,454.17,2,T_8c03018b,2,0,2,100,0,0,4774
9333,1264,round_end,649.96,3,T_8c03018b,3,0,0,100,0,0,4774
9334,1264,round_end,613.37,1,T_a02bf5e9,0,0,0,0,0,0,4775
9336,1264,round_end,270.57,1,T_a02bf5e9,0,0,0,0,0,0,4777
9337,1264,round_end,615.15,2,T_5568bd9d,3,3,3,0,0,135.51,4777
9338,1264,round_end,615.15,2,T_5568bd9d,3,3,3,0,0,135.51,4777
9339,1264,round_end,390.17,1,T_a02bf5e9,0,1,1,0,0,0,4778
9340,1264,round_end,802.6,2,T_5568bd9d,3,3,3,0,0,67.4,4778
9341,1265,round_end,730.5,5,T_12550726,5,0,3,100,29.03,0,4779
9342,1266,round_end,730.5,5,T_12550726,5,0,3,100,29.03,0,4780
9343,1267,round_end,730.5,5,T_12550726,5,0,3,100,29.03,0,4781
9344,1268,round_end,730.5,5,T_12550726,5,0,3,100,29.03,0,4782
9345,1269,round_end,730.5,5,T_12550726,5,0,3,100,29.03,0,4783
9346,1269,round_end,180.62,1,T_8c03018b,1,0,2,100,0,0,4784
9347,1269,round_end,471.5,2,T_8c03018b,2,0,1,100,85.75,0,4784
9348,1269,round_end,772.48,3,T_8c03018b,3,0,0,100,93.59,0,4784
9349,1269,round_end,419.88,1,T_12550726,0,1,1,0,0,0,4785
9350,1269,round_end,789.47,2,T_7e239be7,3,3,3,0,0,110.31,4785
9351,1269,round_end,789.47,2,T_7e239be7,3,3,3,0,0,110.31,4785
9353,1270,round_end,309.01,1,T_8c03018b,1,0,2,100,99.99,0,4787
9354,1270,round_end,546.86,2,T_8c03018b,2,0,1,100,55.43,0,4787
9355,1270,round_end,749.83,3,T_8c03018b,3,0,0,100,31.67,0,4787
9356,1270,round_end,245.05,1,T_005a5450,0,0,0,0,0,0,4788
9357,1270,round_end,573.34,2,T_29e0905e,3,3,3,0,0,151.79,4788
9358,1270,round_end,573.34,2,T_29e0905e,3,3,3,0,0,151.79,4788
9359,1270,round_end,628.5,1,T_005a5450,0,0,0,0,0,0,4789
9360,1270,round_end,822.88,5,T_005a5450,5,0,2,100,79.04,0,4790
9361,1270,round_end,412.79,1,T_005a5450,0,1,1,0,0,0,4791
9362,1270,round_end,796.06,2,T_29e0905e,3,3,3,0,0,96.64,4791
9363,1270,round_end,796.06,2,T_29e0905e,3,3,3,0,0,96.64,4791
9364,1270,round_end,302.63,1,T_8c03018b,1,0,1,100,99.99,0,4792
9365,1270,round_end,590.3,2,T_8c03018b,1,1,0,81.37,100,0,4792
9366,1270,round_end,868.66,3,T_8c03018b,2,1,2,100,75.97,0,4792
9367,1270,round_end,868.66,3,T_8c03018b,2,1,2,100,75.97,0,4792
9368,1271,round_end,185.1,1,T_8c03018b,1,0,2,100,0,0,4793
9369,1271,round_end,451.38,2,T_8c03018b,2,0,1,100,88.09,0,4793
9370,1271,round_end,741.82,3,T_8c03018b,3,0,0,100,85.14,0,4793
9371,1272,round_end,281.18,1,T_8c03018b,0,1,2,70.96,100,0,4794
9372,1272,round_end,485.16,2,T_8c03018b,0,2,0,0,100,0,4794
9373,1272,round_end,653.84,3,T_8c03018b,0,3,1,0,100,0,4794
9374,1272,round_end,425.82,1,T_1699ed97,0,3,3,0,0,54.34,4795
9375,1272,round_end,665.8,2,T_064f58d1,0,3,0,0,0,0,4795
9386,1273,round_end,245.05,1,T_a02bf5e9,0,0,0,0,0,0,4802
9387,1273,round_end,723.23,2,T_5568bd9d,3,3,3,0,0,4.77,4802
9388,1273,round_end,723.23,2,T_5568bd9d,3,3,3,0,0,4.77,4802
9389,1273,round_end,245.05,1,T_a02bf5e9,0,0,0,0,0,0,4803
9390,1273,round_end,723.23,2,T_5568bd9d,3,3,3,0,0,4.77,4803
9391,1273,round_end,723.23,2,T_5568bd9d,3,3,3,0,0,4.77,4803
9392,1274,round_end,756.95,4,T_a02bf5e9,1,3,4,0,100,0,4805
9395,1278,round_end,168.07,1,T_8c03018b,1,0,0,100,0,0,4807
9396,1278,round_end,445.35,2,T_8c03018b,1,1,2,92.32,100,0,4807
9397,1278,round_end,655.61,3,T_8c03018b,1,2,1,28,100,0,4807
9398,1278,round_end,655.61,3,T_8c03018b,1,2,1,28,100,0,4807
9399,1278,round_end,679.49,5,T_a02bf5e9,5,0,4,100,0,0,4808
9400,1278,round_end,772.74,1,T_a02bf5e9,0,0,0,0,0,0,4809
9401,1278,round_end,237.65,1,T_8c03018b,0,1,0,47.48,100,0,4810
9402,1278,round_end,494.66,2,T_8c03018b,0,2,1,84.24,100,0,4810
9403,1278,round_end,765.99,3,T_8c03018b,0,3,2,73.85,100,0,4810
9404,1278,round_end,484.85,1,T_a02bf5e9,0,3,3,0,0,0,4811
9405,1278,round_end,736.12,2,T_5568bd9d,0,3,0,0,0,0,4811
9406,1278,round_end,401.57,1,T_a02bf5e9,0,1,1,0,0,0,4812
9407,1278,round_end,808.5,2,T_5568bd9d,1,3,1,0,0,0,4812
9408,1278,round_end,209.95,1,T_8c03018b,0,1,2,30.02,100,0,4813
9409,1278,round_end,443.32,2,T_8c03018b,0,2,0,51.6,100,0,4813
9410,1278,round_end,742.37,3,T_8c03018b,0,3,1,95.35,100,0,4813
9411,1279,round_end,158.97,1,T_8c03018b,0,1,0,0,100,0,4814
9412,1279,round_end,365.58,2,T_8c03018b,0,2,1,21.88,100,0,4814
9413,1279,round_end,536.59,3,T_8c03018b,0,3,2,0,100,0,4814
9414,1279,round_end,250.6,1,T_a02bf5e9,0,3,3,0,0,229.45,4815
9415,1279,round_end,677.97,2,T_5568bd9d,1,3,1,0,0,0,4815
9418,1279,round_end,832.24,6,T_a02bf5e9,1,4,4,0,0,40,4817
9416,1279,round_end,407.18,1,T_a02bf5e9,0,3,3,0,0,72.95,4816
9417,1279,round_end,662.3,2,T_5568bd9d,0,3,0,0,0,0,4816
9419,1280,round_end,276.71,1,T_8c03018b,1,0,1,100,96.69,0,4818
9420,1280,round_end,436.36,2,T_8c03018b,1,1,2,0,100,0,4818
9421,1280,round_end,787.86,3,T_8c03018b,1,2,0,99.99,100,0,4818
9422,1280,round_end,787.86,3,T_8c03018b,1,2,0,99.99,100,0,4818
9423,1280,round_end,379.02,1,T_a02bf5e9,0,3,3,0,0,101.14,4819
9424,1280,round_end,643.8,2,T_5568bd9d,0,3,0,0,0,0,4819
9426,1280,round_end,398.79,1,T_a02bf5e9,0,3,3,0,0,81.35,4821
9427,1280,round_end,638.7,2,T_5568bd9d,0,3,0,0,0,0,4821
9428,1280,round_end,602.92,1,T_a02bf5e9,0,0,0,0,0,0,4822
9429,1280,round_end,174.57,1,T_8c03018b,1,0,1,100,0,0,4823
9430,1280,round_end,467.11,2,T_8c03018b,1,1,2,81.04,100,0,4823
9431,1280,round_end,734.64,3,T_8c03018b,1,2,0,78.59,100,0,4823
9432,1280,round_end,734.64,3,T_8c03018b,1,2,0,78.59,100,0,4823
9437,1281,round_end,262.6,1,T_a02bf5e9,0,0,0,0,0,0,4825
9438,1281,round_end,742.63,2,T_5568bd9d,2,3,2,0,0,0,4825
9439,1281,round_end,969.95,6,T_a02bf5e9,1,4,3,0,0,40,4826
9440,1281,round_end,390.14,1,T_a02bf5e9,0,1,1,0,0,0,4827
9441,1281,round_end,902.36,2,T_5568bd9d,2,3,2,0,0,0,4827
9442,1281,round_end,635.66,1,T_a02bf5e9,0,0,0,0,0,0,4828
9443,1282,round_end,0,1,T_8c03018b,0,1,1,0,100,0,4829
9444,1282,round_end,0,2,T_8c03018b,0,2,2,99.99,100,0,4829
9445,1282,round_end,0,3,T_8c03018b,0,3,0,99.99,100,0,4829
9446,1283,round_end,280.97,1,T_8c03018b,0,1,1,81.68,100,0,4830
9447,1283,round_end,586.21,2,T_8c03018b,1,1,0,100,96.27,0,4830
9448,1283,round_end,746.05,3,T_8c03018b,1,2,2,0,100,0,4830
9449,1283,round_end,746.05,3,T_8c03018b,1,2,2,0,100,0,4830
9450,1283,round_end,372.77,1,T_a02bf5e9,0,3,3,0,0,107.35,4831
9451,1283,round_end,886.07,2,T_1699ed97,2,3,2,0,0,0,4831
9452,1283,round_end,985.8,6,T_a02bf5e9,2,3,1,0,0,40,4832
9453,1283,round_end,494.12,1,T_a02bf5e9,0,3,3,0,0,0,4833
9454,1283,round_end,883.91,2,T_1699ed97,1,3,1,0,0,0,4833
9455,1283,round_end,712.42,1,T_a02bf5e9,0,0,0,0,0,0,4834
9457,1284,round_end,157.61,1,T_8c03018b,1,0,1,100,0,0,4836
9458,1284,round_end,332.25,2,T_8c03018b,2,0,0,100,16,0,4836
9459,1284,round_end,245.05,1,T_a02bf5e9,0,0,0,0,0,0,4837
9460,1284,round_end,271.83,2,T_5568bd9d,1,0,0,0,0,213.21,4837
9461,1285,round_end,174.25,1,T_8c03018b,0,1,1,0,100,0,4838
9462,1285,round_end,429.38,2,T_8c03018b,0,2,2,64.52,100,0,4838
9463,1285,round_end,411.61,1,T_a02bf5e9,0,3,3,0,0,68.62,4838
9464,1285,round_end,841.55,2,T_5568bd9d,1,3,1,0,0,0,4838
7192,962,round_end,181.98,1,T_8c03018b,1,0,0,100,0,0,
7193,962,round_end,459.01,2,T_8c03018b,2,0,1,100,66.56,0,
7194,962,round_end,682.51,3,T_8c03018b,3,0,2,100,37.63,0,
9469,1286,round_end,155.33,1,T_8c03018b,1,0,2,100,0,0,4841
9470,1286,round_end,343.14,2,T_8c03018b,2,0,0,100,23.17,0,4841
9477,1287,round_end,240.04,1,T_a9df0f72,0,0,0,0,0,0,4844
9478,1287,round_end,265.45,2,T_80dd92cb,1,0,0,0,0,214.58,4844
9479,1288,round_end,179.49,1,T_8c03018b,1,0,2,100,0,0,4845
9480,1288,round_end,359.44,2,T_8c03018b,2,0,0,100,0,0,4845
9481,1288,round_end,363.38,1,T_a02bf5e9,0,3,3,0,0,116.78,4846
9482,1288,round_end,603.29,2,T_5568bd9d,0,3,0,0,0,0,4846
9483,1289,round_end,411.42,1,T_a02bf5e9,0,1,1,0,0,0,4847
9484,1289,round_end,814.79,2,T_5568bd9d,3,3,3,0,0,76.44,4847
9485,1289,round_end,814.79,2,T_5568bd9d,3,3,3,0,0,76.44,4847
9486,1289,round_end,944.55,5,T_a02bf5e9,5,0,3,100,99.99,0,4848
9487,1289,round_end,249,1,T_a02bf5e9,0,0,0,0,0,0,4849
9488,1289,round_end,515.67,2,T_5568bd9d,3,3,3,0,0,213.53,4849
9489,1289,round_end,515.67,2,T_5568bd9d,3,3,3,0,0,213.53,4849
9490,1290,round_end,405.9,1,T_a02bf5e9,0,1,1,0,0,0,4850
9491,1290,round_end,354.28,1,T_a02bf5e9,0,3,3,0,0,125.83,4851
9492,1290,round_end,397.19,1,T_a02bf5e9,0,3,3,0,0,82.98,4852
9493,1290,round_end,787.1,2,T_5568bd9d,1,3,1,0,0,0,4852
9494,1290,round_end,681.65,1,T_a02bf5e9,0,0,0,0,0,0,4853
9495,1290,round_end,708.48,1,T_a02bf5e9,0,0,0,0,0,0,4854
9496,1290,round_end,345.08,1,T_8c03018b,0,1,2,99.99,100,0,4855
9497,1290,round_end,609.76,2,T_8c03018b,1,1,1,100,68.83,0,4855
9498,1290,round_end,902.29,3,T_8c03018b,1,2,0,73.85,100,0,4855
9499,1290,round_end,902.29,3,T_8c03018b,1,2,0,73.85,100,0,4855
9500,1290,round_end,886.66,6,T_a02bf5e9,4,1,3,0,0,40,4856
9501,1291,round_end,294.48,1,T_a02bf5e9,0,3,3,0,0,185.58,4857
9502,1291,round_end,718.69,2,T_5568bd9d,1,3,1,0,0,0,4857
9503,1291,round_end,528.99,3,T_5b9402a1,3,0,2,100,53.78,0,4858
9504,1291,round_end,606.4,1,T_5b9402a1,0,0,0,0,0,0,4859
9505,1291,round_end,467.78,1,T_c2f547c5,0,3,3,0,0,12.37,4860
9506,1291,round_end,720.16,2,T_eb73c192,0,3,0,0,0,0,4860
9507,1291,round_end,158.45,1,T_8c03018b,0,1,2,0,100,0,4861
9508,1291,round_end,432.41,2,T_8c03018b,0,2,0,78.35,100,0,4861
9509,1292,round_end,177.13,1,T_8c03018b,1,0,1,100,0,0,4862
9510,1292,round_end,461.6,2,T_8c03018b,1,1,2,94.62,100,0,4862
9511,1292,round_end,650.95,3,T_8c03018b,2,1,0,100,0,0,4862
9512,1292,round_end,501.22,1,T_5b9402a1,0,3,3,0,0,0,4863
9513,1292,round_end,948.78,2,T_c2f547c5,1,3,1,0,0,0,4863
9514,1292,round_end,553.59,4,T_eb73c192,1,3,3,0,100,0,4864
9515,1292,round_end,288.39,1,T_8c03018b,0,1,2,86.36,100,0,4865
9516,1292,round_end,623.64,2,T_8c03018b,0,2,1,99.99,100,0,4865
9517,1292,round_end,691.44,1,T_5b9402a1,0,0,0,0,0,0,4866
9518,1292,round_end,501.22,1,T_5b9402a1,0,3,3,0,0,0,4867
9519,1292,round_end,948.78,2,T_c2f547c5,1,3,1,0,0,0,4867
9520,1293,round_end,213.24,1,T_8c03018b,0,1,1,32.13,100,0,4868
9521,1293,round_end,421.39,2,T_8c03018b,0,2,2,44.63,100,0,4868
9522,1293,round_end,641.87,1,T_eb73c192,0,0,0,0,0,0,4869
9523,1293,round_end,240.04,1,T_eb73c192,0,0,0,0,0,0,4870
9524,1293,round_end,311,2,T_5b9402a1,1,0,0,0,0,169.1,4870
9525,1293,round_end,524.84,4,T_c2f547c5,3,1,3,100,43.98,0,4871
9526,1293,round_end,524.84,4,T_c2f547c5,3,1,3,100,43.98,0,4872
9527,1293,round_end,240.04,1,T_eb73c192,0,0,0,0,0,0,4873
9528,1293,round_end,311,2,T_5b9402a1,1,0,0,0,0,169.1,4873
9529,1293,round_end,641.87,1,T_eb73c192,0,0,0,0,0,0,4874
9530,1293,round_end,250.97,1,T_eb73c192,0,0,0,0,0,0,4875
9531,1293,round_end,335.17,2,T_5b9402a1,1,0,0,0,0,155.86,4875
9539,1294,round_end,432.26,1,T_a02bf5e9,0,3,3,0,0,47.9,4879
9540,1294,round_end,912.04,2,T_5568bd9d,2,3,2,0,0,0,4879
9541,1295,round_end,334.14,1,T_a02bf5e9,0,3,3,0,0,145.93,4880
9542,1295,round_end,824.57,2,T_5568bd9d,2,3,2,0,0,0,4880
9543,1295,round_end,279.24,1,T_a02bf5e9,0,0,0,0,0,320.82,4881
9544,1295,round_end,503.32,1,T_a02bf5e9,0,2,2,0,0,0,4882
9545,1295,round_end,1028.44,2,T_5568bd9d,3,3,3,0,0,0,4882
9546,1295,round_end,1028.44,2,T_5568bd9d,3,3,3,0,0,0,4882
9547,1295,round_end,304.2,1,T_8c03018b,1,0,1,100,91.88,0,4883
9548,1295,round_end,620.66,2,T_8c03018b,1,1,2,89.47,100,0,4883
9549,1295,round_end,921.26,3,T_8c03018b,2,1,0,100,99.99,0,4883
9550,1295,round_end,921.26,3,T_8c03018b,2,1,0,100,99.99,0,4883
9551,1295,round_end,239.56,1,T_8c03018b,0,1,0,70.39,100,0,4884
9552,1295,round_end,437.29,2,T_8c03018b,0,2,2,36.13,100,0,4884
9553,1295,round_end,608.89,3,T_8c03018b,0,3,1,0,100,0,4884
9554,1295,round_end,832.68,6,T_a02bf5e9,1,4,2,0,0,40,4885
9555,1296,round_end,276.39,1,T_8c03018b,1,0,2,100,85.61,0,4886
9556,1296,round_end,576.07,2,T_8c03018b,2,0,1,100,98.91,0,4886
9557,1296,round_end,826.93,3,T_8c03018b,2,1,0,78.73,100,0,4886
9558,1296,round_end,826.93,3,T_8c03018b,2,1,0,78.73,100,0,4886
9559,1296,round_end,253.84,1,T_a02bf5e9,0,0,0,0,0,0,4887
9560,1296,round_end,708.21,2,T_f5b16258,1,3,1,0,0,0,4887
9561,1296,round_end,240.04,1,T_a02bf5e9,0,0,0,0,0,0,4888
9562,1296,round_end,720.11,2,T_f5b16258,2,3,2,0,0,0,4888
9563,1296,round_end,857.66,5,T_a02bf5e9,5,0,1,100,18.54,0,4889
9569,1297,round_end,277.1,1,T_8c03018b,0,1,2,80.83,100,0,4892
9570,1297,round_end,586.68,2,T_8c03018b,1,1,0,100,99.99,0,4892
9571,1297,round_end,903.69,3,T_8c03018b,1,2,1,88.77,100,0,4892
9572,1297,round_end,903.69,3,T_8c03018b,1,2,1,88.77,100,0,4892
9574,1297,round_end,676.23,6,T_a02bf5e9,4,1,4,0,0,40,4894
9598,1299,round_end,861.64,6,T_a02bf5e9,1,4,2,0,0,40,4907
9607,1302,round_end,926.23,6,T_a02bf5e9,1,4,2,0,0,40,4911
9608,1302,round_end,419.45,1,T_a02bf5e9,0,0,0,0,0,180.76,4912
9577,1297,round_end,298.82,1,T_8c03018b,0,1,1,84.46,100,0,4896
9578,1297,round_end,559.63,2,T_8c03018b,1,1,2,100,71.84,0,4896
9579,1297,round_end,776.01,3,T_8c03018b,1,2,0,50.44,100,0,4896
9580,1297,round_end,776.01,3,T_8c03018b,1,2,0,50.44,100,0,4896
9581,1297,round_end,711.76,1,T_a02bf5e9,0,0,0,0,0,0,4897
9602,1301,round_end,391.72,1,T_a02bf5e9,0,3,3,0,0,88.42,4909
9603,1301,round_end,745.54,2,T_ab058ed0,3,3,3,0,0,126.09,4909
9604,1302,round_end,490.44,1,T_a02bf5e9,0,2,2,0,0,0,4910
9605,1302,round_end,1056.08,2,T_ab058ed0,3,3,3,0,0,0,4910
9606,1302,round_end,1056.08,2,T_ab058ed0,3,3,3,0,0,0,4910
9609,1302,round_end,231.01,1,T_8c03018b,1,0,0,100,48.2,0,4913
9610,1302,round_end,477.78,2,T_8c03018b,2,0,1,100,49.29,0,4913
9611,1302,round_end,779.99,3,T_8c03018b,3,0,2,100,99.99,0,4913
9582,1298,round_end,620.46,1,T_a02bf5e9,0,0,0,0,0,0,4898
9599,1300,round_end,202.6,1,T_8c03018b,1,0,1,100,31.87,0,4908
9600,1300,round_end,380.89,2,T_8c03018b,2,0,0,100,0,0,4908
9601,1300,round_end,558.22,3,T_8c03018b,3,0,2,100,0,0,4908
9612,1303,round_end,344.68,1,T_8c03018b,1,0,2,100,99.99,0,4914
9613,1303,round_end,550.32,2,T_8c03018b,1,1,0,33.79,100,0,4914
9614,1303,round_end,840.39,3,T_8c03018b,1,2,1,99.99,100,0,4914
9615,1303,round_end,840.39,3,T_8c03018b,1,2,1,99.99,100,0,4914
9616,1303,round_end,390.19,1,T_a02bf5e9,0,1,1,0,0,0,4915
9617,1303,round_end,636.15,2,T_5568bd9d,0,3,0,0,0,0,4915
9618,1303,round_end,765.91,6,T_a02bf5e9,1,4,2,0,0,39.99,4916
7260,971,round_end,490.29,1,T_a02bf5e9,0,2,2,0,0,0,
7261,971,round_end,984.43,2,T_5568bd9d,2,3,2,0,0,0,
9619,1305,round_end,189.68,1,T_8c03018b,1,0,2,100,27.81,0,4917
9620,1305,round_end,508.9,2,T_8c03018b,2,0,1,100,99.99,0,4917
9621,1305,round_end,727.72,3,T_8c03018b,3,0,0,100,34.15,0,4917
9622,1305,round_end,917.88,6,T_a02bf5e9,3,2,4,0,0,40,4918
9623,1305,round_end,505.06,1,T_a02bf5e9,0,2,2,0,0,0,4919
9624,1305,round_end,1022.9,2,T_5568bd9d,2,3,2,0,0,0,4919
9625,1305,round_end,625.74,1,T_a02bf5e9,0,0,0,0,0,0,4920
9626,1305,round_end,406.66,1,T_a02bf5e9,0,1,1,0,0,0,4921
9627,1305,round_end,944.32,2,T_5568bd9d,2,3,2,0,0,0,4921
9628,1306,round_end,290.59,1,T_467b3697,0,1,0,99.99,100,0,4922
9629,1306,round_end,575.29,2,T_467b3697,1,1,2,100,67.55,0,4922
9630,1306,round_end,857.84,3,T_467b3697,2,1,1,100,89.86,0,4922
9631,1306,round_end,469.68,3,T_467b3697,3,0,2,100,99.99,0,4923
9632,1307,round_end,390.18,1,T_7ba5dfb5,0,1,1,0,0,0,4924
9633,1307,round_end,568.44,2,T_e46ac485,2,1,1,0,0,211.7,4924
9634,1307,round_end,253.31,1,T_e46ac485,0,0,0,0,0,0,4925
9635,1307,round_end,313.28,2,T_7ba5dfb5,1,0,0,0,0,180.06,4925
9636,1308,round_end,318.49,1,T_8c03018b,0,1,0,99.99,100,0,4926
9637,1308,round_end,599.04,2,T_8c03018b,0,2,2,74.68,100,0,4926
9638,1308,round_end,760.78,3,T_8c03018b,1,2,1,100,0,0,4926
9639,1308,round_end,760.78,3,T_8c03018b,1,2,1,100,0,0,4926
9640,1308,round_end,948.93,6,T_467b3697,4,1,2,0,0,40,4927
9641,1308,round_end,533.2,1,T_467b3697,0,0,0,0,0,67,4928
9642,1308,round_end,343.37,1,T_467b3697,0,3,3,0,0,136.74,4929
9643,1308,round_end,733.42,2,T_7ba5dfb5,1,3,1,0,0,0,4929
9644,1309,round_end,401.92,3,T_de0009ad,0,3,2,0,100,0,4930
9645,1309,round_end,314.07,1,T_de0009ad,0,1,0,99.99,100,0,4931
9646,1309,round_end,626.46,2,T_de0009ad,0,2,2,95.91,100,0,4931
9647,1310,round_end,573.55,4,T_de0009ad,3,1,2,100,0,0,4932
9648,1310,round_end,223.25,1,T_de0009ad,1,0,0,100,33.31,0,4933
9649,1310,round_end,497.4,2,T_de0009ad,2,0,2,100,93.23,0,4933
9666,1316,round_end,606.54,1,T_c2f547c5,0,0,0,0,0,0,4943
9667,1316,round_end,297.1,1,T_c2f547c5,0,3,3,0,0,182.95,4944
9668,1316,round_end,717.73,2,T_eb73c192,1,3,1,0,0,0,4944
9671,1316,round_end,694.16,5,T_5b9402a1,3,2,4,100,62.63,0,4946
9672,1316,round_end,201.59,1,T_5b9402a1,0,0,0,0,0,398.44,4947
9673,1317,round_end,252.88,1,T_8c03018b,0,1,2,77.55,100,0,4948
9674,1317,round_end,550.75,2,T_8c03018b,0,2,1,99.99,100,0,4948
9675,1317,round_end,863.06,3,T_8c03018b,0,3,0,99.99,100,0,4948
9676,1318,round_end,157.91,1,T_8c03018b,1,0,1,100,0,0,4949
9677,1318,round_end,357.32,2,T_8c03018b,1,1,2,17.41,100,0,4949
9678,1318,round_end,663.34,3,T_8c03018b,1,2,0,99.99,100,0,4949
9679,1318,round_end,663.34,3,T_8c03018b,1,2,0,99.99,100,0,4949
9683,1318,round_end,255.52,1,T_a02bf5e9,0,3,3,0,0,224.53,4952
9684,1318,round_end,672.88,2,T_1699ed97,1,3,1,0,0,0,4952
9685,1318,round_end,728.71,6,T_a02bf5e9,2,3,0,0,0,40,4953
9688,1319,round_end,413.45,1,T_47cdef68,0,1,1,0,0,0,4955
9689,1319,round_end,648.89,2,T_29e0905e,3,3,3,0,0,244.54,4955
9690,1319,round_end,648.89,2,T_29e0905e,3,3,3,0,0,244.54,4955
9691,1319,round_end,263.25,1,T_47cdef68,0,0,0,0,0,0,4956
9692,1319,round_end,695.62,2,T_29e0905e,3,3,3,0,0,47.76,4956
9693,1319,round_end,695.62,2,T_29e0905e,3,3,3,0,0,47.76,4956
9694,1319,round_end,901.36,6,T_47cdef68,4,1,3,0,0,40,4957
9695,1319,round_end,395.14,1,T_47cdef68,0,1,1,0,0,0,4958
9696,1319,round_end,624.19,2,T_29e0905e,3,3,3,0,0,250.98,4958
9697,1319,round_end,624.19,2,T_29e0905e,3,3,3,0,0,250.98,4958
9702,1319,round_end,395.18,1,T_47cdef68,0,1,1,0,0,0,4961
9703,1319,round_end,839.22,2,T_29e0905e,3,3,3,0,0,35.83,4961
9704,1319,round_end,839.22,2,T_29e0905e,3,3,3,0,0,35.83,4961
9705,1319,round_end,436.05,1,T_47cdef68,0,0,0,0,0,164.14,4962
9706,1319,round_end,395.14,1,T_47cdef68,0,1,1,0,0,0,4963
9707,1319,round_end,624.19,2,T_29e0905e,3,3,3,0,0,250.98,4963
9708,1319,round_end,624.19,2,T_29e0905e,3,3,3,0,0,250.98,4963
9709,1319,round_end,395.14,1,T_47cdef68,0,1,1,0,0,0,4964
9710,1319,round_end,624.19,2,T_29e0905e,3,3,3,0,0,250.98,4964
9711,1319,round_end,624.19,2,T_29e0905e,3,3,3,0,0,250.98,4964
9715,1319,round_end,395.14,1,T_47cdef68,0,1,1,0,0,0,4966
9716,1319,round_end,624.19,2,T_29e0905e,3,3,3,0,0,250.98,4966
9717,1319,round_end,624.19,2,T_29e0905e,3,3,3,0,0,250.98,4966
9718,1320,round_end,178.99,1,T_8c03018b,1,0,0,100,0,0,4967
9719,1320,round_end,493.11,2,T_8c03018b,2,0,1,100,99.99,0,4967
9720,1320,round_end,423.83,1,T_7f8ba35f,0,1,1,0,0,0,4968
9721,1320,round_end,965.11,2,T_3238eb96,2,3,2,0,0,0,4968
9725,1321,round_end,168.28,1,T_8c03018b,0,1,2,0,100,0,4970
9726,1321,round_end,414.09,2,T_8c03018b,0,2,0,67.99,100,0,4970
9727,1321,round_end,590.94,3,T_8c03018b,0,3,1,0,100,0,4970
9728,1321,round_end,480.2,1,T_a02bf5e9,0,2,2,0,0,0,4971
9729,1321,round_end,720.1,2,T_5568bd9d,0,3,0,0,0,0,4971
9730,1321,round_end,890.04,5,T_a02bf5e9,5,0,3,100,68.64,0,4972
9731,1321,round_end,395.17,1,T_a02bf5e9,0,1,1,0,0,0,4973
9732,1321,round_end,880.91,2,T_5568bd9d,2,3,2,0,0,0,4973
9733,1321,round_end,489.96,1,T_a02bf5e9,0,0,0,0,0,110.33,4974
9736,1323,round_end,351.66,1,T_a02bf5e9,0,3,3,0,0,128.45,4976
9737,1323,round_end,847.76,2,T_5568bd9d,1,3,1,0,0,0,4976
9755,1326,round_end,63.45,1,T_3af87b19,0,0,0,0,0,536.54,4985
7319,975,round_end,860.21,2,T_1699ed97,0,3,0,0,0,0,
7322,976,round_end,556.01,3,T_8c03018b,3,0,0,100,33.03,0,
9758,1331,round_end,209.53,1,T_8c03018b,1,0,0,100,30.08,0,4988
9759,1331,round_end,509.68,2,T_8c03018b,1,1,1,99.99,100,0,4988
9760,1331,round_end,670.63,3,T_8c03018b,2,1,2,100,0,0,4988
9761,1331,round_end,670.63,3,T_8c03018b,2,1,2,100,0,0,4988
7327,977,round_end,248.04,1,T_a02bf5e9,0,0,0,0,0,0,
7328,977,round_end,772.9,2,T_be7ae347,2,3,2,0,0,0,
9762,1331,round_end,398.57,1,T_a02bf5e9,0,1,1,0,0,0,4989
9763,1331,round_end,794.63,2,T_5568bd9d,3,3,3,0,0,83.8,4989
9764,1331,round_end,794.63,2,T_5568bd9d,3,3,3,0,0,83.8,4989
9765,1331,round_end,395.17,1,T_a02bf5e9,0,1,1,0,0,0,4990
9766,1331,round_end,785.1,2,T_5568bd9d,1,3,1,0,0,0,4990
9770,1331,round_end,342.95,1,T_8c03018b,1,0,2,100,99.99,0,4992
9771,1331,round_end,504.73,2,T_8c03018b,2,0,1,100,0,0,4992
9772,1331,round_end,725.5,3,T_8c03018b,3,0,0,100,39.33,0,4992
9773,1331,round_end,600.15,1,T_a02bf5e9,0,0,0,0,0,0,4993
9777,1333,round_end,314.26,1,T_8c03018b,1,0,0,100,99.99,0,4997
9778,1333,round_end,492.32,2,T_8c03018b,1,1,2,0,100,0,4997
9779,1333,round_end,677.01,3,T_8c03018b,1,2,1,19.56,100,0,4997
9780,1333,round_end,677.01,3,T_8c03018b,1,2,1,19.56,100,0,4997
9781,1333,round_end,493.79,1,T_a02bf5e9,0,2,2,0,0,0,4998
9782,1333,round_end,958.2,2,T_5568bd9d,1,3,1,0,0,0,4998
9783,1333,round_end,837.01,6,T_a02bf5e9,4,1,3,0,0,40,4999
9784,1333,round_end,490.08,1,T_a02bf5e9,0,3,3,0,0,30.27,5000
9785,1333,round_end,969.82,2,T_5568bd9d,2,3,2,0,0,0,5000
9786,1333,round_end,640.75,1,T_a02bf5e9,0,0,0,0,0,0,5001
9803,1337,round_end,413.5,1,T_a02bf5e9,0,3,3,0,0,66.65,5011
9804,1337,round_end,677.09,2,T_1699ed97,0,3,0,0,0,0,5011
9805,1337,round_end,915.85,6,T_a02bf5e9,1,4,0,0,0,40,5012
9800,1337,round_end,376.25,1,T_8c03018b,0,1,2,99.99,100,0,5010
9801,1337,round_end,555.22,2,T_8c03018b,0,2,0,0,100,0,5010
9802,1337,round_end,723.4,3,T_8c03018b,0,3,1,0,100,0,5010
9806,1337,round_end,495.25,1,T_a02bf5e9,0,2,2,0,0,0,5013
9807,1337,round_end,900,2,T_1699ed97,1,3,1,0,0,0,5013
9808,1337,round_end,550.76,1,T_a02bf5e9,0,0,0,0,0,49.48,5014
9809,1339,round_end,169.72,1,T_8c03018b,0,1,2,0,100,0,5015
9810,1339,round_end,399.63,2,T_8c03018b,0,2,1,0,100,0,5015
9811,1339,round_end,596.52,3,T_8c03018b,0,3,0,29.08,100,0,5015
9812,1339,round_end,390.12,1,T_a02bf5e9,0,1,1,0,0,0,5016
9813,1339,round_end,630.03,2,T_5568bd9d,0,3,0,0,0,0,5016
9814,1339,round_end,621.04,1,T_a02bf5e9,0,0,0,0,0,0,5017
9815,1339,round_end,448.65,1,T_a02bf5e9,0,3,3,0,0,31.54,5018
9816,1339,round_end,688.58,2,T_5568bd9d,0,3,0,0,0,0,5018
9818,1340,round_end,300.78,1,T_8c03018b,1,0,0,100,98.5,0,5020
9819,1340,round_end,622.31,2,T_8c03018b,1,1,1,99.99,100,0,5020
9820,1340,round_end,815.92,3,T_8c03018b,2,1,2,100,0,0,5020
9821,1340,round_end,815.92,3,T_8c03018b,2,1,2,100,0,0,5020
9822,1340,round_end,366.73,1,T_7f8ba35f,0,3,3,0,0,113.36,5021
9823,1340,round_end,861.48,2,T_3238eb96,2,3,2,0,0,0,5021
9824,1340,round_end,641.9,1,T_7f8ba35f,0,0,0,0,0,0,5022
9825,1342,round_end,304.7,1,T_8c03018b,1,0,0,100,99.99,0,5023
9826,1342,round_end,484.58,2,T_8c03018b,2,0,2,100,17.61,0,5023
9827,1342,round_end,701.4,3,T_8c03018b,3,0,1,100,30.76,0,5023
9828,1342,round_end,766.47,6,T_a02bf5e9,3,2,2,0,0,40,5024
9833,1342,round_end,259.5,1,T_a02bf5e9,0,0,0,0,0,0,5027
9834,1342,round_end,721.28,2,T_5568bd9d,3,3,3,0,0,18.18,5027
9835,1342,round_end,721.28,2,T_5568bd9d,3,3,3,0,0,18.18,5027
9836,1342,round_end,192.8,1,T_a02bf5e9,0,0,0,0,0,407.22,5028
9847,1347,round_end,1110.99,6,T_d35e6606,3,2,1,0,0,40,5033
9850,1347,round_end,329.07,1,T_8c03018b,0,1,1,99.99,100,0,5035
9851,1347,round_end,615.36,2,T_8c03018b,1,1,0,100,57.44,0,5035
9852,1347,round_end,943.88,3,T_8c03018b,2,1,2,100,99.99,0,5035
9853,1347,round_end,943.88,3,T_8c03018b,2,1,2,100,99.99,0,5035
9857,1349,round_end,233.44,1,T_8c03018b,0,1,1,51.44,100,0,5038
9858,1349,round_end,541.75,2,T_8c03018b,0,2,0,99.99,100,0,5038
9859,1349,round_end,848.05,3,T_8c03018b,0,3,2,99.99,100,0,5038
9860,1349,round_end,578.86,1,T_a02bf5e9,0,2,2,0,0,0,5039
9861,1349,round_end,1026.79,2,T_5568bd9d,3,3,3,0,0,31.83,5039
9862,1349,round_end,1026.79,2,T_5568bd9d,3,3,3,0,0,31.83,5039
9863,1349,round_end,862.33,6,T_a02bf5e9,2,3,1,0,0,40,5040
9864,1349,round_end,621.49,1,T_a02bf5e9,0,0,0,0,0,0,5041
9865,1349,round_end,257.74,1,T_a02bf5e9,0,0,0,0,0,0,5042
9866,1349,round_end,355.3,1,T_8c03018b,0,1,1,99.99,100,0,5043
9867,1349,round_end,642.75,2,T_8c03018b,1,1,0,100,99.99,0,5043
9868,1349,round_end,804.15,3,T_8c03018b,1,2,2,0,100,0,5043
9869,1349,round_end,804.15,3,T_8c03018b,1,2,2,0,100,0,5043
7358,982,round_end,699.72,3,T_8c03018b,3,0,2,100,99.99,0,
9875,1353,round_end,501.84,1,T_496df5f2,0,2,2,0,0,0,5046
9876,1353,round_end,759.22,2,T_969420ad,0,3,0,0,0,0,5046
9877,1353,round_end,374,1,T_496df5f2,0,3,3,0,0,106.12,5047
9878,1353,round_end,871.86,2,T_969420ad,2,3,2,0,0,0,5047
9879,1354,round_end,164.95,1,T_1607e776,1,0,0,100,0,0,5048
9880,1354,round_end,346.29,2,T_1607e776,2,0,2,100,0,0,5048
9881,1354,round_end,390.15,1,T_1607e776,0,1,1,0,0,0,5049
9882,1354,round_end,592.72,2,T_be0b0d78,2,1,1,0,0,187.42,5049
9883,1354,round_end,240.04,1,T_1607e776,0,0,0,0,0,0,5050
9884,1354,round_end,320.19,2,T_be0b0d78,1,0,0,0,0,159.89,5050
9885,1354,round_end,390.15,1,T_1607e776,0,1,1,0,0,0,5051
9886,1354,round_end,592.72,2,T_be0b0d78,2,1,1,0,0,187.42,5051
9887,1354,round_end,390.15,1,T_1607e776,0,1,1,0,0,0,5052
9888,1354,round_end,592.72,2,T_be0b0d78,2,1,1,0,0,187.42,5052
9889,1354,round_end,390.15,1,T_1607e776,0,1,1,0,0,0,5053
9890,1354,round_end,592.72,2,T_be0b0d78,2,1,1,0,0,187.42,5053
9891,1354,round_end,390.15,1,T_1607e776,0,1,1,0,0,0,5054
9892,1354,round_end,592.72,2,T_be0b0d78,2,1,1,0,0,187.42,5054
9893,1354,round_end,390.15,1,T_1607e776,0,1,1,0,0,0,5055
9894,1354,round_end,592.72,2,T_be0b0d78,2,1,1,0,0,187.42,5055
9895,1355,round_end,390.15,1,T_1607e776,0,1,1,0,0,0,5056
9896,1355,round_end,592.72,2,T_be0b0d78,2,1,1,0,0,187.42,5056
9897,1356,round_end,390.15,1,T_1607e776,0,1,1,0,0,0,5057
9898,1356,round_end,592.72,2,T_be0b0d78,2,1,1,0,0,187.42,5057
9899,1354,round_end,390.15,1,T_1607e776,0,1,1,0,0,0,5058
9900,1354,round_end,592.72,2,T_be0b0d78,2,1,1,0,0,187.42,5058
9903,1354,round_end,390.15,1,T_1607e776,0,1,1,0,0,0,5060
9904,1354,round_end,592.72,2,T_be0b0d78,2,1,1,0,0,187.42,5060
9905,1354,round_end,390.15,1,T_1607e776,0,1,1,0,0,0,5061
9906,1354,round_end,592.72,2,T_be0b0d78,2,1,1,0,0,187.42,5061
9907,1354,round_end,240.04,1,T_1607e776,0,0,0,0,0,0,5062
9908,1354,round_end,320.19,2,T_be0b0d78,1,0,0,0,0,159.89,5062
9909,1358,round_end,187.47,1,T_7ba5dfb5,0,1,1,0,100,0,5063
9910,1358,round_end,441.6,2,T_7ba5dfb5,0,2,2,82.15,100,0,5063
9911,1358,round_end,273.5,1,T_13ab2299,0,0,0,0,0,0,5064
9912,1358,round_end,350.35,2,T_7ba5dfb5,1,0,0,0,0,163.11,5064
9913,1359,round_end,271.74,1,T_467b3697,1,0,2,100,77.56,0,5066
9914,1359,round_end,525.13,2,T_467b3697,2,0,1,100,40.52,0,5066
9915,1359,round_end,525.12,1,T_467b3697,0,2,2,0,0,0,5067
9916,1359,round_end,805.88,2,T_38270be3,3,2,2,0,0,199.09,5067
9917,1359,round_end,678.97,4,T_467b3697,3,1,3,100,45.94,0,5068
9918,1360,round_end,266.17,1,T_62530b65,0,0,0,0,0,0,5070
9919,1360,round_end,668.25,2,T_496df5f2,3,3,3,0,0,77.87,5070
9920,1360,round_end,668.25,2,T_496df5f2,3,3,3,0,0,77.87,5070
9921,1360,round_end,300.64,1,T_8c03018b,1,0,2,100,83.35,0,5071
9922,1360,round_end,568.55,2,T_8c03018b,1,1,1,72.25,100,0,5071
9923,1360,round_end,819.1,3,T_8c03018b,2,1,0,100,73.56,0,5071
9924,1360,round_end,819.1,3,T_8c03018b,2,1,0,100,73.56,0,5071
9925,1360,round_end,309.42,1,T_62530b65,0,3,3,0,0,170.67,5072
9926,1360,round_end,699.47,2,T_496df5f2,1,3,1,0,0,0,5072
9927,1360,round_end,248.31,1,T_8c03018b,0,1,0,55,100,0,5073
9928,1360,round_end,471.48,2,T_8c03018b,1,1,2,100,35.55,0,5073
9929,1360,round_end,751.13,3,T_8c03018b,2,1,1,100,76.25,0,5073
9930,1360,round_end,751.13,3,T_8c03018b,2,1,1,100,76.25,0,5073
9931,1360,round_end,613.94,1,T_62530b65,0,0,0,0,0,0,5074
9932,1360,round_end,826.83,6,T_62530b65,2,3,2,0,0,40,5075
9933,1361,round_end,65.65,1,T_a02bf5e9,0,0,0,0,0,534.35,5076
9934,1362,round_end,246.54,1,T_e46ac485,1,0,2,100,54.67,0,5077
9935,1362,round_end,415.94,2,T_e46ac485,2,0,0,100,0,0,5077
9936,1362,round_end,395.14,1,T_e46ac485,0,1,1,0,0,0,5078
9937,1362,round_end,501.68,2,T_13ab2299,2,1,1,0,0,283.5,5078
9938,1362,round_end,443.04,1,T_e46ac485,0,1,1,0,0,0,5079
9939,1362,round_end,622.11,2,T_13ab2299,2,1,1,0,0,210.95,5079
9940,1363,round_end,208.15,1,T_467b3697,1,0,0,100,35.72,0,5080
9941,1363,round_end,423.65,2,T_467b3697,2,0,2,100,43.69,0,5080
9945,1363,round_end,521.54,1,T_467b3697,0,2,2,0,0,0,5083
9946,1363,round_end,1022.07,2,T_13ab2299,3,2,2,0,0,0,5083
9947,1363,round_end,367.26,3,T_467b3697,3,0,2,100,0,0,5084
9948,1365,round_end,266.17,1,T_62530b65,0,0,0,0,0,0,5085
9949,1365,round_end,668.25,2,T_496df5f2,3,3,3,0,0,77.87,5085
9950,1365,round_end,668.25,2,T_496df5f2,3,3,3,0,0,77.87,5085
9974,1366,round_end,170.06,1,T_8c03018b,0,1,0,0,100,0,5096
9975,1366,round_end,464.51,2,T_8c03018b,1,1,2,100,89.8,0,5096
9976,1366,round_end,618.43,3,T_8c03018b,1,2,1,0,100,0,5096
9977,1366,round_end,618.43,3,T_8c03018b,1,2,1,0,100,0,5096
9978,1366,round_end,509.57,1,T_8b4000a4,0,2,2,0,0,0,5097
9979,1366,round_end,881.56,2,T_496df5f2,3,3,3,0,0,107.82,5097
9980,1366,round_end,881.56,2,T_496df5f2,3,3,3,0,0,107.82,5097
9981,1366,round_end,600.17,1,T_8b4000a4,0,0,0,0,0,0,5098
9982,1366,round_end,801.45,6,T_8b4000a4,1,4,2,0,0,40,5099
9983,1366,round_end,417.44,1,T_8b4000a4,0,1,1,0,0,0,5100
9984,1366,round_end,901.59,2,T_496df5f2,3,3,3,0,0,0,5100
9985,1366,round_end,901.59,2,T_496df5f2,3,3,3,0,0,0,5100
9986,1366,round_end,208.92,1,T_8c03018b,1,0,0,100,11.33,0,5101
9987,1366,round_end,530.73,2,T_8c03018b,2,0,2,100,99.99,0,5101
9988,1366,round_end,793.93,3,T_8c03018b,2,1,1,55.21,100,0,5101
9989,1366,round_end,793.93,3,T_8c03018b,2,1,1,55.21,100,0,5101
7395,984,round_end,733.81,2,T_3238eb96,3,3,3,0,0,0,
7404,985,round_end,731.09,5,T_a02bf5e9,0,5,1,0,100,0,
7406,985,round_end,975.21,2,T_5568bd9d,3,3,3,0,0,0,
7407,985,round_end,975.21,2,T_5568bd9d,3,3,3,0,0,0,
9990,1371,round_end,216.75,1,T_de0009ad,1,0,2,100,40.08,0,5102
9991,1371,round_end,548.94,2,T_de0009ad,2,0,1,100,99.99,0,5102
9992,1371,round_end,564.63,3,T_de0009ad,0,3,2,75.82,100,0,5103
9997,1371,round_end,460.61,1,T_1c43ee12,0,3,3,0,0,19.56,5106
9998,1371,round_end,721.02,2,T_de0009ad,0,3,0,0,0,0,5106
9999,1371,round_end,306.88,1,T_1c43ee12,0,3,3,0,0,173.21,5107
10000,1371,round_end,821.27,2,T_de0009ad,2,3,2,0,0,0,5107
10001,1372,round_end,294.83,1,T_d2dba261,0,1,0,99.99,100,0,5108
10002,1372,round_end,581.27,2,T_d2dba261,1,1,1,100,50.57,0,5108
10003,1372,round_end,880.63,3,T_d2dba261,2,1,2,100,98.18,0,5108
10006,1372,round_end,452.2,3,T_de0009ad,0,3,3,55.02,100,0,5110
10007,1373,round_end,180.13,1,T_7ba5dfb5,0,1,2,18.43,100,0,5111
10008,1373,round_end,421.81,2,T_7ba5dfb5,1,1,1,100,62.55,0,5111
10009,1373,round_end,587.49,3,T_7ba5dfb5,2,1,0,100,0,0,5111
10010,1373,round_end,255.44,1,T_7ba5dfb5,0,0,0,0,0,0,5112
10011,1373,round_end,333.21,2,T_38270be3,1,0,0,0,0,162.27,5112
10012,1373,round_end,612.88,1,T_7ba5dfb5,0,0,0,0,0,0,5114
10016,1374,round_end,513.81,1,T_41934d9d,0,2,2,0,0,0,5116
10017,1374,round_end,902.5,2,T_496df5f2,3,3,3,0,0,91.1,5116
10018,1374,round_end,902.5,2,T_496df5f2,3,3,3,0,0,91.1,5116
10019,1374,round_end,512.99,1,T_41934d9d,0,2,2,0,0,0,5117
10020,1374,round_end,658.84,1,T_41934d9d,0,0,0,0,0,0,5118
10021,1374,round_end,945.52,6,T_41934d9d,1,4,0,0,0,40,5119
10022,1374,round_end,400.71,1,T_41934d9d,0,1,1,0,0,0,5120
10023,1374,round_end,795.13,2,T_496df5f2,3,3,3,0,0,85.4,5120
10024,1374,round_end,795.13,2,T_496df5f2,3,3,3,0,0,85.4,5120
10025,1374,round_end,264.04,1,T_8c03018b,0,1,1,88.22,100,0,5121
10026,1374,round_end,430.6,2,T_8c03018b,0,2,2,0,100,0,5121
10027,1374,round_end,716.27,3,T_8c03018b,1,2,0,100,97.44,0,5121
10028,1374,round_end,716.27,3,T_8c03018b,1,2,0,100,97.44,0,5121
10029,1375,round_end,201.86,1,T_8c03018b,1,0,0,100,27.05,0,5122
10030,1375,round_end,524.42,2,T_8c03018b,1,1,1,99.99,100,0,5122
10031,1375,round_end,722.44,3,T_8c03018b,2,1,2,100,29.76,0,5122
10032,1375,round_end,722.44,3,T_8c03018b,2,1,2,100,29.76,0,5122
10036,1375,round_end,373.37,1,T_a02bf5e9,0,3,3,0,0,106.71,5124
10037,1375,round_end,648.13,2,T_5568bd9d,0,3,0,0,0,0,5124
10039,1375,round_end,835.07,5,T_a02bf5e9,5,0,1,100,70.51,0,5126
10040,1375,round_end,628.57,1,T_a02bf5e9,0,0,0,0,0,0,5127
10041,1375,round_end,390.2,1,T_a02bf5e9,0,1,1,0,0,0,5128
10042,1375,round_end,758.47,2,T_5568bd9d,3,3,3,0,0,111.72,5128
10043,1375,round_end,758.47,2,T_5568bd9d,3,3,3,0,0,111.72,5128
10044,1376,round_end,336.24,1,T_8c03018b,1,0,1,100,99.99,0,5129
10045,1376,round_end,683.36,2,T_8c03018b,1,1,2,99.99,100,0,5129
10046,1376,round_end,1010.46,3,T_8c03018b,2,1,0,100,99.99,0,5129
10047,1376,round_end,1010.46,3,T_8c03018b,2,1,0,100,99.99,0,5129
10048,1377,round_end,513.74,1,T_a02bf5e9,0,2,2,0,0,0,5130
10049,1377,round_end,1089.14,2,T_5568bd9d,3,3,3,0,0,0,5130
10050,1377,round_end,1089.14,2,T_5568bd9d,3,3,3,0,0,0,5130
10051,1377,round_end,454.2,1,T_a02bf5e9,0,3,3,0,0,25.99,5131
10052,1377,round_end,792.4,2,T_5568bd9d,3,3,3,0,0,141.66,5131
10053,1377,round_end,513.74,1,T_a02bf5e9,0,2,2,0,0,0,5132
10054,1377,round_end,1089.14,2,T_5568bd9d,3,3,3,0,0,0,5132
10055,1377,round_end,1089.14,2,T_5568bd9d,3,3,3,0,0,0,5132
10056,1377,round_end,336.24,1,T_8c03018b,1,0,1,100,99.99,0,5133
10057,1377,round_end,683.36,2,T_8c03018b,1,1,2,99.99,100,0,5133
10058,1377,round_end,1010.46,3,T_8c03018b,2,1,0,100,99.99,0,5133
10059,1377,round_end,1010.46,3,T_8c03018b,2,1,0,100,99.99,0,5133
10060,1379,round_end,213.55,1,T_8c03018b,0,1,2,42.8,100,0,5134
10061,1379,round_end,543.04,2,T_8c03018b,0,2,1,98.97,100,0,5134
10062,1379,round_end,857.54,3,T_8c03018b,0,3,0,99.99,100,0,5134
10063,1379,round_end,272.55,1,T_7f8ba35f,0,3,3,0,0,207.53,5135
10064,1379,round_end,675.26,2,T_3238eb96,1,3,1,0,0,0,5135
10065,1379,round_end,979.13,6,T_7f8ba35f,2,3,4,0,0,40,5136
10066,1379,round_end,626.01,1,T_7f8ba35f,0,0,0,0,0,0,5137
10067,1379,round_end,406.26,1,T_7f8ba35f,0,1,1,0,0,0,5138
10068,1379,round_end,838.09,2,T_3238eb96,3,3,3,0,0,48.06,5138
10069,1379,round_end,838.09,2,T_3238eb96,3,3,3,0,0,48.06,5138
10074,1380,round_end,173.36,1,T_8c03018b,1,0,1,100,0,0,5141
10075,1380,round_end,433.31,2,T_8c03018b,2,0,0,100,74.78,0,5141
10076,1380,round_end,263.96,1,T_285e8464,0,0,0,0,0,0,5142
10077,1380,round_end,654.01,2,T_496df5f2,1,3,1,0,0,0,5142
10078,1380,round_end,759.25,6,T_285e8464,1,4,4,0,0,40,5143
10079,1380,round_end,234.74,1,T_285e8464,0,3,3,0,0,245.3,5144
10080,1380,round_end,638.99,2,T_496df5f2,1,3,1,0,0,0,5144
10081,1380,round_end,623.47,1,T_285e8464,0,0,0,0,0,0,5145
10082,1380,round_end,441.48,1,T_285e8464,0,3,3,0,0,38.73,5146
10083,1380,round_end,870.59,2,T_496df5f2,1,3,1,0,0,0,5146
10097,1389,round_end,335.64,1,T_a02bf5e9,0,3,3,0,0,144.47,5153
10098,1389,round_end,725.6,2,T_5568bd9d,1,3,1,0,0,0,5153
10099,1389,round_end,960.16,5,T_a02bf5e9,0,5,3,69.28,100,0,5154
10100,1389,round_end,441.78,1,T_a02bf5e9,0,3,3,0,0,38.37,5155
10101,1389,round_end,709.26,2,T_5568bd9d,0,3,0,0,0,0,5155
10102,1389,round_end,633.4,1,T_a02bf5e9,0,0,0,0,0,0,5156
10103,1390,round_end,279.56,1,T_a02bf5e9,0,3,3,0,0,200.52,5157
10104,1390,round_end,534.55,2,T_5568bd9d,0,3,0,0,0,0,5157
10105,1390,round_end,204.42,1,T_a02bf5e9,0,0,0,0,0,395.6,5158
10106,1390,round_end,421.41,1,T_a02bf5e9,0,1,1,0,0,0,5159
10107,1390,round_end,667.29,2,T_5568bd9d,3,3,3,0,0,234.05,5159
10108,1390,round_end,667.29,2,T_5568bd9d,3,3,3,0,0,234.05,5159
10109,1390,round_end,260.14,1,T_a02bf5e9,0,0,0,0,0,0,5160
10110,1390,round_end,598.34,2,T_5568bd9d,3,3,3,0,0,141.97,5160
10111,1390,round_end,598.34,2,T_5568bd9d,3,3,3,0,0,141.97,5160
10112,1391,round_end,205.8,1,T_8c03018b,1,0,2,100,0,0,5161
10113,1391,round_end,540.44,2,T_8c03018b,1,1,0,99.99,100,0,5161
10114,1391,round_end,780.74,3,T_8c03018b,2,1,1,100,23.96,0,5161
10115,1391,round_end,780.74,3,T_8c03018b,2,1,1,100,23.96,0,5161
10121,1392,round_end,309.56,1,T_a02bf5e9,0,3,3,0,0,170.52,5165
10122,1392,round_end,812.89,2,T_5568bd9d,2,3,2,0,0,0,5165
10125,1392,round_end,442.08,1,T_a02bf5e9,0,1,1,0,0,0,5168
10126,1393,round_end,623.22,1,T_a02bf5e9,0,0,0,0,0,0,5170
10127,1393,round_end,789.25,6,T_a02bf5e9,4,1,1,0,0,40,5171
10128,1393,round_end,329.81,1,T_8c03018b,0,1,2,99.99,100,0,5173
10129,1393,round_end,527.7,2,T_8c03018b,0,2,0,19.09,100,0,5173
10130,1393,round_end,721.94,3,T_8c03018b,1,2,1,100,0,0,5173
10131,1393,round_end,721.94,3,T_8c03018b,1,2,1,100,0,0,5173
10132,1393,round_end,508.92,1,T_a02bf5e9,0,2,2,0,0,0,5174
10133,1393,round_end,1037.38,2,T_5568bd9d,2,3,2,0,0,0,5174
10135,1394,round_end,954.7,6,T_a02bf5e9,3,2,0,0,0,40,5177
10136,1394,round_end,271.79,1,T_a02bf5e9,0,3,3,0,0,208.26,5178
10137,1394,round_end,511.94,2,T_5568bd9d,0,3,0,0,0,0,5178
10140,1395,round_end,419.83,1,T_a02bf5e9,0,3,3,0,0,60.36,5180
10141,1395,round_end,704.59,2,T_5568bd9d,0,3,0,0,0,0,5180
10142,1396,round_end,237.21,1,T_8c03018b,0,1,2,67.84,100,0,5181
10143,1396,round_end,412.38,2,T_8c03018b,0,2,1,6.47,100,0,5181
10144,1396,round_end,698.91,3,T_8c03018b,0,3,0,99.99,100,0,5181
10145,1396,round_end,502.61,1,T_a02bf5e9,0,2,2,0,0,0,5182
10146,1396,round_end,820.87,2,T_1699ed97,3,3,3,0,0,161.57,5182
10147,1396,round_end,820.87,2,T_1699ed97,3,3,3,0,0,161.57,5182
10149,1396,round_end,483.85,1,T_a02bf5e9,0,3,3,0,0,0,5184
10150,1396,round_end,982.04,2,T_1699ed97,2,3,2,0,0,0,5184
10151,1396,round_end,772.75,6,T_a02bf5e9,2,3,1,0,0,40,5185
10152,1397,round_end,229.59,1,T_8c03018b,1,0,2,100,39.85,0,5186
10153,1397,round_end,502.79,2,T_8c03018b,2,0,1,100,45.23,0,5186
10154,1397,round_end,682.71,3,T_8c03018b,3,0,0,100,0,0,5186
10155,1397,round_end,245.26,1,T_a02bf5e9,0,0,0,0,0,0,5187
10156,1397,round_end,539.47,2,T_5568bd9d,3,3,3,0,0,185.94,5187
10157,1397,round_end,539.47,2,T_5568bd9d,3,3,3,0,0,185.94,5187
10158,1397,round_end,624.21,5,T_a02bf5e9,5,0,3,100,0,0,5188
10159,1397,round_end,396.78,1,T_a02bf5e9,0,1,1,0,0,0,5189
10160,1397,round_end,909.53,2,T_5568bd9d,2,3,2,0,0,0,5189
10161,1398,round_end,266.12,1,T_8c03018b,1,0,2,100,84.39,0,5190
10162,1398,round_end,497.37,2,T_8c03018b,2,0,1,100,46.4,0,5190
10163,1398,round_end,658.01,3,T_8c03018b,3,0,0,100,0,0,5190
10164,1398,round_end,820.08,6,T_a02bf5e9,2,3,1,0,0,40,5191
10165,1398,round_end,316.13,1,T_a02bf5e9,0,3,3,0,0,163.99,5192
10166,1398,round_end,802.9,2,T_5568bd9d,3,3,3,0,0,0,5192
10167,1398,round_end,505.71,1,T_a02bf5e9,0,2,2,0,0,0,5193
10168,1398,round_end,842.2,2,T_5568bd9d,3,3,3,0,0,143.34,5193
10169,1398,round_end,842.2,2,T_5568bd9d,3,3,3,0,0,143.34,5193
10170,1398,round_end,497.36,1,T_a02bf5e9,0,2,2,0,0,0,5194
10171,1398,round_end,1028.56,2,T_5568bd9d,2,3,2,0,0,0,5194
10172,1401,round_end,297.59,1,T_a02bf5e9,0,3,3,0,0,182.51,5196
10173,1401,round_end,797.06,2,T_5568bd9d,3,3,3,0,0,0,5196
10174,1401,round_end,835.21,6,T_a02bf5e9,2,3,0,0,0,40,5197
10175,1401,round_end,332.14,1,T_a02bf5e9,0,3,3,0,0,147.96,5198
10176,1401,round_end,812.09,2,T_5568bd9d,2,3,2,0,0,0,5198
10177,1401,round_end,396.87,1,T_a02bf5e9,0,3,3,0,0,83.29,5199
10178,1401,round_end,889.18,2,T_5568bd9d,2,3,2,0,0,0,5199
10179,1401,round_end,609.04,1,T_a02bf5e9,0,0,0,0,0,0,5200
10180,1404,round_end,300.09,1,T_8c03018b,1,0,1,100,99.99,0,5201
10181,1404,round_end,625.98,2,T_8c03018b,2,0,0,100,99.99,0,5201
10182,1404,round_end,904.38,3,T_8c03018b,3,0,2,100,95.33,0,5201
10183,1404,round_end,240.04,1,T_a02bf5e9,0,0,0,0,0,0,5202
10184,1404,round_end,415.61,1,T_a02bf5e9,0,1,1,0,0,0,5203
10185,1404,round_end,805.43,2,T_5568bd9d,1,3,1,0,0,0,5203
10186,1404,round_end,240.04,1,T_a02bf5e9,0,0,0,0,0,0,5204
10187,1404,round_end,515.12,2,T_5568bd9d,3,3,3,0,0,205.16,5204
10188,1404,round_end,515.12,2,T_5568bd9d,3,3,3,0,0,205.16,5204
10189,1404,round_end,618.35,1,T_a02bf5e9,0,0,0,0,0,0,5205
10190,1404,round_end,857.88,6,T_a02bf5e9,2,3,2,0,0,40,5206
10191,1405,round_end,300.09,1,T_8c03018b,1,0,1,100,99.99,0,5207
10192,1405,round_end,625.98,2,T_8c03018b,2,0,0,100,99.99,0,5207
10193,1405,round_end,904.38,3,T_8c03018b,3,0,2,100,95.33,0,5207
10194,1406,round_end,300.09,1,T_8c03018b,1,0,1,100,99.99,0,5208
10195,1406,round_end,625.98,2,T_8c03018b,2,0,0,100,99.99,0,5208
10196,1406,round_end,904.38,3,T_8c03018b,3,0,2,100,95.33,0,5208
10197,1406,round_end,240.04,1,T_a02bf5e9,0,0,0,0,0,0,5209
10198,1406,round_end,415.61,1,T_a02bf5e9,0,1,1,0,0,0,5210
10199,1406,round_end,805.43,2,T_5568bd9d,1,3,1,0,0,0,5210
10204,1406,round_end,857.88,6,T_a02bf5e9,2,3,2,0,0,40,5213
10205,1407,round_end,309.31,1,T_8c03018b,0,1,0,99.99,100,0,5214
10206,1407,round_end,605.32,2,T_8c03018b,0,2,2,99.99,100,0,5214
10207,1407,round_end,895,3,T_8c03018b,1,2,1,100,67.16,0,5214
10208,1407,round_end,895,3,T_8c03018b,1,2,1,100,67.16,0,5214
10209,1407,round_end,872.87,5,T_a02bf5e9,0,5,3,68.8,100,0,5215
10210,1407,round_end,369.24,1,T_a02bf5e9,0,3,3,0,0,110.9,5217
10211,1407,round_end,803.34,2,T_5568bd9d,1,3,1,0,0,0,5217
10212,1407,round_end,872.87,5,T_a02bf5e9,0,5,3,68.8,100,0,5218
10221,1408,round_end,913.82,5,T_a02bf5e9,0,5,3,99.99,100,0,5223
10222,1409,round_end,169.91,1,T_8c03018b,1,0,1,100,0,0,5224
10223,1409,round_end,518.28,2,T_8c03018b,2,0,0,100,95.45,0,5224
10224,1409,round_end,785.91,3,T_8c03018b,3,0,2,100,52.93,0,5224
10225,1409,round_end,753.74,6,T_a02bf5e9,4,1,0,0,0,39.99,5225
10226,1409,round_end,627.08,1,T_a02bf5e9,0,0,0,0,0,0,5226
10227,1409,round_end,400.68,1,T_a02bf5e9,0,3,3,0,0,79.48,5227
10228,1409,round_end,891.38,2,T_5568bd9d,3,3,3,0,0,20.54,5227
10229,1409,round_end,208.19,1,T_8c03018b,1,0,1,100,0,0,5228
10230,1409,round_end,431.17,2,T_8c03018b,1,1,2,34.13,100,0,5228
10231,1409,round_end,675.83,3,T_8c03018b,2,1,0,100,62.72,0,5228
10232,1409,round_end,675.83,3,T_8c03018b,2,1,0,100,62.72,0,5228
10233,1410,round_end,197.81,1,T_8c03018b,0,1,2,23.85,100,0,5229
10234,1410,round_end,543.68,2,T_8c03018b,1,1,0,100,99.99,0,5229
10235,1410,round_end,197.81,1,T_8c03018b,0,1,2,23.85,100,0,5230
10236,1410,round_end,543.68,2,T_8c03018b,1,1,0,100,99.99,0,5230
10237,1410,round_end,757.89,3,T_8c03018b,1,2,1,37.89,100,0,5230
10238,1410,round_end,757.89,3,T_8c03018b,1,2,1,37.89,100,0,5230
10239,1410,round_end,480.21,1,T_a02bf5e9,0,2,2,0,0,0,5231
10240,1410,round_end,726.31,2,T_5568bd9d,0,3,0,0,0,0,5231
10241,1410,round_end,942.96,6,T_a02bf5e9,3,2,0,0,0,40,5232
10242,1410,round_end,551.32,1,T_a02bf5e9,0,2,2,0,0,0,5233
10243,1410,round_end,919.34,2,T_5568bd9d,3,3,3,0,0,111.78,5233
10244,1410,round_end,919.34,2,T_5568bd9d,3,3,3,0,0,111.78,5233
10245,1410,round_end,605.21,1,T_a02bf5e9,0,0,0,0,0,0,5234
10246,1411,round_end,263.08,1,T_8c03018b,0,1,1,79.99,100,0,5235
10247,1411,round_end,493.94,2,T_8c03018b,0,2,2,35,100,0,5235
10248,1411,round_end,687.26,3,T_8c03018b,0,3,0,24.64,100,0,5235
10249,1411,round_end,940.3,6,T_a02bf5e9,2,3,3,0,0,40,5236
10250,1411,round_end,246.36,1,T_a02bf5e9,0,0,0,0,0,0,5237
10251,1411,round_end,601.35,2,T_5568bd9d,3,3,3,0,0,125.1,5237
10252,1411,round_end,601.35,2,T_5568bd9d,3,3,3,0,0,125.1,5237
10253,1411,round_end,245.05,1,T_a02bf5e9,0,0,0,0,0,0,5238
10254,1411,round_end,650.31,2,T_5568bd9d,3,3,3,0,0,74.82,5238
10255,1411,round_end,650.31,2,T_5568bd9d,3,3,3,0,0,74.82,5238
10256,1411,round_end,700.9,1,T_a02bf5e9,0,0,0,0,0,0,5239
10257,1412,round_end,314.28,1,T_8c03018b,0,1,2,99.99,100,0,5240
10258,1412,round_end,565.41,2,T_8c03018b,1,1,0,100,45.85,0,5240
10259,1412,round_end,884.82,3,T_8c03018b,2,1,1,100,99.99,0,5240
10260,1412,round_end,884.82,3,T_8c03018b,2,1,1,100,99.99,0,5240
10261,1413,round_end,314.28,1,T_8c03018b,0,1,2,99.99,100,0,5241
10262,1413,round_end,565.41,2,T_8c03018b,1,1,0,100,45.85,0,5241
10263,1413,round_end,884.82,3,T_8c03018b,2,1,1,100,99.99,0,5241
10264,1413,round_end,884.82,3,T_8c03018b,2,1,1,100,99.99,0,5241
10265,1412,round_end,487.31,1,T_a02bf5e9,0,2,2,0,0,0,5242
10266,1412,round_end,825.69,2,T_5568bd9d,3,3,3,0,0,141.47,5242
10267,1412,round_end,825.69,2,T_5568bd9d,3,3,3,0,0,141.47,5242
10268,1412,round_end,805.7,5,T_a02bf5e9,5,0,4,100,99.99,0,5243
10269,1412,round_end,521.54,1,T_a02bf5e9,0,3,3,0,0,0,5244
10270,1412,round_end,1001.27,2,T_5568bd9d,2,3,2,0,0,0,5244
10271,1412,round_end,217.79,1,T_a02bf5e9,0,0,0,0,0,382.24,5245
10272,1412,round_end,600.18,1,T_a02bf5e9,0,0,0,0,0,0,5246
10273,1414,round_end,288.25,1,T_8c03018b,0,1,0,99.99,100,0,5247
10274,1414,round_end,513.97,2,T_8c03018b,1,1,2,100,48.44,0,5247
10275,1414,round_end,727.84,3,T_8c03018b,2,1,1,100,31.92,0,5247
10276,1414,round_end,727.84,3,T_8c03018b,2,1,1,100,31.92,0,5247
10277,1414,round_end,395.16,1,T_a02bf5e9,0,1,1,0,0,0,5248
10278,1414,round_end,795.46,2,T_5568bd9d,3,3,3,0,0,79.61,5248
10279,1414,round_end,795.46,2,T_5568bd9d,3,3,3,0,0,79.61,5248
10280,1414,round_end,251.48,1,T_a02bf5e9,0,0,0,0,0,0,5249
10286,1419,round_end,343.8,1,T_8c03018b,1,0,1,100,99.99,0,5254
10287,1419,round_end,543.32,2,T_8c03018b,2,0,2,100,26.51,0,5254
10288,1419,round_end,718.7,3,T_8c03018b,2,1,0,0,100,0,5254
10289,1419,round_end,718.7,3,T_8c03018b,2,1,0,0,100,0,5254
10290,1420,round_end,180.53,1,T_8c03018b,0,1,1,0,100,0,5255
10291,1420,round_end,368.09,2,T_8c03018b,1,1,0,100,24.36,0,5255
10292,1420,round_end,626.47,3,T_8c03018b,2,1,2,100,59.92,0,5255
10293,1420,round_end,626.47,3,T_8c03018b,2,1,2,100,59.92,0,5255
10294,1420,round_end,600.15,1,T_a02bf5e9,0,0,0,0,0,0,5256
10295,1420,round_end,240.04,1,T_a02bf5e9,0,0,0,0,0,0,5257
10296,1420,round_end,689.71,2,T_5568bd9d,3,3,3,0,0,30.42,5257
10297,1420,round_end,689.71,2,T_5568bd9d,3,3,3,0,0,30.42,5257
10298,1420,round_end,847.89,6,T_a02bf5e9,1,4,3,0,0,40,5258
10299,1420,round_end,847.89,6,T_a02bf5e9,1,4,3,0,0,40,5259
10300,1420,round_end,847.89,6,T_a02bf5e9,1,4,3,0,0,40,5260
7504,997,round_end,485.06,1,T_68c6a1f8,0,2,2,0,0,0,
7505,997,round_end,702.67,2,T_aa9f4ebe,3,2,2,0,0,262.28,
10311,1419,round_end,406.4,1,T_a02bf5e9,0,3,3,0,0,73.74,5266
10312,1419,round_end,833.5,2,T_dc7a587c,1,3,1,0,0,0,5266
10313,1419,round_end,381.43,1,T_a02bf5e9,0,3,3,0,0,98.67,5267
10314,1419,round_end,631.7,2,T_dc7a587c,0,3,0,0,0,0,5267
10315,1419,round_end,608.02,1,T_a02bf5e9,0,0,0,0,0,0,5268
10316,1419,round_end,899.14,6,T_a02bf5e9,3,2,0,0,0,40,5269
10317,1419,round_end,294.87,1,T_8c03018b,1,0,1,100,99.99,0,5270
10318,1419,round_end,610.32,2,T_8c03018b,1,1,0,99.99,100,0,5270
10319,1419,round_end,777.59,3,T_8c03018b,1,2,2,0,100,0,5270
10320,1419,round_end,777.59,3,T_8c03018b,1,2,2,0,100,0,5270
7513,999,round_end,837.76,3,T_8c03018b,2,1,0,100,39.07,0,
7514,999,round_end,837.76,3,T_8c03018b,2,1,0,100,39.07,0,
10321,1426,round_end,186.5,1,T_8c03018b,1,0,1,100,0,0,5271
10322,1426,round_end,462.79,2,T_8c03018b,1,1,2,73.52,100,0,5271
10323,1426,round_end,624.69,3,T_8c03018b,1,2,0,0,100,0,5271
10324,1426,round_end,624.69,3,T_8c03018b,1,2,0,0,100,0,5271
10325,1426,round_end,436.33,1,T_a02bf5e9,0,3,3,0,0,43.86,5272
10326,1426,round_end,987.07,2,T_5568bd9d,2,3,2,0,0,0,5272
10327,1426,round_end,706.33,1,T_a02bf5e9,0,0,0,0,0,0,5273
10328,1426,round_end,923.1,6,T_a02bf5e9,3,2,4,0,0,40,5274
10329,1426,round_end,511.76,1,T_a02bf5e9,0,2,2,0,0,0,5275
10330,1426,round_end,878.88,2,T_5568bd9d,3,3,3,0,0,112.68,5275
10331,1426,round_end,878.88,2,T_5568bd9d,3,3,3,0,0,112.68,5275
10332,1427,round_end,673.63,1,T_a02bf5e9,0,0,0,0,0,0,5276
10333,1427,round_end,205.83,1,T_8c03018b,1,0,0,100,27.09,0,5277
10334,1427,round_end,389.87,2,T_8c03018b,2,0,1,100,21.28,0,5277
10335,1427,round_end,658.81,3,T_8c03018b,2,1,2,60,100,0,5277
10336,1427,round_end,658.81,3,T_8c03018b,2,1,2,60,100,0,5277
10337,1427,round_end,753.18,6,T_a02bf5e9,4,1,4,0,0,40,5278
10338,1427,round_end,346.25,1,T_a02bf5e9,0,3,3,0,0,133.86,5279
10339,1427,round_end,602.59,2,T_5568bd9d,0,3,0,0,0,0,5279
10340,1427,round_end,647.95,1,T_a02bf5e9,0,0,0,0,0,0,5280
10341,1428,round_end,178.45,1,T_8c03018b,1,0,1,100,0,0,5281
10342,1428,round_end,450.88,2,T_8c03018b,2,0,0,100,93.2,0,5281
10343,1428,round_end,762.7,3,T_8c03018b,3,0,2,100,95.91,0,5281
10344,1428,round_end,766.59,6,T_a02bf5e9,3,2,4,0,0,40,5282
10345,1428,round_end,321.77,1,T_a02bf5e9,0,3,3,0,0,158.33,5283
10346,1428,round_end,711.69,2,T_5568bd9d,1,3,1,0,0,0,5283
10347,1428,round_end,589.66,1,T_a02bf5e9,0,3,3,0,0,0,5284
10348,1428,round_end,998.95,2,T_5568bd9d,3,3,3,0,0,70.49,5284
10349,1428,round_end,618.66,1,T_a02bf5e9,0,0,0,0,0,0,5285
10350,1429,round_end,338.73,1,T_8c03018b,1,0,0,100,99.99,0,5286
10351,1429,round_end,619.63,2,T_8c03018b,2,0,2,100,97.88,0,5286
10352,1429,round_end,890.78,3,T_8c03018b,2,1,1,73.83,100,0,5286
10353,1429,round_end,890.78,3,T_8c03018b,2,1,1,73.83,100,0,5286
10354,1429,round_end,610.07,1,T_a02bf5e9,0,0,0,0,0,0,5287
10355,1429,round_end,421.1,1,T_a02bf5e9,0,1,1,0,0,0,5288
10356,1429,round_end,745.45,2,T_5568bd9d,3,3,3,0,0,155.59,5288
10357,1429,round_end,745.45,2,T_5568bd9d,3,3,3,0,0,155.59,5288
10358,1429,round_end,516.84,1,T_a02bf5e9,0,2,2,0,0,0,5289
10359,1429,round_end,837.06,2,T_5568bd9d,3,3,3,0,0,159.6,5289
10360,1429,round_end,837.06,2,T_5568bd9d,3,3,3,0,0,159.6,5289
10361,1429,round_end,774.25,6,T_a02bf5e9,1,4,3,0,0,40,5290
10362,1430,round_end,257.47,1,T_a02bf5e9,0,0,0,0,0,0,5291
10363,1430,round_end,416.97,1,T_a02bf5e9,0,1,1,0,0,0,5292
10364,1430,round_end,938.25,2,T_5568bd9d,2,3,2,0,0,0,5292
10365,1430,round_end,426.05,1,T_a02bf5e9,0,3,3,0,0,54.16,5293
10366,1430,round_end,943.63,2,T_5568bd9d,2,3,2,0,0,0,5293
10367,1430,round_end,476.44,1,T_a02bf5e9,0,3,3,0,0,3.77,5294
10368,1430,round_end,767.59,2,T_5568bd9d,3,3,3,0,0,188.71,5294
10369,1430,round_end,620.69,1,T_a02bf5e9,0,0,0,0,0,0,5295
10370,1431,round_end,317.46,1,T_8c03018b,1,0,0,100,99.99,0,5296
10371,1431,round_end,562.45,2,T_8c03018b,2,0,1,100,65.13,0,5296
10372,1431,round_end,822.35,3,T_8c03018b,3,0,2,100,71.33,0,5296
10373,1431,round_end,511.77,1,T_a02bf5e9,0,2,2,0,0,0,5297
10374,1431,round_end,1024.1,2,T_5568bd9d,3,3,3,0,0,0,5297
10375,1431,round_end,1024.1,2,T_5568bd9d,3,3,3,0,0,0,5297
10376,1431,round_end,240.04,1,T_a02bf5e9,0,0,0,0,0,0,5298
10377,1431,round_end,630.15,2,T_5568bd9d,1,3,1,0,0,0,5298
10378,1431,round_end,412.04,1,T_a02bf5e9,0,3,3,0,0,68.09,5299
10379,1431,round_end,706.65,2,T_5568bd9d,3,3,3,0,0,185.31,5299
10380,1431,round_end,775.46,5,T_a02bf5e9,5,0,1,100,0,0,5300
10381,1432,round_end,319.75,1,T_8c03018b,1,0,2,100,99.99,0,5301
10382,1432,round_end,499.18,2,T_8c03018b,2,0,1,100,0,0,5301
10383,1432,round_end,719.27,3,T_8c03018b,3,0,0,100,46.97,0,5301
10384,1432,round_end,812.72,6,T_a02bf5e9,4,1,1,0,0,40,5302
10385,1432,round_end,245.03,1,T_a02bf5e9,0,0,0,0,0,0,5303
10386,1432,round_end,566.35,2,T_5568bd9d,3,3,3,0,0,158.84,5303
10387,1432,round_end,566.35,2,T_5568bd9d,3,3,3,0,0,158.84,5303
10388,1432,round_end,488.35,1,T_a02bf5e9,0,0,0,0,0,111.9,5304
10389,1432,round_end,488.35,1,T_a02bf5e9,0,0,0,0,0,111.9,5305
10390,1432,round_end,240.04,1,T_a02bf5e9,0,0,0,0,0,0,5306
10391,1432,round_end,681.82,2,T_5568bd9d,3,3,3,0,0,38.34,5306
10392,1432,round_end,681.82,2,T_5568bd9d,3,3,3,0,0,38.34,5306
10393,1432,round_end,488.35,1,T_a02bf5e9,0,0,0,0,0,111.9,5307
10397,1434,round_end,502.26,1,T_a02bf5e9,0,2,2,0,0,0,5309
10398,1434,round_end,979.92,2,T_5568bd9d,3,3,3,0,0,2.09,5309
10399,1434,round_end,979.92,2,T_5568bd9d,3,3,3,0,0,2.09,5309
10400,1434,round_end,322.16,1,T_8c03018b,1,0,2,100,89.9,0,5310
10401,1434,round_end,663.47,2,T_8c03018b,1,1,0,99.99,100,0,5310
10402,1434,round_end,906.09,3,T_8c03018b,2,1,1,100,50.95,0,5310
10403,1434,round_end,906.09,3,T_8c03018b,2,1,1,100,50.95,0,5310
10405,1434,round_end,378.45,1,T_a02bf5e9,0,0,0,0,0,221.69,5312
10406,1420,round_end,454.8,1,T_a02bf5e9,0,3,3,0,0,25.43,5313
10407,1420,round_end,891.97,2,T_5568bd9d,3,3,3,0,0,42.62,5313
10408,1432,round_end,488.35,1,T_a02bf5e9,0,0,0,0,0,111.9,5314
10409,1432,round_end,488.35,1,T_a02bf5e9,0,0,0,0,0,111.9,5315
10410,1434,round_end,454.8,1,T_a02bf5e9,0,3,3,0,0,25.43,5316
10411,1434,round_end,891.97,2,T_5568bd9d,3,3,3,0,0,42.62,5316
10414,1435,round_end,44.83,1,T_67df9af7,0,1,0,0,100,0,5318
10415,1436,round_end,320.51,1,T_8c03018b,0,1,1,99.99,100,0,5319
10416,1436,round_end,530.93,2,T_8c03018b,0,2,2,31.37,100,0,5319
10417,1436,round_end,739.78,3,T_8c03018b,1,2,0,100,12.8,0,5319
10418,1436,round_end,739.78,3,T_8c03018b,1,2,0,100,12.8,0,5319
10419,1436,round_end,181.25,1,T_8c03018b,1,0,2,100,0,0,5320
10420,1436,round_end,481.37,2,T_8c03018b,1,1,1,94.74,100,0,5320
10421,1436,round_end,710.66,3,T_8c03018b,2,1,0,100,27.09,0,5320
10422,1436,round_end,710.66,3,T_8c03018b,2,1,0,100,27.09,0,5320
10423,1436,round_end,658.97,1,T_a02bf5e9,0,0,0,0,0,0,5321
10424,1436,round_end,425.16,1,T_a02bf5e9,0,3,3,0,0,54.99,5322
10425,1436,round_end,866.91,2,T_5568bd9d,3,3,3,0,0,38.12,5322
10426,1436,round_end,788.3,5,T_a02bf5e9,5,0,1,100,78.06,0,5323
10427,1437,round_end,218.83,1,T_8c03018b,0,1,1,14.07,100,0,5324
10428,1437,round_end,557.71,2,T_8c03018b,0,2,0,99.99,100,0,5324
10429,1437,round_end,872.54,3,T_8c03018b,0,3,2,99.99,100,0,5324
10430,1437,round_end,407.74,1,T_360e64d5,0,3,3,0,0,72.39,5325
10431,1437,round_end,833.98,2,T_ecb05279,1,3,1,0,0,0,5325
10432,1437,round_end,292.62,1,T_360e64d5,0,3,3,0,0,187.47,5326
10433,1437,round_end,779.86,2,T_ecb05279,2,3,2,0,0,0,5326
10434,1437,round_end,645.88,1,T_360e64d5,0,0,0,0,0,0,5327
10435,1437,round_end,321.43,1,T_360e64d5,0,3,3,0,0,158.68,5328
10436,1437,round_end,709.29,2,T_ecb05279,3,3,3,0,0,92.17,5328
10437,1438,round_end,181.87,1,T_8c03018b,1,0,2,100,21.95,0,5329
10438,1438,round_end,474.1,2,T_8c03018b,2,0,1,100,88.59,0,5329
10439,1438,round_end,739.36,3,T_8c03018b,3,0,0,100,49.69,0,5329
10440,1438,round_end,352.03,1,T_8c03018b,1,0,2,100,99.99,0,5330
10441,1438,round_end,510.38,2,T_8c03018b,1,1,0,0,100,0,5330
10442,1438,round_end,790.63,3,T_8c03018b,1,2,1,94.07,100,0,5330
10443,1438,round_end,790.63,3,T_8c03018b,1,2,1,94.07,100,0,5330
10444,1438,round_end,614.75,1,T_a02bf5e9,0,0,0,0,0,0,5331
10445,1438,round_end,624.83,1,T_a02bf5e9,0,0,0,0,0,0,5332
10446,1438,round_end,501.05,1,T_a02bf5e9,0,2,2,0,0,0,5333
10447,1438,round_end,898.78,2,T_5568bd9d,1,3,1,0,0,0,5333
10448,1439,round_end,398.64,1,T_a02bf5e9,0,1,1,0,0,0,5334
10449,1439,round_end,830.18,2,T_5568bd9d,1,3,1,0,0,0,5334
10450,1439,round_end,466.71,1,T_a02bf5e9,0,0,0,0,0,133.48,5335
10451,1439,round_end,400.07,1,T_a02bf5e9,0,1,1,0,0,0,5336
10452,1439,round_end,657.15,2,T_5568bd9d,0,3,0,0,0,0,5336
10453,1439,round_end,781.32,6,T_a02bf5e9,4,1,3,0,0,40,5337
10454,1439,round_end,268.67,1,T_8c03018b,1,0,2,100,41.15,0,5338
10455,1439,round_end,441.06,2,T_8c03018b,1,1,1,10.93,100,0,5338
10456,1439,round_end,697.66,3,T_8c03018b,2,1,0,100,63.44,0,5338
10457,1439,round_end,697.66,3,T_8c03018b,2,1,0,100,63.44,0,5338
10458,1440,round_end,254.99,1,T_8c03018b,0,1,0,46.61,100,0,5339
10459,1440,round_end,550.59,2,T_8c03018b,1,1,2,100,99.99,0,5339
10460,1440,round_end,862.65,3,T_8c03018b,2,1,1,100,99.99,0,5339
10461,1440,round_end,862.65,3,T_8c03018b,2,1,1,100,99.99,0,5339
10462,1440,round_end,551.79,1,T_f40af949,0,0,0,0,0,48.46,5340
10463,1440,round_end,624.96,1,T_f40af949,0,0,0,0,0,0,5341
10464,1440,round_end,552.53,1,T_f40af949,0,2,2,0,0,0,5342
10465,1440,round_end,879.9,2,T_57756dd1,3,3,3,0,0,152.45,5342
10466,1440,round_end,879.9,2,T_57756dd1,3,3,3,0,0,152.45,5342
10467,1440,round_end,768.95,6,T_f40af949,2,3,0,0,0,40,5343
10468,1440,round_end,467.82,1,T_f40af949,0,3,3,0,0,12.42,5344
10469,1440,round_end,917.24,2,T_57756dd1,3,3,3,0,0,30.36,5344
10470,1441,round_end,307.57,1,T_a02bf5e9,0,3,3,0,0,172.49,5345
10471,1441,round_end,815.23,2,T_5568bd9d,2,3,2,0,0,0,5345
10472,1441,round_end,313.3,1,T_8c03018b,0,1,2,99.99,100,0,5346
10473,1441,round_end,641.27,2,T_8c03018b,0,2,0,99.99,100,0,5346
10474,1441,round_end,949.64,3,T_8c03018b,0,3,1,99.99,100,0,5346
10475,1441,round_end,943.34,6,T_a02bf5e9,1,4,1,0,0,40,5347
10476,1441,round_end,313.3,1,T_8c03018b,0,1,2,99.99,100,0,5348
10477,1441,round_end,641.27,2,T_8c03018b,0,2,0,99.99,100,0,5348
10478,1441,round_end,949.64,3,T_8c03018b,0,3,1,99.99,100,0,5348
10479,1441,round_end,313.3,1,T_8c03018b,0,1,2,99.99,100,0,5349
10480,1441,round_end,641.27,2,T_8c03018b,0,2,0,99.99,100,0,5349
10481,1441,round_end,949.64,3,T_8c03018b,0,3,1,99.99,100,0,5349
10482,1441,round_end,605.21,1,T_a02bf5e9,0,0,0,0,0,0,5350
10485,1442,round_end,240.98,1,T_8c03018b,0,1,0,47.55,100,0,5352
10486,1442,round_end,407.5,2,T_8c03018b,1,1,2,100,0,0,5352
10487,1442,round_end,599.73,3,T_8c03018b,1,2,1,0,100,0,5352
10488,1442,round_end,599.73,3,T_8c03018b,1,2,1,0,100,0,5352
10489,1442,round_end,256.05,1,T_a02bf5e9,0,0,0,0,0,0,5353
10490,1442,round_end,519.26,2,T_5568bd9d,3,3,3,0,0,216.94,5353
10491,1442,round_end,519.26,2,T_5568bd9d,3,3,3,0,0,216.94,5353
10492,1442,round_end,255.2,1,T_a02bf5e9,0,0,0,0,0,0,5354
10493,1442,round_end,756.94,2,T_5568bd9d,2,3,2,0,0,0,5354
10494,1442,round_end,636.72,5,T_a02bf5e9,5,0,2,100,0,0,5355
10495,1442,round_end,613.24,1,T_a02bf5e9,0,0,0,0,0,0,5356
10496,1442,round_end,390.13,1,T_a02bf5e9,0,1,1,0,0,0,5357
10497,1442,round_end,689.73,2,T_5568bd9d,3,3,3,0,0,180.3,5357
10498,1442,round_end,689.73,2,T_5568bd9d,3,3,3,0,0,180.3,5357
10499,1443,round_end,274.46,1,T_8c03018b,0,1,0,83.33,100,0,5358
10500,1443,round_end,569.74,2,T_8c03018b,0,2,2,99.99,100,0,5358
10501,1443,round_end,796.1,3,T_8c03018b,0,3,1,32.24,100,0,5358
10502,1443,round_end,523.39,1,T_a02bf5e9,0,2,2,0,0,0,5359
10503,1443,round_end,979.38,2,T_5568bd9d,3,3,3,0,0,23.77,5359
10504,1443,round_end,979.38,2,T_5568bd9d,3,3,3,0,0,23.77,5359
10505,1443,round_end,523.39,1,T_a02bf5e9,0,2,2,0,0,0,5360
10506,1443,round_end,979.38,2,T_5568bd9d,3,3,3,0,0,23.77,5360
10507,1443,round_end,979.38,2,T_5568bd9d,3,3,3,0,0,23.77,5360
10508,1443,round_end,488.56,1,T_a02bf5e9,0,2,2,0,0,0,5361
10509,1443,round_end,898.39,2,T_5568bd9d,1,3,1,0,0,0,5361
10510,1443,round_end,414.51,1,T_a02bf5e9,0,3,3,0,0,65.67,5362
10511,1443,round_end,899.57,2,T_5568bd9d,2,3,2,0,0,0,5362
10512,1443,round_end,687.81,1,T_a02bf5e9,0,0,0,0,0,0,5363
10513,1443,round_end,509.28,1,T_a02bf5e9,0,2,2,0,0,0,5364
10514,1443,round_end,920.25,2,T_5568bd9d,1,3,1,0,0,0,5364
10554,1445,round_end,263.48,1,T_dfa2d504,0,0,0,0,0,0,5381
10555,1445,round_end,705.6,2,T_496df5f2,3,3,3,0,0,37.8,5381
10556,1445,round_end,705.6,2,T_496df5f2,3,3,3,0,0,37.8,5381
10553,1448,round_end,252.01,1,T_356d3903,0,0,0,0,0,348.04,5380
10563,1449,round_end,941.55,6,T_7e55086c,4,1,3,0,0,39.99,5384
10564,1449,round_end,298.47,1,T_7e55086c,0,3,3,0,0,181.59,5385
10565,1449,round_end,756.21,2,T_e49a88c8,3,3,3,0,0,22.23,5385
10566,1450,round_end,333.75,1,T_8c03018b,0,1,1,99.99,100,0,5386
10567,1450,round_end,554.59,2,T_8c03018b,0,2,2,48.73,100,0,5386
10568,1450,round_end,816.74,3,T_8c03018b,0,3,0,71.93,100,0,5386
10572,1450,round_end,431.96,1,T_9998ee2f,0,3,3,0,0,48.23,5389
10573,1450,round_end,821.87,2,T_e49a88c8,1,3,1,0,0,0,5389
10574,1450,round_end,664.3,1,T_9998ee2f,0,0,0,0,0,0,5390
10575,1450,round_end,247.56,1,T_8c03018b,0,1,1,72.49,100,0,5391
10576,1450,round_end,468.82,2,T_8c03018b,1,1,0,100,14.39,0,5391
10577,1450,round_end,704.84,3,T_8c03018b,2,1,2,100,57.67,0,5391
10578,1450,round_end,704.84,3,T_8c03018b,2,1,2,100,57.67,0,5391
10579,1451,round_end,340.87,1,T_8c03018b,0,1,0,99.99,100,0,5392
10580,1451,round_end,633.63,2,T_8c03018b,1,1,1,100,94.92,0,5392
10581,1451,round_end,812.36,3,T_8c03018b,1,2,2,0,100,0,5392
10582,1451,round_end,812.36,3,T_8c03018b,1,2,2,0,100,0,5392
10583,1451,round_end,444.85,1,T_a02bf5e9,0,0,0,0,0,155.32,5393
10584,1451,round_end,513.84,1,T_a02bf5e9,0,3,3,0,0,0,5394
10585,1451,round_end,1025.5,2,T_1699ed97,3,3,3,0,0,0,5394
10587,1451,round_end,532.87,1,T_a02bf5e9,0,3,3,0,0,0,5396
10588,1451,round_end,1019,2,T_1699ed97,2,3,2,0,0,0,5396
10589,1451,round_end,845.55,6,T_a02bf5e9,2,3,0,0,0,40,5397
10590,1452,round_end,308.62,1,T_8c03018b,0,1,0,95.85,100,0,5398
10591,1452,round_end,540.55,2,T_8c03018b,0,2,2,58.69,100,0,5398
10592,1452,round_end,822.94,3,T_8c03018b,1,2,1,100,75.52,0,5398
10593,1452,round_end,822.94,3,T_8c03018b,1,2,1,100,75.52,0,5398
10594,1452,round_end,462.23,1,T_a02bf5e9,0,3,3,0,0,17.99,5399
10595,1452,round_end,990.81,2,T_5568bd9d,3,3,3,0,0,0,5399
10596,1452,round_end,871.95,6,T_a02bf5e9,1,4,1,0,0,40,5400
10597,1452,round_end,395.14,1,T_a02bf5e9,0,1,1,0,0,0,5401
10598,1452,round_end,778.96,2,T_5568bd9d,3,3,3,0,0,96.06,5401
10599,1452,round_end,778.96,2,T_5568bd9d,3,3,3,0,0,96.06,5401
10600,1452,round_end,600.2,1,T_a02bf5e9,0,0,0,0,0,0,5402
10601,1452,round_end,312.75,1,T_a02bf5e9,0,3,3,0,0,167.36,5403
10602,1452,round_end,763.35,2,T_5568bd9d,1,3,1,0,0,0,5403
10606,1453,round_end,193.2,1,T_8c03018b,1,0,0,100,29,0,5405
10607,1453,round_end,478.41,2,T_8c03018b,1,1,1,85.45,100,0,5405
10608,1453,round_end,636.27,3,T_8c03018b,2,1,2,100,0,0,5405
10609,1453,round_end,636.27,3,T_8c03018b,2,1,2,100,0,0,5405
10610,1453,round_end,480.22,1,T_a02bf5e9,0,2,2,0,0,0,5406
10611,1453,round_end,974.68,2,T_1699ed97,3,3,3,0,0,11.82,5406
10612,1453,round_end,974.68,2,T_1699ed97,3,3,3,0,0,11.82,5406
10613,1453,round_end,370.2,1,T_a02bf5e9,0,3,3,0,0,109.94,5407
10614,1453,round_end,650.49,2,T_1699ed97,3,3,3,0,0,199.7,5407
10615,1453,round_end,664.41,6,T_a02bf5e9,2,3,0,0,0,40,5408
10616,1453,round_end,637.9,1,T_a02bf5e9,0,0,0,0,0,0,5409
10617,1453,round_end,386.25,1,T_a02bf5e9,0,3,3,0,0,93.91,5410
10618,1453,round_end,638.85,2,T_1699ed97,0,3,0,0,0,0,5410
10619,1454,round_end,208.19,1,T_8c03018b,1,0,1,100,0,0,5411
10620,1454,round_end,431.17,2,T_8c03018b,1,1,2,34.13,100,0,5411
10621,1454,round_end,675.83,3,T_8c03018b,2,1,0,100,62.72,0,5411
10622,1454,round_end,675.83,3,T_8c03018b,2,1,0,100,62.72,0,5411
10623,1455,round_end,246.17,1,T_8c03018b,0,1,1,41.63,100,0,5412
10624,1455,round_end,525.7,2,T_8c03018b,1,1,0,100,77.49,0,5412
10625,1455,round_end,803.5,3,T_8c03018b,2,1,2,100,84.43,0,5412
10626,1455,round_end,803.5,3,T_8c03018b,2,1,2,100,84.43,0,5412
10627,1455,round_end,506.27,1,T_a02bf5e9,0,2,2,0,0,0,5413
10628,1455,round_end,943.39,2,T_5568bd9d,3,3,3,0,0,42.65,5413
10629,1455,round_end,943.39,2,T_5568bd9d,3,3,3,0,0,42.65,5413
10632,1455,round_end,955.27,6,T_a02bf5e9,1,4,1,0,0,40,5416
10635,1456,round_end,65.65,1,T_a02bf5e9,0,0,0,0,0,534.35,5419
10636,1457,round_end,150.77,1,T_73334c8f,0,0,0,0,0,449.24,5420
10637,1455,round_end,423.76,1,T_a02bf5e9,0,3,3,0,0,56.44,5421
10638,1455,round_end,946.44,2,T_5568bd9d,3,3,3,0,0,0,5421
10639,1458,round_end,194.4,1,T_8c03018b,0,1,0,0,100,0,5422
10640,1458,round_end,472.15,2,T_8c03018b,1,1,1,100,65.32,0,5422
10641,1458,round_end,634.57,3,T_8c03018b,2,1,2,100,0,0,5422
10642,1458,round_end,634.57,3,T_8c03018b,2,1,2,100,0,0,5422
10643,1458,round_end,501.69,1,T_a02bf5e9,0,2,2,0,0,0,5423
10644,1458,round_end,1013.74,2,T_5568bd9d,1,3,1,0,0,0,5423
10645,1458,round_end,537.44,1,T_a02bf5e9,0,3,3,0,0,0,5424
10646,1458,round_end,961.22,2,T_5568bd9d,3,3,3,0,0,55.98,5424
10647,1458,round_end,585.32,1,T_a02bf5e9,0,0,0,0,0,14.88,5425
10648,1458,round_end,1013.99,6,T_a02bf5e9,2,3,1,0,0,40,5426
10649,1459,round_end,322.5,1,T_8c03018b,0,1,1,99.99,100,0,5427
10650,1459,round_end,522.15,2,T_8c03018b,0,2,0,0,100,0,5427
10651,1459,round_end,844.52,3,T_8c03018b,0,3,2,99.99,100,0,5427
10652,1459,round_end,525.2,1,T_a02bf5e9,0,2,2,0,0,0,5428
10653,1459,round_end,873.2,2,T_5568bd9d,3,3,3,0,0,131.81,5428
10654,1459,round_end,873.2,2,T_5568bd9d,3,3,3,0,0,131.81,5428
10657,1459,round_end,409.68,1,T_a02bf5e9,0,1,1,0,0,0,5431
10658,1459,round_end,685.37,2,T_5568bd9d,3,3,3,0,0,204.29,5431
10659,1459,round_end,685.37,2,T_5568bd9d,3,3,3,0,0,204.29,5431
7588,1010,round_end,240.04,1,T_4994897b,0,0,0,0,0,0,
7589,1010,round_end,474.15,2,T_3238eb96,3,3,3,0,0,246.06,
7590,1010,round_end,474.15,2,T_3238eb96,3,3,3,0,0,246.06,
10663,1461,round_end,322.5,1,T_8c03018b,0,1,1,99.99,100,0,5433
10664,1461,round_end,522.15,2,T_8c03018b,0,2,0,0,100,0,5433
10665,1461,round_end,844.52,3,T_8c03018b,0,3,2,99.99,100,0,5433
10666,1461,round_end,525.2,1,T_a02bf5e9,0,2,2,0,0,0,5434
10667,1461,round_end,873.2,2,T_5568bd9d,3,3,3,0,0,131.81,5434
10668,1461,round_end,873.2,2,T_5568bd9d,3,3,3,0,0,131.81,5434
10669,1461,round_end,387.78,1,T_a02bf5e9,0,0,0,0,0,212.31,5435
10671,1461,round_end,409.68,1,T_a02bf5e9,0,1,1,0,0,0,5437
10672,1461,round_end,685.37,2,T_5568bd9d,3,3,3,0,0,204.29,5437
10673,1461,round_end,685.37,2,T_5568bd9d,3,3,3,0,0,204.29,5437
10674,1461,round_end,1014.84,6,T_a02bf5e9,3,2,0,0,0,40,5438
10675,1462,round_end,254.03,1,T_8c03018b,0,1,0,38.03,100,0,5439
10676,1462,round_end,484.27,2,T_8c03018b,0,2,1,61.96,100,0,5439
10677,1462,round_end,761.17,3,T_8c03018b,0,3,2,86.6,100,0,5439
10678,1462,round_end,514.85,1,T_a02bf5e9,0,2,2,0,0,0,5440
10679,1462,round_end,1018.51,2,T_5568bd9d,3,3,3,0,0,0,5440
10680,1462,round_end,1018.51,2,T_5568bd9d,3,3,3,0,0,0,5440
10682,1462,round_end,245.05,1,T_a02bf5e9,0,0,0,0,0,0,5442
10683,1462,round_end,681.84,2,T_5568bd9d,3,3,3,0,0,43.35,5442
10684,1462,round_end,681.84,2,T_5568bd9d,3,3,3,0,0,43.35,5442
10685,1462,round_end,683.08,1,T_a02bf5e9,0,0,0,0,0,0,5443
10686,1462,round_end,207.64,1,T_8c03018b,0,1,1,37.29,100,0,5444
10687,1462,round_end,575.71,2,T_8c03018b,1,1,0,100,99.99,0,5444
10688,1462,round_end,897.89,3,T_8c03018b,1,2,2,99.99,100,0,5444
10689,1462,round_end,897.89,3,T_8c03018b,1,2,2,99.99,100,0,5444
10690,1462,round_end,850.86,6,T_a02bf5e9,4,1,1,0,0,39.99,5445
10694,1464,round_end,247.48,1,T_8c03018b,1,0,0,100,51.07,0,5447
10695,1464,round_end,406.06,2,T_8c03018b,2,0,2,100,0,0,5447
10696,1464,round_end,641.24,3,T_8c03018b,3,0,1,100,52.64,0,5447
10700,1464,round_end,255.65,1,T_f8574642,0,0,0,0,0,0,5449
10701,1464,round_end,654.22,2,T_d6f0c499,3,3,3,0,0,81.39,5449
10702,1464,round_end,654.22,2,T_d6f0c499,3,3,3,0,0,81.39,5449
10703,1464,round_end,281.06,1,T_7611e5d7,0,0,0,0,0,0,5450
10704,1464,round_end,581.28,2,T_b55b70a5,3,3,3,0,0,179.88,5450
10705,1464,round_end,581.28,2,T_b55b70a5,3,3,3,0,0,179.88,5450
10706,1464,round_end,397.35,1,T_7611e5d7,0,0,0,0,0,202.79,5451
10707,1464,round_end,827.17,5,T_7611e5d7,5,0,1,100,69.69,0,5452
10708,1465,round_end,282.81,1,T_8c03018b,1,0,2,100,83.99,0,5453
10709,1465,round_end,577.79,2,T_8c03018b,1,1,1,89.51,100,0,5453
10710,1465,round_end,865.26,3,T_8c03018b,2,1,0,100,83.41,0,5453
10711,1465,round_end,865.26,3,T_8c03018b,2,1,0,100,83.41,0,5453
10712,1465,round_end,416.97,1,T_a02bf5e9,0,1,1,0,0,0,5454
10713,1465,round_end,715.66,2,T_5568bd9d,3,3,3,0,0,181.18,5454
10714,1465,round_end,715.66,2,T_5568bd9d,3,3,3,0,0,181.18,5454
10715,1466,round_end,452.58,1,T_a02bf5e9,0,3,3,0,0,27.63,5455
10716,1466,round_end,818.12,2,T_5568bd9d,3,3,3,0,0,114.34,5455
10717,1465,round_end,475.81,1,T_a02bf5e9,0,3,3,0,0,4.44,5456
10718,1465,round_end,854.93,2,T_5568bd9d,3,3,3,0,0,100.7,5456
10719,1465,round_end,904.42,5,T_a02bf5e9,5,0,4,100,20.84,0,5457
10723,1466,round_end,622.61,1,T_a02bf5e9,0,0,0,0,0,0,5460
10724,1466,round_end,789.77,6,T_a02bf5e9,3,2,2,0,0,40,5461
10725,1466,round_end,218.61,1,T_8c03018b,1,0,0,100,34.29,0,5462
10726,1466,round_end,396.92,2,T_8c03018b,2,0,2,100,0,0,5462
10727,1466,round_end,612.85,3,T_8c03018b,3,0,1,100,43.64,0,5462
10731,1467,round_end,253.85,1,T_a02bf5e9,0,0,0,0,0,0,5464
10732,1467,round_end,568.72,2,T_5568bd9d,3,3,3,0,0,165.27,5464
10733,1467,round_end,568.72,2,T_5568bd9d,3,3,3,0,0,165.27,5464
10734,1467,round_end,768.93,5,T_a02bf5e9,5,0,3,100,28.5,0,5465
10735,1473,round_end,301.46,1,T_8c03018b,1,0,1,100,99.99,0,5466
10736,1473,round_end,573.18,2,T_8c03018b,2,0,2,100,43.45,0,5466
10737,1473,round_end,877.97,3,T_8c03018b,2,1,0,99.99,100,0,5466
10738,1473,round_end,877.97,3,T_8c03018b,2,1,0,99.99,100,0,5466
10749,1473,round_end,402.83,1,T_a02bf5e9,0,1,1,0,0,0,5470
10750,1473,round_end,746.09,2,T_5568bd9d,3,3,3,0,0,136.66,5470
10751,1473,round_end,746.09,2,T_5568bd9d,3,3,3,0,0,136.66,5470
10752,1473,round_end,480.18,1,T_a02bf5e9,0,2,2,0,0,0,5471
10753,1473,round_end,959.93,2,T_5568bd9d,2,3,2,0,0,0,5471
10754,1473,round_end,992.53,6,T_a02bf5e9,2,3,2,0,0,40,5472
10764,1473,round_end,602.37,1,T_a02bf5e9,0,0,0,0,0,0,5482
10765,1474,round_end,332.91,1,T_8c03018b,1,0,0,100,99.99,0,5483
10766,1474,round_end,628.41,2,T_8c03018b,2,0,1,100,93,0,5483
10767,1474,round_end,929.83,3,T_8c03018b,2,1,2,97.53,100,0,5483
10768,1474,round_end,929.83,3,T_8c03018b,2,1,2,97.53,100,0,5483
10769,1474,round_end,369.64,1,T_a02bf5e9,0,3,3,0,0,110.47,5484
10770,1474,round_end,719.7,2,T_5568bd9d,3,3,3,0,0,129.88,5484
10771,1474,round_end,321.78,1,T_a02bf5e9,0,3,3,0,0,158.33,5485
10772,1474,round_end,801.76,2,T_5568bd9d,2,3,2,0,0,0,5485
10773,1474,round_end,840.39,6,T_a02bf5e9,2,3,0,0,0,40,5486
10774,1474,round_end,416.48,1,T_a02bf5e9,0,0,0,0,0,183.7,5487
10775,1475,round_end,343.92,1,T_8c03018b,0,1,0,99.99,100,0,5488
10776,1475,round_end,585.83,2,T_8c03018b,1,1,1,100,45.28,0,5488
10777,1475,round_end,761.43,3,T_8c03018b,1,2,2,0,100,0,5488
10778,1475,round_end,761.43,3,T_8c03018b,1,2,2,0,100,0,5488
10779,1475,round_end,264.27,1,T_a02bf5e9,0,0,0,0,0,0,5489
10780,1475,round_end,762.6,2,T_5568bd9d,3,3,3,0,0,0,5489
10781,1475,round_end,762.6,2,T_5568bd9d,3,3,3,0,0,0,5489
10782,1475,round_end,486.4,1,T_a02bf5e9,0,3,3,0,0,0,5490
10783,1475,round_end,855.12,2,T_5568bd9d,3,3,3,0,0,111.1,5490
10784,1475,round_end,403.99,1,T_a02bf5e9,0,0,0,0,0,196.18,5491
10785,1475,round_end,720.91,6,T_a02bf5e9,1,4,0,0,0,40,5492
10786,1475,round_end,422.82,1,T_a02bf5e9,0,3,3,0,0,57.35,5493
10787,1475,round_end,852.07,2,T_5568bd9d,3,3,3,0,0,50.63,5493
10788,1476,round_end,224.82,1,T_8c03018b,1,0,1,100,32.4,0,5494
10789,1476,round_end,520.04,2,T_8c03018b,1,1,2,84.01,100,0,5494
10790,1476,round_end,686.55,3,T_8c03018b,2,1,0,100,0,0,5494
10791,1476,round_end,686.55,3,T_8c03018b,2,1,0,100,0,0,5494
10792,1476,round_end,792.16,6,T_a02bf5e9,4,1,0,0,0,40,5495
10793,1476,round_end,840.77,6,T_a02bf5e9,3,2,3,0,0,40,5496
10797,1477,round_end,247.39,1,T_8c03018b,0,1,2,49.15,100,0,5498
10798,1477,round_end,535.52,2,T_8c03018b,1,1,1,100,99.99,0,5498
10799,1477,round_end,834.03,3,T_8c03018b,1,2,0,99.99,100,0,5498
10800,1477,round_end,834.03,3,T_8c03018b,1,2,0,99.99,100,0,5498
10801,1478,round_end,247.39,1,T_8c03018b,0,1,2,49.15,100,0,5499
10802,1478,round_end,535.52,2,T_8c03018b,1,1,1,100,99.99,0,5499
10803,1478,round_end,834.03,3,T_8c03018b,1,2,0,99.99,100,0,5499
10804,1478,round_end,834.03,3,T_8c03018b,1,2,0,99.99,100,0,5499
10805,1479,round_end,268.43,1,T_a02bf5e9,0,3,3,0,0,211.64,5500
10806,1479,round_end,681.67,2,T_1699ed97,1,3,1,0,0,0,5500
10807,1479,round_end,600.16,1,T_a02bf5e9,0,0,0,0,0,0,5501
10808,1479,round_end,329.99,1,T_a02bf5e9,0,3,3,0,0,150.1,5502
10809,1479,round_end,609.8,2,T_1699ed97,0,3,0,0,0,0,5502
10810,1479,round_end,247.39,1,T_8c03018b,0,1,2,49.15,100,0,5503
10811,1479,round_end,535.52,2,T_8c03018b,1,1,1,100,99.99,0,5503
10812,1479,round_end,834.03,3,T_8c03018b,1,2,0,99.99,100,0,5503
10813,1479,round_end,834.03,3,T_8c03018b,1,2,0,99.99,100,0,5503
10814,1476,round_end,673.96,1,T_a02bf5e9,0,0,0,0,0,0,5504
10815,1476,round_end,260.19,1,T_a02bf5e9,0,0,0,0,0,0,5505
10816,1476,round_end,666.2,2,T_5568bd9d,1,3,1,0,0,0,5505
10820,1481,round_end,262.35,1,T_8c03018b,1,0,2,100,43.47,0,5507
10821,1481,round_end,531.53,2,T_8c03018b,2,0,0,100,86.08,0,5507
10822,1481,round_end,693.21,3,T_8c03018b,3,0,1,100,0,0,5507
10823,1481,round_end,501.13,1,T_a02bf5e9,0,2,2,0,0,0,5508
10824,1481,round_end,927.94,2,T_5568bd9d,1,3,1,0,0,0,5508
10825,1481,round_end,737.15,6,T_a02bf5e9,4,1,0,0,0,39.99,5509
10826,1481,round_end,248.36,1,T_a02bf5e9,0,0,0,0,0,0,5510
10827,1481,round_end,779.15,2,T_5568bd9d,2,3,2,0,0,0,5510
10828,1481,round_end,612.69,1,T_a02bf5e9,0,0,0,0,0,0,5511
10829,1481,round_end,255.95,1,T_8c03018b,0,1,0,75.59,100,0,5512
10830,1481,round_end,566.51,2,T_8c03018b,1,1,1,100,99.99,0,5512
10831,1481,round_end,814.51,3,T_8c03018b,2,1,2,100,66.35,0,5512
10832,1481,round_end,814.51,3,T_8c03018b,2,1,2,100,66.35,0,5512
10833,1481,round_end,248.36,1,T_a02bf5e9,0,0,0,0,0,0,5513
10834,1481,round_end,779.15,2,T_5568bd9d,2,3,2,0,0,0,5513
10837,1485,round_end,503.48,1,T_a02bf5e9,0,2,2,0,0,0,5516
10838,1485,round_end,751.94,2,T_5568bd9d,0,3,0,0,0,0,5516
10842,1485,round_end,214.17,1,T_8c03018b,0,1,1,24.08,100,0,5519
10843,1485,round_end,375.56,2,T_8c03018b,0,2,0,0,100,0,5519
10844,1485,round_end,631.91,3,T_8c03018b,0,3,2,53.64,100,0,5519
10845,1485,round_end,644.77,1,T_a02bf5e9,0,0,0,0,0,0,5520
10846,1486,round_end,233.14,1,T_8c03018b,1,0,2,100,56.28,0,5521
10847,1486,round_end,562.7,2,T_8c03018b,2,0,0,100,99.99,0,5521
10848,1486,round_end,831.56,3,T_8c03018b,2,1,1,79.48,100,0,5521
10849,1486,round_end,831.56,3,T_8c03018b,2,1,1,79.48,100,0,5521
10850,1486,round_end,421.23,1,T_a02bf5e9,0,1,1,0,0,0,5522
10851,1486,round_end,818.75,2,T_5568bd9d,1,3,1,0,0,0,5522
10852,1486,round_end,859.63,6,T_a02bf5e9,2,3,0,0,0,40,5523
10853,1486,round_end,279.95,1,T_a02bf5e9,0,3,3,0,0,200.11,5524
10854,1486,round_end,758.64,2,T_5568bd9d,3,3,3,0,0,1.25,5524
10855,1486,round_end,614.72,1,T_a02bf5e9,0,0,0,0,0,0,5525
10856,1486,round_end,322.62,1,T_8c03018b,0,1,2,99.99,100,0,5526
10857,1486,round_end,480.68,2,T_8c03018b,0,2,0,0,100,0,5526
10858,1486,round_end,773.36,3,T_8c03018b,1,2,1,100,81.75,0,5526
10859,1486,round_end,773.36,3,T_8c03018b,1,2,1,100,81.75,0,5526
10861,1487,round_end,258.28,1,T_8c03018b,1,0,0,100,78.35,0,5528
10862,1487,round_end,430.7,2,T_8c03018b,2,0,2,100,0,0,5528
10863,1487,round_end,684.77,3,T_8c03018b,3,0,1,100,42.73,0,5528
10864,1487,round_end,390.17,1,T_a02bf5e9,0,1,1,0,0,0,5529
10865,1487,round_end,750.78,2,T_5568bd9d,3,3,3,0,0,119.27,5529
10866,1487,round_end,750.78,2,T_5568bd9d,3,3,3,0,0,119.27,5529
10867,1487,round_end,975.47,6,T_a02bf5e9,2,3,0,0,0,40,5530
10868,1487,round_end,630.73,1,T_a02bf5e9,0,0,0,0,0,0,5531
10869,1487,round_end,261.88,1,T_a02bf5e9,0,0,0,0,0,0,5532
10870,1487,round_end,595.09,2,T_5568bd9d,3,3,3,0,0,146.89,5532
10871,1487,round_end,595.09,2,T_5568bd9d,3,3,3,0,0,146.89,5532
10872,1488,round_end,211.72,1,T_8c03018b,1,0,2,100,44,0,5533
10873,1488,round_end,481.95,2,T_8c03018b,1,1,0,76.01,100,0,5533
10874,1488,round_end,713.31,3,T_8c03018b,2,1,1,100,29.27,0,5533
10875,1488,round_end,713.31,3,T_8c03018b,2,1,1,100,29.27,0,5533
10879,1490,round_end,411.7,1,T_a02bf5e9,0,1,1,0,0,0,5535
10880,1490,round_end,757.51,2,T_5568bd9d,3,3,3,0,0,134.07,5535
10881,1490,round_end,757.51,2,T_5568bd9d,3,3,3,0,0,134.07,5535
10882,1490,round_end,795.96,6,T_a02bf5e9,3,2,0,0,0,40,5536
10883,1490,round_end,240.04,1,T_a02bf5e9,0,0,0,0,0,0,5537
10884,1490,round_end,601.18,2,T_5568bd9d,3,3,3,0,0,119.06,5537
10885,1490,round_end,601.18,2,T_5568bd9d,3,3,3,0,0,119.06,5537
10889,1490,round_end,600.95,1,T_a02bf5e9,0,0,0,0,0,0,5539
10886,1490,round_end,211.43,1,T_8c03018b,1,0,0,100,18.12,0,5538
10887,1490,round_end,527.8,2,T_8c03018b,2,0,1,100,98.8,0,5538
10888,1490,round_end,706.87,3,T_8c03018b,3,0,2,100,0,0,5538
10894,1492,round_end,304.53,1,T_8c03018b,1,0,1,100,99.99,0,5541
10895,1492,round_end,566.89,2,T_8c03018b,1,1,2,72.53,100,0,5541
10896,1492,round_end,852.19,3,T_8c03018b,1,2,0,99.99,100,0,5541
10897,1492,round_end,852.19,3,T_8c03018b,1,2,0,99.99,100,0,5541
10898,1492,round_end,489.29,1,T_a02bf5e9,0,2,2,0,0,0,5542
10899,1492,round_end,879.08,2,T_5568bd9d,1,3,1,0,0,0,5542
10900,1492,round_end,510.64,1,T_a02bf5e9,0,2,2,0,0,0,5543
10901,1492,round_end,267.52,1,T_a02bf5e9,0,3,3,0,0,212.53,5544
10902,1492,round_end,653.59,5,T_a02bf5e9,5,0,2,100,21.67,0,5545
10904,1493,round_end,207.1,1,T_8c03018b,1,0,0,100,26.89,0,5547
10905,1493,round_end,557.49,2,T_8c03018b,1,1,2,99.99,100,0,5547
10906,1493,round_end,750.23,3,T_8c03018b,2,1,1,100,0,0,5547
10907,1493,round_end,750.23,3,T_8c03018b,2,1,1,100,0,0,5547
10908,1493,round_end,424.96,1,T_a02bf5e9,0,1,1,0,0,0,5548
10909,1493,round_end,725.14,2,T_5568bd9d,3,3,3,0,0,179.72,5548
10910,1493,round_end,725.14,2,T_5568bd9d,3,3,3,0,0,179.72,5548
10911,1493,round_end,257.55,1,T_a02bf5e9,0,0,0,0,0,0,5549
10912,1493,round_end,632.06,2,T_5568bd9d,3,3,3,0,0,105.54,5549
10913,1493,round_end,632.06,2,T_5568bd9d,3,3,3,0,0,105.54,5549
10914,1493,round_end,675.75,1,T_a02bf5e9,0,0,0,0,0,0,5550
10915,1493,round_end,905.55,6,T_a02bf5e9,1,4,0,0,0,40,5551
10916,1493,round_end,257.55,1,T_a02bf5e9,0,0,0,0,0,0,5552
10917,1493,round_end,632.06,2,T_5568bd9d,3,3,3,0,0,105.54,5552
10918,1493,round_end,632.06,2,T_5568bd9d,3,3,3,0,0,105.54,5552
7654,1022,round_end,451.1,1,T_a02bf5e9,0,0,0,0,0,149.1,
7660,1022,round_end,545.94,2,T_8c03018b,0,2,0,82.73,100,0,
7661,1022,round_end,811.57,3,T_8c03018b,1,2,1,100,67.77,0,
7662,1022,round_end,811.57,3,T_8c03018b,1,2,1,100,67.77,0,
7639,1014,round_end,1121.26,4,T_5568bd9d,3,4,0,0,0,0,
10923,1496,round_end,505.38,1,T_a02bf5e9,0,0,0,0,0,94.82,5554
10924,1496,round_end,502.98,1,T_a02bf5e9,0,2,2,0,0,0,5555
10925,1496,round_end,862.58,2,T_5568bd9d,3,3,3,0,0,120.21,5555
10926,1496,round_end,862.58,2,T_5568bd9d,3,3,3,0,0,120.21,5555
10927,1496,round_end,258.19,1,T_8c03018b,0,1,1,51.55,100,0,5556
10928,1496,round_end,465.77,2,T_8c03018b,1,1,0,100,0,0,5556
10929,1496,round_end,830.11,3,T_8c03018b,2,1,2,100,99.99,0,5556
10930,1496,round_end,830.11,3,T_8c03018b,2,1,2,100,99.99,0,5556
10931,1496,round_end,480.21,1,T_a02bf5e9,0,2,2,0,0,0,5557
10932,1496,round_end,731.72,2,T_5568bd9d,3,3,3,0,0,228.39,5557
10933,1496,round_end,731.72,2,T_5568bd9d,3,3,3,0,0,228.39,5557
10934,1498,round_end,305.07,1,T_8c03018b,1,0,2,100,99.99,0,5558
10935,1498,round_end,527.61,2,T_8c03018b,1,1,1,47.36,100,0,5558
10936,1498,round_end,795.83,3,T_8c03018b,1,2,0,79.24,100,0,5558
10937,1498,round_end,795.83,3,T_8c03018b,1,2,0,79.24,100,0,5558
10938,1498,round_end,418.45,1,T_a02bf5e9,0,1,1,0,0,0,5559
10939,1498,round_end,959.95,2,T_5568bd9d,2,3,2,0,0,0,5559
10940,1498,round_end,783.45,6,T_a02bf5e9,1,4,0,0,0,40,5560
10941,1498,round_end,498.89,1,T_a02bf5e9,0,2,2,0,0,0,5561
10942,1498,round_end,888.69,2,T_5568bd9d,1,3,1,0,0,0,5561
10943,1498,round_end,696.79,1,T_a02bf5e9,0,0,0,0,0,0,5562
10944,1498,round_end,234.66,1,T_8c03018b,0,1,0,40.49,100,0,5563
10945,1498,round_end,570.39,2,T_8c03018b,0,2,1,99.99,100,0,5563
10946,1498,round_end,800.45,3,T_8c03018b,0,3,2,61.69,100,0,5563
10953,1499,round_end,967.81,6,T_a02bf5e9,1,4,0,0,0,40,5567
10954,1499,round_end,499.44,1,T_a02bf5e9,0,3,3,0,0,0,5568
10955,1499,round_end,889.23,2,T_5568bd9d,1,3,1,0,0,0,5568
10957,1500,round_end,268.35,1,T_8c03018b,0,1,1,68.05,100,0,5570
10958,1500,round_end,520.59,2,T_8c03018b,0,2,2,60.51,100,0,5570
10959,1500,round_end,718.69,3,T_8c03018b,0,3,0,7.88,100,0,5570
10960,1500,round_end,481.79,1,T_a02bf5e9,0,3,3,0,0,0,5571
10961,1500,round_end,759.78,2,T_5568bd9d,3,3,3,0,0,201.88,5571
10962,1500,round_end,591.19,1,T_a02bf5e9,0,2,2,0,0,0,5572
10963,1500,round_end,1041.46,2,T_5568bd9d,3,3,3,0,0,29.5,5572
10964,1500,round_end,1041.46,2,T_5568bd9d,3,3,3,0,0,29.5,5572
10965,1500,round_end,600.18,1,T_a02bf5e9,0,0,0,0,0,0,5573
10967,1500,round_end,181.68,1,T_8c03018b,0,1,1,0,100,0,5575
10968,1500,round_end,351.66,2,T_8c03018b,0,2,0,0,100,0,5575
10969,1500,round_end,622.53,3,T_8c03018b,1,2,2,100,93.31,0,5575
10970,1500,round_end,622.53,3,T_8c03018b,1,2,2,100,93.31,0,5575
10971,1501,round_end,705.68,1,T_a02bf5e9,0,0,0,0,0,0,5576
10975,1501,round_end,412.19,1,T_a02bf5e9,0,1,1,0,0,0,5578
10976,1501,round_end,670.95,2,T_5568bd9d,3,3,3,0,0,221.22,5578
10977,1501,round_end,670.95,2,T_5568bd9d,3,3,3,0,0,221.22,5578
10978,1501,round_end,825.36,5,T_a02bf5e9,5,0,1,100,0,0,5579
10979,1501,round_end,288.73,1,T_8c03018b,0,1,2,89.36,100,0,5580
10980,1501,round_end,585.16,2,T_8c03018b,0,2,0,99.99,100,0,5580
10981,1501,round_end,829.93,3,T_8c03018b,1,2,1,100,75.39,0,5580
10982,1501,round_end,829.93,3,T_8c03018b,1,2,1,100,75.39,0,5580
10983,1501,round_end,248.78,1,T_a02bf5e9,0,0,0,0,0,0,5581
10984,1501,round_end,562.6,2,T_5568bd9d,3,3,3,0,0,166.29,5581
10985,1501,round_end,562.6,2,T_5568bd9d,3,3,3,0,0,166.29,5581
10992,1502,round_end,485.19,1,T_a02bf5e9,0,2,2,0,0,0,5585
10993,1502,round_end,756.73,2,T_1699ed97,0,3,0,0,0,0,5585
10994,1502,round_end,625.64,1,T_a02bf5e9,0,0,0,0,0,0,5586
10995,1503,round_end,236.93,1,T_8c03018b,0,1,2,45.39,100,0,5587
10996,1503,round_end,509.96,2,T_8c03018b,0,2,0,70.67,100,0,5587
10997,1503,round_end,821.96,3,T_8c03018b,0,3,1,99.99,100,0,5587
10998,1503,round_end,503.19,1,T_e92a712e,0,3,3,0,0,0,5588
10999,1503,round_end,963.46,2,T_915af013,3,3,3,0,0,19.46,5588
11000,1503,round_end,424.92,1,T_e92a712e,0,3,3,0,0,55.27,5589
11001,1503,round_end,881.6,2,T_915af013,1,3,1,0,0,0,5589
11002,1503,round_end,424.92,1,T_e92a712e,0,3,3,0,0,55.27,5590
11003,1503,round_end,881.6,2,T_915af013,1,3,1,0,0,0,5590
11004,1503,round_end,862.7,6,T_e92a712e,1,4,0,0,0,40,5591
11005,1503,round_end,862.7,6,T_e92a712e,1,4,0,0,0,40,5592
11006,1504,round_end,377.27,1,T_8c03018b,0,1,1,99.99,100,0,5593
11007,1504,round_end,674.3,2,T_8c03018b,1,1,0,100,88.05,0,5593
11008,1504,round_end,951.38,3,T_8c03018b,1,2,2,64.72,100,0,5593
11009,1504,round_end,951.38,3,T_8c03018b,1,2,2,64.72,100,0,5593
11010,1504,round_end,425.91,1,T_a02bf5e9,0,1,1,0,0,0,5594
11011,1504,round_end,693.58,2,T_5568bd9d,0,3,0,0,0,0,5594
11014,1504,round_end,418.68,1,T_a02bf5e9,0,3,3,0,0,61.45,5596
11015,1504,round_end,868.92,2,T_5568bd9d,1,3,1,0,0,0,5596
11016,1504,round_end,618.72,1,T_a02bf5e9,0,0,0,0,0,0,5597
11017,1504,round_end,777.45,6,T_a02bf5e9,3,2,1,0,0,40,5598
11018,1504,round_end,777.45,6,T_a02bf5e9,3,2,1,0,0,40,5599
11019,1504,round_end,777.45,6,T_a02bf5e9,3,2,1,0,0,40,5600
11020,1504,round_end,497.83,1,T_a02bf5e9,0,2,2,0,0,0,5601
11021,1504,round_end,1001.37,2,T_5568bd9d,3,3,3,0,0,0,5601
11022,1504,round_end,1001.37,2,T_5568bd9d,3,3,3,0,0,0,5601
11023,1504,round_end,777.45,6,T_a02bf5e9,3,2,1,0,0,40,5602
11024,1504,round_end,777.45,6,T_a02bf5e9,3,2,1,0,0,40,5603
11040,1506,round_end,183.86,1,T_8c03018b,1,0,2,100,0,0,5612
11041,1506,round_end,490.18,2,T_8c03018b,2,0,1,100,84,0,5612
11042,1506,round_end,810.37,3,T_8c03018b,2,1,0,99.99,100,0,5612
11043,1506,round_end,810.37,3,T_8c03018b,2,1,0,99.99,100,0,5612
11044,1506,round_end,518.64,1,T_a02bf5e9,0,2,2,0,0,0,5613
11045,1506,round_end,922.31,2,T_5568bd9d,1,3,1,0,0,0,5613
11046,1506,round_end,954.21,6,T_a02bf5e9,4,1,2,0,0,40,5614
11047,1506,round_end,493.21,1,T_a02bf5e9,0,3,3,0,0,0,5615
11048,1506,round_end,926.66,2,T_5568bd9d,3,3,3,0,0,46.34,5615
11049,1506,round_end,605.22,1,T_a02bf5e9,0,0,0,0,0,0,5616
11054,1503,round_end,424.92,1,T_e92a712e,0,3,3,0,0,55.27,5620
11055,1503,round_end,881.6,2,T_915af013,1,3,1,0,0,0,5620
11056,1507,round_end,263.15,1,T_8c03018b,0,1,1,83.55,100,0,5621
11057,1507,round_end,542.49,2,T_8c03018b,0,2,2,71.91,100,0,5621
11058,1507,round_end,845.09,3,T_8c03018b,0,3,0,90.75,100,0,5621
11059,1507,round_end,692.73,1,T_1966ca27,0,0,0,0,0,0,5622
11060,1507,round_end,386.02,1,T_1966ca27,0,3,3,0,0,94.15,5623
11061,1507,round_end,775.87,2,T_0d0b6c05,1,3,1,0,0,0,5623
11062,1507,round_end,325.92,1,T_1966ca27,0,3,3,0,0,154.17,5624
11063,1507,round_end,822.98,2,T_0d0b6c05,2,3,2,0,0,0,5624
11064,1507,round_end,919.85,6,T_1966ca27,2,3,3,0,0,40,5625
11065,1507,round_end,919.85,6,T_1966ca27,2,3,3,0,0,40,5626
11066,1508,round_end,390.06,1,T_a02bf5e9,0,1,1,0,0,0,5627
11067,1508,round_end,495.74,2,T_5568bd9d,2,1,1,0,0,284.34,5627
11068,1508,round_end,250.25,1,T_8c03018b,1,0,0,100,0,0,5628
11069,1508,round_end,450.84,2,T_8c03018b,2,0,2,100,0,0,5628
11074,1509,round_end,314.41,1,T_a02bf5e9,0,3,3,0,0,165.69,5630
11075,1509,round_end,577.65,2,T_5568bd9d,0,3,0,0,0,0,5630
11076,1509,round_end,314.41,1,T_a02bf5e9,0,3,3,0,0,165.69,5631
11077,1509,round_end,577.65,2,T_5568bd9d,0,3,0,0,0,0,5631
11078,1509,round_end,440.39,1,T_a02bf5e9,0,3,3,0,0,39.79,5632
11079,1509,round_end,945.51,2,T_5568bd9d,2,3,2,0,0,0,5632
11080,1509,round_end,605.2,1,T_a02bf5e9,0,0,0,0,0,0,5633
11081,1509,round_end,1011.47,6,T_a02bf5e9,2,3,1,0,0,40,5634
11082,1510,round_end,341.92,1,T_8c03018b,0,1,1,99.99,100,0,5635
11083,1510,round_end,634.09,2,T_8c03018b,1,1,2,100,86.56,0,5635
11084,1510,round_end,881.28,3,T_8c03018b,1,2,0,75.31,100,0,5635
11085,1510,round_end,881.28,3,T_8c03018b,1,2,0,75.31,100,0,5635
11095,1510,round_end,241.78,1,T_a02bf5e9,0,3,3,0,0,238.26,5640
11096,1510,round_end,643.55,2,T_5568bd9d,1,3,1,0,0,0,5640
11106,1510,round_end,480.2,1,T_a02bf5e9,0,2,2,0,0,0,5644
11107,1510,round_end,971.4,2,T_5568bd9d,3,3,3,0,0,0,5644
11108,1510,round_end,971.4,2,T_5568bd9d,3,3,3,0,0,0,5644
11109,1510,round_end,881.05,6,T_a02bf5e9,2,3,0,0,0,40,5645
11110,1510,round_end,655.82,1,T_a02bf5e9,0,0,0,0,0,0,5646
11111,1511,round_end,316.79,1,T_8c03018b,0,1,0,99.99,100,0,5647
11112,1511,round_end,619.93,2,T_8c03018b,0,2,1,99.99,100,0,5647
11113,1511,round_end,919.01,3,T_8c03018b,0,3,2,81.05,100,0,5647
11114,1511,round_end,280.16,1,T_a02bf5e9,0,3,3,0,0,199.91,5648
11115,1511,round_end,775.05,2,T_1699ed97,2,3,2,0,0,0,5648
11116,1511,round_end,602.09,1,T_a02bf5e9,0,0,0,0,0,0,5649
11117,1511,round_end,473.25,1,T_a02bf5e9,0,3,3,0,0,6.91,5650
11118,1511,round_end,1018.01,2,T_1699ed97,3,3,3,0,0,0,5650
11119,1511,round_end,773.93,6,T_a02bf5e9,1,4,2,0,0,40,5651
11120,1509,round_end,245.16,1,T_8c03018b,1,0,2,100,44.45,0,5652
11121,1509,round_end,579.42,2,T_8c03018b,2,0,1,100,99.99,0,5652
11122,1509,round_end,831.99,3,T_8c03018b,2,1,0,56.69,100,0,5652
11123,1509,round_end,831.99,3,T_8c03018b,2,1,0,56.69,100,0,5652
11124,1512,round_end,326.43,1,T_8c03018b,0,1,0,98.95,100,0,5653
11125,1512,round_end,642.25,2,T_8c03018b,1,1,1,100,99.99,0,5653
11126,1512,round_end,892.51,3,T_8c03018b,1,2,2,37.29,100,0,5653
11127,1512,round_end,892.51,3,T_8c03018b,1,2,2,37.29,100,0,5653
11128,1512,round_end,425.19,1,T_a02bf5e9,0,3,3,0,0,54.95,5654
11129,1512,round_end,847.77,2,T_5568bd9d,3,3,3,0,0,57.29,5654
11130,1512,round_end,739.7,6,T_a02bf5e9,2,3,0,0,0,39.99,5655
11131,1512,round_end,496.94,1,T_a02bf5e9,0,2,2,0,0,0,5656
11132,1512,round_end,894.1,2,T_5568bd9d,1,3,1,0,0,0,5656
11133,1512,round_end,607.95,1,T_a02bf5e9,0,0,0,0,0,0,5657
11134,1512,round_end,283.82,1,T_8c03018b,0,1,2,84.81,100,0,5658
11135,1512,round_end,550.07,2,T_8c03018b,0,2,1,62.48,100,0,5658
11136,1514,round_end,312.88,1,T_8c03018b,1,0,1,100,93.79,0,5659
11137,1514,round_end,480.61,2,T_8c03018b,1,1,2,0,100,0,5659
11138,1514,round_end,825.94,3,T_8c03018b,1,2,0,99.99,100,0,5659
11139,1514,round_end,825.94,3,T_8c03018b,1,2,0,99.99,100,0,5659
11140,1514,round_end,528.2,1,T_a02bf5e9,0,2,2,0,0,0,5660
11141,1514,round_end,1091.01,2,T_5568bd9d,3,3,3,0,0,0,5660
11142,1514,round_end,1091.01,2,T_5568bd9d,3,3,3,0,0,0,5660
11143,1514,round_end,965.34,6,T_a02bf5e9,3,2,2,0,0,40,5661
11144,1514,round_end,473.37,1,T_a02bf5e9,0,3,3,0,0,6.81,5662
11145,1514,round_end,767.07,2,T_5568bd9d,3,3,3,0,0,186.15,5662
11146,1514,round_end,306.21,1,T_a02bf5e9,0,3,3,0,0,173.89,5663
11147,1514,round_end,573.97,2,T_5568bd9d,0,3,0,0,0,0,5663
11159,1520,round_end,184.21,1,T_8c03018b,0,1,1,16.37,100,0,5670
11160,1520,round_end,340.7,2,T_8c03018b,0,2,2,0,100,0,5670
11161,1520,round_end,622.32,3,T_8c03018b,0,3,0,97,100,0,5670
11162,1520,round_end,436.04,1,T_a02bf5e9,0,3,3,0,0,44.15,5671
11163,1520,round_end,851.53,2,T_5568bd9d,1,3,1,0,0,0,5671
11164,1520,round_end,517.66,1,T_a02bf5e9,0,2,2,0,0,0,5672
11165,1520,round_end,976.04,2,T_5568bd9d,3,3,3,0,0,21.38,5672
11166,1520,round_end,976.04,2,T_5568bd9d,3,3,3,0,0,21.38,5672
11167,1521,round_end,169.5,1,T_8c03018b,0,1,1,0,100,0,5673
11168,1521,round_end,336.42,2,T_8c03018b,0,2,2,7.77,100,0,5673
11169,1521,round_end,597.71,3,T_8c03018b,1,2,0,100,26.81,0,5673
11170,1521,round_end,597.71,3,T_8c03018b,1,2,0,100,26.81,0,5673
11171,1521,round_end,270.89,1,T_ec9e865f,0,0,0,0,0,0,5674
11172,1521,round_end,638.23,2,T_2493ae81,3,3,3,0,0,112.68,5674
11173,1521,round_end,638.23,2,T_2493ae81,3,3,3,0,0,112.68,5674
11174,1521,round_end,341.46,1,T_ec9e865f,0,3,3,0,0,138.63,5675
11175,1521,round_end,817.46,2,T_2493ae81,3,3,3,0,0,24.62,5675
11176,1521,round_end,894.39,6,T_ec9e865f,1,4,2,0,0,40,5676
11177,1521,round_end,503.87,1,T_ec9e865f,0,0,0,0,0,96.38,5677
11178,1521,round_end,217.73,1,T_8c03018b,1,0,2,100,25.97,0,5678
11179,1521,round_end,393.67,2,T_8c03018b,2,0,1,100,0,0,5678
11180,1521,round_end,645.1,3,T_8c03018b,3,0,0,100,69.04,0,5678
11181,1520,round_end,965,6,T_a02bf5e9,3,2,0,0,0,40,5679
11182,1520,round_end,615.87,1,T_a02bf5e9,0,0,0,0,0,0,5680
11183,1520,round_end,282.3,1,T_8c03018b,0,1,1,95.76,100,0,5681
11184,1520,round_end,444.71,2,T_8c03018b,0,2,2,0,100,0,5681
11185,1520,round_end,755.52,3,T_8c03018b,0,3,0,61.76,100,0,5681
11210,1522,round_end,242.62,1,T_8c03018b,0,1,1,28.08,100,0,5693
11211,1522,round_end,571.95,2,T_8c03018b,1,1,2,100,99.99,0,5693
11212,1522,round_end,832.33,3,T_8c03018b,2,1,0,100,57.35,0,5693
11213,1522,round_end,832.33,3,T_8c03018b,2,1,0,100,57.35,0,5693
11214,1522,round_end,537.12,1,T_70a2ca39,0,2,2,0,0,0,5694
11215,1522,round_end,973.89,2,T_96542ce3,3,3,3,0,0,43,5694
11216,1522,round_end,973.89,2,T_96542ce3,3,3,3,0,0,43,5694
11217,1522,round_end,859.2,6,T_70a2ca39,2,3,0,0,0,40,5695
11218,1522,round_end,370.68,1,T_70a2ca39,0,3,3,0,0,109.45,5696
11219,1522,round_end,850.54,2,T_96542ce3,2,3,2,0,0,0,5696
11220,1522,round_end,693.6,1,T_70a2ca39,0,0,0,0,0,0,5697
11225,1523,round_end,330.55,1,T_8c03018b,1,0,0,100,99.99,0,5700
11226,1523,round_end,493.73,2,T_8c03018b,1,1,2,0,100,0,5700
11227,1523,round_end,805.28,3,T_8c03018b,2,1,1,100,99.99,0,5700
11228,1523,round_end,805.28,3,T_8c03018b,2,1,1,100,99.99,0,5700
11229,1523,round_end,505.39,1,T_a02bf5e9,0,2,2,0,0,0,5701
11230,1523,round_end,855.63,2,T_5568bd9d,3,3,3,0,0,129.58,5701
11231,1523,round_end,855.63,2,T_5568bd9d,3,3,3,0,0,129.58,5701
11232,1523,round_end,850.33,6,T_a02bf5e9,4,1,4,0,0,40,5702
11257,1525,round_end,239.8,1,T_8c03018b,0,1,0,71.19,100,0,5714
11258,1525,round_end,494.4,2,T_8c03018b,0,2,2,61.52,100,0,5714
11259,1525,round_end,679.39,3,T_8c03018b,0,3,1,10.25,100,0,5714
11260,1525,round_end,357.38,1,T_a02bf5e9,0,3,3,0,0,122.78,5715
11261,1525,round_end,815.19,2,T_5568bd9d,1,3,1,0,0,0,5715
11262,1525,round_end,844.74,5,T_a02bf5e9,0,5,4,0,100,0,5716
11263,1525,round_end,537.01,1,T_a02bf5e9,0,0,0,0,0,63.24,5717
11264,1525,round_end,429.45,1,T_a02bf5e9,0,3,3,0,0,76.16,5718
11265,1525,round_end,941.24,2,T_5568bd9d,2,3,2,0,0,0,5718
11266,1525,round_end,262.28,1,T_8c03018b,1,0,0,100,87.36,0,5719
11267,1525,round_end,538.23,2,T_8c03018b,2,0,2,100,95.94,0,5719
11268,1525,round_end,832.79,3,T_8c03018b,3,0,1,100,99.99,0,5719
11269,1526,round_end,178.78,1,T_8c03018b,1,0,2,100,0,0,5720
11270,1526,round_end,337.31,2,T_8c03018b,2,0,1,100,0,0,5720
11271,1526,round_end,562.26,3,T_8c03018b,3,0,0,100,55.69,0,5720
11272,1526,round_end,427.51,1,T_033b8b16,0,1,1,0,0,0,5721
11273,1526,round_end,892.68,2,T_2493ae81,3,3,3,0,0,14.62,5721
11274,1526,round_end,892.68,2,T_2493ae81,3,3,3,0,0,14.62,5721
11275,1526,round_end,414.15,1,T_033b8b16,0,1,1,0,0,0,5722
11276,1526,round_end,662.99,2,T_2493ae81,3,3,3,0,0,231.19,5722
11277,1526,round_end,662.99,2,T_2493ae81,3,3,3,0,0,231.19,5722
11278,1526,round_end,1014.34,6,T_033b8b16,3,2,2,0,0,40,5723
11279,1526,round_end,308.17,1,T_033b8b16,0,0,0,0,0,291.94,5724
11280,1526,round_end,265.6,1,T_033b8b16,0,0,0,0,0,0,5725
11281,1526,round_end,631.72,2,T_2493ae81,3,3,3,0,0,114,5725
11282,1526,round_end,631.72,2,T_2493ae81,3,3,3,0,0,114,5725
11283,1527,round_end,240.04,1,T_a02bf5e9,0,0,0,0,0,0,5726
11284,1527,round_end,276.82,2,T_5568bd9d,1,0,0,0,0,203.22,5726
11285,1528,round_end,293.24,1,T_8c03018b,1,0,2,100,97.02,0,5727
11286,1528,round_end,482.6,2,T_8c03018b,2,0,0,100,0,0,5727
11287,1528,round_end,793.89,3,T_8c03018b,3,0,1,100,99.99,0,5727
11288,1529,round_end,293.24,1,T_8c03018b,1,0,2,100,97.02,0,5728
11289,1529,round_end,482.6,2,T_8c03018b,2,0,0,100,0,0,5728
11290,1529,round_end,793.89,3,T_8c03018b,3,0,1,100,99.99,0,5728
11291,1529,round_end,256.51,1,T_a02bf5e9,0,0,0,0,0,0,5729
11292,1529,round_end,613.34,2,T_5568bd9d,3,3,3,0,0,123.21,5729
11293,1529,round_end,613.34,2,T_5568bd9d,3,3,3,0,0,123.21,5729
11294,1529,round_end,269.62,1,T_a02bf5e9,0,0,0,0,0,0,5730
11295,1529,round_end,749.68,2,T_5568bd9d,2,3,2,0,0,0,5730
11296,1529,round_end,269.62,1,T_a02bf5e9,0,0,0,0,0,0,5731
11297,1529,round_end,749.68,2,T_5568bd9d,2,3,2,0,0,0,5731
11298,1529,round_end,485.17,1,T_a02bf5e9,0,2,2,0,0,0,5732
11299,1529,round_end,892.62,2,T_5568bd9d,1,3,1,0,0,0,5732
11300,1530,round_end,186.69,1,T_8c03018b,1,0,0,100,0,0,5737
11301,1530,round_end,449.32,2,T_8c03018b,2,0,1,100,73.79,0,5737
11302,1530,round_end,603.42,3,T_8c03018b,3,0,2,100,0,0,5737
11303,1530,round_end,496.03,1,T_a02bf5e9,0,2,2,0,0,0,5738
11304,1530,round_end,787.89,2,T_5568bd9d,3,3,3,0,0,187.99,5738
11305,1530,round_end,787.89,2,T_5568bd9d,3,3,3,0,0,187.99,5738
7723,1029,round_end,325.31,1,T_a02bf5e9,0,0,0,1,5,0,
11308,1534,round_end,247.43,1,T_8c03018b,0,1,1,68.99,100,0,5741
11309,1534,round_end,581.2,2,T_8c03018b,1,1,0,100,99.99,0,5741
11310,1534,round_end,852.94,3,T_8c03018b,1,2,2,73.79,100,0,5741
11311,1534,round_end,852.94,3,T_8c03018b,1,2,2,73.79,100,0,5741
11312,1534,round_end,328.95,1,T_a02bf5e9,0,3,3,0,0,151.16,5742
11313,1534,round_end,568.87,2,T_5568bd9d,0,3,0,0,0,0,5742
11314,1534,round_end,192.15,1,T_a02bf5e9,0,0,0,0,0,407.88,5743
11315,1534,round_end,434.82,1,T_a02bf5e9,0,3,3,0,0,45.4,5744
11316,1534,round_end,674.79,2,T_5568bd9d,0,3,0,0,0,0,5744
11317,1534,round_end,910.57,6,T_a02bf5e9,3,2,0,0,0,40,5745
11318,1534,round_end,305.89,1,T_8c03018b,1,0,2,100,99.99,0,5746
11319,1534,round_end,572.42,2,T_8c03018b,1,1,0,75.05,100,0,5746
11320,1534,round_end,783.65,3,T_8c03018b,1,2,1,23.29,100,0,5746
11321,1534,round_end,783.65,3,T_8c03018b,1,2,1,23.29,100,0,5746
11322,1535,round_end,253.77,1,T_8c03018b,1,0,2,100,63.81,0,5747
11323,1535,round_end,546.9,2,T_8c03018b,1,1,1,99.99,100,0,5747
11324,1535,round_end,834.84,3,T_8c03018b,2,1,0,100,93.6,0,5747
11325,1535,round_end,834.84,3,T_8c03018b,2,1,0,100,93.6,0,5747
11326,1535,round_end,422.93,1,T_a02bf5e9,0,1,1,0,0,0,5748
11327,1535,round_end,915.69,2,T_5568bd9d,2,3,2,0,0,0,5748
11328,1535,round_end,889.15,6,T_a02bf5e9,3,2,4,0,0,40,5749
11329,1535,round_end,498.93,1,T_a02bf5e9,0,2,2,0,0,0,5750
11330,1535,round_end,782.92,2,T_5568bd9d,3,3,3,0,0,195.86,5750
11331,1535,round_end,782.92,2,T_5568bd9d,3,3,3,0,0,195.86,5750
11333,1535,round_end,627.09,1,T_a02bf5e9,0,0,0,0,0,0,5752
7726,1029,round_end,998.21,2,T_5568bd9d,3,3,3,0,0,0,
7727,1029,round_end,998.21,2,T_5568bd9d,3,3,3,0,0,0,
11350,1537,round_end,889.15,6,T_a02bf5e9,3,2,4,0,0,40,5761
11351,1537,round_end,627.09,1,T_a02bf5e9,0,0,0,0,0,0,5762
11352,1537,round_end,498.93,1,T_a02bf5e9,0,2,2,0,0,0,5763
11353,1537,round_end,782.92,2,T_5568bd9d,3,3,3,0,0,195.86,5763
11354,1537,round_end,782.92,2,T_5568bd9d,3,3,3,0,0,195.86,5763
11355,1537,round_end,253.77,1,T_8c03018b,1,0,2,100,63.81,0,5764
11356,1537,round_end,546.9,2,T_8c03018b,1,1,1,99.99,100,0,5764
11357,1537,round_end,834.84,3,T_8c03018b,2,1,0,100,93.6,0,5764
11358,1537,round_end,834.84,3,T_8c03018b,2,1,0,100,93.6,0,5764
11359,1537,round_end,422.93,1,T_a02bf5e9,0,1,1,0,0,0,5765
11360,1537,round_end,915.69,2,T_5568bd9d,2,3,2,0,0,0,5765
11361,1538,round_end,248.04,1,T_8c03018b,1,0,0,100,74.25,0,5766
11362,1538,round_end,430.45,2,T_8c03018b,2,0,1,100,0,0,5766
11363,1538,round_end,587.65,3,T_8c03018b,3,0,2,100,0,0,5766
11364,1539,round_end,248.04,1,T_8c03018b,1,0,0,100,74.25,0,5767
11365,1539,round_end,430.45,2,T_8c03018b,2,0,1,100,0,0,5767
11366,1539,round_end,587.65,3,T_8c03018b,3,0,2,100,0,0,5767
11367,1540,round_end,800.06,5,T_a02bf5e9,0,5,1,95.43,100,0,5768
11368,1540,round_end,420.79,1,T_a02bf5e9,0,1,1,0,0,0,5769
11369,1540,round_end,771.82,2,T_5568bd9d,3,3,3,0,0,128.91,5769
11370,1540,round_end,771.82,2,T_5568bd9d,3,3,3,0,0,128.91,5769
11371,1540,round_end,420,1,T_a02bf5e9,0,1,1,0,0,0,5770
11372,1540,round_end,642.43,2,T_5568bd9d,2,2,2,0,0,197.47,5770
11373,1540,round_end,642.43,2,T_5568bd9d,2,2,2,0,0,197.47,5770
11374,1540,round_end,602.22,1,T_a02bf5e9,0,0,0,0,0,0,5771
11375,1540,round_end,420.79,1,T_a02bf5e9,0,1,1,0,0,0,5772
11376,1540,round_end,771.82,2,T_5568bd9d,3,3,3,0,0,128.91,5772
11377,1540,round_end,771.82,2,T_5568bd9d,3,3,3,0,0,128.91,5772
11378,1543,round_end,453.51,1,T_b7caae6b,0,3,3,0,0,29.42,5775
11379,1543,round_end,942.68,2,T_e8c429ce,3,3,3,0,0,0,5775
11380,1543,round_end,1082.23,3,T_e8c429ce,4,3,1,0,0,0,5775
11381,1543,round_end,1219.68,4,T_b7caae6b,4,5,1,0,0,0,5775
11382,1544,round_end,453.51,1,T_b7caae6b,0,3,3,0,0,29.42,5776
11383,1544,round_end,942.68,2,T_e8c429ce,3,3,3,0,0,0,5776
11384,1544,round_end,1082.23,3,T_e8c429ce,4,3,1,0,0,0,5776
11385,1544,round_end,1219.68,4,T_b7caae6b,4,5,1,0,0,0,5776
11386,1547,round_end,495.73,1,T_b7caae6b,0,3,3,0,0,0,5779
11387,1547,round_end,730.27,2,T_e8c429ce,3,3,3,0,0,245.37,5779
11388,1547,round_end,863.83,3,T_b7caae6b,3,3,0,0,0,0,5779
11389,1547,round_end,1095.17,4,T_e8c429ce,4,3,0,0,0,73.9,5779
11390,1547,round_end,453.51,1,T_b7caae6b,0,3,3,0,0,29.42,5780
11391,1547,round_end,942.68,2,T_e8c429ce,3,3,3,0,0,0,5780
11392,1547,round_end,1082.23,3,T_e8c429ce,4,3,1,0,0,0,5780
11393,1547,round_end,1219.68,4,T_b7caae6b,4,5,1,0,0,0,5780
11394,1548,round_end,391.59,1,T_a02bf5e9,0,0,0,0,0,208.58,5781
11395,1548,round_end,245.29,1,T_a02bf5e9,0,0,0,0,0,0,5782
11396,1548,round_end,498.17,2,T_5568bd9d,3,3,3,0,0,227.24,5782
11397,1548,round_end,498.17,2,T_5568bd9d,3,3,3,0,0,227.24,5782
11398,1548,round_end,172.67,1,T_8c03018b,1,0,1,100,0,0,5783
11399,1548,round_end,351.32,2,T_8c03018b,2,0,2,100,0,0,5783
11400,1548,round_end,581.91,3,T_8c03018b,3,0,0,100,48.08,0,5783
11401,1549,round_end,189.15,1,T_8c03018b,0,1,2,25.48,100,0,5784
11402,1549,round_end,347.71,2,T_8c03018b,0,2,1,0,100,0,5784
11403,1549,round_end,678.8,3,T_8c03018b,0,3,0,99.99,100,0,5784
11404,1549,round_end,330.3,1,T_a02bf5e9,0,3,3,0,0,149.82,5785
11405,1549,round_end,837.6,2,T_5568bd9d,2,3,2,0,0,0,5785
11406,1549,round_end,853.46,6,T_a02bf5e9,2,3,0,0,0,40,5786
11407,1549,round_end,490.02,1,T_a02bf5e9,0,3,3,0,0,0,5787
11408,1549,round_end,988.45,2,T_5568bd9d,3,3,3,0,0,0,5787
11409,1549,round_end,498.74,1,T_a02bf5e9,0,0,0,0,0,101.5,5788
11410,1550,round_end,329.38,1,T_8c03018b,1,0,2,100,99.99,0,5789
11411,1550,round_end,551.86,2,T_8c03018b,2,0,1,100,42.75,0,5789
11412,1550,round_end,746.97,3,T_8c03018b,3,0,0,100,15.49,0,5789
11413,1550,round_end,240.04,1,T_a02bf5e9,0,0,0,0,0,0,5790
11414,1550,round_end,506.08,2,T_5568bd9d,0,3,0,0,0,0,5790
11415,1550,round_end,627.3,1,T_a02bf5e9,0,0,0,0,0,0,5791
11419,1552,round_end,625.66,1,T_a02bf5e9,0,0,0,0,0,0,5793
11420,1553,round_end,229.94,1,T_8c03018b,1,0,2,100,17.92,0,5794
11421,1553,round_end,520.03,2,T_8c03018b,2,0,1,100,91.57,0,5794
11422,1553,round_end,798.23,3,T_8c03018b,3,0,0,100,49.21,0,5794
11423,1553,round_end,355.97,1,T_a02bf5e9,0,3,3,0,0,124.12,5795
11424,1553,round_end,829.7,2,T_5568bd9d,3,3,3,0,0,6.11,5795
11425,1553,round_end,612.42,1,T_a02bf5e9,0,0,0,0,0,0,5796
11426,1553,round_end,871.18,6,T_a02bf5e9,1,4,2,0,0,40,5797
11427,1553,round_end,830.32,6,T_a02bf5e9,4,1,0,0,0,40,5798
11428,1552,round_end,1027.5,6,T_a02bf5e9,4,1,1,0,0,40,5799
11429,1552,round_end,449.56,1,T_a02bf5e9,0,1,1,0,0,0,5800
11430,1552,round_end,868.34,2,T_1699ed97,1,3,1,0,0,0,5800
11431,1552,round_end,240.04,1,T_a02bf5e9,0,0,0,0,0,0,5801
11432,1552,round_end,546.28,2,T_1699ed97,3,3,3,0,0,173.88,5801
11433,1552,round_end,546.28,2,T_1699ed97,3,3,3,0,0,173.88,5801
11434,1552,round_end,294.68,1,T_8c03018b,1,0,0,100,95.21,0,5802
11435,1552,round_end,604.55,2,T_8c03018b,2,0,1,100,90.89,0,5802
11436,1552,round_end,873.9,3,T_8c03018b,3,0,2,100,82.36,0,5802
11437,1554,round_end,782.34,5,T_1699ed97,0,5,2,37.01,100,0,5803
11438,1554,round_end,464.16,1,T_1699ed97,0,3,3,0,0,16.02,5804
11439,1554,round_end,797.9,2,T_dcc9cee3,3,3,3,0,0,146.1,5804
11440,1555,round_end,254.28,1,T_8c03018b,0,1,1,59.19,100,0,5805
11441,1555,round_end,564.84,2,T_8c03018b,0,2,0,99.99,100,0,5805
11442,1555,round_end,897.31,3,T_8c03018b,0,3,2,99.99,100,0,5805
11443,1555,round_end,480.26,1,T_a02bf5e9,0,2,2,0,0,0,5806
11444,1555,round_end,803.53,2,T_5568bd9d,3,3,3,0,0,156.62,5806
11445,1555,round_end,803.53,2,T_5568bd9d,3,3,3,0,0,156.62,5806
11446,1555,round_end,882.39,6,T_a02bf5e9,1,4,0,0,0,40,5807
11447,1555,round_end,533.28,1,T_a02bf5e9,0,3,3,0,0,0,5808
11448,1555,round_end,949.52,2,T_5568bd9d,1,3,1,0,0,0,5808
11449,1555,round_end,414.56,1,T_a02bf5e9,0,0,0,0,0,185.6,5809
11450,1557,round_end,236.92,1,T_8c03018b,0,1,1,45.25,100,0,5810
11451,1557,round_end,554.06,2,T_8c03018b,1,1,0,100,99.99,0,5810
11452,1557,round_end,767.19,3,T_8c03018b,2,1,2,100,15.13,0,5810
11453,1557,round_end,767.19,3,T_8c03018b,2,1,2,100,15.13,0,5810
11454,1557,round_end,301.79,1,T_a02bf5e9,0,3,3,0,0,178.3,5811
11455,1557,round_end,708.3,2,T_5568bd9d,1,3,1,0,0,0,5811
11456,1557,round_end,294.39,1,T_a02bf5e9,0,3,3,0,0,185.69,5812
11457,1557,round_end,780.73,2,T_5568bd9d,3,3,3,0,0,16.62,5812
11459,1557,round_end,451.44,1,T_a02bf5e9,0,0,0,0,0,148.76,5814
11460,1557,round_end,859.87,5,T_a02bf5e9,0,5,4,99.99,100,0,5815
11461,1558,round_end,225.23,1,T_8c03018b,1,0,1,100,54.43,0,5816
11462,1558,round_end,470.36,2,T_8c03018b,1,1,0,55.84,100,0,5816
11463,1558,round_end,757.48,3,T_8c03018b,2,1,2,100,99.99,0,5816
11464,1558,round_end,757.48,3,T_8c03018b,2,1,2,100,99.99,0,5816
11465,1558,round_end,484.79,1,T_a02bf5e9,0,3,3,0,0,0,5817
11466,1558,round_end,1015.84,2,T_5568bd9d,2,3,2,0,0,0,5817
11467,1558,round_end,490.34,1,T_a02bf5e9,0,2,2,0,0,0,5818
11468,1558,round_end,974.32,2,T_5568bd9d,3,3,3,0,0,0,5818
11469,1558,round_end,974.32,2,T_5568bd9d,3,3,3,0,0,0,5818
11470,1558,round_end,904.73,6,T_a02bf5e9,1,4,0,0,0,40,5819
11471,1558,round_end,688.21,1,T_a02bf5e9,0,0,0,0,0,0,5820
11472,1559,round_end,480.25,1,T_a02bf5e9,0,2,2,0,0,0,5821
11473,1559,round_end,1003.79,2,T_5568bd9d,3,3,3,0,0,0,5821
11474,1559,round_end,1003.79,2,T_5568bd9d,3,3,3,0,0,0,5821
11475,1560,round_end,480.25,1,T_a02bf5e9,0,2,2,0,0,0,5822
11476,1560,round_end,1003.79,2,T_5568bd9d,3,3,3,0,0,0,5822
11477,1560,round_end,1003.79,2,T_5568bd9d,3,3,3,0,0,0,5822
11478,1561,round_end,623.79,1,T_a02bf5e9,0,0,0,0,0,0,5823
11479,1561,round_end,752.42,5,T_a02bf5e9,0,5,2,19.4,100,0,5824
11480,1561,round_end,525.05,1,T_a02bf5e9,0,3,3,0,0,0,5825
11481,1561,round_end,889.05,2,T_5568bd9d,3,3,3,0,0,115.8,5825
11482,1561,round_end,281.79,1,T_8c03018b,0,1,0,99.99,100,0,5826
11483,1561,round_end,570.62,2,T_8c03018b,1,1,2,100,99.99,0,5826
11484,1561,round_end,858.47,3,T_8c03018b,2,1,1,100,70.09,0,5826
11485,1561,round_end,858.47,3,T_8c03018b,2,1,1,100,70.09,0,5826
11486,1561,round_end,480.25,1,T_a02bf5e9,0,2,2,0,0,0,5827
11487,1561,round_end,1003.79,2,T_5568bd9d,3,3,3,0,0,0,5827
11488,1561,round_end,1003.79,2,T_5568bd9d,3,3,3,0,0,0,5827
11489,1561,round_end,480.25,1,T_a02bf5e9,0,2,2,0,0,0,5828
11490,1561,round_end,1003.79,2,T_5568bd9d,3,3,3,0,0,0,5828
11491,1561,round_end,1003.79,2,T_5568bd9d,3,3,3,0,0,0,5828
11492,1562,round_end,164.95,1,T_8c03018b,0,1,1,0,100,0,5829
11493,1562,round_end,431.45,2,T_8c03018b,1,1,2,100,84.37,0,5829
11494,1562,round_end,652.41,3,T_8c03018b,1,2,0,45.08,100,0,5829
11495,1562,round_end,652.41,3,T_8c03018b,1,2,0,45.08,100,0,5829
11496,1562,round_end,281.49,1,T_a02bf5e9,0,3,3,0,0,198.57,5830
11497,1562,round_end,702.44,2,T_5568bd9d,1,3,1,0,0,0,5830
11498,1562,round_end,788.8,6,T_a02bf5e9,2,3,0,0,0,40,5831
11499,1562,round_end,426.34,1,T_a02bf5e9,0,3,3,0,0,53.86,5832
11500,1562,round_end,926.67,2,T_5568bd9d,2,3,2,0,0,0,5832
11501,1562,round_end,421.42,1,T_a02bf5e9,0,0,0,0,0,178.78,5833
11502,1562,round_end,227.86,1,T_8c03018b,1,0,1,100,45.75,0,5834
11503,1562,round_end,446.64,2,T_8c03018b,1,1,2,45.75,100,0,5834
11504,1562,round_end,706.53,3,T_8c03018b,1,2,0,83.08,100,0,5834
11505,1562,round_end,706.53,3,T_8c03018b,1,2,0,83.08,100,0,5834
11506,1563,round_end,247.59,1,T_8c03018b,0,1,2,46.28,100,0,5835
11507,1563,round_end,487.02,2,T_8c03018b,1,1,0,100,52.53,0,5835
11508,1563,round_end,662.17,3,T_8c03018b,2,1,1,100,0,0,5835
11509,1563,round_end,662.17,3,T_8c03018b,2,1,1,100,0,0,5835
11512,1563,round_end,972.81,5,T_a02bf5e9,5,0,3,100,85.69,0,5837
11513,1563,round_end,342.98,1,T_a02bf5e9,0,3,3,0,0,137.11,5838
11514,1563,round_end,700.88,2,T_5568bd9d,3,3,3,0,0,121.98,5838
11515,1563,round_end,585.7,1,T_a02bf5e9,0,0,0,0,0,14.52,5839
11516,1563,round_end,182.58,1,T_8c03018b,0,1,2,14.35,100,0,5840
11517,1563,round_end,345.46,2,T_8c03018b,0,2,0,0,100,0,5840
11518,1563,round_end,508.81,3,T_8c03018b,0,3,1,0,100,0,5840
11519,1563,round_end,507.62,1,T_a02bf5e9,0,2,2,0,0,0,5841
11520,1563,round_end,902.4,2,T_5568bd9d,1,3,1,0,0,0,5841
11521,1564,round_end,276.12,1,T_8c03018b,0,1,2,97.68,100,0,5842
11522,1564,round_end,472.46,2,T_8c03018b,1,1,1,100,24.47,0,5842
11523,1564,round_end,656.21,3,T_8c03018b,2,1,0,100,0,0,5842
11524,1564,round_end,656.21,3,T_8c03018b,2,1,0,100,0,0,5842
11525,1564,round_end,882.99,6,T_a02bf5e9,4,1,3,0,0,40,5843
11526,1564,round_end,676.13,1,T_a02bf5e9,0,0,0,0,0,0,5844
11527,1564,round_end,529.83,1,T_a02bf5e9,0,2,2,0,0,0,5845
11528,1564,round_end,961.5,2,T_5568bd9d,3,3,3,0,0,48.11,5845
11529,1564,round_end,961.5,2,T_5568bd9d,3,3,3,0,0,48.11,5845
11530,1564,round_end,418.09,1,T_a02bf5e9,0,1,1,0,0,0,5846
11531,1564,round_end,924.07,2,T_5568bd9d,3,3,3,0,0,0,5846
11532,1564,round_end,924.07,2,T_5568bd9d,3,3,3,0,0,0,5846
11533,1565,round_end,246.3,1,T_8c03018b,0,1,1,37.96,100,0,5847
11534,1565,round_end,515.57,2,T_8c03018b,1,1,2,100,79.93,0,5847
11535,1565,round_end,769.27,3,T_8c03018b,2,1,0,100,50.11,0,5847
11536,1565,round_end,769.27,3,T_8c03018b,2,1,0,100,50.11,0,5847
11537,1565,round_end,302.64,1,T_a02bf5e9,0,0,0,0,0,0,5848
11538,1565,round_end,717.86,2,T_5568bd9d,1,3,1,0,0,0,5848
11539,1565,round_end,247.03,1,T_a02bf5e9,0,0,0,0,0,0,5849
11540,1565,round_end,656.42,2,T_5568bd9d,3,3,3,0,0,70.64,5849
11541,1565,round_end,656.42,2,T_5568bd9d,3,3,3,0,0,70.64,5849
11542,1565,round_end,647.21,1,T_a02bf5e9,0,0,0,0,0,0,5850
11543,1565,round_end,936.84,6,T_a02bf5e9,2,3,0,0,0,40,5851
11544,1566,round_end,308.86,1,T_8c03018b,1,0,2,100,99.99,0,5852
11545,1566,round_end,594.84,2,T_8c03018b,2,0,0,100,59.74,0,5852
11546,1566,round_end,816.03,3,T_8c03018b,2,1,1,35.27,100,0,5852
11547,1566,round_end,365.01,1,T_a02bf5e9,0,3,3,0,0,115.11,5853
11548,1566,round_end,605.06,2,T_5568bd9d,0,3,0,0,0,0,5853
11551,1567,round_end,225.09,1,T_8c03018b,0,1,0,34.47,100,0,5855
11552,1567,round_end,470.54,2,T_8c03018b,0,2,2,71.88,100,0,5855
11553,1567,round_end,780.32,3,T_8c03018b,1,2,1,100,99.99,0,5855
11554,1567,round_end,780.32,3,T_8c03018b,1,2,1,100,99.99,0,5855
11555,1567,round_end,351.34,1,T_a02bf5e9,0,3,3,0,0,128.81,5856
11556,1567,round_end,831.24,2,T_5568bd9d,2,3,2,0,0,0,5856
11557,1568,round_end,258.19,1,T_8c03018b,0,1,1,33.91,100,0,5857
11558,1568,round_end,427.08,2,T_8c03018b,0,2,0,0,100,0,5857
11559,1568,round_end,258.19,1,T_8c03018b,0,1,1,33.91,100,0,5858
11560,1568,round_end,427.08,2,T_8c03018b,0,2,0,0,100,0,5858
11561,1568,round_end,749.96,3,T_8c03018b,0,3,2,99.99,100,0,5858
11562,1568,round_end,423.92,1,T_99940b25,0,3,3,0,0,56.3,5860
11563,1568,round_end,807.63,2,T_3238eb96,3,3,3,0,0,96.15,5860
11564,1568,round_end,1013.57,6,T_99940b25,3,2,0,0,0,40,5862
11565,1568,round_end,502.14,1,T_99940b25,0,2,2,0,0,0,5863
11566,1568,round_end,897.15,2,T_3238eb96,1,3,1,0,0,0,5863
11567,1568,round_end,335.96,1,T_99940b25,0,0,0,0,0,264.16,5864
11568,1568,round_end,426.97,1,T_8c03018b,0,1,0,99.99,100,0,5865
11569,1568,round_end,613.87,2,T_8c03018b,0,2,2,0,100,0,5865
11570,1568,round_end,793.49,3,T_8c03018b,0,3,1,13.88,100,0,5865
11571,1568,round_end,1013.57,6,T_99940b25,3,2,0,0,0,40,5866
11589,1570,round_end,458.28,1,T_a02bf5e9,0,1,1,0,0,0,5879
11590,1570,round_end,855.73,2,T_5568bd9d,3,3,3,0,0,82.41,5879
11591,1570,round_end,855.73,2,T_5568bd9d,3,3,3,0,0,82.41,5879
11592,1570,round_end,445.86,1,T_a02bf5e9,0,3,3,0,0,34.3,5880
11593,1570,round_end,835.39,2,T_5568bd9d,3,3,3,0,0,90.27,5880
11594,1570,round_end,754.78,1,T_a02bf5e9,0,0,0,0,0,0,5881
11595,1570,round_end,816.24,6,T_a02bf5e9,1,4,0,0,0,40,5882
11598,1570,round_end,816.24,6,T_a02bf5e9,1,4,0,0,0,40,5885
11599,1571,round_end,262.44,1,T_8c03018b,0,1,1,69.64,100,0,5886
11600,1571,round_end,500.21,2,T_8c03018b,0,2,2,55.11,100,0,5886
11601,1571,round_end,675.3,3,T_8c03018b,1,2,0,100,13.91,0,5886
11602,1571,round_end,675.3,3,T_8c03018b,1,2,0,100,13.91,0,5886
11603,1571,round_end,323.92,1,T_a02bf5e9,0,3,3,0,0,156.18,5887
11604,1571,round_end,638.3,2,T_5568bd9d,3,3,3,0,0,165.7,5887
11605,1571,round_end,761.18,6,T_a02bf5e9,1,4,4,0,0,40,5888
11606,1571,round_end,485.21,1,T_a02bf5e9,0,2,2,0,0,0,5889
11607,1571,round_end,836.22,2,T_5568bd9d,3,3,3,0,0,128.82,5889
11608,1571,round_end,836.22,2,T_5568bd9d,3,3,3,0,0,128.82,5889
11609,1571,round_end,168.67,1,T_8c03018b,0,1,1,0,100,0,5890
11610,1571,round_end,461.24,2,T_8c03018b,0,2,0,99.99,100,0,5890
11611,1571,round_end,725.29,3,T_8c03018b,0,3,2,79.05,100,0,5890
11612,1571,round_end,637.7,1,T_a02bf5e9,0,0,0,0,0,0,5891
11627,1576,round_end,224.82,1,T_8c03018b,1,0,2,100,33.28,0,5897
11628,1576,round_end,411.6,2,T_8c03018b,2,0,1,100,0,0,5897
11629,1576,round_end,613.73,3,T_8c03018b,3,0,0,100,38.79,0,5897
11630,1576,round_end,487.21,1,T_a02bf5e9,0,3,3,0,0,0,5898
11631,1576,round_end,745.92,2,T_5568bd9d,3,3,3,0,0,221.15,5898
11632,1577,round_end,163.24,1,T_8c03018b,0,1,1,0,100,0,5899
11633,1577,round_end,421.84,2,T_8c03018b,0,2,0,77.28,100,0,5899
11634,1577,round_end,713.17,3,T_8c03018b,0,3,2,98.34,100,0,5899
11635,1577,round_end,486.84,1,T_a02bf5e9,0,3,3,0,0,0,5900
11636,1577,round_end,890.61,2,T_5568bd9d,1,3,1,0,0,0,5900
11637,1577,round_end,847.05,6,T_a02bf5e9,2,3,3,0,0,40,5901
11638,1577,round_end,408.24,1,T_a02bf5e9,0,0,0,0,0,191.94,5902
11639,1577,round_end,369.82,1,T_a02bf5e9,0,3,3,0,0,110.32,5903
11640,1577,round_end,797.41,2,T_5568bd9d,1,3,1,0,0,0,5903
11641,1577,round_end,189.65,1,T_8c03018b,0,1,2,26.2,100,0,5904
11642,1577,round_end,438.23,2,T_8c03018b,0,2,0,70.63,100,0,5904
11643,1577,round_end,779.6,3,T_8c03018b,1,2,1,100,99.99,0,5904
11644,1577,round_end,779.6,3,T_8c03018b,1,2,1,100,99.99,0,5904
11645,1577,round_end,369.82,1,T_a02bf5e9,0,3,3,0,0,110.32,5905
11646,1577,round_end,797.41,2,T_5568bd9d,1,3,1,0,0,0,5905
11647,1577,round_end,369.82,1,T_a02bf5e9,0,3,3,0,0,110.32,5906
11648,1577,round_end,797.41,2,T_5568bd9d,1,3,1,0,0,0,5906
11649,1577,round_end,369.82,1,T_a02bf5e9,0,3,3,0,0,110.32,5907
11650,1577,round_end,797.41,2,T_5568bd9d,1,3,1,0,0,0,5907
11651,1578,round_end,480.27,1,T_a02bf5e9,0,2,2,0,0,0,5908
11652,1578,round_end,751.02,2,T_5568bd9d,0,3,0,0,0,0,5908
11653,1578,round_end,933.02,5,T_a02bf5e9,0,5,2,99.99,100,0,5909
11654,1578,round_end,600.18,1,T_a02bf5e9,0,0,0,0,0,0,5910
11655,1579,round_end,209.8,1,T_8c03018b,0,1,1,37.49,100,0,5911
11656,1579,round_end,390.4,2,T_8c03018b,1,1,2,100,16.95,0,5911
11657,1579,round_end,650.01,3,T_8c03018b,2,1,0,100,76.23,0,5911
11658,1579,round_end,650.01,3,T_8c03018b,2,1,0,100,76.23,0,5911
11659,1579,round_end,394.88,1,T_a02bf5e9,0,3,3,0,0,85.29,5912
11660,1579,round_end,808.42,2,T_5568bd9d,1,3,1,0,0,0,5912
11661,1579,round_end,935.32,6,T_a02bf5e9,2,3,0,0,0,40,5913
11662,1579,round_end,474.04,1,T_a02bf5e9,0,3,3,0,0,6.15,5914
11663,1579,round_end,943.13,2,T_5568bd9d,3,3,3,0,0,10.68,5914
11664,1579,round_end,627.41,1,T_a02bf5e9,0,0,0,0,0,0,5915
11674,1580,round_end,331.14,1,T_8c03018b,0,1,1,99.99,100,0,5919
11675,1580,round_end,511.24,2,T_8c03018b,1,1,0,100,0,0,5919
11676,1580,round_end,749.87,3,T_8c03018b,2,1,2,100,59.27,0,5919
11677,1580,round_end,749.87,3,T_8c03018b,2,1,2,100,59.27,0,5919
11678,1580,round_end,607.41,1,T_a02bf5e9,0,0,0,0,0,0,5920
11679,1580,round_end,240.04,1,T_a02bf5e9,0,0,0,0,0,0,5921
11680,1581,round_end,339.62,1,T_8c03018b,1,0,2,100,99.99,0,5922
11681,1581,round_end,638.02,2,T_8c03018b,1,1,1,83.31,100,0,5922
11682,1581,round_end,827.29,3,T_8c03018b,1,2,0,25.17,100,0,5922
11683,1581,round_end,827.29,3,T_8c03018b,1,2,0,25.17,100,0,5922
11685,1581,round_end,404.22,1,T_a02bf5e9,0,1,1,0,0,0,5924
11686,1581,round_end,909.66,2,T_5568bd9d,2,3,2,0,0,0,5924
11687,1581,round_end,817.69,6,T_a02bf5e9,1,4,4,0,0,40,5925
11688,1581,round_end,404.22,1,T_a02bf5e9,0,1,1,0,0,0,5926
11689,1581,round_end,909.66,2,T_5568bd9d,2,3,2,0,0,0,5926
11690,1581,round_end,404.22,1,T_a02bf5e9,0,1,1,0,0,0,5927
11691,1581,round_end,909.66,2,T_5568bd9d,2,3,2,0,0,0,5927
11692,1581,round_end,505.11,1,T_a02bf5e9,0,2,2,0,0,0,5928
11693,1581,round_end,957.19,2,T_5568bd9d,3,3,3,0,0,27.69,5928
11694,1581,round_end,957.19,2,T_5568bd9d,3,3,3,0,0,27.69,5928
11695,1581,round_end,644.69,1,T_a02bf5e9,0,0,0,0,0,0,5929
11696,1581,round_end,182.45,1,T_a02bf5e9,0,0,0,0,0,417.58,5930
11697,1581,round_end,404.22,1,T_a02bf5e9,0,1,1,0,0,0,5931
11698,1581,round_end,909.66,2,T_5568bd9d,2,3,2,0,0,0,5931
11699,1581,round_end,404.22,1,T_a02bf5e9,0,1,1,0,0,0,5932
11700,1581,round_end,909.66,2,T_5568bd9d,2,3,2,0,0,0,5932
11701,1582,round_end,182.48,1,T_8c03018b,0,1,2,12.23,100,0,5933
11702,1582,round_end,398.65,2,T_8c03018b,0,2,0,25.24,100,0,5933
11703,1582,round_end,674.62,3,T_8c03018b,0,3,1,76.68,100,0,5933
11704,1582,round_end,491.13,1,T_a02bf5e9,0,3,3,0,0,6.27,5934
11705,1582,round_end,862.82,2,T_5568bd9d,3,3,3,0,0,108.11,5934
11706,1582,round_end,801.68,6,T_a02bf5e9,3,2,0,0,0,40,5935
11707,1582,round_end,613.88,1,T_a02bf5e9,0,0,0,0,0,0,5936
11708,1582,round_end,473.37,1,T_a02bf5e9,0,3,3,0,0,19.34,5937
11709,1582,round_end,953.14,2,T_5568bd9d,2,3,2,0,0,0,5937
11710,1582,round_end,249.72,1,T_8c03018b,0,1,2,74.21,100,0,5938
11711,1582,round_end,408.99,2,T_8c03018b,0,2,1,0,100,0,5938
11712,1582,round_end,648.81,3,T_8c03018b,0,3,0,60.01,100,0,5938
11713,1583,round_end,210.36,1,T_8c03018b,0,1,2,0,100,0,5939
11714,1583,round_end,473.39,2,T_8c03018b,0,2,0,45.05,100,0,5939
11715,1583,round_end,686.35,3,T_8c03018b,0,3,1,0,100,0,5939
11716,1584,round_end,520.98,1,T_a02bf5e9,0,2,2,0,0,0,5940
11717,1584,round_end,760.85,2,T_5568bd9d,0,3,0,0,0,0,5940
11718,1584,round_end,824.32,5,T_a02bf5e9,5,0,1,100,49.14,0,5941
11719,1584,round_end,613.8,1,T_a02bf5e9,0,0,0,0,0,0,5942
11720,1585,round_end,252.11,1,T_8c03018b,1,0,2,100,63.65,0,5943
11721,1585,round_end,407.58,2,T_8c03018b,1,1,0,0,100,0,5943
11722,1585,round_end,726.58,3,T_8c03018b,1,2,1,99.99,100,0,5943
11723,1585,round_end,726.58,3,T_8c03018b,1,2,1,99.99,100,0,5943
11724,1585,round_end,240.04,1,T_a02bf5e9,0,0,0,0,0,0,5944
11725,1585,round_end,654.72,2,T_5568bd9d,1,3,1,0,0,0,5944
11726,1585,round_end,819.17,6,T_a02bf5e9,2,3,0,0,0,40,5945
11727,1585,round_end,329.39,1,T_a02bf5e9,0,3,3,0,0,150.7,5946
11728,1585,round_end,728.31,2,T_5568bd9d,1,3,1,0,0,0,5946
11729,1585,round_end,631.3,1,T_a02bf5e9,0,0,0,0,0,0,5947
11730,1585,round_end,287.05,1,T_8c03018b,0,1,2,83.43,100,0,5948
11731,1585,round_end,448.02,2,T_8c03018b,0,2,1,0,100,0,5948
11732,1585,round_end,754.97,3,T_8c03018b,0,3,0,98.23,100,0,5948
11734,1586,round_end,210.36,1,T_8c03018b,0,1,2,0,100,0,5950
11735,1586,round_end,473.39,2,T_8c03018b,0,2,0,45.05,100,0,5950
11736,1586,round_end,686.35,3,T_8c03018b,0,3,1,0,100,0,5950
11737,1586,round_end,263.56,1,T_8c03018b,1,0,0,100,55.67,0,5951
11738,1586,round_end,567.72,2,T_8c03018b,1,1,2,99.99,100,0,5951
11739,1586,round_end,870.67,3,T_8c03018b,1,2,1,99.99,100,0,5951
11740,1586,round_end,870.67,3,T_8c03018b,1,2,1,99.99,100,0,5951
11744,1586,round_end,403.62,1,T_a02bf5e9,0,1,1,0,0,0,5953
11745,1586,round_end,789.9,2,T_5568bd9d,3,3,3,0,0,93.64,5953
11746,1586,round_end,789.9,2,T_5568bd9d,3,3,3,0,0,93.64,5953
11747,1586,round_end,705.03,1,T_a02bf5e9,0,0,0,0,0,0,5954
11748,1586,round_end,933.05,6,T_a02bf5e9,1,4,2,0,0,40,5955
11749,1586,round_end,281.2,1,T_a02bf5e9,0,0,0,0,0,318.87,5956
11754,1588,round_end,311.91,1,T_8c03018b,1,0,0,100,99.99,0,5959
11755,1588,round_end,515.24,2,T_8c03018b,2,0,1,100,33.13,0,5959
11756,1588,round_end,779.05,3,T_8c03018b,3,0,2,100,83.68,0,5959
11757,1588,round_end,480.2,1,T_a02bf5e9,0,2,2,0,0,0,5960
11758,1588,round_end,864.3,2,T_5568bd9d,3,3,3,0,0,95.75,5960
11759,1588,round_end,864.3,2,T_5568bd9d,3,3,3,0,0,95.75,5960
11760,1584,round_end,210.36,1,T_8c03018b,0,1,2,0,100,0,5963
11761,1584,round_end,473.39,2,T_8c03018b,0,2,0,45.05,100,0,5963
11762,1584,round_end,686.35,3,T_8c03018b,0,3,1,0,100,0,5963
11765,1584,round_end,413.24,1,T_a02bf5e9,0,1,1,0,0,0,5965
11766,1584,round_end,684.85,2,T_5568bd9d,3,3,3,0,0,208.33,5965
11767,1584,round_end,684.85,2,T_5568bd9d,3,3,3,0,0,208.33,5965
11771,1590,round_end,319.85,1,T_8c03018b,0,1,1,99.99,100,0,5967
11772,1590,round_end,511.19,2,T_8c03018b,0,2,2,30.8,100,0,5967
11773,1590,round_end,712.95,3,T_8c03018b,0,3,0,36.08,100,0,5967
11774,1590,round_end,402.99,1,T_a02bf5e9,0,1,1,0,0,0,5968
11775,1590,round_end,928.17,2,T_5568bd9d,3,3,3,0,0,0,5968
11776,1590,round_end,928.17,2,T_5568bd9d,3,3,3,0,0,0,5968
11777,1590,round_end,762.12,5,T_a02bf5e9,5,0,3,100,77.1,0,5969
11778,1590,round_end,245.03,1,T_a02bf5e9,0,0,0,0,0,0,5970
11779,1590,round_end,676.55,2,T_5568bd9d,3,3,3,0,0,48.58,5970
11780,1590,round_end,676.55,2,T_5568bd9d,3,3,3,0,0,48.58,5970
11781,1590,round_end,275.99,1,T_a02bf5e9,0,0,0,0,0,324.07,5971
11782,1590,round_end,269.34,1,T_8c03018b,1,0,0,100,81.62,0,5972
11783,1590,round_end,568.82,2,T_8c03018b,1,1,1,97.24,100,0,5972
11784,1590,round_end,758.42,3,T_8c03018b,1,2,2,0,100,0,5972
11785,1590,round_end,758.42,3,T_8c03018b,1,2,2,0,100,0,5972
11786,1591,round_end,189.52,1,T_8c03018b,1,0,0,100,0,0,5973
11787,1591,round_end,523,2,T_8c03018b,2,0,1,100,96.38,0,5973
11788,1591,round_end,720.33,3,T_8c03018b,3,0,2,100,9.59,0,5973
11789,1591,round_end,516.12,1,T_a02bf5e9,0,2,2,0,0,0,5974
11790,1591,round_end,995.86,2,T_5568bd9d,2,3,2,0,0,0,5974
11791,1591,round_end,887.5,6,T_a02bf5e9,3,2,0,0,0,40,5975
11792,1591,round_end,355.61,1,T_a02bf5e9,0,3,3,0,0,124.54,5976
11793,1591,round_end,843.82,2,T_5568bd9d,2,3,2,0,0,0,5976
11794,1591,round_end,627.99,1,T_a02bf5e9,0,0,0,0,0,0,5977
11795,1591,round_end,364.28,1,T_8c03018b,0,1,1,99.99,100,0,5978
11796,1591,round_end,690.4,2,T_8c03018b,1,1,0,100,99.99,0,5978
11797,1591,round_end,1045.46,3,T_8c03018b,1,2,2,99.99,100,0,5978
11798,1591,round_end,1045.46,3,T_8c03018b,1,2,2,99.99,100,0,5978
11799,1592,round_end,244.38,1,T_8c03018b,0,1,2,45.03,100,0,5979
11800,1592,round_end,407.87,2,T_8c03018b,0,2,1,0,100,0,5979
11801,1592,round_end,613.52,3,T_8c03018b,1,2,0,100,38.57,0,5979
11802,1592,round_end,613.52,3,T_8c03018b,1,2,0,100,38.57,0,5979
11803,1592,round_end,327.85,1,T_a02bf5e9,0,0,0,0,0,272.26,5980
11804,1592,round_end,418.34,1,T_a02bf5e9,0,3,3,0,0,61.85,5981
11805,1592,round_end,910.6,2,T_5568bd9d,2,3,2,0,0,0,5981
11806,1592,round_end,966.84,6,T_a02bf5e9,2,3,0,0,0,40,5982
11807,1592,round_end,464.13,1,T_a02bf5e9,0,3,3,0,0,16.1,5983
11808,1592,round_end,955.45,2,T_5568bd9d,3,3,3,0,0,0,5983
7839,1053,round_end,285.13,1,T_8c03018b,1,0,0,100,81.15,0,
7840,1053,round_end,579.92,2,T_8c03018b,1,1,2,99.99,100,0,
7841,1053,round_end,814.56,3,T_8c03018b,1,2,1,48.87,100,0,
7842,1053,round_end,814.56,3,T_8c03018b,1,2,1,48.87,100,0,
11812,1594,round_end,290.89,1,T_8c03018b,0,1,2,97.94,100,0,5985
11813,1594,round_end,625.54,1,T_a02bf5e9,0,0,0,0,0,0,5986
11814,1594,round_end,508.34,1,T_a02bf5e9,0,2,2,0,0,0,5987
11815,1594,round_end,951.61,2,T_5568bd9d,3,3,3,0,0,36.5,5987
11816,1594,round_end,951.61,2,T_5568bd9d,3,3,3,0,0,36.5,5987
11817,1594,round_end,527.16,1,T_a02bf5e9,0,3,3,0,0,0,5988
11818,1594,round_end,939.19,2,T_5568bd9d,3,3,3,0,0,67.75,5988
11819,1594,round_end,1009.18,6,T_a02bf5e9,2,3,1,0,0,40,5989
7855,1054,round_end,808.5,3,T_8c03018b,2,1,0,100,79.56,0,
11831,1600,round_end,319.01,1,T_8c03018b,1,0,1,100,99.99,0,5996
11832,1600,round_end,549.68,2,T_8c03018b,1,1,2,34.99,100,0,5996
11833,1600,round_end,849.96,3,T_8c03018b,2,1,0,100,95.61,0,5996
11834,1600,round_end,849.96,3,T_8c03018b,2,1,0,100,95.61,0,5996
11835,1600,round_end,600.15,1,T_a02bf5e9,0,0,0,0,0,0,5997
11836,1600,round_end,876.61,6,T_a02bf5e9,2,3,0,0,0,40,5998
11837,1600,round_end,876.61,6,T_a02bf5e9,2,3,0,0,0,40,5999
11838,1600,round_end,876.61,6,T_a02bf5e9,2,3,0,0,0,40,6000
11844,1600,round_end,876.61,6,T_a02bf5e9,2,3,0,0,0,40,6003
11845,1600,round_end,480.2,1,T_a02bf5e9,0,2,2,0,0,0,6004
11846,1600,round_end,962.99,2,T_5568bd9d,3,3,3,0,0,0,6004
11847,1600,round_end,962.99,2,T_5568bd9d,3,3,3,0,0,0,6004
11850,1600,round_end,533.32,1,T_a02bf5e9,0,2,2,0,0,0,6006
11851,1600,round_end,962.47,2,T_5568bd9d,1,3,1,0,0,0,6006
11852,1600,round_end,876.61,6,T_a02bf5e9,2,3,0,0,0,40,6007
11853,1600,round_end,177.93,1,T_8c03018b,1,0,0,100,19.35,0,6008
11854,1600,round_end,365.94,2,T_8c03018b,2,0,1,100,12.56,0,6008
11855,1600,round_end,721.95,3,T_8c03018b,2,1,2,99.99,100,0,6008
11856,1600,round_end,721.95,3,T_8c03018b,2,1,2,99.99,100,0,6008
11857,1601,round_end,189.27,1,T_8c03018b,1,0,0,100,14.75,0,6009
11858,1601,round_end,385.22,2,T_8c03018b,2,0,1,100,31.63,0,6009
11859,1601,round_end,548.89,3,T_8c03018b,3,0,2,100,0,0,6009
11860,1601,round_end,438.08,1,T_a02bf5e9,0,1,1,0,0,0,6010
11861,1601,round_end,706.1,2,T_5568bd9d,3,3,3,0,0,211.88,6010
11862,1601,round_end,706.1,2,T_5568bd9d,3,3,3,0,0,211.88,6010
11863,1601,round_end,637.01,1,T_a02bf5e9,0,0,0,0,0,0,6011
11864,1601,round_end,264.51,1,T_a02bf5e9,0,0,0,0,0,0,6012
11865,1601,round_end,724.9,2,T_5568bd9d,3,3,3,0,0,19.66,6012
11866,1601,round_end,724.9,2,T_5568bd9d,3,3,3,0,0,19.66,6012
11867,1601,round_end,839.94,5,T_a02bf5e9,5,0,3,100,87.52,0,6013
11868,1601,round_end,395.45,1,T_a02bf5e9,0,1,1,0,0,0,6014
11869,1601,round_end,760.6,2,T_5568bd9d,3,3,3,0,0,114.79,6014
11870,1601,round_end,760.6,2,T_5568bd9d,3,3,3,0,0,114.79,6014
11871,1601,round_end,395.45,1,T_a02bf5e9,0,1,1,0,0,0,6015
11872,1601,round_end,760.6,2,T_5568bd9d,3,3,3,0,0,114.79,6015
11873,1601,round_end,760.6,2,T_5568bd9d,3,3,3,0,0,114.79,6015
11874,1601,round_end,395.45,1,T_a02bf5e9,0,1,1,0,0,0,6016
11875,1601,round_end,760.6,2,T_5568bd9d,3,3,3,0,0,114.79,6016
11876,1601,round_end,760.6,2,T_5568bd9d,3,3,3,0,0,114.79,6016
11877,1601,round_end,395.45,1,T_a02bf5e9,0,1,1,0,0,0,6017
11878,1601,round_end,760.6,2,T_5568bd9d,3,3,3,0,0,114.79,6017
11879,1601,round_end,760.6,2,T_5568bd9d,3,3,3,0,0,114.79,6017
11880,1601,round_end,395.45,1,T_a02bf5e9,0,1,1,0,0,0,6018
11881,1601,round_end,760.6,2,T_5568bd9d,3,3,3,0,0,114.79,6018
11882,1601,round_end,760.6,2,T_5568bd9d,3,3,3,0,0,114.79,6018
11883,1601,round_end,395.45,1,T_a02bf5e9,0,1,1,0,0,0,6019
11884,1601,round_end,760.6,2,T_5568bd9d,3,3,3,0,0,114.79,6019
11885,1601,round_end,760.6,2,T_5568bd9d,3,3,3,0,0,114.79,6019
11886,1601,round_end,395.45,1,T_a02bf5e9,0,1,1,0,0,0,6020
11887,1601,round_end,760.6,2,T_5568bd9d,3,3,3,0,0,114.79,6020
11888,1601,round_end,760.6,2,T_5568bd9d,3,3,3,0,0,114.79,6020
11889,1602,round_end,329.28,1,T_8c03018b,0,1,1,97.84,100,0,6021
11890,1602,round_end,604.18,2,T_8c03018b,0,2,0,78.48,100,0,6021
11891,1602,round_end,905.87,3,T_8c03018b,0,3,2,99.99,100,0,6021
11892,1602,round_end,600.15,1,T_99940b25,0,0,0,0,0,0,6022
11893,1602,round_end,367.43,1,T_99940b25,0,3,3,0,0,112.71,6023
11894,1602,round_end,774.55,2,T_3238eb96,1,3,1,0,0,0,6023
11895,1602,round_end,507.09,1,T_99940b25,0,2,2,0,0,0,6024
11896,1602,round_end,1039.09,2,T_3238eb96,2,3,2,0,0,0,6024
11897,1602,round_end,803.22,5,T_99940b25,5,0,2,100,61.28,0,6025
11898,1602,round_end,600.18,1,T_99940b25,0,0,0,0,0,0,6026
11899,1603,round_end,215,1,T_8c03018b,1,0,1,100,24.11,0,6027
11900,1603,round_end,411.57,2,T_8c03018b,2,0,0,100,0,0,6027
11901,1603,round_end,617.73,3,T_8c03018b,2,1,2,37.2,100,0,6027
11902,1603,round_end,617.73,3,T_8c03018b,2,1,2,37.2,100,0,6027
11903,1603,round_end,225.41,1,T_a02bf5e9,0,3,3,0,0,254.63,6028
11904,1603,round_end,507.18,2,T_5568bd9d,0,3,0,0,0,0,6028
11905,1603,round_end,696.8,1,T_a02bf5e9,0,0,0,0,0,0,6029
11906,1603,round_end,696.8,1,T_a02bf5e9,0,0,0,0,0,0,6030
11907,1604,round_end,162.01,1,T_8c03018b,0,1,0,0,100,0,6031
11908,1604,round_end,370.63,2,T_8c03018b,0,2,2,27.04,100,0,6031
11909,1604,round_end,619.03,3,T_8c03018b,0,3,1,70.59,100,0,6031
11910,1604,round_end,397.75,1,T_a02bf5e9,0,1,1,0,0,0,6032
11911,1604,round_end,798.36,2,T_5568bd9d,3,3,3,0,0,79.27,6032
11912,1604,round_end,798.36,2,T_5568bd9d,3,3,3,0,0,79.27,6032
11913,1604,round_end,819.68,6,T_a02bf5e9,4,1,3,0,0,40,6033
11914,1604,round_end,385.02,1,T_a02bf5e9,0,0,0,0,0,215.14,6034
11915,1605,round_end,162.71,1,T_8c03018b,0,1,0,0,100,0,6035
11916,1605,round_end,518.59,2,T_8c03018b,1,1,1,100,99.99,0,6035
11917,1605,round_end,811.65,3,T_8c03018b,2,1,2,100,99.99,0,6035
11918,1605,round_end,811.65,3,T_8c03018b,2,1,2,100,99.99,0,6035
11919,1605,round_end,367.03,1,T_a02bf5e9,0,3,3,0,0,113.11,6036
11920,1605,round_end,869.86,2,T_5568bd9d,2,3,2,0,0,0,6036
11921,1605,round_end,396.31,1,T_a02bf5e9,0,3,3,0,0,83.86,6037
11922,1605,round_end,816.96,2,T_5568bd9d,1,3,1,0,0,0,6037
11923,1605,round_end,606.81,1,T_a02bf5e9,0,0,0,0,0,0,6038
11924,1605,round_end,764.69,6,T_a02bf5e9,1,4,0,0,0,40,6039
11925,1605,round_end,764.69,6,T_a02bf5e9,1,4,0,0,0,40,6040
11926,1605,round_end,613.55,1,T_a02bf5e9,0,0,0,0,0,0,6041
11927,1604,round_end,371.28,1,T_a02bf5e9,0,3,3,0,0,108.87,6042
11928,1604,round_end,704.27,2,T_5568bd9d,3,3,3,0,0,147.03,6042
11929,1606,round_end,268.14,1,T_8c03018b,0,1,2,89.21,100,0,6043
11930,1606,round_end,454.73,2,T_8c03018b,0,2,0,0,100,0,6043
11931,1606,round_end,740.14,3,T_8c03018b,0,3,1,75.39,100,0,6043
11932,1606,round_end,388.66,1,T_5ec108cc,0,3,3,0,0,91.48,6044
11933,1606,round_end,701.21,2,T_3238eb96,3,3,3,0,0,167.39,6044
11934,1606,round_end,895.18,6,T_5ec108cc,3,2,2,0,0,40,6045
11935,1606,round_end,636.44,1,T_5ec108cc,0,0,0,0,0,0,6046
11936,1606,round_end,636.44,1,T_5ec108cc,0,0,0,0,0,0,6047
11937,1606,round_end,390.29,1,T_5ec108cc,0,3,3,0,0,89.84,6048
11938,1606,round_end,884.63,2,T_3238eb96,2,3,2,0,0,0,6048
11939,1606,round_end,600.21,1,T_5ec108cc,0,0,0,0,0,0,6049
11940,1609,round_end,455.31,1,T_a02bf5e9,0,3,3,0,0,24.87,6050
11941,1609,round_end,896.93,2,T_5568bd9d,3,3,3,0,0,38.17,6050
11942,1609,round_end,896.93,2,T_5568bd9d,3,3,3,0,0,38.17,6050
11943,1609,round_end,480.28,1,T_a02bf5e9,0,2,2,0,0,0,6051
11944,1609,round_end,928.12,2,T_5568bd9d,3,3,3,0,0,31.98,6051
11945,1609,round_end,928.12,2,T_5568bd9d,3,3,3,0,0,31.98,6051
11946,1609,round_end,179.61,1,T_8c03018b,0,1,1,0,100,0,6052
11947,1609,round_end,447.55,2,T_8c03018b,0,2,0,84.36,100,0,6052
11948,1609,round_end,770.91,3,T_8c03018b,1,2,2,100,99.99,0,6052
11949,1609,round_end,770.91,3,T_8c03018b,1,2,2,100,99.99,0,6052
11950,1609,round_end,814.27,6,T_a02bf5e9,4,1,0,0,0,40,6053
11951,1610,round_end,264.74,1,T_a02bf5e9,0,0,0,0,0,335.32,6054
11952,1610,round_end,245.05,1,T_a02bf5e9,0,0,0,0,0,0,6055
11953,1610,round_end,431.93,2,T_5568bd9d,3,3,3,0,0,293.27,6055
11954,1610,round_end,431.93,2,T_5568bd9d,3,3,3,0,0,293.27,6055
11955,1610,round_end,915.68,6,T_a02bf5e9,2,3,0,0,0,40,6056
11956,1610,round_end,485.16,1,T_a02bf5e9,0,2,2,0,0,0,6057
11957,1610,round_end,874.95,2,T_5568bd9d,1,3,1,0,0,0,6057
11958,1610,round_end,401.02,1,T_a02bf5e9,0,0,0,0,0,199.14,6058
11962,1610,round_end,484.23,1,T_a02bf5e9,0,2,2,0,0,0,6062
11963,1610,round_end,867.57,2,T_5568bd9d,3,3,3,0,0,96.49,6062
11964,1610,round_end,867.57,2,T_5568bd9d,3,3,3,0,0,96.49,6062
11965,1610,round_end,1059.34,6,T_a02bf5e9,2,3,0,0,0,40,6063
11966,1610,round_end,454.28,1,T_a02bf5e9,0,1,1,0,0,0,6064
11967,1610,round_end,973.5,2,T_5568bd9d,3,3,3,0,0,0,6064
11968,1610,round_end,973.5,2,T_5568bd9d,3,3,3,0,0,0,6064
11970,1623,round_end,307.38,1,T_8c03018b,1,0,1,100,99.99,0,6066
11971,1623,round_end,540.92,2,T_8c03018b,2,0,2,100,42.11,0,6066
11972,1623,round_end,760.17,3,T_8c03018b,2,1,0,32.49,100,0,6066
11973,1623,round_end,760.17,3,T_8c03018b,2,1,0,32.49,100,0,6066
11974,1623,round_end,409.15,1,T_a02bf5e9,0,1,1,0,0,0,6067
11975,1623,round_end,889.01,2,T_5568bd9d,2,3,2,0,0,0,6067
11976,1623,round_end,1002.64,6,T_a02bf5e9,1,4,0,0,0,40,6068
11977,1623,round_end,472.66,1,T_a02bf5e9,0,0,0,0,0,127.56,6069
11978,1623,round_end,612.38,1,T_a02bf5e9,0,0,0,0,0,0,6070
11979,1624,round_end,310.2,1,T_8c03018b,0,1,2,99.99,100,0,6071
11980,1624,round_end,617.97,2,T_8c03018b,1,1,1,100,99.99,0,6071
11981,1624,round_end,877.19,3,T_8c03018b,1,2,0,68.55,100,0,6071
11982,1624,round_end,877.19,3,T_8c03018b,1,2,0,68.55,100,0,6071
11983,1624,round_end,497.81,1,T_a02bf5e9,0,3,3,0,0,12.39,6072
11984,1624,round_end,957.13,2,T_5568bd9d,1,3,1,0,0,0,6072
11985,1624,round_end,822.1,6,T_a02bf5e9,1,4,4,0,0,40,6073
11986,1624,round_end,445.68,1,T_a02bf5e9,0,3,3,0,0,34.47,6074
11987,1624,round_end,922.58,2,T_5568bd9d,1,3,1,0,0,0,6074
11988,1624,round_end,626.96,1,T_a02bf5e9,0,0,0,0,0,0,6075
11989,1625,round_end,274.92,1,T_8c03018b,1,0,2,100,85.45,0,6076
11990,1625,round_end,522.15,2,T_8c03018b,2,0,1,100,62.25,0,6076
11991,1625,round_end,717.13,3,T_8c03018b,2,1,0,0,100,0,6076
11992,1625,round_end,717.13,3,T_8c03018b,2,1,0,0,100,0,6076
11993,1625,round_end,411.64,1,T_a02bf5e9,0,1,1,0,0,0,6077
11994,1625,round_end,909.96,2,T_5568bd9d,2,3,2,0,0,0,6077
11997,1625,round_end,412.93,1,T_a02bf5e9,0,0,0,0,0,187.26,6079
7912,1058,round_end,393.07,1,T_a02bf5e9,0,0,0,2,5,0,
11998,1626,round_end,248.65,1,T_a02bf5e9,0,0,0,0,0,0,6080
11999,1626,round_end,697.19,2,T_5568bd9d,3,3,3,0,0,31.39,6080
12000,1626,round_end,697.19,2,T_5568bd9d,3,3,3,0,0,31.39,6080
12005,1628,round_end,210.6,1,T_8c03018b,0,1,2,33.23,100,0,6082
12006,1628,round_end,384.72,2,T_8c03018b,1,1,1,100,0,0,6082
12007,1628,round_end,689.88,3,T_8c03018b,1,2,0,73.87,100,0,6082
12008,1628,round_end,689.88,3,T_8c03018b,1,2,0,73.87,100,0,6082
12009,1628,round_end,284.07,1,T_a02bf5e9,0,3,3,0,0,196.01,6083
12010,1628,round_end,705.97,2,T_5568bd9d,1,3,1,0,0,0,6083
12011,1628,round_end,624.51,1,T_a02bf5e9,0,0,0,0,0,0,6084
12012,1628,round_end,284.07,1,T_a02bf5e9,0,3,3,0,0,196.01,6085
12013,1628,round_end,705.97,2,T_5568bd9d,1,3,1,0,0,0,6085
12014,1628,round_end,791.25,6,T_a02bf5e9,1,4,3,0,0,40,6086
12015,1628,round_end,189.83,1,T_8c03018b,1,0,2,100,0,0,6087
12016,1628,round_end,522.7,2,T_8c03018b,2,0,0,100,99.99,0,6087
12017,1628,round_end,284.07,1,T_a02bf5e9,0,3,3,0,0,196.01,6088
12018,1628,round_end,705.97,2,T_5568bd9d,1,3,1,0,0,0,6088
12019,1628,round_end,189.83,1,T_8c03018b,1,0,2,100,0,0,6089
12020,1628,round_end,522.7,2,T_8c03018b,2,0,0,100,99.99,0,6089
12021,1628,round_end,284.07,1,T_a02bf5e9,0,3,3,0,0,196.01,6090
12022,1628,round_end,705.97,2,T_5568bd9d,1,3,1,0,0,0,6090
12023,1628,round_end,284.07,1,T_a02bf5e9,0,3,3,0,0,196.01,6091
12024,1628,round_end,705.97,2,T_5568bd9d,1,3,1,0,0,0,6091
12044,34,round_end,632.71,1,T_b5daed59,0,0,3,5,4,0,6111
12045,1631,round_end,189.83,1,T_8c03018b,1,0,2,100,0,0,6112
12046,1631,round_end,522.7,2,T_8c03018b,2,0,0,100,99.99,0,6112
12047,1632,round_end,210.6,1,T_8c03018b,0,1,2,33.23,100,0,6113
12048,1632,round_end,384.72,2,T_8c03018b,1,1,1,100,0,0,6113
12049,1632,round_end,689.88,3,T_8c03018b,1,2,0,73.87,100,0,6113
12050,1632,round_end,689.88,3,T_8c03018b,1,2,0,73.87,100,0,6113
12051,1632,round_end,284.07,1,T_a02bf5e9,0,3,3,0,0,196.01,6114
12052,1632,round_end,705.97,2,T_5568bd9d,1,3,1,0,0,0,6114
12057,1632,round_end,284.07,1,T_a02bf5e9,0,3,3,0,0,196.01,6116
12058,1632,round_end,705.97,2,T_5568bd9d,1,3,1,0,0,0,6116
12059,1632,round_end,624.51,1,T_a02bf5e9,0,0,0,0,0,0,6117
12060,1632,round_end,791.25,6,T_a02bf5e9,1,4,3,0,0,40,6118
12061,1632,round_end,189.83,1,T_8c03018b,1,0,2,100,0,0,6119
12062,1632,round_end,522.7,2,T_8c03018b,2,0,0,100,99.99,0,6119
12063,1632,round_end,189.83,1,T_8c03018b,1,0,2,100,0,0,6120
12064,1632,round_end,522.7,2,T_8c03018b,2,0,0,100,99.99,0,6120
12065,1633,round_end,338.69,1,T_8c03018b,1,0,2,100,99.99,0,6121
12066,1633,round_end,605.57,2,T_8c03018b,1,1,1,63.84,100,0,6121
12067,1633,round_end,850.22,3,T_8c03018b,2,1,0,100,59.56,0,6121
12068,1633,round_end,850.22,3,T_8c03018b,2,1,0,100,59.56,0,6121
12069,1633,round_end,522.05,1,T_a02bf5e9,0,2,2,0,0,0,6122
12070,1633,round_end,922.23,2,T_5568bd9d,3,3,3,0,0,79.6,6122
12071,1633,round_end,922.23,2,T_5568bd9d,3,3,3,0,0,79.6,6122
12072,1633,round_end,600.16,1,T_a02bf5e9,0,0,0,0,0,0,6123
12075,1635,round_end,291.37,1,T_8c03018b,1,0,2,100,99.99,0,6127
12076,1635,round_end,568.81,2,T_8c03018b,1,1,0,73.03,100,0,6127
12077,1635,round_end,819.39,3,T_8c03018b,1,2,1,69.65,100,0,6127
12078,1635,round_end,819.39,3,T_8c03018b,1,2,1,69.65,100,0,6127
12079,1635,round_end,632.79,1,T_a02bf5e9,0,0,0,0,0,0,6128
12080,1636,round_end,192.69,1,T_8c03018b,0,1,0,27.77,100,0,6129
12081,1636,round_end,397.22,2,T_8c03018b,1,1,2,100,26.27,0,6129
12082,1636,round_end,608.94,3,T_8c03018b,2,1,1,100,28.35,0,6129
12083,1636,round_end,608.94,3,T_8c03018b,2,1,1,100,28.35,0,6129
12084,1636,round_end,390.13,1,T_a02bf5e9,0,1,1,0,0,0,6130
12085,1636,round_end,771.88,2,T_5568bd9d,3,3,3,0,0,98.1,6130
12086,1636,round_end,771.88,2,T_5568bd9d,3,3,3,0,0,98.1,6130
12087,1636,round_end,688.24,1,T_a02bf5e9,0,0,0,0,0,0,6131
12088,1636,round_end,956.94,6,T_a02bf5e9,4,1,0,0,0,40,6132
12089,1636,round_end,508.85,1,T_a02bf5e9,0,2,2,0,0,0,6133
12090,1636,round_end,1020.56,2,T_5568bd9d,2,3,2,0,0,0,6133
12091,1635,round_end,747.76,5,T_a02bf5e9,5,0,3,100,52.96,0,6134
12095,1635,round_end,230.79,1,T_8c03018b,1,0,1,100,56.25,0,6136
12096,1635,round_end,394.52,2,T_8c03018b,2,0,0,100,0,0,6136
12097,1635,round_end,694.85,3,T_8c03018b,3,0,2,100,91.86,0,6136
12098,1635,round_end,501.66,1,T_a02bf5e9,0,2,2,0,0,0,6137
12099,1635,round_end,931.31,2,T_5568bd9d,3,3,3,0,0,50.1,6137
12100,1635,round_end,931.31,2,T_5568bd9d,3,3,3,0,0,50.1,6137
12101,1635,round_end,501.66,1,T_a02bf5e9,0,2,2,0,0,0,6138
12102,1635,round_end,931.31,2,T_5568bd9d,3,3,3,0,0,50.1,6138
12103,1635,round_end,931.31,2,T_5568bd9d,3,3,3,0,0,50.1,6138
12104,1635,round_end,501.66,1,T_a02bf5e9,0,2,2,0,0,0,6139
12105,1635,round_end,931.31,2,T_5568bd9d,3,3,3,0,0,50.1,6139
12106,1635,round_end,931.31,2,T_5568bd9d,3,3,3,0,0,50.1,6139
12107,1635,round_end,501.66,1,T_a02bf5e9,0,2,2,0,0,0,6140
12108,1635,round_end,931.31,2,T_5568bd9d,3,3,3,0,0,50.1,6140
12109,1635,round_end,931.31,2,T_5568bd9d,3,3,3,0,0,50.1,6140
12110,1635,round_end,501.66,1,T_a02bf5e9,0,2,2,0,0,0,6141
12111,1635,round_end,931.31,2,T_5568bd9d,3,3,3,0,0,50.1,6141
12112,1635,round_end,931.31,2,T_5568bd9d,3,3,3,0,0,50.1,6141
12113,1636,round_end,304.24,1,T_8c03018b,0,1,0,99.99,100,0,6142
12114,1636,round_end,561.92,2,T_8c03018b,0,2,1,49.91,100,0,6142
12115,1636,round_end,733.56,3,T_8c03018b,0,3,2,0,100,0,6142
12116,1637,round_end,301.14,1,T_8c03018b,0,1,0,99.99,100,0,6143
12117,1637,round_end,634.42,2,T_8c03018b,0,2,2,99.99,100,0,6143
12118,1637,round_end,813.82,3,T_8c03018b,1,2,1,100,0,0,6143
12119,1637,round_end,813.82,3,T_8c03018b,1,2,1,100,0,0,6143
12120,1637,round_end,247.99,1,T_a02bf5e9,0,0,0,0,0,0,6144
12121,1637,round_end,582.98,2,T_5568bd9d,3,3,3,0,0,145.12,6144
12122,1637,round_end,582.98,2,T_5568bd9d,3,3,3,0,0,145.12,6144
12123,1637,round_end,819.64,6,T_a02bf5e9,4,1,1,0,0,40,6145
12124,1637,round_end,630.77,1,T_a02bf5e9,0,0,0,0,0,0,6146
12125,1637,round_end,263.42,1,T_a02bf5e9,0,0,0,0,0,0,6147
12126,1637,round_end,534.16,2,T_5568bd9d,0,3,0,0,0,0,6147
12127,1637,round_end,254.6,1,T_8c03018b,1,0,0,100,50,0,6148
12128,1637,round_end,570.66,2,T_8c03018b,1,1,2,99.99,100,0,6148
12129,1637,round_end,865.44,3,T_8c03018b,2,1,1,100,79.6,0,6148
12130,1637,round_end,865.44,3,T_8c03018b,2,1,1,100,79.6,0,6148
12131,1635,round_end,480.22,1,T_a02bf5e9,0,2,2,0,0,0,6149
12132,1635,round_end,1046.56,2,T_5568bd9d,2,3,2,0,0,0,6149
7957,1062,round_end,361.61,1,T_5de6f547,0,3,3,0,0,118.52,
7958,1062,round_end,602.18,2,T_3238eb96,3,3,3,0,0,239.52,
7956,1062,round_end,768.74,3,T_8c03018b,3,0,0,100,37.55,0,
12134,1640,round_end,154.04,1,T_e8fb19ca,0,1,2,0,100,0,6152
12135,1640,round_end,316.81,2,T_e8fb19ca,0,2,1,0,100,0,6152
12136,1640,round_end,382.85,1,T_e8fb19ca,0,0,3,5,4,0,6153
12137,1640,round_end,390.82,1,T_e8fb19ca,0,1,1,0,0,0,6154
12138,1640,round_end,459.9,2,T_8e2038c6,2,1,1,0,0,320.92,6154
12139,1640,round_end,390.82,1,T_e8fb19ca,0,1,1,0,0,0,6155
12140,1640,round_end,459.9,2,T_8e2038c6,2,1,1,0,0,320.92,6155
12143,1640,round_end,407.54,1,T_e8fb19ca,0,3,3,0,0,72.65,6157
12144,1640,round_end,674.98,2,T_8e2038c6,0,3,0,0,0,0,6157
12149,1640,round_end,407.54,1,T_e8fb19ca,0,3,3,0,0,72.65,6160
12150,1640,round_end,674.98,2,T_8e2038c6,0,3,0,0,0,0,6160
12151,1641,round_end,266.43,1,T_8c03018b,0,1,0,75.59,100,0,6161
12152,1641,round_end,490.74,2,T_8c03018b,0,2,1,32.46,100,0,6161
12153,1641,round_end,737.89,3,T_8c03018b,0,3,2,66.4,100,0,6161
12154,1641,round_end,273.58,1,T_a02bf5e9,0,3,3,0,0,206.49,6162
12155,1641,round_end,800,2,T_5568bd9d,2,3,2,0,0,0,6162
12156,1641,round_end,353.97,1,T_a02bf5e9,0,3,3,0,0,126.15,6163
12157,1641,round_end,627.26,2,T_5568bd9d,0,3,0,0,0,0,6163
12158,1641,round_end,635.37,1,T_a02bf5e9,0,0,0,0,0,0,6164
12159,1641,round_end,818.05,6,T_a02bf5e9,2,3,1,0,0,40,6165
12168,1641,round_end,493.06,1,T_a02bf5e9,0,3,3,0,0,0,6169
12169,1641,round_end,1006.15,2,T_5568bd9d,3,3,3,0,0,0,6169
12170,1641,round_end,264.15,1,T_8c03018b,0,1,0,84.15,100,0,6170
12171,1641,round_end,494.58,2,T_8c03018b,0,2,1,20.09,100,0,6170
12172,1641,round_end,723.61,3,T_8c03018b,1,2,2,100,44.21,0,6170
12173,1641,round_end,723.61,3,T_8c03018b,1,2,2,100,44.21,0,6170
12174,1643,round_end,280.99,1,T_8c03018b,0,1,1,99.99,100,0,6171
12175,1643,round_end,441.46,2,T_8c03018b,1,1,0,100,0,0,6171
12176,1643,round_end,650.01,3,T_8c03018b,2,1,2,100,36.72,0,6171
12177,1643,round_end,650.01,3,T_8c03018b,2,1,2,100,36.72,0,6171
12178,1643,round_end,245.05,1,T_a02bf5e9,0,0,0,0,0,0,6172
12179,1644,round_end,268.32,1,T_a02bf5e9,0,0,0,0,0,0,6173
12180,1644,round_end,703.48,2,T_5568bd9d,1,3,1,0,0,0,6173
12181,1645,round_end,280.89,1,T_8c03018b,1,0,2,100,99.99,0,6174
12182,1645,round_end,585.31,2,T_8c03018b,2,0,1,100,98.56,0,6174
12183,1645,round_end,871,3,T_8c03018b,2,1,0,99.99,100,0,6174
12184,1645,round_end,871,3,T_8c03018b,2,1,0,99.99,100,0,6174
12185,1645,round_end,499.22,1,T_a02bf5e9,0,2,2,0,0,0,6175
12186,1645,round_end,897.63,2,T_5568bd9d,1,3,1,0,0,0,6175
12187,1645,round_end,827.58,6,T_a02bf5e9,4,1,1,0,0,40,6176
12189,1645,round_end,450.17,1,T_a02bf5e9,0,1,1,0,0,0,6178
12190,1645,round_end,848.11,2,T_5568bd9d,1,3,1,0,0,0,6178
12191,1645,round_end,680.33,1,T_a02bf5e9,0,0,0,0,0,0,6179
12192,1646,round_end,293.18,1,T_8c03018b,1,0,1,100,99.99,0,6180
12193,1646,round_end,596.61,2,T_8c03018b,2,0,0,100,99.99,0,6180
12194,1646,round_end,890.52,3,T_8c03018b,3,0,2,100,92.55,0,6180
12198,1646,round_end,426.97,1,T_a02bf5e9,0,1,1,0,0,0,6182
12199,1646,round_end,940.32,2,T_5568bd9d,2,3,2,0,0,0,6182
12200,1646,round_end,872.34,6,T_a02bf5e9,4,1,3,0,0,40,6183
12201,1646,round_end,605.22,1,T_a02bf5e9,0,0,0,0,0,0,6184
12202,1646,round_end,245.51,1,T_a02bf5e9,0,0,0,0,0,0,6185
12203,1646,round_end,725.55,2,T_5568bd9d,2,3,2,0,0,0,6185
12204,1647,round_end,272.75,1,T_8c03018b,1,0,1,100,95.35,0,6186
12205,1647,round_end,594.26,2,T_8c03018b,2,0,2,100,96.52,0,6186
12206,1647,round_end,840.3,3,T_8c03018b,2,1,0,40.32,100,0,6186
12207,1647,round_end,840.3,3,T_8c03018b,2,1,0,40.32,100,0,6186
12212,1650,round_end,381.84,1,T_a02bf5e9,0,3,3,0,0,98.3,6189
12213,1650,round_end,797.21,2,T_5568bd9d,1,3,1,0,0,0,6189
12214,1651,round_end,851.83,6,T_a02bf5e9,1,4,2,0,0,40,6190
12215,1652,round_end,716.21,1,T_a02bf5e9,0,0,0,0,0,0,6191
12216,1647,round_end,413.84,1,T_a02bf5e9,0,3,3,0,0,66.36,6192
12217,1647,round_end,670.57,2,T_5568bd9d,0,3,0,0,0,0,6192
12218,1647,round_end,381.84,1,T_a02bf5e9,0,3,3,0,0,98.3,6193
12219,1647,round_end,797.21,2,T_5568bd9d,1,3,1,0,0,0,6193
12220,1647,round_end,851.83,6,T_a02bf5e9,1,4,2,0,0,40,6194
12221,1647,round_end,716.21,1,T_a02bf5e9,0,0,0,0,0,0,6195
12222,1653,round_end,194.26,1,T_8c03018b,0,1,1,0,100,0,6196
12223,1653,round_end,384.68,2,T_8c03018b,0,2,2,29.39,100,0,6196
12224,1653,round_end,685.32,3,T_8c03018b,0,3,0,85.97,100,0,6196
12225,1653,round_end,480.23,1,T_a02bf5e9,0,2,2,0,0,0,6197
12226,1653,round_end,900.88,2,T_5568bd9d,1,3,1,0,0,0,6197
12227,1653,round_end,485.19,1,T_a02bf5e9,0,2,2,0,0,0,6198
12228,1653,round_end,916.85,2,T_5568bd9d,3,3,3,0,0,48.14,6198
12229,1653,round_end,916.85,2,T_5568bd9d,3,3,3,0,0,48.14,6198
12230,1653,round_end,929.3,6,T_a02bf5e9,1,4,2,0,0,40,6199
12231,1653,round_end,631.39,1,T_a02bf5e9,0,0,0,0,0,0,6200
12232,1654,round_end,186.79,1,T_8c03018b,1,0,1,100,0,0,6201
12233,1654,round_end,486.72,2,T_8c03018b,2,0,2,100,97.92,0,6201
12234,1654,round_end,764.04,3,T_8c03018b,2,1,0,68.72,100,0,6201
12235,1654,round_end,764.04,3,T_8c03018b,2,1,0,68.72,100,0,6201
12236,1654,round_end,240.04,1,T_a02bf5e9,0,0,0,0,0,0,6202
12237,1654,round_end,536.75,2,T_5568bd9d,3,3,3,0,0,183.43,6202
12238,1654,round_end,536.75,2,T_5568bd9d,3,3,3,0,0,183.43,6202
12240,1654,round_end,418.2,1,T_a02bf5e9,0,1,1,0,0,0,6204
12241,1654,round_end,824.62,2,T_5568bd9d,1,3,1,0,0,0,6204
12242,1654,round_end,804.45,6,T_a02bf5e9,4,1,0,0,0,40,6205
12248,1656,round_end,186.79,1,T_8c03018b,1,0,1,100,0,0,6208
12249,1656,round_end,486.72,2,T_8c03018b,2,0,2,100,97.92,0,6208
12250,1656,round_end,764.04,3,T_8c03018b,2,1,0,68.72,100,0,6208
12251,1656,round_end,764.04,3,T_8c03018b,2,1,0,68.72,100,0,6208
12252,1656,round_end,240.04,1,T_a02bf5e9,0,0,0,0,0,0,6209
12253,1656,round_end,536.75,2,T_5568bd9d,3,3,3,0,0,183.43,6209
12254,1656,round_end,536.75,2,T_5568bd9d,3,3,3,0,0,183.43,6209
12255,1656,round_end,668.5,1,T_a02bf5e9,0,0,0,0,0,0,6210
12256,1656,round_end,804.45,6,T_a02bf5e9,4,1,0,0,0,40,6211
12257,1656,round_end,418.2,1,T_a02bf5e9,0,1,1,0,0,0,6212
12258,1656,round_end,824.62,2,T_5568bd9d,1,3,1,0,0,0,6212
7998,1068,round_end,750.46,2,T_5de6f547,3,3,3,0,0,0,
12271,1663,round_end,309.65,1,T_8c03018b,0,1,1,99.99,100,0,6219
12272,1663,round_end,513.62,2,T_8c03018b,1,1,0,100,27.21,0,6219
12273,1663,round_end,799.73,3,T_8c03018b,2,1,2,100,85.65,0,6219
12274,1663,round_end,799.73,3,T_8c03018b,2,1,2,100,85.65,0,6219
12275,1663,round_end,921.28,6,T_a02bf5e9,3,2,3,0,0,40,6220
12276,1663,round_end,391.04,1,T_a02bf5e9,0,3,3,0,0,89.09,6221
12277,1663,round_end,881.25,2,T_5568bd9d,2,3,2,0,0,0,6221
12278,1663,round_end,390.12,1,T_a02bf5e9,0,1,1,0,0,0,6222
12279,1663,round_end,925.01,2,T_5568bd9d,2,3,2,0,0,0,6222
12283,1663,round_end,610.23,1,T_a02bf5e9,0,0,0,0,0,0,6226
12284,1663,round_end,381.53,1,T_a02bf5e9,0,3,3,0,0,98.58,6227
12285,1663,round_end,800.04,2,T_5568bd9d,1,3,1,0,0,0,6227
12291,1664,round_end,306.84,1,T_8c03018b,1,0,2,100,99.99,0,6231
12292,1664,round_end,620.24,2,T_8c03018b,2,0,0,100,99.99,0,6231
12293,1664,round_end,868.87,3,T_8c03018b,2,1,1,46.8,100,0,6231
12294,1664,round_end,868.87,3,T_8c03018b,2,1,1,46.8,100,0,6231
12295,1664,round_end,531.88,1,T_7f352ac7,0,2,2,0,0,0,6232
12296,1664,round_end,962.43,2,T_4bc42396,3,3,3,0,0,49.2,6232
12297,1664,round_end,962.43,2,T_4bc42396,3,3,3,0,0,49.2,6232
12298,1664,round_end,529.6,1,T_7f352ac7,0,3,3,0,0,0,6233
12299,1664,round_end,1009.32,2,T_4bc42396,2,3,2,0,0,0,6233
12300,1664,round_end,953.31,6,T_7f352ac7,2,3,0,0,0,40,6234
12301,1664,round_end,441.04,1,T_7f352ac7,0,0,0,0,0,159.12,6235
12302,1664,round_end,600.11,1,T_7f352ac7,0,0,0,0,0,0,6236
12303,1665,round_end,275.56,1,T_8c03018b,1,0,0,100,72.97,0,6237
12304,1665,round_end,538.84,2,T_8c03018b,2,0,1,100,68.43,0,6237
12305,1665,round_end,814.75,3,T_8c03018b,3,0,2,100,62.93,0,6237
12306,1665,round_end,539.83,1,T_a02bf5e9,0,3,3,0,0,0,6238
12307,1665,round_end,822.78,2,T_5568bd9d,3,3,3,0,0,196.9,6238
12308,1665,round_end,745.91,6,T_a02bf5e9,4,1,1,0,0,40,6239
12310,1665,round_end,745.91,6,T_a02bf5e9,4,1,1,0,0,40,6241
12311,1665,round_end,745.91,6,T_a02bf5e9,4,1,1,0,0,40,6242
12312,1665,round_end,395.16,1,T_a02bf5e9,0,1,1,0,0,0,6243
12313,1665,round_end,804.87,2,T_5568bd9d,3,3,3,0,0,70.17,6243
12314,1665,round_end,804.87,2,T_5568bd9d,3,3,3,0,0,70.17,6243
12315,1665,round_end,483.22,1,T_a02bf5e9,0,0,0,0,0,116.99,6244
12316,1666,round_end,261.12,1,T_8c03018b,0,1,2,61.72,100,0,6245
12317,1666,round_end,479.25,2,T_8c03018b,0,2,0,19.81,100,0,6245
12318,1666,round_end,801.93,3,T_8c03018b,0,3,1,99.99,100,0,6245
12319,1666,round_end,276.34,1,T_a02bf5e9,0,0,0,0,0,0,6246
12320,1666,round_end,624.99,2,T_5568bd9d,3,3,3,0,0,131.39,6246
12321,1666,round_end,624.99,2,T_5568bd9d,3,3,3,0,0,131.39,6246
12322,1666,round_end,287.07,1,T_a02bf5e9,0,0,0,0,0,0,6247
12323,1666,round_end,534.56,2,T_5568bd9d,3,3,3,0,0,232.67,6247
12324,1666,round_end,534.56,2,T_5568bd9d,3,3,3,0,0,232.67,6247
12325,1666,round_end,284.82,1,T_8c03018b,1,0,2,100,75.4,0,6248
12326,1666,round_end,585.57,2,T_8c03018b,2,0,0,100,99.99,0,6248
12327,1666,round_end,841.79,3,T_8c03018b,3,0,1,100,28.2,0,6248
12328,1666,round_end,626.57,1,T_a02bf5e9,0,0,0,0,0,0,6249
12330,1666,round_end,848.57,5,T_a02bf5e9,5,0,3,100,0,0,6251
12331,1667,round_end,247.16,1,T_8c03018b,0,1,0,55.97,100,0,6252
12332,1667,round_end,487.26,2,T_8c03018b,1,1,2,100,64,0,6252
12333,1667,round_end,693.49,3,T_8c03018b,2,1,1,100,0,0,6252
12334,1667,round_end,693.49,3,T_8c03018b,2,1,1,100,0,0,6252
12335,1667,round_end,356.93,1,T_a02bf5e9,0,3,3,0,0,123.24,6253
12336,1667,round_end,853.3,2,T_5568bd9d,2,3,2,0,0,0,6253
12337,1667,round_end,751.59,6,T_a02bf5e9,3,2,1,0,0,40,6254
12338,1667,round_end,502.58,1,T_a02bf5e9,0,3,3,0,0,0,6255
12339,1667,round_end,907.92,2,T_5568bd9d,1,3,1,0,0,0,6255
12340,1667,round_end,605.18,1,T_a02bf5e9,0,0,0,0,0,0,6256
12341,1667,round_end,212.41,1,T_8c03018b,0,1,2,28.08,100,0,6257
12342,1667,round_end,411.17,2,T_8c03018b,0,2,1,0,100,0,6257
12343,1667,round_end,685.15,3,T_8c03018b,0,3,0,76.57,100,0,6257
12344,1667,round_end,212.41,1,T_8c03018b,0,1,2,28.08,100,0,6258
12345,1667,round_end,411.17,2,T_8c03018b,0,2,1,0,100,0,6258
12346,1667,round_end,685.15,3,T_8c03018b,0,3,0,76.57,100,0,6258
12347,1668,round_end,480.22,1,T_a02bf5e9,0,2,2,0,0,0,6259
12348,1668,round_end,895.34,2,T_5568bd9d,1,3,1,0,0,0,6259
12349,1668,round_end,899.61,6,T_a02bf5e9,2,3,0,0,0,40,6260
12350,1668,round_end,330.03,1,T_a02bf5e9,0,3,3,0,0,150.07,6261
12351,1668,round_end,718.01,2,T_5568bd9d,3,3,3,0,0,91.99,6261
12352,1668,round_end,628.84,1,T_a02bf5e9,0,0,0,0,0,0,6262
12357,1668,round_end,225.49,1,T_8c03018b,1,0,2,100,58.51,0,6264
12358,1668,round_end,539.74,2,T_8c03018b,1,1,0,70.72,100,0,6264
12359,1668,round_end,861.44,3,T_8c03018b,1,2,1,99.99,100,0,6264
12360,1668,round_end,861.44,3,T_8c03018b,1,2,1,99.99,100,0,6264
12361,1669,round_end,304.34,1,T_8c03018b,0,1,1,99.99,100,0,6265
12362,1669,round_end,627.82,2,T_8c03018b,1,1,0,100,87.68,0,6265
12363,1669,round_end,905.08,3,T_8c03018b,1,2,2,67.76,100,0,6265
12364,1669,round_end,905.08,3,T_8c03018b,1,2,2,67.76,100,0,6265
12368,1669,round_end,404,1,T_a02bf5e9,0,1,1,0,0,0,6267
12369,1669,round_end,762.98,2,T_5568bd9d,3,3,3,0,0,120.91,6267
12370,1669,round_end,762.98,2,T_5568bd9d,3,3,3,0,0,120.91,6267
12382,1669,round_end,702.65,1,T_a02bf5e9,0,0,0,0,0,0,6277
12386,1669,round_end,380.86,1,T_a02bf5e9,0,3,3,0,0,99.26,6280
12387,1669,round_end,770.84,2,T_5568bd9d,1,3,1,0,0,0,6280
12388,1669,round_end,390.16,1,T_a02bf5e9,0,1,1,0,0,0,6281
12389,1669,round_end,836.41,2,T_5568bd9d,3,3,3,0,0,35.97,6281
12390,1669,round_end,836.41,2,T_5568bd9d,3,3,3,0,0,35.97,6281
12391,1669,round_end,860.27,6,T_a02bf5e9,2,3,4,0,0,40,6282
12392,1670,round_end,232.12,1,T_8c03018b,1,0,2,100,37.96,0,6283
12393,1670,round_end,463.79,2,T_8c03018b,2,0,1,100,58.63,0,6283
12394,1670,round_end,675.83,3,T_8c03018b,3,0,0,100,30.07,0,6283
12395,1670,round_end,498.57,1,T_1565fc88,0,2,2,0,0,0,6284
12396,1670,round_end,904.46,2,T_4aa2650a,3,3,3,0,0,73.9,6284
12397,1670,round_end,904.46,2,T_4aa2650a,3,3,3,0,0,73.9,6284
12398,1670,round_end,908.14,5,T_1565fc88,5,0,1,100,99.99,0,6285
12399,1670,round_end,660.02,1,T_1565fc88,0,0,0,0,0,0,6286
12400,1670,round_end,636.5,1,T_1565fc88,0,0,0,0,0,0,6287
12401,1671,round_end,175.02,1,T_8c03018b,0,1,1,0,100,0,6288
12402,1671,round_end,379.98,2,T_8c03018b,0,2,2,36.75,100,0,6288
12403,1671,round_end,544.11,3,T_8c03018b,0,3,0,0,100,0,6288
12404,1671,round_end,838.49,6,T_a02bf5e9,2,3,0,0,0,40,6289
12407,1671,round_end,434.35,1,T_a02bf5e9,0,0,0,0,0,165.83,6291
12408,1671,round_end,414.02,1,T_a02bf5e9,0,1,1,0,0,0,6292
12409,1671,round_end,903.71,2,T_5568bd9d,2,3,2,0,0,0,6292
12410,1671,round_end,173.44,1,T_8c03018b,0,1,1,0,100,0,6293
12411,1671,round_end,493.07,2,T_8c03018b,1,1,2,100,99.99,0,6293
12412,1671,round_end,789.03,3,T_8c03018b,1,2,0,81.67,100,0,6293
12413,1671,round_end,789.03,3,T_8c03018b,1,2,0,81.67,100,0,6293
12414,1671,round_end,308.56,1,T_a02bf5e9,0,3,3,0,0,171.52,6294
12415,1671,round_end,748.3,2,T_5568bd9d,3,3,3,0,0,40.21,6294
12416,1672,round_end,259.42,1,T_8c03018b,1,0,1,100,81.13,0,6295
12417,1672,round_end,540.91,2,T_8c03018b,1,1,0,93.58,100,0,6295
12418,1672,round_end,768.18,3,T_8c03018b,1,2,2,57.83,100,0,6295
12419,1672,round_end,768.18,3,T_8c03018b,1,2,2,57.83,100,0,6295
12420,1672,round_end,313.64,1,T_a02bf5e9,0,3,3,0,0,166.44,6296
12421,1672,round_end,799.85,2,T_5568bd9d,2,3,2,0,0,0,6296
12422,1672,round_end,856.4,6,T_a02bf5e9,2,3,0,0,0,40,6297
12423,1672,round_end,457.97,1,T_a02bf5e9,0,0,0,0,0,142.25,6298
12424,1672,round_end,480.26,1,T_a02bf5e9,0,2,2,0,0,0,6299
12425,1672,round_end,958.32,2,T_5568bd9d,3,3,3,0,0,1.74,6299
12426,1672,round_end,958.32,2,T_5568bd9d,3,3,3,0,0,1.74,6299
12427,1672,round_end,404.12,1,T_a02bf5e9,0,1,1,0,0,0,6300
12428,1672,round_end,896.45,2,T_5568bd9d,2,3,2,0,0,0,6300
12433,1673,round_end,319.15,1,T_8c03018b,0,1,1,99.99,100,0,6302
12434,1673,round_end,605.39,2,T_8c03018b,1,1,2,100,75.21,0,6302
12435,1673,round_end,968.31,3,T_8c03018b,1,2,0,99.99,100,0,6302
12436,1673,round_end,968.31,3,T_8c03018b,1,2,0,99.99,100,0,6302
12437,1673,round_end,257.53,1,T_6a59b9b6,0,0,0,0,0,0,6303
12438,1673,round_end,813.84,2,T_3238eb96,3,3,3,0,0,0,6303
12439,1673,round_end,813.84,2,T_3238eb96,3,3,3,0,0,0,6303
12440,1673,round_end,285.5,1,T_6a59b9b6,0,0,0,0,0,314.56,6304
12441,1671,round_end,174.06,1,T_8c03018b,0,1,1,0,100,0,6305
12442,1671,round_end,451.83,2,T_8c03018b,1,1,2,100,82.88,0,6305
12443,1671,round_end,737.44,3,T_8c03018b,1,2,0,93.4,100,0,6305
12444,1671,round_end,737.44,3,T_8c03018b,1,2,0,93.4,100,0,6305
12445,1671,round_end,434.78,1,T_a02bf5e9,0,3,3,0,0,45.37,6306
12446,1671,round_end,928.55,2,T_5568bd9d,2,3,2,0,0,0,6306
12447,1671,round_end,262.8,1,T_8c03018b,1,0,2,100,52.59,0,6307
12448,1671,round_end,559.63,2,T_8c03018b,1,1,1,99.99,100,0,6307
12449,1671,round_end,832.68,3,T_8c03018b,2,1,0,100,94.83,0,6307
12450,1671,round_end,832.68,3,T_8c03018b,2,1,0,100,94.83,0,6307
12451,1671,round_end,710.55,6,T_a02bf5e9,1,4,0,0,0,40,6308
12452,1671,round_end,610.25,1,T_a02bf5e9,0,0,0,0,0,0,6309
12453,1673,round_end,800.12,6,T_6a59b9b6,4,1,3,0,0,40,6310
12454,1673,round_end,263.24,1,T_6a59b9b6,0,0,0,0,0,0,6311
12455,1673,round_end,582.4,2,T_3238eb96,3,3,3,0,0,160.99,6311
12456,1673,round_end,582.4,2,T_3238eb96,3,3,3,0,0,160.99,6311
12457,1676,round_end,449.77,1,T_e77473c8,0,3,3,0,0,30.44,6312
12458,1676,round_end,804.84,2,T_4aa2650a,3,3,3,0,0,124.78,6312
12459,1676,round_end,631.46,1,T_e77473c8,0,0,0,0,0,0,6313
12460,1676,round_end,413.17,1,T_e77473c8,0,1,1,0,0,0,6314
12461,1676,round_end,841.3,2,T_4aa2650a,1,3,1,0,0,0,6314
12462,1677,round_end,227.62,1,T_8c03018b,1,0,1,100,24.68,0,6315
12463,1677,round_end,408.06,2,T_8c03018b,2,0,0,100,0,0,6315
12464,1677,round_end,593.67,3,T_8c03018b,3,0,2,100,0,0,6315
12465,1677,round_end,881.99,6,T_616470b8,3,2,0,0,0,40,6316
12466,1677,round_end,421.04,1,T_616470b8,0,0,0,0,0,179.18,6317
12467,1677,round_end,429.3,1,T_616470b8,0,1,1,0,0,0,6318
12468,1677,round_end,661.27,2,T_4aa2650a,3,3,3,0,0,247.98,6318
12469,1677,round_end,661.27,2,T_4aa2650a,3,3,3,0,0,247.98,6318
12470,1677,round_end,261.07,1,T_616470b8,0,0,0,0,0,0,6319
12471,1677,round_end,699.16,2,T_4aa2650a,3,3,3,0,0,41.96,6319
12472,1677,round_end,699.16,2,T_4aa2650a,3,3,3,0,0,41.96,6319
8036,1072,round_end,267.32,1,T_a02bf5e9,0,0,0,0,0,0,
8037,1072,round_end,747.34,2,T_5568bd9d,2,3,2,0,0,0,
1589,249,round_end,425.41,1,T_8b3a2c80,0,3,3,0,0,54.74,
1590,249,round_end,833.97,2,T_f651b2a4,1,3,1,0,0,0,
4057,565,round_end,783.74,6,T_b61ee4a9,3,2,4,0,0,40,
2324,343,round_end,616.18,1,T_735f7bf9,0,0,0,0,0,0,
2325,345,round_end,483.37,1,T_32495e59,0,0,0,0,0,116.87,
2519,379,round_end,401.18,1,T_a02bf5e9,0,1,1,0,0,0,
2520,379,round_end,798.72,2,T_d0976a92,3,3,3,0,0,82.3,
2521,379,round_end,798.72,2,T_d0976a92,3,3,3,0,0,82.3,
2522,378,round_end,625.14,1,T_62c140a2,0,0,0,0,0,0,
2523,378,round_end,780.03,6,T_62c140a2,1,4,3,0,0,40,
3632,515,round_end,259.09,1,T_ff796947,0,0,0,0,0,340.97,
3852,539,round_end,600.19,1,T_a02bf5e9,0,0,0,0,0,0,
3853,539,round_end,634.71,5,T_a02bf5e9,5,0,3,100,15.27,0,
3854,539,round_end,228.66,1,T_8c03018b,1,0,1,100,41.36,0,
3855,539,round_end,459.83,2,T_8c03018b,2,0,2,100,62.79,0,
3856,539,round_end,678.22,3,T_8c03018b,3,0,0,100,50.03,0,
12479,1684,round_end,247.47,1,T_8c03018b,0,1,2,74.21,100,0,6325
12480,1684,round_end,536.13,2,T_8c03018b,1,1,1,100,99.99,0,6325
12481,1683,round_end,247.47,1,T_8c03018b,0,1,2,74.21,100,0,6326
12482,1683,round_end,536.13,2,T_8c03018b,1,1,1,100,99.99,0,6326
12483,1683,round_end,600.2,1,T_a02bf5e9,0,0,0,0,0,0,6327
12484,1685,round_end,259.66,1,T_8c03018b,1,0,1,100,67.48,0,6328
12485,1685,round_end,427.8,2,T_8c03018b,2,0,2,100,0,0,6328
12486,1685,round_end,645.85,3,T_8c03018b,3,0,0,100,32.55,0,6328
12487,1685,round_end,502.31,1,T_a02bf5e9,0,2,2,0,0,0,6329
12488,1685,round_end,982.05,2,T_5568bd9d,2,3,2,0,0,0,6329
12489,1685,round_end,630.66,1,T_a02bf5e9,0,0,0,0,0,0,6330
12490,1685,round_end,1007.87,5,T_a02bf5e9,5,0,3,100,99.99,0,6331
12491,1685,round_end,381.6,1,T_a02bf5e9,0,3,3,0,0,98.54,6332
12492,1685,round_end,890.25,2,T_5568bd9d,2,3,2,0,0,0,6332
12493,1685,round_end,1007.87,5,T_a02bf5e9,5,0,3,100,99.99,0,6333
12494,1685,round_end,448.83,1,T_a02bf5e9,0,3,3,0,0,31.3,6334
12495,1685,round_end,928.58,2,T_5568bd9d,2,3,2,0,0,0,6334
12496,1687,round_end,799.51,6,T_a02bf5e9,4,1,1,0,0,40,6335
12497,1688,round_end,199.24,1,T_8c03018b,0,1,0,22.08,100,0,6336
12498,1688,round_end,441.77,2,T_8c03018b,0,2,1,51.69,100,0,6336
12499,1688,round_end,625.14,3,T_8c03018b,0,3,2,0,100,0,6336
12500,1688,round_end,247.19,1,T_a02bf5e9,0,3,3,0,0,232.85,6337
12501,1688,round_end,659.38,2,T_5568bd9d,1,3,1,0,0,0,6337
12502,1688,round_end,938.82,6,T_a02bf5e9,1,4,3,0,0,40,6338
12505,1688,round_end,345.38,1,T_a02bf5e9,0,3,3,0,0,134.76,6341
12506,1688,round_end,585.46,2,T_5568bd9d,0,3,0,0,0,0,6341
12507,1688,round_end,351.19,1,T_a02bf5e9,0,3,3,0,0,128.93,6342
12508,1688,round_end,591.12,2,T_5568bd9d,0,3,0,0,0,0,6342
12509,1687,round_end,293.56,1,T_8c03018b,1,0,1,100,99.99,0,6343
12510,1687,round_end,482.68,2,T_8c03018b,2,0,2,100,0,0,6343
12511,1687,round_end,781.82,3,T_8c03018b,2,1,0,99.99,100,0,6343
12512,1687,round_end,781.82,3,T_8c03018b,2,1,0,99.99,100,0,6343
12513,1689,round_end,299.03,1,T_8c03018b,1,0,0,100,99.99,0,6344
12514,1689,round_end,480.96,2,T_8c03018b,2,0,2,100,0,0,6344
12515,1689,round_end,668.74,3,T_8c03018b,2,1,1,10.09,100,0,6344
12516,1689,round_end,668.74,3,T_8c03018b,2,1,1,10.09,100,0,6344
12517,1689,round_end,423.65,1,T_a02bf5e9,0,1,1,0,0,0,6345
12518,1689,round_end,914.94,2,T_5568bd9d,2,3,2,0,0,0,6345
12519,1689,round_end,910.01,6,T_a02bf5e9,3,2,4,0,0,40,6346
12520,1689,round_end,634.13,1,T_a02bf5e9,0,0,0,0,0,0,6347
12521,1689,round_end,528.59,1,T_a02bf5e9,0,2,2,0,0,0,6348
12522,1689,round_end,938.93,2,T_5568bd9d,1,3,1,0,0,0,6348
12523,1687,round_end,395.19,1,T_a02bf5e9,0,1,1,0,0,0,6349
12524,1687,round_end,732.27,2,T_5568bd9d,3,3,3,0,0,142.82,6349
12525,1687,round_end,732.27,2,T_5568bd9d,3,3,3,0,0,142.82,6349
12526,1687,round_end,245.05,1,T_a02bf5e9,0,0,0,0,0,0,6350
12527,1687,round_end,535.22,2,T_5568bd9d,3,3,3,0,0,190.04,6350
12528,1687,round_end,535.22,2,T_5568bd9d,3,3,3,0,0,190.04,6350
12529,1687,round_end,772.68,6,T_a02bf5e9,4,1,0,0,0,40,6351
12530,1687,round_end,621.33,1,T_a02bf5e9,0,0,0,0,0,0,6352
12531,1690,round_end,281.4,1,T_8c03018b,0,1,1,87.95,100,0,6354
12532,1690,round_end,518.55,2,T_8c03018b,1,1,0,100,54.17,0,6354
12533,1690,round_end,769.45,3,T_8c03018b,1,2,2,61.93,100,0,6354
12534,1690,round_end,769.45,3,T_8c03018b,1,2,2,61.93,100,0,6354
12535,1690,round_end,320.37,1,T_a02bf5e9,0,3,3,0,0,159.72,6355
12536,1690,round_end,852.99,2,T_5568bd9d,3,3,3,0,0,0,6355
12537,1690,round_end,452.7,1,T_a02bf5e9,0,3,3,0,0,27.46,6356
12538,1690,round_end,709.25,2,T_5568bd9d,0,3,0,0,0,0,6356
12539,1690,round_end,900.93,5,T_a02bf5e9,0,5,3,0,100,0,6357
12540,1690,round_end,420.8,1,T_a02bf5e9,0,0,0,0,0,179.38,6358
12541,1690,round_end,839.95,6,T_a02bf5e9,2,3,1,0,0,40,6359
12542,1691,round_end,313.2,1,T_8c03018b,1,0,2,100,99.99,0,6360
12543,1691,round_end,557.43,2,T_8c03018b,2,0,0,100,51.27,0,6360
12544,1691,round_end,746.43,3,T_8c03018b,3,0,1,100,17.29,0,6360
12545,1691,round_end,427.98,1,T_a02bf5e9,0,3,3,0,0,52.17,6361
12546,1691,round_end,926.74,2,T_5568bd9d,2,3,2,0,0,0,6361
12547,1691,round_end,608.86,1,T_a02bf5e9,0,0,0,0,0,0,6362
12548,1691,round_end,548.12,1,T_a02bf5e9,0,2,2,0,0,0,6363
12549,1691,round_end,910.27,2,T_5568bd9d,3,3,3,0,0,117.66,6363
12550,1691,round_end,910.27,2,T_5568bd9d,3,3,3,0,0,117.66,6363
12551,1691,round_end,918.42,6,T_a02bf5e9,2,3,3,0,0,40,6364
12552,1691,round_end,321,1,T_8c03018b,1,0,1,100,99.99,0,6365
12553,1691,round_end,544.72,2,T_8c03018b,2,0,0,100,35.08,0,6365
12554,1691,round_end,711.62,3,T_8c03018b,3,0,2,100,0,0,6365
12555,1692,round_end,196.23,1,T_8c03018b,1,0,2,100,0,0,6366
12556,1692,round_end,431.66,2,T_8c03018b,2,0,1,100,36.47,0,6366
12557,1692,round_end,678.98,3,T_8c03018b,3,0,0,100,53.13,0,6366
12558,1692,round_end,488.98,1,T_a02bf5e9,0,2,2,0,0,0,6367
12559,1692,round_end,786.55,2,T_5568bd9d,3,3,3,0,0,182.28,6367
12560,1692,round_end,786.55,2,T_5568bd9d,3,3,3,0,0,182.28,6367
12561,1692,round_end,397.75,1,T_a02bf5e9,0,1,1,0,0,0,6368
12562,1692,round_end,860.3,2,T_5568bd9d,3,3,3,0,0,17.35,6368
12563,1692,round_end,860.3,2,T_5568bd9d,3,3,3,0,0,17.35,6368
12564,1692,round_end,730.6,5,T_a02bf5e9,5,0,3,100,0,0,6369
12565,1692,round_end,407.62,1,T_a02bf5e9,0,0,0,0,0,192.55,6370
12566,1693,round_end,240.04,1,T_a02bf5e9,0,0,0,0,0,0,6371
12567,1693,round_end,568.55,2,T_5568bd9d,3,3,3,0,0,151.59,6371
12568,1693,round_end,568.55,2,T_5568bd9d,3,3,3,0,0,151.59,6371
12569,1693,round_end,161.75,1,T_8c03018b,1,0,1,100,0,0,6372
12570,1693,round_end,393.94,2,T_8c03018b,2,0,0,100,37.27,0,6372
12571,1693,round_end,560.79,3,T_8c03018b,3,0,2,100,0,0,6372
12572,1693,round_end,878.32,6,T_a02bf5e9,3,2,0,0,0,40,6373
12573,1694,round_end,247.5,1,T_8c03018b,0,1,1,59.17,100,0,6374
12574,1694,round_end,457.76,2,T_8c03018b,0,2,2,38.33,100,0,6374
12575,1694,round_end,629.51,3,T_8c03018b,0,3,0,0,100,0,6374
12576,1694,round_end,304.26,1,T_a02bf5e9,0,3,3,0,0,175.82,6375
12577,1694,round_end,847.5,2,T_5568bd9d,3,3,3,0,0,0,6375
12578,1694,round_end,506.57,1,T_a02bf5e9,0,2,2,0,0,0,6376
12579,1694,round_end,921.68,2,T_5568bd9d,1,3,1,0,0,0,6376
12580,1694,round_end,436.36,1,T_a02bf5e9,0,0,0,0,0,163.81,6377
12581,1694,round_end,774.56,6,T_a02bf5e9,3,2,2,0,0,40,6378
12582,1694,round_end,167.11,1,T_8c03018b,0,1,2,0,100,0,6379
12583,1694,round_end,432.81,2,T_8c03018b,0,2,1,81.09,100,0,6379
12584,1694,round_end,606.09,3,T_8c03018b,1,2,0,100,11.81,0,6379
12585,1694,round_end,606.09,3,T_8c03018b,1,2,0,100,11.81,0,6379
12586,1695,round_end,299.83,1,T_8c03018b,1,0,0,100,99.99,0,6380
12587,1695,round_end,458.91,2,T_8c03018b,1,1,2,0,100,0,6380
12588,1695,round_end,713.29,3,T_8c03018b,1,2,1,55.45,100,0,6380
12589,1695,round_end,713.29,3,T_8c03018b,1,2,1,55.45,100,0,6380
12590,1695,round_end,495.76,1,T_a02bf5e9,0,3,3,0,0,0,6381
12591,1695,round_end,1007.69,2,T_5568bd9d,2,3,2,0,0,0,6381
12592,1695,round_end,304.16,1,T_a02bf5e9,0,3,3,0,0,175.93,6382
12593,1695,round_end,567.01,2,T_5568bd9d,0,3,0,0,0,0,6382
12595,1695,round_end,859.51,6,T_a02bf5e9,2,3,0,0,0,40,6384
12596,1695,round_end,634.61,1,T_a02bf5e9,0,0,0,0,0,0,6385
12594,1695,round_end,621.32,1,T_a02bf5e9,0,0,0,0,0,0,6383
12597,1693,round_end,401.75,1,T_a02bf5e9,0,1,1,0,0,0,6386
12598,1693,round_end,808.62,2,T_5568bd9d,1,3,1,0,0,0,6386
12599,1693,round_end,640.42,1,T_a02bf5e9,0,0,0,0,0,0,6387
12600,1693,round_end,1027.42,6,T_a02bf5e9,4,1,0,0,0,40,6388
12601,1691,round_end,313.2,1,T_8c03018b,1,0,2,100,99.99,0,6389
12602,1691,round_end,557.43,2,T_8c03018b,2,0,0,100,51.27,0,6389
12603,1691,round_end,746.43,3,T_8c03018b,3,0,1,100,17.29,0,6389
12604,1696,round_end,274.11,1,T_8c03018b,1,0,2,100,81.32,0,6390
12605,1696,round_end,568.92,2,T_8c03018b,2,0,0,100,88.04,0,6390
12606,1696,round_end,731.92,3,T_8c03018b,2,1,1,0,100,0,6390
12607,1696,round_end,731.92,3,T_8c03018b,2,1,1,0,100,0,6390
12608,1696,round_end,436.64,1,T_a02bf5e9,0,3,3,0,0,43.51,6391
12609,1696,round_end,916.55,2,T_5568bd9d,3,3,3,0,0,0,6391
12610,1696,round_end,1036.72,6,T_a02bf5e9,4,1,0,0,0,40,6392
12611,1696,round_end,609.94,1,T_a02bf5e9,0,0,0,0,0,0,6393
12612,1696,round_end,253.74,1,T_a02bf5e9,0,0,0,0,0,0,6394
12613,1696,round_end,758.46,2,T_5568bd9d,2,3,2,0,0,0,6394
12614,1697,round_end,247.85,1,T_8c03018b,0,1,1,66.89,100,0,6395
12615,1697,round_end,554.54,2,T_8c03018b,0,2,0,84.71,100,0,6395
12616,1697,round_end,806.66,3,T_8c03018b,1,2,2,100,44.04,0,6395
12617,1697,round_end,806.66,3,T_8c03018b,1,2,2,100,44.04,0,6395
12618,1697,round_end,263.74,1,T_a02bf5e9,0,3,3,0,0,216.32,6396
12619,1697,round_end,503.71,2,T_5568bd9d,0,3,0,0,0,0,6396
12620,1697,round_end,300.24,1,T_a02bf5e9,0,3,3,0,0,179.85,6397
12621,1697,round_end,745.29,2,T_5568bd9d,1,3,1,0,0,0,6397
12622,1697,round_end,811.85,6,T_a02bf5e9,2,3,0,0,0,40,6398
12623,1697,round_end,319.27,1,T_a02bf5e9,0,3,3,0,0,160.79,6399
12624,1697,round_end,588.71,2,T_5568bd9d,0,3,0,0,0,0,6399
12625,1697,round_end,232.95,1,T_8c03018b,0,1,2,49.91,100,0,6400
12626,1697,round_end,500.41,2,T_8c03018b,1,1,0,100,75.8,0,6400
12627,1697,round_end,810.63,3,T_8c03018b,1,2,1,89.63,100,0,6400
12628,1697,round_end,810.63,3,T_8c03018b,1,2,1,89.63,100,0,6400
12629,1697,round_end,622.59,1,T_a02bf5e9,0,0,0,0,0,0,6401
12630,1698,round_end,293.3,1,T_8c03018b,0,1,1,99.99,100,0,6402
12631,1698,round_end,588.36,2,T_8c03018b,0,2,2,93.59,100,0,6402
12632,1698,round_end,786.3,3,T_8c03018b,0,3,0,25.47,100,0,6402
12633,1698,round_end,224.32,1,T_8c03018b,0,1,1,29.21,100,0,6403
12634,1698,round_end,456.81,2,T_8c03018b,0,2,0,50.19,100,0,6403
12635,1698,round_end,681.12,3,T_8c03018b,0,3,2,57.57,100,0,6403
12636,1698,round_end,395.16,1,T_a02bf5e9,0,1,1,0,0,0,6404
12637,1698,round_end,757.9,2,T_5568bd9d,3,3,3,0,0,117.19,6404
12638,1698,round_end,757.9,2,T_5568bd9d,3,3,3,0,0,117.19,6404
12639,1698,round_end,600.15,1,T_a02bf5e9,0,0,0,0,0,0,6406
12640,1698,round_end,850.15,6,T_a02bf5e9,1,4,0,0,0,40,6407
12641,1698,round_end,425.24,1,T_a02bf5e9,0,1,1,0,0,0,6408
12642,1698,round_end,857.75,2,T_5568bd9d,3,3,3,0,0,47.36,6408
12643,1698,round_end,857.75,2,T_5568bd9d,3,3,3,0,0,47.36,6408
12646,1636,round_end,263.48,1,T_a02bf5e9,0,0,0,0,0,0,6410
12647,1636,round_end,728.79,2,T_5568bd9d,3,3,3,0,0,14.66,6410
12648,1636,round_end,728.79,2,T_5568bd9d,3,3,3,0,0,14.66,6410
12649,1700,round_end,263.48,1,T_a02bf5e9,0,0,0,0,0,0,6411
12650,1700,round_end,728.79,2,T_5568bd9d,3,3,3,0,0,14.66,6411
12651,1700,round_end,728.79,2,T_5568bd9d,3,3,3,0,0,14.66,6411
12652,1701,round_end,263.48,1,T_a02bf5e9,0,0,0,0,0,0,6412
12653,1701,round_end,728.79,2,T_5568bd9d,3,3,3,0,0,14.66,6412
12654,1701,round_end,728.79,2,T_5568bd9d,3,3,3,0,0,14.66,6412
12655,1701,round_end,240.04,1,T_a02bf5e9,0,0,0,0,0,0,6413
12656,1701,round_end,605.04,2,T_5568bd9d,3,3,3,0,0,115.14,6413
12657,1701,round_end,605.04,2,T_5568bd9d,3,3,3,0,0,115.14,6413
12658,1701,round_end,647.4,1,T_a02bf5e9,0,0,0,0,0,0,6414
12659,1701,round_end,161.94,1,T_8c03018b,1,0,1,100,0,0,6415
12660,1701,round_end,367.23,2,T_8c03018b,2,0,0,100,34.43,0,6415
12661,1701,round_end,583.56,3,T_8c03018b,3,0,2,100,27.89,0,6415
12662,1702,round_end,182.51,1,T_8c03018b,0,1,2,0,100,0,6416
12663,1702,round_end,448.11,2,T_8c03018b,0,2,1,83.33,100,0,6416
12664,1702,round_end,661.07,3,T_8c03018b,0,3,0,29.5,100,0,6416
12665,1702,round_end,424.78,1,T_a02bf5e9,0,3,3,0,0,55.34,6417
12666,1702,round_end,884.79,2,T_5568bd9d,1,3,1,0,0,0,6417
12667,1702,round_end,504.91,1,T_a02bf5e9,0,2,2,0,0,0,6418
12668,1702,round_end,504.91,1,T_a02bf5e9,0,2,2,0,0,0,6419
12669,1702,round_end,312.33,1,T_a02bf5e9,0,3,3,0,0,167.77,6420
12670,1702,round_end,504.91,1,T_a02bf5e9,0,2,2,0,0,0,6421
12671,1702,round_end,504.91,1,T_a02bf5e9,0,2,2,0,0,0,6422
12672,1702,round_end,504.91,1,T_a02bf5e9,0,3,3,0,0,167.77,6423
12673,1702,round_end,1022.58,6,T_a02bf5e9,3,2,3,0,0,40,6424
12674,1702,round_end,434,1,T_a02bf5e9,0,0,0,0,0,166.15,6425
12675,1702,round_end,167.03,1,T_8c03018b,1,0,2,100,0,0,6426
12676,1702,round_end,346.15,2,T_8c03018b,1,1,0,0,100,0,6426
12677,1702,round_end,656.82,3,T_8c03018b,1,2,1,99.99,100,0,6426
12678,1702,round_end,656.82,3,T_8c03018b,1,2,1,99.99,100,0,6426
12679,1704,round_end,198.95,1,T_8c03018b,1,0,1,100,0,0,6427
12680,1704,round_end,520.43,2,T_8c03018b,1,1,2,99.99,100,0,6427
12681,1704,round_end,740.87,3,T_8c03018b,1,2,0,35.44,100,0,6427
12682,1704,round_end,740.87,3,T_8c03018b,1,2,0,35.44,100,0,6427
12683,1704,round_end,504.49,1,T_a02bf5e9,0,2,2,0,0,0,6428
12684,1704,round_end,864.58,2,T_5568bd9d,3,3,3,0,0,119.72,6428
12685,1704,round_end,864.58,2,T_5568bd9d,3,3,3,0,0,119.72,6428
12686,1704,round_end,402.83,1,T_a02bf5e9,0,1,1,0,0,0,6429
12687,1704,round_end,914.45,2,T_5568bd9d,2,3,2,0,0,0,6429
12688,1704,round_end,995.95,6,T_a02bf5e9,2,3,3,0,0,40,6430
12689,1704,round_end,631.18,1,T_a02bf5e9,0,0,0,0,0,0,6431
12690,1704,round_end,288.1,1,T_8c03018b,1,0,1,100,72.97,0,6432
12691,1704,round_end,489.65,2,T_8c03018b,1,1,2,29.93,100,0,6432
12692,1705,round_end,364.06,1,T_8c03018b,1,0,0,100,99.99,0,6433
12693,1705,round_end,530.62,2,T_8c03018b,2,0,2,100,0,0,6433
12694,1705,round_end,722.13,3,T_8c03018b,2,1,1,0,100,0,6433
12695,1705,round_end,722.13,3,T_8c03018b,2,1,1,0,100,0,6433
12696,1705,round_end,395.3,1,T_87a36abe,0,1,1,0,0,0,6434
12697,1705,round_end,785.18,2,T_ed2937da,1,3,1,0,0,0,6434
12698,1705,round_end,961.81,6,T_87a36abe,2,3,1,0,0,40,6435
12699,1705,round_end,586.16,1,T_87a36abe,0,0,0,0,0,14.09,6436
12700,1705,round_end,542.38,1,T_87a36abe,0,3,3,0,0,0,6437
12701,1705,round_end,940.97,2,T_ed2937da,1,3,1,0,0,0,6437
12702,1706,round_end,243.51,1,T_8c03018b,1,0,2,100,44.24,0,6438
12703,1706,round_end,514.79,2,T_8c03018b,2,0,0,100,73.55,0,6438
12704,1706,round_end,803.89,3,T_8c03018b,3,0,1,100,99.99,0,6438
12705,1706,round_end,322.41,1,T_a02bf5e9,0,3,3,0,0,157.67,6439
12706,1706,round_end,724.89,2,T_5568bd9d,1,3,1,0,0,0,6439
12707,1706,round_end,631.25,1,T_a02bf5e9,0,0,0,0,0,0,6440
12708,1706,round_end,667.57,5,T_a02bf5e9,0,5,4,0,100,0,6441
12709,1706,round_end,404.16,1,T_a02bf5e9,0,1,1,0,0,0,6442
12710,1706,round_end,867.91,2,T_5568bd9d,3,3,3,0,0,16.15,6442
12711,1706,round_end,867.91,2,T_5568bd9d,3,3,3,0,0,16.15,6442
12712,1706,round_end,928.26,6,T_a02bf5e9,2,3,2,0,0,40,6443
12713,1707,round_end,260.3,1,T_8c03018b,1,0,2,100,62.91,0,6444
12714,1707,round_end,547.57,2,T_8c03018b,2,0,1,100,99.99,0,6444
12715,1707,round_end,780.91,3,T_8c03018b,3,0,0,100,47.89,0,6444
12720,1707,round_end,330.62,1,T_8d17b0d1,0,3,3,0,0,149.51,6447
12721,1707,round_end,682.17,2,T_29e0905e,3,3,3,0,0,128.34,6447
12722,1707,round_end,988,6,T_8d17b0d1,4,1,3,0,0,40,6448
12723,1707,round_end,268.6,1,T_8d17b0d1,0,0,0,0,0,0,6449
12724,1707,round_end,673.3,2,T_29e0905e,3,3,3,0,0,75.37,6449
12725,1707,round_end,673.3,2,T_29e0905e,3,3,3,0,0,75.37,6449
12726,1707,round_end,670.37,1,T_8d17b0d1,0,0,0,0,0,0,6450
12727,1708,round_end,243.14,1,T_8c03018b,0,1,0,48.25,100,0,6451
12728,1708,round_end,413.62,2,T_8c03018b,0,2,1,0,100,0,6451
12729,1708,round_end,713.99,3,T_8c03018b,1,2,2,100,89.64,0,6451
12730,1708,round_end,713.99,3,T_8c03018b,1,2,2,100,89.64,0,6451
12731,1708,round_end,683.68,6,T_e5416907,1,4,0,0,0,39.99,6452
12732,1708,round_end,299.4,1,T_e5416907,0,3,3,0,0,180.68,6453
12733,1708,round_end,539.36,2,T_3238eb96,0,3,0,0,0,0,6453
12744,1708,round_end,299.4,1,T_e5416907,0,3,3,0,0,180.68,6459
12745,1708,round_end,539.36,2,T_3238eb96,0,3,0,0,0,0,6459
12746,1708,round_end,419.67,1,T_e5416907,0,1,1,0,0,0,6460
12747,1708,round_end,809.61,2,T_3238eb96,1,3,1,0,0,0,6460
12748,1708,round_end,627.97,1,T_e5416907,0,0,0,0,0,0,6461
12749,1708,round_end,222.42,1,T_e5416907,0,3,3,0,0,257.62,6462
12750,1708,round_end,728.08,2,T_3238eb96,2,3,2,0,0,0,6462
12751,1708,round_end,264.14,1,T_8c03018b,1,0,2,100,91.65,0,6463
12752,1708,round_end,541.19,2,T_8c03018b,1,1,0,67.03,100,0,6463
12753,1708,round_end,696.12,3,T_8c03018b,1,2,1,0,100,0,6463
12754,1708,round_end,696.12,3,T_8c03018b,1,2,1,0,100,0,6463
12755,1709,round_end,197.25,1,T_8c03018b,0,1,0,23.6,100,0,6464
12756,1709,round_end,429.85,2,T_8c03018b,0,2,2,39.15,100,0,6464
12757,1709,round_end,590.43,3,T_8c03018b,0,3,1,0,100,0,6464
12758,1709,round_end,482.75,1,T_a02bf5e9,0,3,3,0,0,0,6465
12759,1709,round_end,1033.64,2,T_5568bd9d,2,3,2,0,0,0,6465
12760,1709,round_end,832.55,6,T_a02bf5e9,1,4,3,0,0,40,6466
12761,1709,round_end,499.01,1,T_a02bf5e9,0,2,2,0,0,0,6467
12762,1709,round_end,917.58,2,T_5568bd9d,1,3,1,0,0,0,6467
12763,1709,round_end,627.29,1,T_a02bf5e9,0,0,0,0,0,0,6468
12764,1709,round_end,285.89,1,T_8c03018b,0,1,1,94.85,100,0,6469
12765,1709,round_end,536.27,2,T_8c03018b,0,2,0,48.43,100,0,6469
12766,1710,round_end,329.79,1,T_8c03018b,1,0,1,100,99.99,0,6470
12767,1710,round_end,518.23,2,T_8c03018b,1,1,2,0,100,0,6470
12768,1710,round_end,759.01,3,T_8c03018b,1,2,0,44.96,100,0,6470
12769,1710,round_end,759.01,3,T_8c03018b,1,2,0,44.96,100,0,6470
12770,1711,round_end,329.79,1,T_8c03018b,1,0,1,100,99.99,0,6471
12771,1711,round_end,518.23,2,T_8c03018b,1,1,2,0,100,0,6471
12772,1711,round_end,759.01,3,T_8c03018b,1,2,0,44.96,100,0,6471
12773,1711,round_end,759.01,3,T_8c03018b,1,2,0,44.96,100,0,6471
12774,1712,round_end,329.79,1,T_8c03018b,1,0,1,100,99.99,0,6472
12775,1712,round_end,518.23,2,T_8c03018b,1,1,2,0,100,0,6472
12776,1712,round_end,759.01,3,T_8c03018b,1,2,0,44.96,100,0,6472
12777,1712,round_end,759.01,3,T_8c03018b,1,2,0,44.96,100,0,6472
12778,1713,round_end,329.79,1,T_8c03018b,1,0,1,100,99.99,0,6473
12779,1713,round_end,518.23,2,T_8c03018b,1,1,2,0,100,0,6473
12780,1713,round_end,759.01,3,T_8c03018b,1,2,0,44.96,100,0,6473
12781,1713,round_end,759.01,3,T_8c03018b,1,2,0,44.96,100,0,6473
12782,1714,round_end,329.79,1,T_8c03018b,1,0,1,100,99.99,0,6474
12783,1714,round_end,518.23,2,T_8c03018b,1,1,2,0,100,0,6474
12784,1714,round_end,759.01,3,T_8c03018b,1,2,0,44.96,100,0,6474
12785,1714,round_end,759.01,3,T_8c03018b,1,2,0,44.96,100,0,6474
12786,1715,round_end,329.79,1,T_8c03018b,1,0,1,100,99.99,0,6475
12787,1715,round_end,518.23,2,T_8c03018b,1,1,2,0,100,0,6475
12788,1715,round_end,759.01,3,T_8c03018b,1,2,0,44.96,100,0,6475
12789,1715,round_end,759.01,3,T_8c03018b,1,2,0,44.96,100,0,6475
12792,1717,round_end,329.79,1,T_8c03018b,1,0,1,100,99.99,0,6478
12793,1717,round_end,518.23,2,T_8c03018b,1,1,2,0,100,0,6478
12794,1717,round_end,759.01,3,T_8c03018b,1,2,0,44.96,100,0,6478
12795,1717,round_end,759.01,3,T_8c03018b,1,2,0,44.96,100,0,6478
12796,1718,round_end,329.79,1,T_8c03018b,1,0,1,100,99.99,0,6479
12797,1718,round_end,518.23,2,T_8c03018b,1,1,2,0,100,0,6479
12798,1718,round_end,759.01,3,T_8c03018b,1,2,0,44.96,100,0,6479
12799,1718,round_end,759.01,3,T_8c03018b,1,2,0,44.96,100,0,6479
12808,1720,round_end,484.69,1,T_2a090866,0,3,3,0,0,5.58,6484
12809,1720,round_end,911.14,2,T_29e0905e,3,3,3,0,0,53.35,6484
12810,1720,round_end,600.21,1,T_2a090866,0,0,0,0,0,0,6485
12811,1720,round_end,779.91,5,T_2a090866,5,0,1,100,94.58,0,6486
12812,1721,round_end,329.79,1,T_8c03018b,1,0,1,100,99.99,0,6487
12813,1721,round_end,518.23,2,T_8c03018b,1,1,2,0,100,0,6487
12814,1721,round_end,759.01,3,T_8c03018b,1,2,0,44.96,100,0,6487
12815,1721,round_end,759.01,3,T_8c03018b,1,2,0,44.96,100,0,6487
12816,1722,round_end,329.79,1,T_8c03018b,1,0,1,100,99.99,0,6488
12817,1722,round_end,518.23,2,T_8c03018b,1,1,2,0,100,0,6488
12818,1722,round_end,759.01,3,T_8c03018b,1,2,0,44.96,100,0,6488
12819,1722,round_end,759.01,3,T_8c03018b,1,2,0,44.96,100,0,6488
12820,1723,round_end,289.29,1,T_8c03018b,0,1,1,60.12,100,0,6489
12821,1723,round_end,573.46,2,T_8c03018b,0,2,0,99.99,100,0,6489
12822,1723,round_end,747.93,3,T_8c03018b,0,3,2,0,100,0,6489
12823,1723,round_end,326.23,1,T_a02bf5e9,0,3,3,0,0,153.88,6490
12824,1723,round_end,659.11,2,T_5568bd9d,3,3,3,0,0,147.13,6490
12825,1723,round_end,251.74,1,T_a02bf5e9,0,0,0,0,0,0,6491
12826,1723,round_end,637.85,2,T_5568bd9d,3,3,3,0,0,93.99,6491
12827,1723,round_end,637.85,2,T_5568bd9d,3,3,3,0,0,93.99,6491
12828,1723,round_end,863.35,6,T_a02bf5e9,3,2,1,0,0,40,6492
12829,1723,round_end,644.79,1,T_a02bf5e9,0,0,0,0,0,0,6493
12830,1723,round_end,287.61,1,T_8c03018b,0,1,2,95.42,100,0,6494
12831,1723,round_end,558.89,2,T_8c03018b,1,1,1,100,75.4,0,6494
12832,1723,round_end,779.94,3,T_8c03018b,2,1,0,100,30.59,0,6494
12833,1723,round_end,779.94,3,T_8c03018b,2,1,0,100,30.59,0,6494
12837,1724,round_end,173.18,1,T_8c03018b,1,0,2,100,0,0,6497
12838,1724,round_end,417.6,2,T_8c03018b,2,0,1,100,66.56,0,6497
12839,1724,round_end,729.76,3,T_8c03018b,3,0,0,100,99.99,0,6497
12840,1724,round_end,247.47,1,T_a02bf5e9,0,3,3,0,0,232.58,6498
12841,1724,round_end,644.15,2,T_5568bd9d,1,3,1,0,0,0,6498
12842,1724,round_end,606.3,1,T_a02bf5e9,0,0,0,0,0,0,6499
12843,1724,round_end,863.66,6,T_a02bf5e9,4,1,1,0,0,40,6500
12844,1724,round_end,225.12,1,T_8c03018b,0,1,0,55.91,100,0,6501
12845,1724,round_end,465.83,2,T_8c03018b,1,1,1,100,30,0,6501
12846,1724,round_end,716.97,3,T_8c03018b,2,1,2,100,55.21,0,6501
12847,1724,round_end,716.97,3,T_8c03018b,2,1,2,100,55.21,0,6501
12848,1726,round_end,280.71,1,T_8c03018b,1,0,2,100,75.89,0,6502
12849,1726,round_end,467.71,2,T_8c03018b,2,0,1,100,0,0,6502
12850,1726,round_end,653.59,3,T_8c03018b,3,0,0,100,12.76,0,6502
12851,1726,round_end,600.14,1,T_a02bf5e9,0,0,0,0,0,0,6503
12852,1726,round_end,882.81,6,T_a02bf5e9,4,1,0,0,0,40,6504
12853,1726,round_end,456.7,1,T_a02bf5e9,0,3,3,0,0,26.13,6505
12854,1726,round_end,993.88,2,T_5568bd9d,2,3,2,0,0,0,6505
12855,1726,round_end,480.16,1,T_a02bf5e9,0,2,2,0,0,0,6506
12856,1726,round_end,1055.39,2,T_5568bd9d,2,3,2,0,0,0,6506
12857,1726,round_end,967.27,6,T_a02bf5e9,4,1,3,0,0,40,6507
12858,1727,round_end,322.7,1,T_8c03018b,1,0,1,100,99.99,0,6508
12859,1727,round_end,509.26,2,T_8c03018b,1,1,0,0,100,0,6508
12860,1727,round_end,745.61,3,T_8c03018b,1,2,2,53.51,100,0,6508
12861,1727,round_end,745.61,3,T_8c03018b,1,2,2,53.51,100,0,6508
12862,1727,round_end,399.52,1,T_a02bf5e9,0,3,3,0,0,80.65,6509
12863,1727,round_end,639.53,2,T_5568bd9d,0,3,0,0,0,0,6509
12864,1727,round_end,683.89,1,T_a02bf5e9,0,0,0,0,0,0,6510
12865,1727,round_end,889.9,6,T_a02bf5e9,2,3,4,0,0,40,6511
12866,1727,round_end,415.47,1,T_a02bf5e9,0,1,1,0,0,0,6512
12867,1727,round_end,939.15,2,T_5568bd9d,2,3,2,0,0,0,6512
12868,1727,round_end,243.46,1,T_8c03018b,0,1,2,47.53,100,0,6513
12869,1727,round_end,527.24,2,T_8c03018b,1,1,1,100,99.99,0,6513
12870,1727,round_end,797.56,3,T_8c03018b,1,2,0,72.37,100,0,6513
12871,1727,round_end,797.56,3,T_8c03018b,1,2,0,72.37,100,0,6513
12872,1727,round_end,889.9,6,T_a02bf5e9,2,3,4,0,0,40,6514
12873,1728,round_end,355.33,1,T_8c03018b,0,1,2,99.99,100,0,6515
12874,1728,round_end,685.52,2,T_8c03018b,1,1,0,100,35.59,0,6515
12875,1728,round_end,921.54,3,T_8c03018b,2,1,1,100,40.31,0,6515
12876,1728,round_end,921.54,3,T_8c03018b,2,1,1,100,40.31,0,6515
12877,1728,round_end,407.88,1,T_a02bf5e9,0,1,1,0,0,0,6516
12878,1728,round_end,892.27,2,T_5568bd9d,3,3,3,0,0,0,6516
12879,1728,round_end,892.27,2,T_5568bd9d,3,3,3,0,0,0,6516
12880,1728,round_end,931.66,6,T_a02bf5e9,2,3,1,0,0,40,6517
12881,1728,round_end,342.69,1,T_a02bf5e9,0,0,0,0,0,257.45,6518
12882,1728,round_end,510.26,1,T_a02bf5e9,0,2,2,0,0,0,6519
12883,1728,round_end,774.15,2,T_5568bd9d,0,3,0,0,0,0,6519
12884,1728,round_end,275.88,1,T_8c03018b,0,1,2,29.68,100,0,6520
12885,1728,round_end,532.71,2,T_8c03018b,0,2,0,64.95,100,0,6520
12886,1728,round_end,768.14,3,T_8c03018b,0,3,1,36.56,100,0,6520
12890,1729,round_end,194.96,1,T_5dce4708,0,3,3,0,0,285.06,6522
12891,1729,round_end,467.27,2,T_4c3f37e0,0,3,0,0,0,0,6522
12892,1729,round_end,205.95,1,T_5dce4708,0,3,3,0,0,274.08,6523
12893,1729,round_end,618.09,2,T_4c3f37e0,1,3,1,0,0,0,6523
12894,1729,round_end,639.77,1,T_5dce4708,0,0,0,0,0,0,6524
12895,1729,round_end,194.96,1,T_5dce4708,0,3,3,0,0,285.06,6525
12896,1729,round_end,467.27,2,T_4c3f37e0,0,3,0,0,0,0,6525
12900,1729,round_end,230.95,1,T_8c03018b,0,1,1,60.78,100,0,6527
12901,1729,round_end,503.92,2,T_8c03018b,0,2,2,96.19,100,0,6527
12902,1729,round_end,659.55,3,T_8c03018b,0,3,0,0,100,0,6527
12903,1729,round_end,194.96,1,T_5dce4708,0,3,3,0,0,285.06,6528
12904,1729,round_end,467.27,2,T_4c3f37e0,0,3,0,0,0,0,6528
12905,1729,round_end,205.95,1,T_5dce4708,0,3,3,0,0,274.08,6529
12906,1729,round_end,618.09,2,T_4c3f37e0,1,3,1,0,0,0,6529
12907,1729,round_end,639.77,1,T_5dce4708,0,0,0,0,0,0,6530
12908,1729,round_end,792.45,6,T_5dce4708,2,3,2,0,0,40,6531
12909,1729,round_end,488.95,1,T_5dce4708,0,2,2,0,0,0,6532
12910,1729,round_end,737.34,2,T_4c3f37e0,0,3,0,0,0,0,6532
12911,1729,round_end,261.55,1,T_8c03018b,0,1,1,83.36,100,0,6533
12912,1729,round_end,570.38,2,T_8c03018b,0,2,0,99.99,100,0,6533
12913,1729,round_end,764.21,3,T_8c03018b,0,3,2,0,100,0,6533
12914,1730,round_end,288.04,1,T_8c03018b,1,0,1,100,89.41,0,6534
12915,1730,round_end,579.33,2,T_8c03018b,2,0,0,100,86.33,0,6534
12916,1730,round_end,852.91,3,T_8c03018b,2,1,2,80.48,100,0,6534
12917,1730,round_end,852.91,3,T_8c03018b,2,1,2,80.48,100,0,6534
12918,1730,round_end,265,1,T_a02bf5e9,0,0,0,0,0,0,6535
12919,1730,round_end,674.38,2,T_5568bd9d,1,3,1,0,0,0,6535
12920,1730,round_end,512.83,1,T_a02bf5e9,0,2,2,0,0,0,6536
12921,1730,round_end,775.48,2,T_5568bd9d,0,3,0,0,0,0,6536
12922,1730,round_end,338.82,1,T_a02bf5e9,0,0,0,0,0,261.32,6537
12923,1730,round_end,952.38,6,T_a02bf5e9,3,2,0,0,0,40,6538
12924,1730,round_end,227.03,1,T_8c03018b,0,1,0,43.21,100,0,6539
12925,1730,round_end,523.3,2,T_8c03018b,0,2,2,86.64,100,0,6539
12926,1730,round_end,686.66,3,T_8c03018b,0,3,1,0,100,0,6539
12927,1730,round_end,620.75,1,T_a02bf5e9,0,0,0,0,0,0,6540
12931,1730,round_end,620.75,1,T_a02bf5e9,0,0,0,0,0,0,6542
12932,1731,round_end,244.97,1,T_8c03018b,0,1,2,54.2,100,0,6543
12933,1731,round_end,441.05,2,T_8c03018b,1,1,1,100,31.4,0,6543
12934,1731,round_end,721.91,3,T_8c03018b,1,2,0,71.85,100,0,6543
12935,1731,round_end,721.91,3,T_8c03018b,1,2,0,71.85,100,0,6543
12936,1731,round_end,441.31,1,T_a02bf5e9,0,1,1,0,0,0,6544
12937,1731,round_end,681.21,2,T_5568bd9d,0,3,0,0,0,0,6544
12938,1731,round_end,422.14,1,T_a02bf5e9,0,1,1,0,0,0,6545
12939,1731,round_end,901.99,2,T_5568bd9d,2,3,2,0,0,0,6545
12940,1731,round_end,551.45,1,T_a02bf5e9,0,0,0,0,0,48.79,6546
12941,1731,round_end,968.83,6,T_a02bf5e9,3,2,2,0,0,40,6547
12942,1731,round_end,497.92,1,T_a02bf5e9,0,3,3,0,0,0,6548
12943,1731,round_end,900.2,2,T_5568bd9d,3,3,3,0,0,77.51,6548
12944,1732,round_end,206.86,1,T_8c03018b,0,1,0,22.39,100,0,6549
12945,1732,round_end,378.28,2,T_8c03018b,0,2,1,0,100,0,6549
12946,1732,round_end,679.03,3,T_8c03018b,0,3,2,99.99,100,0,6549
12947,1732,round_end,333.11,1,T_a02bf5e9,0,3,3,0,0,147,6550
12948,1732,round_end,839.91,2,T_5568bd9d,2,3,2,0,0,0,6550
12949,1732,round_end,637.19,1,T_a02bf5e9,0,0,0,0,0,0,6551
12950,1732,round_end,996.56,6,T_a02bf5e9,2,3,0,0,0,40,6552
12951,1732,round_end,365.32,1,T_a02bf5e9,0,3,3,0,0,114.84,6553
12952,1732,round_end,909.87,2,T_5568bd9d,3,3,3,0,0,0,6553
12953,1732,round_end,238.61,1,T_8c03018b,0,1,0,67.25,100,0,6554
12954,1732,round_end,484.44,2,T_8c03018b,1,1,1,100,74.89,0,6554
12955,1733,round_end,290.1,1,T_8c03018b,0,1,0,99.99,100,0,6555
12956,1733,round_end,582.31,2,T_8c03018b,0,2,2,99.99,100,0,6555
12957,1733,round_end,878.65,3,T_8c03018b,1,2,1,100,88.01,0,6555
12958,1733,round_end,878.65,3,T_8c03018b,1,2,1,100,88.01,0,6555
12959,1733,round_end,374.57,1,T_f9bed691,0,3,3,0,0,105.56,6556
12960,1733,round_end,628.95,2,T_3238eb96,0,3,0,0,0,0,6556
12961,1733,round_end,772.46,5,T_f9bed691,0,5,2,0,100,0,6557
12977,533,round_end,816.24,6,T_a02bf5e9,1,4,0,0,0,40,6573
12978,533,round_end,368.4,1,T_f9bed691,0,3,3,0,0,111.72,6574
12979,533,round_end,619.71,2,T_3238eb96,0,3,0,0,0,0,6574
12980,533,round_end,816.24,6,T_a02bf5e9,1,4,0,0,0,40,6575
12981,1736,round_end,250.08,1,T_8c03018b,1,0,0,100,68.63,0,6576
12982,1736,round_end,428.87,2,T_8c03018b,2,0,1,100,0,0,6576
12983,1736,round_end,703.05,3,T_8c03018b,2,1,2,81.12,100,0,6576
12984,1736,round_end,703.05,3,T_8c03018b,2,1,2,81.12,100,0,6576
12985,1736,round_end,519.82,1,T_a02bf5e9,0,2,2,0,0,0,6577
12986,1736,round_end,938.87,2,T_5568bd9d,3,3,3,0,0,60.72,6577
12987,1736,round_end,938.87,2,T_5568bd9d,3,3,3,0,0,60.72,6577
12988,1736,round_end,420.89,1,T_a02bf5e9,0,1,1,0,0,0,6578
12989,1736,round_end,788.52,2,T_5568bd9d,3,3,3,0,0,112.28,6578
12990,1736,round_end,788.52,2,T_5568bd9d,3,3,3,0,0,112.28,6578
12991,1736,round_end,800.78,6,T_a02bf5e9,3,2,0,0,0,40,6579
12992,1736,round_end,623.44,1,T_a02bf5e9,0,0,0,0,0,0,6581
12993,1736,round_end,661.47,1,T_a02bf5e9,0,0,0,0,0,0,6582
12994,1737,round_end,302.73,1,T_8c03018b,1,0,0,100,99.99,0,6583
12995,1737,round_end,589.46,2,T_8c03018b,2,0,2,100,93.38,0,6583
12996,1737,round_end,799.42,3,T_8c03018b,3,0,1,100,34.81,0,6583
12997,1737,round_end,535.45,1,T_a02bf5e9,0,2,2,0,0,0,6584
12998,1737,round_end,815.38,2,T_5568bd9d,3,3,3,0,0,199.91,6584
12999,1737,round_end,815.38,2,T_5568bd9d,3,3,3,0,0,199.91,6584
13000,1737,round_end,390.12,1,T_a02bf5e9,0,1,1,0,0,0,6585
13001,1737,round_end,848.24,2,T_5568bd9d,3,3,3,0,0,21.69,6585
13002,1737,round_end,848.24,2,T_5568bd9d,3,3,3,0,0,21.69,6585
13003,1737,round_end,660.68,1,T_a02bf5e9,0,0,0,0,0,0,6586
13004,1737,round_end,825.38,6,T_a02bf5e9,2,3,0,0,0,40,6587
13005,1737,round_end,434.98,1,T_a02bf5e9,0,3,3,0,0,45.24,6588
13006,1737,round_end,680.66,2,T_5568bd9d,0,3,0,0,0,0,6588
13007,1738,round_end,316.13,1,T_8c03018b,0,1,1,97.78,100,0,6589
13008,1738,round_end,584.44,2,T_8c03018b,1,1,2,100,51.59,0,6589
13009,1738,round_end,886.73,3,T_8c03018b,2,1,0,100,76.32,0,6589
13010,1738,round_end,886.73,3,T_8c03018b,2,1,0,100,76.32,0,6589
13011,1739,round_end,318.63,1,T_8c03018b,0,1,1,99.99,100,0,6590
13012,1739,round_end,509.56,2,T_8c03018b,1,1,0,100,0,0,6590
13013,1739,round_end,837.09,3,T_8c03018b,1,2,2,99.99,100,0,6590
13014,1739,round_end,837.09,3,T_8c03018b,1,2,2,99.99,100,0,6590
13015,1739,round_end,240.04,1,T_a02bf5e9,0,0,0,0,0,0,6591
13016,1739,round_end,731.48,2,T_5568bd9d,2,3,2,0,0,0,6591
13017,1739,round_end,561.8,1,T_a02bf5e9,0,2,2,0,0,0,6592
13018,1739,round_end,901.12,2,T_5568bd9d,3,3,3,0,0,140.49,6592
13019,1739,round_end,901.12,2,T_5568bd9d,3,3,3,0,0,140.49,6592
13020,1739,round_end,885.83,6,T_a02bf5e9,4,1,0,0,0,40,6593
13021,1739,round_end,619.47,1,T_a02bf5e9,0,0,0,0,0,0,6594
13022,1738,round_end,406.39,1,T_a02bf5e9,0,1,1,0,0,0,6595
13023,1738,round_end,910.32,2,T_5568bd9d,2,3,2,0,0,0,6595
13024,1738,round_end,485.16,1,T_a02bf5e9,0,2,2,0,0,0,6596
13025,1738,round_end,966.99,2,T_5568bd9d,3,3,3,0,0,0,6596
13026,1738,round_end,966.99,2,T_5568bd9d,3,3,3,0,0,0,6596
13027,1738,round_end,1016.28,6,T_a02bf5e9,4,1,0,0,0,40,6597
13031,1741,round_end,289.02,1,T_8c03018b,0,1,0,78.41,100,0,6599
13032,1741,round_end,576.9,2,T_8c03018b,0,2,2,92.4,100,0,6599
13033,1741,round_end,805.55,3,T_8c03018b,0,3,1,41.68,100,0,6599
13036,1741,round_end,802.38,5,T_a02bf5e9,0,5,3,0,100,0,6601
13065,1744,round_end,254.14,1,T_8c03018b,1,0,1,100,29.45,0,6620
13066,1744,round_end,549.36,2,T_8c03018b,2,0,2,100,99.99,0,6620
13067,1744,round_end,841.36,3,T_8c03018b,2,1,0,85.93,100,0,6620
13068,1744,round_end,841.36,3,T_8c03018b,2,1,0,85.93,100,0,6620
13069,1744,round_end,401.24,1,T_a02bf5e9,0,1,1,0,0,0,6621
13070,1744,round_end,883.89,2,T_5568bd9d,3,3,3,0,0,0,6621
13071,1744,round_end,883.89,2,T_5568bd9d,3,3,3,0,0,0,6621
13072,1744,round_end,240.04,1,T_a02bf5e9,0,0,0,0,0,0,6622
13073,1744,round_end,719.89,2,T_5568bd9d,3,3,3,0,0,0.2,6622
13074,1744,round_end,719.89,2,T_5568bd9d,3,3,3,0,0,0.2,6622
13075,1744,round_end,629.51,1,T_a02bf5e9,0,0,0,0,0,0,6623
13076,1744,round_end,802.19,5,T_a02bf5e9,5,0,2,100,66.74,0,6624
13077,1746,round_end,282.92,1,T_8c03018b,1,0,0,100,97.6,0,6625
13078,1746,round_end,521.34,2,T_8c03018b,1,1,1,29.57,100,0,6625
13079,1746,round_end,834.99,3,T_8c03018b,2,1,2,100,99.99,0,6625
13080,1746,round_end,834.99,3,T_8c03018b,2,1,2,100,99.99,0,6625
13081,1746,round_end,403.75,1,T_a02bf5e9,0,3,3,0,0,76.41,6626
13082,1746,round_end,978.22,2,T_5568bd9d,3,3,3,0,0,0,6626
13083,1746,round_end,284.35,1,T_a02bf5e9,0,0,0,0,0,0,6627
13084,1746,round_end,706.53,2,T_5568bd9d,1,3,1,0,0,0,6627
13086,1746,round_end,911.92,6,T_a02bf5e9,2,3,0,0,0,40,6629
13087,1746,round_end,634.53,1,T_a02bf5e9,0,0,0,0,0,0,6630
13091,1747,round_end,946.3,6,T_a02bf5e9,3,2,0,0,0,40,6632
13092,1747,round_end,406.22,1,T_a02bf5e9,0,1,1,0,0,0,6633
13093,1747,round_end,929.24,2,T_5568bd9d,3,3,3,0,0,0,6633
13094,1747,round_end,929.24,2,T_5568bd9d,3,3,3,0,0,0,6633
13099,1747,round_end,342,1,T_8c03018b,1,0,0,100,99.99,0,6636
13100,1747,round_end,528.66,2,T_8c03018b,1,1,2,0,100,0,6636
13101,1747,round_end,848.87,3,T_8c03018b,1,2,1,99.99,100,0,6636
13102,1747,round_end,848.87,3,T_8c03018b,1,2,1,99.99,100,0,6636
13095,1747,round_end,295.21,1,T_8c03018b,0,1,2,88.36,100,0,6634
13096,1747,round_end,477.19,2,T_8c03018b,0,2,0,0,100,0,6634
13097,1747,round_end,648.37,3,T_8c03018b,0,3,1,0,100,0,6634
13103,1749,round_end,884.47,6,T_a02bf5e9,3,2,4,0,0,40,6637
13104,1749,round_end,415.78,1,T_a02bf5e9,0,1,1,0,0,0,6638
13105,1749,round_end,739.22,2,T_5568bd9d,3,3,3,0,0,156.5,6638
13106,1749,round_end,739.22,2,T_5568bd9d,3,3,3,0,0,156.5,6638
13107,1749,round_end,360.53,1,T_a02bf5e9,0,3,3,0,0,119.61,6639
13108,1749,round_end,840.44,2,T_5568bd9d,2,3,2,0,0,0,6639
13109,1749,round_end,241.59,1,T_8c03018b,0,1,2,46.89,100,0,6640
13110,1749,round_end,535.57,2,T_8c03018b,0,2,0,99.99,100,0,6640
13111,1749,round_end,801.65,3,T_8c03018b,1,2,1,100,55.4,0,6640
13112,1749,round_end,801.65,3,T_8c03018b,1,2,1,100,55.4,0,6640
13113,1749,round_end,680.72,1,T_a02bf5e9,0,0,0,0,0,0,6641
13114,1750,round_end,241.51,1,T_8c03018b,0,1,0,64.64,100,0,6642
13115,1750,round_end,429.03,2,T_8c03018b,1,1,2,100,0,0,6642
13116,1750,round_end,728.24,3,T_8c03018b,1,2,1,94.51,100,0,6642
13117,1750,round_end,728.24,3,T_8c03018b,1,2,1,94.51,100,0,6642
13118,1750,round_end,886.78,6,T_a02bf5e9,4,1,0,0,0,40,6643
13119,1750,round_end,286.96,1,T_a02bf5e9,0,3,3,0,0,193.11,6644
13120,1750,round_end,819.39,2,T_5568bd9d,2,3,2,0,0,0,6644
13121,1750,round_end,627.09,1,T_a02bf5e9,0,0,0,0,0,0,6646
13122,1750,round_end,736,1,T_a02bf5e9,0,0,0,0,0,0,6647
13123,1750,round_end,736,1,T_a02bf5e9,0,0,0,0,0,0,6649
13124,1751,round_end,324.59,1,T_8c03018b,0,1,0,99.99,100,0,6650
13125,1751,round_end,591.73,2,T_8c03018b,0,2,1,72.83,100,0,6650
13126,1751,round_end,948.74,3,T_8c03018b,1,2,2,100,99.99,0,6650
13127,1751,round_end,948.74,3,T_8c03018b,1,2,2,100,99.99,0,6650
13128,1751,round_end,334.07,1,T_a02bf5e9,0,3,3,0,0,146.02,6651
13129,1751,round_end,574,2,T_5568bd9d,0,3,0,0,0,0,6651
13130,1751,round_end,351.94,1,T_a02bf5e9,0,3,3,0,0,128.18,6652
13131,1751,round_end,771.78,2,T_5568bd9d,1,3,1,0,0,0,6652
13132,1751,round_end,605.21,1,T_a02bf5e9,0,0,0,0,0,0,6653
13133,1751,round_end,943.54,6,T_a02bf5e9,1,4,3,0,0,40,6654
13134,1751,round_end,252.2,1,T_8c03018b,1,0,1,100,49.84,0,6655
13135,1751,round_end,544.89,2,T_8c03018b,1,1,0,87.51,100,0,6655
13136,1751,round_end,729.86,3,T_8c03018b,2,1,2,100,0,0,6655
13137,1751,round_end,729.86,3,T_8c03018b,2,1,2,100,0,0,6655
13138,1752,round_end,197.17,1,T_8c03018b,1,0,1,100,0,0,6656
13139,1752,round_end,417.07,2,T_8c03018b,1,1,2,45.13,100,0,6656
13140,1752,round_end,632.46,3,T_8c03018b,2,1,0,100,48.29,0,6656
13141,1752,round_end,632.46,3,T_8c03018b,2,1,0,100,48.29,0,6656
13142,1752,round_end,437.84,1,T_a02bf5e9,0,1,1,0,0,0,6657
13143,1752,round_end,929.42,2,T_5568bd9d,2,3,2,0,0,0,6657
13144,1752,round_end,506.96,1,T_a02bf5e9,0,3,3,0,0,0,6658
13145,1752,round_end,906.44,2,T_5568bd9d,1,3,1,0,0,0,6658
13146,1752,round_end,763.27,6,T_a02bf5e9,3,2,2,0,0,40,6659
13147,1753,round_end,195.08,1,T_8c03018b,0,1,0,0,100,0,6660
13148,1753,round_end,469.65,2,T_8c03018b,1,1,2,100,75.25,0,6660
13149,1753,round_end,777.65,3,T_8c03018b,1,2,1,96.78,100,0,6660
13150,1753,round_end,777.65,3,T_8c03018b,1,2,1,96.78,100,0,6660
13151,1754,round_end,195.08,1,T_8c03018b,0,1,0,0,100,0,6661
13152,1754,round_end,469.65,2,T_8c03018b,1,1,2,100,75.25,0,6661
13153,1754,round_end,777.65,3,T_8c03018b,1,2,1,96.78,100,0,6661
13154,1754,round_end,777.65,3,T_8c03018b,1,2,1,96.78,100,0,6661
13155,1755,round_end,195.08,1,T_8c03018b,0,1,0,0,100,0,6662
13156,1755,round_end,469.65,2,T_8c03018b,1,1,2,100,75.25,0,6662
13157,1755,round_end,777.65,3,T_8c03018b,1,2,1,96.78,100,0,6662
13158,1755,round_end,777.65,3,T_8c03018b,1,2,1,96.78,100,0,6662
13159,1755,round_end,435.51,1,T_5a77f1ca,0,3,3,0,0,44.66,6663
13160,1755,round_end,940.05,2,T_4bc42396,2,3,2,0,0,0,6663
13161,1755,round_end,915.28,6,T_5a77f1ca,3,2,0,0,0,40,6664
13162,1755,round_end,388.65,1,T_5a77f1ca,0,3,3,0,0,91.5,6665
13163,1755,round_end,886.66,2,T_4bc42396,2,3,2,0,0,0,6665
13164,1755,round_end,600.2,1,T_5a77f1ca,0,0,0,0,0,0,6666
13165,1756,round_end,247.35,1,T_8c03018b,0,1,1,67.91,100,0,6667
13166,1756,round_end,526.01,2,T_8c03018b,0,2,2,98.43,100,0,6667
13167,1756,round_end,798.28,3,T_8c03018b,1,2,0,100,67.09,0,6667
13168,1756,round_end,798.28,3,T_8c03018b,1,2,0,100,67.09,0,6667
13169,1756,round_end,420.43,1,T_a02bf5e9,0,1,1,0,0,0,6668
13170,1756,round_end,660.33,2,T_5568bd9d,0,3,0,0,0,0,6668
13171,1756,round_end,411.07,1,T_a02bf5e9,0,1,1,0,0,0,6669
13172,1756,round_end,843.1,2,T_5568bd9d,1,3,1,0,0,0,6669
13173,1756,round_end,802.51,6,T_a02bf5e9,3,2,0,0,0,40,6670
13174,1756,round_end,609.55,1,T_a02bf5e9,0,0,0,0,0,0,6671
13175,1756,round_end,224.62,1,T_8c03018b,1,0,0,100,19.84,0,6672
13176,1756,round_end,477.83,2,T_8c03018b,2,0,1,100,52.83,0,6672
13177,1756,round_end,650.72,3,T_8c03018b,2,1,2,0,100,0,6672
13178,1756,round_end,650.72,3,T_8c03018b,2,1,2,0,100,0,6672
13179,1757,round_end,349.52,1,T_8c03018b,0,1,2,99.99,100,0,6673
13180,1757,round_end,629.23,2,T_8c03018b,1,1,0,100,86.15,0,6673
13181,1757,round_end,946.54,3,T_8c03018b,1,2,1,99.99,100,0,6673
13182,1757,round_end,946.54,3,T_8c03018b,1,2,1,99.99,100,0,6673
13183,1757,round_end,258.27,1,T_a02bf5e9,0,3,3,0,0,221.79,6674
13184,1757,round_end,781.11,2,T_5568bd9d,2,3,2,0,0,0,6674
13185,1757,round_end,871.97,6,T_a02bf5e9,2,3,1,0,0,40,6675
13186,1757,round_end,411.47,1,T_a02bf5e9,0,1,1,0,0,0,6676
13187,1757,round_end,833.22,2,T_5568bd9d,1,3,1,0,0,0,6676
13188,1757,round_end,668.51,1,T_a02bf5e9,0,0,0,0,0,0,6677
13189,1758,round_end,311.18,1,T_8c03018b,1,0,1,100,98.39,0,6678
13190,1758,round_end,630.08,2,T_8c03018b,1,1,0,99.99,100,0,6678
13191,1758,round_end,912.68,3,T_8c03018b,2,1,2,100,73.25,0,6678
13192,1758,round_end,912.68,3,T_8c03018b,2,1,2,100,73.25,0,6678
13193,1758,round_end,594.05,1,T_a02bf5e9,0,2,2,0,0,0,6679
13194,1758,round_end,1106.33,2,T_5568bd9d,2,3,2,0,0,0,6679
13195,1758,round_end,267.21,1,T_a02bf5e9,0,0,0,0,0,0,6680
13196,1758,round_end,725.91,2,T_5568bd9d,3,3,3,0,0,21.21,6680
13197,1758,round_end,725.91,2,T_5568bd9d,3,3,3,0,0,21.21,6680
13198,1758,round_end,786.71,6,T_a02bf5e9,1,4,1,0,0,40,6681
13200,1758,round_end,387.89,1,T_a02bf5e9,0,0,0,0,0,212.26,6683
13201,1758,round_end,594.05,1,T_a02bf5e9,0,2,2,0,0,0,6684
13202,1758,round_end,1106.33,2,T_5568bd9d,2,3,2,0,0,0,6684
13203,1758,round_end,594.05,1,T_a02bf5e9,0,2,2,0,0,0,6685
13204,1758,round_end,1106.33,2,T_5568bd9d,2,3,2,0,0,0,6685
13205,1758,round_end,594.05,1,T_a02bf5e9,0,2,2,0,0,0,6686
13206,1758,round_end,1106.33,2,T_5568bd9d,2,3,2,0,0,0,6686
13207,1759,round_end,180.43,1,T_8c03018b,0,1,2,0,100,0,6687
13208,1759,round_end,406.56,2,T_8c03018b,0,2,0,50.95,100,0,6687
13209,1759,round_end,717.52,3,T_8c03018b,1,2,1,100,99.99,0,6687
13210,1759,round_end,717.52,3,T_8c03018b,1,2,1,100,99.99,0,6687
13211,1759,round_end,253.64,1,T_a02bf5e9,0,0,0,0,0,0,6688
13212,1759,round_end,493.6,2,T_5568bd9d,0,3,0,0,0,0,6688
13213,1759,round_end,500.59,1,T_a02bf5e9,0,2,2,0,0,0,6689
13214,1759,round_end,857.52,2,T_5568bd9d,3,3,3,0,0,122.91,6689
13215,1759,round_end,857.52,2,T_5568bd9d,3,3,3,0,0,122.91,6689
13216,1759,round_end,620.3,1,T_a02bf5e9,0,0,0,0,0,0,6690
13217,1760,round_end,257.82,1,T_8c03018b,1,0,1,100,62.13,0,6691
13218,1760,round_end,539.23,2,T_8c03018b,1,1,2,67.81,100,0,6691
13219,1760,round_end,761.54,3,T_8c03018b,2,1,0,100,37.27,0,6691
13220,1760,round_end,761.54,3,T_8c03018b,2,1,0,100,37.27,0,6691
13221,1760,round_end,502.79,1,T_e9d6682a,0,2,2,0,0,0,6692
13222,1760,round_end,990.59,2,T_cb79cd49,2,3,2,0,0,0,6692
13223,1760,round_end,283.52,1,T_e9d6682a,0,3,3,0,0,196.54,6693
13224,1760,round_end,676.95,2,T_cb79cd49,1,3,1,0,0,0,6693
13225,1760,round_end,881.28,6,T_e9d6682a,4,1,1,0,0,40,6694
13226,1760,round_end,722.65,1,T_e9d6682a,0,0,0,0,0,0,6695
13227,1760,round_end,186.88,1,T_8c03018b,0,1,0,14.41,100,0,6696
13228,1760,round_end,474.65,2,T_8c03018b,0,2,2,57.6,100,0,6696
13229,1760,round_end,725.3,3,T_8c03018b,0,3,1,57.85,100,0,6696
13230,1761,round_end,192.42,1,T_8c03018b,0,1,0,24.73,100,0,6697
13231,1761,round_end,413.16,2,T_8c03018b,0,2,2,41.97,100,0,6697
13232,1761,round_end,676.43,3,T_8c03018b,1,2,1,100,85.92,0,6697
13233,1761,round_end,676.43,3,T_8c03018b,1,2,1,100,85.92,0,6697
13234,1761,round_end,406.32,1,T_3238eb96,0,3,3,0,0,73.86,6698
13235,1761,round_end,886.1,2,T_dfe6a94e,2,3,2,0,0,0,6698
13236,1761,round_end,865.25,5,T_3238eb96,0,5,3,85,100,0,6699
13237,1761,round_end,674.82,1,T_3238eb96,0,0,0,0,0,0,6700
13238,1762,round_end,246.62,1,T_8c03018b,1,0,1,100,48.8,0,6701
13239,1762,round_end,527.58,2,T_8c03018b,2,0,0,100,89.43,0,6701
13240,1762,round_end,712.6,3,T_8c03018b,3,0,2,100,0,0,6701
13241,1762,round_end,263.55,1,T_a02bf5e9,0,0,0,0,0,0,6702
13242,1762,round_end,767.08,2,T_5568bd9d,2,3,2,0,0,0,6702
13243,1762,round_end,858.17,5,T_a02bf5e9,5,0,1,100,99.99,0,6703
13244,1762,round_end,644.97,1,T_a02bf5e9,0,0,0,0,0,0,6704
13245,1762,round_end,225.84,1,T_a02bf5e9,0,3,3,0,0,254.2,6705
13246,1762,round_end,710.84,2,T_5568bd9d,2,3,2,0,0,0,6705
13247,1762,round_end,621.29,1,T_a02bf5e9,0,0,0,0,0,0,6706
13248,1763,round_end,858.17,5,T_a02bf5e9,5,0,1,100,99.99,0,6707
13249,1763,round_end,263.55,1,T_a02bf5e9,0,0,0,0,0,0,6708
13250,1763,round_end,767.08,2,T_5568bd9d,2,3,2,0,0,0,6708
13251,1763,round_end,246.62,1,T_8c03018b,1,0,1,100,48.8,0,6709
13252,1763,round_end,527.58,2,T_8c03018b,2,0,0,100,89.43,0,6709
13253,1763,round_end,712.6,3,T_8c03018b,3,0,2,100,0,0,6709
13254,1763,round_end,621.29,1,T_a02bf5e9,0,0,0,0,0,0,6710
13255,1763,round_end,225.84,1,T_a02bf5e9,0,3,3,0,0,254.2,6711
13256,1763,round_end,710.84,2,T_5568bd9d,2,3,2,0,0,0,6711
13257,1763,round_end,644.97,1,T_a02bf5e9,0,0,0,0,0,0,6712
13258,1764,round_end,298.96,1,T_8c03018b,0,1,2,99.99,100,0,6713
13259,1764,round_end,521.59,2,T_8c03018b,0,2,0,48.76,100,0,6713
13260,1764,round_end,735.63,3,T_8c03018b,0,3,1,45.59,100,0,6713
13261,1764,round_end,574.63,1,T_a02bf5e9,0,0,0,0,0,25.58,6714
13262,1764,round_end,975.1,6,T_a02bf5e9,4,1,1,0,0,40,6715
13263,1764,round_end,300.02,1,T_a02bf5e9,0,3,3,0,0,180.04,6716
13264,1764,round_end,718.56,2,T_5568bd9d,1,3,1,0,0,0,6716
13271,1764,round_end,505.97,1,T_a02bf5e9,0,2,2,0,0,0,6719
13272,1764,round_end,1026.56,2,T_5568bd9d,3,3,3,0,0,0,6719
13273,1764,round_end,1026.56,2,T_5568bd9d,3,3,3,0,0,0,6719
13274,1764,round_end,253.55,1,T_8c03018b,0,1,2,51.61,100,0,6720
13275,1764,round_end,576.69,2,T_8c03018b,1,1,1,100,99.99,0,6720
13276,1764,round_end,739.09,3,T_8c03018b,1,2,0,0,100,0,6720
13277,1764,round_end,739.09,3,T_8c03018b,1,2,0,0,100,0,6720
13278,1765,round_end,301.1,1,T_8c03018b,1,0,2,100,94.45,0,6721
13279,1765,round_end,579.67,2,T_8c03018b,1,1,0,91.59,100,0,6721
13280,1765,round_end,801.32,3,T_8c03018b,2,1,1,100,49.32,0,6721
13281,1765,round_end,801.32,3,T_8c03018b,2,1,1,100,49.32,0,6721
13282,1765,round_end,419.93,1,T_a02bf5e9,0,1,1,0,0,0,6722
13283,1765,round_end,659.84,2,T_5568bd9d,0,3,0,0,0,0,6722
13284,1765,round_end,395.12,1,T_a02bf5e9,0,1,1,0,0,0,6723
13285,1765,round_end,640.11,2,T_5568bd9d,0,3,0,0,0,0,6723
13286,1765,round_end,838.41,6,T_a02bf5e9,3,2,0,0,0,40,6724
13287,1765,round_end,600.19,1,T_a02bf5e9,0,0,0,0,0,0,6725
13288,1765,round_end,653.45,1,T_a02bf5e9,0,0,0,0,0,0,6726
13289,1766,round_end,260.3,1,T_8c03018b,1,0,2,100,56.73,0,6727
13290,1766,round_end,553.08,2,T_8c03018b,2,0,1,100,99.99,0,6727
13291,1766,round_end,791.16,3,T_8c03018b,3,0,0,100,55.57,0,6727
13292,1766,round_end,605.56,1,T_a02bf5e9,0,0,0,0,0,0,6728
13293,1766,round_end,270.7,1,T_a02bf5e9,0,0,0,0,0,0,6729
13294,1766,round_end,673.89,2,T_5568bd9d,1,3,1,0,0,0,6729
13296,1766,round_end,817.39,6,T_a02bf5e9,2,3,0,0,0,40,6731
13297,1766,round_end,398.22,1,T_a02bf5e9,0,3,3,0,0,81.95,6732
13298,1766,round_end,733.26,2,T_5568bd9d,3,3,3,0,0,144.82,6732
13299,1766,round_end,303.03,1,T_8c03018b,1,0,2,100,99.99,0,6733
13300,1766,round_end,597.94,2,T_8c03018b,2,0,1,100,92.44,0,6733
13301,1766,round_end,866.24,3,T_8c03018b,2,1,0,88.55,100,0,6733
13302,1766,round_end,866.24,3,T_8c03018b,2,1,0,88.55,100,0,6733
13303,1767,round_end,272.78,1,T_8c03018b,1,0,2,100,70.89,0,6734
13304,1767,round_end,581.49,2,T_8c03018b,1,1,0,99.99,100,0,6734
13305,1767,round_end,965.31,3,T_8c03018b,2,1,1,100,99.99,0,6734
13306,1767,round_end,965.31,3,T_8c03018b,2,1,1,100,99.99,0,6734
13307,1767,round_end,266.92,1,T_a02bf5e9,0,0,0,0,0,0,6735
13308,1767,round_end,511.89,2,T_5568bd9d,0,3,0,0,0,0,6735
13309,1767,round_end,958.54,6,T_a02bf5e9,2,3,1,0,0,40,6736
13310,1767,round_end,373.98,1,T_a02bf5e9,0,3,3,0,0,106.15,6737
13311,1767,round_end,871.85,2,T_5568bd9d,3,3,3,0,0,0,6737
13312,1767,round_end,600.23,1,T_a02bf5e9,0,0,0,0,0,0,6738
13336,1767,round_end,309.56,1,T_8c03018b,1,0,1,100,89.88,0,6767
13337,1767,round_end,518.27,2,T_8c03018b,1,1,2,42.29,100,0,6767
13338,1767,round_end,853.51,3,T_8c03018b,2,1,0,100,99.99,0,6767
13339,1767,round_end,853.51,3,T_8c03018b,2,1,0,100,99.99,0,6767
13402,1833,round_end,600.2,1,T_a02bf5e9,0,0,0,0,0,0,6833
13403,1833,round_end,251.98,1,T_8c03018b,1,0,1,100,18.48,0,6834
13404,1833,round_end,471.52,2,T_8c03018b,2,0,0,100,26.97,0,6834
13405,1833,round_end,680.95,3,T_8c03018b,3,0,2,100,37.36,0,6834
13407,1833,round_end,868.76,6,T_a02bf5e9,1,4,0,0,0,40,6836
13439,1833,round_end,520.67,1,T_a02bf5e9,0,2,2,0,0,0,6868
13440,1833,round_end,1046.54,2,T_5568bd9d,3,3,3,0,0,0,6868
13441,1833,round_end,1046.54,2,T_5568bd9d,3,3,3,0,0,0,6868
13472,1833,round_end,485.45,1,T_a02bf5e9,0,2,2,0,0,0,6901
13473,1833,round_end,811.78,2,T_5568bd9d,3,3,3,0,0,153.51,6901
13474,1833,round_end,811.78,2,T_5568bd9d,3,3,3,0,0,153.51,6901
13505,1866,round_end,188.13,1,T_8c03018b,1,0,2,100,19.31,0,6934
13506,1866,round_end,369.47,2,T_8c03018b,2,0,1,100,20.44,0,6934
13507,1866,round_end,628.88,3,T_8c03018b,2,1,0,67.19,100,0,6934
13508,1866,round_end,628.88,3,T_8c03018b,2,1,0,67.19,100,0,6934
13509,1866,round_end,254.4,1,T_a02bf5e9,0,0,0,0,0,0,6935
13510,1866,round_end,644.64,2,T_5568bd9d,3,3,3,0,0,89.85,6935
13511,1866,round_end,644.64,2,T_5568bd9d,3,3,3,0,0,89.85,6935
13512,1866,round_end,417.32,1,T_a02bf5e9,0,3,3,0,0,62.86,6936
13513,1866,round_end,897.18,2,T_5568bd9d,2,3,2,0,0,0,6936
13514,1866,round_end,680.68,1,T_a02bf5e9,0,0,0,0,0,0,6937
13515,1866,round_end,953.4,6,T_a02bf5e9,2,3,0,0,0,40,6938
13549,1903,round_end,194.47,1,T_8c03018b,0,1,2,30.23,100,0,6970
13550,1903,round_end,511.58,2,T_8c03018b,1,1,0,100,99.99,0,6970
13557,1903,round_end,674.41,1,T_a02bf5e9,0,0,0,0,0,0,6973
13551,1903,round_end,706.59,3,T_8c03018b,2,1,1,100,28.77,0,6970
13552,1903,round_end,706.59,3,T_8c03018b,2,1,1,100,28.77,0,6970
13553,1903,round_end,412.59,1,T_a02bf5e9,0,1,1,0,0,0,6971
13554,1903,round_end,827.55,2,T_5568bd9d,1,3,1,0,0,0,6971
13555,1903,round_end,434.23,1,T_a02bf5e9,0,1,1,0,0,0,6972
13556,1903,round_end,674.2,2,T_5568bd9d,0,3,0,0,0,0,6972
13558,1903,round_end,889.08,6,T_a02bf5e9,3,2,0,0,0,40,6974
13574,1903,round_end,154.02,1,T_8c03018b,1,0,1,100,0,0,7001
13575,1903,round_end,510.33,2,T_8c03018b,1,1,0,99.99,100,0,7001
13576,1903,round_end,801.63,3,T_8c03018b,2,1,2,100,88.63,0,7001
13577,1903,round_end,801.63,3,T_8c03018b,2,1,2,100,88.63,0,7001