id,scrimId,event_type,match_time,round_number,match_time_remaining,MapDataId
65,31,setup_complete,0,1,29.99,30
66,31,setup_complete,172.33,2,29.99,30
67,31,setup_complete,479.59,3,29.99,30
68,31,setup_complete,0,1,239.99,31
69,31,setup_complete,442.81,2,239.99,31
70,31,setup_complete,0,1,239.99,32
71,31,setup_complete,272.27,2,239.99,32
72,31,setup_complete,0,1,29.99,33
73,31,setup_complete,0,1,599.99,34
81,34,setup_complete,0,1,599.99,40
82,29,setup_complete,0,1,29.99,42
83,29,setup_complete,172.33,2,29.99,42
84,29,setup_complete,479.59,3,29.99,42
85,35,setup_complete,0,1,239.99,43
86,35,setup_complete,423.36,2,239.99,43
87,35,setup_complete,0,1,29.99,44
88,35,setup_complete,0,1,239.99,45
89,35,setup_complete,516.33,2,239.99,45
95,29,setup_complete,0,1,29.99,50
96,29,setup_complete,215.26,2,29.99,50
97,29,setup_complete,508.84,3,29.99,50
98,36,setup_complete,0,1,29.99,51
99,36,setup_complete,298.45,2,29.99,51
100,36,setup_complete,515.37,3,29.99,51
101,36,setup_complete,0,1,239.99,52
102,36,setup_complete,240.04,2,239.99,52
103,36,setup_complete,0,1,29.99,53
104,36,setup_complete,0,1,239.99,54
105,36,setup_complete,531.24,2,239.99,54
106,36,setup_complete,0,1,599.99,55
107,36,setup_complete,0,1,29.99,56
108,36,setup_complete,260.27,2,29.99,56
123,29,setup_complete,0,1,29.99,62
124,29,setup_complete,215.26,2,29.99,62
125,29,setup_complete,508.84,3,29.99,62
126,29,setup_complete,0,1,29.99,63
127,29,setup_complete,313.02,2,29.99,63
128,29,setup_complete,577.94,3,29.99,63
129,29,setup_complete,0,1,29.99,64
130,29,setup_complete,313.02,2,29.99,64
131,29,setup_complete,577.94,3,29.99,64
132,29,setup_complete,0,1,29.99,65
133,29,setup_complete,313.02,2,29.99,65
134,29,setup_complete,577.94,3,29.99,65
135,38,setup_complete,0,1,29.99,66
136,38,setup_complete,215.26,2,29.99,66
137,38,setup_complete,508.84,3,29.99,66
148,40,setup_complete,0,1,599.98,72
149,40,setup_complete,0,1,29.99,73
150,40,setup_complete,169.63,2,29.99,73
151,40,setup_complete,396.68,3,29.99,73
152,40,setup_complete,0,1,599.98,74
160,29,setup_complete,0,1,239.99,82
161,29,setup_complete,513.59,2,239.99,82
162,43,setup_complete,0,1,29.99,83
163,43,setup_complete,260.88,2,29.99,83
164,43,setup_complete,563.95,3,29.99,83
165,43,setup_complete,0,1,239.99,84
166,43,setup_complete,504.88,2,239.99,84
188,45,setup_complete,0,1,29.99,97
189,45,setup_complete,229.23,2,29.99,97
190,45,setup_complete,548,3,29.99,97
191,45,setup_complete,0,1,239.99,98
192,45,setup_complete,240.04,2,239.99,98
193,45,setup_complete,0,1,29.99,99
194,45,setup_complete,0,1,239.99,100
195,45,setup_complete,396.27,2,239.99,100
207,47,setup_complete,0,1,29.99,108
208,29,setup_complete,0,1,29.99,109
209,29,setup_complete,240.49,2,29.99,109
210,29,setup_complete,462.6,3,29.99,109
221,53,setup_complete,0,1,239.99,128
222,53,setup_complete,490.75,2,239.99,128
226,53,setup_complete,0,1,29.99,130
227,53,setup_complete,338.35,2,29.99,130
228,53,setup_complete,639.16,3,29.99,130
229,53,setup_complete,0,1,29.99,131
244,57,setup_complete,0,1,29.99,139
245,57,setup_complete,280.65,2,29.99,139
246,57,setup_complete,465.16,3,29.99,139
247,57,setup_complete,0,1,239.99,140
248,57,setup_complete,245.05,2,239.99,140
249,57,setup_complete,0,1,29.99,141
250,57,setup_complete,0,1,239.99,143
251,57,setup_complete,240.04,2,239.99,143
252,57,setup_complete,0,1,599.99,
253,57,setup_complete,0,1,29.99,
254,58,setup_complete,0,1,29.99,
255,58,setup_complete,240.49,2,29.99,
256,58,setup_complete,462.6,3,29.99,
257,58,setup_complete,0,1,239.99,
258,58,setup_complete,262.49,2,239.99,
259,58,setup_complete,0,1,29.99,
260,58,setup_complete,0,1,239.99,
261,58,setup_complete,497.14,2,239.99,
262,58,setup_complete,0,1,599.99,152
263,58,setup_complete,0,1,29.99,153
264,58,setup_complete,215.26,2,29.99,153
265,58,setup_complete,555.96,3,29.99,153
266,59,setup_complete,0,1,29.99,154
267,59,setup_complete,222.72,2,29.99,154
268,59,setup_complete,523.59,3,29.99,154
269,59,setup_complete,0,1,239.99,155
270,59,setup_complete,490.23,2,239.99,155
271,59,setup_complete,0,1,29.99,156
272,59,setup_complete,0,1,239.99,157
273,59,setup_complete,500.96,2,239.99,157
274,59,setup_complete,0,1,599.99,158
275,59,setup_complete,0,1,29.99,159
276,59,setup_complete,310.4,2,29.99,159
277,59,setup_complete,636.55,3,29.99,159
278,60,setup_complete,0,1,29.99,160
279,60,setup_complete,259.96,2,29.99,160
280,60,setup_complete,437.51,3,29.99,160
281,60,setup_complete,0,1,239.99,161
282,60,setup_complete,435.18,2,239.99,161
283,60,setup_complete,0,1,29.99,162
284,60,setup_complete,0,1,239.99,163
285,60,setup_complete,528.3,2,239.99,163
286,60,setup_complete,0,1,29.99,165
287,60,setup_complete,315.23,2,29.99,165
288,60,setup_complete,663.48,3,29.99,165
289,60,setup_complete,0,1,599.99,166
290,61,setup_complete,0,1,29.99,167
291,61,setup_complete,208.36,2,29.99,167
292,61,setup_complete,388.27,3,29.99,167
293,61,setup_complete,0,1,239.99,168
294,61,setup_complete,425.92,2,239.99,168
295,61,setup_complete,0,1,29.99,169
296,61,setup_complete,0,1,239.99,170
297,61,setup_complete,499.72,2,239.99,170
298,61,setup_complete,0,1,599.99,171
299,61,setup_complete,0,1,29.99,172
300,61,setup_complete,192.07,2,29.99,172
301,61,setup_complete,373.91,3,29.99,172
302,34,setup_complete,0,1,239.99,173
303,34,setup_complete,536.79,2,239.99,173
304,62,setup_complete,0,1,29.99,174
305,62,setup_complete,237.29,2,29.99,174
306,62,setup_complete,555.12,3,29.99,174
307,62,setup_complete,0,1,239.99,175
308,62,setup_complete,491.92,2,239.99,175
309,62,setup_complete,0,1,29.99,176
310,62,setup_complete,0,1,239.99,177
311,62,setup_complete,487.67,2,239.99,177
312,62,setup_complete,0,1,599.98,178
313,62,setup_complete,0,1,239.99,179
314,62,setup_complete,489.97,2,239.99,179
324,64,setup_complete,0,1,29.99,185
325,64,setup_complete,283.4,2,29.99,185
326,64,setup_complete,544.01,3,29.99,185
327,64,setup_complete,0,1,239.99,186
328,64,setup_complete,509.33,2,239.99,186
329,64,setup_complete,0,1,29.99,187
330,64,setup_complete,0,1,239.99,188
331,64,setup_complete,356.24,2,239.99,188
332,64,setup_complete,0,1,599.99,189
333,34,setup_complete,0,1,599.99,191
344,67,setup_complete,0,1,29.99,197
345,67,setup_complete,0,1,239.99,198
346,67,setup_complete,502.95,2,239.99,198
347,67,setup_complete,0,1,599.99,199
348,67,setup_complete,0,1,29.99,200
349,67,setup_complete,208.78,2,29.99,200
350,67,setup_complete,380.38,3,29.99,200
351,67,setup_complete,0,1,239.99,201
352,67,setup_complete,536.79,2,239.99,201
360,69,setup_complete,0,1,239.99,206
361,69,setup_complete,495.2,2,239.99,206
362,69,setup_complete,0,1,239.99,207
363,69,setup_complete,480.23,2,239.99,207
364,69,setup_complete,0,1,29.99,208
365,69,setup_complete,0,1,599.99,209
366,69,setup_complete,0,1,29.99,210
367,69,setup_complete,273.72,2,29.99,210
368,69,setup_complete,601.13,3,29.99,210
369,70,setup_complete,0,1,239.99,211
370,70,setup_complete,476.42,2,239.99,211
371,71,setup_complete,0,1,239.99,212
372,71,setup_complete,476.42,2,239.99,212
373,72,setup_complete,0,1,599.99,213
377,74,setup_complete,0,1,239.99,216
378,74,setup_complete,268.34,2,239.99,216
379,74,setup_complete,0,1,29.99,217
380,74,setup_complete,0,1,239.99,218
381,74,setup_complete,441.98,2,239.99,218
382,74,setup_complete,0,1,599.99,219
383,75,setup_complete,0,1,29.99,220
384,75,setup_complete,245.48,2,29.99,220
385,75,setup_complete,554.58,3,29.99,220
386,75,setup_complete,0,1,239.99,221
387,75,setup_complete,390.14,2,239.99,221
388,75,setup_complete,0,1,29.99,222
389,75,setup_complete,0,1,239.99,225
390,75,setup_complete,395.63,2,239.99,225
391,75,setup_complete,0,1,599.99,226
392,75,setup_complete,0,1,29.99,227
393,75,setup_complete,281.85,2,29.99,227
394,75,setup_complete,510.86,3,29.99,227
395,80,setup_complete,0,1,239.99,232
396,80,setup_complete,441.87,2,239.99,232
397,80,setup_complete,0,1,29.99,233
401,80,setup_complete,0,1,599.99,235
402,80,setup_complete,0,1,239.99,236
403,80,setup_complete,405.67,2,239.99,236
404,80,setup_complete,0,1,29.99,237
405,80,setup_complete,311.71,2,29.99,237
406,80,setup_complete,615.03,3,29.99,237
407,85,setup_complete,0,1,29.99,252
409,34,setup_complete,0,1,239.99,254
410,34,setup_complete,395.63,2,239.99,254
411,34,setup_complete,0,1,239.99,255
412,34,setup_complete,395.63,2,239.99,255
413,34,setup_complete,0,1,239.99,256
414,34,setup_complete,395.63,2,239.99,256
415,34,setup_complete,0,1,239.99,257
416,34,setup_complete,390.14,2,239.99,257
417,34,setup_complete,0,1,239.99,258
418,34,setup_complete,310.31,2,239.99,258
419,87,setup_complete,0,1,29.99,259
420,87,setup_complete,307.36,2,29.99,259
421,87,setup_complete,500.32,3,29.99,259
422,87,setup_complete,0,1,239.99,260
423,87,setup_complete,377.57,2,239.99,260
424,87,setup_complete,0,1,29.99,261
425,87,setup_complete,0,1,239.99,262
426,87,setup_complete,294.75,2,239.99,262
427,87,setup_complete,0,1,599.99,263
428,87,setup_complete,0,1,29.99,264
429,87,setup_complete,157.45,2,29.99,264
430,87,setup_complete,436.93,3,29.99,264
431,87,setup_complete,0,1,239.99,265
432,87,setup_complete,350.32,2,239.99,265
436,85,setup_complete,0,1,239.99,267
437,85,setup_complete,296.89,2,239.99,267
438,85,setup_complete,0,1,29.99,268
441,91,setup_complete,0,1,29.99,272
442,91,setup_complete,225.91,2,29.99,272
443,91,setup_complete,584.91,3,29.99,272
444,91,setup_complete,0,1,239.99,273
445,91,setup_complete,511.48,2,239.99,273
446,91,setup_complete,0,1,29.99,274
447,91,setup_complete,0,1,239.99,275
448,91,setup_complete,275.84,2,239.99,275
449,91,setup_complete,0,1,599.99,276
450,91,setup_complete,0,1,29.99,277
451,91,setup_complete,222.77,2,29.99,277
452,91,setup_complete,468.04,3,29.99,277
453,92,setup_complete,0,1,29.99,278
454,92,setup_complete,327.03,2,29.99,278
455,92,setup_complete,576.21,3,29.99,278
456,92,setup_complete,0,1,239.99,279
457,92,setup_complete,229.12,2,239.99,279
458,92,setup_complete,0,1,239.99,280
459,92,setup_complete,426.28,2,239.99,280
460,92,setup_complete,0,1,29.99,281
462,93,setup_complete,0,1,29.99,283
463,93,setup_complete,225.91,2,29.99,283
464,93,setup_complete,584.91,3,29.99,283
465,93,setup_complete,0,1,239.99,284
466,93,setup_complete,511.48,2,239.99,284
467,93,setup_complete,0,1,29.99,285
468,93,setup_complete,0,1,239.99,286
469,93,setup_complete,275.84,2,239.99,286
470,93,setup_complete,0,1,599.99,287
471,93,setup_complete,0,1,29.99,288
472,93,setup_complete,222.77,2,29.99,288
473,93,setup_complete,468.04,3,29.99,288
474,94,setup_complete,0,1,29.99,289
475,94,setup_complete,329.08,2,29.99,289
476,94,setup_complete,492.08,3,29.99,289
477,94,setup_complete,0,1,239.99,290
478,94,setup_complete,507.05,2,239.99,290
479,94,setup_complete,0,1,29.99,291
480,94,setup_complete,0,1,239.99,292
481,94,setup_complete,509.41,2,239.99,292
482,94,setup_complete,0,1,599.99,293
483,94,setup_complete,0,1,29.99,295
484,94,setup_complete,239.17,2,29.99,295
485,94,setup_complete,546.95,3,29.99,295
498,96,setup_complete,0,1,239.99,305
499,96,setup_complete,281.39,2,239.99,305
500,96,setup_complete,0,1,599.99,306
501,96,setup_complete,0,1,239.99,307
502,96,setup_complete,477.83,2,239.99,307
503,96,setup_complete,0,1,29.99,308
504,96,setup_complete,181.79,2,29.99,308
505,96,setup_complete,440.91,3,29.99,308
517,97,setup_complete,0,1,599.99,318
518,97,setup_complete,0,1,29.99,319
519,97,setup_complete,330.12,2,29.99,319
520,97,setup_complete,629.36,3,29.99,319
521,99,setup_complete,0,1,29.99,320
522,99,setup_complete,246.99,2,29.99,320
523,99,setup_complete,529.22,3,29.99,320
524,99,setup_complete,0,1,239.99,321
525,99,setup_complete,420.57,2,239.99,321
526,99,setup_complete,0,1,29.99,322
527,99,setup_complete,0,1,239.99,323
528,99,setup_complete,315.98,2,239.99,323
529,99,setup_complete,0,1,599.99,324
530,99,setup_complete,0,1,29.99,325
531,99,setup_complete,222.9,2,29.99,325
532,99,setup_complete,547.78,3,29.99,325
533,100,setup_complete,0,1,599.99,326
534,100,setup_complete,0,1,239.99,327
535,100,setup_complete,240.04,2,239.99,327
536,100,setup_complete,0,1,29.99,328
537,100,setup_complete,258.37,2,29.99,328
538,100,setup_complete,474.09,3,29.99,328
539,100,setup_complete,0,1,29.99,329
540,100,setup_complete,223.68,2,29.99,329
541,100,setup_complete,391.31,3,29.99,329
542,100,setup_complete,0,1,29.99,330
543,100,setup_complete,0,1,239.99,331
544,100,setup_complete,480.25,2,239.99,331
549,104,setup_complete,0,1,29.99,336
550,104,setup_complete,257.84,2,29.99,336
551,104,setup_complete,486.43,3,29.99,336
552,104,setup_complete,0,1,239.99,337
553,104,setup_complete,492.23,2,239.99,337
554,104,setup_complete,0,1,599.99,338
555,104,setup_complete,0,1,239.99,339
556,104,setup_complete,240.04,2,239.99,339
557,104,setup_complete,0,1,29.99,340
558,105,setup_complete,0,1,29.99,341
559,105,setup_complete,242.26,2,29.99,341
560,105,setup_complete,469.71,3,29.99,341
561,105,setup_complete,0,1,239.99,342
562,105,setup_complete,501.46,2,239.99,342
563,105,setup_complete,0,1,29.99,343
564,105,setup_complete,0,1,599.99,344
565,105,setup_complete,0,1,239.99,345
566,105,setup_complete,396.84,2,239.99,345
580,34,setup_complete,0,1,29.99,353
581,107,setup_complete,0,1,29.99,354
582,107,setup_complete,305.9,2,29.99,354
583,107,setup_complete,590.36,3,29.99,354
584,107,setup_complete,0,1,29.99,355
585,107,setup_complete,0,1,239.99,356
586,107,setup_complete,390.14,2,239.99,356
587,107,setup_complete,0,1,599.99,357
588,107,setup_complete,0,1,29.99,358
589,107,setup_complete,182.22,2,29.99,358
590,107,setup_complete,477.89,3,29.99,358
591,108,setup_complete,0,1,29.99,359
592,108,setup_complete,297.42,2,29.99,359
593,108,setup_complete,617.31,3,29.99,359
594,108,setup_complete,0,1,239.99,360
595,108,setup_complete,480.21,2,239.99,360
604,109,setup_complete,0,1,599.99,367
607,111,setup_complete,0,1,29.99,369
608,112,setup_complete,0,1,29.99,370
609,112,setup_complete,192.24,2,29.99,370
610,112,setup_complete,486.08,3,29.99,370
611,112,setup_complete,0,1,239.99,371
612,112,setup_complete,378.05,2,239.99,371
613,112,setup_complete,0,1,29.99,372
614,112,setup_complete,0,1,239.99,373
615,112,setup_complete,312.38,2,239.99,373
616,112,setup_complete,0,1,599.99,374
617,112,setup_complete,0,1,29.99,375
618,112,setup_complete,252,2,29.99,375
619,112,setup_complete,567.84,3,29.99,375
620,113,setup_complete,0,1,29.99,376
621,113,setup_complete,182.13,2,29.99,376
622,113,setup_complete,391.56,3,29.99,376
623,113,setup_complete,0,1,29.99,378
624,113,setup_complete,0,1,599.99,379
625,113,setup_complete,0,1,239.99,380
626,113,setup_complete,495.97,2,239.99,380
627,113,setup_complete,0,1,239.99,384
628,113,setup_complete,490.1,2,239.99,384
629,114,setup_complete,0,1,29.99,385
630,114,setup_complete,287.17,2,29.99,385
631,114,setup_complete,638.26,3,29.99,385
632,114,setup_complete,0,1,239.99,386
633,114,setup_complete,395.97,2,239.99,386
634,114,setup_complete,0,1,599.99,387
635,114,setup_complete,0,1,29.99,388
636,114,setup_complete,0,1,239.99,389
637,114,setup_complete,413.4,2,239.99,389
638,114,setup_complete,0,1,29.99,390
639,114,setup_complete,322.19,2,29.99,390
640,114,setup_complete,521.24,3,29.99,390
641,115,setup_complete,0,1,29.99,391
642,115,setup_complete,253.52,2,29.99,391
643,115,setup_complete,569.59,3,29.99,391
644,115,setup_complete,0,1,239.99,392
645,115,setup_complete,499.65,2,239.99,392
646,115,setup_complete,0,1,29.99,393
647,115,setup_complete,0,1,239.99,394
648,115,setup_complete,502.61,2,239.99,394
649,115,setup_complete,0,1,599.99,395
650,116,setup_complete,0,1,29.99,396
651,116,setup_complete,210.12,2,29.99,396
652,116,setup_complete,579.95,3,29.99,396
653,116,setup_complete,0,1,29.99,398
654,116,setup_complete,0,1,239.99,399
655,116,setup_complete,395.13,2,239.99,399
656,117,setup_complete,0,1,29.99,400
657,117,setup_complete,271.91,2,29.99,400
658,117,setup_complete,490.53,3,29.99,400
659,117,setup_complete,0,1,239.99,401
660,117,setup_complete,501.29,2,239.99,401
661,117,setup_complete,0,1,29.99,402
662,117,setup_complete,0,1,239.99,403
663,117,setup_complete,513.05,2,239.99,403
664,117,setup_complete,0,1,599.99,404
665,117,setup_complete,0,1,29.99,406
666,117,setup_complete,156.08,2,29.99,406
667,117,setup_complete,462.33,3,29.99,406
670,125,setup_complete,0,1,29.99,408
671,125,setup_complete,251.8,2,29.99,408
672,125,setup_complete,511.36,3,29.99,408
673,125,setup_complete,0,1,239.99,409
674,125,setup_complete,498.52,2,239.99,409
675,125,setup_complete,0,1,29.99,410
678,125,setup_complete,0,1,599.99,412
679,125,setup_complete,0,1,29.99,413
680,125,setup_complete,289.75,2,29.99,413
681,125,setup_complete,540.5,3,29.99,413
685,127,setup_complete,0,1,29.99,415
686,127,setup_complete,211.68,2,29.99,415
687,127,setup_complete,486.57,3,29.99,415
688,127,setup_complete,0,1,239.99,416
689,127,setup_complete,422.68,2,239.99,416
690,127,setup_complete,0,1,29.99,417
691,127,setup_complete,0,1,239.99,418
692,127,setup_complete,428.07,2,239.99,418
694,127,setup_complete,0,1,29.99,420
695,127,setup_complete,167.83,2,29.99,420
696,127,setup_complete,450.24,3,29.99,420
713,129,setup_complete,0,1,29.99,429
714,129,setup_complete,287.41,2,29.99,429
715,129,setup_complete,542.49,3,29.99,429
716,129,setup_complete,0,1,239.99,430
717,129,setup_complete,312.42,2,239.99,430
718,129,setup_complete,0,1,29.99,431
719,129,setup_complete,0,1,239.99,432
720,129,setup_complete,385.86,2,239.99,432
721,129,setup_complete,0,1,599.99,433
728,131,setup_complete,0,1,29.99,436
729,131,setup_complete,248.22,2,29.99,436
730,131,setup_complete,529.5,3,29.99,436
731,131,setup_complete,0,1,239.99,437
732,131,setup_complete,260.33,2,239.99,437
733,131,setup_complete,0,1,29.99,438
734,131,setup_complete,0,1,239.99,439
735,131,setup_complete,502.9,2,239.99,439
736,131,setup_complete,0,1,239.99,440
737,131,setup_complete,401.92,2,239.99,440
738,132,setup_complete,0,1,29.99,441
739,132,setup_complete,221.62,2,29.99,441
740,132,setup_complete,492.26,3,29.99,441
741,132,setup_complete,0,1,239.99,442
742,132,setup_complete,422.52,2,239.99,442
743,132,setup_complete,0,1,599.99,443
744,132,setup_complete,0,1,29.99,444
745,132,setup_complete,0,1,239.99,445
746,132,setup_complete,411.61,2,239.99,445
747,133,setup_complete,0,1,29.99,446
748,133,setup_complete,165.93,2,29.99,446
749,133,setup_complete,403.67,3,29.99,446
750,133,setup_complete,0,1,239.99,447
751,133,setup_complete,262.27,2,239.99,447
753,133,setup_complete,0,1,599.99,449
754,133,setup_complete,0,1,239.99,450
755,133,setup_complete,240.04,2,239.99,450
756,133,setup_complete,0,1,29.99,451
757,133,setup_complete,285.99,2,29.99,451
758,133,setup_complete,488.77,3,29.99,451
759,134,setup_complete,0,1,29.99,452
760,134,setup_complete,307.21,2,29.99,452
761,134,setup_complete,555.35,3,29.99,452
762,134,setup_complete,0,1,239.99,453
763,134,setup_complete,489.63,2,239.99,453
764,134,setup_complete,0,1,29.99,454
767,134,setup_complete,0,1,599.99,456
768,134,setup_complete,0,1,29.99,457
769,134,setup_complete,273.19,2,29.99,457
770,134,setup_complete,568.94,3,29.99,457
771,135,setup_complete,0,1,29.99,458
774,137,setup_complete,0,1,29.99,460
775,137,setup_complete,315.23,2,29.99,460
776,137,setup_complete,494.1,3,29.99,460
777,137,setup_complete,0,1,239.99,461
778,137,setup_complete,245.8,2,239.99,461
779,137,setup_complete,0,1,29.99,462
780,137,setup_complete,0,1,239.99,463
781,137,setup_complete,480.11,2,239.99,463
782,137,setup_complete,0,1,599.99,464
783,137,setup_complete,0,1,29.99,465
784,137,setup_complete,308.46,2,29.99,465
788,135,setup_complete,0,1,239.99,467
789,135,setup_complete,552.04,2,239.99,467
790,135,setup_complete,0,1,599.99,468
791,135,setup_complete,0,1,239.99,469
792,135,setup_complete,245.05,2,239.99,469
793,135,setup_complete,0,1,29.99,470
794,135,setup_complete,286.81,2,29.99,470
795,135,setup_complete,628.55,3,29.99,470
796,139,setup_complete,0,1,599.99,471
797,139,setup_complete,0,1,29.99,472
811,141,setup_complete,0,1,29.99,480
812,141,setup_complete,168.73,2,29.99,480
813,141,setup_complete,444.29,3,29.99,480
814,141,setup_complete,0,1,239.99,481
815,141,setup_complete,414.34,2,239.99,481
816,141,setup_complete,0,1,29.99,482
817,141,setup_complete,0,1,239.99,483
818,141,setup_complete,413.78,2,239.99,483
819,141,setup_complete,0,1,599.99,484
820,141,setup_complete,0,1,29.99,485
821,141,setup_complete,210.15,2,29.99,485
822,141,setup_complete,427.46,3,29.99,485
843,146,setup_complete,0,1,29.99,500
844,146,setup_complete,345.98,2,29.99,500
845,146,setup_complete,551.27,3,29.99,500
846,146,setup_complete,0,1,239.99,502
847,146,setup_complete,412.53,2,239.99,502
848,146,setup_complete,0,1,599.99,503
849,146,setup_complete,0,1,29.99,504
850,146,setup_complete,0,1,239.99,505
851,146,setup_complete,485.68,2,239.99,505
880,153,setup_complete,0,1,29.99,519
881,153,setup_complete,225.59,2,29.99,519
882,153,setup_complete,425.04,3,29.99,519
883,153,setup_complete,0,1,239.99,520
884,153,setup_complete,415.99,2,239.99,520
886,153,setup_complete,0,1,239.99,522
887,153,setup_complete,240.04,2,239.99,522
888,153,setup_complete,0,1,599.99,523
889,153,setup_complete,0,1,29.99,524
890,153,setup_complete,309.14,2,29.99,524
891,153,setup_complete,620.61,3,29.99,524
918,156,setup_complete,0,1,29.99,540
919,156,setup_complete,279.38,2,29.99,540
920,156,setup_complete,540.3,3,29.99,540
921,156,setup_complete,0,1,239.99,541
922,156,setup_complete,485.27,2,239.99,541
923,156,setup_complete,0,1,599.99,542
924,156,setup_complete,0,1,29.99,543
925,156,setup_complete,0,1,239.99,545
926,156,setup_complete,364.12,2,239.99,545
934,157,setup_complete,0,1,29.99,554
935,158,setup_complete,0,1,29.99,555
936,158,setup_complete,179.85,2,29.99,555
937,158,setup_complete,434.01,3,29.99,555
938,158,setup_complete,0,1,239.99,556
939,158,setup_complete,390.16,2,239.99,556
940,158,setup_complete,0,1,599.99,557
941,158,setup_complete,0,1,29.99,558
942,158,setup_complete,0,1,239.99,559
943,158,setup_complete,265.02,2,239.99,559
944,158,setup_complete,0,1,29.99,560
945,158,setup_complete,241.11,2,29.99,560
946,158,setup_complete,503.88,3,29.99,560
947,158,setup_complete,0,1,29.99,561
948,158,setup_complete,214.4,2,29.99,561
949,158,setup_complete,491.56,3,29.99,561
950,159,setup_complete,0,1,29.99,562
951,159,setup_complete,0,1,239.99,563
952,159,setup_complete,480.23,2,239.99,563
956,160,setup_complete,0,1,29.99,566
957,160,setup_complete,294.31,2,29.99,566
958,160,setup_complete,543.71,3,29.99,566
968,163,setup_complete,0,1,29.99,574
969,163,setup_complete,0,1,599.99,575
970,164,setup_complete,0,1,29.99,577
971,164,setup_complete,217.77,2,29.99,577
972,164,setup_complete,421.09,3,29.99,577
973,164,setup_complete,0,1,29.99,578
974,164,setup_complete,0,1,29.99,579
975,164,setup_complete,296.39,2,29.99,579
976,164,setup_complete,577.67,3,29.99,579
977,164,setup_complete,0,1,239.99,580
978,164,setup_complete,379.89,2,239.99,580
979,164,setup_complete,0,1,599.99,581
980,164,setup_complete,0,1,239.99,582
981,164,setup_complete,401.37,2,239.99,582
984,171,setup_complete,0,1,29.99,589
985,171,setup_complete,0,1,239.99,590
986,171,setup_complete,507.28,2,239.99,590
987,163,setup_complete,0,1,239.99,591
988,163,setup_complete,458.79,2,239.99,591
989,172,setup_complete,0,1,29.99,592
990,172,setup_complete,234.37,2,29.99,592
991,172,setup_complete,508.57,3,29.99,592
995,172,setup_complete,0,1,29.99,595
996,172,setup_complete,0,1,239.99,596
997,172,setup_complete,461.95,2,239.99,596
1004,176,setup_complete,0,1,29.99,599
1005,176,setup_complete,164.98,2,29.99,599
1006,176,setup_complete,347.32,3,29.99,599
1007,176,setup_complete,0,1,239.99,600
1008,176,setup_complete,271.12,2,239.99,600
1009,176,setup_complete,0,1,29.99,601
1010,176,setup_complete,0,1,239.99,602
1011,176,setup_complete,432.21,2,239.99,602
1012,176,setup_complete,0,1,29.99,603
1025,178,setup_complete,0,1,29.99,610
1026,178,setup_complete,254.28,2,29.99,610
1027,178,setup_complete,443.05,3,29.99,610
1028,178,setup_complete,0,1,239.99,611
1029,178,setup_complete,421.06,2,239.99,611
1030,178,setup_complete,0,1,599.99,612
1031,178,setup_complete,0,1,29.99,613
1032,177,setup_complete,0,1,599.99,614
1033,177,setup_complete,0,1,29.99,615
1034,177,setup_complete,192.5,2,29.99,615
1035,177,setup_complete,462.79,3,29.99,615
1036,180,setup_complete,0,1,29.99,617
1037,180,setup_complete,211.72,2,29.99,617
1038,180,setup_complete,481.95,3,29.99,617
1039,180,setup_complete,0,1,239.99,618
1040,180,setup_complete,393.12,2,239.99,618
1041,180,setup_complete,0,1,29.99,619
1042,180,setup_complete,0,1,239.99,620
1043,180,setup_complete,534.8,2,239.99,620
1044,180,setup_complete,0,1,599.99,621
1048,181,setup_complete,0,1,239.99,623
1049,181,setup_complete,245.05,2,239.99,623
1050,181,setup_complete,0,1,29.99,624
1051,181,setup_complete,0,1,239.99,625
1052,181,setup_complete,514.51,2,239.99,625
1053,181,setup_complete,0,1,599.99,626
1054,181,setup_complete,0,1,29.99,627
1055,181,setup_complete,254.38,2,29.99,627
1056,181,setup_complete,464.84,3,29.99,627
1081,196,setup_complete,0,1,29.99,644
1082,196,setup_complete,315.09,2,29.99,644
1083,196,setup_complete,586.4,3,29.99,644
1084,196,setup_complete,0,1,239.99,645
1085,196,setup_complete,300.57,2,239.99,645
1087,196,setup_complete,0,1,599.99,647
1088,196,setup_complete,0,1,29.99,648
1089,196,setup_complete,331.29,2,29.99,648
1090,196,setup_complete,667.94,3,29.99,648
1091,197,setup_complete,0,1,29.99,649
1092,197,setup_complete,247.05,2,29.99,649
1093,197,setup_complete,479.79,3,29.99,649
1094,197,setup_complete,0,1,239.99,650
1095,197,setup_complete,281.59,2,239.99,650
1096,197,setup_complete,0,1,239.99,651
1097,197,setup_complete,255.57,2,239.99,651
1098,197,setup_complete,0,1,599.99,652
1099,197,setup_complete,0,1,29.99,653
1100,197,setup_complete,0,1,29.99,654
1101,197,setup_complete,158.02,2,29.99,654
1102,197,setup_complete,339.87,3,29.99,654
1103,198,setup_complete,0,1,29.99,655
1104,198,setup_complete,241.51,2,29.99,655
1105,198,setup_complete,549.88,3,29.99,655
1106,198,setup_complete,0,1,239.99,656
1107,198,setup_complete,240.04,2,239.99,656
1114,199,setup_complete,0,1,29.99,661
1115,199,setup_complete,269.85,2,29.99,661
1116,199,setup_complete,454.16,3,29.99,661
1117,199,setup_complete,0,1,239.99,662
1118,199,setup_complete,268.69,2,239.99,662
1119,199,setup_complete,0,1,239.99,663
1120,199,setup_complete,356.92,2,239.99,663
1122,199,setup_complete,0,1,599.99,666
1142,202,setup_complete,0,1,29.99,676
1143,202,setup_complete,0,1,599.99,677
1144,203,setup_complete,0,1,29.99,678
1145,203,setup_complete,177.5,2,29.99,678
1146,203,setup_complete,389.61,3,29.99,678
1147,203,setup_complete,0,1,239.99,679
1148,203,setup_complete,217.36,2,239.99,679
1149,203,setup_complete,0,1,599.99,680
1150,203,setup_complete,0,1,29.99,681
1151,203,setup_complete,0,1,29.99,682
1152,203,setup_complete,322.81,2,29.99,682
1153,203,setup_complete,591.56,3,29.99,682
1154,203,setup_complete,0,1,239.99,683
1155,203,setup_complete,408.48,2,239.99,683
1156,203,setup_complete,0,1,599.99,684
1163,205,setup_complete,0,1,29.99,688
1164,205,setup_complete,155.43,2,29.99,688
1165,205,setup_complete,427.7,3,29.99,688
1166,206,setup_complete,0,1,29.99,689
1167,206,setup_complete,218.85,2,29.99,689
1168,206,setup_complete,398.22,3,29.99,689
1169,205,setup_complete,0,1,239.99,690
1170,205,setup_complete,353.01,2,239.99,690
1171,205,setup_complete,0,1,29.99,691
1172,206,setup_complete,0,1,239.99,692
1173,206,setup_complete,413.45,2,239.99,692
1174,205,setup_complete,0,1,239.99,693
1175,205,setup_complete,493.97,2,239.99,693
1176,206,setup_complete,0,1,239.99,694
1177,206,setup_complete,517.92,2,239.99,694
1178,205,setup_complete,0,1,599.99,695
1179,206,setup_complete,0,1,29.99,696
1181,205,setup_complete,0,1,29.99,698
1182,205,setup_complete,225.17,2,29.99,698
1183,205,setup_complete,400.97,3,29.99,698
1184,207,setup_complete,0,1,29.99,699
1185,207,setup_complete,195.19,2,29.99,699
1186,207,setup_complete,482.74,3,29.99,699
1187,207,setup_complete,0,1,239.99,700
1188,207,setup_complete,543.2,2,239.99,700
1189,207,setup_complete,0,1,239.99,701
1190,207,setup_complete,253.69,2,239.99,701
1191,207,setup_complete,0,1,29.99,702
1192,207,setup_complete,0,1,599.99,703
1206,206,setup_complete,0,1,29.99,711
1207,206,setup_complete,195.48,2,29.99,711
1208,206,setup_complete,358.91,3,29.99,711
1209,34,setup_complete,0,1,29.99,712
1210,34,setup_complete,195.99,2,29.99,712
1211,34,setup_complete,393.6,3,29.99,712
1212,218,setup_complete,0,1,29.99,713
1213,218,setup_complete,195.99,2,29.99,713
1214,218,setup_complete,393.6,3,29.99,713
1215,218,setup_complete,0,1,239.99,714
1216,218,setup_complete,443.02,2,239.99,714
1217,218,setup_complete,0,1,29.99,715
1218,218,setup_complete,0,1,239.99,716
1219,218,setup_complete,529.67,2,239.99,716
1224,222,setup_complete,0,1,29.99,720
1225,222,setup_complete,257.72,2,29.99,720
1226,222,setup_complete,421.54,3,29.99,720
1227,222,setup_complete,0,1,239.99,721
1228,222,setup_complete,316.75,2,239.99,721
1229,222,setup_complete,0,1,239.99,722
1230,222,setup_complete,361.89,2,239.99,722
1231,222,setup_complete,0,1,29.99,723
1232,222,setup_complete,0,1,239.99,724
1233,222,setup_complete,503.62,2,239.99,724
1234,222,setup_complete,0,1,599.99,725
1235,206,setup_complete,0,1,29.99,726
1236,223,setup_complete,0,1,29.99,727
1237,223,setup_complete,154,2,29.99,727
1238,223,setup_complete,339.17,3,29.99,727
1239,223,setup_complete,0,1,239.99,728
1240,223,setup_complete,548.68,2,239.99,728
1241,223,setup_complete,0,1,29.99,729
1242,223,setup_complete,0,1,239.99,730
1243,223,setup_complete,401.18,2,239.99,730
1244,224,setup_complete,0,1,599.99,731
1245,223,setup_complete,0,1,599.99,732
1246,224,setup_complete,0,1,29.99,733
1247,224,setup_complete,283.66,2,29.99,733
1248,224,setup_complete,591.05,3,29.99,733
1249,223,setup_complete,0,1,29.99,734
1250,223,setup_complete,222.19,2,29.99,734
1251,223,setup_complete,525.81,3,29.99,734
1252,225,setup_complete,0,1,29.99,735
1253,225,setup_complete,255.04,2,29.99,735
1254,225,setup_complete,522.75,3,29.99,735
1267,227,setup_complete,0,1,29.99,743
1268,227,setup_complete,0,1,29.99,744
1269,227,setup_complete,0,1,29.99,745
1270,227,setup_complete,0,1,29.99,746
1271,228,setup_complete,0,1,29.99,747
1272,228,setup_complete,0,2,29.99,747
1273,228,setup_complete,0,3,29.99,747
1274,229,setup_complete,0,1,29.99,748
1275,229,setup_complete,298.48,2,29.99,748
1276,229,setup_complete,463.16,3,29.99,748
1277,229,setup_complete,0,1,239.99,749
1278,229,setup_complete,401.29,2,239.99,749
1279,229,setup_complete,0,1,239.99,750
1280,229,setup_complete,506.08,2,239.99,750
1281,229,setup_complete,0,1,29.99,751
1282,229,setup_complete,0,1,29.99,752
1283,229,setup_complete,0,1,599.99,753
1284,229,setup_complete,0,1,29.99,754
1285,229,setup_complete,261.9,2,29.99,754
1286,229,setup_complete,497.87,3,29.99,754
1294,231,setup_complete,0,1,29.99,758
1295,231,setup_complete,317.14,2,29.99,758
1296,231,setup_complete,577.12,3,29.99,758
1297,231,setup_complete,0,1,239.99,759
1298,231,setup_complete,451.26,2,239.99,759
1299,231,setup_complete,0,1,239.99,760
1300,231,setup_complete,272.24,2,239.99,760
1301,231,setup_complete,0,1,599.99,761
1302,231,setup_complete,0,1,29.99,762
1306,232,setup_complete,0,1,29.99,764
1307,232,setup_complete,311.21,2,29.99,764
1308,232,setup_complete,557.33,3,29.99,764
1309,232,setup_complete,0,1,239.99,765
1310,232,setup_complete,499.64,2,239.99,765
1311,232,setup_complete,0,1,239.99,766
1312,232,setup_complete,482.73,2,239.99,766
1313,232,setup_complete,0,1,29.99,768
1314,232,setup_complete,0,1,29.99,769
1315,232,setup_complete,245.23,2,29.99,769
1316,232,setup_complete,568.72,3,29.99,769
1317,232,setup_complete,0,1,599.99,770
1320,237,setup_complete,0,1,239.99,776
1321,237,setup_complete,531.77,2,239.99,776
1322,237,setup_complete,0,1,599.99,778
1323,237,setup_complete,0,1,29.99,781
1337,244,setup_complete,0,1,29.99,790
1338,244,setup_complete,269.05,2,29.99,790
1339,244,setup_complete,582.06,3,29.99,790
1340,244,setup_complete,0,1,239.99,791
1341,244,setup_complete,240.04,2,239.99,791
1342,244,setup_complete,0,1,239.99,792
1343,244,setup_complete,391.29,2,239.99,792
1344,244,setup_complete,0,1,599.99,793
1345,244,setup_complete,0,1,29.99,794
1346,245,setup_complete,0,1,29.99,795
1347,245,setup_complete,191.09,2,29.99,795
1348,245,setup_complete,407.05,3,29.99,795
1349,245,setup_complete,0,1,239.99,796
1350,245,setup_complete,519.4,2,239.99,796
1351,245,setup_complete,0,1,239.99,797
1352,245,setup_complete,480.22,2,239.99,797
1353,245,setup_complete,0,1,599.99,798
1355,245,setup_complete,0,1,29.99,802
1356,245,setup_complete,307.13,2,29.99,802
1357,245,setup_complete,574.64,3,29.99,802
1358,248,setup_complete,0,1,29.99,805
1359,248,setup_complete,318.52,2,29.99,805
1360,248,setup_complete,502.2,3,29.99,805
1361,248,setup_complete,0,1,239.99,806
1362,248,setup_complete,406.38,2,239.99,806
1363,248,setup_complete,0,1,599.99,807
1364,248,setup_complete,0,1,239.99,808
1365,248,setup_complete,537.84,2,239.99,808
1366,248,setup_complete,0,1,29.99,809
1370,249,setup_complete,0,1,29.99,812
1371,249,setup_complete,255.63,2,29.99,812
1372,249,setup_complete,457.18,3,29.99,812
1373,249,setup_complete,0,1,239.99,813
1374,249,setup_complete,274.97,2,239.99,813
1375,249,setup_complete,0,1,29.99,814
1376,249,setup_complete,0,1,239.99,
1377,249,setup_complete,425.41,2,239.99,
1384,251,setup_complete,0,1,29.99,820
1385,251,setup_complete,247.99,2,29.99,820
1423,253,setup_complete,0,1,29.99,838
1424,259,setup_complete,0,1,29.99,842
1425,259,setup_complete,270.89,2,29.99,842
1426,259,setup_complete,535.19,3,29.99,842
1427,259,setup_complete,0,1,239.99,843
1428,259,setup_complete,406.21,2,239.99,843
1429,259,setup_complete,0,1,239.99,844
1430,259,setup_complete,240.04,2,239.99,844
1431,259,setup_complete,0,1,599.99,845
1432,259,setup_complete,0,1,29.99,846
1435,261,setup_complete,0,1,239.99,850
1436,261,setup_complete,412.56,2,239.99,850
1440,261,setup_complete,0,1,29.99,853
1441,261,setup_complete,0,1,29.99,854
1442,261,setup_complete,284.57,2,29.99,854
1443,261,setup_complete,583.55,3,29.99,854
1444,262,setup_complete,0,1,29.99,856
1445,262,setup_complete,0,2,29.99,856
1446,262,setup_complete,0,3,29.99,856
1447,271,setup_complete,0,1,29.99,857
1448,271,setup_complete,265.63,2,29.99,857
1449,271,setup_complete,516.33,3,29.99,857
1452,271,setup_complete,0,1,29.99,859
1453,271,setup_complete,0,1,239.99,860
1454,271,setup_complete,417.7,2,239.99,860
1455,271,setup_complete,0,1,599.99,861
1456,271,setup_complete,0,1,239.99,862
1457,271,setup_complete,429.47,2,239.99,862
1458,271,setup_complete,0,1,29.99,863
1459,271,setup_complete,255.81,2,29.99,863
1460,271,setup_complete,411.65,3,29.99,863
1461,276,setup_complete,0,1,239.99,868
1462,276,setup_complete,298.75,2,239.99,868
1463,276,setup_complete,0,1,239.99,869
1464,276,setup_complete,298.12,2,239.99,869
1474,277,setup_complete,0,1,29.99,876
1475,277,setup_complete,0,1,599.99,877
1476,277,setup_complete,0,1,239.99,878
1477,277,setup_complete,374.59,2,239.99,878
1478,278,setup_complete,0,1,29.99,880
1479,278,setup_complete,230.34,2,29.99,880
1480,278,setup_complete,468.51,3,29.99,880
1481,278,setup_complete,0,1,239.99,881
1482,278,setup_complete,495.78,2,239.99,881
1483,278,setup_complete,0,1,29.99,882
1484,278,setup_complete,0,1,239.99,883
1485,278,setup_complete,353.18,2,239.99,883
1486,278,setup_complete,0,1,29.99,884
1487,278,setup_complete,311.46,2,29.99,884
1488,278,setup_complete,500.5,3,29.99,884
1489,278,setup_complete,0,1,29.99,885
1490,278,setup_complete,0,1,599.99,886
1498,279,setup_complete,0,1,599.99,890
1499,279,setup_complete,0,1,29.99,891
1500,279,setup_complete,0,1,29.99,892
1501,279,setup_complete,241.98,2,29.99,892
1502,279,setup_complete,410.93,3,29.99,892
1505,280,setup_complete,0,1,29.99,894
1506,280,setup_complete,234.82,2,29.99,894
1507,280,setup_complete,446.91,3,29.99,894
1508,280,setup_complete,0,1,239.99,895
1509,280,setup_complete,374.59,2,239.99,895
1512,281,setup_complete,0,1,29.99,898
1513,281,setup_complete,204.28,2,29.99,898
1514,281,setup_complete,552.14,3,29.99,898
1515,281,setup_complete,0,1,239.99,899
1516,281,setup_complete,525.38,2,239.99,899
1517,281,setup_complete,0,1,239.99,900
1518,281,setup_complete,557.08,2,239.99,900
1519,281,setup_complete,0,1,29.99,901
1520,281,setup_complete,0,1,599.99,902
1523,282,setup_complete,0,1,29.99,904
1524,282,setup_complete,325.67,2,29.99,904
1525,282,setup_complete,558.61,3,29.99,904
1551,285,setup_complete,0,1,239.99,918
1552,285,setup_complete,498.05,2,239.99,918
1553,285,setup_complete,0,1,599.99,919
1554,285,setup_complete,0,1,239.99,920
1555,285,setup_complete,409.04,2,239.99,920
1556,285,setup_complete,0,1,29.99,921
1557,285,setup_complete,0,1,29.99,922
1558,285,setup_complete,286.97,2,29.99,922
1559,285,setup_complete,563.33,3,29.99,922
1560,285,setup_complete,0,1,599.99,923
1561,285,setup_complete,0,1,29.99,924
1562,285,setup_complete,269.29,2,29.99,924
1563,285,setup_complete,499.35,3,29.99,924
1571,287,setup_complete,0,1,29.99,929
1572,287,setup_complete,213.26,2,29.99,929
1573,287,setup_complete,507.97,3,29.99,929
1574,287,setup_complete,0,1,239.99,930
1575,287,setup_complete,511.57,2,239.99,930
1577,291,setup_complete,0,1,239.99,932
1578,291,setup_complete,430.29,2,239.99,932
1581,291,setup_complete,0,1,29.99,934
1582,291,setup_complete,0,1,29.99,935
1583,291,setup_complete,186.19,2,29.99,935
1584,291,setup_complete,504.25,3,29.99,935
1585,291,setup_complete,0,1,599.99,936
1586,292,setup_complete,0,1,239.99,937
1587,292,setup_complete,383.41,2,239.99,937
1588,292,setup_complete,0,1,239.99,938
1589,292,setup_complete,510.5,2,239.99,938
1590,292,setup_complete,0,1,599.99,939
1591,292,setup_complete,0,1,29.99,940
1592,292,setup_complete,0,1,29.99,941
1593,292,setup_complete,328.65,2,29.99,941
1594,292,setup_complete,587.98,3,29.99,941
1595,293,setup_complete,0,1,29.99,942
1596,293,setup_complete,319.29,2,29.99,942
1597,293,setup_complete,488.19,3,29.99,942
1598,293,setup_complete,0,1,239.99,943
1599,293,setup_complete,523.39,2,239.99,943
1600,293,setup_complete,0,1,239.99,944
1601,293,setup_complete,458.24,2,239.99,944
1602,293,setup_complete,0,1,599.99,945
1603,293,setup_complete,0,1,29.99,946
1604,293,setup_complete,0,1,29.99,947
1605,293,setup_complete,163.75,2,29.99,947
1606,293,setup_complete,473.4,3,29.99,947
1607,294,setup_complete,0,1,29.99,948
1608,294,setup_complete,279.42,2,29.99,948
1609,294,setup_complete,608.73,3,29.99,948
1610,294,setup_complete,0,1,239.99,949
1611,294,setup_complete,414.62,2,239.99,949
1612,294,setup_complete,0,1,29.99,950
1613,294,setup_complete,0,1,599.99,951
1614,294,setup_complete,0,1,239.99,952
1615,294,setup_complete,514.16,2,239.99,952
1616,294,setup_complete,0,1,239.99,953
1617,294,setup_complete,409.07,2,239.99,953
1621,296,setup_complete,0,1,239.99,955
1622,296,setup_complete,315.64,2,239.99,955
1623,296,setup_complete,0,1,599.99,958
1624,296,setup_complete,0,1,29.99,960
1625,296,setup_complete,0,1,29.99,965
1626,296,setup_complete,216.78,2,29.99,965
1627,296,setup_complete,536.31,3,29.99,965
1628,296,setup_complete,0,1,239.99,966
1629,296,setup_complete,486.34,2,239.99,966
1630,297,setup_complete,0,1,29.99,967
1631,297,setup_complete,284.66,2,29.99,967
1632,297,setup_complete,481.1,3,29.99,967
1633,297,setup_complete,0,1,239.99,968
1634,297,setup_complete,399.76,2,239.99,968
1635,297,setup_complete,0,1,599.99,969
1644,298,setup_complete,0,1,29.99,977
1662,300,setup_complete,0,1,239.99,989
1663,300,setup_complete,240.04,2,239.99,989
1664,300,setup_complete,0,1,29.99,990
1665,300,setup_complete,296.02,2,29.99,990
1666,300,setup_complete,545.97,3,29.99,990
1667,300,setup_complete,0,1,29.99,991
1670,300,setup_complete,0,1,239.99,993
1671,300,setup_complete,465.82,2,239.99,993
1672,300,setup_complete,0,1,599.99,994
1673,301,setup_complete,0,1,239.99,995
1674,301,setup_complete,496.5,2,239.99,995
1675,301,setup_complete,0,1,29.99,996
1676,301,setup_complete,305.65,2,29.99,996
1677,301,setup_complete,471.15,3,29.99,996
1685,302,setup_complete,0,1,239.99,1000
1686,302,setup_complete,422.56,2,239.99,1000
1687,302,setup_complete,0,1,239.99,1001
1688,302,setup_complete,332.39,2,239.99,1001
1689,302,setup_complete,0,1,29.99,1002
1690,302,setup_complete,0,1,599.99,1003
1691,302,setup_complete,0,1,29.99,1004
1692,302,setup_complete,249.48,2,29.99,1004
1693,302,setup_complete,521.49,3,29.99,1004
1694,303,setup_complete,0,1,29.99,1005
1695,303,setup_complete,267.88,2,29.99,1005
1696,303,setup_complete,517.48,3,29.99,1005
1697,303,setup_complete,0,1,239.99,1006
1698,303,setup_complete,489.33,2,239.99,1006
1699,303,setup_complete,0,1,239.99,1007
1700,303,setup_complete,489.56,2,239.99,1007
1701,303,setup_complete,0,1,599.99,1008
1702,303,setup_complete,0,1,29.99,1009
1703,303,setup_complete,0,1,29.99,1010
1704,303,setup_complete,309.62,2,29.99,1010
1705,303,setup_complete,528.45,3,29.99,1010
1712,305,setup_complete,0,1,29.99,1015
1713,305,setup_complete,183.54,2,29.99,1015
1714,305,setup_complete,357.19,3,29.99,1015
1715,305,setup_complete,0,1,239.99,1016
1716,305,setup_complete,395.28,2,239.99,1016
1717,305,setup_complete,0,1,239.99,1017
1718,305,setup_complete,240.04,2,239.99,1017
1719,305,setup_complete,0,1,599.99,1018
1720,305,setup_complete,0,1,29.99,1019
1721,306,setup_complete,0,1,29.99,1020
1722,306,setup_complete,273.59,2,29.99,1020
1723,306,setup_complete,484.97,3,29.99,1020
1724,306,setup_complete,0,1,239.99,1021
1725,306,setup_complete,403.69,2,239.99,1021
1726,306,setup_complete,0,1,239.99,1023
1727,306,setup_complete,456.63,2,239.99,1023
1730,306,setup_complete,0,1,599.99,1027
1737,308,setup_complete,0,1,239.99,1034
1738,308,setup_complete,262.23,2,239.99,1034
1739,308,setup_complete,0,1,29.99,1035
1740,308,setup_complete,0,1,239.99,1036
1741,308,setup_complete,308.69,2,239.99,1036
1742,308,setup_complete,0,1,599.99,1037
1743,308,setup_complete,0,1,239.99,1038
1744,308,setup_complete,235.49,2,239.99,1038
1745,308,setup_complete,0,1,0.01,1039
1756,309,setup_complete,0,1,29.99,1045
1757,309,setup_complete,290.39,2,29.99,1045
1758,309,setup_complete,546.93,3,29.99,1045
1759,309,setup_complete,0,1,599.99,1046
1765,311,setup_complete,0,1,29.99,1050
1766,311,setup_complete,209.9,2,29.99,1050
1767,311,setup_complete,513.71,3,29.99,1050
1784,312,setup_complete,0,1,29.99,1059
1785,312,setup_complete,0,1,599.99,1060
1786,312,setup_complete,0,1,239.99,1061
1787,312,setup_complete,506.18,2,239.99,1061
1799,315,setup_complete,0,1,599.98,1070
1800,315,setup_complete,0,1,239.99,1071
1801,315,setup_complete,390.18,2,239.99,1071
1802,315,setup_complete,0,1,29.99,1072
1803,315,setup_complete,212.65,2,29.99,1072
1804,315,setup_complete,0,1,239.99,1073
1805,315,setup_complete,346.83,2,239.99,1073
1806,316,setup_complete,0,1,29.99,1074
1807,316,setup_complete,249.45,2,29.99,1074
1808,316,setup_complete,461.44,3,29.99,1074
1809,316,setup_complete,0,1,239.99,1075
1810,316,setup_complete,436.33,2,239.99,1075
1811,316,setup_complete,0,1,599.99,1076
1812,316,setup_complete,0,1,239.99,1079
1813,316,setup_complete,212.92,2,239.99,1079
1814,316,setup_complete,0,1,29.99,1080
1821,318,setup_complete,0,1,29.99,1085
1822,318,setup_complete,0,1,29.99,1086
1823,318,setup_complete,188.26,2,29.99,1086
1824,318,setup_complete,446.93,3,29.99,1086
1825,319,setup_complete,0,1,29.99,1087
1826,319,setup_complete,214.8,2,29.99,1087
1827,319,setup_complete,484.6,3,29.99,1087
1828,319,setup_complete,0,1,239.99,1088
1829,319,setup_complete,247.37,2,239.99,1088
1830,319,setup_complete,0,1,239.99,1089
1831,319,setup_complete,263.5,2,239.99,1089
1832,319,setup_complete,0,1,599.99,1090
1833,319,setup_complete,0,1,29.99,1091
1837,320,setup_complete,0,1,29.99,1093
1838,320,setup_complete,214.8,2,29.99,1093
1839,320,setup_complete,484.6,3,29.99,1093
1845,320,setup_complete,0,1,29.99,1097
1856,321,setup_complete,0,1,239.99,1103
1857,321,setup_complete,412.62,2,239.99,1103
1858,321,setup_complete,0,1,29.99,1104
1859,321,setup_complete,163.46,2,29.99,1104
1860,321,setup_complete,348.55,3,29.99,1104
1861,322,setup_complete,0,1,29.99,1105
1862,322,setup_complete,309.2,2,29.99,1105
1863,322,setup_complete,553.81,3,29.99,1105
1864,322,setup_complete,0,1,239.99,1106
1865,322,setup_complete,502.27,2,239.99,1106
1866,322,setup_complete,0,1,29.99,1107
1867,322,setup_complete,0,1,239.99,1108
1868,322,setup_complete,485.46,2,239.99,1108
1869,322,setup_complete,0,1,599.99,1109
1875,324,setup_complete,0,1,239.99,1117
1876,324,setup_complete,271.18,2,239.99,1117
1878,324,setup_complete,0,1,239.99,1119
1879,324,setup_complete,263.66,2,239.99,1119
1880,324,setup_complete,0,1,599.99,1120
1889,325,setup_complete,0,1,29.99,1124
1890,325,setup_complete,0,1,599.99,1126
1897,325,setup_complete,0,1,239.99,1134
1898,325,setup_complete,381.28,2,239.99,1134
1899,327,setup_complete,0,1,29.99,1135
1900,327,setup_complete,175.63,2,29.99,1135
1901,327,setup_complete,451.3,3,29.99,1135
1924,329,setup_complete,0,1,599.99,1150
1925,329,setup_complete,0,1,239.99,1151
1926,329,setup_complete,480.25,2,239.99,1151
1927,329,setup_complete,0,1,29.99,1152
1933,329,setup_complete,0,1,239.99,1155
1934,329,setup_complete,279.87,2,239.99,1155
1935,330,setup_complete,0,1,29.99,1156
1936,330,setup_complete,325.25,2,29.99,1156
1937,330,setup_complete,622.07,3,29.99,1156
1943,330,setup_complete,0,1,599.99,1160
1946,333,setup_complete,0,1,29.99,1164
1947,333,setup_complete,241.45,2,29.99,1164
1948,333,setup_complete,420.88,3,29.99,1164
1949,333,setup_complete,0,1,239.99,1165
1950,333,setup_complete,453.47,2,239.99,1165
1951,333,setup_complete,0,1,239.99,1166
1952,333,setup_complete,509.88,2,239.99,1166
1953,333,setup_complete,0,1,599.99,1167
1954,333,setup_complete,0,1,29.99,1168
1955,334,setup_complete,0,1,29.99,1169
1956,334,setup_complete,182.86,2,29.99,1169
1957,334,setup_complete,0,1,239.99,1170
1958,334,setup_complete,469.58,2,239.99,1170
1959,334,setup_complete,0,1,239.99,1171
1960,334,setup_complete,240.04,2,239.99,1171
1961,337,setup_complete,0,1,29.99,1173
1962,337,setup_complete,231.35,2,29.99,1173
1963,337,setup_complete,541.76,3,29.99,1173
1964,337,setup_complete,0,1,239.99,1174
1965,337,setup_complete,240.04,2,239.99,1174
1966,337,setup_complete,0,1,29.99,1175
1967,337,setup_complete,0,1,239.99,1176
1968,337,setup_complete,425.19,2,239.99,1176
1969,337,setup_complete,0,1,599.99,1177
1970,338,setup_complete,0,1,29.99,1178
1971,338,setup_complete,260.12,2,29.99,1178
1972,338,setup_complete,538.41,3,29.99,1178
1973,338,setup_complete,0,1,239.99,1179
1974,338,setup_complete,240.04,2,239.99,1179
1975,338,setup_complete,0,1,239.99,1180
1976,338,setup_complete,390.18,2,239.99,1180
1977,338,setup_complete,0,1,599.99,1181
1978,338,setup_complete,0,1,29.99,1182
1979,338,setup_complete,0,1,29.99,1183
1980,338,setup_complete,253.47,2,29.99,1183
1981,338,setup_complete,492.01,3,29.99,1183
1982,338,setup_complete,0,1,599.99,1184
1989,339,setup_complete,0,1,29.99,1189
1990,339,setup_complete,236.68,2,29.99,1189
1991,339,setup_complete,529.86,3,29.99,1189
1998,339,setup_complete,0,1,599.99,1194
1999,340,setup_complete,0,1,29.99,1195
2000,340,setup_complete,255.26,2,29.99,1195
2001,340,setup_complete,555.59,3,29.99,1195
2002,340,setup_complete,0,1,239.99,1196
2003,340,setup_complete,471.41,2,239.99,1196
2004,340,setup_complete,0,1,29.99,1197
2005,340,setup_complete,0,1,239.99,1198
2006,340,setup_complete,419.11,2,239.99,1198
2007,340,setup_complete,0,1,599.98,1199
2008,342,setup_complete,0,1,29.99,1200
2009,342,setup_complete,205.95,2,29.99,1200
2010,342,setup_complete,393.39,3,29.99,1200
2011,343,setup_complete,0,1,29.99,1201
2012,343,setup_complete,157.86,2,29.99,1201
2013,343,setup_complete,343.89,3,29.99,1201
2014,344,setup_complete,0,1,599.99,1202
2017,344,setup_complete,0,1,239.99,1204
2018,344,setup_complete,478.26,2,239.99,1204
2029,343,setup_complete,0,1,599.99,
2030,345,setup_complete,0,1,599.99,
2031,345,setup_complete,0,1,239.99,1212
2032,345,setup_complete,261.67,2,239.99,1212
2035,345,setup_complete,0,1,29.99,1214
2036,345,setup_complete,0,1,29.99,1215
2037,345,setup_complete,264.4,2,29.99,1215
2038,345,setup_complete,454.72,3,29.99,1215
2041,342,setup_complete,0,1,239.99,1218
2042,342,setup_complete,267.18,2,239.99,1218
2043,342,setup_complete,0,1,239.99,1220
2044,342,setup_complete,522.12,2,239.99,1220
2055,346,setup_complete,0,1,29.99,1229
2056,346,setup_complete,0,1,239.99,1230
2057,346,setup_complete,416.22,2,239.99,1230
2058,346,setup_complete,0,1,599.99,1231
2059,346,setup_complete,0,1,29.99,1232
2060,346,setup_complete,170.52,2,29.99,1232
2061,346,setup_complete,437.78,3,29.99,1232
2074,350,setup_complete,0,1,29.99,1248
2075,350,setup_complete,217.55,2,29.99,1248
2076,350,setup_complete,413.72,3,29.99,1248
2077,350,setup_complete,0,1,239.99,1249
2078,350,setup_complete,335.58,2,239.99,1249
2079,350,setup_complete,0,1,239.99,1250
2080,350,setup_complete,509.4,2,239.99,1250
2081,350,setup_complete,0,1,599.99,1251
2082,350,setup_complete,0,1,29.99,1252
2089,351,setup_complete,0,1,29.99,1255
2090,351,setup_complete,303.47,2,29.99,1255
2091,351,setup_complete,589.08,3,29.99,1255
2092,351,setup_complete,0,1,239.99,1256
2093,351,setup_complete,452.96,2,239.99,1256
2094,351,setup_complete,0,1,239.99,1257
2095,351,setup_complete,280.49,2,239.99,1257
2096,351,setup_complete,0,1,599.99,1258
2097,351,setup_complete,0,1,29.99,1259
2098,351,setup_complete,0,1,29.99,1260
2099,351,setup_complete,283.49,2,29.99,1260
2100,351,setup_complete,463.86,3,29.99,1260
2101,352,setup_complete,0,1,29.99,1261
2102,352,setup_complete,280.43,2,29.99,1261
2103,352,setup_complete,454.05,3,29.99,1261
2110,353,setup_complete,0,1,29.99,1270
2111,353,setup_complete,239.14,2,29.99,1270
2112,353,setup_complete,568.67,3,29.99,1270
2113,354,setup_complete,0,1,29.99,1271
2114,354,setup_complete,288.31,2,29.99,1271
2115,354,setup_complete,490.75,3,29.99,1271
2116,354,setup_complete,0,1,239.99,1272
2117,354,setup_complete,406.25,2,239.99,1272
2118,354,setup_complete,0,1,599.99,1273
2119,354,setup_complete,0,1,239.99,1274
2120,354,setup_complete,271.89,2,239.99,1274
2121,354,setup_complete,0,1,29.99,1275
2122,354,setup_complete,0,1,29.99,1276
2123,354,setup_complete,262.57,2,29.99,1276
2124,354,setup_complete,495.39,3,29.99,1276
2127,354,setup_complete,0,1,599.99,1278
2137,356,setup_complete,0,1,29.99,1287
2138,356,setup_complete,289.03,2,29.99,1287
2139,356,setup_complete,457.71,3,29.99,1287
2140,356,setup_complete,0,1,239.99,1288
2141,356,setup_complete,326.05,2,239.99,1288
2142,356,setup_complete,0,1,599.99,1289
2143,356,setup_complete,0,1,239.99,1290
2144,356,setup_complete,400.44,2,239.99,1290
2145,356,setup_complete,0,1,29.99,1291
2146,356,setup_complete,0,1,239.99,1292
2147,356,setup_complete,493.94,2,239.99,1292
2148,361,setup_complete,0,1,599.99,1297
2149,361,setup_complete,0,1,29.99,1298
2150,362,setup_complete,0,1,29.99,1301
2151,362,setup_complete,224.1,2,29.99,1301
2152,362,setup_complete,469.06,3,29.99,1301
2156,362,setup_complete,0,1,239.99,1303
2157,362,setup_complete,338.54,2,239.99,1303
2161,375,setup_complete,0,1,239.99,1305
2162,375,setup_complete,473.45,2,239.99,1305
2163,375,setup_complete,0,1,239.99,1306
2164,375,setup_complete,480.21,2,239.99,1306
2172,376,setup_complete,0,1,239.99,1311
2173,376,setup_complete,390.16,2,239.99,1311
2174,376,setup_complete,0,1,239.99,1312
2175,376,setup_complete,499.78,2,239.99,1312
2176,376,setup_complete,0,1,239.99,1313
2177,376,setup_complete,446.69,2,239.99,1313
2178,376,setup_complete,0,1,29.99,1314
2179,376,setup_complete,248.51,2,29.99,1314
2180,376,setup_complete,574.71,3,29.99,1314
2181,377,setup_complete,0,1,29.99,1315
2182,377,setup_complete,276.25,2,29.99,1315
2183,377,setup_complete,537.17,3,29.99,1315
2184,377,setup_complete,0,1,239.99,1316
2185,377,setup_complete,384.88,2,239.99,1316
2200,379,setup_complete,0,1,239.99,
2201,379,setup_complete,401.18,2,239.99,
2202,378,setup_complete,0,1,599.99,
2203,378,setup_complete,0,1,29.99,
2204,378,setup_complete,0,1,239.99,1332
2205,378,setup_complete,451.41,2,239.99,1332
2206,378,setup_complete,0,1,29.99,1333
2207,378,setup_complete,161.53,2,29.99,1333
2208,378,setup_complete,453.9,3,29.99,1333
2214,381,setup_complete,0,1,239.99,1336
2215,381,setup_complete,454.18,2,239.99,1336
2218,381,setup_complete,0,1,239.99,1339
2219,381,setup_complete,416.01,2,239.99,1339
2220,381,setup_complete,0,1,239.99,1340
2221,381,setup_complete,395.19,2,239.99,1340
2222,381,setup_complete,0,1,29.99,1341
2223,381,setup_complete,250.27,2,29.99,1341
2224,381,setup_complete,545.14,3,29.99,1341
2225,383,setup_complete,0,1,29.99,1342
2226,383,setup_complete,297.91,2,29.99,1342
2227,383,setup_complete,500.93,3,29.99,1342
2230,383,setup_complete,0,1,29.99,1344
2231,383,setup_complete,0,1,239.99,1345
2232,383,setup_complete,418.61,2,239.99,1345
2233,383,setup_complete,0,1,599.99,1346
2242,385,setup_complete,0,1,239.99,1352
2243,385,setup_complete,485.82,2,239.99,1352
2246,385,setup_complete,0,1,599.98,1354
2247,385,setup_complete,0,1,239.99,1356
2248,385,setup_complete,498.23,2,239.99,1356
2249,385,setup_complete,0,1,599.98,1357
2250,385,setup_complete,0,1,29.99,1358
2251,386,setup_complete,0,1,29.99,1359
2252,386,setup_complete,255.41,2,29.99,1359
2253,386,setup_complete,445.46,3,29.99,1359
2254,386,setup_complete,0,1,239.99,1360
2255,386,setup_complete,389.05,2,239.99,1360
2256,386,setup_complete,0,1,239.99,1361
2257,386,setup_complete,369.81,2,239.99,1361
2258,386,setup_complete,0,1,29.99,1363
2260,386,setup_complete,0,1,29.99,1372
2261,386,setup_complete,304.67,2,29.99,1372
2262,386,setup_complete,538.02,3,29.99,1372
2263,387,setup_complete,0,1,29.99,1373
2264,387,setup_complete,263.85,2,29.99,1373
2265,387,setup_complete,526.86,3,29.99,1373
2266,387,setup_complete,0,1,239.99,1374
2267,387,setup_complete,461.61,2,239.99,1374
2268,387,setup_complete,0,1,29.99,1375
2269,387,setup_complete,0,1,239.99,1376
2270,387,setup_complete,498.92,2,239.99,1376
2271,387,setup_complete,0,1,599.99,1377
2276,390,setup_complete,0,1,599.99,1382
2284,394,setup_complete,0,1,29.99,1386
2285,394,setup_complete,155.49,2,29.99,1386
2286,394,setup_complete,412.9,3,29.99,1386
2287,394,setup_complete,0,1,239.99,1387
2288,394,setup_complete,500.6,2,239.99,1387
2289,394,setup_complete,0,1,239.99,1388
2290,394,setup_complete,414.4,2,239.99,1388
2291,394,setup_complete,0,1,29.99,1389
2292,394,setup_complete,0,1,599.99,1390
2293,394,setup_complete,0,1,29.99,1391
2294,394,setup_complete,264.08,2,29.99,1391
2295,394,setup_complete,438.61,3,29.99,1391
2296,395,setup_complete,0,1,29.99,1392
2297,395,setup_complete,173.15,2,29.99,1392
2298,395,setup_complete,461.19,3,29.99,1392
2299,395,setup_complete,0,1,239.99,1393
2300,395,setup_complete,399.62,2,239.99,1393
2301,395,setup_complete,0,1,239.99,1394
2302,395,setup_complete,436.85,2,239.99,1394
2303,395,setup_complete,0,1,599.99,1395
2304,395,setup_complete,0,1,29.99,1396
2305,395,setup_complete,0,1,29.99,1397
2306,395,setup_complete,208.87,2,29.99,1397
2307,395,setup_complete,485.42,3,29.99,1397
2308,395,setup_complete,0,1,599.99,1398
2309,388,setup_complete,0,1,29.99,1399
2310,388,setup_complete,155.49,2,29.99,1399
2311,388,setup_complete,412.9,3,29.99,1399
2312,388,setup_complete,0,1,239.99,1400
2313,388,setup_complete,500.6,2,239.99,1400
2314,388,setup_complete,0,1,239.99,1401
2315,388,setup_complete,414.4,2,239.99,1401
2316,388,setup_complete,0,1,29.99,1402
2317,388,setup_complete,0,1,599.99,1403
2318,396,setup_complete,0,1,29.99,1404
2319,396,setup_complete,223.17,2,29.99,1404
2320,396,setup_complete,421.8,3,29.99,1404
2321,396,setup_complete,0,1,239.99,1405
2322,396,setup_complete,240.04,2,239.99,1405
2323,396,setup_complete,0,1,29.99,1406
2324,398,setup_complete,0,1,29.99,1407
2325,398,setup_complete,164.2,2,29.99,1407
2326,398,setup_complete,409.1,3,29.99,1407
2329,398,setup_complete,0,1,29.99,1411
2330,398,setup_complete,0,1,239.99,1413
2331,398,setup_complete,593.9,2,239.99,1413
2332,402,setup_complete,0,1,29.99,1414
2333,402,setup_complete,299.1,2,29.99,1414
2334,402,setup_complete,496.26,3,29.99,1414
2335,402,setup_complete,0,1,239.99,1415
2336,402,setup_complete,488.36,2,239.99,1415
2337,402,setup_complete,0,1,239.99,1416
2338,402,setup_complete,283.55,2,239.99,1416
2339,402,setup_complete,0,1,599.99,1417
2340,402,setup_complete,0,1,29.99,1418
2341,402,setup_complete,0,1,29.99,1419
2342,402,setup_complete,322.38,2,29.99,1419
2343,402,setup_complete,538.66,3,29.99,1419
2344,403,setup_complete,0,1,29.99,1420
2345,403,setup_complete,161.93,2,29.99,1420
2347,403,setup_complete,0,1,239.99,1422
2348,403,setup_complete,408.29,2,239.99,1422
2355,404,setup_complete,0,1,239.99,1426
2356,404,setup_complete,461.08,2,239.99,1426
2360,403,setup_complete,0,1,29.99,1429
2378,405,setup_complete,0,1,29.99,1439
2379,405,setup_complete,238.69,2,29.99,1439
2380,405,setup_complete,533.89,3,29.99,1439
2381,408,setup_complete,0,1,29.99,1440
2382,408,setup_complete,215.4,2,29.99,1440
2383,408,setup_complete,458.59,3,29.99,1440
2384,408,setup_complete,0,1,239.99,1441
2385,408,setup_complete,239.94,2,239.99,1441
2386,408,setup_complete,0,1,29.99,1444
2387,408,setup_complete,0,1,239.99,1445
2388,408,setup_complete,427.12,2,239.99,1445
2389,408,setup_complete,0,1,599.99,1446
2390,408,setup_complete,0,1,29.99,1447
2391,408,setup_complete,298,2,29.99,1447
2392,408,setup_complete,529.59,3,29.99,1447
2393,410,setup_complete,0,1,29.99,1448
2394,410,setup_complete,154.2,2,29.99,1448
2395,410,setup_complete,479.11,3,29.99,1448
2396,410,setup_complete,0,1,239.99,1449
2397,410,setup_complete,393.72,2,239.99,1449
2401,410,setup_complete,0,1,599.99,1452
2405,411,setup_complete,0,1,29.99,1454
2406,411,setup_complete,154.2,2,29.99,1454
2407,411,setup_complete,479.11,3,29.99,1454
2413,411,setup_complete,0,1,239.99,1458
2414,411,setup_complete,393.72,2,239.99,1458
2415,411,setup_complete,0,1,29.99,1459
2416,411,setup_complete,0,1,239.99,1460
2417,411,setup_complete,426.3,2,239.99,1460
2418,411,setup_complete,0,1,599.99,1461
2422,412,setup_complete,0,1,599.99,1463
2439,415,setup_complete,0,1,599.99,1473
2440,415,setup_complete,0,1,239.99,1474
2441,415,setup_complete,407.02,2,239.99,1474
2442,415,setup_complete,0,1,239.99,1475
2443,415,setup_complete,240.04,2,239.99,1475
2444,415,setup_complete,0,1,29.99,1476
2445,415,setup_complete,0,1,29.99,1477
2446,415,setup_complete,231.28,2,29.99,1477
2447,415,setup_complete,564.34,3,29.99,1477
2448,415,setup_complete,0,1,239.99,1478
2449,415,setup_complete,553.14,2,239.99,1478
2453,416,setup_complete,0,1,239.99,1482
2454,416,setup_complete,497.67,2,239.99,1482
2459,417,setup_complete,0,1,29.99,1485
2460,417,setup_complete,236.28,2,29.99,1485
2461,417,setup_complete,451.3,3,29.99,1485
2462,417,setup_complete,0,1,239.99,1486
2463,417,setup_complete,285.98,2,239.99,1486
2466,417,setup_complete,0,1,29.99,1488
2467,417,setup_complete,233.94,2,29.99,1488
2468,417,setup_complete,528.71,3,29.99,1488
2469,417,setup_complete,0,1,239.99,1489
2470,417,setup_complete,369.38,2,239.99,1489
2471,418,setup_complete,0,1,29.99,1490
2472,418,setup_complete,253.16,2,29.99,1490
2473,418,setup_complete,479.41,3,29.99,1490
2474,418,setup_complete,0,1,239.99,1491
2475,418,setup_complete,424.51,2,239.99,1491
2476,418,setup_complete,0,1,239.99,1492
2477,418,setup_complete,395.14,2,239.99,1492
2478,418,setup_complete,0,1,29.99,1493
2479,418,setup_complete,0,1,599.99,1494
2480,419,setup_complete,0,1,29.99,1495
2481,419,setup_complete,174.96,2,29.99,1495
2482,419,setup_complete,502.12,3,29.99,1495
2483,419,setup_complete,0,1,239.99,1496
2484,419,setup_complete,497.01,2,239.99,1496
2485,419,setup_complete,0,1,29.99,1497
2486,419,setup_complete,0,1,239.99,1498
2487,419,setup_complete,271.25,2,239.99,1498
2488,419,setup_complete,0,1,599.99,1499
2489,419,setup_complete,0,1,29.99,1500
2490,419,setup_complete,243.11,2,29.99,1500
2491,419,setup_complete,484.87,3,29.99,1500
2492,420,setup_complete,0,1,29.99,1501
2493,420,setup_complete,154.55,2,29.99,1501
2494,420,setup_complete,415.15,3,29.99,1501
2495,420,setup_complete,0,1,239.99,1502
2496,420,setup_complete,270,2,239.99,1502
2497,420,setup_complete,0,1,239.99,1503
2498,420,setup_complete,457.81,2,239.99,1503
2499,420,setup_complete,0,1,599.99,1504
2500,420,setup_complete,0,1,29.99,1505
2501,420,setup_complete,0,1,29.99,1507
2502,420,setup_complete,216.05,2,29.99,1507
2503,420,setup_complete,553.31,3,29.99,1507
2504,421,setup_complete,0,1,29.99,1508
2505,421,setup_complete,173.16,2,29.99,1508
2506,421,setup_complete,493.44,3,29.99,1508
2507,421,setup_complete,0,1,239.99,1509
2508,421,setup_complete,490.88,2,239.99,1509
2509,421,setup_complete,0,1,239.99,1510
2510,421,setup_complete,323.66,2,239.99,1510
2511,421,setup_complete,0,1,599.99,1511
2512,421,setup_complete,0,1,29.99,1512
2513,421,setup_complete,0,1,29.99,1513
2514,421,setup_complete,299.28,2,29.99,1513
2515,421,setup_complete,517.01,3,29.99,1513
2516,422,setup_complete,0,1,29.99,1514
2517,422,setup_complete,167.75,2,29.99,1514
2518,422,setup_complete,354.55,3,29.99,1514
2523,422,setup_complete,0,1,599.99,1517
2527,422,setup_complete,0,1,599.99,1519
2528,423,setup_complete,0,1,29.99,1520
2529,423,setup_complete,312.9,2,29.99,1520
2530,423,setup_complete,472,3,29.99,1520
2531,423,setup_complete,0,1,239.99,1521
2532,423,setup_complete,315.36,2,239.99,1521
2534,423,setup_complete,0,1,239.99,1523
2535,423,setup_complete,390.16,2,239.99,1523
2536,423,setup_complete,0,1,599.99,1524
2537,423,setup_complete,0,1,29.99,1525
2538,423,setup_complete,324.54,2,29.99,1525
2539,423,setup_complete,652.66,3,29.99,1525
2540,425,setup_complete,0,1,29.99,1526
2541,425,setup_complete,305.41,2,29.99,1526
2542,425,setup_complete,522.34,3,29.99,1526
2543,425,setup_complete,0,1,239.99,1527
2544,425,setup_complete,413.41,2,239.99,1527
2545,426,setup_complete,0,1,239.99,1528
2546,426,setup_complete,485.55,2,239.99,1528
2547,426,setup_complete,0,1,599.99,1529
2551,426,setup_complete,0,1,239.99,1534
2552,426,setup_complete,283.44,2,239.99,1534
2553,427,setup_complete,0,1,29.99,1535
2554,427,setup_complete,330.51,2,29.99,1535
2555,427,setup_complete,530.4,3,29.99,1535
2556,427,setup_complete,0,1,239.99,1536
2557,427,setup_complete,266.48,2,239.99,1536
2558,427,setup_complete,0,1,239.99,1537
2559,427,setup_complete,501.99,2,239.99,1537
2560,427,setup_complete,0,1,599.99,1538
2573,429,setup_complete,0,1,29.99,1547
2574,429,setup_complete,169.29,2,29.99,1547
2575,429,setup_complete,342.87,3,29.99,1547
2576,429,setup_complete,0,1,29.99,1548
2577,429,setup_complete,0,1,239.99,1549
2578,429,setup_complete,580.49,2,239.99,1549
2579,429,setup_complete,0,1,239.99,1550
2580,429,setup_complete,390.15,2,239.99,1550
2581,429,setup_complete,0,1,599.99,1551
2582,430,setup_complete,0,1,29.99,1552
2583,430,setup_complete,335.84,2,29.99,1552
2584,430,setup_complete,536.14,3,29.99,1552
2585,430,setup_complete,0,1,239.99,1553
2586,430,setup_complete,512.95,2,239.99,1553
2590,430,setup_complete,0,1,29.99,1556
2591,430,setup_complete,0,1,29.99,1557
2592,430,setup_complete,228.19,2,29.99,1557
2593,430,setup_complete,422.1,3,29.99,1557
2594,431,setup_complete,0,1,29.99,1558
2595,431,setup_complete,307.72,2,29.99,1558
2596,431,setup_complete,619.85,3,29.99,1558
2597,431,setup_complete,0,1,239.99,1559
2598,431,setup_complete,413,2,239.99,1559
2599,431,setup_complete,0,1,599.99,1560
2600,431,setup_complete,0,1,239.99,1561
2601,431,setup_complete,403.15,2,239.99,1561
2602,431,setup_complete,0,1,29.99,1564
2606,432,setup_complete,0,1,29.99,1566
2607,432,setup_complete,283.48,2,29.99,1566
2608,432,setup_complete,529.26,3,29.99,1566
2614,432,setup_complete,0,1,29.99,1570
2615,432,setup_complete,0,1,29.99,1571
2616,432,setup_complete,333.04,2,29.99,1571
2617,432,setup_complete,551.51,3,29.99,1571
2618,433,setup_complete,0,1,29.99,1572
2619,433,setup_complete,197.45,2,29.99,1572
2620,433,setup_complete,359.79,3,29.99,1572
2621,433,setup_complete,0,1,239.99,1573
2622,433,setup_complete,459.54,2,239.99,1573
2623,433,setup_complete,0,1,239.99,1574
2624,433,setup_complete,344.98,2,239.99,1574
2625,433,setup_complete,0,1,599.99,1576
2626,433,setup_complete,0,1,29.99,1577
2627,434,setup_complete,0,1,29.99,1578
2628,434,setup_complete,333.04,2,29.99,1578
2629,434,setup_complete,551.51,3,29.99,1578
2630,434,setup_complete,0,1,29.99,1579
2631,434,setup_complete,0,1,599.99,1580
2632,434,setup_complete,0,1,239.99,1581
2633,434,setup_complete,269.95,2,239.99,1581
2634,434,setup_complete,0,1,239.99,1582
2635,434,setup_complete,453.87,2,239.99,1582
2642,435,setup_complete,0,1,239.99,1585
2643,435,setup_complete,399.59,2,239.99,1585
2644,435,setup_complete,0,1,239.99,1586
2645,435,setup_complete,295.8,2,239.99,1586
2646,435,setup_complete,0,1,29.99,1587
2647,435,setup_complete,337.1,2,29.99,1587
2648,435,setup_complete,543.38,3,29.99,1587
2649,435,setup_complete,0,1,239.99,1588
2650,435,setup_complete,397.78,2,239.99,1588
2651,436,setup_complete,0,1,29.99,1589
2652,436,setup_complete,238.33,2,29.99,1589
2653,436,setup_complete,509.96,3,29.99,1589
2654,436,setup_complete,0,1,239.99,1590
2655,436,setup_complete,267.8,2,239.99,1590
2656,436,setup_complete,0,1,239.99,1593
2657,436,setup_complete,494.63,2,239.99,1593
2658,436,setup_complete,0,1,599.99,1594
2659,436,setup_complete,0,1,29.99,1595
2660,436,setup_complete,253.07,2,29.99,1595
2661,436,setup_complete,423.88,3,29.99,1595
2662,436,setup_complete,0,1,239.99,1596
2663,436,setup_complete,248.35,2,239.99,1596
2666,436,setup_complete,0,1,29.99,1599
2667,437,setup_complete,0,1,29.99,1600
2668,437,setup_complete,261.04,2,29.99,1600
2669,437,setup_complete,587.61,3,29.99,1600
2670,437,setup_complete,0,1,239.99,1601
2671,437,setup_complete,490.9,2,239.99,1601
2672,437,setup_complete,0,1,239.99,1602
2673,437,setup_complete,415.87,2,239.99,1602
2674,437,setup_complete,0,1,599.99,1603
2675,437,setup_complete,0,1,29.99,1604
2676,437,setup_complete,0,1,29.99,1606
2677,437,setup_complete,187.79,2,29.99,1606
2678,437,setup_complete,450.32,3,29.99,1606
2679,438,setup_complete,0,1,29.99,1607
2680,438,setup_complete,292,2,29.99,1607
2681,438,setup_complete,642.86,3,29.99,1607
2682,438,setup_complete,0,1,239.99,1608
2683,438,setup_complete,258.06,2,239.99,1608
2684,438,setup_complete,0,1,599.99,1609
2686,438,setup_complete,0,1,239.99,1613
2687,438,setup_complete,491.38,2,239.99,1613
2688,438,setup_complete,0,1,29.99,1614
2689,438,setup_complete,0,1,29.99,1615
2690,438,setup_complete,234.68,2,29.99,1615
2691,438,setup_complete,474.23,3,29.99,1615
2692,444,setup_complete,0,1,29.99,1616
2693,444,setup_complete,186.26,2,29.99,1616
2694,444,setup_complete,439.04,3,29.99,1616
2695,444,setup_complete,0,1,239.99,1617
2696,444,setup_complete,506.35,2,239.99,1617
2699,448,setup_complete,0,1,29.99,1622
2701,448,setup_complete,0,1,239.99,1627
2702,448,setup_complete,404.4,2,239.99,1627
2703,448,setup_complete,0,1,239.99,1628
2704,448,setup_complete,487.93,2,239.99,1628
2705,448,setup_complete,0,1,599.99,1629
2706,452,setup_complete,0,1,29.99,1633
2707,452,setup_complete,334.6,2,29.99,1633
2708,452,setup_complete,613.2,3,29.99,1633
2709,452,setup_complete,0,1,239.99,1634
2710,452,setup_complete,441.09,2,239.99,1634
2711,452,setup_complete,0,1,239.99,1635
2712,452,setup_complete,281.67,2,239.99,1635
2713,452,setup_complete,0,1,599.99,1636
2714,453,setup_complete,0,1,29.99,1637
2715,453,setup_complete,263.71,2,29.99,1637
2716,453,setup_complete,498.61,3,29.99,1637
2717,453,setup_complete,0,1,239.99,1638
2718,453,setup_complete,240.04,2,239.99,1638
2719,453,setup_complete,0,1,29.99,1639
2720,453,setup_complete,0,1,239.99,1640
2721,453,setup_complete,264.59,2,239.99,1640
2722,453,setup_complete,0,1,599.99,1641
2723,453,setup_complete,0,1,29.99,1642
2724,453,setup_complete,160.98,2,29.99,1642
2725,453,setup_complete,434.81,3,29.99,1642
2726,453,setup_complete,0,1,239.99,1643
2727,453,setup_complete,240.04,2,239.99,1643
2728,452,setup_complete,0,1,29.99,1644
2736,454,setup_complete,0,1,599.99,1648
2737,454,setup_complete,0,1,29.99,1649
2738,454,setup_complete,0,1,29.99,1650
2739,454,setup_complete,186.16,2,29.99,1650
2740,454,setup_complete,472.69,3,29.99,1650
2741,455,setup_complete,0,1,29.99,1651
2742,455,setup_complete,281.11,2,29.99,1651
2743,455,setup_complete,479.06,3,29.99,1651
2744,455,setup_complete,0,1,239.99,1652
2745,455,setup_complete,419.09,2,239.99,1652
2746,455,setup_complete,0,1,239.99,1653
2747,455,setup_complete,495.92,2,239.99,1653
2748,455,setup_complete,0,1,29.99,1654
2749,455,setup_complete,0,1,599.99,1655
2750,454,setup_complete,0,1,599.99,1656
2754,456,setup_complete,0,1,239.99,1658
2755,456,setup_complete,501.76,2,239.99,1658
2756,456,setup_complete,0,1,29.99,1659
2759,456,setup_complete,0,1,599.99,1661
2760,456,setup_complete,0,1,29.99,1662
2761,456,setup_complete,199.93,2,29.99,1662
2762,456,setup_complete,486.73,3,29.99,1662
2765,458,setup_complete,0,1,239.99,1664
2766,458,setup_complete,251.56,2,239.99,1664
2767,458,setup_complete,0,1,239.99,1665
2768,458,setup_complete,415.37,2,239.99,1665
2769,458,setup_complete,0,1,29.99,1666
2770,458,setup_complete,0,1,239.99,1667
2771,458,setup_complete,256,2,239.99,1667
2772,458,setup_complete,0,1,599.98,1673
2773,459,setup_complete,0,1,29.99,1674
2774,459,setup_complete,211.04,2,29.99,1674
2775,459,setup_complete,447.91,3,29.99,1674
2776,459,setup_complete,0,1,239.99,1675
2777,459,setup_complete,492.75,2,239.99,1675
2781,459,setup_complete,0,1,29.99,1678
2785,459,setup_complete,0,1,599.99,1680
2788,460,setup_complete,0,1,29.99,1682
2789,460,setup_complete,221.41,2,29.99,1682
2790,460,setup_complete,431.4,3,29.99,1682
2791,460,setup_complete,0,1,239.99,1683
2792,460,setup_complete,512.13,2,239.99,1683
2793,460,setup_complete,0,1,239.99,1684
2794,460,setup_complete,450.55,2,239.99,1684
2795,460,setup_complete,0,1,599.99,1685
2796,460,setup_complete,0,1,29.99,1686
2797,465,setup_complete,0,1,29.99,1691
2798,465,setup_complete,371.64,2,29.99,1691
2799,465,setup_complete,553.5,3,29.99,1691
2800,465,setup_complete,0,1,239.99,1692
2801,465,setup_complete,332.92,2,239.99,1692
2802,465,setup_complete,0,1,239.99,1693
2803,465,setup_complete,425.75,2,239.99,1693
2804,465,setup_complete,0,1,29.99,1694
2805,466,setup_complete,0,1,29.99,1695
2806,466,setup_complete,236.36,2,29.99,1695
2807,466,setup_complete,481.51,3,29.99,1695
2808,466,setup_complete,0,1,239.99,1696
2809,466,setup_complete,240.04,2,239.99,1696
2810,466,setup_complete,0,1,29.99,1697
2811,466,setup_complete,0,1,239.99,1698
2812,466,setup_complete,395.11,2,239.99,1698
2813,466,setup_complete,0,1,599.99,1699
2814,466,setup_complete,0,1,29.99,1700
2815,466,setup_complete,235.17,2,29.99,1700
2816,466,setup_complete,403.01,3,29.99,1700
2817,468,setup_complete,0,1,29.99,1701
2818,468,setup_complete,218.19,2,29.99,1701
2819,468,setup_complete,483.28,3,29.99,1701
2820,467,setup_complete,0,1,29.99,1702
2821,467,setup_complete,218.19,2,29.99,1702
2822,467,setup_complete,483.28,3,29.99,1702
2823,467,setup_complete,0,1,239.99,1703
2824,467,setup_complete,504.12,2,239.99,1703
2825,469,setup_complete,0,1,29.99,1704
2826,469,setup_complete,204.39,2,29.99,1704
2827,469,setup_complete,506.13,3,29.99,1704
2833,469,setup_complete,0,1,239.99,1707
2834,469,setup_complete,294.88,2,239.99,1707
2835,470,setup_complete,0,1,239.99,1708
2836,470,setup_complete,324.2,2,239.99,1708
2837,470,setup_complete,0,1,239.99,1709
2838,470,setup_complete,496.96,2,239.99,1709
2839,469,setup_complete,0,1,599.99,1710
2843,465,setup_complete,0,1,599.99,1713
2844,469,setup_complete,0,1,29.99,1716
2845,469,setup_complete,246.97,2,29.99,1716
2846,469,setup_complete,457.38,3,29.99,1716
2847,470,setup_complete,0,1,599.99,1717
2848,470,setup_complete,0,1,29.99,1718
2852,471,setup_complete,0,1,239.99,1720
2853,471,setup_complete,390.15,2,239.99,1720
2854,471,setup_complete,0,1,29.99,1721
2855,471,setup_complete,0,1,239.99,1722
2856,471,setup_complete,511.9,2,239.99,1722
2857,471,setup_complete,0,1,599.99,1723
2858,471,setup_complete,0,1,29.99,1724
2859,471,setup_complete,260.54,2,29.99,1724
2860,471,setup_complete,443.1,3,29.99,1724
2861,472,setup_complete,0,1,29.99,1725
2862,472,setup_complete,224.08,2,29.99,1725
2863,472,setup_complete,542.26,3,29.99,1725
2869,472,setup_complete,0,1,29.99,1730
2870,472,setup_complete,0,1,239.99,1731
2871,472,setup_complete,496.17,2,239.99,1731
2872,474,setup_complete,0,1,239.99,1733
2873,474,setup_complete,474.64,2,239.99,1733
2874,474,setup_complete,0,1,599.99,1734
2875,477,setup_complete,0,1,29.99,1736
2876,477,setup_complete,240.3,2,29.99,1736
2877,477,setup_complete,508.76,3,29.99,1736
2878,477,setup_complete,0,1,239.99,1737
2879,477,setup_complete,373.11,2,239.99,1737
2887,478,setup_complete,0,1,239.99,1741
2888,478,setup_complete,480.22,2,239.99,1741
2901,480,setup_complete,0,1,29.99,1748
2902,480,setup_complete,302.02,2,29.99,1748
2903,480,setup_complete,612.85,3,29.99,1748
2909,480,setup_complete,0,1,29.99,1752
2910,480,setup_complete,320.3,2,29.99,1752
2911,480,setup_complete,552.94,3,29.99,1752
2912,480,setup_complete,0,1,599.99,1753
2913,481,setup_complete,0,1,29.99,1754
2914,481,setup_complete,173.08,2,29.99,1754
2915,481,setup_complete,470,3,29.99,1754
2916,481,setup_complete,0,1,239.99,1755
2917,481,setup_complete,420.54,2,239.99,1755
2918,481,setup_complete,0,1,29.99,1757
2919,481,setup_complete,0,1,599.99,1758
2920,481,setup_complete,0,1,29.99,1759
2921,481,setup_complete,331.48,2,29.99,1759
2922,481,setup_complete,643.48,3,29.99,1759
2923,482,setup_complete,0,1,29.99,1760
2924,482,setup_complete,236.85,2,29.99,1760
2925,482,setup_complete,509.05,3,29.99,1760
2926,481,setup_complete,0,1,239.99,1763
2927,481,setup_complete,407.92,2,239.99,1763
2938,482,setup_complete,0,1,239.99,1771
2939,482,setup_complete,420.86,2,239.99,1771
2940,482,setup_complete,0,1,239.99,1772
2941,482,setup_complete,506.6,2,239.99,1772
2942,482,setup_complete,0,1,599.99,1773
2943,482,setup_complete,0,1,29.99,1774
2944,482,setup_complete,0,1,29.99,1775
2945,482,setup_complete,171.42,2,29.99,1775
2946,482,setup_complete,355.49,3,29.99,1775
2953,487,setup_complete,0,1,29.99,1780
2954,487,setup_complete,211.53,2,29.99,1780
2955,487,setup_complete,508.71,3,29.99,1780
2960,487,setup_complete,0,1,29.99,1784
2978,490,setup_complete,0,1,29.99,1793
2979,490,setup_complete,287.49,2,29.99,1793
2980,490,setup_complete,456.82,3,29.99,1793
2981,490,setup_complete,0,1,239.99,1794
2982,490,setup_complete,497.31,2,239.99,1794
2983,490,setup_complete,0,1,29.99,1795
2984,490,setup_complete,0,1,239.99,1796
2985,490,setup_complete,346.2,2,239.99,1796
2986,490,setup_complete,0,1,239.99,1797
2987,490,setup_complete,346.2,2,239.99,1797
2988,490,setup_complete,0,1,599.99,1798
2989,490,setup_complete,0,1,29.99,1799
2990,490,setup_complete,304.13,2,29.99,1799
2991,490,setup_complete,520.96,3,29.99,1799
2992,488,setup_complete,0,1,239.99,1801
2993,488,setup_complete,536.56,2,239.99,1801
2994,488,setup_complete,0,1,239.99,1802
2995,488,setup_complete,390.15,2,239.99,1802
2996,488,setup_complete,0,1,239.99,1803
2997,488,setup_complete,270.59,2,239.99,1803
3003,491,setup_complete,0,1,29.99,1811
3004,491,setup_complete,280.94,2,29.99,1811
3005,491,setup_complete,461.88,3,29.99,1811
3006,491,setup_complete,0,1,239.99,1812
3007,491,setup_complete,480.22,2,239.99,1812
3008,491,setup_complete,0,1,239.99,1815
3009,491,setup_complete,427.77,2,239.99,1815
3010,494,setup_complete,0,1,29.99,1818
3011,494,setup_complete,263.45,2,29.99,1818
3012,494,setup_complete,553.58,3,29.99,1818
3013,494,setup_complete,0,1,239.99,1819
3014,494,setup_complete,438.99,2,239.99,1819
3015,494,setup_complete,0,1,239.99,1820
3016,494,setup_complete,553.62,2,239.99,1820
3017,494,setup_complete,0,1,599.99,1821
3018,494,setup_complete,0,1,29.99,1822
3019,494,setup_complete,0,1,29.99,1823
3020,494,setup_complete,186.47,2,29.99,1823
3021,494,setup_complete,420.5,3,29.99,1823
3022,494,setup_complete,0,1,29.99,1825
3023,494,setup_complete,229.79,2,29.99,1825
3024,494,setup_complete,539.07,3,29.99,1825
3025,495,setup_complete,0,1,29.99,1826
3026,495,setup_complete,280.79,2,29.99,1826
3027,495,setup_complete,503.01,3,29.99,1826
3028,495,setup_complete,0,1,239.99,1827
3029,495,setup_complete,408.21,2,239.99,1827
3030,496,setup_complete,0,1,29.99,1828
3031,496,setup_complete,300.13,2,29.99,1828
3032,496,setup_complete,646.19,3,29.99,1828
3033,496,setup_complete,0,1,239.99,1829
3034,496,setup_complete,400.05,2,239.99,1829
3035,496,setup_complete,0,1,29.99,1830
3036,496,setup_complete,0,1,239.99,1831
3037,496,setup_complete,267.1,2,239.99,1831
3038,496,setup_complete,0,1,599.99,1832
3039,496,setup_complete,0,1,29.99,1833
3040,496,setup_complete,190.13,2,29.99,1833
3041,496,setup_complete,382.36,3,29.99,1833
3045,495,setup_complete,0,1,29.99,1836
3046,501,setup_complete,0,1,29.99,1837
3047,501,setup_complete,173.87,2,29.99,1837
3048,501,setup_complete,342.04,3,29.99,1837
3049,501,setup_complete,0,1,239.99,1838
3050,501,setup_complete,357.58,2,239.99,1838
3051,501,setup_complete,0,1,239.99,1839
3052,501,setup_complete,240.04,2,239.99,1839
3053,501,setup_complete,0,1,599.99,1840
3054,501,setup_complete,0,1,29.99,1841
3055,501,setup_complete,0,1,29.99,1842
3056,501,setup_complete,299.12,2,29.99,1842
3057,501,setup_complete,600.5,3,29.99,1842
3058,501,setup_complete,0,1,599.99,1843
3070,503,setup_complete,0,1,239.99,1850
3071,503,setup_complete,480.18,2,239.99,1850
3072,503,setup_complete,0,1,29.99,1851
3076,504,setup_complete,0,1,239.99,1853
3077,504,setup_complete,513.72,2,239.99,1853
3078,504,setup_complete,0,1,239.99,1854
3079,504,setup_complete,497.06,2,239.99,1854
3084,503,setup_complete,0,1,239.99,1858
3085,503,setup_complete,509.78,2,239.99,1858
3086,505,setup_complete,0,1,29.99,1859
3087,505,setup_complete,173.52,2,29.99,1859
3088,505,setup_complete,478.61,3,29.99,1859
3089,505,setup_complete,0,1,29.99,1860
3090,505,setup_complete,0,1,599.99,1861
3091,505,setup_complete,0,1,29.99,1864
3092,505,setup_complete,336.15,2,29.99,1864
3093,505,setup_complete,539.73,3,29.99,1864
3094,506,setup_complete,0,1,29.99,1865
3095,506,setup_complete,271.35,2,29.99,1865
3096,506,setup_complete,565.55,3,29.99,1865
3106,507,setup_complete,0,1,29.99,1870
3107,507,setup_complete,0,1,239.99,1871
3108,507,setup_complete,319.64,2,239.99,1871
3109,507,setup_complete,0,1,599.99,1872
3122,507,setup_complete,0,1,29.99,1879
3123,507,setup_complete,166.55,2,29.99,1879
3124,507,setup_complete,495.05,3,29.99,1879
3125,505,setup_complete,0,1,239.99,1881
3126,505,setup_complete,247.99,2,239.99,1881
3127,509,setup_complete,0,1,29.99,1882
3128,509,setup_complete,289.89,2,29.99,1882
3129,509,setup_complete,601.73,3,29.99,1882
3133,509,setup_complete,0,1,29.99,1885
3158,514,setup_complete,0,1,29.99,1901
3161,514,setup_complete,0,1,599.99,1903
3164,515,setup_complete,0,1,29.99,1905
3165,515,setup_complete,211.2,2,29.99,1905
3166,515,setup_complete,413.07,3,29.99,1905
3169,515,setup_complete,0,1,29.99,1907
3172,515,setup_complete,0,1,599.99,
3173,515,setup_complete,0,1,239.99,1910
3174,515,setup_complete,421.17,2,239.99,1910
3175,515,setup_complete,0,1,29.99,1911
3176,515,setup_complete,273.27,2,29.99,1911
3177,515,setup_complete,487.06,3,29.99,1911
3178,516,setup_complete,0,1,29.99,1912
3179,516,setup_complete,233.56,2,29.99,1912
3180,516,setup_complete,532.49,3,29.99,1912
3187,516,setup_complete,0,1,29.99,1917
3188,516,setup_complete,344.78,2,29.99,1917
3189,516,setup_complete,657.8,3,29.99,1917
3190,516,setup_complete,0,1,239.99,1918
3191,516,setup_complete,529.19,2,239.99,1918
3192,517,setup_complete,0,1,29.99,1919
3193,517,setup_complete,290.37,2,29.99,1919
3194,517,setup_complete,601.17,3,29.99,1919
3195,517,setup_complete,0,1,239.99,1920
3196,517,setup_complete,309.21,2,239.99,1920
3197,517,setup_complete,0,1,29.99,1921
3198,517,setup_complete,0,1,239.99,1922
3199,517,setup_complete,261.74,2,239.99,1922
3200,517,setup_complete,0,1,599.99,1923
3204,518,setup_complete,0,1,29.99,1925
3205,518,setup_complete,278.26,2,29.99,1925
3206,518,setup_complete,529.3,3,29.99,1925
3207,518,setup_complete,0,1,239.99,1926
3208,518,setup_complete,331.74,2,239.99,1926
3209,518,setup_complete,0,1,29.99,1927
3213,518,setup_complete,0,1,29.99,1930
3214,518,setup_complete,306.2,2,29.99,1930
3215,518,setup_complete,596.71,3,29.99,1930
3216,519,setup_complete,0,1,29.99,1931
3217,519,setup_complete,167.08,2,29.99,1931
3218,519,setup_complete,388.71,3,29.99,1931
3224,519,setup_complete,0,1,599.99,1935
3225,519,setup_complete,0,1,599.99,1936
3230,519,setup_complete,0,1,239.99,1939
3231,519,setup_complete,492.84,2,239.99,1939
3232,522,setup_complete,0,1,29.99,1942
3233,522,setup_complete,223.82,2,29.99,1942
3234,522,setup_complete,524.65,3,29.99,1942
3235,522,setup_complete,0,1,239.99,1943
3236,522,setup_complete,266.7,2,239.99,1943
3237,522,setup_complete,0,1,29.99,1944
3238,522,setup_complete,0,1,239.99,1945
3239,522,setup_complete,240.04,2,239.99,1945
3240,522,setup_complete,0,1,599.99,1947
3244,522,setup_complete,0,1,239.99,1949
3245,522,setup_complete,251.8,2,239.99,1949
3246,524,setup_complete,0,1,29.99,1951
3247,524,setup_complete,298.95,2,29.99,1951
3248,524,setup_complete,500.95,3,29.99,1951
3249,524,setup_complete,0,1,239.99,1955
3250,524,setup_complete,394.37,2,239.99,1955
3251,524,setup_complete,0,1,29.99,1956
3252,524,setup_complete,0,1,239.99,1957
3253,524,setup_complete,439.28,2,239.99,1957
3254,524,setup_complete,0,1,599.99,1958
3255,524,setup_complete,0,1,29.99,1959
3256,524,setup_complete,308.16,2,29.99,1959
3257,524,setup_complete,605.41,3,29.99,1959
3258,528,setup_complete,0,1,29.99,1961
3259,528,setup_complete,272.11,2,29.99,1961
3260,528,setup_complete,613.49,3,29.99,1961
3261,528,setup_complete,0,1,239.99,1963
3262,528,setup_complete,416.12,2,239.99,1963
3263,528,setup_complete,0,1,29.99,1964
3264,528,setup_complete,0,1,239.99,1965
3265,528,setup_complete,500.23,2,239.99,1965
3266,528,setup_complete,0,1,599.99,1966
3267,528,setup_complete,0,1,29.99,1967
3268,528,setup_complete,320.03,2,29.99,1967
3269,528,setup_complete,504.17,3,29.99,1967
3270,528,setup_complete,0,1,239.99,1968
3271,528,setup_complete,485.44,2,239.99,1968
3272,531,setup_complete,0,1,29.99,1971
3273,531,setup_complete,309.39,2,29.99,1971
3274,531,setup_complete,647.47,3,29.99,1971
3280,531,setup_complete,0,1,599.99,1977
3281,531,setup_complete,0,1,29.99,1978
3282,531,setup_complete,210.78,2,29.99,1978
3283,531,setup_complete,406.02,3,29.99,1978
3292,533,setup_complete,0,1,29.99,1982
3293,533,setup_complete,249.29,2,29.99,1982
3294,533,setup_complete,517.46,3,29.99,1982
3301,534,setup_complete,0,1,29.99,1987
3302,534,setup_complete,241.37,2,29.99,1987
3303,534,setup_complete,439.22,3,29.99,1987
3304,534,setup_complete,0,1,239.99,1989
3305,534,setup_complete,500.32,2,239.99,1989
3309,534,setup_complete,0,1,599.99,1992
3310,535,setup_complete,0,1,239.99,1993
3311,535,setup_complete,500.32,2,239.99,1993
3312,535,setup_complete,0,1,599.99,1994
3313,535,setup_complete,0,1,239.99,1995
3314,535,setup_complete,449.13,2,239.99,1995
3315,535,setup_complete,0,1,29.99,1996
3316,535,setup_complete,0,1,29.99,1997
3317,535,setup_complete,241.37,2,29.99,1997
3318,535,setup_complete,439.22,3,29.99,1997
3319,536,setup_complete,0,1,29.99,1998
3320,536,setup_complete,356.54,2,29.99,1998
3321,536,setup_complete,568.5,3,29.99,1998
3322,536,setup_complete,0,1,239.99,1999
3323,536,setup_complete,245.19,2,239.99,1999
3324,536,setup_complete,0,1,239.99,2000
3325,536,setup_complete,413.13,2,239.99,2000
3338,537,setup_complete,0,1,239.99,2007
3339,537,setup_complete,491.21,2,239.99,2007
3341,537,setup_complete,0,1,29.99,2009
3342,538,setup_complete,0,1,29.99,2010
3343,538,setup_complete,278.73,2,29.99,2010
3344,538,setup_complete,546.31,3,29.99,2010
3345,538,setup_complete,0,1,239.99,2011
3346,538,setup_complete,499,2,239.99,2011
3347,538,setup_complete,0,1,29.99,2012
3348,538,setup_complete,0,1,239.99,2013
3349,538,setup_complete,421.23,2,239.99,2013
3350,538,setup_complete,0,1,599.99,2014
3351,538,setup_complete,0,1,29.99,2015
3352,538,setup_complete,328.58,2,29.99,2015
3353,538,setup_complete,594.81,3,29.99,2015
3354,539,setup_complete,0,1,29.99,2016
3355,539,setup_complete,167.91,2,29.99,2016
3356,539,setup_complete,323.78,3,29.99,2016
3357,539,setup_complete,0,1,239.99,2017
3358,539,setup_complete,503.46,2,239.99,2017
3359,539,setup_complete,0,1,239.99,2018
3360,539,setup_complete,262.38,2,239.99,2018
3361,539,setup_complete,0,1,599.99,
3362,539,setup_complete,0,1,29.99,
3363,539,setup_complete,0,1,29.99,
3364,539,setup_complete,228.66,2,29.99,
3365,539,setup_complete,459.83,3,29.99,
3378,542,setup_complete,0,1,239.99,2028
3379,542,setup_complete,390.13,2,239.99,2028
3385,542,setup_complete,0,1,239.99,2031
3386,542,setup_complete,519.33,2,239.99,2031
3387,542,setup_complete,0,1,29.99,2032
3388,542,setup_complete,239.88,2,29.99,2032
3389,542,setup_complete,530.9,3,29.99,2032
3390,542,setup_complete,0,1,29.99,2033
3391,543,setup_complete,0,1,29.99,2034
3392,543,setup_complete,219.47,2,29.99,2034
3393,543,setup_complete,469.37,3,29.99,2034
3394,543,setup_complete,0,1,239.99,2035
3395,543,setup_complete,418.94,2,239.99,2035
3396,543,setup_complete,0,1,239.99,2036
3397,543,setup_complete,390.17,2,239.99,2036
3411,544,setup_complete,0,1,29.99,2042
3412,544,setup_complete,266.97,2,29.99,2042
3413,544,setup_complete,528.29,3,29.99,2042
3414,544,setup_complete,0,1,239.99,2043
3415,544,setup_complete,395.15,2,239.99,2043
3416,544,setup_complete,0,1,29.99,2044
3417,544,setup_complete,0,1,599.99,2045
3418,544,setup_complete,0,1,29.99,2046
3419,544,setup_complete,200.34,2,29.99,2046
3420,544,setup_complete,441.24,3,29.99,2046
3421,545,setup_complete,0,1,599.99,2047
3422,545,setup_complete,0,1,239.99,2048
3423,545,setup_complete,551.46,2,239.99,2048
3424,545,setup_complete,0,1,29.99,2049
3425,545,setup_complete,0,1,239.99,2050
3426,545,setup_complete,432.66,2,239.99,2050
3427,545,setup_complete,0,1,29.99,2051
3428,545,setup_complete,196.87,2,29.99,2051
3429,545,setup_complete,500.57,3,29.99,2051
3430,547,setup_complete,0,1,29.99,2052
3431,547,setup_complete,209.74,2,29.99,2052
3432,547,setup_complete,583.33,3,29.99,2052
3433,547,setup_complete,0,1,239.99,2053
3434,547,setup_complete,240.04,2,239.99,2053
3435,547,setup_complete,0,1,29.99,2054
3436,547,setup_complete,0,1,239.99,2055
3437,547,setup_complete,502.02,2,239.99,2055
3438,547,setup_complete,0,1,599.99,2056
3439,548,setup_complete,0,1,29.99,2057
3440,548,setup_complete,239.43,2,29.99,2057
3441,548,setup_complete,508,3,29.99,2057
3442,548,setup_complete,0,1,239.99,2058
3443,548,setup_complete,418.85,2,239.99,2058
3444,548,setup_complete,0,1,239.99,2059
3445,548,setup_complete,363.76,2,239.99,2059
3446,548,setup_complete,0,1,599.99,2060
3447,548,setup_complete,0,1,29.99,2061
3448,548,setup_complete,0,1,29.99,2062
3449,548,setup_complete,176.72,2,29.99,2062
3450,548,setup_complete,475.11,3,29.99,2062
3451,548,setup_complete,0,1,599.99,2063
3452,547,setup_complete,0,1,29.99,2064
3453,547,setup_complete,231.84,2,29.99,2064
3454,547,setup_complete,450.38,3,29.99,2064
3455,549,setup_complete,0,1,29.99,2065
3456,549,setup_complete,275.43,2,29.99,2065
3457,549,setup_complete,598.11,3,29.99,2065
3458,549,setup_complete,0,1,239.99,2066
3459,549,setup_complete,417.52,2,239.99,2066
3460,549,setup_complete,0,1,29.99,2067
3461,549,setup_complete,0,1,239.99,2068
3462,549,setup_complete,531.62,2,239.99,2068
3463,549,setup_complete,0,1,599.99,2069
3469,551,setup_complete,0,1,239.99,2072
3470,551,setup_complete,501.45,2,239.99,2072
3471,551,setup_complete,0,1,599.99,2073
3472,551,setup_complete,0,1,29.99,2074
3473,551,setup_complete,0,1,29.99,2075
3474,551,setup_complete,193.64,2,29.99,2075
3475,551,setup_complete,366.49,3,29.99,2075
3479,553,setup_complete,0,1,599.99,2077
3482,554,setup_complete,0,1,29.99,2079
3483,554,setup_complete,244.22,2,29.99,2079
3486,554,setup_complete,0,1,239.99,2081
3487,554,setup_complete,491.54,2,239.99,2081
3494,556,setup_complete,0,1,29.99,2087
3495,556,setup_complete,185.06,2,29.99,2087
3496,556,setup_complete,354.38,3,29.99,2087
3497,556,setup_complete,0,1,239.99,2088
3498,556,setup_complete,368.06,2,239.99,2088
3499,556,setup_complete,0,1,599.99,2089
3502,556,setup_complete,0,1,29.99,2091
3525,564,setup_complete,0,1,239.99,2106
3526,564,setup_complete,455.51,2,239.99,2106
3529,565,setup_complete,0,1,29.99,2108
3530,565,setup_complete,247.27,2,29.99,2108
3531,565,setup_complete,454.64,3,29.99,2108
3536,565,setup_complete,0,1,29.99,
3537,565,setup_complete,0,1,239.99,2112
3538,565,setup_complete,476.29,2,239.99,2112
3546,566,setup_complete,0,1,239.99,2117
3547,566,setup_complete,265.9,2,239.99,2117
3550,566,setup_complete,0,1,599.99,2119
3551,566,setup_complete,0,1,29.99,2120
3552,566,setup_complete,0,1,29.99,2121
3553,566,setup_complete,343.6,2,29.99,2121
3554,566,setup_complete,618.87,3,29.99,2121
3555,567,setup_complete,0,1,29.99,2122
3556,567,setup_complete,306.18,2,29.99,2122
3557,567,setup_complete,564.71,3,29.99,2122
3558,567,setup_complete,0,1,239.99,2123
3559,567,setup_complete,265.9,2,239.99,2123
3560,567,setup_complete,0,1,239.99,2124
3561,567,setup_complete,390.14,2,239.99,2124
3562,567,setup_complete,0,1,599.99,2125
3563,567,setup_complete,0,1,29.99,2126
3564,567,setup_complete,0,1,29.99,2127
3565,567,setup_complete,343.6,2,29.99,2127
3566,567,setup_complete,618.87,3,29.99,2127
3567,568,setup_complete,0,1,239.99,2128
3568,568,setup_complete,480.19,2,239.99,2128
3569,568,setup_complete,0,1,239.99,2129
3570,568,setup_complete,287.57,2,239.99,2129
3571,568,setup_complete,0,1,29.99,2131
3572,568,setup_complete,287.29,2,29.99,2131
3573,568,setup_complete,517.75,3,29.99,2131
3574,568,setup_complete,0,1,239.99,2136
3575,568,setup_complete,428,2,239.99,2136
3576,568,setup_complete,733.25,3,59.99,2136
3577,568,setup_complete,793.22,4,182.42,2136
3578,568,setup_complete,0,1,29.99,2139
3579,568,setup_complete,208.04,2,29.99,2139
3580,568,setup_complete,456.12,3,29.99,2139
3581,570,setup_complete,0,1,29.99,2140
3582,570,setup_complete,257.42,2,29.99,2140
3583,570,setup_complete,594,3,29.99,2140
3584,570,setup_complete,0,1,239.99,2141
3585,570,setup_complete,240.04,2,239.99,2141
3586,570,setup_complete,0,1,239.99,2142
3587,570,setup_complete,324.23,2,239.99,2142
3588,570,setup_complete,0,1,599.99,2143
3589,570,setup_complete,0,1,29.99,2144
3590,571,setup_complete,0,1,29.99,2145
3591,571,setup_complete,233.35,2,29.99,2145
3592,571,setup_complete,487.53,3,29.99,2145
3593,571,setup_complete,0,1,239.99,2146
3594,571,setup_complete,444.71,2,239.99,2146
3595,571,setup_complete,0,1,599.99,2147
3596,571,setup_complete,0,1,239.99,2148
3597,571,setup_complete,480.2,2,239.99,2148
3598,571,setup_complete,0,1,29.99,2149
3608,574,setup_complete,0,1,29.99,2156
3609,574,setup_complete,323.04,2,29.99,2156
3610,574,setup_complete,566.98,3,29.99,2156
3613,574,setup_complete,0,1,29.99,2158
3615,574,setup_complete,0,1,239.99,2161
3616,574,setup_complete,248.7,2,239.99,2161
3617,574,setup_complete,0,1,29.99,2162
3618,574,setup_complete,245.53,2,29.99,2162
3619,574,setup_complete,568.77,3,29.99,2162
3623,575,setup_complete,0,1,29.99,2164
3624,575,setup_complete,290.44,2,29.99,2164
3625,575,setup_complete,630.87,3,29.99,2164
3626,575,setup_complete,0,1,29.99,2165
3627,575,setup_complete,0,1,599.99,2166
3637,576,setup_complete,0,1,239.99,2172
3638,576,setup_complete,504.69,2,239.99,2172
3639,576,setup_complete,0,1,29.99,2173
3640,576,setup_complete,171.03,2,29.99,2173
3641,576,setup_complete,491.72,3,29.99,2173
3642,577,setup_complete,0,1,29.99,2174
3643,577,setup_complete,213.21,2,29.99,2174
3644,577,setup_complete,389.76,3,29.99,2174
3645,577,setup_complete,0,1,239.99,2175
3646,577,setup_complete,428.06,2,239.99,2175
3647,577,setup_complete,0,1,29.99,2176
3648,577,setup_complete,0,1,239.99,2177
3649,577,setup_complete,252.91,2,239.99,2177
3650,577,setup_complete,0,1,599.99,2178
3651,577,setup_complete,0,1,29.99,2179
3652,577,setup_complete,203.53,2,29.99,2179
3653,577,setup_complete,488.91,3,29.99,2179
3654,578,setup_complete,0,1,29.99,2180
3655,578,setup_complete,324.08,2,29.99,2180
3656,578,setup_complete,489.07,3,29.99,2180
3657,578,setup_complete,0,1,239.99,2181
3658,578,setup_complete,410.66,2,239.99,2181
3659,578,setup_complete,0,1,239.99,2182
3660,578,setup_complete,485.22,2,239.99,2182
3661,578,setup_complete,0,1,599.99,2183
3662,578,setup_complete,0,1,29.99,2184
3663,578,setup_complete,0,1,29.99,2185
3664,578,setup_complete,275.29,2,29.99,2185
3665,578,setup_complete,587.89,3,29.99,2185
3666,580,setup_complete,0,1,29.99,2186
3667,580,setup_complete,299.65,2,29.99,2186
3668,580,setup_complete,561.22,3,29.99,2186
3669,580,setup_complete,0,1,239.99,2187
3670,580,setup_complete,405.02,2,239.99,2187
3671,580,setup_complete,0,1,239.99,2188
3672,580,setup_complete,418.23,2,239.99,2188
3673,580,setup_complete,0,1,29.99,2189
3674,580,setup_complete,0,1,599.99,2190
3675,580,setup_complete,0,1,29.99,2191
3676,580,setup_complete,345.76,2,29.99,2191
3677,580,setup_complete,605.51,3,29.99,2191
3678,581,setup_complete,0,1,29.99,2192
3679,581,setup_complete,207.02,2,29.99,2192
3680,581,setup_complete,395.94,3,29.99,2192
3681,581,setup_complete,0,1,239.99,2193
3682,581,setup_complete,240.04,2,239.99,2193
3683,581,setup_complete,0,1,29.99,2194
3684,581,setup_complete,0,1,239.99,2195
3685,581,setup_complete,327.29,2,239.99,2195
3686,581,setup_complete,0,1,599.99,2196
3687,582,setup_complete,0,1,29.99,2197
3688,582,setup_complete,395.54,2,29.99,2197
3689,582,setup_complete,633.53,3,29.99,2197
3690,582,setup_complete,0,1,239.99,2198
3691,582,setup_complete,410.15,2,239.99,2198
3692,582,setup_complete,0,1,239.99,2199
3693,582,setup_complete,251.85,2,239.99,2199
3694,582,setup_complete,0,1,599.99,2200
3695,582,setup_complete,0,1,29.99,2201
3716,533,setup_complete,0,1,239.99,2241
3717,533,setup_complete,434.15,2,239.99,2241
3718,533,setup_complete,0,1,29.99,2242
3720,533,setup_complete,0,1,239.99,2244
3721,533,setup_complete,400.81,2,239.99,2244
3722,533,setup_complete,0,1,29.99,2245
3723,533,setup_complete,336.93,2,29.99,2245
3724,533,setup_complete,507.63,3,29.99,2245
3732,608,setup_complete,0,1,29.99,2250
3733,608,setup_complete,336.93,2,29.99,2250
3734,608,setup_complete,507.63,3,29.99,2250
3735,608,setup_complete,0,1,29.99,2251
3736,608,setup_complete,0,1,239.99,2252
3737,608,setup_complete,400.81,2,239.99,2252
3738,608,setup_complete,0,1,239.99,2253
3739,608,setup_complete,434.15,2,239.99,2253
3740,608,setup_complete,0,1,29.99,2254
3741,608,setup_complete,191.75,2,29.99,2254
3742,608,setup_complete,369.45,3,29.99,2254
3743,608,setup_complete,0,1,599.99,2255
3744,609,setup_complete,0,1,29.99,2256
3745,609,setup_complete,195.09,2,29.99,2256
3746,609,setup_complete,459.97,3,29.99,2256
3747,609,setup_complete,0,1,239.99,2257
3748,609,setup_complete,406.06,2,239.99,2257
3749,609,setup_complete,0,1,239.99,2258
3750,609,setup_complete,411.94,2,239.99,2258
3751,609,setup_complete,0,1,599.99,2259
3752,609,setup_complete,0,1,239.99,2260
3753,609,setup_complete,513.95,2,239.99,2260
3754,609,setup_complete,0,1,29.99,2261
3755,610,setup_complete,0,1,29.99,2262
3756,610,setup_complete,191.68,2,29.99,2262
3757,610,setup_complete,511.1,3,29.99,2262
3760,610,setup_complete,0,1,29.99,2264
3769,613,setup_complete,0,1,239.99,2272
3770,613,setup_complete,254.44,2,239.99,2272
3771,613,setup_complete,0,1,599.99,2273
3772,613,setup_complete,0,1,29.99,2274
3773,613,setup_complete,344.25,2,29.99,2274
3774,613,setup_complete,667.87,3,29.99,2274
3775,613,setup_complete,0,1,29.99,2275
3776,613,setup_complete,209.02,2,29.99,2275
3777,613,setup_complete,385.21,3,29.99,2275
3778,613,setup_complete,0,1,239.99,2276
3779,613,setup_complete,252.78,2,239.99,2276
3780,615,setup_complete,0,1,29.99,2277
3781,615,setup_complete,312.17,2,29.99,2277
3782,615,setup_complete,621.15,3,29.99,2277
3783,615,setup_complete,0,1,239.99,2278
3784,615,setup_complete,432.76,2,239.99,2278
3785,615,setup_complete,0,1,239.99,2279
3786,615,setup_complete,436.94,2,239.99,2279
3787,615,setup_complete,0,1,599.99,2280
3788,615,setup_complete,0,1,29.99,2281
3789,615,setup_complete,0,1,29.99,2282
3790,615,setup_complete,333.94,2,29.99,2282
3791,615,setup_complete,663.16,3,29.99,2282
3792,616,setup_complete,0,1,29.99,2283
3793,616,setup_complete,297.38,2,29.99,2283
3794,616,setup_complete,544.03,3,29.99,2283
3795,616,setup_complete,0,1,239.99,2284
3796,616,setup_complete,486.93,2,239.99,2284
3809,617,setup_complete,0,1,239.99,2291
3810,617,setup_complete,265.12,2,239.99,2291
3811,617,setup_complete,0,1,599.99,2292
3812,617,setup_complete,0,1,29.99,2293
3813,617,setup_complete,0,1,29.99,2294
3814,617,setup_complete,192.21,2,29.99,2294
3815,617,setup_complete,399.19,3,29.99,2294
3831,619,setup_complete,0,1,29.99,2302
3832,619,setup_complete,319.44,2,29.99,2302
3833,619,setup_complete,478.57,3,29.99,2302
3834,619,setup_complete,0,1,239.99,2303
3835,619,setup_complete,397,2,239.99,2303
3836,619,setup_complete,0,1,599.99,2304
3837,619,setup_complete,0,1,599.99,2305
3838,619,setup_complete,0,1,29.99,2306
3839,619,setup_complete,0,1,239.99,2307
3840,619,setup_complete,546.97,2,239.99,2307
3841,619,setup_complete,0,1,29.99,2308
3842,619,setup_complete,286.36,2,29.99,2308
3843,619,setup_complete,600.65,3,29.99,2308
3844,619,setup_complete,0,1,599.99,2309
3845,620,setup_complete,0,1,29.99,2310
3846,620,setup_complete,197.59,2,29.99,2310
3847,620,setup_complete,466.03,3,29.99,2310
3848,621,setup_complete,0,1,29.99,2312
3849,621,setup_complete,206.41,2,29.99,2312
3850,621,setup_complete,429.82,3,29.99,2312
3851,621,setup_complete,0,1,239.99,2313
3852,621,setup_complete,250.51,2,239.99,2313
3853,621,setup_complete,0,1,599.99,2316
3856,621,setup_complete,0,1,239.99,2317
3857,621,setup_complete,508.3,2,239.99,2317
3858,621,setup_complete,0,1,599.99,2318
3859,621,setup_complete,0,1,599.99,2320
3863,622,setup_complete,0,1,239.99,2322
3864,622,setup_complete,537.02,2,239.99,2322
3865,622,setup_complete,0,1,29.99,2323
3866,622,setup_complete,0,1,599.99,2324
3867,622,setup_complete,0,1,239.99,2325
3868,622,setup_complete,390.21,2,239.99,2325
3869,622,setup_complete,0,1,599.99,2326
3870,622,setup_complete,0,1,239.99,2327
3871,622,setup_complete,240.04,2,239.99,2327
3872,620,setup_complete,0,1,239.99,2328
3873,620,setup_complete,487.81,2,239.99,2328
3874,620,setup_complete,0,1,239.99,2329
3875,620,setup_complete,513.75,2,239.99,2329
3876,620,setup_complete,0,1,599.99,2330
3877,620,setup_complete,0,1,29.99,2331
3878,623,setup_complete,0,1,29.99,2332
3879,623,setup_complete,290.34,2,29.99,2332
3880,623,setup_complete,470.41,3,29.99,2332
3881,623,setup_complete,0,1,239.99,2333
3882,623,setup_complete,245.66,2,239.99,2333
3883,623,setup_complete,0,1,599.99,2334
3884,623,setup_complete,0,1,239.99,2335
3885,623,setup_complete,395.36,2,239.99,2335
3886,623,setup_complete,0,1,29.99,2336
3887,623,setup_complete,0,1,599.99,2337
3952,629,setup_complete,0,1,29.99,2377
3953,629,setup_complete,289.1,2,29.99,2377
3954,629,setup_complete,566.16,3,29.99,2377
3955,629,setup_complete,0,1,239.99,2378
3956,629,setup_complete,468.75,2,239.99,2378
3957,629,setup_complete,0,1,29.99,2379
3958,629,setup_complete,0,1,239.99,2380
3959,629,setup_complete,247.45,2,239.99,2380
3960,629,setup_complete,0,1,599.99,2381
3970,632,setup_complete,0,1,29.99,2389
3971,632,setup_complete,257,2,29.99,2389
3972,632,setup_complete,551.17,3,29.99,2389
3973,632,setup_complete,0,1,239.99,2390
3974,632,setup_complete,266.91,2,239.99,2390
3975,632,setup_complete,0,1,239.99,2391
3976,632,setup_complete,517.29,2,239.99,2391
3977,632,setup_complete,0,1,599.99,2392
3978,632,setup_complete,0,1,29.99,2393
3979,632,setup_complete,0,1,29.99,2394
3980,632,setup_complete,278.89,2,29.99,2394
3981,632,setup_complete,468.74,3,29.99,2394
3982,632,setup_complete,0,1,599.99,2395
3985,641,setup_complete,0,1,29.99,2401
3986,641,setup_complete,318.8,2,29.99,2401
3987,641,setup_complete,547.54,3,29.99,2401
3988,641,setup_complete,0,1,29.99,2403
3989,641,setup_complete,0,1,599.99,2405
3995,642,setup_complete,0,1,29.99,2410
3996,642,setup_complete,309.17,2,29.99,2410
3997,642,setup_complete,467.3,3,29.99,2410
3998,642,setup_complete,0,1,239.99,2411
3999,642,setup_complete,494.87,2,239.99,2411
4000,642,setup_complete,0,1,29.99,2412
4001,642,setup_complete,0,1,599.99,2413
4004,642,setup_complete,0,1,29.99,2415
4005,642,setup_complete,282.95,2,29.99,2415
4006,642,setup_complete,455.81,3,29.99,2415
4007,642,setup_complete,0,1,599.99,2416
4016,644,setup_complete,0,1,29.99,2421
4017,644,setup_complete,339.2,2,29.99,2421
4018,644,setup_complete,535.05,3,29.99,2421
4019,644,setup_complete,0,1,239.99,2422
4020,644,setup_complete,464.95,2,239.99,2422
4021,644,setup_complete,0,1,29.99,2423
4022,644,setup_complete,0,1,239.99,2424
4023,644,setup_complete,312.08,2,239.99,2424
4024,644,setup_complete,0,1,599.99,2425
4025,644,setup_complete,0,1,29.99,2426
4026,644,setup_complete,209.47,2,29.99,2426
4027,644,setup_complete,421.69,3,29.99,2426
4028,644,setup_complete,0,1,239.99,2427
4029,644,setup_complete,0,1,239.99,2428
4030,644,setup_complete,312.31,2,239.99,2428
4031,645,setup_complete,0,1,29.99,2429
4032,645,setup_complete,306.75,2,29.99,2429
4033,645,setup_complete,568.85,3,29.99,2429
4034,645,setup_complete,0,1,599.99,2430
4035,645,setup_complete,0,1,239.99,2431
4036,645,setup_complete,269.44,2,239.99,2431
4037,645,setup_complete,0,1,239.99,2432
4038,645,setup_complete,240.04,2,239.99,2432
4039,645,setup_complete,0,1,29.99,2433
4052,646,setup_complete,0,1,29.99,2440
4053,650,setup_complete,0,1,29.99,2444
4054,650,setup_complete,211.64,2,29.99,2444
4055,650,setup_complete,403.54,3,29.99,2444
4056,651,setup_complete,0,1,239.99,2445
4057,651,setup_complete,434.15,2,239.99,2445
4058,650,setup_complete,0,1,239.99,2446
4059,650,setup_complete,305.73,2,239.99,2446
4060,650,setup_complete,0,1,29.99,2447
4061,650,setup_complete,0,1,239.99,2448
4062,650,setup_complete,358.27,2,239.99,2448
4069,652,setup_complete,0,1,239.99,2451
4070,652,setup_complete,465.85,2,239.99,2451
4074,652,setup_complete,0,1,599.99,2454
4075,650,setup_complete,0,1,599.99,2455
4076,650,setup_complete,0,1,29.99,2456
4077,650,setup_complete,263,2,29.99,2456
4078,650,setup_complete,588.37,3,29.99,2456
4082,654,setup_complete,0,1,239.99,2458
4083,654,setup_complete,424.58,2,239.99,2458
4084,654,setup_complete,0,1,599.99,2460
4085,654,setup_complete,0,1,239.99,2461
4086,654,setup_complete,240.04,2,239.99,2461
4087,654,setup_complete,0,1,29.99,2462
4088,654,setup_complete,159.3,2,29.99,2462
4089,654,setup_complete,364.67,3,29.99,2462
4090,654,setup_complete,0,1,599.99,2463
4091,654,setup_complete,0,1,29.99,2465
4092,655,setup_complete,0,1,29.99,2466
4093,655,setup_complete,167.03,2,29.99,2466
4094,655,setup_complete,375.41,3,29.99,2466
4095,655,setup_complete,0,1,239.99,2467
4096,655,setup_complete,240.04,2,239.99,2467
4097,655,setup_complete,0,1,29.99,2468
4098,655,setup_complete,0,1,599.99,2469
4099,655,setup_complete,0,1,239.99,2470
4100,655,setup_complete,240.04,2,239.99,2470
4101,656,setup_complete,0,1,29.99,2471
4102,656,setup_complete,286.02,2,29.99,2471
4103,656,setup_complete,444.57,3,29.99,2471
4104,656,setup_complete,0,1,239.99,2472
4105,656,setup_complete,245.87,2,239.99,2472
4106,656,setup_complete,0,1,29.99,2473
4107,656,setup_complete,0,1,599.99,2474
4108,656,setup_complete,0,1,239.99,2475
4109,656,setup_complete,646.84,2,239.99,2475
4114,658,setup_complete,0,1,29.99,2478
4115,658,setup_complete,318.74,2,29.99,2478
4116,658,setup_complete,508.25,3,29.99,2478
4130,659,setup_complete,0,1,29.99,2489
4131,659,setup_complete,211.5,2,29.99,2489
4132,659,setup_complete,463.46,3,29.99,2489
4133,658,setup_complete,0,1,239.99,2490
4134,658,setup_complete,286.64,2,239.99,2490
4138,660,setup_complete,0,1,239.99,2492
4139,660,setup_complete,480.22,2,239.99,2492
4140,660,setup_complete,0,1,239.99,2493
4141,660,setup_complete,411.35,2,239.99,2493
4142,660,setup_complete,0,1,29.99,2494
4144,658,setup_complete,0,1,29.99,2496
4145,658,setup_complete,238.44,2,29.99,2496
4146,658,setup_complete,449.92,3,29.99,2496
4147,658,setup_complete,0,1,239.99,2497
4148,658,setup_complete,280.2,2,239.99,2497
4149,661,setup_complete,0,1,29.99,2498
4150,661,setup_complete,245.48,2,29.99,2498
4151,661,setup_complete,544,3,29.99,2498
4152,661,setup_complete,0,1,239.99,2499
4153,661,setup_complete,529.68,2,239.99,2499
4154,661,setup_complete,0,1,29.99,2500
4155,661,setup_complete,0,1,239.99,2501
4156,661,setup_complete,401.25,2,239.99,2501
4157,661,setup_complete,0,1,599.99,2502
4158,661,setup_complete,0,1,29.99,2503
4159,661,setup_complete,185.94,2,29.99,2503
4160,661,setup_complete,439.94,3,29.99,2503
4161,662,setup_complete,0,1,29.99,2504
4162,662,setup_complete,204.5,2,29.99,2504
4163,662,setup_complete,389.87,3,29.99,2504
4164,662,setup_complete,0,1,239.99,2505
4165,662,setup_complete,485.56,2,239.99,2505
4168,662,setup_complete,0,1,599.99,2507
4169,662,setup_complete,0,1,29.99,2508
4177,664,setup_complete,0,1,239.99,2516
4178,664,setup_complete,552.33,2,239.99,2516
4179,664,setup_complete,0,1,599.99,2517
4180,664,setup_complete,0,1,29.99,2518
4181,664,setup_complete,0,1,239.99,2519
4182,664,setup_complete,541.87,2,239.99,2519
4197,666,setup_complete,0,1,239.99,2528
4198,666,setup_complete,416.16,2,239.99,2528
4199,666,setup_complete,0,1,239.99,2529
4200,666,setup_complete,424.39,2,239.99,2529
4201,666,setup_complete,0,1,599.99,2530
4202,666,setup_complete,0,1,29.99,2531
4203,666,setup_complete,0,1,29.99,2532
4204,666,setup_complete,209.58,2,29.99,2532
4205,666,setup_complete,409.79,3,29.99,2532
4206,667,setup_complete,0,1,29.99,2533
4207,667,setup_complete,256,2,29.99,2533
4208,667,setup_complete,458.35,3,29.99,2533
4209,667,setup_complete,0,1,239.99,2534
4210,667,setup_complete,416.75,2,239.99,2534
4224,669,setup_complete,0,1,29.99,2543
4228,670,setup_complete,0,1,29.99,2545
4229,670,setup_complete,260.51,2,29.99,2545
4230,670,setup_complete,418.35,3,29.99,2545
4234,671,setup_complete,0,1,239.99,2547
4235,671,setup_complete,488.27,2,239.99,2547
4236,671,setup_complete,0,1,599.99,2548
4237,671,setup_complete,0,1,239.99,2549
4238,671,setup_complete,368.21,2,239.99,2549
4243,672,setup_complete,0,1,239.99,2552
4244,672,setup_complete,245.05,2,239.99,2552
4245,672,setup_complete,0,1,29.99,2553
4246,672,setup_complete,259.48,2,29.99,2553
4247,672,setup_complete,539.88,3,29.99,2553
4248,672,setup_complete,0,1,29.99,2554
4249,672,setup_complete,195.73,2,29.99,2554
4250,672,setup_complete,517.41,3,29.99,2554
4251,672,setup_complete,0,1,599.99,2555
4252,672,setup_complete,0,1,239.99,2556
4253,672,setup_complete,528.24,2,239.99,2556
4254,672,setup_complete,0,1,239.99,2557
4255,672,setup_complete,404.28,2,239.99,2557
4262,672,setup_complete,0,1,239.99,2563
4263,672,setup_complete,431.91,2,239.99,2563
4264,672,setup_complete,0,1,29.99,2564
4265,672,setup_complete,0,1,239.99,2565
4266,672,setup_complete,417.82,2,239.99,2565
4267,672,setup_complete,0,1,29.99,2566
4268,672,setup_complete,211.23,2,29.99,2566
4269,672,setup_complete,405.73,3,29.99,2566
4270,672,setup_complete,0,1,239.99,2567
4271,672,setup_complete,352.55,2,239.99,2567
4272,672,setup_complete,0,1,599.99,2568
4273,672,setup_complete,0,1,239.99,2569
4274,672,setup_complete,435.62,2,239.99,2569
4275,672,setup_complete,0,1,29.99,2570
4276,672,setup_complete,0,1,29.99,2571
4277,672,setup_complete,227.63,2,29.99,2571
4278,672,setup_complete,446.73,3,29.99,2571
4279,672,setup_complete,0,1,239.99,2572
4280,672,setup_complete,260.7,2,239.99,2572
4281,672,setup_complete,0,1,29.99,2573
4282,672,setup_complete,0,1,239.99,2574
4283,672,setup_complete,395.65,2,239.99,2574
4284,672,setup_complete,0,1,599.99,2575
4285,672,setup_complete,0,1,29.99,2576
4286,672,setup_complete,257.87,2,29.99,2576
4287,672,setup_complete,517.53,3,29.99,2576
4288,672,setup_complete,0,1,239.99,2577
4289,672,setup_complete,480.23,2,239.99,2577
4290,672,setup_complete,0,1,599.99,2578
4291,672,setup_complete,0,1,239.99,2579
4292,672,setup_complete,310.5,2,239.99,2579
4293,672,setup_complete,0,1,29.99,2580
4294,672,setup_complete,0,1,29.99,2581
4295,672,setup_complete,272.03,2,29.99,2581
4296,672,setup_complete,565.35,3,29.99,2581
4297,672,setup_complete,0,1,239.99,2582
4298,672,setup_complete,268.06,2,239.99,2582
4303,672,setup_complete,0,1,29.99,2586
4304,672,setup_complete,182.51,2,29.99,2586
4305,672,setup_complete,355.07,3,29.99,2586
4306,672,setup_complete,0,1,239.99,2587
4307,672,setup_complete,291.84,2,239.99,2587
4308,672,setup_complete,0,1,599.99,2588
4309,672,setup_complete,0,1,599.99,2589
4313,675,setup_complete,0,1,239.99,2593
4314,675,setup_complete,435.25,2,239.99,2593
4315,675,setup_complete,0,1,599.99,2594
4316,680,setup_complete,0,1,29.99,2599
4317,680,setup_complete,286.01,2,29.99,2599
4318,680,setup_complete,599.92,3,29.99,2599
4319,680,setup_complete,0,1,239.99,2600
4320,680,setup_complete,396.72,2,239.99,2600
4321,675,setup_complete,0,1,239.99,2602
4322,675,setup_complete,309.19,2,239.99,2602
4323,680,setup_complete,0,1,599.99,2603
4326,675,setup_complete,0,1,29.99,2605
4329,680,setup_complete,0,1,29.99,2609
4330,680,setup_complete,0,1,29.99,2610
4331,680,setup_complete,303.73,2,29.99,2610
4332,680,setup_complete,584.29,3,29.99,2610
4333,681,setup_complete,0,1,29.99,2611
4334,681,setup_complete,251.52,2,29.99,2611
4335,681,setup_complete,471.51,3,29.99,2611
4336,681,setup_complete,0,1,239.99,2612
4337,681,setup_complete,352.18,2,239.99,2612
4338,681,setup_complete,0,1,239.99,2613
4339,681,setup_complete,570.28,2,239.99,2613
4340,681,setup_complete,0,1,599.99,2614
4341,681,setup_complete,0,1,29.99,2616
4342,681,setup_complete,0,1,29.99,2617
4343,681,setup_complete,231.33,2,29.99,2617
4344,681,setup_complete,485.28,3,29.99,2617
4345,682,setup_complete,0,1,29.99,2618
4346,682,setup_complete,251.26,2,29.99,2618
4347,682,setup_complete,411.56,3,29.99,2618
4351,682,setup_complete,0,1,239.99,2620
4352,682,setup_complete,240.04,2,239.99,2620
4353,683,setup_complete,0,1,239.99,2621
4354,683,setup_complete,240.04,2,239.99,2621
4355,682,setup_complete,0,1,29.99,2622
4356,682,setup_complete,0,1,599.99,2623
4357,683,setup_complete,0,1,599.99,2624
4358,683,setup_complete,0,1,239.99,2625
4359,683,setup_complete,413.55,2,239.99,2625
4364,684,setup_complete,0,1,29.99,2630
4365,684,setup_complete,282.34,2,29.99,2630
4366,684,setup_complete,520.77,3,29.99,2630
4367,684,setup_complete,0,1,239.99,2631
4368,684,setup_complete,240.04,2,239.99,2631
4369,684,setup_complete,0,1,29.99,2632
4370,684,setup_complete,0,1,599.99,2633
4371,684,setup_complete,0,1,239.99,2634
4372,684,setup_complete,263.76,2,239.99,2634
4373,684,setup_complete,0,1,599.99,2635
4374,684,setup_complete,0,1,29.99,2637
4375,684,setup_complete,318.4,2,29.99,2637
4376,684,setup_complete,570.42,3,29.99,2637
4377,685,setup_complete,0,1,29.99,2642
4378,685,setup_complete,231.11,2,29.99,2642
4379,685,setup_complete,494.09,3,29.99,2642
4380,685,setup_complete,0,1,239.99,2643
4381,685,setup_complete,261.02,2,239.99,2643
4382,685,setup_complete,0,1,239.99,2644
4383,685,setup_complete,390.14,2,239.99,2644
4384,685,setup_complete,0,1,29.99,2645
4385,685,setup_complete,0,1,599.99,2646
4386,685,setup_complete,0,1,29.99,2647
4387,685,setup_complete,155.67,2,29.99,2647
4388,685,setup_complete,507.67,3,29.99,2647
4389,689,setup_complete,0,1,29.99,2651
4390,689,setup_complete,305.25,2,29.99,2651
4391,689,setup_complete,609.3,3,29.99,2651
4394,689,setup_complete,0,1,599.99,2653
4404,690,setup_complete,0,1,239.99,2658
4405,690,setup_complete,433.87,2,239.99,2658
4406,690,setup_complete,0,1,239.99,2659
4407,690,setup_complete,506.43,2,239.99,2659
4408,690,setup_complete,0,1,599.99,2660
4409,690,setup_complete,0,1,29.99,2661
4410,690,setup_complete,0,1,29.99,2662
4411,690,setup_complete,223.92,2,29.99,2662
4412,690,setup_complete,503.72,3,29.99,2662
4413,689,setup_complete,0,1,239.99,2664
4414,689,setup_complete,433.59,2,239.99,2664
4415,691,setup_complete,0,1,29.99,2665
4416,691,setup_complete,260.68,2,29.99,2665
4417,691,setup_complete,435.14,3,29.99,2665
4420,691,setup_complete,0,1,239.99,2667
4421,691,setup_complete,264.43,2,239.99,2667
4422,691,setup_complete,0,1,599.99,2668
4423,691,setup_complete,0,1,29.99,2669
4424,691,setup_complete,0,1,29.99,2670
4425,691,setup_complete,307.6,2,29.99,2670
4426,691,setup_complete,615.52,3,29.99,2670
4427,692,setup_complete,0,1,239.99,2671
4428,692,setup_complete,0,2,239.99,2671
4429,692,setup_complete,0,1,239.99,2672
4430,692,setup_complete,0,1,239.99,2673
4431,692,setup_complete,240.04,2,239.99,2673
4432,693,setup_complete,0,1,599.99,2674
4433,693,setup_complete,0,1,29.99,2675
4434,693,setup_complete,0,1,29.99,2676
4435,693,setup_complete,241.21,2,29.99,2676
4436,693,setup_complete,501.38,3,29.99,2676
4437,693,setup_complete,0,1,239.99,2677
4438,693,setup_complete,507.76,2,239.99,2677
4439,693,setup_complete,0,1,239.99,2678
4440,693,setup_complete,255.45,2,239.99,2678
4441,694,setup_complete,0,1,29.99,2679
4442,694,setup_complete,202.76,2,29.99,2679
4443,694,setup_complete,385.18,3,29.99,2679
4447,694,setup_complete,0,1,239.99,2681
4448,694,setup_complete,390.14,2,239.99,2681
4449,694,setup_complete,0,1,599.99,2682
4450,694,setup_complete,0,1,239.99,2683
4451,694,setup_complete,430.95,2,239.99,2683
4452,694,setup_complete,0,1,29.99,2684
4453,694,setup_complete,0,1,599.99,2685
4454,694,setup_complete,0,1,29.99,2686
4455,694,setup_complete,299.13,2,29.99,2686
4456,694,setup_complete,634.78,3,29.99,2686
4457,695,setup_complete,0,1,29.99,2687
4458,695,setup_complete,225.94,2,29.99,2687
4459,695,setup_complete,461.77,3,29.99,2687
4460,695,setup_complete,0,1,239.99,2688
4461,695,setup_complete,240.04,2,239.99,2688
4462,695,setup_complete,0,1,29.99,2689
4463,695,setup_complete,0,1,599.99,2690
4464,695,setup_complete,0,1,239.99,2692
4465,695,setup_complete,240.04,2,239.99,2692
4466,696,setup_complete,0,1,29.99,2693
4467,696,setup_complete,291.32,2,29.99,2693
4468,696,setup_complete,496.23,3,29.99,2693
4469,696,setup_complete,0,1,239.99,2694
4470,696,setup_complete,485.2,2,239.99,2694
4471,696,setup_complete,0,1,239.99,2695
4472,696,setup_complete,416.4,2,239.99,2695
4473,696,setup_complete,0,1,29.99,2696
4474,696,setup_complete,0,1,599.99,2697
4475,696,setup_complete,0,1,29.99,2698
4476,696,setup_complete,233.88,2,29.99,2698
4477,696,setup_complete,440.23,3,29.99,2698
4478,697,setup_complete,0,1,29.99,2699
4479,697,setup_complete,313.94,2,29.99,2699
4480,697,setup_complete,492.17,3,29.99,2699
4485,697,setup_complete,0,1,239.99,2702
4486,697,setup_complete,245.05,2,239.99,2702
4487,697,setup_complete,0,1,599.99,2707
4494,699,setup_complete,0,1,29.99,2711
4495,699,setup_complete,251.93,2,29.99,2711
4496,699,setup_complete,571.75,3,29.99,2711
4497,699,setup_complete,0,1,239.99,2712
4498,699,setup_complete,401.97,2,239.99,2712
4499,699,setup_complete,0,1,599.99,2713
4500,699,setup_complete,0,1,239.99,2714
4501,699,setup_complete,480.22,2,239.99,2714
4502,699,setup_complete,0,1,29.99,2715
4503,702,setup_complete,0,1,29.99,2716
4504,702,setup_complete,178.33,2,29.99,2716
4505,702,setup_complete,417.3,3,29.99,2716
4506,702,setup_complete,0,1,239.99,2717
4507,702,setup_complete,429.48,2,239.99,2717
4508,702,setup_complete,0,1,599.99,2718
4509,702,setup_complete,0,1,239.99,2719
4510,702,setup_complete,420.11,2,239.99,2719
4511,702,setup_complete,0,1,29.99,2720
4512,702,setup_complete,0,1,29.99,2721
4513,702,setup_complete,197.16,2,29.99,2721
4514,702,setup_complete,360.4,3,29.99,2721
4515,703,setup_complete,0,1,29.99,2722
4516,703,setup_complete,270.24,2,29.99,2722
4517,703,setup_complete,579.98,3,29.99,2722
4518,703,setup_complete,0,1,239.99,2723
4519,703,setup_complete,257.44,2,239.99,2723
4520,703,setup_complete,0,1,599.99,2724
4521,703,setup_complete,0,1,239.99,2725
4522,703,setup_complete,433.41,2,239.99,2725
4523,703,setup_complete,0,1,29.99,2726
4524,703,setup_complete,0,1,29.99,2727
4525,703,setup_complete,209.66,2,29.99,2727
4526,703,setup_complete,523.71,3,29.99,2727
4527,704,setup_complete,0,1,29.99,2728
4528,704,setup_complete,179.65,2,29.99,2728
4529,704,setup_complete,434.47,3,29.99,2728
4530,704,setup_complete,0,1,239.99,2729
4531,704,setup_complete,485.47,2,239.99,2729
4532,704,setup_complete,0,1,29.99,2730
4537,704,setup_complete,0,1,29.99,2734
4538,704,setup_complete,239.72,2,29.99,2734
4539,704,setup_complete,476.75,3,29.99,2734
4540,704,setup_complete,0,1,239.99,2735
4541,704,setup_complete,261.93,2,239.99,2735
4542,705,setup_complete,0,1,29.99,2736
4543,705,setup_complete,255.52,2,29.99,2736
4544,705,setup_complete,550.73,3,29.99,2736
4550,705,setup_complete,0,1,29.99,2741
4557,707,setup_complete,0,1,239.99,2744
4558,707,setup_complete,531.98,2,239.99,2744
4559,707,setup_complete,0,1,239.99,2745
4560,707,setup_complete,273.43,2,239.99,2745
4562,707,setup_complete,0,1,599.99,2747
4563,708,setup_complete,0,1,29.99,2748
4564,708,setup_complete,197.78,2,29.99,2748
4565,708,setup_complete,409.04,3,29.99,2748
4569,708,setup_complete,0,1,239.99,2751
4570,708,setup_complete,480.2,2,239.99,2751
4571,708,setup_complete,0,1,29.99,2752
4572,709,setup_complete,0,1,29.99,2753
4573,709,setup_complete,295.87,2,29.99,2753
4574,709,setup_complete,533.45,3,29.99,2753
4575,709,setup_complete,0,1,239.99,2754
4576,709,setup_complete,369.44,2,239.99,2754
4579,709,setup_complete,0,1,599.99,2758
4580,709,setup_complete,0,1,29.99,2759
4581,692,setup_complete,0,1,29.99,2760
4582,692,setup_complete,310.85,2,29.99,2760
4583,692,setup_complete,652.79,3,29.99,2760
4584,710,setup_complete,0,1,29.99,2761
4585,710,setup_complete,310.85,2,29.99,2761
4586,710,setup_complete,652.79,3,29.99,2761
4587,710,setup_complete,0,1,239.99,2762
4588,710,setup_complete,416.66,2,239.99,2762
4589,710,setup_complete,0,1,239.99,2765
4590,710,setup_complete,416.66,2,239.99,2765
4591,715,setup_complete,0,1,29.99,2767
4592,715,setup_complete,223.63,2,29.99,2767
4593,715,setup_complete,534.21,3,29.99,2767
4594,715,setup_complete,0,1,239.99,2768
4595,715,setup_complete,497.72,2,239.99,2768
4596,715,setup_complete,0,1,239.99,2769
4597,715,setup_complete,511.55,2,239.99,2769
4600,715,setup_complete,0,1,29.99,2772
4601,715,setup_complete,169.71,2,29.99,2772
4602,715,setup_complete,369.84,3,29.99,2772
4603,716,setup_complete,0,1,599.99,2773
4604,716,setup_complete,0,1,239.99,2774
4605,716,setup_complete,249.51,2,239.99,2774
4606,716,setup_complete,0,1,29.99,2775
4607,716,setup_complete,0,1,599.99,2776
4608,716,setup_complete,0,1,29.99,2777
4609,716,setup_complete,270.4,2,29.99,2777
4610,716,setup_complete,544.7,3,29.99,2777
4613,717,setup_complete,0,1,239.99,2779
4614,717,setup_complete,390.15,2,239.99,2779
4623,718,setup_complete,0,1,239.99,2784
4624,718,setup_complete,431.24,2,239.99,2784
4625,718,setup_complete,0,1,599.99,2785
4626,718,setup_complete,0,1,239.99,2786
4627,718,setup_complete,240.04,2,239.99,2786
4628,717,setup_complete,0,1,599.99,2787
4629,717,setup_complete,0,1,29.99,2788
4630,719,setup_complete,0,1,29.99,2789
4631,719,setup_complete,157.93,2,29.99,2789
4632,719,setup_complete,339.33,3,29.99,2789
4638,719,setup_complete,0,1,599.99,2793
4639,719,setup_complete,0,1,29.99,2794
4640,719,setup_complete,184.48,2,29.99,2794
4641,719,setup_complete,459.92,3,29.99,2794
4642,717,setup_complete,0,1,29.99,2795
4643,717,setup_complete,354.5,2,29.99,2795
4644,717,setup_complete,553.53,3,29.99,2795
4645,720,setup_complete,0,1,29.99,2796
4646,720,setup_complete,198.07,2,29.99,2796
4647,720,setup_complete,443.59,3,29.99,2796
4648,720,setup_complete,0,1,239.99,2797
4649,720,setup_complete,439.42,2,239.99,2797
4650,720,setup_complete,0,1,29.99,2798
4651,720,setup_complete,0,1,239.99,2799
4652,720,setup_complete,480.18,2,239.99,2799
4653,720,setup_complete,0,1,599.99,2800
4654,720,setup_complete,0,1,239.99,2801
4655,720,setup_complete,506.81,2,239.99,2801
4656,721,setup_complete,0,1,29.99,2802
4657,721,setup_complete,308.42,2,29.99,2802
4658,721,setup_complete,495.11,3,29.99,2802
4661,726,setup_complete,0,1,29.99,2807
4662,726,setup_complete,217.21,2,29.99,2807
4663,726,setup_complete,414.95,3,29.99,2807
4665,721,setup_complete,0,1,239.99,2809
4666,721,setup_complete,496.78,2,239.99,2809
4667,721,setup_complete,0,1,29.99,2810
4668,721,setup_complete,0,1,599.99,2811
4669,721,setup_complete,0,1,239.99,2812
4670,721,setup_complete,492.56,2,239.99,2812
4671,725,setup_complete,0,1,29.99,2813
4672,725,setup_complete,228.07,2,29.99,2813
4673,725,setup_complete,472.41,3,29.99,2813
4674,725,setup_complete,0,1,239.99,2814
4675,725,setup_complete,260.34,2,239.99,2814
4676,725,setup_complete,0,1,29.99,2815
4677,725,setup_complete,0,1,599.99,2816
4678,725,setup_complete,0,1,239.99,2817
4679,725,setup_complete,449.14,2,239.99,2817
4680,725,setup_complete,0,1,29.99,2818
4681,725,setup_complete,362.66,2,29.99,2818
4682,725,setup_complete,643.5,3,29.99,2818
4683,726,setup_complete,0,1,239.99,2819
4684,726,setup_complete,514.66,2,239.99,2819
4685,726,setup_complete,0,1,29.99,2820
4686,726,setup_complete,0,1,239.99,2821
4687,726,setup_complete,432.06,2,239.99,2821
4692,727,setup_complete,0,1,29.99,2824
4693,727,setup_complete,253.9,2,29.99,2824
4694,727,setup_complete,564.34,3,29.99,2824
4695,727,setup_complete,0,1,239.99,2825
4696,727,setup_complete,271.71,2,239.99,2825
4697,727,setup_complete,0,1,29.99,2826
4698,727,setup_complete,0,1,599.99,2827
4699,727,setup_complete,0,1,239.99,2828
4700,727,setup_complete,262.33,2,239.99,2828
4701,727,setup_complete,0,1,29.99,2829
4702,727,setup_complete,215.93,2,29.99,2829
4703,727,setup_complete,488.35,3,29.99,2829
4704,728,setup_complete,0,1,29.99,2830
4705,728,setup_complete,286.28,2,29.99,2830
4706,728,setup_complete,619.22,3,29.99,2830
4707,728,setup_complete,0,1,239.99,2831
4708,728,setup_complete,480.2,2,239.99,2831
4709,728,setup_complete,0,1,29.99,2832
4712,728,setup_complete,0,1,599.99,2834
4713,729,setup_complete,0,1,29.99,2835
4714,729,setup_complete,332.95,2,29.99,2835
4715,729,setup_complete,504.45,3,29.99,2835
4716,729,setup_complete,0,1,239.99,2836
4717,729,setup_complete,240.04,2,239.99,2836
4718,729,setup_complete,0,1,29.99,2837
4719,729,setup_complete,0,1,599.99,2838
4720,729,setup_complete,0,1,239.99,2839
4721,729,setup_complete,413.52,2,239.99,2839
4722,730,setup_complete,0,1,29.99,2840
4723,730,setup_complete,239,2,29.99,2840
4724,730,setup_complete,406.1,3,29.99,2840
4725,730,setup_complete,0,1,239.99,2841
4726,730,setup_complete,411.08,2,239.99,2841
4727,730,setup_complete,0,1,599.99,2843
4728,730,setup_complete,0,1,239.99,2844
4729,730,setup_complete,339.6,2,239.99,2844
4738,732,setup_complete,0,1,239.99,2849
4739,732,setup_complete,490.23,2,239.99,2849
4744,732,setup_complete,0,1,29.99,2853
4745,732,setup_complete,306.36,2,29.99,2853
4746,732,setup_complete,612.32,3,29.99,2853
4747,733,setup_complete,0,1,29.99,2854
4748,733,setup_complete,196.87,2,29.99,2854
4749,733,setup_complete,379.93,3,29.99,2854
4750,733,setup_complete,0,1,239.99,2855
4751,733,setup_complete,301.71,2,239.99,2855
4752,733,setup_complete,0,1,29.99,2856
4753,733,setup_complete,229.47,2,29.99,2856
4754,733,setup_complete,434.28,3,29.99,2856
4755,733,setup_complete,0,1,239.99,2858
4756,733,setup_complete,242.06,2,239.99,2858
4757,733,setup_complete,0,1,599.99,2860
4758,734,setup_complete,0,1,29.99,2862
4759,734,setup_complete,208.46,2,29.99,2862
4760,734,setup_complete,427.68,3,29.99,2862
4761,734,setup_complete,0,1,239.99,2863
4762,734,setup_complete,376.3,2,239.99,2863
4763,734,setup_complete,0,1,599.99,2865
4764,734,setup_complete,0,1,29.99,2866
4765,734,setup_complete,0,1,239.99,2867
4766,734,setup_complete,501.3,2,239.99,2867
4767,734,setup_complete,0,1,599.99,2868
4768,734,setup_complete,0,1,239.99,2869
4769,734,setup_complete,266.54,2,239.99,2869
4770,735,setup_complete,0,1,29.99,2870
4771,735,setup_complete,246.59,2,29.99,2870
4772,735,setup_complete,557.57,3,29.99,2870
4773,735,setup_complete,0,1,239.99,2871
4774,735,setup_complete,521.36,2,239.99,2871
4775,735,setup_complete,0,1,29.99,2872
4776,735,setup_complete,0,1,239.99,2873
4777,735,setup_complete,480.17,2,239.99,2873
4778,735,setup_complete,0,1,599.99,2874
4787,746,setup_complete,0,1,29.99,2887
4788,746,setup_complete,170.67,2,29.99,2887
4789,746,setup_complete,401.19,3,29.99,2887
4790,746,setup_complete,0,1,239.99,2888
4791,746,setup_complete,256.62,2,239.99,2888
4792,746,setup_complete,0,1,29.99,2889
4793,746,setup_complete,0,1,599.99,2890
4794,746,setup_complete,0,1,239.99,2891
4795,746,setup_complete,336.26,2,239.99,2891
4796,746,setup_complete,0,1,29.99,2892
4797,746,setup_complete,192.48,2,29.99,2892
4798,746,setup_complete,384.58,3,29.99,2892
4799,745,setup_complete,0,1,29.99,2894
4800,745,setup_complete,205.88,2,29.99,2894
4801,745,setup_complete,481.67,3,29.99,2894
4802,745,setup_complete,0,1,29.99,2895
4803,745,setup_complete,0,1,239.99,2896
4804,745,setup_complete,391.08,2,239.99,2896
4805,745,setup_complete,0,1,599.99,2897
4806,745,setup_complete,0,1,29.99,2898
4807,745,setup_complete,205.88,2,29.99,2898
4808,745,setup_complete,481.67,3,29.99,2898
4815,753,setup_complete,0,1,29.99,2909
4816,753,setup_complete,218.96,2,29.99,2909
4817,753,setup_complete,509.71,3,29.99,2909
4818,753,setup_complete,0,1,599.99,2910
4819,753,setup_complete,0,1,29.99,2911
4824,753,setup_complete,0,1,29.99,2914
4825,753,setup_complete,188.5,2,29.99,2914
4826,753,setup_complete,346.12,3,29.99,2914
4830,753,setup_complete,0,1,239.99,2916
4831,753,setup_complete,248.49,2,239.99,2916
4832,753,setup_complete,0,1,239.99,2917
4833,753,setup_complete,487.45,2,239.99,2917
4834,753,setup_complete,0,1,29.99,2918
4835,753,setup_complete,0,1,29.99,2919
4836,753,setup_complete,196.47,2,29.99,2919
4837,753,setup_complete,386.6,3,29.99,2919
4838,753,setup_complete,0,1,239.99,2920
4839,753,setup_complete,380.03,2,239.99,2920
4840,753,setup_complete,0,1,29.99,2921
4841,753,setup_complete,189.39,2,29.99,2921
4842,753,setup_complete,373.64,3,29.99,2921
4843,754,setup_complete,0,1,29.99,2922
4844,754,setup_complete,217.17,2,29.99,2922
4845,754,setup_complete,502.95,3,29.99,2922
4846,754,setup_complete,0,1,239.99,2923
4847,754,setup_complete,539.92,2,239.99,2923
4848,754,setup_complete,0,1,239.99,2924
4849,754,setup_complete,522.95,2,239.99,2924
4850,754,setup_complete,0,1,29.99,2925
4851,754,setup_complete,0,1,599.99,2926
4852,755,setup_complete,0,1,29.99,2927
4853,755,setup_complete,335.36,2,29.99,2927
4854,755,setup_complete,629.99,3,29.99,2927
4855,755,setup_complete,0,1,239.99,2928
4856,755,setup_complete,418.48,2,239.99,2928
4857,755,setup_complete,0,1,599.98,2929
4858,755,setup_complete,0,1,239.99,2930
4859,755,setup_complete,506.05,2,239.99,2930
4860,755,setup_complete,0,1,29.99,2931
4861,736,setup_complete,0,1,239.99,2932
4862,736,setup_complete,498.58,2,239.99,2932
4863,736,setup_complete,0,1,29.99,2933
4864,736,setup_complete,264.62,2,29.99,2933
4865,736,setup_complete,573.5,3,29.99,2933
4866,736,setup_complete,0,1,239.99,2934
4867,736,setup_complete,300,2,239.99,2934
4868,736,setup_complete,0,1,599.99,2935
4869,736,setup_complete,0,1,29.99,2936
4870,736,setup_complete,0,1,599.99,2937
4871,756,setup_complete,0,1,29.99,2938
4872,756,setup_complete,247.35,2,29.99,2938
4873,756,setup_complete,470.24,3,29.99,2938
4874,756,setup_complete,0,1,239.99,2939
4875,756,setup_complete,482.84,2,239.99,2939
4876,756,setup_complete,0,1,239.99,2940
4877,756,setup_complete,496.01,2,239.99,2940
4878,756,setup_complete,0,1,599.99,2941
4879,756,setup_complete,0,1,29.99,2942
4880,757,setup_complete,0,1,29.99,2943
4881,757,setup_complete,301.2,2,29.99,2943
4882,757,setup_complete,514.21,3,29.99,2943
4883,757,setup_complete,0,1,239.99,2946
4884,757,setup_complete,345.3,2,239.99,2946
4885,757,setup_complete,0,1,599.99,2947
4886,757,setup_complete,0,1,239.99,2948
4887,757,setup_complete,400.63,2,239.99,2948
4888,757,setup_complete,0,1,29.99,2949
4889,759,setup_complete,0,1,29.99,2950
4890,759,setup_complete,241.82,2,29.99,2950
4891,759,setup_complete,504.86,3,29.99,2950
4892,759,setup_complete,0,1,239.99,2951
4893,759,setup_complete,445.87,2,239.99,2951
4904,761,setup_complete,0,1,239.99,2959
4905,761,setup_complete,390.12,2,239.99,2959
4906,761,setup_complete,0,1,239.99,2960
4907,761,setup_complete,480.22,2,239.99,2960
4908,761,setup_complete,0,1,599.99,2961
4909,761,setup_complete,0,1,29.99,2962
4910,761,setup_complete,0,1,29.99,2963
4911,761,setup_complete,310.54,2,29.99,2963
4912,761,setup_complete,573.13,3,29.99,2963
4913,763,setup_complete,0,1,29.99,2965
4914,763,setup_complete,209.51,2,29.99,2965
4915,763,setup_complete,398.79,3,29.99,2965
4916,763,setup_complete,0,1,239.99,2966
4917,763,setup_complete,526.62,2,239.99,2966
4918,763,setup_complete,0,1,239.99,2967
4919,763,setup_complete,502.89,2,239.99,2967
4920,763,setup_complete,0,1,599.99,2968
4921,763,setup_complete,0,1,29.99,2969
4922,764,setup_complete,0,1,29.99,2970
4923,764,setup_complete,277,2,29.99,2970
4924,764,setup_complete,620.84,3,29.99,2970
4925,764,setup_complete,0,1,239.99,2971
4926,764,setup_complete,423.99,2,239.99,2971
4929,764,setup_complete,0,1,599.99,2973
4930,764,setup_complete,0,1,29.99,2974
4931,767,setup_complete,0,1,29.99,2977
4932,767,setup_complete,287.17,2,29.99,2977
4933,767,setup_complete,600.38,3,29.99,2977
4934,767,setup_complete,0,1,239.99,2978
4935,767,setup_complete,494.47,2,239.99,2978
4936,767,setup_complete,0,1,239.99,2979
4937,767,setup_complete,537.95,2,239.99,2979
4938,767,setup_complete,0,1,29.99,2980
4939,767,setup_complete,0,1,599.99,2981
4940,768,setup_complete,0,1,29.99,2982
4941,768,setup_complete,337.81,2,29.99,2982
4942,768,setup_complete,518.07,3,29.99,2982
4943,768,setup_complete,0,1,239.99,2983
4944,768,setup_complete,524.22,2,239.99,2983
4945,768,setup_complete,0,1,239.99,2984
4946,768,setup_complete,380.59,2,239.99,2984
4947,768,setup_complete,0,1,29.99,2985
4948,768,setup_complete,0,1,599.98,2986
4949,769,setup_complete,0,1,29.99,2987
4950,769,setup_complete,254.62,2,29.99,2987
4951,769,setup_complete,586.38,3,29.99,2987
4952,769,setup_complete,0,1,239.99,2988
4953,769,setup_complete,517.89,2,239.99,2988
4954,769,setup_complete,0,1,239.99,2989
4955,769,setup_complete,246.78,2,239.99,2989
4956,769,setup_complete,0,1,599.99,2990
4957,769,setup_complete,0,1,29.99,2993
4958,769,setup_complete,0,1,29.99,2994
4959,769,setup_complete,250.59,2,29.99,2994
4960,769,setup_complete,417.67,3,29.99,2994
4961,770,setup_complete,0,1,29.99,2995
4962,770,setup_complete,298.55,2,29.99,2995
4963,770,setup_complete,611.01,3,29.99,2995
4964,770,setup_complete,0,1,239.99,2996
4965,770,setup_complete,338.06,2,239.99,2996
4966,770,setup_complete,0,1,29.99,2999
4967,770,setup_complete,0,1,239.99,3000
4968,770,setup_complete,486.84,2,239.99,3000
4969,770,setup_complete,0,1,599.99,3001
4970,770,setup_complete,0,1,29.99,3002
4971,770,setup_complete,273.75,2,29.99,3002
4972,770,setup_complete,458.8,3,29.99,3002
4973,770,setup_complete,0,1,239.99,3003
4974,770,setup_complete,549.85,2,239.99,3003
4987,772,setup_complete,0,1,239.99,3010
4988,772,setup_complete,337.6,2,239.99,3010
4991,772,setup_complete,0,1,599.99,3012
4992,772,setup_complete,0,1,29.99,3013
4994,772,setup_complete,0,1,29.99,3015
4995,775,setup_complete,0,1,239.99,3016
4996,775,setup_complete,240.04,2,239.99,3016
4997,775,setup_complete,0,1,29.99,3017
4998,775,setup_complete,238.01,2,29.99,3017
4999,775,setup_complete,467.24,3,29.99,3017
5000,775,setup_complete,0,1,239.99,3018
5001,775,setup_complete,374.68,2,239.99,3018
5002,775,setup_complete,0,1,239.99,3019
5003,775,setup_complete,437.32,2,239.99,3019
5004,775,setup_complete,0,1,29.99,3020
5005,775,setup_complete,0,1,599.99,3021
5006,776,setup_complete,0,1,29.99,3022
5007,776,setup_complete,306.09,2,29.99,3022
5008,776,setup_complete,588.11,3,29.99,3022
5009,776,setup_complete,0,1,239.99,3024
5010,776,setup_complete,545.24,2,239.99,3024
5013,776,setup_complete,0,1,599.99,3026
5031,779,setup_complete,0,1,239.99,3038
5032,779,setup_complete,267.72,2,239.99,3038
5033,779,setup_complete,0,1,29.99,3039
5034,779,setup_complete,0,1,239.99,3040
5035,779,setup_complete,254.12,2,239.99,3040
5036,779,setup_complete,0,1,599.99,3041
5037,780,setup_complete,0,1,29.99,3042
5038,780,setup_complete,328.15,2,29.99,3042
5039,780,setup_complete,618.28,3,29.99,3042
5040,780,setup_complete,0,1,239.99,3043
5041,780,setup_complete,396.15,2,239.99,3043
5043,780,setup_complete,0,1,239.99,3045
5044,780,setup_complete,434.2,2,239.99,3045
5045,781,setup_complete,0,1,29.99,3046
5046,781,setup_complete,263.58,2,29.99,3046
5047,781,setup_complete,440.57,3,29.99,3046
5048,781,setup_complete,0,1,239.99,3047
5049,781,setup_complete,436.23,2,239.99,3047
5050,781,setup_complete,0,1,239.99,3048
5051,781,setup_complete,502.75,2,239.99,3048
5052,781,setup_complete,0,1,599.99,3049
5053,781,setup_complete,0,1,29.99,3050
5066,783,setup_complete,0,1,29.99,3057
5067,783,setup_complete,245.96,2,29.99,3057
5068,783,setup_complete,446.28,3,29.99,3057
5069,783,setup_complete,0,1,239.99,3058
5070,783,setup_complete,493,2,239.99,3058
5071,783,setup_complete,0,1,599.99,3060
5072,783,setup_complete,0,1,29.99,3061
5073,783,setup_complete,0,1,239.99,3062
5074,783,setup_complete,240.04,2,239.99,3062
5075,784,setup_complete,0,1,29.99,3063
5076,784,setup_complete,278.1,2,29.99,3063
5077,784,setup_complete,588.27,3,29.99,3063
5078,784,setup_complete,0,1,239.99,3064
5079,784,setup_complete,240.04,2,239.99,3064
5080,784,setup_complete,0,1,29.99,3065
5081,784,setup_complete,0,1,239.99,3066
5082,784,setup_complete,416.35,2,239.99,3066
5083,784,setup_complete,0,1,599.99,3067
5084,785,setup_complete,0,1,29.99,3068
5085,785,setup_complete,319.06,2,29.99,3068
5086,785,setup_complete,580.31,3,29.99,3068
5087,785,setup_complete,0,1,239.99,3069
5088,785,setup_complete,413.06,2,239.99,3069
5089,785,setup_complete,0,1,239.99,3070
5090,785,setup_complete,485.17,2,239.99,3070
5091,785,setup_complete,0,1,29.99,3071
5096,786,setup_complete,0,1,29.99,3074
5097,786,setup_complete,304.92,2,29.99,3074
5098,786,setup_complete,522.65,3,29.99,3074
5099,786,setup_complete,0,1,239.99,3075
5100,786,setup_complete,396.25,2,239.99,3075
5101,786,setup_complete,0,1,29.99,3076
5102,786,setup_complete,0,1,239.99,3077
5103,786,setup_complete,245.87,2,239.99,3077
5104,786,setup_complete,0,1,599.99,3078
5105,786,setup_complete,0,1,29.99,3079
5106,786,setup_complete,212.67,2,29.99,3079
5107,786,setup_complete,587.06,3,29.99,3079
5108,785,setup_complete,0,1,599.99,3080
5109,785,setup_complete,0,1,29.99,3081
5110,785,setup_complete,295.06,2,29.99,3081
5111,785,setup_complete,610.51,3,29.99,3081
5112,787,setup_complete,0,1,29.99,3082
5113,787,setup_complete,257.69,2,29.99,3082
5114,787,setup_complete,434.29,3,29.99,3082
5115,789,setup_complete,0,1,239.99,3084
5116,789,setup_complete,485.23,2,239.99,3084
5117,789,setup_complete,0,1,29.99,3085
5118,789,setup_complete,227.23,2,29.99,3085
5119,789,setup_complete,383.02,3,29.99,3085
5120,789,setup_complete,0,1,29.99,3086
5121,789,setup_complete,0,1,239.99,3087
5122,789,setup_complete,456.48,2,239.99,3087
5123,789,setup_complete,0,1,599.99,3088
5124,789,setup_complete,0,1,29.99,3089
5125,789,setup_complete,206.81,2,29.99,3089
5126,789,setup_complete,471.75,3,29.99,3089
5127,790,setup_complete,0,1,29.99,3090
5128,790,setup_complete,186.9,2,29.99,3090
5129,790,setup_complete,495.69,3,29.99,3090
5130,790,setup_complete,0,1,239.99,3091
5131,790,setup_complete,366.28,2,239.99,3091
5132,790,setup_complete,0,1,599.99,3092
5142,791,setup_complete,0,1,239.99,3097
5143,791,setup_complete,390.18,2,239.99,3097
5144,791,setup_complete,0,1,599.99,3098
5145,791,setup_complete,0,1,239.99,3099
5146,791,setup_complete,240.04,2,239.99,3099
5147,791,setup_complete,0,1,29.99,3100
5148,792,setup_complete,0,1,29.99,3101
5149,792,setup_complete,208.43,2,29.99,3101
5150,792,setup_complete,515.65,3,29.99,3101
5151,792,setup_complete,0,1,239.99,3102
5152,792,setup_complete,404.82,2,239.99,3102
5153,792,setup_complete,0,1,599.99,3103
5154,792,setup_complete,0,1,239.99,3104
5155,792,setup_complete,518.76,2,239.99,3104
5156,792,setup_complete,0,1,29.99,3105
5157,793,setup_complete,0,1,29.99,3106
5158,793,setup_complete,162.95,2,29.99,3106
5159,793,setup_complete,431.03,3,29.99,3106
5161,793,setup_complete,0,1,599.99,3108
5164,793,setup_complete,0,1,239.99,3110
5165,793,setup_complete,265.69,2,239.99,3110
5166,793,setup_complete,0,1,29.99,3111
5167,793,setup_complete,180.46,2,29.99,3111
5168,793,setup_complete,438.06,3,29.99,3111
5169,794,setup_complete,0,1,29.99,3112
5170,794,setup_complete,195.85,2,29.99,3112
5171,794,setup_complete,366.04,3,29.99,3112
5172,794,setup_complete,0,1,239.99,3113
5173,794,setup_complete,425.46,2,239.99,3113
5174,794,setup_complete,0,1,239.99,3114
5175,794,setup_complete,240.04,2,239.99,3114
5177,794,setup_complete,0,1,29.99,3116
5178,794,setup_complete,0,1,239.99,3117
5179,794,setup_complete,245.4,2,239.99,3117
5180,795,setup_complete,0,1,599.99,3118
5181,795,setup_complete,0,1,29.99,3119
5182,795,setup_complete,0,1,239.99,3120
5183,795,setup_complete,536.48,2,239.99,3120
5184,795,setup_complete,0,1,239.99,3121
5185,795,setup_complete,480.18,2,239.99,3121
5186,795,setup_complete,0,1,29.99,3122
5187,795,setup_complete,158.95,2,29.99,3122
5188,795,setup_complete,404.49,3,29.99,3122
5199,228,setup_complete,0,1,599.98,3128
5200,228,setup_complete,0,1,479.99,3129
5201,228,setup_complete,0,1,479.99,3130
5202,228,setup_complete,0,1,599.98,3131
5203,228,setup_complete,0,1,599.98,3132
5204,776,setup_complete,0,1,29.99,3133
5205,797,setup_complete,0,1,29.99,3134
5206,797,setup_complete,228.67,2,29.99,3134
5207,797,setup_complete,444.53,3,29.99,3134
5208,797,setup_complete,0,1,239.99,3135
5209,797,setup_complete,298.64,2,239.99,3135
5210,797,setup_complete,0,1,239.99,3136
5211,797,setup_complete,515.11,2,239.99,3136
5212,797,setup_complete,0,1,599.99,3137
5213,797,setup_complete,0,1,29.99,3139
5214,797,setup_complete,0,1,29.99,3140
5215,797,setup_complete,182.99,2,29.99,3140
5216,797,setup_complete,466.97,3,29.99,3140
5217,798,setup_complete,0,1,29.99,3141
5218,798,setup_complete,334.89,2,29.99,3141
5219,798,setup_complete,615.88,3,29.99,3141
5237,800,setup_complete,0,1,29.99,3150
5238,800,setup_complete,0,1,599.99,3151
5239,800,setup_complete,0,1,239.99,3152
5240,800,setup_complete,398.83,2,239.99,3152
5241,800,setup_complete,0,1,29.99,3153
5242,800,setup_complete,271.96,2,29.99,3153
5243,800,setup_complete,602.44,3,29.99,3153
5253,801,setup_complete,0,1,599.99,3160
5254,801,setup_complete,0,1,29.99,3161
5255,801,setup_complete,294.2,2,29.99,3161
5256,801,setup_complete,593.2,3,29.99,3161
5257,806,setup_complete,0,1,29.99,3165
5258,806,setup_complete,248.15,2,29.99,3165
5259,806,setup_complete,524.48,3,29.99,3165
5260,806,setup_complete,0,1,239.99,3166
5261,806,setup_complete,430.07,2,239.99,3166
5262,806,setup_complete,0,1,29.99,3167
5264,806,setup_complete,0,1,239.99,3169
5265,806,setup_complete,305.97,2,239.99,3169
5266,806,setup_complete,0,1,29.99,3170
5267,806,setup_complete,294.72,2,29.99,3170
5268,806,setup_complete,555.8,3,29.99,3170
5269,806,setup_complete,0,1,239.99,3171
5270,806,setup_complete,229.91,2,239.99,3171
5271,807,setup_complete,0,1,29.99,3172
5272,807,setup_complete,285.96,2,29.99,3172
5273,807,setup_complete,555.34,3,29.99,3172
5274,807,setup_complete,0,1,239.99,3173
5275,807,setup_complete,240.04,2,239.99,3173
5276,807,setup_complete,0,1,29.99,3174
5277,807,setup_complete,0,1,599.99,3175
5280,807,setup_complete,0,1,29.99,3177
5281,807,setup_complete,213.13,2,29.99,3177
5282,807,setup_complete,404.9,3,29.99,3177
5283,808,setup_complete,0,1,29.99,3178
5284,808,setup_complete,301.37,2,29.99,3178
5285,808,setup_complete,506.7,3,29.99,3178
5291,808,setup_complete,0,1,29.99,3181
5292,808,setup_complete,0,1,599.99,3182
5295,808,setup_complete,0,1,29.99,3184
5296,808,setup_complete,279.78,2,29.99,3184
5297,808,setup_complete,438.7,3,29.99,3184
5298,809,setup_complete,0,1,29.99,3185
5299,809,setup_complete,180.24,2,29.99,3185
5300,809,setup_complete,442.58,3,29.99,3185
5301,809,setup_complete,0,1,239.99,3186
5302,809,setup_complete,503.01,2,239.99,3186
5303,809,setup_complete,0,1,29.99,3187
5304,809,setup_complete,0,1,599.99,3188
5305,809,setup_complete,0,1,239.99,3189
5306,809,setup_complete,310.66,2,239.99,3189
5307,809,setup_complete,0,1,29.99,3190
5308,809,setup_complete,178.03,2,29.99,3190
5309,809,setup_complete,448.9,3,29.99,3190
5310,810,setup_complete,0,1,239.99,3191
5311,810,setup_complete,434.15,2,239.99,3191
5312,810,setup_complete,0,1,239.99,3192
5313,810,setup_complete,434.15,2,239.99,3192
5314,810,setup_complete,0,1,239.99,3193
5315,810,setup_complete,434.15,2,239.99,3193
5316,810,setup_complete,0,1,239.99,3195
5317,810,setup_complete,434.15,2,239.99,3195
5318,810,setup_complete,0,1,239.99,3197
5319,810,setup_complete,434.15,2,239.99,3197
5320,812,setup_complete,0,1,239.99,3198
5321,812,setup_complete,430.29,2,239.99,3198
5324,811,setup_complete,0,1,599.98,3200
5325,811,setup_complete,0,1,239.99,3201
5326,811,setup_complete,495.77,2,239.99,3201
5327,811,setup_complete,0,1,29.99,3202
5328,811,setup_complete,0,1,239.99,3203
5329,811,setup_complete,512.35,2,239.99,3203
5330,811,setup_complete,0,1,29.99,3204
5331,811,setup_complete,328.06,2,29.99,3204
5332,811,setup_complete,693.63,3,29.99,3204
5333,813,setup_complete,0,1,29.99,3205
5334,813,setup_complete,237.54,2,29.99,3205
5335,813,setup_complete,493.45,3,29.99,3205
5336,813,setup_complete,0,1,239.99,3206
5337,813,setup_complete,480.22,2,239.99,3206
5338,813,setup_complete,0,1,239.99,3207
5339,813,setup_complete,440.98,2,239.99,3207
5340,813,setup_complete,0,1,599.99,3208
5341,813,setup_complete,0,1,29.99,3209
5342,813,setup_complete,0,1,29.99,3210
5343,813,setup_complete,221.01,2,29.99,3210
5344,813,setup_complete,498.69,3,29.99,3210
5345,815,setup_complete,0,1,29.99,3211
5346,815,setup_complete,215.6,2,29.99,3211
5347,815,setup_complete,388.35,3,29.99,3211
5350,815,setup_complete,0,1,239.99,3213
5351,815,setup_complete,480.22,2,239.99,3213
5352,815,setup_complete,0,1,29.99,3214
5353,815,setup_complete,0,1,599.99,3215
5354,815,setup_complete,0,1,29.99,3216
5355,815,setup_complete,338.97,2,29.99,3216
5356,815,setup_complete,500.84,3,29.99,3216
5357,816,setup_complete,0,1,29.99,3217
5358,816,setup_complete,169.02,2,29.99,3217
5359,816,setup_complete,448.73,3,29.99,3217
5360,816,setup_complete,0,1,239.99,3218
5361,816,setup_complete,416.26,2,239.99,3218
5362,816,setup_complete,0,1,599.99,3219
5363,816,setup_complete,0,1,239.99,3220
5364,816,setup_complete,466.76,2,239.99,3220
5365,816,setup_complete,0,1,29.99,3221
5366,817,setup_complete,0,1,29.99,3222
5367,817,setup_complete,311.68,2,29.99,3222
5368,817,setup_complete,557.64,3,29.99,3222
5369,817,setup_complete,0,1,239.99,3223
5370,817,setup_complete,490.58,2,239.99,3223
5371,817,setup_complete,0,1,599.99,3224
5375,817,setup_complete,0,1,29.99,3229
5376,817,setup_complete,316.3,2,29.99,3229
5377,817,setup_complete,635.6,3,29.99,3229
5378,818,setup_complete,0,1,29.99,3230
5379,818,setup_complete,311.4,2,29.99,3230
5380,818,setup_complete,645.66,3,29.99,3230
5381,818,setup_complete,0,1,239.99,3231
5382,818,setup_complete,414.61,2,239.99,3231
5383,818,setup_complete,0,1,239.99,3232
5384,818,setup_complete,486.51,2,239.99,3232
5385,818,setup_complete,0,1,599.99,3233
5386,818,setup_complete,0,1,29.99,3234
5387,818,setup_complete,0,1,29.99,3238
5388,818,setup_complete,294.52,2,29.99,3238
5389,818,setup_complete,606.15,3,29.99,3238
5394,819,setup_complete,0,1,29.99,3241
5395,819,setup_complete,229.14,2,29.99,3241
5396,819,setup_complete,427.92,3,29.99,3241
5397,819,setup_complete,0,1,239.99,3242
5398,819,setup_complete,526.61,2,239.99,3242
5399,819,setup_complete,0,1,239.99,3243
5400,819,setup_complete,390.21,2,239.99,3243
5401,819,setup_complete,0,1,599.99,3244
5402,819,setup_complete,0,1,29.99,3245
5412,820,setup_complete,0,1,239.99,3249
5413,820,setup_complete,431.82,2,239.99,3249
5414,820,setup_complete,0,1,239.99,3250
5415,820,setup_complete,255.97,2,239.99,3250
5416,820,setup_complete,0,1,29.99,3251
5417,820,setup_complete,0,1,599.99,3252
5418,820,setup_complete,0,1,0,3253
5419,821,setup_complete,0,1,29.99,3254
5420,821,setup_complete,238.45,2,29.99,3254
5421,821,setup_complete,462.36,3,29.99,3254
5422,822,setup_complete,0,1,29.99,3257
5423,822,setup_complete,169.64,2,29.99,3257
5424,822,setup_complete,428.65,3,29.99,3257
5427,822,setup_complete,0,1,239.99,3259
5428,822,setup_complete,495.9,2,239.99,3259
5429,822,setup_complete,0,1,239.99,3260
5430,822,setup_complete,250.84,2,239.99,3260
5431,822,setup_complete,0,1,599.99,3261
5432,822,setup_complete,0,1,29.99,3262
5433,822,setup_complete,0,1,0,3263
5434,823,setup_complete,0,1,29.99,3264
5435,823,setup_complete,321.89,2,29.99,3264
5436,823,setup_complete,540.46,3,29.99,3264
5437,823,setup_complete,0,1,239.99,3265
5438,823,setup_complete,512.64,2,239.99,3265
5439,823,setup_complete,0,1,599.99,3266
5440,823,setup_complete,0,1,29.99,3267
5441,823,setup_complete,0,1,239.99,3268
5442,823,setup_complete,496.82,2,239.99,3268
5443,824,setup_complete,0,1,29.99,3269
5444,824,setup_complete,223.63,2,29.99,3269
5445,824,setup_complete,433.84,3,29.99,3269
5446,824,setup_complete,0,1,239.99,3270
5447,824,setup_complete,279.44,2,239.99,3270
5448,824,setup_complete,0,1,29.99,3271
5449,824,setup_complete,0,1,239.99,3272
5450,824,setup_complete,410.9,2,239.99,3272
5451,824,setup_complete,0,1,599.99,3273
5452,824,setup_complete,0,1,0,3274
5453,825,setup_complete,0,1,29.99,3275
5454,825,setup_complete,260.72,2,29.99,3275
5455,825,setup_complete,430.16,3,29.99,3275
5456,825,setup_complete,0,1,239.99,3276
5457,825,setup_complete,270.14,2,239.99,3276
5458,825,setup_complete,0,1,29.99,3277
5459,825,setup_complete,0,1,239.99,3278
5460,825,setup_complete,318.71,2,239.99,3278
5465,826,setup_complete,0,1,239.99,3283
5466,826,setup_complete,523.71,2,239.99,3283
5467,826,setup_complete,0,1,239.99,3284
5468,826,setup_complete,418.2,2,239.99,3284
5469,826,setup_complete,0,1,599.99,3286
5470,826,setup_complete,0,1,29.99,3287
5471,826,setup_complete,0,1,29.99,3288
5472,826,setup_complete,329.14,2,29.99,3288
5473,826,setup_complete,495.32,3,29.99,3288
5485,828,setup_complete,0,1,239.99,3296
5486,828,setup_complete,274.93,2,239.99,3296
5487,828,setup_complete,0,1,29.99,3298
5488,828,setup_complete,268.04,2,29.99,3298
5489,828,setup_complete,440.78,3,29.99,3298
5490,828,setup_complete,0,1,239.99,3300
5491,828,setup_complete,464.95,2,239.99,3300
5492,828,setup_complete,0,1,29.99,3302
5493,828,setup_complete,345.48,2,29.99,3302
5494,828,setup_complete,588.3,3,29.99,3302
5495,828,setup_complete,0,1,239.99,3303
5496,828,setup_complete,494.37,2,239.99,3303
5501,830,setup_complete,0,1,29.99,3306
5502,830,setup_complete,320.85,2,29.99,3306
5503,830,setup_complete,668.45,3,29.99,3306
5506,830,setup_complete,0,1,29.99,3309
5507,830,setup_complete,0,1,239.99,3310
5508,830,setup_complete,240.04,2,239.99,3310
5509,830,setup_complete,0,1,599.99,3311
5511,831,setup_complete,0,1,0,3315
5512,831,setup_complete,0,1,599.99,3316
5513,831,setup_complete,0,1,29.99,3317
5514,831,setup_complete,0,1,239.99,3318
5515,831,setup_complete,413.36,2,239.99,3318
5516,831,setup_complete,0,1,239.99,3319
5517,831,setup_complete,536.16,2,239.99,3319
5520,831,setup_complete,0,1,29.99,3321
5521,831,setup_complete,309.89,2,29.99,3321
5522,831,setup_complete,526.17,3,29.99,3321
5523,832,setup_complete,0,1,239.99,3322
5524,832,setup_complete,480.13,2,239.99,3322
5525,832,setup_complete,0,1,599.99,3323
5526,832,setup_complete,0,1,29.99,3324
5527,832,setup_complete,237.88,2,29.99,3324
5528,832,setup_complete,498.19,3,29.99,3324
5535,833,setup_complete,0,1,29.99,3328
5536,833,setup_complete,196.1,2,29.99,3328
5537,833,setup_complete,370.91,3,29.99,3328
5538,833,setup_complete,0,1,239.99,3329
5539,833,setup_complete,378.49,2,239.99,3329
5540,833,setup_complete,0,1,239.99,3330
5541,833,setup_complete,395.71,2,239.99,3330
5542,833,setup_complete,0,1,599.99,3331
5543,833,setup_complete,0,1,239.99,3333
5544,833,setup_complete,508.81,2,239.99,3333
5545,833,setup_complete,0,1,29.99,3334
5546,834,setup_complete,0,1,29.99,3335
5547,834,setup_complete,249.34,2,29.99,3335
5548,834,setup_complete,457.05,3,29.99,3335
5549,834,setup_complete,0,1,239.99,3336
5550,834,setup_complete,396.83,2,239.99,3336
5551,834,setup_complete,0,1,599.99,3337
5552,834,setup_complete,0,1,29.99,3338
5553,834,setup_complete,0,1,239.99,3339
5554,834,setup_complete,500.33,2,239.99,3339
5555,834,setup_complete,0,1,29.99,3340
5556,834,setup_complete,388.73,2,29.99,3340
5557,834,setup_complete,630.39,3,29.99,3340
5558,835,setup_complete,0,1,29.99,3341
5559,835,setup_complete,191.3,2,29.99,3341
5560,835,setup_complete,483.47,3,29.99,3341
5561,835,setup_complete,0,1,239.99,3342
5562,835,setup_complete,245.05,2,239.99,3342
5563,835,setup_complete,0,1,239.99,3344
5564,835,setup_complete,526.51,2,239.99,3344
5565,835,setup_complete,0,1,599.99,3345
5566,835,setup_complete,0,1,29.99,3346
5567,835,setup_complete,0,1,29.99,3351
5568,835,setup_complete,201.14,2,29.99,3351
5569,835,setup_complete,571.11,3,29.99,3351
5570,836,setup_complete,0,1,239.99,3352
5571,836,setup_complete,470.58,2,239.99,3352
5572,839,setup_complete,0,1,29.99,3353
5573,839,setup_complete,290.52,2,29.99,3353
5574,839,setup_complete,623.67,3,29.99,3353
5575,841,setup_complete,0,1,29.99,3354
5576,841,setup_complete,290.45,2,29.99,3354
5577,841,setup_complete,542.32,3,29.99,3354
5581,841,setup_complete,0,1,29.99,3360
5582,841,setup_complete,0,1,239.99,3361
5583,841,setup_complete,485.2,2,239.99,3361
5585,841,setup_complete,0,1,29.99,3364
5586,841,setup_complete,177.82,2,29.99,3364
5587,841,setup_complete,415.24,3,29.99,3364
5596,842,setup_complete,0,1,599.99,3368
5597,842,setup_complete,0,1,29.99,3369
5600,842,setup_complete,0,1,599.99,3371
5601,843,setup_complete,0,1,29.99,3372
5602,843,setup_complete,246.28,2,29.99,3372
5603,843,setup_complete,403.9,3,29.99,3372
5604,843,setup_complete,0,1,239.99,3373
5605,843,setup_complete,422.46,2,239.99,3373
5606,843,setup_complete,0,1,239.99,3374
5607,843,setup_complete,263.12,2,239.99,3374
5608,843,setup_complete,0,1,29.99,3375
5609,843,setup_complete,0,1,599.99,3376
5610,843,setup_complete,0,1,239.99,3377
5611,843,setup_complete,274.33,2,239.99,3377
5612,844,setup_complete,0,1,29.99,3378
5613,844,setup_complete,277.54,2,29.99,3378
5614,844,setup_complete,544.65,3,29.99,3378
5615,844,setup_complete,0,1,239.99,3379
5616,844,setup_complete,421.27,2,239.99,3379
5617,844,setup_complete,0,1,599.99,3380
5618,844,setup_complete,0,1,239.99,3381
5619,844,setup_complete,416.48,2,239.99,3381
5620,844,setup_complete,0,1,29.99,3382
5624,845,setup_complete,0,1,29.99,3384
5625,845,setup_complete,161.22,2,29.99,3384
5626,845,setup_complete,498.23,3,29.99,3384
5627,845,setup_complete,0,1,239.99,3385
5628,845,setup_complete,390.17,2,239.99,3385
5629,845,setup_complete,0,1,29.99,3386
5630,845,setup_complete,0,1,239.99,3387
5631,845,setup_complete,490.75,2,239.99,3387
5632,845,setup_complete,0,1,29.99,3390
5633,845,setup_complete,240.76,2,29.99,3390
5634,845,setup_complete,466.68,3,29.99,3390
5635,533,setup_complete,0,1,599.99,3391
5636,533,setup_complete,0,1,599.99,3392
5637,845,setup_complete,0,1,599.99,3393
5638,846,setup_complete,0,1,0,3394
5639,847,setup_complete,0,1,29.99,3395
5640,847,setup_complete,312.94,2,29.99,3395
5641,847,setup_complete,545.83,3,29.99,3395
5642,847,setup_complete,0,1,29.99,3396
5643,847,setup_complete,0,1,239.99,3397
5644,847,setup_complete,431.31,2,239.99,3397
5645,847,setup_complete,0,1,239.99,3398
5646,847,setup_complete,246.81,2,239.99,3398
5647,847,setup_complete,0,1,599.99,3399
5648,847,setup_complete,0,1,239.99,3400
5649,847,setup_complete,395.23,2,239.99,3400
5650,847,setup_complete,0,1,29.99,3401
5651,847,setup_complete,198.29,2,29.99,3401
5652,847,setup_complete,404.97,3,29.99,3401
5653,848,setup_complete,0,1,29.99,3402
5654,848,setup_complete,203.34,2,29.99,3402
5655,848,setup_complete,468.25,3,29.99,3402
5656,848,setup_complete,0,1,239.99,3403
5657,848,setup_complete,493.57,2,239.99,3403
5658,848,setup_complete,0,1,29.99,3404
5659,848,setup_complete,0,1,239.99,3405
5660,848,setup_complete,248.73,2,239.99,3405
5661,848,setup_complete,0,1,29.99,3406
5662,848,setup_complete,203.34,2,29.99,3406
5663,848,setup_complete,468.25,3,29.99,3406
5664,848,setup_complete,0,1,599.99,3407
5665,848,setup_complete,0,1,239.99,3408
5666,848,setup_complete,437.09,2,239.99,3408
5667,849,setup_complete,0,1,29.99,3409
5668,849,setup_complete,166.6,2,29.99,3409
5669,849,setup_complete,322.29,3,29.99,3409
5670,849,setup_complete,0,1,239.99,3410
5671,849,setup_complete,536.43,2,239.99,3410
5672,849,setup_complete,0,1,29.99,3411
5673,849,setup_complete,0,1,239.99,3412
5674,849,setup_complete,258.97,2,239.99,3412
5675,849,setup_complete,0,1,599.99,3413
5676,849,setup_complete,0,1,29.99,3414
5677,849,setup_complete,237.21,2,29.99,3414
5678,849,setup_complete,525.37,3,29.99,3414
5684,850,setup_complete,0,1,239.99,3417
5685,850,setup_complete,395.2,2,239.99,3417
5686,850,setup_complete,0,1,239.99,3419
5687,850,setup_complete,447.88,2,239.99,3419
5688,850,setup_complete,0,1,29.99,3420
5689,850,setup_complete,290.9,2,29.99,3420
5690,850,setup_complete,600.55,3,29.99,3420
5691,851,setup_complete,0,1,29.99,3422
5692,851,setup_complete,215.23,2,29.99,3422
5693,851,setup_complete,457.31,3,29.99,3422
5694,851,setup_complete,0,1,239.99,3423
5695,851,setup_complete,414.31,2,239.99,3423
5696,851,setup_complete,0,1,599.99,3424
5697,851,setup_complete,0,1,29.99,3425
5698,851,setup_complete,0,1,239.99,3426
5699,851,setup_complete,493.3,2,239.99,3426
5700,851,setup_complete,0,1,0,3427
5701,852,setup_complete,0,1,29.99,3428
5702,852,setup_complete,279.97,2,29.99,3428
5703,852,setup_complete,458.35,3,29.99,3428
5704,852,setup_complete,0,1,239.99,3429
5705,852,setup_complete,396.36,2,239.99,3429
5706,852,setup_complete,0,1,29.99,3430
5707,852,setup_complete,0,1,239.99,3431
5708,852,setup_complete,480.2,2,239.99,3431
5709,852,setup_complete,0,1,599.99,3432
5710,852,setup_complete,0,1,29.99,3433
5711,852,setup_complete,204.04,2,29.99,3433
5712,852,setup_complete,400.73,3,29.99,3433
5713,853,setup_complete,0,1,29.99,3434
5714,853,setup_complete,158.07,2,29.99,3434
5715,853,setup_complete,349.32,3,29.99,3434
5716,853,setup_complete,0,1,239.99,3435
5717,853,setup_complete,522.17,2,239.99,3435
5719,853,setup_complete,0,1,239.99,3437
5720,853,setup_complete,414.59,2,239.99,3437
5721,853,setup_complete,0,1,599.99,3438
5722,853,setup_complete,0,1,239.99,3439
5723,853,setup_complete,438.08,2,239.99,3439
5724,854,setup_complete,0,1,239.99,3440
5725,854,setup_complete,407.45,2,239.99,3440
5726,854,setup_complete,0,1,239.99,3441
5727,854,setup_complete,320.61,2,239.99,3441
5728,854,setup_complete,0,1,29.99,3442
5729,854,setup_complete,286.97,2,29.99,3442
5730,854,setup_complete,502.39,3,29.99,3442
5731,854,setup_complete,0,1,599.99,3443
5732,854,setup_complete,0,1,29.99,3444
5733,854,setup_complete,0,1,29.99,3445
5734,854,setup_complete,267.13,2,29.99,3445
5735,855,setup_complete,0,1,29.99,3446
5736,855,setup_complete,245.69,2,29.99,3446
5737,855,setup_complete,430.39,3,29.99,3446
5738,855,setup_complete,0,1,239.99,3447
5739,855,setup_complete,456.74,2,239.99,3447
5740,855,setup_complete,0,1,239.99,3448
5741,855,setup_complete,513.19,2,239.99,3448
5742,855,setup_complete,0,1,239.99,3449
5743,855,setup_complete,417.13,2,239.99,3449
5744,855,setup_complete,0,1,0,3450
5745,856,setup_complete,0,1,29.99,3451
5746,856,setup_complete,229.63,2,29.99,3451
5747,856,setup_complete,558.86,3,29.99,3451
5748,856,setup_complete,0,1,239.99,3452
5749,856,setup_complete,443.93,2,239.99,3452
5750,856,setup_complete,0,1,29.99,3453
5751,856,setup_complete,0,1,239.99,3454
5752,856,setup_complete,278.59,2,239.99,3454
5753,856,setup_complete,0,1,599.99,3455
5754,856,setup_complete,0,1,239.99,3456
5755,856,setup_complete,490.93,2,239.99,3456
5756,857,setup_complete,0,1,29.99,3457
5757,857,setup_complete,323.53,2,29.99,3457
5758,857,setup_complete,544.17,3,29.99,3457
5759,857,setup_complete,0,1,239.99,3460
5760,857,setup_complete,418.67,2,239.99,3460
5761,858,setup_complete,0,1,29.99,3463
5762,858,setup_complete,315.93,2,29.99,3463
5763,858,setup_complete,548.05,3,29.99,3463
5764,858,setup_complete,0,1,239.99,3464
5765,858,setup_complete,425.57,2,239.99,3464
5766,858,setup_complete,0,1,29.99,3465
5767,858,setup_complete,0,1,239.99,3466
5768,858,setup_complete,245.03,2,239.99,3466
5769,858,setup_complete,0,1,599.99,3467
5772,859,setup_complete,0,1,239.99,3469
5773,859,setup_complete,348.42,2,239.99,3469
5774,859,setup_complete,0,1,599.99,3470
5775,859,setup_complete,0,1,29.99,3471
5778,860,setup_complete,0,1,29.99,3473
5779,860,setup_complete,221.87,2,29.99,3473
5780,860,setup_complete,552.98,3,29.99,3473
5783,860,setup_complete,0,1,29.99,3476
5784,860,setup_complete,0,1,239.99,3477
5785,860,setup_complete,248.54,2,239.99,3477
5786,863,setup_complete,0,1,239.99,3480
5787,863,setup_complete,361.92,2,239.99,3480
5788,863,setup_complete,0,1,599.99,3481
5789,864,setup_complete,0,1,239.99,3483
5790,864,setup_complete,390.12,2,239.99,3483
5791,864,setup_complete,0,1,29.99,3484
5792,864,setup_complete,0,1,239.99,3485
5793,864,setup_complete,240.04,2,239.99,3485
5794,864,setup_complete,0,1,599.99,3486
5795,864,setup_complete,0,1,29.99,3487
5796,864,setup_complete,218.69,2,29.99,3487
5797,864,setup_complete,389.86,3,29.99,3487
5798,863,setup_complete,0,1,29.99,3488
5799,863,setup_complete,247.93,2,29.99,3488
5800,863,setup_complete,426.43,3,29.99,3488
5801,863,setup_complete,0,1,239.99,3489
5802,863,setup_complete,485.29,2,239.99,3489
5803,863,setup_complete,0,1,29.99,3490
5804,868,setup_complete,0,1,239.99,3492
5805,868,setup_complete,567.25,2,239.99,3492
5806,868,setup_complete,0,1,239.99,3494
5807,868,setup_complete,358.53,2,239.99,3494
5808,869,setup_complete,0,1,29.99,3495
5809,869,setup_complete,238.55,2,29.99,3495
5810,869,setup_complete,474.15,3,29.99,3495
5811,869,setup_complete,0,1,239.99,3496
5812,869,setup_complete,519.21,2,239.99,3496
5813,869,setup_complete,0,1,239.99,3497
5814,869,setup_complete,240.04,2,239.99,3497
5815,869,setup_complete,0,1,599.99,3498
5816,869,setup_complete,0,1,239.99,3500
5817,869,setup_complete,241.77,2,239.99,3500
5818,869,setup_complete,0,1,29.99,3502
5819,870,setup_complete,0,1,599.99,3503
5820,870,setup_complete,0,1,239.99,3504
5821,870,setup_complete,532.52,2,239.99,3504
5822,870,setup_complete,0,1,29.99,3505
5823,870,setup_complete,0,1,29.99,3506
5824,870,setup_complete,203.32,2,29.99,3506
5825,870,setup_complete,488.73,3,29.99,3506
5828,871,setup_complete,0,1,29.99,3508
5829,871,setup_complete,268.68,2,29.99,3508
5830,871,setup_complete,557.45,3,29.99,3508
5831,871,setup_complete,0,1,239.99,3509
5832,871,setup_complete,419.24,2,239.99,3509
5833,871,setup_complete,0,1,29.99,3510
5834,871,setup_complete,0,1,239.99,3511
5835,871,setup_complete,309.94,2,239.99,3511
5836,871,setup_complete,0,1,599.99,3512
5837,871,setup_complete,0,1,0,3514
5838,872,setup_complete,0,1,599.99,3515
5839,872,setup_complete,0,1,29.99,3516
5840,872,setup_complete,0,1,239.99,3517
5841,872,setup_complete,507.87,2,239.99,3517
5842,872,setup_complete,0,1,0,3519
5843,873,setup_complete,0,1,599.99,3520
5844,874,setup_complete,0,1,29.99,3521
5845,874,setup_complete,265.99,2,29.99,3521
5846,874,setup_complete,553.03,3,29.99,3521
5847,874,setup_complete,0,1,239.99,3522
5848,874,setup_complete,444.37,2,239.99,3522
5849,874,setup_complete,0,1,599.99,3523
5850,874,setup_complete,0,1,239.99,3524
5851,874,setup_complete,435.25,2,239.99,3524
5852,874,setup_complete,0,1,29.99,3525
5853,874,setup_complete,0,1,239.99,3526
5854,874,setup_complete,534.09,2,239.99,3526
5855,875,setup_complete,0,1,29.99,3527
5856,875,setup_complete,248.89,2,29.99,3527
5857,875,setup_complete,428.03,3,29.99,3527
5858,875,setup_complete,0,1,239.99,3528
5859,875,setup_complete,459.21,2,239.99,3528
5861,875,setup_complete,0,1,239.99,3530
5862,875,setup_complete,412.45,2,239.99,3530
5863,875,setup_complete,0,1,29.99,3531
5864,876,setup_complete,0,1,29.99,3532
5865,876,setup_complete,287.46,2,29.99,3532
5866,876,setup_complete,548.53,3,29.99,3532
5867,876,setup_complete,0,1,239.99,3533
5868,876,setup_complete,240.04,2,239.99,3533
5869,876,setup_complete,0,1,599.99,3534
5870,876,setup_complete,0,1,29.99,3535
5871,876,setup_complete,0,1,239.99,3536
5872,876,setup_complete,463.62,2,239.99,3536
5873,876,setup_complete,0,1,0,3538
5874,877,setup_complete,0,1,599.99,3539
5875,877,setup_complete,0,1,29.99,3540
5876,877,setup_complete,0,1,29.99,3541
5877,877,setup_complete,206.62,2,29.99,3541
5878,877,setup_complete,543.04,3,29.99,3541
5879,877,setup_complete,0,1,29.99,3543
5880,877,setup_complete,247.08,2,29.99,3543
5881,877,setup_complete,592.83,3,29.99,3543
5882,877,setup_complete,0,1,239.99,3544
5883,877,setup_complete,354.79,2,239.99,3544
5884,877,setup_complete,0,1,239.99,3545
5885,877,setup_complete,298.02,2,239.99,3545
5891,884,setup_complete,0,1,0,3549
5892,884,setup_complete,0,1,239.99,3550
5893,884,setup_complete,388.72,2,239.99,3550
5894,884,setup_complete,0,1,239.99,3551
5895,884,setup_complete,255.57,2,239.99,3551
5896,884,setup_complete,0,1,29.99,3552
5897,884,setup_complete,0,1,599.99,3553
5898,884,setup_complete,0,1,29.99,3554
5899,884,setup_complete,231.81,2,29.99,3554
5900,884,setup_complete,453.41,3,29.99,3554
5903,887,setup_complete,0,1,599.99,3556
5904,887,setup_complete,0,1,29.99,3557
5906,887,setup_complete,0,1,29.99,3559
5907,887,setup_complete,169.13,2,29.99,3559
5908,887,setup_complete,481.58,3,29.99,3559
5909,887,setup_complete,0,1,239.99,3560
5910,887,setup_complete,447.54,2,239.99,3560
5911,888,setup_complete,0,1,29.99,3561
5912,888,setup_complete,275.87,2,29.99,3561
5913,888,setup_complete,568.82,3,29.99,3561
5914,888,setup_complete,0,1,0,3562
5915,888,setup_complete,0,1,239.99,3563
5916,888,setup_complete,475.56,2,239.99,3563
5917,888,setup_complete,0,1,29.99,3564
5918,888,setup_complete,0,1,239.99,3565
5919,888,setup_complete,443.13,2,239.99,3565
5920,888,setup_complete,0,1,599.99,3566
5921,889,setup_complete,0,1,29.99,3567
5922,889,setup_complete,298.47,2,29.99,3567
5923,889,setup_complete,563.22,3,29.99,3567
5924,889,setup_complete,0,1,0,3568
5925,889,setup_complete,0,1,239.99,3569
5926,889,setup_complete,352.38,2,239.99,3569
5927,889,setup_complete,0,1,239.99,3570
5928,889,setup_complete,284.27,2,239.99,3570
5931,533,setup_complete,0,1,239.99,3572
5932,533,setup_complete,255.57,2,239.99,3572
5933,533,setup_complete,0,1,239.99,3573
5934,533,setup_complete,255.57,2,239.99,3573
5935,533,setup_complete,0,1,239.99,3574
5936,533,setup_complete,255.57,2,239.99,3574
5937,891,setup_complete,0,1,29.99,3575
5938,891,setup_complete,295.33,2,29.99,3575
5939,891,setup_complete,565.52,3,29.99,3575
5940,891,setup_complete,0,1,239.99,3576
5941,891,setup_complete,485.17,2,239.99,3576
5942,891,setup_complete,0,1,599.99,3577
5943,891,setup_complete,0,1,29.99,3578
5944,891,setup_complete,0,1,239.99,3579
5945,891,setup_complete,356.18,2,239.99,3579
5947,891,setup_complete,0,1,599.98,3581
5948,892,setup_complete,0,1,29.99,3582
5949,892,setup_complete,154,2,29.99,3582
5950,892,setup_complete,364.54,3,29.99,3582
5951,892,setup_complete,0,1,239.99,3583
5952,892,setup_complete,239.73,2,239.99,3583
5953,892,setup_complete,0,1,29.99,3584
5956,892,setup_complete,0,1,599.99,3586
5957,892,setup_complete,0,1,29.99,3587
5958,892,setup_complete,176.8,2,29.99,3587
5959,892,setup_complete,445.16,3,29.99,3587
5960,894,setup_complete,0,1,239.99,3588
5961,894,setup_complete,437.14,2,239.99,3588
5962,894,setup_complete,0,1,599.99,3589
5963,894,setup_complete,0,1,29.99,3590
5964,894,setup_complete,330.3,2,29.99,3590
5965,894,setup_complete,557.47,3,29.99,3590
5966,905,setup_complete,0,1,239.99,3593
5967,905,setup_complete,262.19,2,239.99,3593
5968,905,setup_complete,0,1,29.99,3594
5969,905,setup_complete,0,1,599.99,3595
5970,905,setup_complete,0,1,0,3596
5971,905,setup_complete,0,1,29.99,3597
5972,905,setup_complete,231.25,2,29.99,3597
5973,905,setup_complete,499.88,3,29.99,3597
5974,905,setup_complete,0,1,239.99,3598
5975,905,setup_complete,240.04,2,239.99,3598
5976,906,setup_complete,0,1,239.99,3599
5977,906,setup_complete,480.16,2,239.99,3599
5978,906,setup_complete,0,1,599.99,3600
5979,906,setup_complete,0,1,29.99,3601
5980,906,setup_complete,0,1,29.99,3602
5981,906,setup_complete,248.11,2,29.99,3602
5982,906,setup_complete,479.31,3,29.99,3602
5983,906,setup_complete,0,1,239.99,3603
5984,906,setup_complete,240.04,2,239.99,3603
5985,907,setup_complete,0,1,599.99,3604
5986,907,setup_complete,0,1,599.99,3605
5987,907,setup_complete,0,1,29.99,3606
5988,907,setup_complete,204.15,2,29.99,3606
5989,907,setup_complete,421.63,3,29.99,3606
5992,907,setup_complete,0,1,29.99,3608
5993,907,setup_complete,247.58,2,29.99,3608
5994,907,setup_complete,535.17,3,29.99,3608
5995,908,setup_complete,0,1,29.99,3609
5996,908,setup_complete,154.45,2,29.99,3609
5997,908,setup_complete,405.52,3,29.99,3609
5998,908,setup_complete,0,1,239.99,3610
5999,908,setup_complete,351.58,2,239.99,3610
6000,908,setup_complete,0,1,29.99,3611
6001,908,setup_complete,0,1,239.99,3612
6002,908,setup_complete,292.51,2,239.99,3612
6003,908,setup_complete,0,1,599.98,3613
6004,909,setup_complete,0,1,29.99,3614
6005,909,setup_complete,240.28,2,29.99,3614
6006,909,setup_complete,401.31,3,29.99,3614
6007,909,setup_complete,0,1,239.99,3615
6008,909,setup_complete,400.66,2,239.99,3615
6009,909,setup_complete,0,1,599.98,3616
6010,909,setup_complete,0,1,239.99,3617
6011,909,setup_complete,265.58,2,239.99,3617
6012,909,setup_complete,0,1,29.99,3618
6013,909,setup_complete,0,1,0,3619
6014,909,setup_complete,0,1,29.99,3620
6015,909,setup_complete,195.4,2,29.99,3620
6016,909,setup_complete,417.19,3,29.99,3620
6017,913,setup_complete,0,1,239.99,3622
6018,913,setup_complete,491.08,2,239.99,3622
6019,913,setup_complete,0,1,599.99,3623
6020,913,setup_complete,0,1,29.99,3624
6021,913,setup_complete,0,1,239.99,3626
6022,913,setup_complete,240.04,2,239.99,3626
6023,913,setup_complete,0,1,29.99,3627
6024,913,setup_complete,193.35,2,29.99,3627
6025,913,setup_complete,452.25,3,29.99,3627
6026,913,setup_complete,0,1,29.99,3628
6027,913,setup_complete,178.97,2,29.99,3628
6028,913,setup_complete,384.64,3,29.99,3628
6029,914,setup_complete,0,1,29.99,3629
6030,914,setup_complete,169.1,2,29.99,3629
6031,914,setup_complete,408.56,3,29.99,3629
6032,914,setup_complete,0,1,239.99,3630
6033,914,setup_complete,417.65,2,239.99,3630
6034,914,setup_complete,0,1,599.99,
6035,914,setup_complete,0,1,29.99,
6036,914,setup_complete,0,1,29.99,
6037,914,setup_complete,184.62,2,29.99,
6038,914,setup_complete,516.82,3,29.99,
6039,914,setup_complete,0,1,239.99,
6040,914,setup_complete,403.82,2,239.99,
6041,918,setup_complete,0,1,239.99,3635
6042,918,setup_complete,514.58,2,239.99,3635
6043,918,setup_complete,0,1,29.99,3636
6044,918,setup_complete,299.66,2,29.99,3636
6045,918,setup_complete,459.25,3,29.99,3636
6046,919,setup_complete,0,1,29.99,3637
6047,919,setup_complete,168.39,2,29.99,3637
6048,919,setup_complete,444.87,3,29.99,3637
6049,919,setup_complete,0,1,239.99,3638
6050,919,setup_complete,383.45,2,239.99,3638
6051,919,setup_complete,0,1,29.99,3639
6052,919,setup_complete,0,1,239.99,3640
6053,919,setup_complete,248.17,2,239.99,3640
6054,919,setup_complete,0,1,599.98,3641
6055,920,setup_complete,0,1,599.98,
6056,920,setup_complete,0,1,0,
6057,920,setup_complete,0,1,239.99,3644
6058,920,setup_complete,236.52,2,239.99,3644
6059,920,setup_complete,0,1,599.98,
6060,920,setup_complete,0,1,29.99,3646
6061,920,setup_complete,0,1,599.98,3647
6062,920,setup_complete,0,1,239.99,3648
6063,920,setup_complete,464,2,239.99,3648
6064,920,setup_complete,887.49,3,59.99,3648
6065,920,setup_complete,963.19,4,100.11,3648
6066,920,setup_complete,0,1,29.99,3649
6067,920,setup_complete,184.54,2,29.99,3649
6068,920,setup_complete,371.99,3,29.99,3649
6069,920,setup_complete,0,1,239.99,3650
6070,920,setup_complete,416.26,2,239.99,3650
6071,920,setup_complete,0,1,239.99,3651
6072,920,setup_complete,416.26,2,239.99,3651
6073,920,setup_complete,0,1,29.99,3652
6074,920,setup_complete,184.54,2,29.99,3652
6075,920,setup_complete,371.99,3,29.99,3652
6076,920,setup_complete,0,1,599.98,3653
6077,920,setup_complete,0,1,599.98,3654
6078,920,setup_complete,0,1,0,3655
6079,921,setup_complete,0,1,599.98,3656
6080,924,setup_complete,0,1,239.99,3657
6081,925,setup_complete,0,1,239.99,3658
6082,933,setup_complete,0,1,239.99,3659
6086,934,setup_complete,0,1,239.99,3661
6087,934,setup_complete,416.26,2,239.99,3661
6088,934,setup_complete,0,1,29.99,3662
6089,934,setup_complete,184.54,2,29.99,3662
6090,934,setup_complete,371.99,3,29.99,3662
6091,934,setup_complete,0,1,599.98,3663
6092,939,setup_complete,0,1,599.98,3664
6093,939,setup_complete,0,1,29.99,3665
6094,939,setup_complete,0,1,599.98,3666
6095,938,setup_complete,0,1,0,3667
6096,938,setup_complete,0,1,0,3668
6097,938,setup_complete,0,1,0,3669
6098,938,setup_complete,0,1,599.98,3670
6099,938,setup_complete,0,1,599.98,3671
6100,938,setup_complete,0,1,0,3672
6101,533,setup_complete,0,1,239.99,3673
6102,533,setup_complete,420.86,2,239.99,3673
6103,938,setup_complete,0,1,599.98,3674
6104,938,setup_complete,0,1,0,3675
6105,938,setup_complete,0,1,239.99,3676
6106,938,setup_complete,236.52,2,239.99,3676
6107,938,setup_complete,0,1,0,3677
6108,533,setup_complete,0,1,29.99,3678
6109,533,setup_complete,217.55,2,29.99,3678
6110,533,setup_complete,413.72,3,29.99,3678
6111,940,setup_complete,0,1,29.99,3679
6112,940,setup_complete,263.85,2,29.99,3679
6113,940,setup_complete,514.61,3,29.99,3679
6114,940,setup_complete,0,1,239.99,3680
6115,940,setup_complete,545.83,2,239.99,3680
6116,940,setup_complete,0,1,29.99,3681
6117,940,setup_complete,0,1,239.99,3682
6118,940,setup_complete,485.23,2,239.99,3682
6119,941,setup_complete,0,1,239.99,3683
6120,941,setup_complete,399.14,2,239.99,3683
6121,942,setup_complete,0,1,29.99,3684
6122,942,setup_complete,245.34,2,29.99,3684
6123,942,setup_complete,565.44,3,29.99,3684
6124,942,setup_complete,0,1,239.99,
6125,942,setup_complete,268.78,2,239.99,
6126,942,setup_complete,0,1,29.99,3686
6127,942,setup_complete,0,1,599.99,
6128,942,setup_complete,0,1,239.99,3688
6129,942,setup_complete,390.17,2,239.99,3688
6130,943,setup_complete,0,1,239.99,3689
6131,943,setup_complete,399.14,2,239.99,3689
6132,943,setup_complete,0,1,599.98,3690
6133,943,setup_complete,0,1,239.99,3691
6134,943,setup_complete,240.04,2,239.99,3691
6135,943,setup_complete,0,1,29.99,3692
6136,943,setup_complete,268.81,2,29.99,3692
6137,943,setup_complete,482.93,3,29.99,3692
6138,944,setup_complete,0,1,239.99,3693
6139,944,setup_complete,432.32,2,239.99,3693
6140,945,setup_complete,0,1,239.99,3694
6141,945,setup_complete,489.05,2,239.99,3694
6142,945,setup_complete,1024.29,3,59.99,3694
6143,945,setup_complete,1115.49,4,59.99,3694
6144,946,setup_complete,0,1,29.99,3695
6145,947,setup_complete,0,1,239.99,3696
6146,947,setup_complete,432.32,2,239.99,3696
6147,948,setup_complete,0,1,239.99,3697
6148,948,setup_complete,432.32,2,239.99,3697
6149,949,setup_complete,0,1,239.99,3698
6150,949,setup_complete,432.32,2,239.99,3698
6151,950,setup_complete,0,1,239.99,3699
6152,950,setup_complete,511.97,2,239.99,3699
6153,950,setup_complete,0,1,599.99,3700
6154,950,setup_complete,0,1,239.99,3701
6155,950,setup_complete,248.03,2,239.99,3701
6156,950,setup_complete,0,1,0,3702
6157,951,setup_complete,0,1,29.99,3703
6158,951,setup_complete,222.48,2,29.99,3703
6159,951,setup_complete,505.11,3,29.99,3703
6160,951,setup_complete,0,1,239.99,3704
6161,951,setup_complete,407.64,2,239.99,3704
6162,951,setup_complete,0,1,29.99,3705
6163,951,setup_complete,0,1,239.99,3706
6164,951,setup_complete,264.58,2,239.99,3706
6165,951,setup_complete,0,1,599.99,3707
6166,951,setup_complete,0,1,29.99,3708
6167,951,setup_complete,250.25,2,29.99,3708
6168,951,setup_complete,0,1,29.99,3709
6169,951,setup_complete,250.25,2,29.99,3709
6170,951,setup_complete,547.07,3,29.99,3709
6171,950,setup_complete,0,1,239.99,3710
6172,950,setup_complete,329.07,2,239.99,3710
6173,954,setup_complete,0,1,239.99,3711
6174,954,setup_complete,254.96,2,239.99,3711
6175,954,setup_complete,0,1,0,
6176,954,setup_complete,0,1,29.99,3713
6177,954,setup_complete,226.71,2,29.99,3713
6178,954,setup_complete,0,1,239.99,3714
6179,954,setup_complete,391.72,2,239.99,3714
6180,954,setup_complete,0,1,239.99,3715
6181,954,setup_complete,450.44,2,239.99,3715
6182,954,setup_complete,0,1,239.99,3716
6183,954,setup_complete,325.81,2,239.99,3716
6184,954,setup_complete,0,1,239.99,3717
6185,954,setup_complete,351.97,2,239.99,3717
6186,954,setup_complete,709.15,3,119.99,3717
6187,954,setup_complete,925.5,4,125.35,3717
6188,954,setup_complete,0,1,239.99,3718
6189,954,setup_complete,475.3,2,239.99,3718
6190,954,setup_complete,0,1,239.99,3719
6191,954,setup_complete,450.44,2,239.99,3719
6192,955,setup_complete,0,1,239.99,3720
6193,955,setup_complete,331.61,2,239.99,3720
6194,955,setup_complete,0,1,239.99,3721
6195,955,setup_complete,245.05,2,239.99,3721
6196,955,setup_complete,0,1,599.99,3722
6197,955,setup_complete,0,1,0,3723
6198,956,setup_complete,0,1,29.99,3724
6199,956,setup_complete,241.35,2,29.99,3724
6200,956,setup_complete,514.8,3,29.99,3724
6201,956,setup_complete,0,1,239.99,3725
6202,956,setup_complete,287.56,2,239.99,3725
6203,956,setup_complete,0,1,239.99,3726
6204,956,setup_complete,479.58,2,239.99,3726
6205,956,setup_complete,0,1,599.99,3727
6206,956,setup_complete,0,1,29.99,3728
6207,956,setup_complete,0,1,0,3729
6209,958,setup_complete,0,1,29.99,
6210,958,setup_complete,214.6,2,29.99,
6211,958,setup_complete,508.33,3,29.99,
6212,958,setup_complete,0,1,239.99,
6213,958,setup_complete,500.39,2,239.99,
6214,958,setup_complete,0,1,239.99,3733
6215,958,setup_complete,423.2,2,239.99,3733
6216,958,setup_complete,0,1,29.99,3734
6217,959,setup_complete,0,1,29.99,3735
6218,959,setup_complete,211.72,2,29.99,3735
6219,959,setup_complete,481.95,3,29.99,3735
6220,959,setup_complete,0,1,599.98,3736
6221,533,setup_complete,0,1,29.99,3737
6222,533,setup_complete,309.39,2,29.99,3737
6223,533,setup_complete,647.47,3,29.99,3737
6224,533,setup_complete,0,1,239.99,
6225,533,setup_complete,245.05,2,239.99,
6226,533,setup_complete,0,1,239.99,
6227,533,setup_complete,245.05,2,239.99,
6228,959,setup_complete,0,1,29.99,
6229,959,setup_complete,156.6,2,29.99,
6230,959,setup_complete,328.05,3,29.99,
6231,960,setup_complete,0,1,29.99,3741
6232,960,setup_complete,163.59,2,29.99,3741
6233,960,setup_complete,449.37,3,29.99,3741
6234,960,setup_complete,0,1,239.99,3742
6235,960,setup_complete,420.61,2,239.99,3742
6236,960,setup_complete,0,1,29.99,3743
6237,960,setup_complete,0,1,239.99,3744
6238,960,setup_complete,514.94,2,239.99,3744
6239,960,setup_complete,0,1,599.99,3745
6240,960,setup_complete,0,1,29.99,3746
6241,960,setup_complete,302.93,2,29.99,3746
6242,960,setup_complete,596.6,3,29.99,3746
6243,961,setup_complete,0,1,239.99,3747
6244,961,setup_complete,331.61,2,239.99,3747
6245,961,setup_complete,0,1,239.99,3748
6246,961,setup_complete,245.05,2,239.99,3748
6247,961,setup_complete,0,1,599.99,3749
6248,961,setup_complete,0,1,0,3750
6249,962,setup_complete,0,1,239.99,3751
6250,962,setup_complete,399.02,2,239.99,3751
6251,962,setup_complete,0,1,29.99,3752
6252,962,setup_complete,0,1,29.99,
6253,962,setup_complete,181.98,2,29.99,
6254,962,setup_complete,459.01,3,29.99,
6255,963,setup_complete,0,1,29.99,3754
6256,963,setup_complete,278.81,2,29.99,3754
6257,963,setup_complete,509.34,3,29.99,3754
6258,963,setup_complete,0,1,239.99,3755
6259,963,setup_complete,438.01,2,239.99,3755
6260,963,setup_complete,0,1,239.99,3756
6261,963,setup_complete,232.34,2,239.99,3756
6262,963,setup_complete,0,1,599.99,3757
6263,963,setup_complete,0,1,0,3758
6264,963,setup_complete,0,1,29.99,3759
6265,964,setup_complete,0,1,239.99,3760
6266,964,setup_complete,390.13,2,239.99,3760
6267,964,setup_complete,0,1,599.99,3761
6268,964,setup_complete,0,1,29.99,3762
6269,964,setup_complete,0,1,239.99,3763
6270,964,setup_complete,263.77,2,239.99,3763
6271,964,setup_complete,0,1,29.99,3764
6272,964,setup_complete,266.3,2,29.99,3764
6273,959,setup_complete,0,1,29.99,3765
6274,959,setup_complete,156.6,2,29.99,3765
6275,959,setup_complete,328.05,3,29.99,3765
6276,965,setup_complete,0,1,29.99,3766
6277,965,setup_complete,298.55,2,29.99,3766
6278,965,setup_complete,541.12,3,29.99,3766
6279,965,setup_complete,0,1,239.99,3767
6280,965,setup_complete,395.13,2,239.99,3767
6281,965,setup_complete,0,1,239.99,3768
6282,965,setup_complete,240.04,2,239.99,3768
6283,965,setup_complete,0,1,29.99,3769
6284,965,setup_complete,0,1,0,3770
6285,966,setup_complete,0,1,29.99,3771
6286,966,setup_complete,218.54,2,29.99,3771
6287,966,setup_complete,530.56,3,29.99,3771
6288,967,setup_complete,0,1,599.99,3772
6289,968,setup_complete,0,1,29.99,3773
6290,968,setup_complete,218.54,2,29.99,3773
6291,968,setup_complete,530.56,3,29.99,3773
6292,969,setup_complete,0,1,29.99,3774
6293,969,setup_complete,226.63,2,29.99,3774
6294,969,setup_complete,408.63,3,29.99,3774
6295,970,setup_complete,0,1,29.99,3775
6296,970,setup_complete,264.19,2,29.99,3775
6297,970,setup_complete,544.65,3,29.99,3775
6298,970,setup_complete,0,1,239.99,3776
6299,970,setup_complete,508.69,2,239.99,3776
6300,970,setup_complete,0,1,29.99,3777
6301,970,setup_complete,0,1,239.99,3778
6302,970,setup_complete,359.59,2,239.99,3778
6303,970,setup_complete,0,1,599.99,3779
6304,971,setup_complete,0,1,29.99,3780
6305,971,setup_complete,270.89,2,29.99,3780
6306,971,setup_complete,509.83,3,29.99,3780
6307,972,setup_complete,0,1,29.99,3781
6308,972,setup_complete,268.35,2,29.99,3781
6309,972,setup_complete,451.16,3,29.99,3781
6310,971,setup_complete,0,1,239.99,3782
6311,971,setup_complete,390.18,2,239.99,3782
6312,972,setup_complete,0,1,599.99,3783
6313,971,setup_complete,0,1,239.99,
6314,971,setup_complete,490.29,2,239.99,
6315,972,setup_complete,0,1,239.99,3785
6316,972,setup_complete,494.43,2,239.99,3785
6317,972,setup_complete,0,1,239.99,3786
6318,972,setup_complete,494.43,2,239.99,3786
6319,971,setup_complete,0,1,29.99,3787
6320,972,setup_complete,0,1,239.99,3788
6321,972,setup_complete,494.43,2,239.99,3788
6322,972,setup_complete,0,1,239.99,3789
6323,972,setup_complete,509.09,2,239.99,3789
6324,972,setup_complete,0,1,239.99,3790
6325,972,setup_complete,494.43,2,239.99,3790
6326,971,setup_complete,0,1,599.99,
6327,971,setup_complete,0,1,239.99,3792
6328,971,setup_complete,390.14,2,239.99,3792
6329,972,setup_complete,0,1,239.99,3793
6330,972,setup_complete,527.37,2,239.99,3793
6331,972,setup_complete,0,1,239.99,3794
6332,972,setup_complete,494.43,2,239.99,3794
6333,972,setup_complete,0,1,239.99,3795
6334,972,setup_complete,494.43,2,239.99,3795
6335,972,setup_complete,0,1,239.99,3796
6336,972,setup_complete,494.43,2,239.99,3796
6337,972,setup_complete,0,1,239.99,3797
6338,972,setup_complete,494.43,2,239.99,3797
6339,972,setup_complete,0,1,239.99,3798
6340,972,setup_complete,494.43,2,239.99,3798
6341,973,setup_complete,0,1,239.99,3799
6342,973,setup_complete,494.43,2,239.99,3799
6343,974,setup_complete,0,1,239.99,3800
6344,974,setup_complete,494.43,2,239.99,3800
6345,972,setup_complete,0,1,239.99,3801
6346,972,setup_complete,494.43,2,239.99,3801
6347,975,setup_complete,0,1,29.99,3802
6348,975,setup_complete,159.3,2,29.99,3802
6349,975,setup_complete,398.48,3,29.99,3802
6350,975,setup_complete,0,1,239.99,3803
6351,975,setup_complete,424.34,2,239.99,3803
6352,975,setup_complete,0,1,29.99,3804
6353,975,setup_complete,0,1,239.99,3805
6354,975,setup_complete,279.38,2,239.99,3805
6355,975,setup_complete,0,1,599.99,3806
6356,975,setup_complete,0,1,239.99,
6357,975,setup_complete,585.1,2,239.99,
6358,976,setup_complete,0,1,29.99,
6359,976,setup_complete,193.97,2,29.99,
6360,976,setup_complete,357.14,3,29.99,
6361,976,setup_complete,0,1,0,3809
6362,977,setup_complete,0,1,29.99,3810
6363,977,setup_complete,180.21,2,29.99,3810
6364,977,setup_complete,355.41,3,29.99,3810
6365,977,setup_complete,0,1,239.99,
6366,977,setup_complete,248.04,2,239.99,
6367,977,setup_complete,0,1,29.99,
6368,977,setup_complete,0,1,599.98,3813
6369,977,setup_complete,0,1,29.99,3814
6370,977,setup_complete,0,1,0,3815
6371,977,setup_complete,0,1,239.99,3816
6372,977,setup_complete,540.13,2,239.99,3816
6373,980,setup_complete,0,1,29.99,3817
6374,980,setup_complete,345.14,2,29.99,3817
6375,980,setup_complete,542.86,3,29.99,3817
6376,980,setup_complete,0,1,239.99,
6377,980,setup_complete,495.1,2,239.99,
6378,980,setup_complete,0,1,239.99,3819
6379,980,setup_complete,480.25,2,239.99,3819
6380,981,setup_complete,0,1,29.99,3820
6381,981,setup_complete,207.34,2,29.99,3820
6382,981,setup_complete,488.25,3,29.99,3820
6383,981,setup_complete,0,1,239.99,3821
6384,981,setup_complete,385.75,2,239.99,3821
6385,981,setup_complete,0,1,29.99,
6386,981,setup_complete,0,1,239.99,3823
6387,981,setup_complete,292.45,2,239.99,3823
6388,981,setup_complete,0,1,599.99,3824
6389,980,setup_complete,0,1,29.99,3825
6390,980,setup_complete,0,1,599.99,
6391,980,setup_complete,0,1,0,3827
6392,982,setup_complete,0,1,29.99,
6393,982,setup_complete,163.75,2,29.99,
6394,982,setup_complete,402.31,3,29.99,
6395,982,setup_complete,0,1,239.99,3829
6396,982,setup_complete,392.64,2,239.99,3829
6399,982,setup_complete,0,1,29.99,
6400,982,setup_complete,0,1,599.99,3832
6401,982,setup_complete,0,1,239.99,3833
6402,982,setup_complete,390.19,2,239.99,3833
6403,982,setup_complete,0,1,239.99,3834
6404,982,setup_complete,482.67,2,239.99,3834
6405,982,setup_complete,0,1,239.99,
6406,982,setup_complete,480.22,2,239.99,
6407,984,setup_complete,0,1,29.99,3836
6408,984,setup_complete,165.34,2,29.99,3836
6409,984,setup_complete,433.72,3,29.99,3836
6410,984,setup_complete,0,1,239.99,3837
6411,984,setup_complete,250.54,2,239.99,3837
6412,984,setup_complete,0,1,239.99,
6413,984,setup_complete,344.9,2,239.99,
6414,984,setup_complete,0,1,599.99,3839
6415,984,setup_complete,0,1,29.99,3840
6416,984,setup_complete,0,1,29.99,3841
6417,984,setup_complete,292.82,2,29.99,3841
6418,984,setup_complete,571.68,3,29.99,3841
6419,984,setup_complete,0,1,239.99,3842
6420,984,setup_complete,250.54,2,239.99,3842
6421,984,setup_complete,0,1,239.99,3843
6422,984,setup_complete,250.54,2,239.99,3843
6423,984,setup_complete,0,1,239.99,
6424,984,setup_complete,250.54,2,239.99,
6425,985,setup_complete,0,1,29.99,3845
6426,985,setup_complete,303.89,2,29.99,3845
6427,985,setup_complete,469.42,3,29.99,3845
6428,985,setup_complete,0,1,0,3846
6429,985,setup_complete,0,1,239.99,3847
6430,985,setup_complete,452.29,2,239.99,3847
6431,985,setup_complete,0,1,599.99,3848
6432,985,setup_complete,0,1,29.99,
6433,985,setup_complete,0,1,239.99,
6434,985,setup_complete,480.21,2,239.99,
6435,985,setup_complete,0,1,0,3851
6438,985,setup_complete,0,1,0,3853
6439,986,setup_complete,0,1,29.99,3854
6440,986,setup_complete,277.22,2,29.99,3854
6441,986,setup_complete,551.5,3,29.99,3854
6442,986,setup_complete,0,1,239.99,3855
6443,986,setup_complete,420.85,2,239.99,3855
6444,986,setup_complete,0,1,239.99,3856
6445,986,setup_complete,397.93,2,239.99,3856
6446,986,setup_complete,0,1,239.99,3857
6447,986,setup_complete,397.46,2,239.99,3857
6448,986,setup_complete,0,1,29.99,
6449,986,setup_complete,0,1,599.99,3859
6450,986,setup_complete,0,1,0,3860
6451,987,setup_complete,0,1,29.99,3861
6452,987,setup_complete,172.49,2,29.99,3861
6453,987,setup_complete,366.85,3,29.99,3861
6454,988,setup_complete,0,1,239.99,3862
6455,988,setup_complete,337.46,2,239.99,3862
6456,988,setup_complete,0,1,239.99,3863
6457,988,setup_complete,340.12,2,239.99,3863
6458,988,setup_complete,0,1,29.99,3864
6459,988,setup_complete,0,1,599.99,3865
6460,988,setup_complete,0,1,0,3866
6461,990,setup_complete,0,1,29.99,3867
6462,990,setup_complete,162.78,2,29.99,3867
6463,990,setup_complete,358.52,3,29.99,3867
6480,990,setup_complete,0,1,239.99,3876
6481,990,setup_complete,411.14,2,239.99,3876
6482,990,setup_complete,0,1,0,3877
6483,990,setup_complete,0,1,599.99,3878
6484,990,setup_complete,0,1,239.99,3879
6485,990,setup_complete,395.17,2,239.99,3879
6486,990,setup_complete,0,1,239.99,3880
6487,990,setup_complete,240.04,2,239.99,3880
6488,990,setup_complete,0,1,239.99,3881
6489,990,setup_complete,240.04,2,239.99,3881
6492,991,setup_complete,0,1,29.99,3883
6493,991,setup_complete,348.06,2,29.99,3883
6494,991,setup_complete,592.41,3,29.99,3883
6495,991,setup_complete,0,1,239.99,3884
6496,991,setup_complete,410.02,2,239.99,3884
6497,991,setup_complete,0,1,29.99,3885
6498,991,setup_complete,0,1,239.99,3886
6499,991,setup_complete,390.14,2,239.99,3886
6500,992,setup_complete,0,1,29.99,3887
6501,992,setup_complete,257.36,2,29.99,3887
6502,992,setup_complete,586.26,3,29.99,3887
6503,992,setup_complete,0,1,239.99,3888
6504,992,setup_complete,396.57,2,239.99,3888
6505,992,setup_complete,0,1,29.99,3889
6506,992,setup_complete,0,1,239.99,3890
6507,992,setup_complete,545.74,2,239.99,3890
6508,992,setup_complete,0,1,599.99,3891
6509,992,setup_complete,0,1,239.99,3892
6510,992,setup_complete,535.76,2,239.99,3892
6511,996,setup_complete,0,1,29.99,3893
6512,996,setup_complete,0,1,239.99,3894
6513,996,setup_complete,498.77,2,239.99,3894
6514,996,setup_complete,0,1,239.99,3895
6515,996,setup_complete,286.61,2,239.99,3895
6516,997,setup_complete,0,1,29.99,3896
6517,997,setup_complete,199.33,2,29.99,3896
6518,997,setup_complete,0,1,239.99,
6519,997,setup_complete,485.06,2,239.99,
6520,997,setup_complete,0,1,239.99,
6521,997,setup_complete,388.48,2,239.99,
6522,998,setup_complete,0,1,29.99,3899
6523,998,setup_complete,0,1,29.99,3900
6524,998,setup_complete,154.58,2,29.99,3900
6525,999,setup_complete,0,1,29.99,
6526,999,setup_complete,257.36,2,29.99,
6527,999,setup_complete,586.26,3,29.99,
6528,999,setup_complete,0,1,239.99,
6529,999,setup_complete,545.74,2,239.99,
6530,999,setup_complete,0,1,29.99,
6531,999,setup_complete,0,1,239.99,
6532,999,setup_complete,396.57,2,239.99,
6533,1000,setup_complete,0,1,29.99,
6534,1000,setup_complete,340.6,2,29.99,
6535,1000,setup_complete,644.66,3,29.99,
6536,1001,setup_complete,0,1,29.99,3906
6537,1001,setup_complete,286.62,2,29.99,3906
6538,1001,setup_complete,455.69,3,29.99,3906
6539,1000,setup_complete,0,1,239.99,3907
6540,1000,setup_complete,495.45,2,239.99,3907
6541,1002,setup_complete,0,1,239.99,3908
6542,1002,setup_complete,341.09,2,239.99,3908
6543,1000,setup_complete,0,1,239.99,3909
6544,1000,setup_complete,250.92,2,239.99,3909
6545,1002,setup_complete,0,1,599.99,3910
6546,1000,setup_complete,0,1,599.99,3911
6547,1000,setup_complete,0,1,29.99,3912
6548,1000,setup_complete,0,1,29.99,3913
6549,1002,setup_complete,0,1,239.99,3914
6550,1002,setup_complete,485.61,2,239.99,3914
6551,1002,setup_complete,0,1,29.99,3915
6552,1002,setup_complete,0,1,29.99,3916
6553,1002,setup_complete,286.62,2,29.99,3916
6554,1002,setup_complete,455.69,3,29.99,3916
6555,1000,setup_complete,0,1,29.99,3917
6556,1000,setup_complete,286.36,2,29.99,3917
6557,1000,setup_complete,594.22,3,29.99,3917
6558,1000,setup_complete,0,1,29.99,3918
6559,1000,setup_complete,0,1,29.99,3919
6560,1003,setup_complete,0,1,29.99,3920
6561,1003,setup_complete,320.23,2,29.99,3920
6562,1003,setup_complete,611.23,3,29.99,3920
6563,1003,setup_complete,0,1,239.99,3921
6564,1003,setup_complete,422.25,2,239.99,3921
6565,1003,setup_complete,0,1,239.99,3922
6566,1003,setup_complete,253.63,2,239.99,3922
6567,1003,setup_complete,0,1,239.99,3923
6568,1003,setup_complete,422.25,2,239.99,3923
6569,1003,setup_complete,0,1,599.98,
6570,1003,setup_complete,0,1,29.99,3925
6571,1003,setup_complete,0,1,0,3926
6572,1004,setup_complete,0,1,239.99,3927
6573,1004,setup_complete,447.99,2,239.99,3927
6574,1004,setup_complete,0,1,29.99,3928
6575,1004,setup_complete,288.76,2,29.99,3928
6576,1004,setup_complete,583.64,3,29.99,3928
6577,1004,setup_complete,0,1,29.99,3929
6578,1004,setup_complete,0,1,239.99,3930
6579,1004,setup_complete,410.13,2,239.99,3930
6580,1003,setup_complete,0,1,239.99,3931
6581,1003,setup_complete,379.9,2,239.99,3931
6582,1005,setup_complete,0,1,29.99,3932
6583,1005,setup_complete,158.98,2,29.99,3932
6584,1009,setup_complete,0,1,29.99,3933
6585,1009,setup_complete,282.12,2,29.99,3933
6586,1009,setup_complete,534.63,3,29.99,3933
6587,1009,setup_complete,0,1,239.99,3934
6588,1009,setup_complete,540.94,2,239.99,3934
6589,1009,setup_complete,0,1,239.99,3935
6590,1009,setup_complete,378.22,2,239.99,3935
6591,1009,setup_complete,0,1,599.99,3936
6592,1009,setup_complete,0,1,29.99,3937
6593,1009,setup_complete,0,1,0,3938
6594,1010,setup_complete,0,1,29.99,3939
6595,1010,setup_complete,162.79,2,29.99,3939
6596,1010,setup_complete,327.89,3,29.99,3939
6597,1010,setup_complete,0,1,239.99,
6598,1010,setup_complete,240.04,2,239.99,
6599,1010,setup_complete,0,1,29.99,3941
6600,1010,setup_complete,0,1,239.99,3942
6601,1010,setup_complete,399.76,2,239.99,3942
6602,1010,setup_complete,0,1,599.99,3943
6603,1010,setup_complete,0,1,0,3944
6604,1010,setup_complete,0,1,239.99,3945
6605,1010,setup_complete,488.06,2,239.99,3945
6606,1011,setup_complete,0,1,239.99,3946
6607,1011,setup_complete,435.21,2,239.99,3946
6608,1011,setup_complete,0,1,599.99,3947
6609,1011,setup_complete,0,1,29.99,3948
6610,1011,setup_complete,0,1,239.99,3949
6611,1011,setup_complete,515.2,2,239.99,3949
6612,1011,setup_complete,0,1,29.99,3950
6613,1011,setup_complete,197.06,2,29.99,3950
6614,1011,setup_complete,397.53,3,29.99,3950
6615,1012,setup_complete,0,1,29.99,3951
6616,1012,setup_complete,273.42,2,29.99,3951
6617,1012,setup_complete,431.93,3,29.99,3951
6618,1012,setup_complete,0,1,239.99,3952
6619,1012,setup_complete,391.34,2,239.99,3952
6620,1012,setup_complete,0,1,29.99,3953
6621,1012,setup_complete,0,1,239.99,3954
6622,1012,setup_complete,427.48,2,239.99,3954
6623,1012,setup_complete,0,1,599.99,3955
6624,1012,setup_complete,0,1,0,3956
6625,1013,setup_complete,0,1,29.99,3957
6626,1013,setup_complete,279.53,2,29.99,3957
6627,1013,setup_complete,575.75,3,29.99,3957
6628,1013,setup_complete,0,1,239.99,3958
6629,1013,setup_complete,504.93,2,239.99,3958
6630,1013,setup_complete,0,1,29.99,3959
6631,1013,setup_complete,0,1,239.99,3960
6632,1013,setup_complete,505.37,2,239.99,3960
6633,1013,setup_complete,0,1,599.99,3961
6634,1013,setup_complete,0,1,0,
6635,1013,setup_complete,0,1,29.99,3963
6636,1013,setup_complete,237.78,2,29.99,3963
6637,1013,setup_complete,480.15,3,29.99,3963
6638,1014,setup_complete,0,1,239.99,
6639,1014,setup_complete,491.76,2,239.99,
6640,1014,setup_complete,751.56,3,59.99,
6641,1014,setup_complete,841.34,4,280.07,
6642,1014,setup_complete,0,1,239.99,3965
6643,1014,setup_complete,490.97,2,239.99,3965
6644,1014,setup_complete,0,1,599.98,3966
6645,1021,setup_complete,0,1,239.99,3967
6646,1021,setup_complete,491.76,2,239.99,3967
6647,1021,setup_complete,751.56,3,59.99,3967
6648,1021,setup_complete,841.34,4,280.07,3967
6649,1021,setup_complete,0,1,0,3968
6650,1021,setup_complete,0,1,29.99,3969
6651,1021,setup_complete,0,1,239.99,3970
6652,1021,setup_complete,399.61,2,239.99,3970
6653,1022,setup_complete,0,1,239.99,3971
6654,1022,setup_complete,337.46,2,239.99,3971
6655,1022,setup_complete,0,1,29.99,3972
6656,1022,setup_complete,0,1,599.99,
6657,1022,setup_complete,0,1,239.99,3974
6658,1022,setup_complete,491.81,2,239.99,3974
6659,1022,setup_complete,0,1,29.99,3975
6660,1022,setup_complete,0,1,29.99,
6661,1022,setup_complete,271.05,2,29.99,
6662,1022,setup_complete,545.94,3,29.99,
6663,1023,setup_complete,0,1,29.99,
6664,1023,setup_complete,247.58,2,29.99,
6665,1023,setup_complete,525.81,3,29.99,
6666,1023,setup_complete,0,1,239.99,3978
6667,1023,setup_complete,281.63,2,239.99,3978
6668,1023,setup_complete,0,1,239.99,3979
6669,1023,setup_complete,237.89,2,239.99,3979
6670,1023,setup_complete,0,1,599.99,3980
6671,1024,setup_complete,0,1,29.99,3981
6672,1024,setup_complete,247.07,2,29.99,3981
6673,1024,setup_complete,406.13,3,29.99,3981
6674,1024,setup_complete,0,1,239.99,3982
6675,1024,setup_complete,512.93,2,239.99,3982
6676,1024,setup_complete,0,1,239.99,3983
6677,1024,setup_complete,291.73,2,239.99,3983
6678,1025,setup_complete,0,1,29.99,3984
6679,1025,setup_complete,345.07,2,29.99,3984
6680,1025,setup_complete,510.14,3,29.99,3984
6681,1025,setup_complete,0,1,239.99,
6682,1025,setup_complete,384.08,2,239.99,
6683,1024,setup_complete,0,1,29.99,3986
6684,1024,setup_complete,0,1,599.99,3987
6685,1024,setup_complete,0,1,0,3988
6686,1025,setup_complete,0,1,239.99,3989
6687,1025,setup_complete,384.08,2,239.99,3989
6688,1025,setup_complete,0,1,29.99,3990
6689,1025,setup_complete,0,1,239.99,3991
6690,1025,setup_complete,407.17,2,239.99,3991
6691,1025,setup_complete,0,1,599.99,
6692,1025,setup_complete,0,1,0,3993
6693,1026,setup_complete,0,1,239.99,3994
6694,1026,setup_complete,420.97,2,239.99,3994
6695,1026,setup_complete,0,1,29.99,
6696,1026,setup_complete,0,1,239.99,
6697,1026,setup_complete,504.6,2,239.99,
6698,1026,setup_complete,0,1,599.99,
6699,1026,setup_complete,0,1,29.99,
6700,1026,setup_complete,302.8,2,29.99,
6701,1026,setup_complete,617.04,3,29.99,
6702,1026,setup_complete,0,1,0,
6703,1026,setup_complete,0,1,0,4000
6705,1028,setup_complete,0,1,29.99,4002
6706,1028,setup_complete,180.05,2,29.99,4002
6707,1028,setup_complete,342.55,3,29.99,4002
6708,1028,setup_complete,0,1,599.99,4003
6709,1028,setup_complete,0,1,239.99,4004
6710,1028,setup_complete,410.17,2,239.99,4004
6711,1028,setup_complete,0,1,29.99,4005
6712,1028,setup_complete,0,1,239.99,4006
6713,1028,setup_complete,398.23,2,239.99,4006
6714,1028,setup_complete,0,1,0,4007
6715,1029,setup_complete,0,1,239.99,4008
6716,1029,setup_complete,413.94,2,239.99,4008
6717,1029,setup_complete,0,1,29.99,4009
6718,1029,setup_complete,0,1,0,
6719,1029,setup_complete,0,1,599.99,4011
6720,1029,setup_complete,0,1,239.99,
6721,1029,setup_complete,480.21,2,239.99,
6722,1030,setup_complete,0,1,29.99,4013
6723,1030,setup_complete,207.51,2,29.99,4013
6724,1030,setup_complete,430.24,3,29.99,4013
6725,1030,setup_complete,0,1,239.99,
6726,1030,setup_complete,432.77,2,239.99,
6727,1030,setup_complete,0,1,239.99,4015
6728,1030,setup_complete,480.21,2,239.99,4015
6729,1030,setup_complete,0,1,599.99,4016
6730,1030,setup_complete,0,1,29.99,4017
6731,1030,setup_complete,0,1,0,
6732,1030,setup_complete,0,1,29.99,4019
6733,1030,setup_complete,327.71,2,29.99,4019
6734,1030,setup_complete,489.05,3,29.99,4019
6735,1031,setup_complete,0,1,29.99,4020
6736,1031,setup_complete,194.42,2,29.99,4020
6737,1031,setup_complete,431.78,3,29.99,4020
6738,1031,setup_complete,0,1,239.99,4021
6739,1031,setup_complete,375.92,2,239.99,4021
6740,1031,setup_complete,0,1,239.99,4022
6741,1031,setup_complete,424.37,2,239.99,4022
6751,1031,setup_complete,0,1,29.99,4029
6752,1031,setup_complete,0,1,599.99,4030
6753,1031,setup_complete,0,1,0,4031
6754,1031,setup_complete,0,1,29.99,4032
6755,1031,setup_complete,309.23,2,29.99,4032
6756,1031,setup_complete,577.3,3,29.99,4032
6757,1034,setup_complete,0,1,599.98,4033
6758,1034,setup_complete,0,1,599.98,4034
6759,1035,setup_complete,0,1,599.98,4035
6760,1036,setup_complete,0,1,29.99,4036
6761,1037,setup_complete,0,1,29.99,4037
6762,1038,setup_complete,0,1,29.99,4038
6763,1039,setup_complete,0,1,29.99,4039
6764,1040,setup_complete,0,1,239.99,4040
6765,1040,setup_complete,395.56,2,239.99,4040
6766,1041,setup_complete,0,1,239.99,4041
6767,1041,setup_complete,395.56,2,239.99,4041
6768,1042,setup_complete,0,1,239.99,4042
6769,1042,setup_complete,395.56,2,239.99,4042
6770,1042,setup_complete,0,1,599.99,4043
6771,1042,setup_complete,0,1,0,4044
6772,1049,setup_complete,0,1,29.99,4045
6773,1049,setup_complete,239.65,2,29.99,4045
6774,1049,setup_complete,499.34,3,29.99,4045
6775,1049,setup_complete,0,1,239.99,4046
6776,1049,setup_complete,514.74,2,239.99,4046
6777,1049,setup_complete,0,1,599.99,4047
6778,1049,setup_complete,0,1,29.99,4048
6779,1049,setup_complete,0,1,239.99,
6780,1049,setup_complete,403.95,2,239.99,
6781,1049,setup_complete,0,1,239.99,4050
6782,1049,setup_complete,501.31,2,239.99,4050
6783,1049,setup_complete,0,1,599.99,4051
6784,1049,setup_complete,0,1,599.99,4052
6785,1050,setup_complete,0,1,29.99,4053
6786,1050,setup_complete,177.29,2,29.99,4053
6787,1050,setup_complete,406.27,3,29.99,4053
6788,1050,setup_complete,0,1,239.99,4054
6789,1050,setup_complete,405.77,2,239.99,4054
6790,1050,setup_complete,0,1,239.99,4055
6791,1050,setup_complete,329.65,2,239.99,4055
6792,1050,setup_complete,0,1,599.99,4056
6793,1050,setup_complete,0,1,29.99,4057
6794,1050,setup_complete,0,1,0,4058
6795,1051,setup_complete,0,1,29.99,4059
6796,1051,setup_complete,258.14,2,29.99,4059
6797,1051,setup_complete,418.17,3,29.99,4059
6798,1051,setup_complete,0,1,239.99,4060
6799,1051,setup_complete,480.25,2,239.99,4060
6800,1051,setup_complete,0,1,29.99,4061
6801,1051,setup_complete,0,1,239.99,4062
6802,1051,setup_complete,517.16,2,239.99,4062
6803,1051,setup_complete,0,1,599.99,4063
6804,1051,setup_complete,0,1,0,4064
6805,1051,setup_complete,0,1,29.99,4065
6806,1051,setup_complete,200.65,2,29.99,4065
6807,1051,setup_complete,475.26,3,29.99,4065
6808,1052,setup_complete,0,1,29.99,4066
6809,1052,setup_complete,157.14,2,29.99,4066
6810,1052,setup_complete,315.67,3,29.99,4066
6811,1052,setup_complete,0,1,239.99,4067
6812,1052,setup_complete,257.58,2,239.99,4067
6813,1052,setup_complete,0,1,239.99,4068
6814,1052,setup_complete,416.97,2,239.99,4068
6815,1052,setup_complete,0,1,29.99,4069
6816,1052,setup_complete,0,1,599.99,4070
6817,1052,setup_complete,0,1,0,4071
6818,1052,setup_complete,0,1,239.99,4072
6819,1052,setup_complete,403.88,2,239.99,4072
6820,1053,setup_complete,0,1,29.99,
6821,1053,setup_complete,285.13,2,29.99,
6822,1053,setup_complete,579.92,3,29.99,
6823,1053,setup_complete,0,1,239.99,4074
6824,1053,setup_complete,260.25,2,239.99,4074
6825,1053,setup_complete,0,1,29.99,
6826,1053,setup_complete,0,1,239.99,
6827,1053,setup_complete,499.9,2,239.99,
6828,1053,setup_complete,0,1,599.99,
6829,1053,setup_complete,0,1,0,
6830,1054,setup_complete,0,1,29.99,
6831,1054,setup_complete,256.05,2,29.99,
6832,1054,setup_complete,538.81,3,29.99,
6833,1055,setup_complete,0,1,29.99,4080
6834,1055,setup_complete,256.05,2,29.99,4080
6835,1055,setup_complete,538.81,3,29.99,4080
6836,1056,setup_complete,0,1,239.99,4081
6837,1056,setup_complete,251.61,2,239.99,4081
6838,1056,setup_complete,0,1,239.99,4082
6839,1056,setup_complete,390.18,2,239.99,4082
6840,1056,setup_complete,0,1,599.99,4083
6841,1056,setup_complete,0,1,29.99,4084
6842,1056,setup_complete,0,1,0,4085
6843,1056,setup_complete,0,1,599.99,4086
6844,1056,setup_complete,0,1,29.99,4087
6845,1056,setup_complete,256.05,2,29.99,4087
6846,1056,setup_complete,538.81,3,29.99,4087
6847,1056,setup_complete,0,1,29.99,4088
6848,1056,setup_complete,256.05,2,29.99,4088
6849,1056,setup_complete,538.81,3,29.99,4088
6850,1056,setup_complete,0,1,29.99,4089
6851,1056,setup_complete,256.05,2,29.99,4089
6852,1056,setup_complete,538.81,3,29.99,4089
6853,1056,setup_complete,0,1,29.99,4090
6854,1056,setup_complete,256.05,2,29.99,4090
6855,1056,setup_complete,538.81,3,29.99,4090
6856,1056,setup_complete,0,1,29.99,4091
6857,1056,setup_complete,256.05,2,29.99,4091
6858,1056,setup_complete,538.81,3,29.99,4091
6859,1057,setup_complete,0,1,29.99,4092
6860,1057,setup_complete,317.64,2,29.99,4092
6861,1057,setup_complete,497.08,3,29.99,4092
6862,1057,setup_complete,0,1,239.99,4093
6863,1057,setup_complete,577.6,2,239.99,4093
6864,1057,setup_complete,0,1,239.99,4094
6865,1057,setup_complete,378.63,2,239.99,4094
6866,1057,setup_complete,0,1,599.99,4095
6867,1057,setup_complete,0,1,29.99,4096
6868,1057,setup_complete,0,1,29.99,4097
6869,1057,setup_complete,159.11,2,29.99,4097
6870,1057,setup_complete,519.73,3,29.99,4097
6871,1058,setup_complete,0,1,29.99,4098
6872,1058,setup_complete,192.18,2,29.99,4098
6873,1058,setup_complete,411.26,3,29.99,4098
6874,1058,setup_complete,0,1,239.99,4099
6875,1058,setup_complete,413.36,2,239.99,4099
6876,1058,setup_complete,0,1,239.99,4100
6877,1058,setup_complete,390.78,2,239.99,4100
6878,1058,setup_complete,0,1,599.99,4101
6879,1058,setup_complete,0,1,29.99,4102
6880,1058,setup_complete,0,1,0,
6881,1059,setup_complete,0,1,29.99,4104
6882,1059,setup_complete,230.1,2,29.99,4104
6883,1059,setup_complete,420.21,3,29.99,4104
6884,1059,setup_complete,0,1,239.99,4105
6885,1059,setup_complete,430.09,2,239.99,4105
6886,1059,setup_complete,0,1,239.99,4106
6887,1059,setup_complete,422.15,2,239.99,4106
6888,1059,setup_complete,0,1,599.99,4107
6889,1059,setup_complete,0,1,29.99,4108
6890,1059,setup_complete,262.08,2,29.99,4108
6891,1059,setup_complete,416.49,3,29.99,4108
6892,1059,setup_complete,0,1,29.99,
6893,1060,setup_complete,0,1,599.99,
6894,1060,setup_complete,0,1,30,4111
6895,1060,setup_complete,297.14,2,29.99,4111
6896,1060,setup_complete,609.4,3,29.99,4111
6897,1060,setup_complete,0,1,239.99,4112
6898,1060,setup_complete,426.12,2,239.99,4112
6899,1060,setup_complete,0,1,29.99,
6900,1060,setup_complete,0,1,0,4114
6901,1060,setup_complete,0,1,239.99,4115
6902,1060,setup_complete,401.97,2,239.99,4115
6903,1061,setup_complete,0,1,239.99,4116
6904,1061,setup_complete,283.81,2,239.99,4116
6905,1061,setup_complete,764.66,3,59.99,4116
6906,1061,setup_complete,894.21,4,249.3,4116
6907,1061,setup_complete,0,1,239.99,4117
6908,1061,setup_complete,423.68,2,239.99,4117
6909,1061,setup_complete,920.01,3,59.99,4117
6910,1061,setup_complete,1044.36,4,116.45,4117
6911,1061,setup_complete,0,1,239.99,4118
6912,1061,setup_complete,423.68,2,239.99,4118
6913,1061,setup_complete,920.01,3,59.99,4118
6914,1061,setup_complete,1044.36,4,116.45,4118
6915,1061,setup_complete,0,1,239.99,4119
6916,1061,setup_complete,423.68,2,239.99,4119
6917,1061,setup_complete,920.01,3,59.99,4119
6918,1061,setup_complete,1044.36,4,116.45,4119
6919,1062,setup_complete,0,1,29.99,
6920,1062,setup_complete,260.7,2,29.99,
6921,1062,setup_complete,510.72,3,29.99,
6922,1062,setup_complete,0,1,239.99,
6923,1062,setup_complete,361.61,2,239.99,
6924,1062,setup_complete,0,1,599.99,4122
6925,1062,setup_complete,0,1,239.99,4123
6926,1062,setup_complete,408.2,2,239.99,4123
6927,1062,setup_complete,0,1,29.99,4124
6928,1062,setup_complete,0,1,0,4125
6929,1062,setup_complete,0,1,29.99,4126
6930,1062,setup_complete,321.69,2,29.99,4126
6931,1062,setup_complete,502.67,3,29.99,4126
6932,1064,setup_complete,0,1,29.99,4127
6933,1064,setup_complete,220.01,2,29.99,4127
6934,1064,setup_complete,480.46,3,29.99,4127
6935,1063,setup_complete,0,1,239.99,4128
6936,1063,setup_complete,535.11,2,239.99,4128
6937,1063,setup_complete,0,1,29.99,
6938,1063,setup_complete,220.01,2,29.99,
6939,1063,setup_complete,480.46,3,29.99,
6940,1063,setup_complete,0,1,239.99,4130
6941,1063,setup_complete,507.4,2,239.99,4130
6942,1063,setup_complete,0,1,29.99,4131
6943,1063,setup_complete,0,1,599.99,4132
6944,1065,setup_complete,0,1,29.99,4133
6945,1065,setup_complete,291.51,2,29.99,4133
6946,1065,setup_complete,570.35,3,29.99,4133
6947,1065,setup_complete,0,1,239.99,4134
6948,1065,setup_complete,512.77,2,239.99,4134
6949,1065,setup_complete,0,1,239.99,4135
6950,1065,setup_complete,249.42,2,239.99,4135
6951,1065,setup_complete,0,1,29.99,4136
6952,1065,setup_complete,0,1,599.99,
6953,1068,setup_complete,0,1,29.99,4138
6954,1068,setup_complete,232.05,2,29.99,4138
6955,1068,setup_complete,495.4,3,29.99,4138
6956,1068,setup_complete,0,1,239.99,
6957,1068,setup_complete,260.8,2,239.99,
6958,1068,setup_complete,0,1,599.99,4140
6959,1068,setup_complete,0,1,239.99,
6960,1068,setup_complete,550.29,2,239.99,
6961,1068,setup_complete,0,1,29.99,
6962,1069,setup_complete,0,1,29.99,4143
6963,1069,setup_complete,305.09,2,29.99,4143
6964,1069,setup_complete,511.97,3,29.99,4143
6965,1069,setup_complete,0,1,29.99,4144
6966,1069,setup_complete,0,1,239.99,4145
6967,1069,setup_complete,508.54,2,239.99,4145
6968,1069,setup_complete,0,1,599.98,4146
6969,1069,setup_complete,0,1,239.99,4147
6970,1069,setup_complete,480.18,2,239.99,4147
6971,1069,setup_complete,0,1,29.99,4148
6972,1070,setup_complete,0,1,29.99,4149
6973,1070,setup_complete,288.68,2,29.99,4149
6974,1070,setup_complete,451.19,3,29.99,4149
6975,1070,setup_complete,0,1,0,4150
6976,1070,setup_complete,0,1,239.99,4151
6977,1070,setup_complete,405.66,2,239.99,4151
6978,1070,setup_complete,0,1,29.99,4152
6979,1070,setup_complete,0,1,599.99,4153
6980,1071,setup_complete,0,1,599.99,4154
6981,1071,setup_complete,0,1,239.99,4155
6982,1071,setup_complete,409.78,2,239.99,4155
6983,1071,setup_complete,0,1,0,4156
6984,1071,setup_complete,0,1,29.99,4157
6985,1071,setup_complete,281.38,2,29.99,4157
6986,1071,setup_complete,503.99,3,29.99,4157
6987,1072,setup_complete,0,1,29.99,4158
6988,1072,setup_complete,209.58,2,29.99,4158
6989,1072,setup_complete,466.08,3,29.99,4158
6990,1072,setup_complete,0,1,29.99,
6991,1072,setup_complete,0,1,239.99,
6992,1072,setup_complete,267.32,2,239.99,
6993,1072,setup_complete,0,1,599.99,
6994,1072,setup_complete,0,1,0,
6995,1072,setup_complete,0,1,29.99,4163
6996,1072,setup_complete,335.76,2,29.99,4163
6997,1072,setup_complete,510.82,3,29.99,4163
6998,1075,setup_complete,0,1,29.99,4164
6999,1075,setup_complete,350.54,2,29.99,4164
7000,1075,setup_complete,666.53,3,29.99,4164
7001,1075,setup_complete,0,1,29.99,4165
7002,1075,setup_complete,0,1,239.99,
7003,1075,setup_complete,245.05,2,239.99,
7004,1075,setup_complete,0,1,599.99,4167
7005,1075,setup_complete,0,1,0,4168
7006,1075,setup_complete,0,1,239.99,4169
7007,1075,setup_complete,283.45,2,239.99,4169
7011,1077,setup_complete,0,1,29.99,4171
7012,1077,setup_complete,218.08,2,29.99,4171
7013,1077,setup_complete,388.78,3,29.99,4171
7014,1077,setup_complete,0,1,239.99,4172
7015,1077,setup_complete,208.99,2,239.99,4172
7019,1077,setup_complete,0,1,599.98,4174
7020,1077,setup_complete,0,1,239.99,4175
7021,1077,setup_complete,390.18,2,239.99,4175
7022,1077,setup_complete,0,1,29.99,4176
7023,1077,setup_complete,0,1,0,4177
7024,1079,setup_complete,0,1,29.99,4178
7025,1079,setup_complete,189.39,2,29.99,4178
7026,1079,setup_complete,448.27,3,29.99,4178
7027,1079,setup_complete,0,1,29.99,
7028,1079,setup_complete,0,1,239.99,4180
7029,1079,setup_complete,267.9,2,239.99,4180
7030,1079,setup_complete,0,1,0,4181
7031,1079,setup_complete,0,1,239.99,4182
7032,1079,setup_complete,245.03,2,239.99,4182
7038,1080,setup_complete,0,1,239.99,4186
7039,1080,setup_complete,462.19,2,239.99,4186
7040,1080,setup_complete,0,1,599.99,4187
7041,1080,setup_complete,0,1,239.99,4188
7042,1080,setup_complete,480.24,2,239.99,4188
7043,1080,setup_complete,0,1,29.99,4189
7044,1081,setup_complete,0,1,0,4190
7045,1082,setup_complete,0,1,29.99,4191
7046,1082,setup_complete,176.54,2,29.99,4191
7047,1082,setup_complete,435.16,3,29.99,4191
7048,1082,setup_complete,0,1,239.99,4192
7049,1082,setup_complete,411.43,2,239.99,4192
7050,1082,setup_complete,0,1,239.99,4193
7051,1082,setup_complete,499.18,2,239.99,4193
7052,1082,setup_complete,0,1,29.99,4194
7053,1082,setup_complete,0,1,599.99,4195
7054,1082,setup_complete,0,1,29.99,4196
7055,1082,setup_complete,185.65,2,29.99,4196
7056,1082,setup_complete,382.28,3,29.99,4196
7058,1081,setup_complete,0,1,29.99,4198
7059,1081,setup_complete,0,1,239.99,4199
7060,1081,setup_complete,495.5,2,239.99,4199
7061,1081,setup_complete,0,1,29.99,4200
7062,1081,setup_complete,202.04,2,29.99,4200
7063,1081,setup_complete,464.08,3,29.99,4200
7076,1084,setup_complete,0,1,29.99,4207
7077,1084,setup_complete,156.24,2,29.99,4207
7078,1084,setup_complete,379.88,3,29.99,4207
7079,1084,setup_complete,0,1,239.99,4208
7080,1084,setup_complete,411.29,2,239.99,4208
7081,1084,setup_complete,0,1,239.99,4209
7082,1084,setup_complete,515.82,2,239.99,4209
7083,1084,setup_complete,0,1,29.99,4210
7084,1084,setup_complete,0,1,599.99,4211
7085,1084,setup_complete,0,1,0,4212
7086,1085,setup_complete,0,1,29.99,4213
7087,1085,setup_complete,220.89,2,29.99,4213
7088,1085,setup_complete,501.51,3,29.99,4213
7092,1086,setup_complete,0,1,239.99,4215
7093,1086,setup_complete,310.96,2,239.99,4215
7094,1086,setup_complete,0,1,29.99,4216
7095,1086,setup_complete,0,1,239.99,4217
7096,1086,setup_complete,291.24,2,239.99,4217
7099,1086,setup_complete,0,1,29.99,4220
7100,1086,setup_complete,261.84,2,29.99,4220
7101,1086,setup_complete,431.03,3,29.99,4220
7102,1087,setup_complete,0,1,239.99,4221
7103,1087,setup_complete,249.18,2,239.99,4221
7110,1087,setup_complete,0,1,599.99,4225
7111,1087,setup_complete,0,1,239.99,4226
7112,1087,setup_complete,390.14,2,239.99,4226
7113,1088,setup_complete,0,1,29.99,4227
7114,1088,setup_complete,263.95,2,29.99,4227
7115,1088,setup_complete,513.42,3,29.99,4227
7116,1088,setup_complete,0,1,239.99,4228
7117,1088,setup_complete,391.69,2,239.99,4228
7118,1088,setup_complete,0,1,29.99,4229
7119,1088,setup_complete,0,1,29.99,4230
7120,1088,setup_complete,0,1,29.99,4231
7121,1088,setup_complete,0,1,29.99,4232
7124,1088,setup_complete,0,1,29.99,4234
7125,1088,setup_complete,0,1,29.99,4235
7126,1088,setup_complete,0,1,29.99,4236
7127,1088,setup_complete,0,1,29.99,4237
7128,1088,setup_complete,0,1,29.99,4238
7130,1088,setup_complete,0,1,0,4240
7131,1089,setup_complete,0,1,599.99,4241
7132,1089,setup_complete,0,1,29.99,4242
7133,1089,setup_complete,162.52,2,29.99,4242
7134,1089,setup_complete,385.48,3,29.99,4242
7135,1089,setup_complete,0,1,239.99,4243
7136,1089,setup_complete,276.72,2,239.99,4243
7137,1089,setup_complete,0,1,239.99,4244
7138,1089,setup_complete,276.72,2,239.99,4244
7139,1089,setup_complete,0,1,29.99,4245
7140,1089,setup_complete,0,1,0,4246
7141,1089,setup_complete,0,1,239.99,4247
7142,1089,setup_complete,294.45,2,239.99,4247
7143,1089,setup_complete,0,1,239.99,4248
7144,1089,setup_complete,276.72,2,239.99,4248
7145,1089,setup_complete,0,1,239.99,4249
7146,1089,setup_complete,276.72,2,239.99,4249
7147,1089,setup_complete,0,1,239.99,4250
7148,1089,setup_complete,276.72,2,239.99,4250
7149,1088,setup_complete,0,1,29.99,4251
7150,1088,setup_complete,329.44,2,29.99,4251
7151,1088,setup_complete,649.74,3,29.99,4251
7152,1090,setup_complete,0,1,239.99,4252
7153,1090,setup_complete,485.18,2,239.99,4252
7154,1090,setup_complete,0,1,29.99,4253
7157,1090,setup_complete,0,1,599.99,4255
7161,1092,setup_complete,0,1,239.99,4257
7162,1092,setup_complete,373.3,2,239.99,4257
7163,1092,setup_complete,0,1,29.99,4258
7164,1092,setup_complete,0,1,239.99,4259
7165,1092,setup_complete,311.76,2,239.99,4259
7167,1093,setup_complete,0,1,599.99,4261
7168,1093,setup_complete,0,1,239.99,4262
7169,1093,setup_complete,490.95,2,239.99,4262
7170,1093,setup_complete,0,1,29.99,4263
7171,1093,setup_complete,288.93,2,29.99,4263
7172,1094,setup_complete,0,1,29.99,4264
7173,1094,setup_complete,244.33,2,29.99,4264
7174,1094,setup_complete,402.29,3,29.99,4264
7175,1094,setup_complete,0,1,239.99,4265
7176,1094,setup_complete,281.28,2,239.99,4265
7177,1094,setup_complete,0,1,29.99,4266
7178,1094,setup_complete,0,1,239.99,4267
7179,1094,setup_complete,412.34,2,239.99,4267
7180,1094,setup_complete,0,1,599.99,4268
7181,1095,setup_complete,0,1,29.99,4269
7182,1095,setup_complete,322.8,2,29.99,4269
7183,1095,setup_complete,619,3,29.99,4269
7184,1095,setup_complete,0,1,239.99,4270
7185,1095,setup_complete,321.08,2,239.99,4270
7186,1095,setup_complete,0,1,29.99,4271
7187,1095,setup_complete,0,1,599.99,4272
7188,1095,setup_complete,0,1,239.99,4273
7189,1095,setup_complete,500.27,2,239.99,4273
7190,1095,setup_complete,0,1,0,4274
7197,1096,setup_complete,0,1,29.99,4277
7198,1096,setup_complete,236.04,2,29.99,4277
7199,1096,setup_complete,394.01,3,29.99,4277
7203,1096,setup_complete,0,1,239.99,4279
7204,1096,setup_complete,490.84,2,239.99,4279
7205,1096,setup_complete,0,1,239.99,4280
7206,1096,setup_complete,490.84,2,239.99,4280
7207,1096,setup_complete,0,1,599.99,4281
7208,1096,setup_complete,0,1,29.99,4282
7209,1096,setup_complete,0,1,0,4283
7210,1096,setup_complete,0,1,239.99,4284
7211,1096,setup_complete,252.4,2,239.99,4284
7212,1097,setup_complete,0,1,29.99,4285
7213,1097,setup_complete,0,1,239.99,4286
7214,1097,setup_complete,460.48,2,239.99,4286
7215,1097,setup_complete,0,1,599.99,4287
7216,1097,setup_complete,0,1,29.99,4288
7217,1097,setup_complete,283.38,2,29.99,4288
7218,1097,setup_complete,590.22,3,29.99,4288
7224,1098,setup_complete,0,1,239.99,4291
7225,1098,setup_complete,254.99,2,239.99,4291
7226,1098,setup_complete,0,1,239.99,4292
7227,1098,setup_complete,420.42,2,239.99,4292
7228,1098,setup_complete,0,1,239.99,4293
7229,1098,setup_complete,254.99,2,239.99,4293
7230,1098,setup_complete,0,1,239.99,4294
7231,1098,setup_complete,485.19,2,239.99,4294
7232,1098,setup_complete,0,1,239.99,4295
7233,1098,setup_complete,409.44,2,239.99,4295
7244,1099,setup_complete,0,1,599.99,4300
7249,1101,setup_complete,0,1,239.99,4303
7250,1101,setup_complete,409.01,2,239.99,4303
7251,1101,setup_complete,0,1,599.99,4304
7252,1101,setup_complete,0,1,239.99,4305
7253,1101,setup_complete,240.04,2,239.99,4305
7255,1101,setup_complete,0,1,29.99,4307
7258,1102,setup_complete,0,1,29.99,4310
7259,1102,setup_complete,229.79,2,29.99,4310
7260,1102,setup_complete,463.71,3,29.99,4310
7261,1102,setup_complete,0,1,239.99,4311
7262,1102,setup_complete,341.3,2,239.99,4311
7263,1102,setup_complete,0,1,239.99,4312
7264,1102,setup_complete,501.43,2,239.99,4312
7265,1102,setup_complete,0,1,29.99,4313
7266,1102,setup_complete,0,1,599.99,4314
7267,1103,setup_complete,0,1,29.99,4315
7268,1103,setup_complete,178.62,2,29.99,4315
7269,1103,setup_complete,345.43,3,29.99,4315
7270,1103,setup_complete,0,1,599.99,4316
7274,1103,setup_complete,0,1,0,4319
7277,1103,setup_complete,0,1,29.99,4321
7278,1103,setup_complete,0,1,239.99,4322
7279,1103,setup_complete,553.43,2,239.99,4322
7280,1103,setup_complete,0,1,0,4323
7281,1103,setup_complete,0,1,0,4324
7282,1104,setup_complete,0,1,29.99,4325
7283,1104,setup_complete,210.25,2,29.99,4325
7284,1104,setup_complete,443.99,3,29.99,4325
7285,1104,setup_complete,0,1,239.99,4326
7286,1104,setup_complete,496.35,2,239.99,4326
7289,1104,setup_complete,0,1,239.99,4329
7290,1104,setup_complete,282.06,2,239.99,4329
7291,1104,setup_complete,0,1,599.99,4330
7292,1104,setup_complete,0,1,29.99,4331
7293,1104,setup_complete,0,1,0,4332
7309,1106,setup_complete,0,1,29.99,4341
7310,1106,setup_complete,215.12,2,29.99,4341
7311,1106,setup_complete,443.02,3,29.99,4341
7316,1106,setup_complete,0,1,599.99,4344
7317,1106,setup_complete,0,1,29.99,4345
7318,1106,setup_complete,0,1,0,4346
7322,1108,setup_complete,0,1,29.99,4348
7323,1108,setup_complete,211.16,2,29.99,4348
7324,1108,setup_complete,390.73,3,29.99,4348
7325,1108,setup_complete,0,1,239.99,4349
7326,1108,setup_complete,245.67,2,239.99,4349
7327,1108,setup_complete,0,1,29.99,4350
7339,1110,setup_complete,0,1,599.99,4358
7343,1112,setup_complete,0,1,29.99,4360
7344,1112,setup_complete,260.24,2,29.99,4360
7345,1112,setup_complete,489.06,3,29.99,4360
7348,1112,setup_complete,0,1,599.99,4362
7351,1112,setup_complete,0,1,29.99,4364
7352,1112,setup_complete,0,1,29.99,4365
7353,1112,setup_complete,217.45,2,29.99,4365
7354,1112,setup_complete,465.97,3,29.99,4365
7363,1113,setup_complete,0,1,239.99,4369
7364,1113,setup_complete,512.1,2,239.99,4369
7365,1113,setup_complete,0,1,599.99,4370
7369,1114,setup_complete,0,1,29.99,4372
7370,1115,setup_complete,0,1,29.99,4373
7371,1115,setup_complete,248.95,2,29.99,4373
7372,1115,setup_complete,506.24,3,29.99,4373
7373,1115,setup_complete,0,1,239.99,4374
7374,1115,setup_complete,390.15,2,239.99,4374
7380,1115,setup_complete,0,1,239.99,4378
7381,1115,setup_complete,390.15,2,239.99,4378
7382,1116,setup_complete,0,1,29.99,4379
7383,1116,setup_complete,301.01,2,29.99,4379
7384,1116,setup_complete,512.62,3,29.99,4379
7385,1116,setup_complete,0,1,239.99,4380
7386,1116,setup_complete,360.69,2,239.99,4380
7387,1116,setup_complete,0,1,29.99,4381
7388,1116,setup_complete,0,1,239.99,4382
7389,1116,setup_complete,354.52,2,239.99,4382
7391,1116,setup_complete,0,1,29.99,4384
7392,1116,setup_complete,171.36,2,29.99,4384
7393,1116,setup_complete,411.31,3,29.99,4384
7394,1116,setup_complete,0,1,0,4385
7395,1117,setup_complete,0,1,29.99,4386
7396,1117,setup_complete,176.7,2,29.99,4386
7397,1117,setup_complete,489.99,3,29.99,4386
7398,1118,setup_complete,0,1,239.99,4387
7399,1118,setup_complete,269.9,2,239.99,4387
7404,1118,setup_complete,0,1,0,4391
7405,1118,setup_complete,0,1,599.99,4392
7408,1120,setup_complete,0,1,239.99,4394
7409,1120,setup_complete,504.64,2,239.99,4394
7412,1120,setup_complete,0,1,599.99,4396
7413,1120,setup_complete,0,1,29.99,4397
7414,1120,setup_complete,0,1,0,4398
7416,1120,setup_complete,0,1,29.99,4400
7417,1120,setup_complete,201.54,2,29.99,4400
7418,1120,setup_complete,537.41,3,29.99,4400
7419,1121,setup_complete,0,1,29.99,4401
7420,1121,setup_complete,0,1,239.99,4402
7421,1121,setup_complete,566.4,2,239.99,4402
7422,1121,setup_complete,0,1,29.99,4403
7423,1121,setup_complete,316.03,2,29.99,4403
7424,1121,setup_complete,556.23,3,29.99,4403
7425,1121,setup_complete,0,1,239.99,4404
7426,1121,setup_complete,498.17,2,239.99,4404
7427,1121,setup_complete,0,1,29.99,4405
7428,1121,setup_complete,293.29,2,29.99,4405
7429,1121,setup_complete,502.99,3,29.99,4405
7433,1122,setup_complete,0,1,29.99,4407
7434,1122,setup_complete,221.47,2,29.99,4407
7435,1122,setup_complete,465.74,3,29.99,4407
7436,1122,setup_complete,0,1,29.99,4408
7437,1122,setup_complete,0,1,239.99,4409
7438,1122,setup_complete,494.27,2,239.99,4409
7447,1123,setup_complete,0,1,29.99,4414
7448,1123,setup_complete,0,1,239.99,4415
7449,1123,setup_complete,531.38,2,239.99,4415
7450,1123,setup_complete,0,1,239.99,4416
7451,1123,setup_complete,492.06,2,239.99,4416
7452,1123,setup_complete,0,1,599.99,4417
7453,1123,setup_complete,0,1,0,4418
7456,1124,setup_complete,0,1,29.99,4420
7457,1124,setup_complete,190.98,2,29.99,4420
7458,1124,setup_complete,461.77,3,29.99,4420
7459,1124,setup_complete,0,1,239.99,4421
7460,1124,setup_complete,519.25,2,239.99,4421
7466,1124,setup_complete,0,1,239.99,4425
7467,1124,setup_complete,429.46,2,239.99,4425
7468,1124,setup_complete,0,1,0,4426
7469,1124,setup_complete,0,1,29.99,4427
7470,1124,setup_complete,0,1,239.99,4428
7471,1124,setup_complete,429.46,2,239.99,4428
7472,1125,setup_complete,0,1,29.99,4429
7473,1125,setup_complete,279.59,2,29.99,4429
7474,1125,setup_complete,467.14,3,29.99,4429
7477,1125,setup_complete,0,1,599.99,4431
7478,1125,setup_complete,0,1,239.99,4432
7479,1125,setup_complete,415.62,2,239.99,4432
7480,1125,setup_complete,0,1,29.99,4433
7482,1125,setup_complete,0,1,29.99,4435
7483,1125,setup_complete,286.81,2,29.99,4435
7484,1125,setup_complete,572.49,3,29.99,4435
7486,1127,setup_complete,0,1,0,4437
7487,1128,setup_complete,0,1,29.99,4438
7488,1128,setup_complete,282.24,2,29.99,4438
7489,1128,setup_complete,476.03,3,29.99,4438
7490,1128,setup_complete,0,1,239.99,4439
7491,1128,setup_complete,432.12,2,239.99,4439
7492,1128,setup_complete,0,1,599.99,4440
7493,1128,setup_complete,0,1,239.99,4441
7494,1128,setup_complete,260.97,2,239.99,4441
7495,1128,setup_complete,0,1,29.99,4442
7496,1128,setup_complete,0,1,239.99,4443
7497,1128,setup_complete,260.97,2,239.99,4443
7498,1128,setup_complete,0,1,239.99,4444
7499,1128,setup_complete,260.97,2,239.99,4444
7500,1128,setup_complete,0,1,29.99,4445
7501,1128,setup_complete,0,1,599.99,4446
7502,1128,setup_complete,0,1,29.99,4447
7503,1128,setup_complete,161.43,2,29.99,4447
7504,1128,setup_complete,369.03,3,29.99,4447
7505,1128,setup_complete,0,1,0,4448
7506,1129,setup_complete,0,1,29.99,4449
7507,1129,setup_complete,253.71,2,29.99,4449
7508,1129,setup_complete,433.84,3,29.99,4449
7511,1129,setup_complete,0,1,239.99,4451
7512,1129,setup_complete,473.84,2,239.99,4451
7513,1129,setup_complete,0,1,599.99,4452
7514,1129,setup_complete,0,1,0,4453
7520,1130,setup_complete,0,1,239.99,4457
7521,1130,setup_complete,495.69,2,239.99,4457
7524,1130,setup_complete,0,1,599.99,4459
7525,1130,setup_complete,0,1,0,4460
7526,1130,setup_complete,0,1,29.99,4461
7527,1131,setup_complete,0,1,29.99,4462
7528,1131,setup_complete,164.5,2,29.99,4462
7529,1131,setup_complete,429.34,3,29.99,4462
7530,1131,setup_complete,0,1,239.99,4463
7531,1131,setup_complete,240.04,2,239.99,4463
7532,1131,setup_complete,0,1,599.98,4464
7533,1131,setup_complete,0,1,29.99,4465
7534,1131,setup_complete,249.5,2,29.99,4465
7535,1131,setup_complete,515.84,3,29.99,4465
7536,1131,setup_complete,0,1,239.99,4466
7537,1131,setup_complete,492.51,2,239.99,4466
7538,1131,setup_complete,0,1,599.99,4467
7539,1131,setup_complete,0,1,29.99,4468
7540,1131,setup_complete,265.79,2,29.99,4468
7541,1132,setup_complete,0,1,239.99,4469
7542,1132,setup_complete,260.75,2,239.99,4469
7543,1132,setup_complete,0,1,29.99,4470
7544,1132,setup_complete,157.21,2,29.99,4470
7545,1132,setup_complete,470.78,3,29.99,4470
7546,1132,setup_complete,0,1,239.99,4471
7547,1132,setup_complete,395.17,2,239.99,4471
7548,1132,setup_complete,0,1,29.99,4472
7549,1132,setup_complete,0,1,239.99,4473
7550,1132,setup_complete,410.55,2,239.99,4473
7551,1133,setup_complete,0,1,239.99,4474
7552,1133,setup_complete,527.73,2,239.99,4474
7553,1133,setup_complete,0,1,599.99,4475
7554,1134,setup_complete,0,1,29.99,4476
7555,1134,setup_complete,195.19,2,29.99,4476
7556,1134,setup_complete,431.03,3,29.99,4476
7557,1135,setup_complete,0,1,29.99,4477
7558,1135,setup_complete,195.19,2,29.99,4477
7559,1135,setup_complete,431.03,3,29.99,4477
7560,1136,setup_complete,0,1,29.99,4478
7561,1136,setup_complete,195.19,2,29.99,4478
7562,1136,setup_complete,431.03,3,29.99,4478
7563,1137,setup_complete,0,1,29.99,4479
7564,1137,setup_complete,195.19,2,29.99,4479
7565,1137,setup_complete,431.03,3,29.99,4479
7566,1137,setup_complete,0,1,239.99,4480
7567,1137,setup_complete,506.34,2,239.99,4480
7568,1137,setup_complete,0,1,599.99,4481
7569,1138,setup_complete,0,1,239.99,4482
7570,1138,setup_complete,414.22,2,239.99,4482
7571,1139,setup_complete,0,1,239.99,4483
7572,1139,setup_complete,414.22,2,239.99,4483
7573,1140,setup_complete,0,1,239.99,4484
7574,1140,setup_complete,414.22,2,239.99,4484
7577,1140,setup_complete,0,1,29.99,4486
7578,1140,setup_complete,173.61,2,29.99,4486
7579,1140,setup_complete,347.49,3,29.99,4486
7580,1140,setup_complete,0,1,29.99,4487
7582,1140,setup_complete,0,1,0,4489
7583,1148,setup_complete,0,1,29.99,4490
7584,1148,setup_complete,0,1,239.99,4491
7585,1148,setup_complete,507.84,2,239.99,4491
7586,1148,setup_complete,0,1,599.99,4492
7587,1148,setup_complete,0,1,0,4493
7588,1148,setup_complete,0,1,29.99,4494
7589,1148,setup_complete,267.27,2,29.99,4494
7590,1148,setup_complete,487.02,3,29.99,4494
7594,1174,setup_complete,0,1,29.99,4496
7595,1174,setup_complete,211.72,2,29.99,4496
7596,1174,setup_complete,481.95,3,29.99,4496
7597,533,setup_complete,0,1,29.99,4497
7598,533,setup_complete,176.27,2,29.99,4497
7599,533,setup_complete,491.86,3,29.99,4497
7600,1186,setup_complete,0,1,29.99,4498
7601,1186,setup_complete,217.02,2,29.99,4498
7602,1186,setup_complete,393.45,3,29.99,4498
7603,1186,setup_complete,0,1,599.99,4499
7604,1186,setup_complete,0,1,0,4500
7605,1186,setup_complete,0,1,29.99,4501
7606,1186,setup_complete,0,1,29.99,4502
7607,1186,setup_complete,217.02,2,29.99,4502
7608,1186,setup_complete,393.45,3,29.99,4502
7609,1186,setup_complete,0,1,29.99,4503
7610,1186,setup_complete,0,1,0,4504
7611,1186,setup_complete,0,1,599.99,4505
7612,1187,setup_complete,0,1,29.99,4506
7613,1187,setup_complete,254.32,2,29.99,4506
7614,1187,setup_complete,535.65,3,29.99,4506
7615,1187,setup_complete,0,1,239.99,4507
7616,1187,setup_complete,429.78,2,239.99,4507
7617,1187,setup_complete,0,1,29.99,4508
7618,1187,setup_complete,0,1,599.99,4509
7619,1187,setup_complete,0,1,239.99,4510
7620,1187,setup_complete,328.81,2,239.99,4510
7621,1187,setup_complete,0,1,29.99,4511
7622,1187,setup_complete,212.4,2,29.99,4511
7623,1187,setup_complete,518.18,3,29.99,4511
7624,1188,setup_complete,0,1,0,4512
7625,1188,setup_complete,0,1,29.99,4513
7626,1188,setup_complete,193.89,2,29.99,4513
7627,1188,setup_complete,485.76,3,29.99,4513
7628,1188,setup_complete,0,1,29.99,4514
7629,1188,setup_complete,249.91,2,29.99,4514
7630,1188,setup_complete,537.5,3,29.99,4514
7631,1189,setup_complete,0,1,239.99,4515
7632,1189,setup_complete,529.43,2,239.99,4515
7633,1189,setup_complete,0,1,599.99,4516
7634,1189,setup_complete,0,1,0,4517
7635,1189,setup_complete,0,1,239.99,4518
7636,1189,setup_complete,395.14,2,239.99,4518
7637,1189,setup_complete,0,1,29.99,4519
7638,1189,setup_complete,311.28,2,29.99,4519
7639,1189,setup_complete,646.33,3,29.99,4519
7640,1189,setup_complete,0,1,29.99,4520
7641,1190,setup_complete,0,1,29.99,4521
7642,1190,setup_complete,245.18,2,29.99,4521
7643,1190,setup_complete,463.32,3,29.99,4521
7644,1191,setup_complete,0,1,29.99,4522
7645,1191,setup_complete,245.18,2,29.99,4522
7646,1191,setup_complete,463.32,3,29.99,4522
7647,1192,setup_complete,0,1,29.99,4523
7648,1192,setup_complete,245.18,2,29.99,4523
7649,1192,setup_complete,463.32,3,29.99,4523
7650,1193,setup_complete,0,1,29.99,4524
7651,1193,setup_complete,245.18,2,29.99,4524
7652,1193,setup_complete,463.32,3,29.99,4524
7657,1193,setup_complete,0,1,599.99,4527
7662,1194,setup_complete,0,1,239.99,4530
7663,1194,setup_complete,396.93,2,239.99,4530
7664,1194,setup_complete,0,1,239.99,4531
7665,1194,setup_complete,390.15,2,239.99,4531
7666,1194,setup_complete,0,1,29.99,4532
7667,1194,setup_complete,0,1,599.99,4533
7668,1195,setup_complete,0,1,29.99,4534
7669,1195,setup_complete,176.27,2,29.99,4534
7670,1195,setup_complete,491.86,3,29.99,4534
7672,1195,setup_complete,0,1,599.99,4536
7673,1195,setup_complete,0,1,239.99,4537
7674,1195,setup_complete,443.66,2,239.99,4537
7677,1195,setup_complete,0,1,239.99,4539
7678,1195,setup_complete,417.53,2,239.99,4539
7679,1195,setup_complete,0,1,239.99,4540
7680,1195,setup_complete,409.98,2,239.99,4540
7681,1196,setup_complete,0,1,239.99,4541
7682,1196,setup_complete,265.98,2,239.99,4541
7684,1196,setup_complete,0,1,29.99,4543
7685,1196,setup_complete,0,1,239.99,4544
7686,1196,setup_complete,254.65,2,239.99,4544
7691,1196,setup_complete,0,1,599.99,4547
7712,1207,setup_complete,0,1,29.99,4557
7713,1207,setup_complete,376.3,2,29.99,4557
7714,1207,setup_complete,570.6,3,29.99,4557
7718,1209,setup_complete,0,1,29.99,4559
7719,1209,setup_complete,376.3,2,29.99,4559
7720,1209,setup_complete,570.6,3,29.99,4559
7721,1210,setup_complete,0,1,599.99,4560
7722,1210,setup_complete,0,1,29.99,4561
7723,1210,setup_complete,376.3,2,29.99,4561
7724,1210,setup_complete,570.6,3,29.99,4561
7725,1210,setup_complete,0,1,239.99,4562
7726,1210,setup_complete,491.13,2,239.99,4562
7729,1210,setup_complete,0,1,29.99,4564
7730,1210,setup_complete,0,1,0,4565
7731,1210,setup_complete,0,1,29.99,4566
7732,1210,setup_complete,376.3,2,29.99,4566
7733,1210,setup_complete,570.6,3,29.99,4566
7734,1211,setup_complete,0,1,239.99,4567
7735,1211,setup_complete,501.76,2,239.99,4567
7736,1211,setup_complete,0,1,29.99,4568
7737,1211,setup_complete,289.18,2,29.99,4568
7738,1211,setup_complete,492.28,3,29.99,4568
7740,1211,setup_complete,0,1,29.99,4570
7741,1211,setup_complete,243.18,2,29.99,4570
7742,1211,setup_complete,472.75,3,29.99,4570
7745,1211,setup_complete,0,1,599.99,4572
7746,1211,setup_complete,0,1,29.99,4573
7747,1211,setup_complete,322.26,2,29.99,4573
7748,1211,setup_complete,570.94,3,29.99,4573
7749,1211,setup_complete,0,1,239.99,4574
7750,1211,setup_complete,492.96,2,239.99,4574
7751,1212,setup_complete,0,1,29.99,4575
7752,1212,setup_complete,160.18,2,29.99,4575
7753,1212,setup_complete,432.35,3,29.99,4575
7754,1213,setup_complete,0,1,29.99,4576
7755,1213,setup_complete,168.11,2,29.99,4576
7756,1213,setup_complete,395.08,3,29.99,4576
7757,1214,setup_complete,0,1,29.99,4577
7758,1214,setup_complete,168.11,2,29.99,4577
7759,1214,setup_complete,395.08,3,29.99,4577
7760,1215,setup_complete,0,1,239.99,4578
7761,1215,setup_complete,395.15,2,239.99,4578
7762,1215,setup_complete,0,1,599.99,4579
7763,1215,setup_complete,0,1,29.99,4580
7764,1215,setup_complete,168.11,2,29.99,4580
7765,1215,setup_complete,395.08,3,29.99,4580
7766,1215,setup_complete,0,1,239.99,4581
7767,1215,setup_complete,480.2,2,239.99,4581
7768,1215,setup_complete,0,1,29.99,4582
7769,1215,setup_complete,307.37,2,29.99,4582
7770,1215,setup_complete,635.81,3,29.99,4582
7772,1216,setup_complete,0,1,29.99,4584
7773,1216,setup_complete,300.67,2,29.99,4584
7774,1216,setup_complete,554.22,3,29.99,4584
7775,1216,setup_complete,0,1,239.99,4585
7776,1216,setup_complete,506.35,2,239.99,4585
7777,1216,setup_complete,0,1,239.99,4586
7778,1216,setup_complete,477.05,2,239.99,4586
7779,1216,setup_complete,0,1,29.99,4587
7781,1216,setup_complete,0,1,0,4589
7782,1217,setup_complete,0,1,239.99,4590
7783,1217,setup_complete,487.32,2,239.99,4590
7784,1218,setup_complete,0,1,239.99,4591
7785,1218,setup_complete,414.94,2,239.99,4591
7786,1218,setup_complete,0,1,599.99,4592
7787,1218,setup_complete,0,1,29.99,4593
7788,1218,setup_complete,0,1,239.99,4594
7789,1218,setup_complete,437.67,2,239.99,4594
7790,1218,setup_complete,0,1,29.99,4595
7791,1218,setup_complete,274.7,2,29.99,4595
7792,1218,setup_complete,487.75,3,29.99,4595
7795,1218,setup_complete,0,1,239.99,4597
7796,1218,setup_complete,487.32,2,239.99,4597
7797,1219,setup_complete,0,1,29.99,4598
7798,1219,setup_complete,278.29,2,29.99,4598
7799,1219,setup_complete,494.41,3,29.99,4598
7800,1219,setup_complete,0,1,239.99,4599
7801,1219,setup_complete,413.12,2,239.99,4599
7802,1219,setup_complete,0,1,239.99,4600
7803,1219,setup_complete,476.79,2,239.99,4600
7804,1220,setup_complete,0,1,599.99,4601
7805,1220,setup_complete,0,1,239.99,4602
7806,1220,setup_complete,400.38,2,239.99,4602
7807,1220,setup_complete,0,1,239.99,4603
7808,1220,setup_complete,262.92,2,239.99,4603
7809,1220,setup_complete,0,1,29.99,4604
7810,1220,setup_complete,0,1,29.99,4605
7811,1220,setup_complete,213.45,2,29.99,4605
7812,1220,setup_complete,459.36,3,29.99,4605
7813,1219,setup_complete,0,1,29.99,4606
7815,1219,setup_complete,0,1,0,4608
7816,1221,setup_complete,0,1,29.99,4609
7817,1221,setup_complete,376.3,2,29.99,4609
7818,1221,setup_complete,570.6,3,29.99,4609
7819,1222,setup_complete,0,1,29.99,4610
7820,1222,setup_complete,376.3,2,29.99,4610
7821,1222,setup_complete,570.6,3,29.99,4610
7822,1223,setup_complete,0,1,29.99,4611
7823,1223,setup_complete,376.3,2,29.99,4611
7824,1223,setup_complete,570.6,3,29.99,4611
7828,1225,setup_complete,0,1,29.99,4613
7829,1225,setup_complete,376.3,2,29.99,4613
7830,1225,setup_complete,570.6,3,29.99,4613
7831,1226,setup_complete,0,1,29.99,4614
7832,1226,setup_complete,376.3,2,29.99,4614
7833,1226,setup_complete,570.6,3,29.99,4614
7847,1227,setup_complete,0,1,239.99,4622
7848,1227,setup_complete,519.35,2,239.99,4622
7849,1227,setup_complete,0,1,599.99,4623
7850,1227,setup_complete,0,1,29.99,4624
7851,1227,setup_complete,0,1,0,4625
7852,1227,setup_complete,0,1,29.99,4626
7853,1227,setup_complete,200.28,2,29.99,4626
7854,1227,setup_complete,478.89,3,29.99,4626
7862,1229,setup_complete,0,1,29.99,4630
7863,1229,setup_complete,214.27,2,29.99,4630
7864,1229,setup_complete,510.8,3,29.99,4630
7865,1230,setup_complete,0,1,29.99,4631
7866,1230,setup_complete,214.27,2,29.99,4631
7867,1230,setup_complete,510.8,3,29.99,4631
7868,1231,setup_complete,0,1,29.99,4632
7869,1231,setup_complete,214.27,2,29.99,4632
7870,1231,setup_complete,510.8,3,29.99,4632
7871,1231,setup_complete,0,1,29.99,4633
7872,1231,setup_complete,0,1,599.99,4634
7873,1231,setup_complete,0,1,239.99,4635
7874,1231,setup_complete,440.11,2,239.99,4635
7875,1231,setup_complete,0,1,239.99,4636
7876,1231,setup_complete,434.9,2,239.99,4636
7877,1233,setup_complete,0,1,599.99,4637
7878,1233,setup_complete,0,1,239.99,4638
7879,1233,setup_complete,524.84,2,239.99,4638
7880,1233,setup_complete,0,1,29.99,4639
7881,1234,setup_complete,0,1,29.99,4640
7882,1234,setup_complete,246.12,2,29.99,4640
7883,1234,setup_complete,530.21,3,29.99,4640
7884,1234,setup_complete,0,1,239.99,4641
7885,1234,setup_complete,485.66,2,239.99,4641
7886,1234,setup_complete,0,1,239.99,4642
7887,1234,setup_complete,477.24,2,239.99,4642
7888,1234,setup_complete,0,1,0,4643
7889,1234,setup_complete,0,1,29.99,4644
7890,1234,setup_complete,0,1,239.99,4645
7891,1234,setup_complete,474,2,239.99,4645
7892,1234,setup_complete,0,1,599.99,4646
7893,1235,setup_complete,0,1,0,4647
7894,1235,setup_complete,0,1,599.99,4648
7895,1235,setup_complete,0,1,239.99,4649
7896,1235,setup_complete,249.1,2,239.99,4649
7900,1235,setup_complete,0,1,29.99,4651
7901,1235,setup_complete,166.12,2,29.99,4651
7902,1235,setup_complete,485.13,3,29.99,4651
7903,1235,setup_complete,0,1,239.99,4652
7904,1235,setup_complete,452.36,2,239.99,4652
7905,1235,setup_complete,0,1,29.99,4653
7906,1235,setup_complete,177.93,2,29.99,4653
7907,1235,setup_complete,351.45,3,29.99,4653
7908,1235,setup_complete,0,1,29.99,4654
7909,1236,setup_complete,0,1,29.99,4655
7910,1236,setup_complete,200.28,2,29.99,4655
7911,1236,setup_complete,478.89,3,29.99,4655
7912,1236,setup_complete,0,1,239.99,4656
7913,1236,setup_complete,377.53,2,239.99,4656
7916,1236,setup_complete,0,1,599.99,4658
7917,1236,setup_complete,0,1,239.99,4659
7918,1236,setup_complete,514.1,2,239.99,4659
7919,1236,setup_complete,0,1,239.99,4660
7920,1236,setup_complete,240.04,2,239.99,4660
7921,1236,setup_complete,0,1,29.99,4661
7922,1237,setup_complete,0,1,29.99,4662
7923,1237,setup_complete,198.55,2,29.99,4662
7924,1237,setup_complete,418.43,3,29.99,4662
7925,1237,setup_complete,0,1,239.99,4663
7926,1237,setup_complete,250.68,2,239.99,4663
7927,1237,setup_complete,0,1,29.99,4664
7928,1237,setup_complete,0,1,239.99,4665
7929,1237,setup_complete,507.11,2,239.99,4665
7930,1238,setup_complete,0,1,29.99,4666
7931,1238,setup_complete,222.46,2,29.99,4666
7932,1238,setup_complete,433.42,3,29.99,4666
7933,1238,setup_complete,0,1,239.99,4667
7934,1238,setup_complete,480.13,2,239.99,4667
7935,1238,setup_complete,0,1,239.99,4668
7936,1238,setup_complete,410.3,2,239.99,4668
7937,1238,setup_complete,0,1,599.99,4669
7938,1238,setup_complete,0,1,29.99,4670
7939,1238,setup_complete,0,1,0,4671
7940,1237,setup_complete,0,1,0,4672
7941,1239,setup_complete,0,1,29.99,4673
7942,1239,setup_complete,273.55,2,29.99,4673
7943,1239,setup_complete,452.63,3,29.99,4673
7944,1239,setup_complete,0,1,239.99,4674
7945,1239,setup_complete,380.62,2,239.99,4674
7946,1239,setup_complete,0,1,599.99,4675
7950,1237,setup_complete,0,1,599.99,4678
7955,1240,setup_complete,0,1,599.99,4681
7956,1240,setup_complete,0,1,239.99,4682
7957,1240,setup_complete,520.1,2,239.99,4682
7958,1240,setup_complete,0,1,29.99,4683
7959,1240,setup_complete,0,1,0,4684
7960,1240,setup_complete,0,1,29.99,4685
7961,1240,setup_complete,287.05,2,29.99,4685
7962,1240,setup_complete,632.72,3,29.99,4685
7963,1241,setup_complete,0,1,29.99,4686
7964,1241,setup_complete,157.57,2,29.99,4686
7965,1241,setup_complete,411.96,3,29.99,4686
7966,1241,setup_complete,0,1,239.99,4687
7967,1241,setup_complete,262.8,2,239.99,4687
7968,1241,setup_complete,0,1,239.99,4688
7969,1241,setup_complete,240.04,2,239.99,4688
7970,1241,setup_complete,0,1,599.99,4689
7971,1241,setup_complete,0,1,29.99,4690
7972,1241,setup_complete,0,1,239.99,4691
7973,1241,setup_complete,499.25,2,239.99,4691
7974,1243,setup_complete,0,1,0,4692
7975,1243,setup_complete,0,1,239.99,4693
7976,1243,setup_complete,240.04,2,239.99,4693
7977,1243,setup_complete,0,1,239.99,4694
7978,1243,setup_complete,432.85,2,239.99,4694
7979,1243,setup_complete,0,1,239.99,4695
7980,1243,setup_complete,458.28,2,239.99,4695
7981,1243,setup_complete,0,1,599.99,4696
7984,1244,setup_complete,0,1,29.99,4698
7985,1244,setup_complete,156.58,2,29.99,4698
7986,1244,setup_complete,0,1,599.98,4699
7987,1244,setup_complete,0,1,239.99,4700
7988,1244,setup_complete,420.76,2,239.99,4700
7989,1244,setup_complete,0,1,29.99,4701
7990,1244,setup_complete,301.26,2,29.99,4701
7991,1244,setup_complete,0,1,239.99,4702
7992,1244,setup_complete,490.95,2,239.99,4702
7993,1245,setup_complete,0,1,29.99,4703
7994,1245,setup_complete,282.25,2,29.99,4703
7995,1245,setup_complete,596.44,3,29.99,4703
7996,1245,setup_complete,0,1,239.99,4704
7997,1245,setup_complete,513.38,2,239.99,4704
7998,1245,setup_complete,0,1,29.99,4705
7999,1245,setup_complete,0,1,239.99,4706
8000,1245,setup_complete,497.87,2,239.99,4706
8001,1245,setup_complete,0,1,599.99,4707
8005,1246,setup_complete,0,1,29.99,4709
8006,1246,setup_complete,317.27,2,29.99,4709
8007,1246,setup_complete,625.84,3,29.99,4709
8008,1246,setup_complete,0,1,239.99,4710
8009,1246,setup_complete,532.4,2,239.99,4710
8010,1246,setup_complete,0,1,29.99,4711
8014,1247,setup_complete,0,1,239.99,4713
8015,1247,setup_complete,259.45,2,239.99,4713
8016,1247,setup_complete,0,1,29.99,4714
8017,1247,setup_complete,0,1,239.99,4715
8018,1247,setup_complete,434.98,2,239.99,4715
8019,1247,setup_complete,0,1,599.99,4716
8020,1247,setup_complete,0,1,239.99,4717
8021,1247,setup_complete,398.86,2,239.99,4717
8022,1246,setup_complete,0,1,599.99,4718
8023,1246,setup_complete,0,1,239.99,4719
8024,1246,setup_complete,502.83,2,239.99,4719
8025,1248,setup_complete,0,1,29.99,4720
8026,1248,setup_complete,202.86,2,29.99,4720
8027,1248,setup_complete,454.27,3,29.99,4720
8028,1248,setup_complete,0,1,239.99,4721
8029,1248,setup_complete,395.13,2,239.99,4721
8030,1248,setup_complete,0,1,239.99,4722
8031,1248,setup_complete,440.36,2,239.99,4722
8032,1248,setup_complete,0,1,239.99,4723
8033,1248,setup_complete,254.92,2,239.99,4723
8034,1248,setup_complete,0,1,29.99,4724
8035,1248,setup_complete,185.81,2,29.99,4724
8036,1248,setup_complete,349.76,3,29.99,4724
8037,1249,setup_complete,0,1,29.99,4725
8038,1249,setup_complete,283.99,2,29.99,4725
8039,1249,setup_complete,550.71,3,29.99,4725
8040,1249,setup_complete,0,1,239.99,4726
8041,1249,setup_complete,424.12,2,239.99,4726
8042,1249,setup_complete,0,1,599.99,4727
8043,1249,setup_complete,0,1,29.99,4728
8044,1249,setup_complete,0,1,239.99,4729
8045,1249,setup_complete,477.75,2,239.99,4729
8046,1250,setup_complete,0,1,29.99,4730
8047,1250,setup_complete,326.6,2,29.99,4730
8048,1250,setup_complete,615.8,3,29.99,4730
8049,1250,setup_complete,0,1,599.99,4731
8050,1250,setup_complete,0,1,239.99,4732
8051,1250,setup_complete,470.6,2,239.99,4732
8052,1250,setup_complete,0,1,239.99,4733
8053,1250,setup_complete,226.62,2,239.99,4733
8054,1250,setup_complete,0,1,29.99,4734
8055,1250,setup_complete,270.68,2,29.99,4734
8056,1250,setup_complete,554.39,3,29.99,4734
8061,1253,setup_complete,0,1,29.99,4739
8062,1254,setup_complete,0,1,29.99,4740
8063,1254,setup_complete,166.87,2,29.99,4740
8064,1254,setup_complete,346.58,3,29.99,4740
8065,1254,setup_complete,0,1,29.99,4741
8066,1254,setup_complete,0,1,239.99,4742
8067,1254,setup_complete,395.15,2,239.99,4742
8068,1254,setup_complete,0,1,599.99,4743
8069,1254,setup_complete,0,1,29.99,4744
8070,1254,setup_complete,246.27,2,29.99,4744
8071,1254,setup_complete,505.98,3,29.99,4744
8072,1255,setup_complete,0,1,29.99,4745
8073,1255,setup_complete,318.58,2,29.99,4745
8074,1255,setup_complete,532.48,3,29.99,4745
8075,1256,setup_complete,0,1,29.99,4746
8076,1256,setup_complete,329.65,2,29.99,4746
8077,1256,setup_complete,494.26,3,29.99,4746
8078,1256,setup_complete,0,1,239.99,4747
8079,1256,setup_complete,417.24,2,239.99,4747
8080,1256,setup_complete,0,1,599.99,4748
8081,1256,setup_complete,0,1,29.99,4749
8082,1255,setup_complete,0,1,239.99,4750
8083,1255,setup_complete,324.31,2,239.99,4750
8084,1255,setup_complete,0,1,29.99,4751
8085,1255,setup_complete,0,1,599.99,4752
8086,1256,setup_complete,0,1,239.99,4753
8087,1256,setup_complete,412.64,2,239.99,4753
8088,1257,setup_complete,0,1,29.99,4754
8089,1257,setup_complete,156.23,2,29.99,4754
8090,1257,setup_complete,411.2,3,29.99,4754
8091,1257,setup_complete,0,1,239.99,4755
8092,1257,setup_complete,262.14,2,239.99,4755
8093,1257,setup_complete,0,1,239.99,4756
8094,1257,setup_complete,366.88,2,239.99,4756
8095,1257,setup_complete,0,1,599.99,4757
8096,1257,setup_complete,0,1,239.99,4758
8097,1257,setup_complete,390.18,2,239.99,4758
8098,1261,setup_complete,0,1,29.99,4759
8099,1261,setup_complete,154.76,2,29.99,4759
8100,1261,setup_complete,421.95,3,29.99,4759
8106,1261,setup_complete,0,1,239.99,4762
8107,1261,setup_complete,263.12,2,239.99,4762
8111,1262,setup_complete,0,1,29.99,4764
8112,1262,setup_complete,292.98,2,29.99,4764
8113,1262,setup_complete,463.29,3,29.99,4764
8114,1262,setup_complete,0,1,239.99,4765
8115,1262,setup_complete,390.11,2,239.99,4765
8116,1262,setup_complete,0,1,239.99,4766
8117,1262,setup_complete,516.6,2,239.99,4766
8118,1262,setup_complete,0,1,239.99,4767
8119,1262,setup_complete,240.04,2,239.99,4767
8120,1262,setup_complete,0,1,599.99,4768
8121,1262,setup_complete,0,1,29.99,4769
8122,1262,setup_complete,336.41,2,29.99,4769
8123,1262,setup_complete,622.15,3,29.99,4769
8124,1263,setup_complete,0,1,29.99,4770
8125,1263,setup_complete,159.89,2,29.99,4770
8126,1263,setup_complete,345.37,3,29.99,4770
8127,1263,setup_complete,0,1,239.99,4771
8128,1263,setup_complete,429.44,2,239.99,4771
8129,1263,setup_complete,0,1,599.99,4772
8130,1263,setup_complete,0,1,29.99,4773
8131,1264,setup_complete,0,1,29.99,4774
8132,1264,setup_complete,254.35,2,29.99,4774
8133,1264,setup_complete,454.17,3,29.99,4774
8134,1264,setup_complete,0,1,599.99,4775
8136,1264,setup_complete,0,1,239.99,4777
8137,1264,setup_complete,270.57,2,239.99,4777
8138,1264,setup_complete,0,1,239.99,4778
8139,1264,setup_complete,390.17,2,239.99,4778
8140,1265,setup_complete,0,1,29.99,4779
8141,1266,setup_complete,0,1,29.99,4780
8142,1267,setup_complete,0,1,29.99,4781
8143,1268,setup_complete,0,1,29.99,4782
8144,1269,setup_complete,0,1,29.99,4783
8145,1269,setup_complete,0,1,29.99,4784
8146,1269,setup_complete,180.62,2,29.99,4784
8147,1269,setup_complete,471.5,3,29.99,4784
8148,1269,setup_complete,0,1,239.99,4785
8149,1269,setup_complete,419.88,2,239.99,4785
8151,1270,setup_complete,0,1,29.99,4787
8152,1270,setup_complete,309.01,2,29.99,4787
8153,1270,setup_complete,546.86,3,29.99,4787
8154,1270,setup_complete,0,1,239.99,4788
8155,1270,setup_complete,245.05,2,239.99,4788
8156,1270,setup_complete,0,1,599.99,4789
8157,1270,setup_complete,0,1,29.99,4790
8158,1270,setup_complete,0,1,239.99,4791
8159,1270,setup_complete,412.79,2,239.99,4791
8160,1270,setup_complete,0,1,29.99,4792
8161,1270,setup_complete,302.63,2,29.99,4792
8162,1270,setup_complete,590.3,3,29.99,4792
8163,1271,setup_complete,0,1,29.99,4793
8164,1271,setup_complete,185.1,2,29.99,4793
8165,1271,setup_complete,451.38,3,29.99,4793
8166,1272,setup_complete,0,1,29.99,4794
8167,1272,setup_complete,281.18,2,29.99,4794
8168,1272,setup_complete,485.16,3,29.99,4794
8169,1272,setup_complete,0,1,239.99,4795
8170,1272,setup_complete,425.82,2,239.99,4795
8181,1273,setup_complete,0,1,239.99,4802
8182,1273,setup_complete,245.05,2,239.99,4802
8183,1273,setup_complete,0,1,239.99,4803
8184,1273,setup_complete,245.05,2,239.99,4803
8185,1274,setup_complete,0,1,29.99,4804
8186,1274,setup_complete,0,1,29.99,4805
8189,1278,setup_complete,0,1,29.99,4807
8190,1278,setup_complete,168.07,2,29.99,4807
8191,1278,setup_complete,445.35,3,29.99,4807
8192,1278,setup_complete,0,1,29.99,4808
8193,1278,setup_complete,0,1,599.99,4809
8194,1278,setup_complete,0,1,29.99,4810
8195,1278,setup_complete,237.65,2,29.99,4810
8196,1278,setup_complete,494.66,3,29.99,4810
8197,1278,setup_complete,0,1,239.99,4811
8198,1278,setup_complete,484.85,2,239.99,4811
8199,1278,setup_complete,0,1,239.99,4812
8200,1278,setup_complete,401.57,2,239.99,4812
8201,1278,setup_complete,0,1,29.99,4813
8202,1278,setup_complete,209.95,2,29.99,4813
8203,1278,setup_complete,443.32,3,29.99,4813
8204,1279,setup_complete,0,1,29.99,4814
8205,1279,setup_complete,158.97,2,29.99,4814
8206,1279,setup_complete,365.58,3,29.99,4814
8207,1279,setup_complete,0,1,239.99,4815
8208,1279,setup_complete,250.6,2,239.99,4815
8209,1279,setup_complete,0,1,239.99,4816
8210,1279,setup_complete,407.18,2,239.99,4816
8211,1279,setup_complete,0,1,29.99,4817
8212,1280,setup_complete,0,1,29.99,4818
8213,1280,setup_complete,276.71,2,29.99,4818
8214,1280,setup_complete,436.36,3,29.99,4818
8215,1280,setup_complete,0,1,239.99,4819
8216,1280,setup_complete,379.02,2,239.99,4819
8218,1280,setup_complete,0,1,239.99,4821
8219,1280,setup_complete,398.79,2,239.99,4821
8220,1280,setup_complete,0,1,599.99,4822
8221,1280,setup_complete,0,1,29.99,4823
8222,1280,setup_complete,174.57,2,29.99,4823
8223,1280,setup_complete,467.11,3,29.99,4823
8227,1281,setup_complete,0,1,239.99,4825
8228,1281,setup_complete,262.6,2,239.99,4825
8229,1281,setup_complete,0,1,29.99,4826
8230,1281,setup_complete,0,1,239.99,4827
8231,1281,setup_complete,390.14,2,239.99,4827
8232,1281,setup_complete,0,1,599.99,4828
8233,1282,setup_complete,0,1,29.99,4829
8234,1282,setup_complete,0,2,29.99,4829
8235,1282,setup_complete,0,3,29.99,4829
8236,1283,setup_complete,0,1,29.99,4830
8237,1283,setup_complete,280.97,2,29.99,4830
8238,1283,setup_complete,586.21,3,29.99,4830
8239,1283,setup_complete,0,1,239.99,4831
8240,1283,setup_complete,372.77,2,239.99,4831
8241,1283,setup_complete,0,1,29.99,4832
8242,1283,setup_complete,0,1,239.99,4833
8243,1283,setup_complete,494.12,2,239.99,4833
8244,1283,setup_complete,0,1,599.99,4834
8246,1284,setup_complete,0,1,29.99,4836
8247,1284,setup_complete,157.61,2,29.99,4836
8248,1284,setup_complete,0,1,239.99,4837
8249,1284,setup_complete,245.05,2,239.99,4837
8250,1285,setup_complete,0,1,29.99,4838
8251,1285,setup_complete,174.25,2,29.99,4838
8252,1285,setup_complete,0,1,239.99,4838
8253,1285,setup_complete,411.61,2,239.99,4838
8258,1286,setup_complete,0,1,29.99,4841
8259,1286,setup_complete,155.33,2,29.99,4841
8266,1287,setup_complete,0,1,239.99,4844
8267,1287,setup_complete,240.04,2,239.99,4844
8268,1288,setup_complete,0,1,29.99,4845
8269,1288,setup_complete,179.49,2,29.99,4845
8270,1288,setup_complete,0,1,239.99,4846
8271,1288,setup_complete,363.38,2,239.99,4846
8272,1289,setup_complete,0,1,239.99,4847
8273,1289,setup_complete,411.42,2,239.99,4847
8274,1289,setup_complete,0,1,29.99,4848
8275,1289,setup_complete,0,1,239.99,4849
8276,1289,setup_complete,249,2,239.99,4849
8277,1290,setup_complete,0,1,239.99,4850
8278,1290,setup_complete,0,1,239.99,4851
8279,1290,setup_complete,0,1,239.99,4852
8280,1290,setup_complete,397.19,2,239.99,4852
8281,1290,setup_complete,0,1,599.99,4853
8282,1290,setup_complete,0,1,599.99,4854
8283,1290,setup_complete,0,1,29.99,4855
8284,1290,setup_complete,345.08,2,29.99,4855
8285,1290,setup_complete,609.76,3,29.99,4855
8286,1290,setup_complete,0,1,29.99,4856
8287,1291,setup_complete,0,1,239.99,4857
8288,1291,setup_complete,294.48,2,239.99,4857
8289,1291,setup_complete,0,1,29.99,4858
8290,1291,setup_complete,0,1,599.98,4859
8291,1291,setup_complete,0,1,239.99,4860
8292,1291,setup_complete,467.78,2,239.99,4860
8293,1291,setup_complete,0,1,29.99,4861
8294,1291,setup_complete,158.45,2,29.99,4861
8295,1292,setup_complete,0,1,29.99,4862
8296,1292,setup_complete,177.13,2,29.99,4862
8297,1292,setup_complete,461.6,3,29.99,4862
8298,1292,setup_complete,0,1,239.99,4863
8299,1292,setup_complete,501.22,2,239.99,4863
8300,1292,setup_complete,0,1,29.99,4864
8301,1292,setup_complete,0,1,29.99,4865
8302,1292,setup_complete,288.39,2,29.99,4865
8303,1292,setup_complete,0,1,599.99,4866
8304,1292,setup_complete,0,1,239.99,4867
8305,1292,setup_complete,501.22,2,239.99,4867
8306,1293,setup_complete,0,1,29.99,4868
8307,1293,setup_complete,213.24,2,29.99,4868
8308,1293,setup_complete,0,1,599.99,4869
8309,1293,setup_complete,0,1,239.99,4870
8310,1293,setup_complete,240.04,2,239.99,4870
8311,1293,setup_complete,0,1,29.99,4871
8312,1293,setup_complete,0,1,29.99,4872
8313,1293,setup_complete,0,1,239.99,4873
8314,1293,setup_complete,240.04,2,239.99,4873
8315,1293,setup_complete,0,1,599.99,4874
8316,1293,setup_complete,0,1,239.99,4875
8317,1293,setup_complete,250.97,2,239.99,4875
8324,1294,setup_complete,0,1,239.99,4879
8325,1294,setup_complete,432.26,2,239.99,4879
8326,1295,setup_complete,0,1,239.99,4880
8327,1295,setup_complete,334.14,2,239.99,4880
8328,1295,setup_complete,0,1,599.99,4881
8329,1295,setup_complete,0,1,239.99,4882
8330,1295,setup_complete,503.32,2,239.99,4882
8331,1295,setup_complete,0,1,29.99,4883
8332,1295,setup_complete,304.2,2,29.99,4883
8333,1295,setup_complete,620.66,3,29.99,4883
8334,1295,setup_complete,0,1,29.99,4884
8335,1295,setup_complete,239.56,2,29.99,4884
8336,1295,setup_complete,437.29,3,29.99,4884
8337,1295,setup_complete,0,1,29.99,4885
8338,1296,setup_complete,0,1,29.99,4886
8339,1296,setup_complete,276.39,2,29.99,4886
8340,1296,setup_complete,576.07,3,29.99,4886
8341,1296,setup_complete,0,1,239.99,4887
8342,1296,setup_complete,253.84,2,239.99,4887
8343,1296,setup_complete,0,1,239.99,4888
8344,1296,setup_complete,240.04,2,239.99,4888
8345,1296,setup_complete,0,1,29.99,4889
8350,1297,setup_complete,0,1,29.99,4892
8351,1297,setup_complete,277.1,2,29.99,4892
8352,1297,setup_complete,586.68,3,29.99,4892
8354,1297,setup_complete,0,1,29.99,4894
8357,1297,setup_complete,0,1,29.99,4896
8358,1297,setup_complete,298.82,2,29.99,4896
8359,1297,setup_complete,559.63,3,29.99,4896
8360,1297,setup_complete,0,1,599.99,4897
8361,1298,setup_complete,0,1,599.99,4898
8376,1299,setup_complete,0,1,29.99,4907
8377,1300,setup_complete,0,1,29.99,4908
8378,1300,setup_complete,202.6,2,29.99,4908
8379,1300,setup_complete,380.89,3,29.99,4908
8380,1301,setup_complete,0,1,239.99,4909
8381,1301,setup_complete,391.72,2,239.99,4909
8382,1302,setup_complete,0,1,239.99,4910
8383,1302,setup_complete,490.44,2,239.99,4910
8384,1302,setup_complete,0,1,29.99,4911
8385,1302,setup_complete,0,1,599.99,4912
8386,1302,setup_complete,0,1,29.99,4913
8387,1302,setup_complete,231.01,2,29.99,4913
8388,1302,setup_complete,477.78,3,29.99,4913
8389,1303,setup_complete,0,1,29.99,4914
8390,1303,setup_complete,344.68,2,29.99,4914
8391,1303,setup_complete,550.32,3,29.99,4914
8392,1303,setup_complete,0,1,239.99,4915
8393,1303,setup_complete,390.19,2,239.99,4915
8394,1303,setup_complete,0,1,29.99,4916
8395,1305,setup_complete,0,1,29.99,4917
8396,1305,setup_complete,189.68,2,29.99,4917
8397,1305,setup_complete,508.9,3,29.99,4917
8398,1305,setup_complete,0,1,29.99,4918
8399,1305,setup_complete,0,1,239.99,4919
8400,1305,setup_complete,505.06,2,239.99,4919
8401,1305,setup_complete,0,1,599.99,4920
8402,1305,setup_complete,0,1,239.99,4921
8403,1305,setup_complete,406.66,2,239.99,4921
8404,1306,setup_complete,0,1,29.99,4922
8405,1306,setup_complete,290.59,2,29.99,4922
8406,1306,setup_complete,575.29,3,29.99,4922
8407,1306,setup_complete,0,1,29.99,4923
8408,1307,setup_complete,0,1,239.99,4924
8409,1307,setup_complete,390.18,2,239.99,4924
8410,1307,setup_complete,0,1,239.99,4925
8411,1307,setup_complete,253.31,2,239.99,4925
8412,1308,setup_complete,0,1,29.99,4926
8413,1308,setup_complete,318.49,2,29.99,4926
8414,1308,setup_complete,599.04,3,29.99,4926
8415,1308,setup_complete,0,1,29.99,4927
8416,1308,setup_complete,0,1,599.99,4928
8417,1308,setup_complete,0,1,239.99,4929
8418,1308,setup_complete,343.37,2,239.99,4929
8419,1309,setup_complete,0,1,29.99,4930
8420,1309,setup_complete,0,1,29.99,4931
8421,1309,setup_complete,314.07,2,29.99,4931
8422,1310,setup_complete,0,1,29.99,4932
8423,1310,setup_complete,0,1,29.99,4933
8424,1310,setup_complete,223.25,2,29.99,4933
8441,1316,setup_complete,0,1,599.99,4943
8442,1316,setup_complete,0,1,239.99,4944
8443,1316,setup_complete,297.1,2,239.99,4944
8446,1316,setup_complete,0,1,29.99,4946
8447,1316,setup_complete,0,1,599.99,4947
8448,1317,setup_complete,0,1,29.99,4948
8449,1317,setup_complete,252.88,2,29.99,4948
8450,1317,setup_complete,550.75,3,29.99,4948
8451,1318,setup_complete,0,1,29.99,4949
8452,1318,setup_complete,157.91,2,29.99,4949
8453,1318,setup_complete,357.32,3,29.99,4949
8457,1318,setup_complete,0,1,239.99,4952
8458,1318,setup_complete,255.52,2,239.99,4952
8459,1318,setup_complete,0,1,29.99,4953
8462,1319,setup_complete,0,1,239.99,4955
8463,1319,setup_complete,413.45,2,239.99,4955
8464,1319,setup_complete,0,1,239.99,4956
8465,1319,setup_complete,263.25,2,239.99,4956
8466,1319,setup_complete,0,1,29.99,4957
8467,1319,setup_complete,0,1,239.99,4958
8468,1319,setup_complete,395.14,2,239.99,4958
8472,1319,setup_complete,0,1,239.99,4961
8473,1319,setup_complete,395.18,2,239.99,4961
8474,1319,setup_complete,0,1,599.99,4962
8475,1319,setup_complete,0,1,239.99,4963
8476,1319,setup_complete,395.14,2,239.99,4963
8477,1319,setup_complete,0,1,239.99,4964
8478,1319,setup_complete,395.14,2,239.99,4964
8481,1319,setup_complete,0,1,239.99,4966
8482,1319,setup_complete,395.14,2,239.99,4966
8483,1320,setup_complete,0,1,29.99,4967
8484,1320,setup_complete,178.99,2,29.99,4967
8485,1320,setup_complete,493.11,3,29.99,4967
8486,1320,setup_complete,0,1,239.99,4968
8487,1320,setup_complete,423.83,2,239.99,4968
8490,1321,setup_complete,0,1,29.99,4970
8491,1321,setup_complete,168.28,2,29.99,4970
8492,1321,setup_complete,414.09,3,29.99,4970
8493,1321,setup_complete,0,1,239.99,4971
8494,1321,setup_complete,480.2,2,239.99,4971
8495,1321,setup_complete,0,1,29.99,4972
8496,1321,setup_complete,0,1,239.99,4973
8497,1321,setup_complete,395.17,2,239.99,4973
8498,1321,setup_complete,0,1,599.99,4974
8501,1323,setup_complete,0,1,239.99,4976
8502,1323,setup_complete,351.66,2,239.99,4976
8517,1326,setup_complete,0,1,599.98,4985
8520,1331,setup_complete,0,1,29.99,4988
8521,1331,setup_complete,209.53,2,29.99,4988
8522,1331,setup_complete,509.68,3,29.99,4988
8523,1331,setup_complete,0,1,239.99,4989
8524,1331,setup_complete,398.57,2,239.99,4989
8525,1331,setup_complete,0,1,239.99,4990
8526,1331,setup_complete,395.17,2,239.99,4990
8530,1331,setup_complete,0,1,29.99,4992
8531,1331,setup_complete,342.95,2,29.99,4992
8532,1331,setup_complete,504.73,3,29.99,4992
8533,1331,setup_complete,0,1,599.99,4993
8537,1333,setup_complete,0,1,29.99,4997
8538,1333,setup_complete,314.26,2,29.99,4997
8539,1333,setup_complete,492.32,3,29.99,4997
8540,1333,setup_complete,0,1,239.99,4998
8541,1333,setup_complete,493.79,2,239.99,4998
8542,1333,setup_complete,0,1,29.99,4999
8543,1333,setup_complete,0,1,239.99,5000
8544,1333,setup_complete,490.08,2,239.99,5000
8545,1333,setup_complete,0,1,599.99,5001
8559,1337,setup_complete,0,1,29.99,5010
8560,1337,setup_complete,376.25,2,29.99,5010
8561,1337,setup_complete,555.22,3,29.99,5010
8562,1337,setup_complete,0,1,239.99,5011
8563,1337,setup_complete,413.5,2,239.99,5011
8564,1337,setup_complete,0,1,29.99,5012
8565,1337,setup_complete,0,1,239.99,5013
8566,1337,setup_complete,495.25,2,239.99,5013
8567,1337,setup_complete,0,1,599.99,5014
8568,1339,setup_complete,0,1,29.99,5015
8569,1339,setup_complete,169.72,2,29.99,5015
8570,1339,setup_complete,399.63,3,29.99,5015
8571,1339,setup_complete,0,1,239.99,5016
8572,1339,setup_complete,390.12,2,239.99,5016
8573,1339,setup_complete,0,1,599.99,5017
8574,1339,setup_complete,0,1,239.99,5018
8575,1339,setup_complete,448.65,2,239.99,5018
8577,1340,setup_complete,0,1,29.99,5020
8578,1340,setup_complete,300.78,2,29.99,5020
8579,1340,setup_complete,622.31,3,29.99,5020
8580,1340,setup_complete,0,1,239.99,5021
8581,1340,setup_complete,366.73,2,239.99,5021
8582,1340,setup_complete,0,1,599.99,5022
8583,1342,setup_complete,0,1,29.99,5023
8584,1342,setup_complete,304.7,2,29.99,5023
8585,1342,setup_complete,484.58,3,29.99,5023
8586,1342,setup_complete,0,1,29.99,5024
8590,1342,setup_complete,0,1,239.99,5027
8591,1342,setup_complete,259.5,2,239.99,5027
8592,1342,setup_complete,0,1,599.99,5028
8601,1347,setup_complete,0,1,29.99,5033
8604,1347,setup_complete,0,1,29.99,5035
8605,1347,setup_complete,329.07,2,29.99,5035
8606,1347,setup_complete,615.36,3,29.99,5035
8610,1349,setup_complete,0,1,29.99,5038
8611,1349,setup_complete,233.44,2,29.99,5038
8612,1349,setup_complete,541.75,3,29.99,5038
8613,1349,setup_complete,0,1,239.99,5039
8614,1349,setup_complete,578.86,2,239.99,5039
8615,1349,setup_complete,0,1,29.99,5040
8616,1349,setup_complete,0,1,599.99,5041
8617,1349,setup_complete,0,1,239.99,5042
8618,1349,setup_complete,0,1,29.99,5043
8619,1349,setup_complete,355.3,2,29.99,5043
8620,1349,setup_complete,642.75,3,29.99,5043
8625,1353,setup_complete,0,1,239.99,5046
8626,1353,setup_complete,501.84,2,239.99,5046
8627,1353,setup_complete,0,1,239.99,5047
8628,1353,setup_complete,374,2,239.99,5047
8629,1354,setup_complete,0,1,29.99,5048
8630,1354,setup_complete,164.95,2,29.99,5048
8631,1354,setup_complete,0,1,239.99,5049
8632,1354,setup_complete,390.15,2,239.99,5049
8633,1354,setup_complete,0,1,239.99,5050
8634,1354,setup_complete,240.04,2,239.99,5050
8635,1354,setup_complete,0,1,239.99,5051
8636,1354,setup_complete,390.15,2,239.99,5051
8637,1354,setup_complete,0,1,239.99,5052
8638,1354,setup_complete,390.15,2,239.99,5052
8639,1354,setup_complete,0,1,239.99,5053
8640,1354,setup_complete,390.15,2,239.99,5053
8641,1354,setup_complete,0,1,239.99,5054
8642,1354,setup_complete,390.15,2,239.99,5054
8643,1354,setup_complete,0,1,239.99,5055
8644,1354,setup_complete,390.15,2,239.99,5055
8645,1355,setup_complete,0,1,239.99,5056
8646,1355,setup_complete,390.15,2,239.99,5056
8647,1356,setup_complete,0,1,239.99,5057
8648,1356,setup_complete,390.15,2,239.99,5057
8649,1354,setup_complete,0,1,239.99,5058
8650,1354,setup_complete,390.15,2,239.99,5058
8653,1354,setup_complete,0,1,239.99,5060
8654,1354,setup_complete,390.15,2,239.99,5060
8655,1354,setup_complete,0,1,239.99,5061
8656,1354,setup_complete,390.15,2,239.99,5061
8657,1354,setup_complete,0,1,239.99,5062
8658,1354,setup_complete,240.04,2,239.99,5062
8659,1358,setup_complete,0,1,29.99,5063
8660,1358,setup_complete,187.47,2,29.99,5063
8661,1358,setup_complete,0,1,239.99,5064
8662,1358,setup_complete,273.5,2,239.99,5064
8663,1358,setup_complete,0,1,29.99,5065
8664,1359,setup_complete,0,1,29.99,5066
8665,1359,setup_complete,271.74,2,29.99,5066
8666,1359,setup_complete,0,1,239.99,5067
8667,1359,setup_complete,525.12,2,239.99,5067
8668,1359,setup_complete,0,1,29.99,5068
8670,1360,setup_complete,0,1,239.99,5070
8671,1360,setup_complete,266.17,2,239.99,5070
8672,1360,setup_complete,0,1,29.99,5071
8673,1360,setup_complete,300.64,2,29.99,5071
8674,1360,setup_complete,568.55,3,29.99,5071
8675,1360,setup_complete,0,1,239.99,5072
8676,1360,setup_complete,309.42,2,239.99,5072
8677,1360,setup_complete,0,1,29.99,5073
8678,1360,setup_complete,248.31,2,29.99,5073
8679,1360,setup_complete,471.48,3,29.99,5073
8680,1360,setup_complete,0,1,599.99,5074
8681,1360,setup_complete,0,1,29.99,5075
8682,1361,setup_complete,0,1,599.98,5076
8683,1362,setup_complete,0,1,29.99,5077
8684,1362,setup_complete,246.54,2,29.99,5077
8685,1362,setup_complete,0,1,239.99,5078
8686,1362,setup_complete,395.14,2,239.99,5078
8687,1362,setup_complete,0,1,239.99,5079
8688,1362,setup_complete,443.04,2,239.99,5079
8689,1363,setup_complete,0,1,29.99,5080
8690,1363,setup_complete,208.15,2,29.99,5080
8694,1363,setup_complete,0,1,239.99,5083
8695,1363,setup_complete,521.54,2,239.99,5083
8696,1363,setup_complete,0,1,29.99,5084
8697,1365,setup_complete,0,1,239.99,5085
8698,1365,setup_complete,266.17,2,239.99,5085
8720,1366,setup_complete,0,1,29.99,5096
8721,1366,setup_complete,170.06,2,29.99,5096
8722,1366,setup_complete,464.51,3,29.99,5096
8723,1366,setup_complete,0,1,239.99,5097
8724,1366,setup_complete,509.57,2,239.99,5097
8725,1366,setup_complete,0,1,599.99,5098
8726,1366,setup_complete,0,1,29.99,5099
8727,1366,setup_complete,0,1,239.99,5100
8728,1366,setup_complete,417.44,2,239.99,5100
8729,1366,setup_complete,0,1,29.99,5101
8730,1366,setup_complete,208.92,2,29.99,5101
8731,1366,setup_complete,530.73,3,29.99,5101
8732,1371,setup_complete,0,1,29.99,5102
8733,1371,setup_complete,216.75,2,29.99,5102
8734,1371,setup_complete,0,1,29.99,5103
8739,1371,setup_complete,0,1,239.99,5106
8740,1371,setup_complete,460.61,2,239.99,5106
8741,1371,setup_complete,0,1,239.99,5107
8742,1371,setup_complete,306.88,2,239.99,5107
8743,1372,setup_complete,0,1,29.99,5108
8744,1372,setup_complete,294.83,2,29.99,5108
8745,1372,setup_complete,581.27,3,29.99,5108
8748,1372,setup_complete,0,1,29.99,5110
8749,1373,setup_complete,0,1,29.99,5111
8750,1373,setup_complete,180.13,2,29.99,5111
8751,1373,setup_complete,421.81,3,29.99,5111
8752,1373,setup_complete,0,1,239.99,5112
8753,1373,setup_complete,255.44,2,239.99,5112
8754,1373,setup_complete,0,1,29.99,5113
8755,1373,setup_complete,0,1,599.99,5114
8758,1374,setup_complete,0,1,239.99,5116
8759,1374,setup_complete,513.81,2,239.99,5116
8760,1374,setup_complete,0,1,239.99,5117
8761,1374,setup_complete,512.99,2,239.99,5117
8762,1374,setup_complete,0,1,599.99,5118
8763,1374,setup_complete,0,1,29.99,5119
8764,1374,setup_complete,0,1,239.99,5120
8765,1374,setup_complete,400.71,2,239.99,5120
8766,1374,setup_complete,0,1,29.99,5121
8767,1374,setup_complete,264.04,2,29.99,5121
8768,1374,setup_complete,430.6,3,29.99,5121
8769,1375,setup_complete,0,1,29.99,5122
8770,1375,setup_complete,201.86,2,29.99,5122
8771,1375,setup_complete,524.42,3,29.99,5122
8774,1375,setup_complete,0,1,239.99,5124
8775,1375,setup_complete,373.37,2,239.99,5124
8777,1375,setup_complete,0,1,29.99,5126
8778,1375,setup_complete,0,1,599.99,5127
8779,1375,setup_complete,0,1,239.99,5128
8780,1375,setup_complete,390.2,2,239.99,5128
8781,1376,setup_complete,0,1,29.99,5129
8782,1376,setup_complete,336.24,2,29.99,5129
8783,1376,setup_complete,683.36,3,29.99,5129
8784,1377,setup_complete,0,1,239.99,5130
8785,1377,setup_complete,513.74,2,239.99,5130
8786,1377,setup_complete,0,1,239.99,5131
8787,1377,setup_complete,454.2,2,239.99,5131
8788,1377,setup_complete,0,1,239.99,5132
8789,1377,setup_complete,513.74,2,239.99,5132
8790,1377,setup_complete,0,1,29.99,5133
8791,1377,setup_complete,336.24,2,29.99,5133
8792,1377,setup_complete,683.36,3,29.99,5133
8793,1379,setup_complete,0,1,29.99,5134
8794,1379,setup_complete,213.55,2,29.99,5134
8795,1379,setup_complete,543.04,3,29.99,5134
8796,1379,setup_complete,0,1,239.99,5135
8797,1379,setup_complete,272.55,2,239.99,5135
8798,1379,setup_complete,0,1,29.99,5136
8799,1379,setup_complete,0,1,599.99,5137
8800,1379,setup_complete,0,1,239.99,5138
8801,1379,setup_complete,406.26,2,239.99,5138
8806,1380,setup_complete,0,1,29.99,5141
8807,1380,setup_complete,173.36,2,29.99,5141
8808,1380,setup_complete,433.31,3,29.99,5141
8809,1380,setup_complete,0,1,239.99,5142
8810,1380,setup_complete,263.96,2,239.99,5142
8811,1380,setup_complete,0,1,29.99,5143
8812,1380,setup_complete,0,1,239.99,5144
8813,1380,setup_complete,234.74,2,239.99,5144
8814,1380,setup_complete,0,1,599.99,5145
8815,1380,setup_complete,0,1,239.99,5146
8816,1380,setup_complete,441.48,2,239.99,5146
8829,1389,setup_complete,0,1,239.99,5153
8830,1389,setup_complete,335.64,2,239.99,5153
8831,1389,setup_complete,0,1,29.99,5154
8832,1389,setup_complete,0,1,239.99,5155
8833,1389,setup_complete,441.78,2,239.99,5155
8834,1389,setup_complete,0,1,599.99,5156
8835,1390,setup_complete,0,1,239.99,5157
8836,1390,setup_complete,279.56,2,239.99,5157
8837,1390,setup_complete,0,1,599.99,5158
8838,1390,setup_complete,0,1,239.99,5159
8839,1390,setup_complete,421.41,2,239.99,5159
8840,1390,setup_complete,0,1,239.99,5160
8841,1390,setup_complete,260.14,2,239.99,5160
8842,1391,setup_complete,0,1,29.99,5161
8843,1391,setup_complete,205.8,2,29.99,5161
8844,1391,setup_complete,540.44,3,29.99,5161
8850,1392,setup_complete,0,1,239.99,5165
8851,1392,setup_complete,309.56,2,239.99,5165
8854,1392,setup_complete,0,1,239.99,5168
8856,1393,setup_complete,0,1,599.99,5170
8857,1393,setup_complete,0,1,29.99,5171
8859,1393,setup_complete,0,1,29.99,5173
8860,1393,setup_complete,329.81,2,29.99,5173
8861,1393,setup_complete,527.7,3,29.99,5173
8862,1393,setup_complete,0,1,239.99,5174
8863,1393,setup_complete,508.92,2,239.99,5174
8866,1394,setup_complete,0,1,29.99,5177
8867,1394,setup_complete,0,1,239.99,5178
8868,1394,setup_complete,271.79,2,239.99,5178
8871,1395,setup_complete,0,1,239.99,5180
8872,1395,setup_complete,419.83,2,239.99,5180
8873,1396,setup_complete,0,1,29.99,5181
8874,1396,setup_complete,237.21,2,29.99,5181
8875,1396,setup_complete,412.38,3,29.99,5181
8876,1396,setup_complete,0,1,239.99,5182
8877,1396,setup_complete,502.61,2,239.99,5182
8879,1396,setup_complete,0,1,239.99,5184
8880,1396,setup_complete,483.85,2,239.99,5184
8881,1396,setup_complete,0,1,29.99,5185
8882,1397,setup_complete,0,1,29.99,5186
8883,1397,setup_complete,229.59,2,29.99,5186
8884,1397,setup_complete,502.79,3,29.99,5186
8885,1397,setup_complete,0,1,239.99,5187
8886,1397,setup_complete,245.26,2,239.99,5187
8887,1397,setup_complete,0,1,29.99,5188
8888,1397,setup_complete,0,1,239.99,5189
8889,1397,setup_complete,396.78,2,239.99,5189
8890,1398,setup_complete,0,1,29.99,5190
8891,1398,setup_complete,266.12,2,29.99,5190
8892,1398,setup_complete,497.37,3,29.99,5190
8893,1398,setup_complete,0,1,29.99,5191
8894,1398,setup_complete,0,1,239.99,5192
8895,1398,setup_complete,316.13,2,239.99,5192
8896,1398,setup_complete,0,1,239.99,5193
8897,1398,setup_complete,505.71,2,239.99,5193
8898,1398,setup_complete,0,1,239.99,5194
8899,1398,setup_complete,497.36,2,239.99,5194
8900,1400,setup_complete,0,1,239.99,5195
8901,1401,setup_complete,0,1,239.99,5196
8902,1401,setup_complete,297.59,2,239.99,5196
8903,1401,setup_complete,0,1,29.99,5197
8904,1401,setup_complete,0,1,239.99,5198
8905,1401,setup_complete,332.14,2,239.99,5198
8906,1401,setup_complete,0,1,239.99,5199
8907,1401,setup_complete,396.87,2,239.99,5199
8908,1401,setup_complete,0,1,599.99,5200
8909,1404,setup_complete,0,1,29.99,5201
8910,1404,setup_complete,300.09,2,29.99,5201
8911,1404,setup_complete,625.98,3,29.99,5201
8912,1404,setup_complete,0,1,239.99,5202
8913,1404,setup_complete,0,1,239.99,5203
8914,1404,setup_complete,415.61,2,239.99,5203
8915,1404,setup_complete,0,1,239.99,5204
8916,1404,setup_complete,240.04,2,239.99,5204
8917,1404,setup_complete,0,1,599.99,5205
8918,1404,setup_complete,0,1,29.99,5206
8919,1405,setup_complete,0,1,29.99,5207
8920,1405,setup_complete,300.09,2,29.99,5207
8921,1405,setup_complete,625.98,3,29.99,5207
8922,1406,setup_complete,0,1,29.99,5208
8923,1406,setup_complete,300.09,2,29.99,5208
8924,1406,setup_complete,625.98,3,29.99,5208
8925,1406,setup_complete,0,1,239.99,5209
8926,1406,setup_complete,0,1,239.99,5210
8927,1406,setup_complete,415.61,2,239.99,5210
8931,1406,setup_complete,0,1,29.99,5213
8932,1407,setup_complete,0,1,29.99,5214
8933,1407,setup_complete,309.31,2,29.99,5214
8934,1407,setup_complete,605.32,3,29.99,5214
8935,1407,setup_complete,0,1,29.99,5215
8936,1407,setup_complete,0,1,599.99,5216
8937,1407,setup_complete,0,1,239.99,5217
8938,1407,setup_complete,369.24,2,239.99,5217
8939,1407,setup_complete,0,1,29.99,5218
8947,1408,setup_complete,0,1,29.99,5223
8948,1409,setup_complete,0,1,29.99,5224
8949,1409,setup_complete,169.91,2,29.99,5224
8950,1409,setup_complete,518.28,3,29.99,5224
8951,1409,setup_complete,0,1,29.99,5225
8952,1409,setup_complete,0,1,599.99,5226
8953,1409,setup_complete,0,1,239.99,5227
8954,1409,setup_complete,400.68,2,239.99,5227
8955,1409,setup_complete,0,1,29.99,5228
8956,1409,setup_complete,208.19,2,29.99,5228
8957,1409,setup_complete,431.17,3,29.99,5228
8958,1410,setup_complete,0,1,29.99,5229
8959,1410,setup_complete,197.81,2,29.99,5229
8960,1410,setup_complete,543.68,3,29.99,5229
8961,1410,setup_complete,0,1,29.99,5230
8962,1410,setup_complete,197.81,2,29.99,5230
8963,1410,setup_complete,543.68,3,29.99,5230
8964,1410,setup_complete,0,1,239.99,5231
8965,1410,setup_complete,480.21,2,239.99,5231
8966,1410,setup_complete,0,1,29.99,5232
8967,1410,setup_complete,0,1,239.99,5233
8968,1410,setup_complete,551.32,2,239.99,5233
8969,1410,setup_complete,0,1,599.99,5234
8970,1411,setup_complete,0,1,29.99,5235
8971,1411,setup_complete,263.08,2,29.99,5235
8972,1411,setup_complete,493.94,3,29.99,5235
8973,1411,setup_complete,0,1,29.99,5236
8974,1411,setup_complete,0,1,239.99,5237
8975,1411,setup_complete,246.36,2,239.99,5237
8976,1411,setup_complete,0,1,239.99,5238
8977,1411,setup_complete,245.05,2,239.99,5238
8978,1411,setup_complete,0,1,599.99,5239
8979,1412,setup_complete,0,1,29.99,5240
8980,1412,setup_complete,314.28,2,29.99,5240
8981,1412,setup_complete,565.41,3,29.99,5240
8982,1413,setup_complete,0,1,29.99,5241
8983,1413,setup_complete,314.28,2,29.99,5241
8984,1413,setup_complete,565.41,3,29.99,5241
8985,1412,setup_complete,0,1,239.99,5242
8986,1412,setup_complete,487.31,2,239.99,5242
8987,1412,setup_complete,0,1,29.99,5243
8988,1412,setup_complete,0,1,239.99,5244
8989,1412,setup_complete,521.54,2,239.99,5244
8990,1412,setup_complete,0,1,599.99,5245
8991,1412,setup_complete,0,1,599.99,5246
8992,1414,setup_complete,0,1,29.99,5247
8993,1414,setup_complete,288.25,2,29.99,5247
8994,1414,setup_complete,513.97,3,29.99,5247
8995,1414,setup_complete,0,1,239.99,5248
8996,1414,setup_complete,395.16,2,239.99,5248
8997,1414,setup_complete,0,1,239.99,5249
8998,1414,setup_complete,251.48,2,239.99,5249
9007,1419,setup_complete,0,1,29.99,5254
9008,1419,setup_complete,343.8,2,29.99,5254
9009,1419,setup_complete,543.32,3,29.99,5254
9010,1420,setup_complete,0,1,29.99,5255
9011,1420,setup_complete,180.53,2,29.99,5255
9012,1420,setup_complete,368.09,3,29.99,5255
9013,1420,setup_complete,0,1,599.99,5256
9014,1420,setup_complete,0,1,239.99,5257
9015,1420,setup_complete,240.04,2,239.99,5257
9016,1420,setup_complete,0,1,29.99,5258
9017,1420,setup_complete,0,1,29.99,5259
9018,1420,setup_complete,0,1,29.99,5260
9028,1419,setup_complete,0,1,239.99,5266
9029,1419,setup_complete,406.4,2,239.99,5266
9030,1419,setup_complete,0,1,239.99,5267
9031,1419,setup_complete,381.43,2,239.99,5267
9032,1419,setup_complete,0,1,599.99,5268
9033,1419,setup_complete,0,1,29.99,5269
9034,1419,setup_complete,0,1,29.99,5270
9035,1419,setup_complete,294.87,2,29.99,5270
9036,1419,setup_complete,610.32,3,29.99,5270
9037,1426,setup_complete,0,1,29.99,5271
9038,1426,setup_complete,186.5,2,29.99,5271
9039,1426,setup_complete,462.79,3,29.99,5271
9040,1426,setup_complete,0,1,239.99,5272
9041,1426,setup_complete,436.33,2,239.99,5272
9042,1426,setup_complete,0,1,599.99,5273
9043,1426,setup_complete,0,1,29.99,5274
9044,1426,setup_complete,0,1,239.99,5275
9045,1426,setup_complete,511.76,2,239.99,5275
9046,1427,setup_complete,0,1,599.99,5276
9047,1427,setup_complete,0,1,29.99,5277
9048,1427,setup_complete,205.83,2,29.99,5277
9049,1427,setup_complete,389.87,3,29.99,5277
9050,1427,setup_complete,0,1,29.99,5278
9051,1427,setup_complete,0,1,239.99,5279
9052,1427,setup_complete,346.25,2,239.99,5279
9053,1427,setup_complete,0,1,599.99,5280
9054,1428,setup_complete,0,1,29.99,5281
9055,1428,setup_complete,178.45,2,29.99,5281
9056,1428,setup_complete,450.88,3,29.99,5281
9057,1428,setup_complete,0,1,29.99,5282
9058,1428,setup_complete,0,1,239.99,5283
9059,1428,setup_complete,321.77,2,239.99,5283
9060,1428,setup_complete,0,1,239.99,5284
9061,1428,setup_complete,589.66,2,239.99,5284
9062,1428,setup_complete,0,1,599.99,5285
9063,1429,setup_complete,0,1,29.99,5286
9064,1429,setup_complete,338.73,2,29.99,5286
9065,1429,setup_complete,619.63,3,29.99,5286
9066,1429,setup_complete,0,1,599.99,5287
9067,1429,setup_complete,0,1,239.99,5288
9068,1429,setup_complete,421.1,2,239.99,5288
9069,1429,setup_complete,0,1,239.99,5289
9070,1429,setup_complete,516.84,2,239.99,5289
9071,1429,setup_complete,0,1,29.99,5290
9072,1430,setup_complete,0,1,239.99,5291
9073,1430,setup_complete,0,1,239.99,5292
9074,1430,setup_complete,416.97,2,239.99,5292
9075,1430,setup_complete,0,1,239.99,5293
9076,1430,setup_complete,426.05,2,239.99,5293
9077,1430,setup_complete,0,1,239.99,5294
9078,1430,setup_complete,476.44,2,239.99,5294
9079,1430,setup_complete,0,1,599.99,5295
9080,1431,setup_complete,0,1,29.99,5296
9081,1431,setup_complete,317.46,2,29.99,5296
9082,1431,setup_complete,562.45,3,29.99,5296
9083,1431,setup_complete,0,1,239.99,5297
9084,1431,setup_complete,511.77,2,239.99,5297
9085,1431,setup_complete,0,1,239.99,5298
9086,1431,setup_complete,240.04,2,239.99,5298
9087,1431,setup_complete,0,1,239.99,5299
9088,1431,setup_complete,412.04,2,239.99,5299
9089,1431,setup_complete,0,1,29.99,5300
9090,1432,setup_complete,0,1,29.99,5301
9091,1432,setup_complete,319.75,2,29.99,5301
9092,1432,setup_complete,499.18,3,29.99,5301
9093,1432,setup_complete,0,1,29.99,5302
9094,1432,setup_complete,0,1,239.99,5303
9095,1432,setup_complete,245.03,2,239.99,5303
9096,1432,setup_complete,0,1,599.99,5304
9097,1432,setup_complete,0,1,599.99,5305
9098,1432,setup_complete,0,1,239.99,5306
9099,1432,setup_complete,240.04,2,239.99,5306
9100,1432,setup_complete,0,1,599.99,5307
9103,1434,setup_complete,0,1,239.99,5309
9104,1434,setup_complete,502.26,2,239.99,5309
9105,1434,setup_complete,0,1,29.99,5310
9106,1434,setup_complete,322.16,2,29.99,5310
9107,1434,setup_complete,663.47,3,29.99,5310
9109,1434,setup_complete,0,1,599.99,5312
9110,1420,setup_complete,0,1,239.99,5313
9111,1420,setup_complete,454.8,2,239.99,5313
9112,1432,setup_complete,0,1,599.99,5314
9113,1432,setup_complete,0,1,599.99,5315
9114,1434,setup_complete,0,1,239.99,5316
9115,1434,setup_complete,454.8,2,239.99,5316
9118,1435,setup_complete,0,1,29.99,5318
9119,1436,setup_complete,0,1,29.99,5319
9120,1436,setup_complete,320.51,2,29.99,5319
9121,1436,setup_complete,530.93,3,29.99,5319
9122,1436,setup_complete,0,1,29.99,5320
9123,1436,setup_complete,181.25,2,29.99,5320
9124,1436,setup_complete,481.37,3,29.99,5320
9125,1436,setup_complete,0,1,599.99,5321
9126,1436,setup_complete,0,1,239.99,5322
9127,1436,setup_complete,425.16,2,239.99,5322
9128,1436,setup_complete,0,1,29.99,5323
9129,1437,setup_complete,0,1,29.99,5324
9130,1437,setup_complete,218.83,2,29.99,5324
9131,1437,setup_complete,557.71,3,29.99,5324
9132,1437,setup_complete,0,1,239.99,5325
9133,1437,setup_complete,407.74,2,239.99,5325
9134,1437,setup_complete,0,1,239.99,5326
9135,1437,setup_complete,292.62,2,239.99,5326
9136,1437,setup_complete,0,1,599.99,5327
9137,1437,setup_complete,0,1,239.99,5328
9138,1437,setup_complete,321.43,2,239.99,5328
9139,1438,setup_complete,0,1,29.99,5329
9140,1438,setup_complete,181.87,2,29.99,5329
9141,1438,setup_complete,474.1,3,29.99,5329
9142,1438,setup_complete,0,1,29.99,5330
9143,1438,setup_complete,352.03,2,29.99,5330
9144,1438,setup_complete,510.38,3,29.99,5330
9145,1438,setup_complete,0,1,599.99,5331
9146,1438,setup_complete,0,1,599.99,5332
9147,1438,setup_complete,0,1,239.99,5333
9148,1438,setup_complete,501.05,2,239.99,5333
9149,1439,setup_complete,0,1,239.99,5334
9150,1439,setup_complete,398.64,2,239.99,5334
9151,1439,setup_complete,0,1,599.99,5335
9152,1439,setup_complete,0,1,239.99,5336
9153,1439,setup_complete,400.07,2,239.99,5336
9154,1439,setup_complete,0,1,29.99,5337
9155,1439,setup_complete,0,1,29.99,5338
9156,1439,setup_complete,268.67,2,29.99,5338
9157,1439,setup_complete,441.06,3,29.99,5338
9158,1440,setup_complete,0,1,29.99,5339
9159,1440,setup_complete,254.99,2,29.99,5339
9160,1440,setup_complete,550.59,3,29.99,5339
9161,1440,setup_complete,0,1,599.99,5340
9162,1440,setup_complete,0,1,599.98,5341
9163,1440,setup_complete,0,1,239.99,5342
9164,1440,setup_complete,552.53,2,239.99,5342
9165,1440,setup_complete,0,1,29.99,5343
9166,1440,setup_complete,0,1,239.99,5344
9167,1440,setup_complete,467.82,2,239.99,5344
9168,1441,setup_complete,0,1,239.99,5345
9169,1441,setup_complete,307.57,2,239.99,5345
9170,1441,setup_complete,0,1,29.99,5346
9171,1441,setup_complete,313.3,2,29.99,5346
9172,1441,setup_complete,641.27,3,29.99,5346
9173,1441,setup_complete,0,1,29.99,5347
9174,1441,setup_complete,0,1,29.99,5348
9175,1441,setup_complete,313.3,2,29.99,5348
9176,1441,setup_complete,641.27,3,29.99,5348
9177,1441,setup_complete,0,1,29.99,5349
9178,1441,setup_complete,313.3,2,29.99,5349
9179,1441,setup_complete,641.27,3,29.99,5349
9180,1441,setup_complete,0,1,599.99,5350
9183,1442,setup_complete,0,1,29.99,5352
9184,1442,setup_complete,240.98,2,29.99,5352
9185,1442,setup_complete,407.5,3,29.99,5352
9186,1442,setup_complete,0,1,239.99,5353
9187,1442,setup_complete,256.05,2,239.99,5353
9188,1442,setup_complete,0,1,239.99,5354
9189,1442,setup_complete,255.2,2,239.99,5354
9190,1442,setup_complete,0,1,29.99,5355
9191,1442,setup_complete,0,1,599.99,5356
9192,1442,setup_complete,0,1,239.99,5357
9193,1442,setup_complete,390.13,2,239.99,5357
9194,1443,setup_complete,0,1,29.99,5358
9195,1443,setup_complete,274.46,2,29.99,5358
9196,1443,setup_complete,569.74,3,29.99,5358
9197,1443,setup_complete,0,1,239.99,5359
9198,1443,setup_complete,523.39,2,239.99,5359
9199,1443,setup_complete,0,1,239.99,5360
9200,1443,setup_complete,523.39,2,239.99,5360
9201,1443,setup_complete,0,1,239.99,5361
9202,1443,setup_complete,488.56,2,239.99,5361
9203,1443,setup_complete,0,1,239.99,5362
9204,1443,setup_complete,414.51,2,239.99,5362
9205,1443,setup_complete,0,1,599.99,5363
9206,1443,setup_complete,0,1,239.99,5364
9207,1443,setup_complete,509.28,2,239.99,5364
9236,1448,setup_complete,0,1,599.99,5380
9237,1445,setup_complete,0,1,239.99,5381
9238,1445,setup_complete,263.48,2,239.99,5381
9244,1449,setup_complete,0,1,29.99,5384
9245,1449,setup_complete,0,1,239.99,5385
9246,1449,setup_complete,298.47,2,239.99,5385
9247,1450,setup_complete,0,1,29.99,5386
9248,1450,setup_complete,333.75,2,29.99,5386
9249,1450,setup_complete,554.59,3,29.99,5386
9253,1450,setup_complete,0,1,239.99,5389
9254,1450,setup_complete,431.96,2,239.99,5389
9255,1450,setup_complete,0,1,599.99,5390
9256,1450,setup_complete,0,1,29.99,5391
9257,1450,setup_complete,247.56,2,29.99,5391
9258,1450,setup_complete,468.82,3,29.99,5391
9259,1451,setup_complete,0,1,29.99,5392
9260,1451,setup_complete,340.87,2,29.99,5392
9261,1451,setup_complete,633.63,3,29.99,5392
9262,1451,setup_complete,0,1,599.99,5393
9263,1451,setup_complete,0,1,239.99,5394
9264,1451,setup_complete,513.84,2,239.99,5394
9266,1451,setup_complete,0,1,239.99,5396
9267,1451,setup_complete,532.87,2,239.99,5396
9268,1451,setup_complete,0,1,29.99,5397
9269,1452,setup_complete,0,1,29.99,5398
9270,1452,setup_complete,308.62,2,29.99,5398
9271,1452,setup_complete,540.55,3,29.99,5398
9272,1452,setup_complete,0,1,239.99,5399
9273,1452,setup_complete,462.23,2,239.99,5399
9274,1452,setup_complete,0,1,29.99,5400
9275,1452,setup_complete,0,1,239.99,5401
9276,1452,setup_complete,395.14,2,239.99,5401
9277,1452,setup_complete,0,1,599.99,5402
9278,1452,setup_complete,0,1,239.99,5403
9279,1452,setup_complete,312.75,2,239.99,5403
9282,1453,setup_complete,0,1,29.99,5405
9283,1453,setup_complete,193.2,2,29.99,5405
9284,1453,setup_complete,478.41,3,29.99,5405
9285,1453,setup_complete,0,1,239.99,5406
9286,1453,setup_complete,480.22,2,239.99,5406
9287,1453,setup_complete,0,1,239.99,5407
9288,1453,setup_complete,370.2,2,239.99,5407
9289,1453,setup_complete,0,1,29.99,5408
9290,1453,setup_complete,0,1,599.99,5409
9291,1453,setup_complete,0,1,239.99,5410
9292,1453,setup_complete,386.25,2,239.99,5410
9293,1454,setup_complete,0,1,29.99,5411
9294,1454,setup_complete,208.19,2,29.99,5411
9295,1454,setup_complete,431.17,3,29.99,5411
9296,1455,setup_complete,0,1,29.99,5412
9297,1455,setup_complete,246.17,2,29.99,5412
9298,1455,setup_complete,525.7,3,29.99,5412
9299,1455,setup_complete,0,1,239.99,5413
9300,1455,setup_complete,506.27,2,239.99,5413
9303,1455,setup_complete,0,1,29.99,5416
9306,1456,setup_complete,0,1,599.98,5419
9307,1457,setup_complete,0,1,599.99,5420
9308,1455,setup_complete,0,1,239.99,5421
9309,1455,setup_complete,423.76,2,239.99,5421
9310,1458,setup_complete,0,1,29.99,5422
9311,1458,setup_complete,194.4,2,29.99,5422
9312,1458,setup_complete,472.15,3,29.99,5422
9313,1458,setup_complete,0,1,239.99,5423
9314,1458,setup_complete,501.69,2,239.99,5423
9315,1458,setup_complete,0,1,239.99,5424
9316,1458,setup_complete,537.44,2,239.99,5424
9317,1458,setup_complete,0,1,599.99,5425
9318,1458,setup_complete,0,1,29.99,5426
9319,1459,setup_complete,0,1,29.99,5427
9320,1459,setup_complete,322.5,2,29.99,5427
9321,1459,setup_complete,522.15,3,29.99,5427
9322,1459,setup_complete,0,1,239.99,5428
9323,1459,setup_complete,525.2,2,239.99,5428
9326,1459,setup_complete,0,1,239.99,5431
9327,1459,setup_complete,409.68,2,239.99,5431
9331,1461,setup_complete,0,1,29.99,5433
9332,1461,setup_complete,322.5,2,29.99,5433
9333,1461,setup_complete,522.15,3,29.99,5433
9334,1461,setup_complete,0,1,239.99,5434
9335,1461,setup_complete,525.2,2,239.99,5434
9336,1461,setup_complete,0,1,599.99,5435
9338,1461,setup_complete,0,1,239.99,5437
9339,1461,setup_complete,409.68,2,239.99,5437
9340,1461,setup_complete,0,1,29.99,5438
9341,1462,setup_complete,0,1,29.99,5439
9342,1462,setup_complete,254.03,2,29.99,5439
9343,1462,setup_complete,484.27,3,29.99,5439
9344,1462,setup_complete,0,1,239.99,5440
9345,1462,setup_complete,514.85,2,239.99,5440
9347,1462,setup_complete,0,1,239.99,5442
9348,1462,setup_complete,245.05,2,239.99,5442
9349,1462,setup_complete,0,1,599.99,5443
9350,1462,setup_complete,0,1,29.99,5444
9351,1462,setup_complete,207.64,2,29.99,5444
9352,1462,setup_complete,575.71,3,29.99,5444
9353,1462,setup_complete,0,1,29.99,5445
9357,1464,setup_complete,0,1,29.99,5447
9358,1464,setup_complete,247.48,2,29.99,5447
9359,1464,setup_complete,406.06,3,29.99,5447
9362,1464,setup_complete,0,1,239.99,5449
9363,1464,setup_complete,255.65,2,239.99,5449
9364,1464,setup_complete,0,1,239.99,5450
9365,1464,setup_complete,281.06,2,239.99,5450
9366,1464,setup_complete,0,1,599.99,5451
9367,1464,setup_complete,0,1,29.99,5452
9368,1465,setup_complete,0,1,29.99,5453
9369,1465,setup_complete,282.81,2,29.99,5453
9370,1465,setup_complete,577.79,3,29.99,5453
9371,1465,setup_complete,0,1,239.99,5454
9372,1465,setup_complete,416.97,2,239.99,5454
9373,1466,setup_complete,0,1,239.99,5455
9374,1466,setup_complete,452.58,2,239.99,5455
9375,1465,setup_complete,0,1,239.99,5456
9376,1465,setup_complete,475.81,2,239.99,5456
9377,1465,setup_complete,0,1,29.99,5457
9381,1466,setup_complete,0,1,599.99,5460
9382,1466,setup_complete,0,1,29.99,5461
9383,1466,setup_complete,0,1,29.99,5462
9384,1466,setup_complete,218.61,2,29.99,5462
9385,1466,setup_complete,396.92,3,29.99,5462
9389,1467,setup_complete,0,1,239.99,5464
9390,1467,setup_complete,253.85,2,239.99,5464
9391,1467,setup_complete,0,1,29.99,5465
9392,1473,setup_complete,0,1,29.99,5466
9393,1473,setup_complete,301.46,2,29.99,5466
9394,1473,setup_complete,573.18,3,29.99,5466
9402,1473,setup_complete,0,1,239.99,5470
9403,1473,setup_complete,402.83,2,239.99,5470
9404,1473,setup_complete,0,1,239.99,5471
9405,1473,setup_complete,480.18,2,239.99,5471
9406,1473,setup_complete,0,1,29.99,5472
9416,1473,setup_complete,0,1,599.99,5482
9417,1474,setup_complete,0,1,29.99,5483
9418,1474,setup_complete,332.91,2,29.99,5483
9419,1474,setup_complete,628.41,3,29.99,5483
9420,1474,setup_complete,0,1,239.99,5484
9421,1474,setup_complete,369.64,2,239.99,5484
9422,1474,setup_complete,0,1,239.99,5485
9423,1474,setup_complete,321.78,2,239.99,5485
9424,1474,setup_complete,0,1,29.99,5486
9425,1474,setup_complete,0,1,599.99,5487
9426,1475,setup_complete,0,1,29.99,5488
9427,1475,setup_complete,343.92,2,29.99,5488
9428,1475,setup_complete,585.83,3,29.99,5488
9429,1475,setup_complete,0,1,239.99,5489
9430,1475,setup_complete,264.27,2,239.99,5489
9431,1475,setup_complete,0,1,239.99,5490
9432,1475,setup_complete,486.4,2,239.99,5490
9433,1475,setup_complete,0,1,599.99,5491
9434,1475,setup_complete,0,1,29.99,5492
9435,1475,setup_complete,0,1,239.99,5493
9436,1475,setup_complete,422.82,2,239.99,5493
9437,1476,setup_complete,0,1,29.99,5494
9438,1476,setup_complete,224.82,2,29.99,5494
9439,1476,setup_complete,520.04,3,29.99,5494
9440,1476,setup_complete,0,1,29.99,5495
9441,1476,setup_complete,0,1,29.99,5496
9444,1477,setup_complete,0,1,29.99,5498
9445,1477,setup_complete,247.39,2,29.99,5498
9446,1477,setup_complete,535.52,3,29.99,5498
9447,1478,setup_complete,0,1,29.99,5499
9448,1478,setup_complete,247.39,2,29.99,5499
9449,1478,setup_complete,535.52,3,29.99,5499
9450,1479,setup_complete,0,1,239.99,5500
9451,1479,setup_complete,268.43,2,239.99,5500
9452,1479,setup_complete,0,1,599.99,5501
9453,1479,setup_complete,0,1,239.99,5502
9454,1479,setup_complete,329.99,2,239.99,5502
9455,1479,setup_complete,0,1,29.99,5503
9456,1479,setup_complete,247.39,2,29.99,5503
9457,1479,setup_complete,535.52,3,29.99,5503
9458,1476,setup_complete,0,1,599.99,5504
9459,1476,setup_complete,0,1,239.99,5505
9460,1476,setup_complete,260.19,2,239.99,5505
9464,1481,setup_complete,0,1,29.99,5507
9465,1481,setup_complete,262.35,2,29.99,5507
9466,1481,setup_complete,531.53,3,29.99,5507
9467,1481,setup_complete,0,1,239.99,5508
9468,1481,setup_complete,501.13,2,239.99,5508
9469,1481,setup_complete,0,1,29.99,5509
9470,1481,setup_complete,0,1,239.99,5510
9471,1481,setup_complete,248.36,2,239.99,5510
9472,1481,setup_complete,0,1,599.99,5511
9473,1481,setup_complete,0,1,29.99,5512
9474,1481,setup_complete,255.95,2,29.99,5512
9475,1481,setup_complete,566.51,3,29.99,5512
9476,1481,setup_complete,0,1,239.99,5513
9477,1481,setup_complete,248.36,2,239.99,5513
9480,1485,setup_complete,0,1,239.99,5516
9481,1485,setup_complete,503.48,2,239.99,5516
9485,1485,setup_complete,0,1,29.99,5519
9486,1485,setup_complete,214.17,2,29.99,5519
9487,1485,setup_complete,375.56,3,29.99,5519
9488,1485,setup_complete,0,1,599.99,5520
9489,1486,setup_complete,0,1,29.99,5521
9490,1486,setup_complete,233.14,2,29.99,5521
9491,1486,setup_complete,562.7,3,29.99,5521
9492,1486,setup_complete,0,1,239.99,5522
9493,1486,setup_complete,421.23,2,239.99,5522
9494,1486,setup_complete,0,1,29.99,5523
9495,1486,setup_complete,0,1,239.99,5524
9496,1486,setup_complete,279.95,2,239.99,5524
9497,1486,setup_complete,0,1,599.99,5525
9498,1486,setup_complete,0,1,29.99,5526
9499,1486,setup_complete,322.62,2,29.99,5526
9500,1486,setup_complete,480.68,3,29.99,5526
9502,1487,setup_complete,0,1,29.99,5528
9503,1487,setup_complete,258.28,2,29.99,5528
9504,1487,setup_complete,430.7,3,29.99,5528
9505,1487,setup_complete,0,1,239.99,5529
9506,1487,setup_complete,390.17,2,239.99,5529
9507,1487,setup_complete,0,1,29.99,5530
9508,1487,setup_complete,0,1,599.99,5531
9509,1487,setup_complete,0,1,239.99,5532
9510,1487,setup_complete,261.88,2,239.99,5532
9511,1488,setup_complete,0,1,29.99,5533
9512,1488,setup_complete,211.72,2,29.99,5533
9513,1488,setup_complete,481.95,3,29.99,5533
9516,1490,setup_complete,0,1,239.99,5535
9517,1490,setup_complete,411.7,2,239.99,5535
9518,1490,setup_complete,0,1,29.99,5536
9519,1490,setup_complete,0,1,239.99,5537
9520,1490,setup_complete,240.04,2,239.99,5537
9521,1490,setup_complete,0,1,29.99,5538
9522,1490,setup_complete,211.43,2,29.99,5538
9523,1490,setup_complete,527.8,3,29.99,5538
9524,1490,setup_complete,0,1,599.99,5539
9528,1492,setup_complete,0,1,29.99,5541
9529,1492,setup_complete,304.53,2,29.99,5541
9530,1492,setup_complete,566.89,3,29.99,5541
9531,1492,setup_complete,0,1,239.99,5542
9532,1492,setup_complete,489.29,2,239.99,5542
9533,1492,setup_complete,0,1,239.99,5543
9534,1492,setup_complete,0,1,239.99,5544
9535,1492,setup_complete,0,1,29.99,5545
9537,1493,setup_complete,0,1,29.99,5547
9538,1493,setup_complete,207.1,2,29.99,5547
9539,1493,setup_complete,557.49,3,29.99,5547
9540,1493,setup_complete,0,1,239.99,5548
9541,1493,setup_complete,424.96,2,239.99,5548
9542,1493,setup_complete,0,1,239.99,5549
9543,1493,setup_complete,257.55,2,239.99,5549
9544,1493,setup_complete,0,1,599.99,5550
9545,1493,setup_complete,0,1,29.99,5551
9546,1493,setup_complete,0,1,239.99,5552
9547,1493,setup_complete,257.55,2,239.99,5552
9551,1496,setup_complete,0,1,599.99,5554
9552,1496,setup_complete,0,1,239.99,5555
9553,1496,setup_complete,502.98,2,239.99,5555
9554,1496,setup_complete,0,1,29.99,5556
9555,1496,setup_complete,258.19,2,29.99,5556
9556,1496,setup_complete,465.77,3,29.99,5556
9557,1496,setup_complete,0,1,239.99,5557
9558,1496,setup_complete,480.21,2,239.99,5557
9559,1498,setup_complete,0,1,29.99,5558
9560,1498,setup_complete,305.07,2,29.99,5558
9561,1498,setup_complete,527.61,3,29.99,5558
9562,1498,setup_complete,0,1,239.99,5559
9563,1498,setup_complete,418.45,2,239.99,5559
9564,1498,setup_complete,0,1,29.99,5560
9565,1498,setup_complete,0,1,239.99,5561
9566,1498,setup_complete,498.89,2,239.99,5561
9567,1498,setup_complete,0,1,599.99,5562
9568,1498,setup_complete,0,1,29.99,5563
9569,1498,setup_complete,234.66,2,29.99,5563
9570,1498,setup_complete,570.39,3,29.99,5563
9577,1499,setup_complete,0,1,29.99,5567
9578,1499,setup_complete,0,1,239.99,5568
9579,1499,setup_complete,499.44,2,239.99,5568
9581,1500,setup_complete,0,1,29.99,5570
9582,1500,setup_complete,268.35,2,29.99,5570
9583,1500,setup_complete,520.59,3,29.99,5570
9584,1500,setup_complete,0,1,239.99,5571
9585,1500,setup_complete,481.79,2,239.99,5571
9586,1500,setup_complete,0,1,239.99,5572
9587,1500,setup_complete,591.19,2,239.99,5572
9588,1500,setup_complete,0,1,599.99,5573
9590,1500,setup_complete,0,1,29.99,5575
9591,1500,setup_complete,181.68,2,29.99,5575
9592,1500,setup_complete,351.66,3,29.99,5575
9593,1501,setup_complete,0,1,599.99,5576
9596,1501,setup_complete,0,1,239.99,5578
9597,1501,setup_complete,412.19,2,239.99,5578
9598,1501,setup_complete,0,1,29.99,5579
9599,1501,setup_complete,0,1,29.99,5580
9600,1501,setup_complete,288.73,2,29.99,5580
9601,1501,setup_complete,585.16,3,29.99,5580
9602,1501,setup_complete,0,1,239.99,5581
9603,1501,setup_complete,248.78,2,239.99,5581
9610,1502,setup_complete,0,1,239.99,5585
9611,1502,setup_complete,485.19,2,239.99,5585
9612,1502,setup_complete,0,1,599.99,5586
9613,1503,setup_complete,0,1,29.99,5587
9614,1503,setup_complete,236.93,2,29.99,5587
9615,1503,setup_complete,509.96,3,29.99,5587
9616,1503,setup_complete,0,1,239.99,5588
9617,1503,setup_complete,503.19,2,239.99,5588
9618,1503,setup_complete,0,1,239.99,5589
9619,1503,setup_complete,424.92,2,239.99,5589
9620,1503,setup_complete,0,1,239.99,5590
9621,1503,setup_complete,424.92,2,239.99,5590
9622,1503,setup_complete,0,1,29.99,5591
9623,1503,setup_complete,0,1,29.99,5592
9624,1504,setup_complete,0,1,29.99,5593
9625,1504,setup_complete,377.27,2,29.99,5593
9626,1504,setup_complete,674.3,3,29.99,5593
9627,1504,setup_complete,0,1,239.99,5594
9628,1504,setup_complete,425.91,2,239.99,5594
9631,1504,setup_complete,0,1,239.99,5596
9632,1504,setup_complete,418.68,2,239.99,5596
9633,1504,setup_complete,0,1,599.99,5597
9634,1504,setup_complete,0,1,29.99,5598
9635,1504,setup_complete,0,1,29.99,5599
9636,1504,setup_complete,0,1,29.99,5600
9637,1504,setup_complete,0,1,239.99,5601
9638,1504,setup_complete,497.83,2,239.99,5601
9639,1504,setup_complete,0,1,29.99,5602
9640,1504,setup_complete,0,1,29.99,5603
9654,1506,setup_complete,0,1,29.99,5612
9655,1506,setup_complete,183.86,2,29.99,5612
9656,1506,setup_complete,490.18,3,29.99,5612
9657,1506,setup_complete,0,1,239.99,5613
9658,1506,setup_complete,518.64,2,239.99,5613
9659,1506,setup_complete,0,1,29.99,5614
9660,1506,setup_complete,0,1,239.99,5615
9661,1506,setup_complete,493.21,2,239.99,5615
9662,1506,setup_complete,0,1,599.99,5616
9667,1503,setup_complete,0,1,239.99,5620
9668,1503,setup_complete,424.92,2,239.99,5620
9669,1507,setup_complete,0,1,29.99,5621
9670,1507,setup_complete,263.15,2,29.99,5621
9671,1507,setup_complete,542.49,3,29.99,5621
9672,1507,setup_complete,0,1,599.99,5622
9673,1507,setup_complete,0,1,239.99,5623
9674,1507,setup_complete,386.02,2,239.99,5623
9675,1507,setup_complete,0,1,239.99,5624
9676,1507,setup_complete,325.92,2,239.99,5624
9677,1507,setup_complete,0,1,29.99,5625
9678,1507,setup_complete,0,1,29.99,5626
9679,1508,setup_complete,0,1,239.99,5627
9680,1508,setup_complete,390.06,2,239.99,5627
9681,1508,setup_complete,0,1,29.99,5628
9682,1508,setup_complete,250.25,2,29.99,5628
9686,1509,setup_complete,0,1,239.99,5630
9687,1509,setup_complete,314.41,2,239.99,5630
9688,1509,setup_complete,0,1,239.99,5631
9689,1509,setup_complete,314.41,2,239.99,5631
9690,1509,setup_complete,0,1,239.99,5632
9691,1509,setup_complete,440.39,2,239.99,5632
9692,1509,setup_complete,0,1,599.99,5633
9693,1509,setup_complete,0,1,29.99,5634
9694,1510,setup_complete,0,1,29.99,5635
9695,1510,setup_complete,341.92,2,29.99,5635
9696,1510,setup_complete,634.09,3,29.99,5635
9705,1510,setup_complete,0,1,239.99,5640
9706,1510,setup_complete,241.78,2,239.99,5640
9713,1510,setup_complete,0,1,239.99,5644
9714,1510,setup_complete,480.2,2,239.99,5644
9715,1510,setup_complete,0,1,29.99,5645
9716,1510,setup_complete,0,1,599.99,5646
9717,1511,setup_complete,0,1,29.99,5647
9718,1511,setup_complete,316.79,2,29.99,5647
9719,1511,setup_complete,619.93,3,29.99,5647
9720,1511,setup_complete,0,1,239.99,5648
9721,1511,setup_complete,280.16,2,239.99,5648
9722,1511,setup_complete,0,1,599.99,5649
9723,1511,setup_complete,0,1,239.99,5650
9724,1511,setup_complete,473.25,2,239.99,5650
9725,1511,setup_complete,0,1,29.99,5651
9726,1509,setup_complete,0,1,29.99,5652
9727,1509,setup_complete,245.16,2,29.99,5652
9728,1509,setup_complete,579.42,3,29.99,5652
9729,1512,setup_complete,0,1,29.99,5653
9730,1512,setup_complete,326.43,2,29.99,5653
9731,1512,setup_complete,642.25,3,29.99,5653
9732,1512,setup_complete,0,1,239.99,5654
9733,1512,setup_complete,425.19,2,239.99,5654
9734,1512,setup_complete,0,1,29.99,5655
9735,1512,setup_complete,0,1,239.99,5656
9736,1512,setup_complete,496.94,2,239.99,5656
9737,1512,setup_complete,0,1,599.99,5657
9738,1512,setup_complete,0,1,29.99,5658
9739,1512,setup_complete,283.82,2,29.99,5658
9740,1514,setup_complete,0,1,29.99,5659
9741,1514,setup_complete,312.88,2,29.99,5659
9742,1514,setup_complete,480.61,3,29.99,5659
9743,1514,setup_complete,0,1,239.99,5660
9744,1514,setup_complete,528.2,2,239.99,5660
9745,1514,setup_complete,0,1,29.99,5661
9746,1514,setup_complete,0,1,239.99,5662
9747,1514,setup_complete,473.37,2,239.99,5662
9748,1514,setup_complete,0,1,239.99,5663
9749,1514,setup_complete,306.21,2,239.99,5663
9761,1520,setup_complete,0,1,29.99,5670
9762,1520,setup_complete,184.21,2,29.99,5670
9763,1520,setup_complete,340.7,3,29.99,5670
9764,1520,setup_complete,0,1,239.99,5671
9765,1520,setup_complete,436.04,2,239.99,5671
9766,1520,setup_complete,0,1,239.99,5672
9767,1520,setup_complete,517.66,2,239.99,5672
9768,1521,setup_complete,0,1,29.99,5673
9769,1521,setup_complete,169.5,2,29.99,5673
9770,1521,setup_complete,336.42,3,29.99,5673
9771,1521,setup_complete,0,1,239.99,5674
9772,1521,setup_complete,270.89,2,239.99,5674
9773,1521,setup_complete,0,1,239.99,5675
9774,1521,setup_complete,341.46,2,239.99,5675
9775,1521,setup_complete,0,1,29.99,5676
9776,1521,setup_complete,0,1,599.99,5677
9777,1521,setup_complete,0,1,29.99,5678
9778,1521,setup_complete,217.73,2,29.99,5678
9779,1521,setup_complete,393.67,3,29.99,5678
9780,1520,setup_complete,0,1,29.99,5679
9781,1520,setup_complete,0,1,599.99,5680
9782,1520,setup_complete,0,1,29.99,5681
9783,1520,setup_complete,282.3,2,29.99,5681
9784,1520,setup_complete,444.71,3,29.99,5681
9805,1522,setup_complete,0,1,29.99,5693
9806,1522,setup_complete,242.62,2,29.99,5693
9807,1522,setup_complete,571.95,3,29.99,5693
9808,1522,setup_complete,0,1,239.99,5694
9809,1522,setup_complete,537.12,2,239.99,5694
9810,1522,setup_complete,0,1,29.99,5695
9811,1522,setup_complete,0,1,239.99,5696
9812,1522,setup_complete,370.68,2,239.99,5696
9813,1522,setup_complete,0,1,599.99,5697
9818,1523,setup_complete,0,1,29.99,5700
9819,1523,setup_complete,330.55,2,29.99,5700
9820,1523,setup_complete,493.73,3,29.99,5700
9821,1523,setup_complete,0,1,239.99,5701
9822,1523,setup_complete,505.39,2,239.99,5701
9823,1523,setup_complete,0,1,29.99,5702
9848,1525,setup_complete,0,1,29.99,5714
9849,1525,setup_complete,239.8,2,29.99,5714
9850,1525,setup_complete,494.4,3,29.99,5714
9851,1525,setup_complete,0,1,239.99,5715
9852,1525,setup_complete,357.38,2,239.99,5715
9853,1525,setup_complete,0,1,29.99,5716
9854,1525,setup_complete,0,1,599.99,5717
9855,1525,setup_complete,0,1,239.99,5718
9856,1525,setup_complete,429.45,2,239.99,5718
9857,1525,setup_complete,0,1,29.99,5719
9858,1525,setup_complete,262.28,2,29.99,5719
9859,1525,setup_complete,538.23,3,29.99,5719
9860,1526,setup_complete,0,1,29.99,5720
9861,1526,setup_complete,178.78,2,29.99,5720
9862,1526,setup_complete,337.31,3,29.99,5720
9863,1526,setup_complete,0,1,239.99,5721
9864,1526,setup_complete,427.51,2,239.99,5721
9865,1526,setup_complete,0,1,239.99,5722
9866,1526,setup_complete,414.15,2,239.99,5722
9867,1526,setup_complete,0,1,29.99,5723
9868,1526,setup_complete,0,1,599.99,5724
9869,1526,setup_complete,0,1,239.99,5725
9870,1526,setup_complete,265.6,2,239.99,5725
9871,1527,setup_complete,0,1,239.99,5726
9872,1527,setup_complete,240.04,2,239.99,5726
9873,1528,setup_complete,0,1,29.99,5727
9874,1528,setup_complete,293.24,2,29.99,5727
9875,1528,setup_complete,482.6,3,29.99,5727
9876,1529,setup_complete,0,1,29.99,5728
9877,1529,setup_complete,293.24,2,29.99,5728
9878,1529,setup_complete,482.6,3,29.99,5728
9879,1529,setup_complete,0,1,239.99,5729
9880,1529,setup_complete,256.51,2,239.99,5729
9881,1529,setup_complete,0,1,239.99,5730
9882,1529,setup_complete,269.62,2,239.99,5730
9883,1529,setup_complete,0,1,239.99,5731
9884,1529,setup_complete,269.62,2,239.99,5731
9885,1529,setup_complete,0,1,239.99,5732
9886,1529,setup_complete,485.17,2,239.99,5732
9887,1529,setup_complete,0,1,29.99,5733
9890,1529,setup_complete,0,1,29.99,5736
9891,1530,setup_complete,0,1,29.99,5737
9892,1530,setup_complete,186.69,2,29.99,5737
9893,1530,setup_complete,449.32,3,29.99,5737
9894,1530,setup_complete,0,1,239.99,5738
9895,1530,setup_complete,496.03,2,239.99,5738
9898,1534,setup_complete,0,1,29.99,5741
9899,1534,setup_complete,247.43,2,29.99,5741
9900,1534,setup_complete,581.2,3,29.99,5741
9901,1534,setup_complete,0,1,239.99,5742
9902,1534,setup_complete,328.95,2,239.99,5742
9903,1534,setup_complete,0,1,599.99,5743
9904,1534,setup_complete,0,1,239.99,5744
9905,1534,setup_complete,434.82,2,239.99,5744
9906,1534,setup_complete,0,1,29.99,5745
9907,1534,setup_complete,0,1,29.99,5746
9908,1534,setup_complete,305.89,2,29.99,5746
9909,1534,setup_complete,572.42,3,29.99,5746
9910,1535,setup_complete,0,1,29.99,5747
9911,1535,setup_complete,253.77,2,29.99,5747
9912,1535,setup_complete,546.9,3,29.99,5747
9913,1535,setup_complete,0,1,239.99,5748
9914,1535,setup_complete,422.93,2,239.99,5748
9915,1535,setup_complete,0,1,29.99,5749
9916,1535,setup_complete,0,1,239.99,5750
9917,1535,setup_complete,498.93,2,239.99,5750
9919,1535,setup_complete,0,1,599.99,5752
9935,1537,setup_complete,0,1,29.99,5761
9936,1537,setup_complete,0,1,599.99,5762
9937,1537,setup_complete,0,1,239.99,5763
9938,1537,setup_complete,498.93,2,239.99,5763
9939,1537,setup_complete,0,1,29.99,5764
9940,1537,setup_complete,253.77,2,29.99,5764
9941,1537,setup_complete,546.9,3,29.99,5764
9942,1537,setup_complete,0,1,239.99,5765
9943,1537,setup_complete,422.93,2,239.99,5765
9944,1538,setup_complete,0,1,29.99,5766
9945,1538,setup_complete,248.04,2,29.99,5766
9946,1538,setup_complete,430.45,3,29.99,5766
9947,1539,setup_complete,0,1,29.99,5767
9948,1539,setup_complete,248.04,2,29.99,5767
9949,1539,setup_complete,430.45,3,29.99,5767
9950,1540,setup_complete,0,1,29.99,5768
9951,1540,setup_complete,0,1,239.99,5769
9952,1540,setup_complete,420.79,2,239.99,5769
9953,1540,setup_complete,0,1,239.99,5770
9954,1540,setup_complete,420,2,239.99,5770
9955,1540,setup_complete,0,1,599.98,5771
9956,1540,setup_complete,0,1,239.99,5772
9957,1540,setup_complete,420.79,2,239.99,5772
9958,1541,setup_complete,0,1,599.99,5773
9959,1542,setup_complete,0,1,599.99,5774
9960,1543,setup_complete,0,1,239.99,5775
9961,1543,setup_complete,453.51,2,239.99,5775
9962,1543,setup_complete,942.68,3,59.99,5775
9963,1543,setup_complete,1082.23,4,89.41,5775
9964,1544,setup_complete,0,1,239.99,5776
9965,1544,setup_complete,453.51,2,239.99,5776
9966,1544,setup_complete,942.68,3,59.99,5776
9967,1544,setup_complete,1082.23,4,89.41,5776
9968,1545,setup_complete,0,1,599.99,5777
9969,1546,setup_complete,0,1,599.99,5778
9970,1547,setup_complete,0,1,239.99,5779
9971,1547,setup_complete,495.73,2,239.99,5779
9972,1547,setup_complete,730.27,3,59.99,5779
9973,1547,setup_complete,863.83,4,305.36,5779
9974,1547,setup_complete,0,1,239.99,5780
9975,1547,setup_complete,453.51,2,239.99,5780
9976,1547,setup_complete,942.68,3,59.99,5780
9977,1547,setup_complete,1082.23,4,89.41,5780
9978,1548,setup_complete,0,1,599.99,5781
9979,1548,setup_complete,0,1,239.99,5782
9980,1548,setup_complete,245.29,2,239.99,5782
9981,1548,setup_complete,0,1,29.99,5783
9982,1548,setup_complete,172.67,2,29.99,5783
9983,1548,setup_complete,351.32,3,29.99,5783
9984,1549,setup_complete,0,1,29.99,5784
9985,1549,setup_complete,189.15,2,29.99,5784
9986,1549,setup_complete,347.71,3,29.99,5784
9987,1549,setup_complete,0,1,239.99,5785
9988,1549,setup_complete,330.3,2,239.99,5785
9989,1549,setup_complete,0,1,29.99,5786
9990,1549,setup_complete,0,1,239.99,5787
9991,1549,setup_complete,490.02,2,239.99,5787
9992,1549,setup_complete,0,1,599.99,5788
9993,1550,setup_complete,0,1,29.99,5789
9994,1550,setup_complete,329.38,2,29.99,5789
9995,1550,setup_complete,551.86,3,29.99,5789
9996,1550,setup_complete,0,1,239.99,5790
9997,1550,setup_complete,240.04,2,239.99,5790
9998,1550,setup_complete,0,1,599.99,5791
10002,1552,setup_complete,0,1,599.99,5793
10003,1553,setup_complete,0,1,29.99,5794
10004,1553,setup_complete,229.94,2,29.99,5794
10005,1553,setup_complete,520.03,3,29.99,5794
10006,1553,setup_complete,0,1,239.99,5795
10007,1553,setup_complete,355.97,2,239.99,5795
10008,1553,setup_complete,0,1,599.98,5796
10009,1553,setup_complete,0,1,29.99,5797
10010,1553,setup_complete,0,1,29.99,5798
10011,1552,setup_complete,0,1,29.99,5799
10012,1552,setup_complete,0,1,239.99,5800
10013,1552,setup_complete,449.56,2,239.99,5800
10014,1552,setup_complete,0,1,239.99,5801
10015,1552,setup_complete,240.04,2,239.99,5801
10016,1552,setup_complete,0,1,29.99,5802
10017,1552,setup_complete,294.68,2,29.99,5802
10018,1552,setup_complete,604.55,3,29.99,5802
10019,1554,setup_complete,0,1,29.99,5803
10020,1554,setup_complete,0,1,239.99,5804
10021,1554,setup_complete,464.16,2,239.99,5804
10022,1555,setup_complete,0,1,29.99,5805
10023,1555,setup_complete,254.28,2,29.99,5805
10024,1555,setup_complete,564.84,3,29.99,5805
10025,1555,setup_complete,0,1,239.99,5806
10026,1555,setup_complete,480.26,2,239.99,5806
10027,1555,setup_complete,0,1,29.99,5807
10028,1555,setup_complete,0,1,239.99,5808
10029,1555,setup_complete,533.28,2,239.99,5808
10030,1555,setup_complete,0,1,599.99,5809
10031,1557,setup_complete,0,1,29.99,5810
10032,1557,setup_complete,236.92,2,29.99,5810
10033,1557,setup_complete,554.06,3,29.99,5810
10034,1557,setup_complete,0,1,239.99,5811
10035,1557,setup_complete,301.79,2,239.99,5811
10036,1557,setup_complete,0,1,239.99,5812
10037,1557,setup_complete,294.39,2,239.99,5812
10039,1557,setup_complete,0,1,599.99,5814
10040,1557,setup_complete,0,1,29.99,5815
10041,1558,setup_complete,0,1,29.99,5816
10042,1558,setup_complete,225.23,2,29.99,5816
10043,1558,setup_complete,470.36,3,29.99,5816
10044,1558,setup_complete,0,1,239.99,5817
10045,1558,setup_complete,484.79,2,239.99,5817
10046,1558,setup_complete,0,1,239.99,5818
10047,1558,setup_complete,490.34,2,239.99,5818
10048,1558,setup_complete,0,1,29.99,5819
10049,1558,setup_complete,0,1,599.99,5820
10050,1559,setup_complete,0,1,239.99,5821
10051,1559,setup_complete,480.25,2,239.99,5821
10052,1560,setup_complete,0,1,239.99,5822
10053,1560,setup_complete,480.25,2,239.99,5822
10054,1561,setup_complete,0,1,599.99,5823
10055,1561,setup_complete,0,1,29.99,5824
10056,1561,setup_complete,0,1,239.99,5825
10057,1561,setup_complete,525.05,2,239.99,5825
10058,1561,setup_complete,0,1,29.99,5826
10059,1561,setup_complete,281.79,2,29.99,5826
10060,1561,setup_complete,570.62,3,29.99,5826
10061,1561,setup_complete,0,1,239.99,5827
10062,1561,setup_complete,480.25,2,239.99,5827
10063,1561,setup_complete,0,1,239.99,5828
10064,1561,setup_complete,480.25,2,239.99,5828
10065,1562,setup_complete,0,1,29.99,5829
10066,1562,setup_complete,164.95,2,29.99,5829
10067,1562,setup_complete,431.45,3,29.99,5829
10068,1562,setup_complete,0,1,239.99,5830
10069,1562,setup_complete,281.49,2,239.99,5830
10070,1562,setup_complete,0,1,29.99,5831
10071,1562,setup_complete,0,1,239.99,5832
10072,1562,setup_complete,426.34,2,239.99,5832
10073,1562,setup_complete,0,1,599.99,5833
10074,1562,setup_complete,0,1,29.99,5834
10075,1562,setup_complete,227.86,2,29.99,5834
10076,1562,setup_complete,446.64,3,29.99,5834
10077,1563,setup_complete,0,1,29.99,5835
10078,1563,setup_complete,247.59,2,29.99,5835
10079,1563,setup_complete,487.02,3,29.99,5835
10082,1563,setup_complete,0,1,29.99,5837
10083,1563,setup_complete,0,1,239.99,5838
10084,1563,setup_complete,342.98,2,239.99,5838
10085,1563,setup_complete,0,1,599.99,5839
10086,1563,setup_complete,0,1,29.99,5840
10087,1563,setup_complete,182.58,2,29.99,5840
10088,1563,setup_complete,345.46,3,29.99,5840
10089,1563,setup_complete,0,1,239.99,5841
10090,1563,setup_complete,507.62,2,239.99,5841
10091,1564,setup_complete,0,1,29.99,5842
10092,1564,setup_complete,276.12,2,29.99,5842
10093,1564,setup_complete,472.46,3,29.99,5842
10094,1564,setup_complete,0,1,29.99,5843
10095,1564,setup_complete,0,1,599.99,5844
10096,1564,setup_complete,0,1,239.99,5845
10097,1564,setup_complete,529.83,2,239.99,5845
10098,1564,setup_complete,0,1,239.99,5846
10099,1564,setup_complete,418.09,2,239.99,5846
10100,1565,setup_complete,0,1,29.99,5847
10101,1565,setup_complete,246.3,2,29.99,5847
10102,1565,setup_complete,515.57,3,29.99,5847
10103,1565,setup_complete,0,1,239.99,5848
10104,1565,setup_complete,302.64,2,239.99,5848
10105,1565,setup_complete,0,1,239.99,5849
10106,1565,setup_complete,247.03,2,239.99,5849
10107,1565,setup_complete,0,1,599.99,5850
10108,1565,setup_complete,0,1,29.99,5851
10109,1566,setup_complete,0,1,29.99,5852
10110,1566,setup_complete,308.86,2,29.99,5852
10111,1566,setup_complete,594.84,3,29.99,5852
10112,1566,setup_complete,0,1,239.99,5853
10113,1566,setup_complete,365.01,2,239.99,5853
10116,1567,setup_complete,0,1,29.99,5855
10117,1567,setup_complete,225.09,2,29.99,5855
10118,1567,setup_complete,470.54,3,29.99,5855
10119,1567,setup_complete,0,1,239.99,5856
10120,1567,setup_complete,351.34,2,239.99,5856
10121,1568,setup_complete,0,1,29.99,5857
10122,1568,setup_complete,258.19,2,29.99,5857
10123,1568,setup_complete,0,1,29.99,5858
10124,1568,setup_complete,258.19,2,29.99,5858
10125,1568,setup_complete,427.08,3,29.99,5858
10127,1568,setup_complete,0,1,239.99,5860
10128,1568,setup_complete,423.92,2,239.99,5860
10129,1568,setup_complete,0,1,29.99,5861
10130,1568,setup_complete,0,1,29.99,5862
10131,1568,setup_complete,0,1,239.99,5863
10132,1568,setup_complete,502.14,2,239.99,5863
10133,1568,setup_complete,0,1,599.98,5864
10134,1568,setup_complete,0,1,29.99,5865
10135,1568,setup_complete,426.97,2,29.99,5865
10136,1568,setup_complete,613.87,3,29.99,5865
10137,1568,setup_complete,0,1,29.99,5866
10154,1570,setup_complete,0,1,239.99,5879
10155,1570,setup_complete,458.28,2,239.99,5879
10156,1570,setup_complete,0,1,239.99,5880
10157,1570,setup_complete,445.86,2,239.99,5880
10158,1570,setup_complete,0,1,599.99,5881
10159,1570,setup_complete,0,1,29.99,5882
10162,1570,setup_complete,0,1,29.99,5885
10163,1571,setup_complete,0,1,29.99,5886
10164,1571,setup_complete,262.44,2,29.99,5886
10165,1571,setup_complete,500.21,3,29.99,5886
10166,1571,setup_complete,0,1,239.99,5887
10167,1571,setup_complete,323.92,2,239.99,5887
10168,1571,setup_complete,0,1,29.99,5888
10169,1571,setup_complete,0,1,239.99,5889
10170,1571,setup_complete,485.21,2,239.99,5889
10171,1571,setup_complete,0,1,29.99,5890
10172,1571,setup_complete,168.67,2,29.99,5890
10173,1571,setup_complete,461.24,3,29.99,5890
10174,1571,setup_complete,0,1,599.99,5891
10189,1576,setup_complete,0,1,29.99,5897
10190,1576,setup_complete,224.82,2,29.99,5897
10191,1576,setup_complete,411.6,3,29.99,5897
10192,1576,setup_complete,0,1,239.99,5898
10193,1576,setup_complete,487.21,2,239.99,5898
10194,1577,setup_complete,0,1,29.99,5899
10195,1577,setup_complete,163.24,2,29.99,5899
10196,1577,setup_complete,421.84,3,29.99,5899
10197,1577,setup_complete,0,1,239.99,5900
10198,1577,setup_complete,486.84,2,239.99,5900
10199,1577,setup_complete,0,1,29.99,5901
10200,1577,setup_complete,0,1,599.99,5902
10201,1577,setup_complete,0,1,239.99,5903
10202,1577,setup_complete,369.82,2,239.99,5903
10203,1577,setup_complete,0,1,29.99,5904
10204,1577,setup_complete,189.65,2,29.99,5904
10205,1577,setup_complete,438.23,3,29.99,5904
10206,1577,setup_complete,0,1,239.99,5905
10207,1577,setup_complete,369.82,2,239.99,5905
10208,1577,setup_complete,0,1,239.99,5906
10209,1577,setup_complete,369.82,2,239.99,5906
10210,1577,setup_complete,0,1,239.99,5907
10211,1577,setup_complete,369.82,2,239.99,5907
10212,1578,setup_complete,0,1,239.99,5908
10213,1578,setup_complete,480.27,2,239.99,5908
10214,1578,setup_complete,0,1,29.99,5909
10215,1578,setup_complete,0,1,599.99,5910
10216,1579,setup_complete,0,1,29.99,5911
10217,1579,setup_complete,209.8,2,29.99,5911
10218,1579,setup_complete,390.4,3,29.99,5911
10219,1579,setup_complete,0,1,239.99,5912
10220,1579,setup_complete,394.88,2,239.99,5912
10221,1579,setup_complete,0,1,29.99,5913
10222,1579,setup_complete,0,1,239.99,5914
10223,1579,setup_complete,474.04,2,239.99,5914
10224,1579,setup_complete,0,1,599.99,5915
10234,1580,setup_complete,0,1,29.99,5919
10235,1580,setup_complete,331.14,2,29.99,5919
10236,1580,setup_complete,511.24,3,29.99,5919
10237,1580,setup_complete,0,1,599.99,5920
10238,1580,setup_complete,0,1,239.99,5921
10239,1580,setup_complete,240.04,2,239.99,5921
10240,1581,setup_complete,0,1,29.99,5922
10241,1581,setup_complete,339.62,2,29.99,5922
10242,1581,setup_complete,638.02,3,29.99,5922
10244,1581,setup_complete,0,1,239.99,5924
10245,1581,setup_complete,404.22,2,239.99,5924
10246,1581,setup_complete,0,1,29.99,5925
10247,1581,setup_complete,0,1,239.99,5926
10248,1581,setup_complete,404.22,2,239.99,5926
10249,1581,setup_complete,0,1,239.99,5927
10250,1581,setup_complete,404.22,2,239.99,5927
10251,1581,setup_complete,0,1,239.99,5928
10252,1581,setup_complete,505.11,2,239.99,5928
10253,1581,setup_complete,0,1,599.99,5929
10254,1581,setup_complete,0,1,599.99,5930
10255,1581,setup_complete,0,1,239.99,5931
10256,1581,setup_complete,404.22,2,239.99,5931
10257,1581,setup_complete,0,1,239.99,5932
10258,1581,setup_complete,404.22,2,239.99,5932
10259,1582,setup_complete,0,1,29.99,5933
10260,1582,setup_complete,182.48,2,29.99,5933
10261,1582,setup_complete,398.65,3,29.99,5933
10262,1582,setup_complete,0,1,239.99,5934
10263,1582,setup_complete,491.13,2,239.99,5934
10264,1582,setup_complete,0,1,29.99,5935
10265,1582,setup_complete,0,1,599.99,5936
10266,1582,setup_complete,0,1,239.99,5937
10267,1582,setup_complete,473.37,2,239.99,5937
10268,1582,setup_complete,0,1,29.99,5938
10269,1582,setup_complete,249.72,2,29.99,5938
10270,1582,setup_complete,408.99,3,29.99,5938
10271,1583,setup_complete,0,1,29.99,5939
10272,1583,setup_complete,210.36,2,29.99,5939
10273,1583,setup_complete,473.39,3,29.99,5939
10274,1584,setup_complete,0,1,239.99,5940
10275,1584,setup_complete,520.98,2,239.99,5940
10276,1584,setup_complete,0,1,29.99,5941
10277,1584,setup_complete,0,1,599.99,5942
10278,1585,setup_complete,0,1,29.99,5943
10279,1585,setup_complete,252.11,2,29.99,5943
10280,1585,setup_complete,407.58,3,29.99,5943
10281,1585,setup_complete,0,1,239.99,5944
10282,1585,setup_complete,240.04,2,239.99,5944
10283,1585,setup_complete,0,1,29.99,5945
10284,1585,setup_complete,0,1,239.99,5946
10285,1585,setup_complete,329.39,2,239.99,5946
10286,1585,setup_complete,0,1,599.99,5947
10287,1585,setup_complete,0,1,29.99,5948
10288,1585,setup_complete,287.05,2,29.99,5948
10289,1585,setup_complete,448.02,3,29.99,5948
10291,1586,setup_complete,0,1,29.99,5950
10292,1586,setup_complete,210.36,2,29.99,5950
10293,1586,setup_complete,473.39,3,29.99,5950
10294,1586,setup_complete,0,1,29.99,5951
10295,1586,setup_complete,263.56,2,29.99,5951
10296,1586,setup_complete,567.72,3,29.99,5951
10299,1586,setup_complete,0,1,239.99,5953
10300,1586,setup_complete,403.62,2,239.99,5953
10301,1586,setup_complete,0,1,599.99,5954
10302,1586,setup_complete,0,1,29.99,5955
10303,1586,setup_complete,0,1,599.99,5956
10308,1588,setup_complete,0,1,29.99,5959
10309,1588,setup_complete,311.91,2,29.99,5959
10310,1588,setup_complete,515.24,3,29.99,5959
10311,1588,setup_complete,0,1,239.99,5960
10312,1588,setup_complete,480.2,2,239.99,5960
10313,1588,setup_complete,0,1,599.99,5961
10315,1584,setup_complete,0,1,29.99,5963
10316,1584,setup_complete,210.36,2,29.99,5963
10317,1584,setup_complete,473.39,3,29.99,5963
10320,1584,setup_complete,0,1,239.99,5965
10321,1584,setup_complete,413.24,2,239.99,5965
10325,1590,setup_complete,0,1,29.99,5967
10326,1590,setup_complete,319.85,2,29.99,5967
10327,1590,setup_complete,511.19,3,29.99,5967
10328,1590,setup_complete,0,1,239.99,5968
10329,1590,setup_complete,402.99,2,239.99,5968
10330,1590,setup_complete,0,1,29.99,5969
10331,1590,setup_complete,0,1,239.99,5970
10332,1590,setup_complete,245.03,2,239.99,5970
10333,1590,setup_complete,0,1,599.99,5971
10334,1590,setup_complete,0,1,29.99,5972
10335,1590,setup_complete,269.34,2,29.99,5972
10336,1590,setup_complete,568.82,3,29.99,5972
10337,1591,setup_complete,0,1,29.99,5973
10338,1591,setup_complete,189.52,2,29.99,5973
10339,1591,setup_complete,523,3,29.99,5973
10340,1591,setup_complete,0,1,239.99,5974
10341,1591,setup_complete,516.12,2,239.99,5974
10342,1591,setup_complete,0,1,29.99,5975
10343,1591,setup_complete,0,1,239.99,5976
10344,1591,setup_complete,355.61,2,239.99,5976
10345,1591,setup_complete,0,1,599.99,5977
10346,1591,setup_complete,0,1,29.99,5978
10347,1591,setup_complete,364.28,2,29.99,5978
10348,1591,setup_complete,690.4,3,29.99,5978
10349,1592,setup_complete,0,1,29.99,5979
10350,1592,setup_complete,244.38,2,29.99,5979
10351,1592,setup_complete,407.87,3,29.99,5979
10352,1592,setup_complete,0,1,599.99,5980
10353,1592,setup_complete,0,1,239.99,5981
10354,1592,setup_complete,418.34,2,239.99,5981
10355,1592,setup_complete,0,1,29.99,5982
10356,1592,setup_complete,0,1,239.99,5983
10357,1592,setup_complete,464.13,2,239.99,5983
10360,1594,setup_complete,0,1,29.99,5985
10361,1594,setup_complete,290.89,2,29.99,5985
10362,1594,setup_complete,0,1,599.99,5986
10363,1594,setup_complete,0,1,239.99,5987
10364,1594,setup_complete,508.34,2,239.99,5987
10365,1594,setup_complete,0,1,239.99,5988
10366,1594,setup_complete,527.16,2,239.99,5988
10367,1594,setup_complete,0,1,29.99,5989
10379,1600,setup_complete,0,1,29.99,5996
10380,1600,setup_complete,319.01,2,29.99,5996
10381,1600,setup_complete,549.68,3,29.99,5996
10382,1600,setup_complete,0,1,599.99,5997
10383,1600,setup_complete,0,1,29.99,5998
10384,1600,setup_complete,0,1,29.99,5999
10385,1600,setup_complete,0,1,29.99,6000
10390,1600,setup_complete,0,1,29.99,6003
10391,1600,setup_complete,0,1,239.99,6004
10392,1600,setup_complete,480.2,2,239.99,6004
10395,1600,setup_complete,0,1,239.99,6006
10396,1600,setup_complete,533.32,2,239.99,6006
10397,1600,setup_complete,0,1,29.99,6007
10398,1600,setup_complete,0,1,29.99,6008
10399,1600,setup_complete,177.93,2,29.99,6008
10400,1600,setup_complete,365.94,3,29.99,6008
10401,1601,setup_complete,0,1,29.99,6009
10402,1601,setup_complete,189.27,2,29.99,6009
10403,1601,setup_complete,385.22,3,29.99,6009
10404,1601,setup_complete,0,1,239.99,6010
10405,1601,setup_complete,438.08,2,239.99,6010
10406,1601,setup_complete,0,1,599.99,6011
10407,1601,setup_complete,0,1,239.99,6012
10408,1601,setup_complete,264.51,2,239.99,6012
10409,1601,setup_complete,0,1,29.99,6013
10410,1601,setup_complete,0,1,239.99,6014
10411,1601,setup_complete,395.45,2,239.99,6014
10412,1601,setup_complete,0,1,239.99,6015
10413,1601,setup_complete,395.45,2,239.99,6015
10414,1601,setup_complete,0,1,239.99,6016
10415,1601,setup_complete,395.45,2,239.99,6016
10416,1601,setup_complete,0,1,239.99,6017
10417,1601,setup_complete,395.45,2,239.99,6017
10418,1601,setup_complete,0,1,239.99,6018
10419,1601,setup_complete,395.45,2,239.99,6018
10420,1601,setup_complete,0,1,239.99,6019
10421,1601,setup_complete,395.45,2,239.99,6019
10422,1601,setup_complete,0,1,239.99,6020
10423,1601,setup_complete,395.45,2,239.99,6020
10424,1602,setup_complete,0,1,29.99,6021
10425,1602,setup_complete,329.28,2,29.99,6021
10426,1602,setup_complete,604.18,3,29.99,6021
10427,1602,setup_complete,0,1,599.99,6022
10428,1602,setup_complete,0,1,239.99,6023
10429,1602,setup_complete,367.43,2,239.99,6023
10430,1602,setup_complete,0,1,239.99,6024
10431,1602,setup_complete,507.09,2,239.99,6024
10432,1602,setup_complete,0,1,29.99,6025
10433,1602,setup_complete,0,1,599.99,6026
10434,1603,setup_complete,0,1,29.99,6027
10435,1603,setup_complete,215,2,29.99,6027
10436,1603,setup_complete,411.57,3,29.99,6027
10437,1603,setup_complete,0,1,239.99,6028
10438,1603,setup_complete,225.41,2,239.99,6028
10439,1603,setup_complete,0,1,599.99,6029
10440,1603,setup_complete,0,1,599.99,6030
10441,1604,setup_complete,0,1,29.99,6031
10442,1604,setup_complete,162.01,2,29.99,6031
10443,1604,setup_complete,370.63,3,29.99,6031
10444,1604,setup_complete,0,1,239.99,6032
10445,1604,setup_complete,397.75,2,239.99,6032
10446,1604,setup_complete,0,1,29.99,6033
10447,1604,setup_complete,0,1,599.99,6034
10448,1605,setup_complete,0,1,29.99,6035
10449,1605,setup_complete,162.71,2,29.99,6035
10450,1605,setup_complete,518.59,3,29.99,6035
10451,1605,setup_complete,0,1,239.99,6036
10452,1605,setup_complete,367.03,2,239.99,6036
10453,1605,setup_complete,0,1,239.99,6037
10454,1605,setup_complete,396.31,2,239.99,6037
10455,1605,setup_complete,0,1,599.99,6038
10456,1605,setup_complete,0,1,29.99,6039
10457,1605,setup_complete,0,1,29.99,6040
10458,1605,setup_complete,0,1,599.99,6041
10459,1604,setup_complete,0,1,239.99,6042
10460,1604,setup_complete,371.28,2,239.99,6042
10461,1606,setup_complete,0,1,29.99,6043
10462,1606,setup_complete,268.14,2,29.99,6043
10463,1606,setup_complete,454.73,3,29.99,6043
10464,1606,setup_complete,0,1,239.99,6044
10465,1606,setup_complete,388.66,2,239.99,6044
10466,1606,setup_complete,0,1,29.99,6045
10467,1606,setup_complete,0,1,599.99,6046
10468,1606,setup_complete,0,1,599.99,6047
10469,1606,setup_complete,0,1,239.99,6048
10470,1606,setup_complete,390.29,2,239.99,6048
10471,1606,setup_complete,0,1,599.99,6049
10472,1609,setup_complete,0,1,239.99,6050
10473,1609,setup_complete,455.31,2,239.99,6050
10474,1609,setup_complete,0,1,239.99,6051
10475,1609,setup_complete,480.28,2,239.99,6051
10476,1609,setup_complete,0,1,29.99,6052
10477,1609,setup_complete,179.61,2,29.99,6052
10478,1609,setup_complete,447.55,3,29.99,6052
10479,1609,setup_complete,0,1,29.99,6053
10480,1610,setup_complete,0,1,599.99,6054
10481,1610,setup_complete,0,1,239.99,6055
10482,1610,setup_complete,245.05,2,239.99,6055
10483,1610,setup_complete,0,1,29.99,6056
10484,1610,setup_complete,0,1,239.99,6057
10485,1610,setup_complete,485.16,2,239.99,6057
10486,1610,setup_complete,0,1,599.99,6058
10491,1610,setup_complete,0,1,239.99,6062
10492,1610,setup_complete,484.23,2,239.99,6062
10493,1610,setup_complete,0,1,29.99,6063
10494,1610,setup_complete,0,1,239.99,6064
10495,1610,setup_complete,454.28,2,239.99,6064
10497,1623,setup_complete,0,1,29.99,6066
10498,1623,setup_complete,307.38,2,29.99,6066
10499,1623,setup_complete,540.92,3,29.99,6066
10500,1623,setup_complete,0,1,239.99,6067
10501,1623,setup_complete,409.15,2,239.99,6067
10502,1623,setup_complete,0,1,29.99,6068
10503,1623,setup_complete,0,1,599.99,6069
10504,1623,setup_complete,0,1,599.99,6070
10505,1624,setup_complete,0,1,29.99,6071
10506,1624,setup_complete,310.2,2,29.99,6071
10507,1624,setup_complete,617.97,3,29.99,6071
10508,1624,setup_complete,0,1,239.99,6072
10509,1624,setup_complete,497.81,2,239.99,6072
10510,1624,setup_complete,0,1,29.99,6073
10511,1624,setup_complete,0,1,239.99,6074
10512,1624,setup_complete,445.68,2,239.99,6074
10513,1624,setup_complete,0,1,599.99,6075
10514,1625,setup_complete,0,1,29.99,6076
10515,1625,setup_complete,274.92,2,29.99,6076
10516,1625,setup_complete,522.15,3,29.99,6076
10517,1625,setup_complete,0,1,239.99,6077
10518,1625,setup_complete,411.64,2,239.99,6077
10521,1625,setup_complete,0,1,599.99,6079
10522,1626,setup_complete,0,1,239.99,6080
10523,1626,setup_complete,248.65,2,239.99,6080
10527,1628,setup_complete,0,1,29.99,6082
10528,1628,setup_complete,210.6,2,29.99,6082
10529,1628,setup_complete,384.72,3,29.99,6082
10530,1628,setup_complete,0,1,239.99,6083
10531,1628,setup_complete,284.07,2,239.99,6083
10532,1628,setup_complete,0,1,599.99,6084
10533,1628,setup_complete,0,1,239.99,6085
10534,1628,setup_complete,284.07,2,239.99,6085
10535,1628,setup_complete,0,1,29.99,6086
10536,1628,setup_complete,0,1,29.99,6087
10537,1628,setup_complete,189.83,2,29.99,6087
10538,1628,setup_complete,0,1,239.99,6088
10539,1628,setup_complete,284.07,2,239.99,6088
10540,1628,setup_complete,0,1,29.99,6089
10541,1628,setup_complete,189.83,2,29.99,6089
10542,1628,setup_complete,0,1,239.99,6090
10543,1628,setup_complete,284.07,2,239.99,6090
10544,1628,setup_complete,0,1,239.99,6091
10545,1628,setup_complete,284.07,2,239.99,6091
10565,34,setup_complete,0,1,0,6111
10566,1631,setup_complete,0,1,29.99,6112
10567,1631,setup_complete,189.83,2,29.99,6112
10568,1632,setup_complete,0,1,29.99,6113
10569,1632,setup_complete,210.6,2,29.99,6113
10570,1632,setup_complete,384.72,3,29.99,6113
10571,1632,setup_complete,0,1,239.99,6114
10572,1632,setup_complete,284.07,2,239.99,6114
10576,1632,setup_complete,0,1,239.99,6116
10577,1632,setup_complete,284.07,2,239.99,6116
10578,1632,setup_complete,0,1,599.99,6117
10579,1632,setup_complete,0,1,29.99,6118
10580,1632,setup_complete,0,1,29.99,6119
10581,1632,setup_complete,189.83,2,29.99,6119
10582,1632,setup_complete,0,1,29.99,6120
10583,1632,setup_complete,189.83,2,29.99,6120
10584,1633,setup_complete,0,1,29.99,6121
10585,1633,setup_complete,338.69,2,29.99,6121
10586,1633,setup_complete,605.57,3,29.99,6121
10587,1633,setup_complete,0,1,239.99,6122
10588,1633,setup_complete,522.05,2,239.99,6122
10589,1633,setup_complete,0,1,599.99,6123
10593,1635,setup_complete,0,1,29.99,6127
10594,1635,setup_complete,291.37,2,29.99,6127
10595,1635,setup_complete,568.81,3,29.99,6127
10596,1635,setup_complete,0,1,599.99,6128
10597,1636,setup_complete,0,1,29.99,6129
10598,1636,setup_complete,192.69,2,29.99,6129
10599,1636,setup_complete,397.22,3,29.99,6129
10600,1636,setup_complete,0,1,239.99,6130
10601,1636,setup_complete,390.13,2,239.99,6130
10602,1636,setup_complete,0,1,599.98,6131
10603,1636,setup_complete,0,1,29.99,6132
10604,1636,setup_complete,0,1,239.99,6133
10605,1636,setup_complete,508.85,2,239.99,6133
10606,1635,setup_complete,0,1,29.99,6134
10610,1635,setup_complete,0,1,29.99,6136
10611,1635,setup_complete,230.79,2,29.99,6136
10612,1635,setup_complete,394.52,3,29.99,6136
10613,1635,setup_complete,0,1,239.99,6137
10614,1635,setup_complete,501.66,2,239.99,6137
10615,1635,setup_complete,0,1,239.99,6138
10616,1635,setup_complete,501.66,2,239.99,6138
10617,1635,setup_complete,0,1,239.99,6139
10618,1635,setup_complete,501.66,2,239.99,6139
10619,1635,setup_complete,0,1,239.99,6140
10620,1635,setup_complete,501.66,2,239.99,6140
10621,1635,setup_complete,0,1,239.99,6141
10622,1635,setup_complete,501.66,2,239.99,6141
10623,1636,setup_complete,0,1,29.99,6142
10624,1636,setup_complete,304.24,2,29.99,6142
10625,1636,setup_complete,561.92,3,29.99,6142
10626,1637,setup_complete,0,1,29.99,6143
10627,1637,setup_complete,301.14,2,29.99,6143
10628,1637,setup_complete,634.42,3,29.99,6143
10629,1637,setup_complete,0,1,239.99,6144
10630,1637,setup_complete,247.99,2,239.99,6144
10631,1637,setup_complete,0,1,29.99,6145
10632,1637,setup_complete,0,1,599.99,6146
10633,1637,setup_complete,0,1,239.99,6147
10634,1637,setup_complete,263.42,2,239.99,6147
10635,1637,setup_complete,0,1,29.99,6148
10636,1637,setup_complete,254.6,2,29.99,6148
10637,1637,setup_complete,570.66,3,29.99,6148
10638,1635,setup_complete,0,1,239.99,6149
10639,1635,setup_complete,480.22,2,239.99,6149
10642,1640,setup_complete,0,1,29.99,6152
10643,1640,setup_complete,154.04,2,29.99,6152
10644,1640,setup_complete,0,1,0,6153
10645,1640,setup_complete,0,1,239.99,6154
10646,1640,setup_complete,390.82,2,239.99,6154
10647,1640,setup_complete,0,1,239.99,6155
10648,1640,setup_complete,390.82,2,239.99,6155
10651,1640,setup_complete,0,1,239.99,6157
10652,1640,setup_complete,407.54,2,239.99,6157
10657,1640,setup_complete,0,1,239.99,6160
10658,1640,setup_complete,407.54,2,239.99,6160
10659,1641,setup_complete,0,1,29.99,6161
10660,1641,setup_complete,266.43,2,29.99,6161
10661,1641,setup_complete,490.74,3,29.99,6161
10662,1641,setup_complete,0,1,239.99,6162
10663,1641,setup_complete,273.58,2,239.99,6162
10664,1641,setup_complete,0,1,239.99,6163
10665,1641,setup_complete,353.97,2,239.99,6163
10666,1641,setup_complete,0,1,599.98,6164
10667,1641,setup_complete,0,1,29.99,6165
10675,1641,setup_complete,0,1,239.99,6169
10676,1641,setup_complete,493.06,2,239.99,6169
10677,1641,setup_complete,0,1,29.99,6170
10678,1641,setup_complete,264.15,2,29.99,6170
10679,1641,setup_complete,494.58,3,29.99,6170
10680,1643,setup_complete,0,1,29.99,6171
10681,1643,setup_complete,280.99,2,29.99,6171
10682,1643,setup_complete,441.46,3,29.99,6171
10683,1643,setup_complete,0,1,239.99,6172
10684,1643,setup_complete,245.05,2,239.99,6172
10685,1644,setup_complete,0,1,239.99,6173
10686,1644,setup_complete,268.32,2,239.99,6173
10687,1645,setup_complete,0,1,29.99,6174
10688,1645,setup_complete,280.89,2,29.99,6174
10689,1645,setup_complete,585.31,3,29.99,6174
10690,1645,setup_complete,0,1,239.99,6175
10691,1645,setup_complete,499.22,2,239.99,6175
10692,1645,setup_complete,0,1,29.99,6176
10694,1645,setup_complete,0,1,239.99,6178
10695,1645,setup_complete,450.17,2,239.99,6178
10696,1645,setup_complete,0,1,599.99,6179
10697,1646,setup_complete,0,1,29.99,6180
10698,1646,setup_complete,293.18,2,29.99,6180
10699,1646,setup_complete,596.61,3,29.99,6180
10702,1646,setup_complete,0,1,239.99,6182
10703,1646,setup_complete,426.97,2,239.99,6182
10704,1646,setup_complete,0,1,29.99,6183
10705,1646,setup_complete,0,1,599.99,6184
10706,1646,setup_complete,0,1,239.99,6185
10707,1646,setup_complete,245.51,2,239.99,6185
10708,1647,setup_complete,0,1,29.99,6186
10709,1647,setup_complete,272.75,2,29.99,6186
10710,1647,setup_complete,594.26,3,29.99,6186
10715,1650,setup_complete,0,1,239.99,6189
10716,1650,setup_complete,381.84,2,239.99,6189
10717,1651,setup_complete,0,1,29.99,6190
10718,1652,setup_complete,0,1,599.99,6191
10719,1647,setup_complete,0,1,239.99,6192
10720,1647,setup_complete,413.84,2,239.99,6192
10721,1647,setup_complete,0,1,239.99,6193
10722,1647,setup_complete,381.84,2,239.99,6193
10723,1647,setup_complete,0,1,29.99,6194
10724,1647,setup_complete,0,1,599.99,6195
10725,1653,setup_complete,0,1,29.99,6196
10726,1653,setup_complete,194.26,2,29.99,6196
10727,1653,setup_complete,384.68,3,29.99,6196
10728,1653,setup_complete,0,1,239.99,6197
10729,1653,setup_complete,480.23,2,239.99,6197
10730,1653,setup_complete,0,1,239.99,6198
10731,1653,setup_complete,485.19,2,239.99,6198
10732,1653,setup_complete,0,1,29.99,6199
10733,1653,setup_complete,0,1,599.99,6200
10734,1654,setup_complete,0,1,29.99,6201
10735,1654,setup_complete,186.79,2,29.99,6201
10736,1654,setup_complete,486.72,3,29.99,6201
10737,1654,setup_complete,0,1,239.99,6202
10738,1654,setup_complete,240.04,2,239.99,6202
10740,1654,setup_complete,0,1,239.99,6204
10741,1654,setup_complete,418.2,2,239.99,6204
10742,1654,setup_complete,0,1,29.99,6205
10747,1656,setup_complete,0,1,29.99,6208
10748,1656,setup_complete,186.79,2,29.99,6208
10749,1656,setup_complete,486.72,3,29.99,6208
10750,1656,setup_complete,0,1,239.99,6209
10751,1656,setup_complete,240.04,2,239.99,6209
10752,1656,setup_complete,0,1,599.99,6210
10753,1656,setup_complete,0,1,29.99,6211
10754,1656,setup_complete,0,1,239.99,6212
10755,1656,setup_complete,418.2,2,239.99,6212
10768,1663,setup_complete,0,1,29.99,6219
10769,1663,setup_complete,309.65,2,29.99,6219
10770,1663,setup_complete,513.62,3,29.99,6219
10771,1663,setup_complete,0,1,29.99,6220
10772,1663,setup_complete,0,1,239.99,6221
10773,1663,setup_complete,391.04,2,239.99,6221
10774,1663,setup_complete,0,1,239.99,6222
10775,1663,setup_complete,390.12,2,239.99,6222
10781,1663,setup_complete,0,1,599.99,6226
10782,1663,setup_complete,0,1,239.99,6227
10783,1663,setup_complete,381.53,2,239.99,6227
10789,1664,setup_complete,0,1,29.99,6231
10790,1664,setup_complete,306.84,2,29.99,6231
10791,1664,setup_complete,620.24,3,29.99,6231
10792,1664,setup_complete,0,1,239.99,6232
10793,1664,setup_complete,531.88,2,239.99,6232
10794,1664,setup_complete,0,1,239.99,6233
10795,1664,setup_complete,529.6,2,239.99,6233
10796,1664,setup_complete,0,1,29.99,6234
10797,1664,setup_complete,0,1,599.99,6235
10798,1664,setup_complete,0,1,599.99,6236
10799,1665,setup_complete,0,1,29.99,6237
10800,1665,setup_complete,275.56,2,29.99,6237
10801,1665,setup_complete,538.84,3,29.99,6237
10802,1665,setup_complete,0,1,239.99,6238
10803,1665,setup_complete,539.83,2,239.99,6238
10804,1665,setup_complete,0,1,29.99,6239
10806,1665,setup_complete,0,1,29.99,6241
10807,1665,setup_complete,0,1,29.99,6242
10808,1665,setup_complete,0,1,239.99,6243
10809,1665,setup_complete,395.16,2,239.99,6243
10810,1665,setup_complete,0,1,599.99,6244
10811,1666,setup_complete,0,1,29.99,6245
10812,1666,setup_complete,261.12,2,29.99,6245
10813,1666,setup_complete,479.25,3,29.99,6245
10814,1666,setup_complete,0,1,239.99,6246
10815,1666,setup_complete,276.34,2,239.99,6246
10816,1666,setup_complete,0,1,239.99,6247
10817,1666,setup_complete,287.07,2,239.99,6247
10818,1666,setup_complete,0,1,29.99,6248
10819,1666,setup_complete,284.82,2,29.99,6248
10820,1666,setup_complete,585.57,3,29.99,6248
10821,1666,setup_complete,0,1,599.98,6249
10823,1666,setup_complete,0,1,29.99,6251
10824,1667,setup_complete,0,1,29.99,6252
10825,1667,setup_complete,247.16,2,29.99,6252
10826,1667,setup_complete,487.26,3,29.99,6252
10827,1667,setup_complete,0,1,239.99,6253
10828,1667,setup_complete,356.93,2,239.99,6253
10829,1667,setup_complete,0,1,29.99,6254
10830,1667,setup_complete,0,1,239.99,6255
10831,1667,setup_complete,502.58,2,239.99,6255
10832,1667,setup_complete,0,1,599.99,6256
10833,1667,setup_complete,0,1,29.99,6257
10834,1667,setup_complete,212.41,2,29.99,6257
10835,1667,setup_complete,411.17,3,29.99,6257
10836,1667,setup_complete,0,1,29.99,6258
10837,1667,setup_complete,212.41,2,29.99,6258
10838,1667,setup_complete,411.17,3,29.99,6258
10839,1668,setup_complete,0,1,239.99,6259
10840,1668,setup_complete,480.22,2,239.99,6259
10841,1668,setup_complete,0,1,29.99,6260
10842,1668,setup_complete,0,1,239.99,6261
10843,1668,setup_complete,330.03,2,239.99,6261
10844,1668,setup_complete,0,1,599.99,6262
10848,1668,setup_complete,0,1,29.99,6264
10849,1668,setup_complete,225.49,2,29.99,6264
10850,1668,setup_complete,539.74,3,29.99,6264
10851,1669,setup_complete,0,1,29.99,6265
10852,1669,setup_complete,304.34,2,29.99,6265
10853,1669,setup_complete,627.82,3,29.99,6265
10856,1669,setup_complete,0,1,239.99,6267
10857,1669,setup_complete,404,2,239.99,6267
10868,1669,setup_complete,0,1,599.99,6277
10872,1669,setup_complete,0,1,239.99,6280
10873,1669,setup_complete,380.86,2,239.99,6280
10874,1669,setup_complete,0,1,239.99,6281
10875,1669,setup_complete,390.16,2,239.99,6281
10876,1669,setup_complete,0,1,29.99,6282
10877,1670,setup_complete,0,1,29.99,6283
10878,1670,setup_complete,232.12,2,29.99,6283
10879,1670,setup_complete,463.79,3,29.99,6283
10880,1670,setup_complete,0,1,239.99,6284
10881,1670,setup_complete,498.57,2,239.99,6284
10882,1670,setup_complete,0,1,29.99,6285
10883,1670,setup_complete,0,1,599.99,6286
10884,1670,setup_complete,0,1,599.99,6287
10885,1671,setup_complete,0,1,29.99,6288
10886,1671,setup_complete,175.02,2,29.99,6288
10887,1671,setup_complete,379.98,3,29.99,6288
10888,1671,setup_complete,0,1,29.99,6289
10891,1671,setup_complete,0,1,599.99,6291
10892,1671,setup_complete,0,1,239.99,6292
10893,1671,setup_complete,414.02,2,239.99,6292
10894,1671,setup_complete,0,1,29.99,6293
10895,1671,setup_complete,173.44,2,29.99,6293
10896,1671,setup_complete,493.07,3,29.99,6293
10897,1671,setup_complete,0,1,239.99,6294
10898,1671,setup_complete,308.56,2,239.99,6294
10899,1672,setup_complete,0,1,29.99,6295
10900,1672,setup_complete,259.42,2,29.99,6295
10901,1672,setup_complete,540.91,3,29.99,6295
10902,1672,setup_complete,0,1,239.99,6296
10903,1672,setup_complete,313.64,2,239.99,6296
10904,1672,setup_complete,0,1,29.99,6297
10905,1672,setup_complete,0,1,599.99,6298
10906,1672,setup_complete,0,1,239.99,6299
10907,1672,setup_complete,480.26,2,239.99,6299
10908,1672,setup_complete,0,1,239.99,6300
10909,1672,setup_complete,404.12,2,239.99,6300
10913,1673,setup_complete,0,1,29.99,6302
10914,1673,setup_complete,319.15,2,29.99,6302
10915,1673,setup_complete,605.39,3,29.99,6302
10916,1673,setup_complete,0,1,239.99,6303
10917,1673,setup_complete,257.53,2,239.99,6303
10918,1673,setup_complete,0,1,599.99,6304
10919,1671,setup_complete,0,1,29.99,6305
10920,1671,setup_complete,174.06,2,29.99,6305
10921,1671,setup_complete,451.83,3,29.99,6305
10922,1671,setup_complete,0,1,239.99,6306
10923,1671,setup_complete,434.78,2,239.99,6306
10924,1671,setup_complete,0,1,29.99,6307
10925,1671,setup_complete,262.8,2,29.99,6307
10926,1671,setup_complete,559.63,3,29.99,6307
10927,1671,setup_complete,0,1,29.99,6308
10928,1671,setup_complete,0,1,599.99,6309
10929,1673,setup_complete,0,1,29.99,6310
10930,1673,setup_complete,0,1,239.99,6311
10931,1673,setup_complete,263.24,2,239.99,6311
10932,1676,setup_complete,0,1,239.99,6312
10933,1676,setup_complete,449.77,2,239.99,6312
10934,1676,setup_complete,0,1,599.99,6313
10935,1676,setup_complete,0,1,239.99,6314
10936,1676,setup_complete,413.17,2,239.99,6314
10937,1677,setup_complete,0,1,29.99,6315
10938,1677,setup_complete,227.62,2,29.99,6315
10939,1677,setup_complete,408.06,3,29.99,6315
10940,1677,setup_complete,0,1,29.99,6316
10941,1677,setup_complete,0,1,599.99,6317
10942,1677,setup_complete,0,1,239.99,6318
10943,1677,setup_complete,429.3,2,239.99,6318
10944,1677,setup_complete,0,1,239.99,6319
10945,1677,setup_complete,261.07,2,239.99,6319
10952,1684,setup_complete,0,1,29.99,6325
10953,1684,setup_complete,247.47,2,29.99,6325
10954,1683,setup_complete,0,1,29.99,6326
10955,1683,setup_complete,247.47,2,29.99,6326
10956,1683,setup_complete,0,1,599.99,6327
10957,1685,setup_complete,0,1,29.99,6328
10958,1685,setup_complete,259.66,2,29.99,6328
10959,1685,setup_complete,427.8,3,29.99,6328
10960,1685,setup_complete,0,1,239.99,6329
10961,1685,setup_complete,502.31,2,239.99,6329
10962,1685,setup_complete,0,1,599.99,6330
10963,1685,setup_complete,0,1,29.99,6331
10964,1685,setup_complete,0,1,239.99,6332
10965,1685,setup_complete,381.6,2,239.99,6332
10966,1685,setup_complete,0,1,29.99,6333
10967,1685,setup_complete,0,1,239.99,6334
10968,1685,setup_complete,448.83,2,239.99,6334
10969,1687,setup_complete,0,1,29.99,6335
10970,1688,setup_complete,0,1,29.99,6336
10971,1688,setup_complete,199.24,2,29.99,6336
10972,1688,setup_complete,441.77,3,29.99,6336
10973,1688,setup_complete,0,1,239.99,6337
10974,1688,setup_complete,247.19,2,239.99,6337
10975,1688,setup_complete,0,1,29.99,6338
10978,1688,setup_complete,0,1,239.99,6341
10979,1688,setup_complete,345.38,2,239.99,6341
10980,1688,setup_complete,0,1,239.99,6342
10981,1688,setup_complete,351.19,2,239.99,6342
10982,1687,setup_complete,0,1,29.99,6343
10983,1687,setup_complete,293.56,2,29.99,6343
10984,1687,setup_complete,482.68,3,29.99,6343
10985,1689,setup_complete,0,1,29.99,6344
10986,1689,setup_complete,299.03,2,29.99,6344
10987,1689,setup_complete,480.96,3,29.99,6344
10988,1689,setup_complete,0,1,239.99,6345
10989,1689,setup_complete,423.65,2,239.99,6345
10990,1689,setup_complete,0,1,29.99,6346
10991,1689,setup_complete,0,1,599.99,6347
10992,1689,setup_complete,0,1,239.99,6348
10993,1689,setup_complete,528.59,2,239.99,6348
10994,1687,setup_complete,0,1,239.99,6349
10995,1687,setup_complete,395.19,2,239.99,6349
10996,1687,setup_complete,0,1,239.99,6350
10997,1687,setup_complete,245.05,2,239.99,6350
10998,1687,setup_complete,0,1,29.99,6351
10999,1687,setup_complete,0,1,599.99,6352
11000,1690,setup_complete,0,1,29.99,6353
11001,1690,setup_complete,0,1,29.99,6354
11002,1690,setup_complete,281.4,2,29.99,6354
11003,1690,setup_complete,518.55,3,29.99,6354
11004,1690,setup_complete,0,1,239.99,6355
11005,1690,setup_complete,320.37,2,239.99,6355
11006,1690,setup_complete,0,1,239.99,6356
11007,1690,setup_complete,452.7,2,239.99,6356
11008,1690,setup_complete,0,1,29.99,6357
11009,1690,setup_complete,0,1,599.99,6358
11010,1690,setup_complete,0,1,29.99,6359
11011,1691,setup_complete,0,1,29.99,6360
11012,1691,setup_complete,313.2,2,29.99,6360
11013,1691,setup_complete,557.43,3,29.99,6360
11014,1691,setup_complete,0,1,239.99,6361
11015,1691,setup_complete,427.98,2,239.99,6361
11016,1691,setup_complete,0,1,599.99,6362
11017,1691,setup_complete,0,1,239.99,6363
11018,1691,setup_complete,548.12,2,239.99,6363
11019,1691,setup_complete,0,1,29.99,6364
11020,1691,setup_complete,0,1,29.99,6365
11021,1691,setup_complete,321,2,29.99,6365
11022,1691,setup_complete,544.72,3,29.99,6365
11023,1692,setup_complete,0,1,29.99,6366
11024,1692,setup_complete,196.23,2,29.99,6366
11025,1692,setup_complete,431.66,3,29.99,6366
11026,1692,setup_complete,0,1,239.99,6367
11027,1692,setup_complete,488.98,2,239.99,6367
11028,1692,setup_complete,0,1,239.99,6368
11029,1692,setup_complete,397.75,2,239.99,6368
11030,1692,setup_complete,0,1,29.99,6369
11031,1692,setup_complete,0,1,599.99,6370
11032,1693,setup_complete,0,1,239.99,6371
11033,1693,setup_complete,240.04,2,239.99,6371
11034,1693,setup_complete,0,1,29.99,6372
11035,1693,setup_complete,161.75,2,29.99,6372
11036,1693,setup_complete,393.94,3,29.99,6372
11037,1693,setup_complete,0,1,29.99,6373
11038,1694,setup_complete,0,1,29.99,6374
11039,1694,setup_complete,247.5,2,29.99,6374
11040,1694,setup_complete,457.76,3,29.99,6374
11041,1694,setup_complete,0,1,239.99,6375
11042,1694,setup_complete,304.26,2,239.99,6375
11043,1694,setup_complete,0,1,239.99,6376
11044,1694,setup_complete,506.57,2,239.99,6376
11045,1694,setup_complete,0,1,599.99,6377
11046,1694,setup_complete,0,1,29.99,6378
11047,1694,setup_complete,0,1,29.99,6379
11048,1694,setup_complete,167.11,2,29.99,6379
11049,1694,setup_complete,432.81,3,29.99,6379
11050,1695,setup_complete,0,1,29.99,6380
11051,1695,setup_complete,299.83,2,29.99,6380
11052,1695,setup_complete,458.91,3,29.99,6380
11053,1695,setup_complete,0,1,239.99,6381
11054,1695,setup_complete,495.76,2,239.99,6381
11055,1695,setup_complete,0,1,239.99,6382
11056,1695,setup_complete,304.16,2,239.99,6382
11057,1695,setup_complete,0,1,599.99,6383
11058,1695,setup_complete,0,1,29.99,6384
11059,1695,setup_complete,0,1,599.99,6385
11060,1693,setup_complete,0,1,239.99,6386
11061,1693,setup_complete,401.75,2,239.99,6386
11062,1693,setup_complete,0,1,599.99,6387
11063,1693,setup_complete,0,1,29.99,6388
11064,1691,setup_complete,0,1,29.99,6389
11065,1691,setup_complete,313.2,2,29.99,6389
11066,1691,setup_complete,557.43,3,29.99,6389
11067,1696,setup_complete,0,1,29.99,6390
11068,1696,setup_complete,274.11,2,29.99,6390
11069,1696,setup_complete,568.92,3,29.99,6390
11070,1696,setup_complete,0,1,239.99,6391
11071,1696,setup_complete,436.64,2,239.99,6391
11072,1696,setup_complete,0,1,29.99,6392
11073,1696,setup_complete,0,1,599.99,6393
11074,1696,setup_complete,0,1,239.99,6394
11075,1696,setup_complete,253.74,2,239.99,6394
11076,1697,setup_complete,0,1,29.99,6395
11077,1697,setup_complete,247.85,2,29.99,6395
11078,1697,setup_complete,554.54,3,29.99,6395
11079,1697,setup_complete,0,1,239.99,6396
11080,1697,setup_complete,263.74,2,239.99,6396
11081,1697,setup_complete,0,1,239.99,6397
11082,1697,setup_complete,300.24,2,239.99,6397
11083,1697,setup_complete,0,1,29.99,6398
11084,1697,setup_complete,0,1,239.99,6399
11085,1697,setup_complete,319.27,2,239.99,6399
11086,1697,setup_complete,0,1,29.99,6400
11087,1697,setup_complete,232.95,2,29.99,6400
11088,1697,setup_complete,500.41,3,29.99,6400
11089,1697,setup_complete,0,1,599.99,6401
11090,1698,setup_complete,0,1,29.99,6402
11091,1698,setup_complete,293.3,2,29.99,6402
11092,1698,setup_complete,588.36,3,29.99,6402
11093,1698,setup_complete,0,1,29.99,6403
11094,1698,setup_complete,224.32,2,29.99,6403
11095,1698,setup_complete,456.81,3,29.99,6403
11096,1698,setup_complete,0,1,239.99,6404
11097,1698,setup_complete,395.16,2,239.99,6404
11099,1698,setup_complete,0,1,599.99,6406
11100,1698,setup_complete,0,1,29.99,6407
11101,1698,setup_complete,0,1,239.99,6408
11102,1698,setup_complete,425.24,2,239.99,6408
11105,1636,setup_complete,0,1,239.99,6410
11106,1636,setup_complete,263.48,2,239.99,6410
11107,1700,setup_complete,0,1,239.99,6411
11108,1700,setup_complete,263.48,2,239.99,6411
11109,1701,setup_complete,0,1,239.99,6412
11110,1701,setup_complete,263.48,2,239.99,6412
11111,1701,setup_complete,0,1,239.99,6413
11112,1701,setup_complete,240.04,2,239.99,6413
11113,1701,setup_complete,0,1,599.99,6414
11114,1701,setup_complete,0,1,29.99,6415
11115,1701,setup_complete,161.94,2,29.99,6415
11116,1701,setup_complete,367.23,3,29.99,6415
11117,1702,setup_complete,0,1,29.99,6416
11118,1702,setup_complete,182.51,2,29.99,6416
11119,1702,setup_complete,448.11,3,29.99,6416
11120,1702,setup_complete,0,1,239.99,6417
11121,1702,setup_complete,424.78,2,239.99,6417
11122,1702,setup_complete,0,1,239.99,6418
11123,1702,setup_complete,0,1,239.99,6419
11124,1702,setup_complete,0,1,239.99,6420
11125,1702,setup_complete,0,1,239.99,6421
11126,1702,setup_complete,0,1,239.99,6422
11127,1702,setup_complete,0,1,239.99,6423
11128,1702,setup_complete,0,1,29.99,6424
11129,1702,setup_complete,0,1,599.99,6425
11130,1702,setup_complete,0,1,29.99,6426
11131,1702,setup_complete,167.03,2,29.99,6426
11132,1702,setup_complete,346.15,3,29.99,6426
11133,1704,setup_complete,0,1,29.99,6427
11134,1704,setup_complete,198.95,2,29.99,6427
11135,1704,setup_complete,520.43,3,29.99,6427
11136,1704,setup_complete,0,1,239.99,6428
11137,1704,setup_complete,504.49,2,239.99,6428
11138,1704,setup_complete,0,1,239.99,6429
11139,1704,setup_complete,402.83,2,239.99,6429
11140,1704,setup_complete,0,1,29.99,6430
11141,1704,setup_complete,0,1,599.99,6431
11142,1704,setup_complete,0,1,29.99,6432
11143,1704,setup_complete,288.1,2,29.99,6432
11144,1705,setup_complete,0,1,29.99,6433
11145,1705,setup_complete,364.06,2,29.99,6433
11146,1705,setup_complete,530.62,3,29.99,6433
11147,1705,setup_complete,0,1,239.99,6434
11148,1705,setup_complete,395.3,2,239.99,6434
11149,1705,setup_complete,0,1,29.99,6435
11150,1705,setup_complete,0,1,599.99,6436
11151,1705,setup_complete,0,1,239.99,6437
11152,1705,setup_complete,542.38,2,239.99,6437
11153,1706,setup_complete,0,1,29.99,6438
11154,1706,setup_complete,243.51,2,29.99,6438
11155,1706,setup_complete,514.79,3,29.99,6438
11156,1706,setup_complete,0,1,239.99,6439
11157,1706,setup_complete,322.41,2,239.99,6439
11158,1706,setup_complete,0,1,599.99,6440
11159,1706,setup_complete,0,1,29.99,6441
11160,1706,setup_complete,0,1,239.99,6442
11161,1706,setup_complete,404.16,2,239.99,6442
11162,1706,setup_complete,0,1,29.99,6443
11163,1707,setup_complete,0,1,29.99,6444
11164,1707,setup_complete,260.3,2,29.99,6444
11165,1707,setup_complete,547.57,3,29.99,6444
11170,1707,setup_complete,0,1,239.99,6447
11171,1707,setup_complete,330.62,2,239.99,6447
11172,1707,setup_complete,0,1,29.99,6448
11173,1707,setup_complete,0,1,239.99,6449
11174,1707,setup_complete,268.6,2,239.99,6449
11175,1707,setup_complete,0,1,599.99,6450
11176,1708,setup_complete,0,1,29.99,6451
11177,1708,setup_complete,243.14,2,29.99,6451
11178,1708,setup_complete,413.62,3,29.99,6451
11179,1708,setup_complete,0,1,29.99,6452
11180,1708,setup_complete,0,1,239.99,6453
11181,1708,setup_complete,299.4,2,239.99,6453
11192,1708,setup_complete,0,1,239.99,6459
11193,1708,setup_complete,299.4,2,239.99,6459
11194,1708,setup_complete,0,1,239.99,6460
11195,1708,setup_complete,419.67,2,239.99,6460
11196,1708,setup_complete,0,1,599.99,6461
11197,1708,setup_complete,0,1,239.99,6462
11198,1708,setup_complete,222.42,2,239.99,6462
11199,1708,setup_complete,0,1,29.99,6463
11200,1708,setup_complete,264.14,2,29.99,6463
11201,1708,setup_complete,541.19,3,29.99,6463
11202,1709,setup_complete,0,1,29.99,6464
11203,1709,setup_complete,197.25,2,29.99,6464
11204,1709,setup_complete,429.85,3,29.99,6464
11205,1709,setup_complete,0,1,239.99,6465
11206,1709,setup_complete,482.75,2,239.99,6465
11207,1709,setup_complete,0,1,29.99,6466
11208,1709,setup_complete,0,1,239.99,6467
11209,1709,setup_complete,499.01,2,239.99,6467
11210,1709,setup_complete,0,1,599.99,6468
11211,1709,setup_complete,0,1,29.99,6469
11212,1709,setup_complete,285.89,2,29.99,6469
11213,1710,setup_complete,0,1,29.99,6470
11214,1710,setup_complete,329.79,2,29.99,6470
11215,1710,setup_complete,518.23,3,29.99,6470
11216,1711,setup_complete,0,1,29.99,6471
11217,1711,setup_complete,329.79,2,29.99,6471
11218,1711,setup_complete,518.23,3,29.99,6471
11219,1712,setup_complete,0,1,29.99,6472
11220,1712,setup_complete,329.79,2,29.99,6472
11221,1712,setup_complete,518.23,3,29.99,6472
11222,1713,setup_complete,0,1,29.99,6473
11223,1713,setup_complete,329.79,2,29.99,6473
11224,1713,setup_complete,518.23,3,29.99,6473
11225,1714,setup_complete,0,1,29.99,6474
11226,1714,setup_complete,329.79,2,29.99,6474
11227,1714,setup_complete,518.23,3,29.99,6474
11228,1715,setup_complete,0,1,29.99,6475
11229,1715,setup_complete,329.79,2,29.99,6475
11230,1715,setup_complete,518.23,3,29.99,6475
11233,1717,setup_complete,0,1,29.99,6478
11234,1717,setup_complete,329.79,2,29.99,6478
11235,1717,setup_complete,518.23,3,29.99,6478
11236,1718,setup_complete,0,1,29.99,6479
11237,1718,setup_complete,329.79,2,29.99,6479
11238,1718,setup_complete,518.23,3,29.99,6479
11246,1720,setup_complete,0,1,239.99,6484
11247,1720,setup_complete,484.69,2,239.99,6484
11248,1720,setup_complete,0,1,599.99,6485
11249,1720,setup_complete,0,1,29.99,6486
11250,1721,setup_complete,0,1,29.99,6487
11251,1721,setup_complete,329.79,2,29.99,6487
11252,1721,setup_complete,518.23,3,29.99,6487
11253,1722,setup_complete,0,1,29.99,6488
11254,1722,setup_complete,329.79,2,29.99,6488
11255,1722,setup_complete,518.23,3,29.99,6488
11256,1723,setup_complete,0,1,29.99,6489
11257,1723,setup_complete,289.29,2,29.99,6489
11258,1723,setup_complete,573.46,3,29.99,6489
11259,1723,setup_complete,0,1,239.99,6490
11260,1723,setup_complete,326.23,2,239.99,6490
11261,1723,setup_complete,0,1,239.99,6491
11262,1723,setup_complete,251.74,2,239.99,6491
11263,1723,setup_complete,0,1,29.99,6492
11264,1723,setup_complete,0,1,599.99,6493
11265,1723,setup_complete,0,1,29.99,6494
11266,1723,setup_complete,287.61,2,29.99,6494
11267,1723,setup_complete,558.89,3,29.99,6494
11271,1724,setup_complete,0,1,29.99,6497
11272,1724,setup_complete,173.18,2,29.99,6497
11273,1724,setup_complete,417.6,3,29.99,6497
11274,1724,setup_complete,0,1,239.99,6498
11275,1724,setup_complete,247.47,2,239.99,6498
11276,1724,setup_complete,0,1,599.99,6499
11277,1724,setup_complete,0,1,29.99,6500
11278,1724,setup_complete,0,1,29.99,6501
11279,1724,setup_complete,225.12,2,29.99,6501
11280,1724,setup_complete,465.83,3,29.99,6501
11281,1726,setup_complete,0,1,29.99,6502
11282,1726,setup_complete,280.71,2,29.99,6502
11283,1726,setup_complete,467.71,3,29.99,6502
11284,1726,setup_complete,0,1,599.99,6503
11285,1726,setup_complete,0,1,29.99,6504
11286,1726,setup_complete,0,1,239.99,6505
11287,1726,setup_complete,456.7,2,239.99,6505
11288,1726,setup_complete,0,1,239.99,6506
11289,1726,setup_complete,480.16,2,239.99,6506
11290,1726,setup_complete,0,1,29.99,6507
11291,1727,setup_complete,0,1,29.99,6508
11292,1727,setup_complete,322.7,2,29.99,6508
11293,1727,setup_complete,509.26,3,29.99,6508
11294,1727,setup_complete,0,1,239.99,6509
11295,1727,setup_complete,399.52,2,239.99,6509
11296,1727,setup_complete,0,1,599.99,6510
11297,1727,setup_complete,0,1,29.99,6511
11298,1727,setup_complete,0,1,239.99,6512
11299,1727,setup_complete,415.47,2,239.99,6512
11300,1727,setup_complete,0,1,29.99,6513
11301,1727,setup_complete,243.46,2,29.99,6513
11302,1727,setup_complete,527.24,3,29.99,6513
11303,1727,setup_complete,0,1,29.99,6514
11304,1728,setup_complete,0,1,29.99,6515
11305,1728,setup_complete,355.33,2,29.99,6515
11306,1728,setup_complete,685.52,3,29.99,6515
11307,1728,setup_complete,0,1,239.99,6516
11308,1728,setup_complete,407.88,2,239.99,6516
11309,1728,setup_complete,0,1,29.99,6517
11310,1728,setup_complete,0,1,599.99,6518
11311,1728,setup_complete,0,1,239.99,6519
11312,1728,setup_complete,510.26,2,239.99,6519
11313,1728,setup_complete,0,1,29.99,6520
11314,1728,setup_complete,275.88,2,29.99,6520
11315,1728,setup_complete,532.71,3,29.99,6520
11319,1729,setup_complete,0,1,239.99,6522
11320,1729,setup_complete,194.96,2,239.99,6522
11321,1729,setup_complete,0,1,239.99,6523
11322,1729,setup_complete,205.95,2,239.99,6523
11323,1729,setup_complete,0,1,599.98,6524
11324,1729,setup_complete,0,1,239.99,6525
11325,1729,setup_complete,194.96,2,239.99,6525
11329,1729,setup_complete,0,1,29.99,6527
11330,1729,setup_complete,230.95,2,29.99,6527
11331,1729,setup_complete,503.92,3,29.99,6527
11332,1729,setup_complete,0,1,239.99,6528
11333,1729,setup_complete,194.96,2,239.99,6528
11334,1729,setup_complete,0,1,239.99,6529
11335,1729,setup_complete,205.95,2,239.99,6529
11336,1729,setup_complete,0,1,599.98,6530
11337,1729,setup_complete,0,1,29.99,6531
11338,1729,setup_complete,0,1,239.99,6532
11339,1729,setup_complete,488.95,2,239.99,6532
11340,1729,setup_complete,0,1,29.99,6533
11341,1729,setup_complete,261.55,2,29.99,6533
11342,1729,setup_complete,570.38,3,29.99,6533
11343,1730,setup_complete,0,1,29.99,6534
11344,1730,setup_complete,288.04,2,29.99,6534
11345,1730,setup_complete,579.33,3,29.99,6534
11346,1730,setup_complete,0,1,239.99,6535
11347,1730,setup_complete,265,2,239.99,6535
11348,1730,setup_complete,0,1,239.99,6536
11349,1730,setup_complete,512.83,2,239.99,6536
11350,1730,setup_complete,0,1,599.99,6537
11351,1730,setup_complete,0,1,29.99,6538
11352,1730,setup_complete,0,1,29.99,6539
11353,1730,setup_complete,227.03,2,29.99,6539
11354,1730,setup_complete,523.3,3,29.99,6539
11355,1730,setup_complete,0,1,599.98,6540
11359,1730,setup_complete,0,1,599.98,6542
11360,1731,setup_complete,0,1,29.99,6543
11361,1731,setup_complete,244.97,2,29.99,6543
11362,1731,setup_complete,441.05,3,29.99,6543
11363,1731,setup_complete,0,1,239.99,6544
11364,1731,setup_complete,441.31,2,239.99,6544
11365,1731,setup_complete,0,1,239.99,6545
11366,1731,setup_complete,422.14,2,239.99,6545
11367,1731,setup_complete,0,1,599.99,6546
11368,1731,setup_complete,0,1,29.99,6547
11369,1731,setup_complete,0,1,239.99,6548
11370,1731,setup_complete,497.92,2,239.99,6548
11371,1732,setup_complete,0,1,29.99,6549
11372,1732,setup_complete,206.86,2,29.99,6549
11373,1732,setup_complete,378.28,3,29.99,6549
11374,1732,setup_complete,0,1,239.99,6550
11375,1732,setup_complete,333.11,2,239.99,6550
11376,1732,setup_complete,0,1,599.99,6551
11377,1732,setup_complete,0,1,29.99,6552
11378,1732,setup_complete,0,1,239.99,6553
11379,1732,setup_complete,365.32,2,239.99,6553
11380,1732,setup_complete,0,1,29.99,6554
11381,1732,setup_complete,238.61,2,29.99,6554
11382,1733,setup_complete,0,1,29.99,6555
11383,1733,setup_complete,290.1,2,29.99,6555
11384,1733,setup_complete,582.31,3,29.99,6555
11385,1733,setup_complete,0,1,239.99,6556
11386,1733,setup_complete,374.57,2,239.99,6556
11387,1733,setup_complete,0,1,29.99,6557
11403,533,setup_complete,0,1,29.99,6573
11404,533,setup_complete,0,1,239.99,6574
11405,533,setup_complete,368.4,2,239.99,6574
11406,533,setup_complete,0,1,29.99,6575
11407,1736,setup_complete,0,1,29.99,6576
11408,1736,setup_complete,250.08,2,29.99,6576
11409,1736,setup_complete,428.87,3,29.99,6576
11410,1736,setup_complete,0,1,239.99,6577
11411,1736,setup_complete,519.82,2,239.99,6577
11412,1736,setup_complete,0,1,239.99,6578
11413,1736,setup_complete,420.89,2,239.99,6578
11414,1736,setup_complete,0,1,29.99,6579
11416,1736,setup_complete,0,1,599.99,6581
11417,1736,setup_complete,0,1,599.99,6582
11418,1737,setup_complete,0,1,29.99,6583
11419,1737,setup_complete,302.73,2,29.99,6583
11420,1737,setup_complete,589.46,3,29.99,6583
11421,1737,setup_complete,0,1,239.99,6584
11422,1737,setup_complete,535.45,2,239.99,6584
11423,1737,setup_complete,0,1,239.99,6585
11424,1737,setup_complete,390.12,2,239.99,6585
11425,1737,setup_complete,0,1,599.99,6586
11426,1737,setup_complete,0,1,29.99,6587
11427,1737,setup_complete,0,1,239.99,6588
11428,1737,setup_complete,434.98,2,239.99,6588
11429,1738,setup_complete,0,1,29.99,6589
11430,1738,setup_complete,316.13,2,29.99,6589
11431,1738,setup_complete,584.44,3,29.99,6589
11432,1739,setup_complete,0,1,29.99,6590
11433,1739,setup_complete,318.63,2,29.99,6590
11434,1739,setup_complete,509.56,3,29.99,6590
11435,1739,setup_complete,0,1,239.99,6591
11436,1739,setup_complete,240.04,2,239.99,6591
11437,1739,setup_complete,0,1,239.99,6592
11438,1739,setup_complete,561.8,2,239.99,6592
11439,1739,setup_complete,0,1,29.99,6593
11440,1739,setup_complete,0,1,599.99,6594
11441,1738,setup_complete,0,1,239.99,6595
11442,1738,setup_complete,406.39,2,239.99,6595
11443,1738,setup_complete,0,1,239.99,6596
11444,1738,setup_complete,485.16,2,239.99,6596
11445,1738,setup_complete,0,1,29.99,6597
11448,1741,setup_complete,0,1,29.99,6599
11449,1741,setup_complete,289.02,2,29.99,6599
11450,1741,setup_complete,576.9,3,29.99,6599
11453,1741,setup_complete,0,1,29.99,6601
11480,1744,setup_complete,0,1,29.99,6620
11481,1744,setup_complete,254.14,2,29.99,6620
11482,1744,setup_complete,549.36,3,29.99,6620
11483,1744,setup_complete,0,1,239.99,6621
11484,1744,setup_complete,401.24,2,239.99,6621
11485,1744,setup_complete,0,1,239.99,6622
11486,1744,setup_complete,240.04,2,239.99,6622
11487,1744,setup_complete,0,1,599.99,6623
11488,1744,setup_complete,0,1,29.99,6624
11489,1746,setup_complete,0,1,29.99,6625
11490,1746,setup_complete,282.92,2,29.99,6625
11491,1746,setup_complete,521.34,3,29.99,6625
11492,1746,setup_complete,0,1,239.99,6626
11493,1746,setup_complete,403.75,2,239.99,6626
11494,1746,setup_complete,0,1,239.99,6627
11495,1746,setup_complete,284.35,2,239.99,6627
11497,1746,setup_complete,0,1,29.99,6629
11498,1746,setup_complete,0,1,599.99,6630
11501,1747,setup_complete,0,1,29.99,6632
11502,1747,setup_complete,0,1,239.99,6633
11503,1747,setup_complete,406.22,2,239.99,6633
11504,1747,setup_complete,0,1,29.99,6634
11505,1747,setup_complete,295.21,2,29.99,6634
11506,1747,setup_complete,477.19,3,29.99,6634
11508,1747,setup_complete,0,1,29.99,6636
11509,1747,setup_complete,342,2,29.99,6636
11510,1747,setup_complete,528.66,3,29.99,6636
11511,1749,setup_complete,0,1,29.99,6637
11512,1749,setup_complete,0,1,239.99,6638
11513,1749,setup_complete,415.78,2,239.99,6638
11514,1749,setup_complete,0,1,239.99,6639
11515,1749,setup_complete,360.53,2,239.99,6639
11516,1749,setup_complete,0,1,29.99,6640
11517,1749,setup_complete,241.59,2,29.99,6640
11518,1749,setup_complete,535.57,3,29.99,6640
11519,1749,setup_complete,0,1,599.99,6641
11520,1750,setup_complete,0,1,29.99,6642
11521,1750,setup_complete,241.51,2,29.99,6642
11522,1750,setup_complete,429.03,3,29.99,6642
11523,1750,setup_complete,0,1,29.99,6643
11524,1750,setup_complete,0,1,239.99,6644
11525,1750,setup_complete,286.96,2,239.99,6644
11526,1750,setup_complete,0,1,239.99,6645
11527,1750,setup_complete,0,1,599.99,6646
11528,1750,setup_complete,0,1,599.99,6647
11530,1750,setup_complete,0,1,599.99,6649
11531,1751,setup_complete,0,1,29.99,6650
11532,1751,setup_complete,324.59,2,29.99,6650
11533,1751,setup_complete,591.73,3,29.99,6650
11534,1751,setup_complete,0,1,239.99,6651
11535,1751,setup_complete,334.07,2,239.99,6651
11536,1751,setup_complete,0,1,239.99,6652
11537,1751,setup_complete,351.94,2,239.99,6652
11538,1751,setup_complete,0,1,599.99,6653
11539,1751,setup_complete,0,1,29.99,6654
11540,1751,setup_complete,0,1,29.99,6655
11541,1751,setup_complete,252.2,2,29.99,6655
11542,1751,setup_complete,544.89,3,29.99,6655
11543,1752,setup_complete,0,1,29.99,6656
11544,1752,setup_complete,197.17,2,29.99,6656
11545,1752,setup_complete,417.07,3,29.99,6656
11546,1752,setup_complete,0,1,239.99,6657
11547,1752,setup_complete,437.84,2,239.99,6657
11548,1752,setup_complete,0,1,239.99,6658
11549,1752,setup_complete,506.96,2,239.99,6658
11550,1752,setup_complete,0,1,29.99,6659
11551,1753,setup_complete,0,1,29.99,6660
11552,1753,setup_complete,195.08,2,29.99,6660
11553,1753,setup_complete,469.65,3,29.99,6660
11554,1754,setup_complete,0,1,29.99,6661
11555,1754,setup_complete,195.08,2,29.99,6661
11556,1754,setup_complete,469.65,3,29.99,6661
11557,1755,setup_complete,0,1,29.99,6662
11558,1755,setup_complete,195.08,2,29.99,6662
11559,1755,setup_complete,469.65,3,29.99,6662
11560,1755,setup_complete,0,1,239.99,6663
11561,1755,setup_complete,435.51,2,239.99,6663
11562,1755,setup_complete,0,1,29.99,6664
11563,1755,setup_complete,0,1,239.99,6665
11564,1755,setup_complete,388.65,2,239.99,6665
11565,1755,setup_complete,0,1,599.99,6666
11566,1756,setup_complete,0,1,29.99,6667
11567,1756,setup_complete,247.35,2,29.99,6667
11568,1756,setup_complete,526.01,3,29.99,6667
11569,1756,setup_complete,0,1,239.99,6668
11570,1756,setup_complete,420.43,2,239.99,6668
11571,1756,setup_complete,0,1,239.99,6669
11572,1756,setup_complete,411.07,2,239.99,6669
11573,1756,setup_complete,0,1,29.99,6670
11574,1756,setup_complete,0,1,599.99,6671
11575,1756,setup_complete,0,1,29.99,6672
11576,1756,setup_complete,224.62,2,29.99,6672
11577,1756,setup_complete,477.83,3,29.99,6672
11578,1757,setup_complete,0,1,29.99,6673
11579,1757,setup_complete,349.52,2,29.99,6673
11580,1757,setup_complete,629.23,3,29.99,6673
11581,1757,setup_complete,0,1,239.99,6674
11582,1757,setup_complete,258.27,2,239.99,6674
11583,1757,setup_complete,0,1,29.99,6675
11584,1757,setup_complete,0,1,239.99,6676
11585,1757,setup_complete,411.47,2,239.99,6676
11586,1757,setup_complete,0,1,599.99,6677
11587,1758,setup_complete,0,1,29.99,6678
11588,1758,setup_complete,311.18,2,29.99,6678
11589,1758,setup_complete,630.08,3,29.99,6678
11590,1758,setup_complete,0,1,239.99,6679
11591,1758,setup_complete,594.05,2,239.99,6679
11592,1758,setup_complete,0,1,239.99,6680
11593,1758,setup_complete,267.21,2,239.99,6680
11594,1758,setup_complete,0,1,29.99,6681
11596,1758,setup_complete,0,1,599.99,6683
11597,1758,setup_complete,0,1,239.99,6684
11598,1758,setup_complete,594.05,2,239.99,6684
11599,1758,setup_complete,0,1,239.99,6685
11600,1758,setup_complete,594.05,2,239.99,6685
11601,1758,setup_complete,0,1,239.99,6686
11602,1758,setup_complete,594.05,2,239.99,6686
11603,1759,setup_complete,0,1,29.99,6687
11604,1759,setup_complete,180.43,2,29.99,6687
11605,1759,setup_complete,406.56,3,29.99,6687
11606,1759,setup_complete,0,1,239.99,6688
11607,1759,setup_complete,253.64,2,239.99,6688
11608,1759,setup_complete,0,1,239.99,6689
11609,1759,setup_complete,500.59,2,239.99,6689
11610,1759,setup_complete,0,1,599.98,6690
11611,1760,setup_complete,0,1,29.99,6691
11612,1760,setup_complete,257.82,2,29.99,6691
11613,1760,setup_complete,539.23,3,29.99,6691
11614,1760,setup_complete,0,1,239.99,6692
11615,1760,setup_complete,502.79,2,239.99,6692
11616,1760,setup_complete,0,1,239.99,6693
11617,1760,setup_complete,283.52,2,239.99,6693
11618,1760,setup_complete,0,1,29.99,6694
11619,1760,setup_complete,0,1,599.99,6695
11620,1760,setup_complete,0,1,29.99,6696
11621,1760,setup_complete,186.88,2,29.99,6696
11622,1760,setup_complete,474.65,3,29.99,6696
11623,1761,setup_complete,0,1,29.99,6697
11624,1761,setup_complete,192.42,2,29.99,6697
11625,1761,setup_complete,413.16,3,29.99,6697
11626,1761,setup_complete,0,1,239.99,6698
11627,1761,setup_complete,406.32,2,239.99,6698
11628,1761,setup_complete,0,1,29.99,6699
11629,1761,setup_complete,0,1,599.98,6700
11630,1762,setup_complete,0,1,29.99,6701
11631,1762,setup_complete,246.62,2,29.99,6701
11632,1762,setup_complete,527.58,3,29.99,6701
11633,1762,setup_complete,0,1,239.99,6702
11634,1762,setup_complete,263.55,2,239.99,6702
11635,1762,setup_complete,0,1,29.99,6703
11636,1762,setup_complete,0,1,599.99,6704
11637,1762,setup_complete,0,1,239.99,6705
11638,1762,setup_complete,225.84,2,239.99,6705
11639,1762,setup_complete,0,1,599.99,6706
11640,1763,setup_complete,0,1,29.99,6707
11641,1763,setup_complete,0,1,239.99,6708
11642,1763,setup_complete,263.55,2,239.99,6708
11643,1763,setup_complete,0,1,29.99,6709
11644,1763,setup_complete,246.62,2,29.99,6709
11645,1763,setup_complete,527.58,3,29.99,6709
11646,1763,setup_complete,0,1,599.99,6710
11647,1763,setup_complete,0,1,239.99,6711
11648,1763,setup_complete,225.84,2,239.99,6711
11649,1763,setup_complete,0,1,599.99,6712
11650,1764,setup_complete,0,1,29.99,6713
11651,1764,setup_complete,298.96,2,29.99,6713
11652,1764,setup_complete,521.59,3,29.99,6713
11653,1764,setup_complete,0,1,599.99,6714
11654,1764,setup_complete,0,1,29.99,6715
11655,1764,setup_complete,0,1,239.99,6716
11656,1764,setup_complete,300.02,2,239.99,6716
11661,1764,setup_complete,0,1,239.99,6719
11662,1764,setup_complete,505.97,2,239.99,6719
11663,1764,setup_complete,0,1,29.99,6720
11664,1764,setup_complete,253.55,2,29.99,6720
11665,1764,setup_complete,576.69,3,29.99,6720
11666,1765,setup_complete,0,1,29.99,6721
11667,1765,setup_complete,301.1,2,29.99,6721
11668,1765,setup_complete,579.67,3,29.99,6721
11669,1765,setup_complete,0,1,239.99,6722
11670,1765,setup_complete,419.93,2,239.99,6722
11671,1765,setup_complete,0,1,239.99,6723
11672,1765,setup_complete,395.12,2,239.99,6723
11673,1765,setup_complete,0,1,29.99,6724
11674,1765,setup_complete,0,1,599.98,6725
11675,1765,setup_complete,0,1,599.99,6726
11676,1766,setup_complete,0,1,29.99,6727
11677,1766,setup_complete,260.3,2,29.99,6727
11678,1766,setup_complete,553.08,3,29.99,6727
11679,1766,setup_complete,0,1,599.99,6728
11680,1766,setup_complete,0,1,239.99,6729
11681,1766,setup_complete,270.7,2,239.99,6729
11683,1766,setup_complete,0,1,29.99,6731
11684,1766,setup_complete,0,1,239.99,6732
11685,1766,setup_complete,398.22,2,239.99,6732
11686,1766,setup_complete,0,1,29.99,6733
11687,1766,setup_complete,303.03,2,29.99,6733
11688,1766,setup_complete,597.94,3,29.99,6733
11689,1767,setup_complete,0,1,29.99,6734
11690,1767,setup_complete,272.78,2,29.99,6734
11691,1767,setup_complete,581.49,3,29.99,6734
11692,1767,setup_complete,0,1,239.99,6735
11693,1767,setup_complete,266.92,2,239.99,6735
11694,1767,setup_complete,0,1,29.99,6736
11695,1767,setup_complete,0,1,239.99,6737
11696,1767,setup_complete,373.98,2,239.99,6737
11697,1767,setup_complete,0,1,599.99,6738
11722,1767,setup_complete,0,1,29.99,6767
11723,1767,setup_complete,309.56,2,29.99,6767
11724,1767,setup_complete,518.27,3,29.99,6767
11788,1833,setup_complete,0,1,599.99,6833
11789,1833,setup_complete,0,1,29.99,6834
11790,1833,setup_complete,251.98,2,29.99,6834
11791,1833,setup_complete,471.52,3,29.99,6834
11793,1833,setup_complete,0,1,29.99,6836
11825,1833,setup_complete,0,1,239.99,6868
11826,1833,setup_complete,520.67,2,239.99,6868
11858,1833,setup_complete,0,1,239.99,6901
11859,1833,setup_complete,485.45,2,239.99,6901
11891,1866,setup_complete,0,1,29.99,6934
11892,1866,setup_complete,188.13,2,29.99,6934
11893,1866,setup_complete,369.47,3,29.99,6934
11894,1866,setup_complete,0,1,239.99,6935
11895,1866,setup_complete,254.4,2,239.99,6935
11896,1866,setup_complete,0,1,239.99,6936
11897,1866,setup_complete,417.32,2,239.99,6936
11898,1866,setup_complete,0,1,599.99,6937
11899,1866,setup_complete,0,1,29.99,6938
11933,1903,setup_complete,0,1,29.99,6970
11934,1903,setup_complete,194.47,2,29.99,6970
11935,1903,setup_complete,511.58,3,29.99,6970
11936,1903,setup_complete,0,1,239.99,6971
11937,1903,setup_complete,412.59,2,239.99,6971
11938,1903,setup_complete,0,1,239.99,6972
11939,1903,setup_complete,434.23,2,239.99,6972
11940,1903,setup_complete,0,1,599.99,6973
11941,1903,setup_complete,0,1,29.99,6974
11960,1903,setup_complete,0,1,29.99,7001
11961,1903,setup_complete,154.02,2,29.99,7001
11962,1903,setup_complete,510.33,3,29.99,7001